--- Configuración Actual ---
Paso: 0.200000
Gamma: 0.000000
Parada: 0.100000
Iteraciones: 100000
CapasDesde: 2
CapasHasta: 5
Repeticiones: 1
Intervalo: 10000
Batch: 100
MultiplicadorProfunda: 0.700000
Tarjeta: NVIDIA GeForce RTX 3090 Ti
----------------------------
Dimensiones Datos
trainx: 2x1600 
trainy: 1x1600 
test_x: 2x400 


--- Test Angosta 2.0 ---
Iteración 10000
Costo: 0.081376
Iteración 20000
Costo: 0.081244
Iteración 30000
Costo: 0.081160
Iteración 40000
Costo: 0.081095
Iteración 50000
Costo: 0.081036
Iteración 60000
Costo: 0.080959
Iteración 70000
Costo: 0.080607
Iteración 80000
Costo: 0.061814
Iteración 90000
Costo: 0.025180

Arquitectura: _2_6_1_
Semilla: 1788102274
Segundos: 49
NIteraciones: 100000

Costo_train: 0.014382
Precision_train: 0.992500
Recall_train: 0.996236
F1_train: 0.994364

Costo_test: 0.014438
Precision_test: 0.990148
Recall_test: 0.990148
F1_test: 0.990148
 

Arquitectura: _2_6_1_
Semilla: 1788102274
Segundos: 49
NIteraciones: 100000

Costo_train: 0.080891
Precision_train: 0.879245
Recall_train: 0.877039
F1_train: 0.878141

Costo_test: 0.077135
Precision_test: 0.879227
Recall_test: 0.896552
F1_test: 0.887805
 

Arquitectura: _2_6_1_
Semilla: 1788102274
Segundos: 49
NIteraciones: 100000

Costo_train: 0.080914
Precision_train: 0.879245
Recall_train: 0.877039
F1_train: 0.878141

Costo_test: 0.077180
Precision_test: 0.879227
Recall_test: 0.896552
F1_test: 0.887805
 

Arquitectura: _2_6_1_
Semilla: 1788102274
Segundos: 49
NIteraciones: 100000

Costo_train: 0.080876
Precision_train: 0.879093
Recall_train: 0.875784
F1_train: 0.877436

Costo_test: 0.077120
Precision_test: 0.879227
Recall_test: 0.896552
F1_test: 0.887805
 

Arquitectura: _2_6_1_
Semilla: 1788102274
Segundos: 49
NIteraciones: 100000

Costo_train: 0.080887
Precision_train: 0.879093
Recall_train: 0.875784
F1_train: 0.877436

Costo_test: 0.077125
Precision_test: 0.879227
Recall_test: 0.896552
F1_test: 0.887805
 

Arquitectura: _2_6_1_
Semilla: 1788102274
Segundos: 49
NIteraciones: 100000

Costo_train: 0.002472
Precision_train: 0.997497
Recall_train: 1.000000
F1_train: 0.998747

Costo_test: 0.002390
Precision_test: 1.000000
Recall_test: 1.000000
F1_test: 1.000000
 

Arquitectura: _2_6_1_
Semilla: 1788102274
Segundos: 49
NIteraciones: 100000

Costo_train: 0.080915
Precision_train: 0.879245
Recall_train: 0.877039
F1_train: 0.878141

Costo_test: 0.077177
Precision_test: 0.879227
Recall_test: 0.896552
F1_test: 0.887805
 

Arquitectura: _2_6_1_
Semilla: 1788102274
Segundos: 49
NIteraciones: 100000

Costo_train: 0.080895
Precision_train: 0.879245
Recall_train: 0.877039
F1_train: 0.878141

Costo_test: 0.077163
Precision_test: 0.879227
Recall_test: 0.896552
F1_test: 0.887805
 

Arquitectura: _2_6_1_
Semilla: 1788102274
Segundos: 49
NIteraciones: 100000

Costo_train: 0.003718
Precision_train: 0.997497
Recall_train: 1.000000
F1_train: 0.998747

Costo_test: 0.003674
Precision_test: 1.000000
Recall_test: 0.995074
F1_test: 0.997531
 

Arquitectura: _2_6_1_
Semilla: 1788102274
Segundos: 49
NIteraciones: 100000

Costo_train: 0.005021
Precision_train: 0.997497
Recall_train: 1.000000
F1_train: 0.998747

Costo_test: 0.004929
Precision_test: 1.000000
Recall_test: 0.995074
F1_test: 0.997531
 

Arquitectura: _2_6_1_
Semilla: 1788102274
Segundos: 49
NIteraciones: 100000

Costo_train: 0.004406
Precision_train: 0.997497
Recall_train: 1.000000
F1_train: 0.998747

Costo_test: 0.004378
Precision_test: 1.000000
Recall_test: 0.995074
F1_test: 0.997531
 

Arquitectura: _2_6_1_
Semilla: 1788102274
Segundos: 49
NIteraciones: 100000

Costo_train: 0.080932
Precision_train: 0.879245
Recall_train: 0.877039
F1_train: 0.878141

Costo_test: 0.077205
Precision_test: 0.879227
Recall_test: 0.896552
F1_test: 0.887805
 

Arquitectura: _2_6_1_
Semilla: 1788102274
Segundos: 49
NIteraciones: 100000

Costo_train: 0.003805
Precision_train: 0.997497
Recall_train: 1.000000
F1_train: 0.998747

Costo_test: 0.003741
Precision_test: 1.000000
Recall_test: 0.995074
F1_test: 0.997531
 

Arquitectura: _2_6_1_
Semilla: 1788102274
Segundos: 49
NIteraciones: 100000

Costo_train: 0.080879
Precision_train: 0.879093
Recall_train: 0.875784
F1_train: 0.877436

Costo_test: 0.077109
Precision_test: 0.879227
Recall_test: 0.896552
F1_test: 0.887805
 

Arquitectura: _2_6_1_
Semilla: 1788102274
Segundos: 49
NIteraciones: 100000

Costo_train: 0.003040
Precision_train: 0.997497
Recall_train: 1.000000
F1_train: 0.998747

Costo_test: 0.003014
Precision_test: 1.000000
Recall_test: 1.000000
F1_test: 1.000000
 

Arquitectura: _2_6_1_
Semilla: 1788102274
Segundos: 49
NIteraciones: 100000

Costo_train: 0.003411
Precision_train: 0.997497
Recall_train: 1.000000
F1_train: 0.998747

Costo_test: 0.003413
Precision_test: 1.000000
Recall_test: 1.000000
F1_test: 1.000000
 

Arquitectura: _2_6_1_
Semilla: 1788102274
Segundos: 49
NIteraciones: 100000

Costo_train: 0.080885
Precision_train: 0.879245
Recall_train: 0.877039
F1_train: 0.878141

Costo_test: 0.077147
Precision_test: 0.879227
Recall_test: 0.896552
F1_test: 0.887805
 

Arquitectura: _2_6_1_
Semilla: 1788102274
Segundos: 49
NIteraciones: 100000

Costo_train: 0.080882
Precision_train: 0.879245
Recall_train: 0.877039
F1_train: 0.878141

Costo_test: 0.077165
Precision_test: 0.879227
Recall_test: 0.896552
F1_test: 0.887805
 

Arquitectura: _2_6_1_
Semilla: 1788102274
Segundos: 49
NIteraciones: 100000

Costo_train: 0.080884
Precision_train: 0.879245
Recall_train: 0.877039
F1_train: 0.878141

Costo_test: 0.077159
Precision_test: 0.879227
Recall_test: 0.896552
F1_test: 0.887805
 

Arquitectura: _2_6_1_
Semilla: 1788102274
Segundos: 49
NIteraciones: 100000

Costo_train: 0.003220
Precision_train: 0.997497
Recall_train: 1.000000
F1_train: 0.998747

Costo_test: 0.003209
Precision_test: 1.000000
Recall_test: 1.000000
F1_test: 1.000000
 

Arquitectura: _2_6_1_
Semilla: 1788102274
Segundos: 49
NIteraciones: 100000

Costo_train: 0.080868
Precision_train: 0.878941
Recall_train: 0.874529
F1_train: 0.876730

Costo_test: 0.077081
Precision_test: 0.879227
Recall_test: 0.896552
F1_test: 0.887805
 

Arquitectura: _2_6_1_
Semilla: 1788102274
Segundos: 49
NIteraciones: 100000

Costo_train: 0.080909
Precision_train: 0.879245
Recall_train: 0.877039
F1_train: 0.878141

Costo_test: 0.077173
Precision_test: 0.879227
Recall_test: 0.896552
F1_test: 0.887805
 

Arquitectura: _2_6_1_
Semilla: 1788102274
Segundos: 49
NIteraciones: 100000

Costo_train: 0.080892
Precision_train: 0.879093
Recall_train: 0.875784
F1_train: 0.877436

Costo_test: 0.077125
Precision_test: 0.879227
Recall_test: 0.896552
F1_test: 0.887805
 

Arquitectura: _2_6_1_
Semilla: 1788102274
Segundos: 49
NIteraciones: 100000

Costo_train: 0.003489
Precision_train: 0.997497
Recall_train: 1.000000
F1_train: 0.998747

Costo_test: 0.003426
Precision_test: 1.000000
Recall_test: 1.000000
F1_test: 1.000000
 

Arquitectura: _2_6_1_
Semilla: 1788102274
Segundos: 49
NIteraciones: 100000

Costo_train: 0.005172
Precision_train: 0.997497
Recall_train: 1.000000
F1_train: 0.998747

Costo_test: 0.005277
Precision_test: 1.000000
Recall_test: 0.995074
F1_test: 0.997531
 

Arquitectura: _2_6_1_
Semilla: 1788102274
Segundos: 49
NIteraciones: 100000

Costo_train: 0.080884
Precision_train: 0.879093
Recall_train: 0.875784
F1_train: 0.877436

Costo_test: 0.077110
Precision_test: 0.879227
Recall_test: 0.896552
F1_test: 0.887805
 

Arquitectura: _2_6_1_
Semilla: 1788102274
Segundos: 49
NIteraciones: 100000

Costo_train: 0.080889
Precision_train: 0.879093
Recall_train: 0.875784
F1_train: 0.877436

Costo_test: 0.077121
Precision_test: 0.879227
Recall_test: 0.896552
F1_test: 0.887805
 

Arquitectura: _2_6_1_
Semilla: 1788102274
Segundos: 49
NIteraciones: 100000

Costo_train: 0.004941
Precision_train: 0.997497
Recall_train: 1.000000
F1_train: 0.998747

Costo_test: 0.004796
Precision_test: 1.000000
Recall_test: 0.995074
F1_test: 0.997531
 

Arquitectura: _2_6_1_
Semilla: 1788102274
Segundos: 49
NIteraciones: 100000

Costo_train: 0.080893
Precision_train: 0.879245
Recall_train: 0.877039
F1_train: 0.878141

Costo_test: 0.077178
Precision_test: 0.875000
Recall_test: 0.896552
F1_test: 0.885645
 

Arquitectura: _2_6_1_
Semilla: 1788102274
Segundos: 49
NIteraciones: 100000

Costo_train: 0.020674
Precision_train: 0.988764
Recall_train: 0.993726
F1_train: 0.991239

Costo_test: 0.020080
Precision_test: 0.985294
Recall_test: 0.990148
F1_test: 0.987715
 

Arquitectura: _2_6_1_
Semilla: 1788102274
Segundos: 49
NIteraciones: 100000

Costo_train: 0.005982
Precision_train: 0.997497
Recall_train: 1.000000
F1_train: 0.998747

Costo_test: 0.005864
Precision_test: 0.995074
Recall_test: 0.995074
F1_test: 0.995074
 

Arquitectura: _2_6_1_
Semilla: 1788102274
Segundos: 49
NIteraciones: 100000

Costo_train: 0.080905
Precision_train: 0.879245
Recall_train: 0.877039
F1_train: 0.878141

Costo_test: 0.077158
Precision_test: 0.879227
Recall_test: 0.896552
F1_test: 0.887805
 

Arquitectura: _2_6_1_
Semilla: 1788102274
Segundos: 49
NIteraciones: 100000

Costo_train: 0.080852
Precision_train: 0.879093
Recall_train: 0.875784
F1_train: 0.877436

Costo_test: 0.077104
Precision_test: 0.879227
Recall_test: 0.896552
F1_test: 0.887805
 

Arquitectura: _2_6_1_
Semilla: 1788102274
Segundos: 49
NIteraciones: 100000

Costo_train: 0.007126
Precision_train: 0.997497
Recall_train: 1.000000
F1_train: 0.998747

Costo_test: 0.006860
Precision_test: 0.995074
Recall_test: 0.995074
F1_test: 0.995074
 

Arquitectura: _2_6_1_
Semilla: 1788102274
Segundos: 49
NIteraciones: 100000

Costo_train: 0.003969
Precision_train: 0.997497
Recall_train: 1.000000
F1_train: 0.998747

Costo_test: 0.003893
Precision_test: 1.000000
Recall_test: 0.995074
F1_test: 0.997531
 

Arquitectura: _2_6_1_
Semilla: 1788102274
Segundos: 49
NIteraciones: 100000

Costo_train: 0.080880
Precision_train: 0.879093
Recall_train: 0.875784
F1_train: 0.877436

Costo_test: 0.077129
Precision_test: 0.879227
Recall_test: 0.896552
F1_test: 0.887805
 

Arquitectura: _2_6_1_
Semilla: 1788102274
Segundos: 49
NIteraciones: 100000

Costo_train: 0.004683
Precision_train: 0.997497
Recall_train: 1.000000
F1_train: 0.998747

Costo_test: 0.004696
Precision_test: 1.000000
Recall_test: 0.995074
F1_test: 0.997531
 

Arquitectura: _2_6_1_
Semilla: 1788102274
Segundos: 49
NIteraciones: 100000

Costo_train: 0.004675
Precision_train: 0.997497
Recall_train: 1.000000
F1_train: 0.998747

Costo_test: 0.004605
Precision_test: 1.000000
Recall_test: 0.995074
F1_test: 0.997531
 

Arquitectura: _2_6_1_
Semilla: 1788102274
Segundos: 49
NIteraciones: 100000

Costo_train: 0.080864
Precision_train: 0.879245
Recall_train: 0.877039
F1_train: 0.878141

Costo_test: 0.077120
Precision_test: 0.879227
Recall_test: 0.896552
F1_test: 0.887805
 

Arquitectura: _2_6_1_
Semilla: 1788102274
Segundos: 49
NIteraciones: 100000

Costo_train: 0.003623
Precision_train: 0.997497
Recall_train: 1.000000
F1_train: 0.998747

Costo_test: 0.003580
Precision_test: 1.000000
Recall_test: 1.000000
F1_test: 1.000000
 

Arquitectura: _2_6_1_
Semilla: 1788102274
Segundos: 49
NIteraciones: 100000

Costo_train: 0.002527
Precision_train: 0.997497
Recall_train: 1.000000
F1_train: 0.998747

Costo_test: 0.002458
Precision_test: 1.000000
Recall_test: 1.000000
F1_test: 1.000000
 

Arquitectura: _2_6_1_
Semilla: 1788102274
Segundos: 49
NIteraciones: 100000

Costo_train: 0.003685
Precision_train: 0.997497
Recall_train: 1.000000
F1_train: 0.998747

Costo_test: 0.003702
Precision_test: 1.000000
Recall_test: 1.000000
F1_test: 1.000000
 

Arquitectura: _2_6_1_
Semilla: 1788102274
Segundos: 49
NIteraciones: 100000

Costo_train: 0.006049
Precision_train: 0.997497
Recall_train: 1.000000
F1_train: 0.998747

Costo_test: 0.005886
Precision_test: 1.000000
Recall_test: 0.995074
F1_test: 0.997531
 

Arquitectura: _2_6_1_
Semilla: 1788102274
Segundos: 49
NIteraciones: 100000

Costo_train: 0.002889
Precision_train: 0.997497
Recall_train: 1.000000
F1_train: 0.998747

Costo_test: 0.002769
Precision_test: 1.000000
Recall_test: 1.000000
F1_test: 1.000000
 

Arquitectura: _2_6_1_
Semilla: 1788102274
Segundos: 49
NIteraciones: 100000

Costo_train: 0.080907
Precision_train: 0.879245
Recall_train: 0.877039
F1_train: 0.878141

Costo_test: 0.077206
Precision_test: 0.875000
Recall_test: 0.896552
F1_test: 0.885645
 

Arquitectura: _2_6_1_
Semilla: 1788102274
Segundos: 49
NIteraciones: 100000

Costo_train: 0.003329
Precision_train: 0.997497
Recall_train: 1.000000
F1_train: 0.998747

Costo_test: 0.003287
Precision_test: 1.000000
Recall_test: 1.000000
F1_test: 1.000000
 

Arquitectura: _2_6_1_
Semilla: 1788102274
Segundos: 49
NIteraciones: 100000

Costo_train: 0.080891
Precision_train: 0.879245
Recall_train: 0.877039
F1_train: 0.878141

Costo_test: 0.077163
Precision_test: 0.879227
Recall_test: 0.896552
F1_test: 0.887805
 

Arquitectura: _2_6_1_
Semilla: 1788102274
Segundos: 49
NIteraciones: 100000

Costo_train: 0.003974
Precision_train: 0.997497
Recall_train: 1.000000
F1_train: 0.998747

Costo_test: 0.003929
Precision_test: 1.000000
Recall_test: 0.995074
F1_test: 0.997531
 

Arquitectura: _2_6_1_
Semilla: 1788102274
Segundos: 49
NIteraciones: 100000

Costo_train: 0.080884
Precision_train: 0.879245
Recall_train: 0.877039
F1_train: 0.878141

Costo_test: 0.077163
Precision_test: 0.879227
Recall_test: 0.896552
F1_test: 0.887805
 

Arquitectura: _2_6_1_
Semilla: 1788102274
Segundos: 49
NIteraciones: 100000

Costo_train: 0.080887
Precision_train: 0.879245
Recall_train: 0.877039
F1_train: 0.878141

Costo_test: 0.077174
Precision_test: 0.879227
Recall_test: 0.896552
F1_test: 0.887805
 

Arquitectura: _2_6_1_
Semilla: 1788102274
Segundos: 49
NIteraciones: 100000

Costo_train: 0.035521
Precision_train: 0.968314
Recall_train: 0.958595
F1_train: 0.963430

Costo_test: 0.033358
Precision_test: 0.970443
Recall_test: 0.970443
F1_test: 0.970443
 

Arquitectura: _2_6_1_
Semilla: 1788102274
Segundos: 49
NIteraciones: 100000

Costo_train: 0.080895
Precision_train: 0.879093
Recall_train: 0.875784
F1_train: 0.877436

Costo_test: 0.077140
Precision_test: 0.879227
Recall_test: 0.896552
F1_test: 0.887805
 

Arquitectura: _2_6_1_
Semilla: 1788102274
Segundos: 49
NIteraciones: 100000

Costo_train: 0.080875
Precision_train: 0.879245
Recall_train: 0.877039
F1_train: 0.878141

Costo_test: 0.077135
Precision_test: 0.879227
Recall_test: 0.896552
F1_test: 0.887805
 

Arquitectura: _2_6_1_
Semilla: 1788102274
Segundos: 49
NIteraciones: 100000

Costo_train: 0.004912
Precision_train: 0.997497
Recall_train: 1.000000
F1_train: 0.998747

Costo_test: 0.005178
Precision_test: 1.000000
Recall_test: 0.995074
F1_test: 0.997531
 

Arquitectura: _2_6_1_
Semilla: 1788102274
Segundos: 49
NIteraciones: 100000

Costo_train: 0.080897
Precision_train: 0.879093
Recall_train: 0.875784
F1_train: 0.877436

Costo_test: 0.077140
Precision_test: 0.879227
Recall_test: 0.896552
F1_test: 0.887805
 

Arquitectura: _2_6_1_
Semilla: 1788102274
Segundos: 49
NIteraciones: 100000

Costo_train: 0.080856
Precision_train: 0.879245
Recall_train: 0.877039
F1_train: 0.878141

Costo_test: 0.077112
Precision_test: 0.879227
Recall_test: 0.896552
F1_test: 0.887805
 

Arquitectura: _2_6_1_
Semilla: 1788102274
Segundos: 49
NIteraciones: 100000

Costo_train: 0.003002
Precision_train: 0.997497
Recall_train: 1.000000
F1_train: 0.998747

Costo_test: 0.002922
Precision_test: 1.000000
Recall_test: 1.000000
F1_test: 1.000000
 

Arquitectura: _2_6_1_
Semilla: 1788102274
Segundos: 49
NIteraciones: 100000

Costo_train: 0.003568
Precision_train: 0.997497
Recall_train: 1.000000
F1_train: 0.998747

Costo_test: 0.003622
Precision_test: 1.000000
Recall_test: 1.000000
F1_test: 1.000000
 

Arquitectura: _2_6_1_
Semilla: 1788102274
Segundos: 49
NIteraciones: 100000

Costo_train: 0.080880
Precision_train: 0.879245
Recall_train: 0.877039
F1_train: 0.878141

Costo_test: 0.077174
Precision_test: 0.875000
Recall_test: 0.896552
F1_test: 0.885645
 

Arquitectura: _2_6_1_
Semilla: 1788102274
Segundos: 49
NIteraciones: 100000

Costo_train: 0.003845
Precision_train: 0.997497
Recall_train: 1.000000
F1_train: 0.998747

Costo_test: 0.003813
Precision_test: 1.000000
Recall_test: 1.000000
F1_test: 1.000000
 

Arquitectura: _2_6_1_
Semilla: 1788102274
Segundos: 49
NIteraciones: 100000

Costo_train: 0.080889
Precision_train: 0.879093
Recall_train: 0.875784
F1_train: 0.877436

Costo_test: 0.077143
Precision_test: 0.879227
Recall_test: 0.896552
F1_test: 0.887805
 

Arquitectura: _2_6_1_
Semilla: 1788102274
Segundos: 49
NIteraciones: 100000

Costo_train: 0.004317
Precision_train: 0.997497
Recall_train: 1.000000
F1_train: 0.998747

Costo_test: 0.004263
Precision_test: 1.000000
Recall_test: 0.995074
F1_test: 0.997531
 

Arquitectura: _2_6_1_
Semilla: 1788102274
Segundos: 49
NIteraciones: 100000

Costo_train: 0.080875
Precision_train: 0.879245
Recall_train: 0.877039
F1_train: 0.878141

Costo_test: 0.077174
Precision_test: 0.875000
Recall_test: 0.896552
F1_test: 0.885645
 

Arquitectura: _2_6_1_
Semilla: 1788102274
Segundos: 49
NIteraciones: 100000

Costo_train: 0.005053
Precision_train: 0.997497
Recall_train: 1.000000
F1_train: 0.998747

Costo_test: 0.004945
Precision_test: 1.000000
Recall_test: 0.995074
F1_test: 0.997531
 

Arquitectura: _2_6_1_
Semilla: 1788102274
Segundos: 49
NIteraciones: 100000

Costo_train: 0.002737
Precision_train: 0.997497
Recall_train: 1.000000
F1_train: 0.998747

Costo_test: 0.002655
Precision_test: 1.000000
Recall_test: 1.000000
F1_test: 1.000000
 

Arquitectura: _2_6_1_
Semilla: 1788102274
Segundos: 49
NIteraciones: 100000

Costo_train: 0.080916
Precision_train: 0.879245
Recall_train: 0.877039
F1_train: 0.878141

Costo_test: 0.077156
Precision_test: 0.879227
Recall_test: 0.896552
F1_test: 0.887805
 

Arquitectura: _2_6_1_
Semilla: 1788102274
Segundos: 49
NIteraciones: 100000

Costo_train: 0.003635
Precision_train: 0.997497
Recall_train: 1.000000
F1_train: 0.998747

Costo_test: 0.003585
Precision_test: 1.000000
Recall_test: 0.995074
F1_test: 0.997531
 

Arquitectura: _2_6_1_
Semilla: 1788102274
Segundos: 49
NIteraciones: 100000

Costo_train: 0.002924
Precision_train: 0.997497
Recall_train: 1.000000
F1_train: 0.998747

Costo_test: 0.002871
Precision_test: 1.000000
Recall_test: 1.000000
F1_test: 1.000000
 

Arquitectura: _2_6_1_
Semilla: 1788102274
Segundos: 49
NIteraciones: 100000

Costo_train: 0.002617
Precision_train: 0.997497
Recall_train: 1.000000
F1_train: 0.998747

Costo_test: 0.002576
Precision_test: 1.000000
Recall_test: 1.000000
F1_test: 1.000000
 

Arquitectura: _2_6_1_
Semilla: 1788102274
Segundos: 49
NIteraciones: 100000

Costo_train: 0.080883
Precision_train: 0.879093
Recall_train: 0.875784
F1_train: 0.877436

Costo_test: 0.077112
Precision_test: 0.879227
Recall_test: 0.896552
F1_test: 0.887805
 

Arquitectura: _2_6_1_
Semilla: 1788102274
Segundos: 49
NIteraciones: 100000

Costo_train: 0.080893
Precision_train: 0.879093
Recall_train: 0.875784
F1_train: 0.877436

Costo_test: 0.077122
Precision_test: 0.879227
Recall_test: 0.896552
F1_test: 0.887805
 

Arquitectura: _2_6_1_
Semilla: 1788102274
Segundos: 49
NIteraciones: 100000

Costo_train: 0.080886
Precision_train: 0.879093
Recall_train: 0.875784
F1_train: 0.877436

Costo_test: 0.077125
Precision_test: 0.879227
Recall_test: 0.896552
F1_test: 0.887805
 

Arquitectura: _2_6_1_
Semilla: 1788102274
Segundos: 49
NIteraciones: 100000

Costo_train: 0.080881
Precision_train: 0.879245
Recall_train: 0.877039
F1_train: 0.878141

Costo_test: 0.077173
Precision_test: 0.875000
Recall_test: 0.896552
F1_test: 0.885645
 

Arquitectura: _2_6_1_
Semilla: 1788102274
Segundos: 49
NIteraciones: 100000

Costo_train: 0.005032
Precision_train: 0.997497
Recall_train: 1.000000
F1_train: 0.998747

Costo_test: 0.004955
Precision_test: 1.000000
Recall_test: 0.995074
F1_test: 0.997531
 

Arquitectura: _2_6_1_
Semilla: 1788102274
Segundos: 49
NIteraciones: 100000

Costo_train: 0.080874
Precision_train: 0.879245
Recall_train: 0.877039
F1_train: 0.878141

Costo_test: 0.077137
Precision_test: 0.879227
Recall_test: 0.896552
F1_test: 0.887805
 

Arquitectura: _2_6_1_
Semilla: 1788102274
Segundos: 49
NIteraciones: 100000

Costo_train: 0.080916
Precision_train: 0.879245
Recall_train: 0.877039
F1_train: 0.878141

Costo_test: 0.077187
Precision_test: 0.879227
Recall_test: 0.896552
F1_test: 0.887805
 

Arquitectura: _2_6_1_
Semilla: 1788102274
Segundos: 49
NIteraciones: 100000

Costo_train: 0.003517
Precision_train: 0.997497
Recall_train: 1.000000
F1_train: 0.998747

Costo_test: 0.003701
Precision_test: 1.000000
Recall_test: 0.995074
F1_test: 0.997531
 

Arquitectura: _2_6_1_
Semilla: 1788102274
Segundos: 49
NIteraciones: 100000

Costo_train: 0.080897
Precision_train: 0.879245
Recall_train: 0.877039
F1_train: 0.878141

Costo_test: 0.077162
Precision_test: 0.879227
Recall_test: 0.896552
F1_test: 0.887805
 

Arquitectura: _2_6_1_
Semilla: 1788102274
Segundos: 49
NIteraciones: 100000

Costo_train: 0.080880
Precision_train: 0.879245
Recall_train: 0.877039
F1_train: 0.878141

Costo_test: 0.077135
Precision_test: 0.879227
Recall_test: 0.896552
F1_test: 0.887805
 

Arquitectura: _2_6_1_
Semilla: 1788102274
Segundos: 49
NIteraciones: 100000

Costo_train: 0.003441
Precision_train: 0.997497
Recall_train: 1.000000
F1_train: 0.998747

Costo_test: 0.003419
Precision_test: 1.000000
Recall_test: 1.000000
F1_test: 1.000000
 

Arquitectura: _2_6_1_
Semilla: 1788102274
Segundos: 49
NIteraciones: 100000

Costo_train: 0.007071
Precision_train: 0.997497
Recall_train: 1.000000
F1_train: 0.998747

Costo_test: 0.007141
Precision_test: 0.995074
Recall_test: 0.995074
F1_test: 0.995074
 

Arquitectura: _2_6_1_
Semilla: 1788102274
Segundos: 49
NIteraciones: 100000

Costo_train: 0.003068
Precision_train: 0.997497
Recall_train: 1.000000
F1_train: 0.998747

Costo_test: 0.003029
Precision_test: 1.000000
Recall_test: 1.000000
F1_test: 1.000000
 

Arquitectura: _2_6_1_
Semilla: 1788102274
Segundos: 49
NIteraciones: 100000

Costo_train: 0.006039
Precision_train: 0.997497
Recall_train: 1.000000
F1_train: 0.998747

Costo_test: 0.005855
Precision_test: 1.000000
Recall_test: 0.995074
F1_test: 0.997531
 

Arquitectura: _2_6_1_
Semilla: 1788102274
Segundos: 49
NIteraciones: 100000

Costo_train: 0.080933
Precision_train: 0.879245
Recall_train: 0.877039
F1_train: 0.878141

Costo_test: 0.077241
Precision_test: 0.875000
Recall_test: 0.896552
F1_test: 0.885645
 

Arquitectura: _2_6_1_
Semilla: 1788102274
Segundos: 49
NIteraciones: 100000

Costo_train: 0.003836
Precision_train: 0.997497
Recall_train: 1.000000
F1_train: 0.998747

Costo_test: 0.003814
Precision_test: 1.000000
Recall_test: 0.995074
F1_test: 0.997531
 

Arquitectura: _2_6_1_
Semilla: 1788102274
Segundos: 49
NIteraciones: 100000

Costo_train: 0.080878
Precision_train: 0.879245
Recall_train: 0.877039
F1_train: 0.878141

Costo_test: 0.077184
Precision_test: 0.875000
Recall_test: 0.896552
F1_test: 0.885645
 

Arquitectura: _2_6_1_
Semilla: 1788102274
Segundos: 49
NIteraciones: 100000

Costo_train: 0.080928
Precision_train: 0.879245
Recall_train: 0.877039
F1_train: 0.878141

Costo_test: 0.077227
Precision_test: 0.875000
Recall_test: 0.896552
F1_test: 0.885645
 

Arquitectura: _2_6_1_
Semilla: 1788102274
Segundos: 49
NIteraciones: 100000

Costo_train: 0.002792
Precision_train: 0.997497
Recall_train: 1.000000
F1_train: 0.998747

Costo_test: 0.002728
Precision_test: 1.000000
Recall_test: 1.000000
F1_test: 1.000000
 

Arquitectura: _2_6_1_
Semilla: 1788102274
Segundos: 49
NIteraciones: 100000

Costo_train: 0.080895
Precision_train: 0.879093
Recall_train: 0.875784
F1_train: 0.877436

Costo_test: 0.077141
Precision_test: 0.879227
Recall_test: 0.896552
F1_test: 0.887805
 

Arquitectura: _2_6_1_
Semilla: 1788102274
Segundos: 49
NIteraciones: 100000

Costo_train: 0.002468
Precision_train: 0.997497
Recall_train: 1.000000
F1_train: 0.998747

Costo_test: 0.002414
Precision_test: 1.000000
Recall_test: 1.000000
F1_test: 1.000000
 

Arquitectura: _2_6_1_
Semilla: 1788102274
Segundos: 49
NIteraciones: 100000

Costo_train: 0.080865
Precision_train: 0.879093
Recall_train: 0.875784
F1_train: 0.877436

Costo_test: 0.077114
Precision_test: 0.879227
Recall_test: 0.896552
F1_test: 0.887805
 

Arquitectura: _2_6_1_
Semilla: 1788102274
Segundos: 49
NIteraciones: 100000

Costo_train: 0.006162
Precision_train: 0.997497
Recall_train: 1.000000
F1_train: 0.998747

Costo_test: 0.006088
Precision_test: 0.995074
Recall_test: 0.995074
F1_test: 0.995074
 

Arquitectura: _2_6_1_
Semilla: 1788102274
Segundos: 49
NIteraciones: 100000

Costo_train: 0.003363
Precision_train: 0.997497
Recall_train: 1.000000
F1_train: 0.998747

Costo_test: 0.003446
Precision_test: 1.000000
Recall_test: 1.000000
F1_test: 1.000000
 

Arquitectura: _2_6_1_
Semilla: 1788102274
Segundos: 49
NIteraciones: 100000

Costo_train: 0.080897
Precision_train: 0.879245
Recall_train: 0.877039
F1_train: 0.878141

Costo_test: 0.077151
Precision_test: 0.879227
Recall_test: 0.896552
F1_test: 0.887805
 

Arquitectura: _2_6_1_
Semilla: 1788102274
Segundos: 49
NIteraciones: 100000

Costo_train: 0.080924
Precision_train: 0.879548
Recall_train: 0.879548
F1_train: 0.879548

Costo_test: 0.077242
Precision_test: 0.875000
Recall_test: 0.896552
F1_test: 0.885645
 

Arquitectura: _2_6_1_
Semilla: 1788102274
Segundos: 49
NIteraciones: 100000

Costo_train: 0.008398
Precision_train: 0.996250
Recall_train: 1.000000
F1_train: 0.998122

Costo_test: 0.008508
Precision_test: 0.995074
Recall_test: 0.995074
F1_test: 0.995074
 

Arquitectura: _2_6_1_
Semilla: 1788102274
Segundos: 49
NIteraciones: 100000

Costo_train: 0.080898
Precision_train: 0.879245
Recall_train: 0.877039
F1_train: 0.878141

Costo_test: 0.077193
Precision_test: 0.879227
Recall_test: 0.896552
F1_test: 0.887805
 

Arquitectura: _2_6_1_
Semilla: 1788102274
Segundos: 49
NIteraciones: 100000

Costo_train: 0.006426
Precision_train: 0.997497
Recall_train: 1.000000
F1_train: 0.998747

Costo_test: 0.006443
Precision_test: 0.995074
Recall_test: 0.995074
F1_test: 0.995074
 

Arquitectura: _2_6_1_
Semilla: 1788102274
Segundos: 49
NIteraciones: 100000

Costo_train: 0.080933
Precision_train: 0.879245
Recall_train: 0.877039
F1_train: 0.878141

Costo_test: 0.077235
Precision_test: 0.875000
Recall_test: 0.896552
F1_test: 0.885645
 

Arquitectura: _2_6_1_
Semilla: 1788102274
Segundos: 49
NIteraciones: 100000

Costo_train: 0.080888
Precision_train: 0.879245
Recall_train: 0.877039
F1_train: 0.878141

Costo_test: 0.077152
Precision_test: 0.879227
Recall_test: 0.896552
F1_test: 0.887805
 


--- Test Profunda 2.0 ---
Iteración 10000
Costo: 0.082785
Iteración 20000
Costo: 0.082258
Iteración 30000
Costo: 0.081840
Iteración 40000
Costo: 0.079324
Iteración 50000
Costo: 0.027581
Iteración 60000
Costo: 0.009799
Iteración 70000
Costo: 0.005610
Iteración 80000
Costo: 0.003789
Iteración 90000
Costo: 0.002804

Arquitectura: _2_3_3_1_
Semilla: 1788102323
Segundos: 94
NIteraciones: 100000

Costo_train: 0.002214
Precision_train: 0.997497
Recall_train: 1.000000
F1_train: 0.998747

Costo_test: 0.002457
Precision_test: 1.000000
Recall_test: 0.995074
F1_test: 0.997531
 

Arquitectura: _2_3_3_1_
Semilla: 1788102323
Segundos: 94
NIteraciones: 100000

Costo_train: 0.001462
Precision_train: 0.998747
Recall_train: 1.000000
F1_train: 0.999373

Costo_test: 0.001484
Precision_test: 1.000000
Recall_test: 1.000000
F1_test: 1.000000
 

Arquitectura: _2_3_3_1_
Semilla: 1788102323
Segundos: 94
NIteraciones: 100000

Costo_train: 0.081346
Precision_train: 0.881163
Recall_train: 0.874529
F1_train: 0.877834

Costo_test: 0.077475
Precision_test: 0.879227
Recall_test: 0.896552
F1_test: 0.887805
 

Arquitectura: _2_3_3_1_
Semilla: 1788102323
Segundos: 94
NIteraciones: 100000

Costo_train: 0.081193
Precision_train: 0.879093
Recall_train: 0.875784
F1_train: 0.877436

Costo_test: 0.077392
Precision_test: 0.879227
Recall_test: 0.896552
F1_test: 0.887805
 

Arquitectura: _2_3_3_1_
Semilla: 1788102323
Segundos: 94
NIteraciones: 100000

Costo_train: 0.081355
Precision_train: 0.881313
Recall_train: 0.875784
F1_train: 0.878540

Costo_test: 0.077500
Precision_test: 0.879227
Recall_test: 0.896552
F1_test: 0.887805
 

Arquitectura: _2_3_3_1_
Semilla: 1788102323
Segundos: 94
NIteraciones: 100000

Costo_train: 0.080814
Precision_train: 0.879093
Recall_train: 0.875784
F1_train: 0.877436

Costo_test: 0.077225
Precision_test: 0.883495
Recall_test: 0.896552
F1_test: 0.889976
 

Arquitectura: _2_3_3_1_
Semilla: 1788102323
Segundos: 94
NIteraciones: 100000

Costo_train: 0.081230
Precision_train: 0.878941
Recall_train: 0.874529
F1_train: 0.876730

Costo_test: 0.077394
Precision_test: 0.879227
Recall_test: 0.896552
F1_test: 0.887805
 

Arquitectura: _2_3_3_1_
Semilla: 1788102323
Segundos: 94
NIteraciones: 100000

Costo_train: 0.081454
Precision_train: 0.882129
Recall_train: 0.873275
F1_train: 0.877680

Costo_test: 0.077542
Precision_test: 0.879227
Recall_test: 0.896552
F1_test: 0.887805
 

Arquitectura: _2_3_3_1_
Semilla: 1788102323
Segundos: 94
NIteraciones: 100000

Costo_train: 0.081356
Precision_train: 0.879093
Recall_train: 0.875784
F1_train: 0.877436

Costo_test: 0.077519
Precision_test: 0.879227
Recall_test: 0.896552
F1_test: 0.887805
 

Arquitectura: _2_3_3_1_
Semilla: 1788102323
Segundos: 94
NIteraciones: 100000

Costo_train: 0.001502
Precision_train: 0.998747
Recall_train: 1.000000
F1_train: 0.999373

Costo_test: 0.001546
Precision_test: 1.000000
Recall_test: 1.000000
F1_test: 1.000000
 

Arquitectura: _2_3_3_1_
Semilla: 1788102323
Segundos: 94
NIteraciones: 100000

Costo_train: 0.001358
Precision_train: 0.998747
Recall_train: 1.000000
F1_train: 0.999373

Costo_test: 0.001325
Precision_test: 1.000000
Recall_test: 1.000000
F1_test: 1.000000
 

Arquitectura: _2_3_3_1_
Semilla: 1788102323
Segundos: 94
NIteraciones: 100000

Costo_train: 0.081346
Precision_train: 0.879093
Recall_train: 0.875784
F1_train: 0.877436

Costo_test: 0.077535
Precision_test: 0.879227
Recall_test: 0.896552
F1_test: 0.887805
 

Arquitectura: _2_3_3_1_
Semilla: 1788102323
Segundos: 94
NIteraciones: 100000

Costo_train: 0.081361
Precision_train: 0.879093
Recall_train: 0.875784
F1_train: 0.877436

Costo_test: 0.077559
Precision_test: 0.879227
Recall_test: 0.896552
F1_test: 0.887805
 

Arquitectura: _2_3_3_1_
Semilla: 1788102323
Segundos: 94
NIteraciones: 100000

Costo_train: 0.081177
Precision_train: 0.879245
Recall_train: 0.877039
F1_train: 0.878141

Costo_test: 0.077420
Precision_test: 0.879227
Recall_test: 0.896552
F1_test: 0.887805
 

Arquitectura: _2_3_3_1_
Semilla: 1788102323
Segundos: 94
NIteraciones: 100000

Costo_train: 0.081371
Precision_train: 0.880202
Recall_train: 0.875784
F1_train: 0.877987

Costo_test: 0.077519
Precision_test: 0.879227
Recall_test: 0.896552
F1_test: 0.887805
 

Arquitectura: _2_3_3_1_
Semilla: 1788102323
Segundos: 94
NIteraciones: 100000

Costo_train: 0.001390
Precision_train: 0.998747
Recall_train: 1.000000
F1_train: 0.999373

Costo_test: 0.001380
Precision_test: 1.000000
Recall_test: 1.000000
F1_test: 1.000000
 

Arquitectura: _2_3_3_1_
Semilla: 1788102323
Segundos: 94
NIteraciones: 100000

Costo_train: 0.081276
Precision_train: 0.881163
Recall_train: 0.874529
F1_train: 0.877834

Costo_test: 0.077406
Precision_test: 0.879227
Recall_test: 0.896552
F1_test: 0.887805
 

Arquitectura: _2_3_3_1_
Semilla: 1788102323
Segundos: 94
NIteraciones: 100000

Costo_train: 0.081236
Precision_train: 0.879093
Recall_train: 0.875784
F1_train: 0.877436

Costo_test: 0.077431
Precision_test: 0.879227
Recall_test: 0.896552
F1_test: 0.887805
 

Arquitectura: _2_3_3_1_
Semilla: 1788102323
Segundos: 94
NIteraciones: 100000

Costo_train: 0.001416
Precision_train: 0.998747
Recall_train: 1.000000
F1_train: 0.999373

Costo_test: 0.001353
Precision_test: 1.000000
Recall_test: 1.000000
F1_test: 1.000000
 

Arquitectura: _2_3_3_1_
Semilla: 1788102323
Segundos: 94
NIteraciones: 100000

Costo_train: 0.004543
Precision_train: 0.997497
Recall_train: 1.000000
F1_train: 0.998747

Costo_test: 0.004381
Precision_test: 1.000000
Recall_test: 1.000000
F1_test: 1.000000
 

Arquitectura: _2_3_3_1_
Semilla: 1788102323
Segundos: 94
NIteraciones: 100000

Costo_train: 0.081293
Precision_train: 0.879093
Recall_train: 0.875784
F1_train: 0.877436

Costo_test: 0.077470
Precision_test: 0.879227
Recall_test: 0.896552
F1_test: 0.887805
 

Arquitectura: _2_3_3_1_
Semilla: 1788102323
Segundos: 94
NIteraciones: 100000

Costo_train: 0.081419
Precision_train: 0.879093
Recall_train: 0.875784
F1_train: 0.877436

Costo_test: 0.077577
Precision_test: 0.879227
Recall_test: 0.896552
F1_test: 0.887805
 

Arquitectura: _2_3_3_1_
Semilla: 1788102323
Segundos: 94
NIteraciones: 100000

Costo_train: 0.081355
Precision_train: 0.879093
Recall_train: 0.875784
F1_train: 0.877436

Costo_test: 0.077521
Precision_test: 0.879227
Recall_test: 0.896552
F1_test: 0.887805
 

Arquitectura: _2_3_3_1_
Semilla: 1788102323
Segundos: 94
NIteraciones: 100000

Costo_train: 0.081310
Precision_train: 0.879245
Recall_train: 0.877039
F1_train: 0.878141

Costo_test: 0.077523
Precision_test: 0.879227
Recall_test: 0.896552
F1_test: 0.887805
 

Arquitectura: _2_3_3_1_
Semilla: 1788102323
Segundos: 94
NIteraciones: 100000

Costo_train: 0.001601
Precision_train: 0.997497
Recall_train: 1.000000
F1_train: 0.998747

Costo_test: 0.001658
Precision_test: 1.000000
Recall_test: 1.000000
F1_test: 1.000000
 

Arquitectura: _2_3_3_1_
Semilla: 1788102323
Segundos: 94
NIteraciones: 100000

Costo_train: 0.081171
Precision_train: 0.879245
Recall_train: 0.877039
F1_train: 0.878141

Costo_test: 0.077450
Precision_test: 0.879227
Recall_test: 0.896552
F1_test: 0.887805
 

Arquitectura: _2_3_3_1_
Semilla: 1788102323
Segundos: 94
NIteraciones: 100000

Costo_train: 0.081257
Precision_train: 0.880050
Recall_train: 0.874529
F1_train: 0.877281

Costo_test: 0.077416
Precision_test: 0.879227
Recall_test: 0.896552
F1_test: 0.887805
 

Arquitectura: _2_3_3_1_
Semilla: 1788102323
Segundos: 94
NIteraciones: 100000

Costo_train: 0.081278
Precision_train: 0.879093
Recall_train: 0.875784
F1_train: 0.877436

Costo_test: 0.077445
Precision_test: 0.879227
Recall_test: 0.896552
F1_test: 0.887805
 

Arquitectura: _2_3_3_1_
Semilla: 1788102323
Segundos: 94
NIteraciones: 100000

Costo_train: 0.081257
Precision_train: 0.879245
Recall_train: 0.877039
F1_train: 0.878141

Costo_test: 0.077469
Precision_test: 0.879227
Recall_test: 0.896552
F1_test: 0.887805
 

Arquitectura: _2_3_3_1_
Semilla: 1788102323
Segundos: 94
NIteraciones: 100000

Costo_train: 0.081273
Precision_train: 0.879548
Recall_train: 0.879548
F1_train: 0.879548

Costo_test: 0.077544
Precision_test: 0.875598
Recall_test: 0.901478
F1_test: 0.888349
 

Arquitectura: _2_3_3_1_
Semilla: 1788102323
Segundos: 94
NIteraciones: 100000

Costo_train: 0.081264
Precision_train: 0.879245
Recall_train: 0.877039
F1_train: 0.878141

Costo_test: 0.077482
Precision_test: 0.879227
Recall_test: 0.896552
F1_test: 0.887805
 

Arquitectura: _2_3_3_1_
Semilla: 1788102323
Segundos: 94
NIteraciones: 100000

Costo_train: 0.081316
Precision_train: 0.879093
Recall_train: 0.875784
F1_train: 0.877436

Costo_test: 0.077482
Precision_test: 0.879227
Recall_test: 0.896552
F1_test: 0.887805
 

Arquitectura: _2_3_3_1_
Semilla: 1788102323
Segundos: 94
NIteraciones: 100000

Costo_train: 0.081166
Precision_train: 0.879093
Recall_train: 0.875784
F1_train: 0.877436

Costo_test: 0.077416
Precision_test: 0.879227
Recall_test: 0.896552
F1_test: 0.887805
 

Arquitectura: _2_3_3_1_
Semilla: 1788102323
Segundos: 94
NIteraciones: 100000

Costo_train: 0.081284
Precision_train: 0.879245
Recall_train: 0.877039
F1_train: 0.878141

Costo_test: 0.077508
Precision_test: 0.879227
Recall_test: 0.896552
F1_test: 0.887805
 

Arquitectura: _2_3_3_1_
Semilla: 1788102323
Segundos: 94
NIteraciones: 100000

Costo_train: 0.081265
Precision_train: 0.879093
Recall_train: 0.875784
F1_train: 0.877436

Costo_test: 0.077427
Precision_test: 0.879227
Recall_test: 0.896552
F1_test: 0.887805
 

Arquitectura: _2_3_3_1_
Semilla: 1788102323
Segundos: 94
NIteraciones: 100000

Costo_train: 0.081276
Precision_train: 0.878941
Recall_train: 0.874529
F1_train: 0.876730

Costo_test: 0.077452
Precision_test: 0.879227
Recall_test: 0.896552
F1_test: 0.887805
 

Arquitectura: _2_3_3_1_
Semilla: 1788102323
Segundos: 94
NIteraciones: 100000

Costo_train: 0.081196
Precision_train: 0.879245
Recall_train: 0.877039
F1_train: 0.878141

Costo_test: 0.077461
Precision_test: 0.875000
Recall_test: 0.896552
F1_test: 0.885645
 

Arquitectura: _2_3_3_1_
Semilla: 1788102323
Segundos: 94
NIteraciones: 100000

Costo_train: 0.081358
Precision_train: 0.879093
Recall_train: 0.875784
F1_train: 0.877436

Costo_test: 0.077534
Precision_test: 0.879227
Recall_test: 0.896552
F1_test: 0.887805
 

Arquitectura: _2_3_3_1_
Semilla: 1788102323
Segundos: 94
NIteraciones: 100000

Costo_train: 0.081236
Precision_train: 0.879093
Recall_train: 0.875784
F1_train: 0.877436

Costo_test: 0.077429
Precision_test: 0.879227
Recall_test: 0.896552
F1_test: 0.887805
 

Arquitectura: _2_3_3_1_
Semilla: 1788102323
Segundos: 94
NIteraciones: 100000

Costo_train: 0.002754
Precision_train: 0.997497
Recall_train: 1.000000
F1_train: 0.998747

Costo_test: 0.003004
Precision_test: 1.000000
Recall_test: 0.995074
F1_test: 0.997531
 

Arquitectura: _2_3_3_1_
Semilla: 1788102323
Segundos: 94
NIteraciones: 100000

Costo_train: 0.081303
Precision_train: 0.879245
Recall_train: 0.877039
F1_train: 0.878141

Costo_test: 0.077509
Precision_test: 0.879227
Recall_test: 0.896552
F1_test: 0.887805
 

Arquitectura: _2_3_3_1_
Semilla: 1788102323
Segundos: 94
NIteraciones: 100000

Costo_train: 0.081333
Precision_train: 0.879093
Recall_train: 0.875784
F1_train: 0.877436

Costo_test: 0.077518
Precision_test: 0.879227
Recall_test: 0.896552
F1_test: 0.887805
 

Arquitectura: _2_3_3_1_
Semilla: 1788102323
Segundos: 94
NIteraciones: 100000

Costo_train: 0.081269
Precision_train: 0.879245
Recall_train: 0.877039
F1_train: 0.878141

Costo_test: 0.077487
Precision_test: 0.879227
Recall_test: 0.896552
F1_test: 0.887805
 

Arquitectura: _2_3_3_1_
Semilla: 1788102323
Segundos: 94
NIteraciones: 100000

Costo_train: 0.081254
Precision_train: 0.879093
Recall_train: 0.875784
F1_train: 0.877436

Costo_test: 0.077424
Precision_test: 0.879227
Recall_test: 0.896552
F1_test: 0.887805
 

Arquitectura: _2_3_3_1_
Semilla: 1788102323
Segundos: 94
NIteraciones: 100000

Costo_train: 0.081643
Precision_train: 0.879245
Recall_train: 0.877039
F1_train: 0.878141

Costo_test: 0.077813
Precision_test: 0.879227
Recall_test: 0.896552
F1_test: 0.887805
 

Arquitectura: _2_3_3_1_
Semilla: 1788102323
Segundos: 94
NIteraciones: 100000

Costo_train: 0.001626
Precision_train: 0.997497
Recall_train: 1.000000
F1_train: 0.998747

Costo_test: 0.001654
Precision_test: 1.000000
Recall_test: 1.000000
F1_test: 1.000000
 

Arquitectura: _2_3_3_1_
Semilla: 1788102323
Segundos: 94
NIteraciones: 100000

Costo_train: 0.081244
Precision_train: 0.879245
Recall_train: 0.877039
F1_train: 0.878141

Costo_test: 0.077453
Precision_test: 0.879227
Recall_test: 0.896552
F1_test: 0.887805
 

Arquitectura: _2_3_3_1_
Semilla: 1788102323
Segundos: 94
NIteraciones: 100000

Costo_train: 0.081348
Precision_train: 0.879093
Recall_train: 0.875784
F1_train: 0.877436

Costo_test: 0.077497
Precision_test: 0.879227
Recall_test: 0.896552
F1_test: 0.887805
 

Arquitectura: _2_3_3_1_
Semilla: 1788102323
Segundos: 94
NIteraciones: 100000

Costo_train: 0.081349
Precision_train: 0.879093
Recall_train: 0.875784
F1_train: 0.877436

Costo_test: 0.077548
Precision_test: 0.879227
Recall_test: 0.896552
F1_test: 0.887805
 

Arquitectura: _2_3_3_1_
Semilla: 1788102323
Segundos: 94
NIteraciones: 100000

Costo_train: 0.081308
Precision_train: 0.879093
Recall_train: 0.875784
F1_train: 0.877436

Costo_test: 0.077484
Precision_test: 0.879227
Recall_test: 0.896552
F1_test: 0.887805
 

Arquitectura: _2_3_3_1_
Semilla: 1788102323
Segundos: 94
NIteraciones: 100000

Costo_train: 0.054064
Precision_train: 0.926250
Recall_train: 0.929736
F1_train: 0.927990

Costo_test: 0.051920
Precision_test: 0.927885
Recall_test: 0.950739
F1_test: 0.939173
 

Arquitectura: _2_3_3_1_
Semilla: 1788102323
Segundos: 94
NIteraciones: 100000

Costo_train: 0.002272
Precision_train: 0.997497
Recall_train: 1.000000
F1_train: 0.998747

Costo_test: 0.002346
Precision_test: 1.000000
Recall_test: 0.995074
F1_test: 0.997531
 

Arquitectura: _2_3_3_1_
Semilla: 1788102323
Segundos: 94
NIteraciones: 100000

Costo_train: 0.081609
Precision_train: 0.882129
Recall_train: 0.873275
F1_train: 0.877680

Costo_test: 0.077689
Precision_test: 0.879227
Recall_test: 0.896552
F1_test: 0.887805
 

Arquitectura: _2_3_3_1_
Semilla: 1788102323
Segundos: 94
NIteraciones: 100000

Costo_train: 0.081274
Precision_train: 0.881163
Recall_train: 0.874529
F1_train: 0.877834

Costo_test: 0.077406
Precision_test: 0.879227
Recall_test: 0.896552
F1_test: 0.887805
 

Arquitectura: _2_3_3_1_
Semilla: 1788102323
Segundos: 94
NIteraciones: 100000

Costo_train: 0.081224
Precision_train: 0.879245
Recall_train: 0.877039
F1_train: 0.878141

Costo_test: 0.077436
Precision_test: 0.879227
Recall_test: 0.896552
F1_test: 0.887805
 

Arquitectura: _2_3_3_1_
Semilla: 1788102323
Segundos: 94
NIteraciones: 100000

Costo_train: 0.081341
Precision_train: 0.879093
Recall_train: 0.875784
F1_train: 0.877436

Costo_test: 0.077496
Precision_test: 0.879227
Recall_test: 0.896552
F1_test: 0.887805
 

Arquitectura: _2_3_3_1_
Semilla: 1788102323
Segundos: 94
NIteraciones: 100000

Costo_train: 0.081279
Precision_train: 0.879245
Recall_train: 0.877039
F1_train: 0.878141

Costo_test: 0.077484
Precision_test: 0.879227
Recall_test: 0.896552
F1_test: 0.887805
 

Arquitectura: _2_3_3_1_
Semilla: 1788102323
Segundos: 94
NIteraciones: 100000

Costo_train: 0.003195
Precision_train: 0.997497
Recall_train: 1.000000
F1_train: 0.998747

Costo_test: 0.003675
Precision_test: 1.000000
Recall_test: 0.995074
F1_test: 0.997531
 

Arquitectura: _2_3_3_1_
Semilla: 1788102323
Segundos: 94
NIteraciones: 100000

Costo_train: 0.081476
Precision_train: 0.882129
Recall_train: 0.873275
F1_train: 0.877680

Costo_test: 0.077559
Precision_test: 0.879227
Recall_test: 0.896552
F1_test: 0.887805
 

Arquitectura: _2_3_3_1_
Semilla: 1788102323
Segundos: 94
NIteraciones: 100000

Costo_train: 0.081312
Precision_train: 0.879245
Recall_train: 0.877039
F1_train: 0.878141

Costo_test: 0.077521
Precision_test: 0.879227
Recall_test: 0.896552
F1_test: 0.887805
 

Arquitectura: _2_3_3_1_
Semilla: 1788102323
Segundos: 94
NIteraciones: 100000

Costo_train: 0.081228
Precision_train: 0.879093
Recall_train: 0.875784
F1_train: 0.877436

Costo_test: 0.077438
Precision_test: 0.879227
Recall_test: 0.896552
F1_test: 0.887805
 

Arquitectura: _2_3_3_1_
Semilla: 1788102323
Segundos: 94
NIteraciones: 100000

Costo_train: 0.081251
Precision_train: 0.881163
Recall_train: 0.874529
F1_train: 0.877834

Costo_test: 0.077403
Precision_test: 0.879227
Recall_test: 0.896552
F1_test: 0.887805
 

Arquitectura: _2_3_3_1_
Semilla: 1788102323
Segundos: 94
NIteraciones: 100000

Costo_train: 0.081270
Precision_train: 0.879245
Recall_train: 0.877039
F1_train: 0.878141

Costo_test: 0.077489
Precision_test: 0.879227
Recall_test: 0.896552
F1_test: 0.887805
 

Arquitectura: _2_3_3_1_
Semilla: 1788102323
Segundos: 94
NIteraciones: 100000

Costo_train: 0.081376
Precision_train: 0.879093
Recall_train: 0.875784
F1_train: 0.877436

Costo_test: 0.077527
Precision_test: 0.879227
Recall_test: 0.896552
F1_test: 0.887805
 

Arquitectura: _2_3_3_1_
Semilla: 1788102323
Segundos: 94
NIteraciones: 100000

Costo_train: 0.081304
Precision_train: 0.879548
Recall_train: 0.879548
F1_train: 0.879548

Costo_test: 0.077563
Precision_test: 0.875598
Recall_test: 0.901478
F1_test: 0.888349
 

Arquitectura: _2_3_3_1_
Semilla: 1788102323
Segundos: 94
NIteraciones: 100000

Costo_train: 0.001692
Precision_train: 0.997497
Recall_train: 1.000000
F1_train: 0.998747

Costo_test: 0.001765
Precision_test: 1.000000
Recall_test: 1.000000
F1_test: 1.000000
 

Arquitectura: _2_3_3_1_
Semilla: 1788102323
Segundos: 94
NIteraciones: 100000

Costo_train: 0.081302
Precision_train: 0.881163
Recall_train: 0.874529
F1_train: 0.877834

Costo_test: 0.077445
Precision_test: 0.879227
Recall_test: 0.896552
F1_test: 0.887805
 

Arquitectura: _2_3_3_1_
Semilla: 1788102323
Segundos: 94
NIteraciones: 100000

Costo_train: 0.081278
Precision_train: 0.879245
Recall_train: 0.877039
F1_train: 0.878141

Costo_test: 0.077484
Precision_test: 0.879227
Recall_test: 0.896552
F1_test: 0.887805
 

Arquitectura: _2_3_3_1_
Semilla: 1788102323
Segundos: 94
NIteraciones: 100000

Costo_train: 0.081149
Precision_train: 0.881163
Recall_train: 0.874529
F1_train: 0.877834

Costo_test: 0.077352
Precision_test: 0.879227
Recall_test: 0.896552
F1_test: 0.887805
 

Arquitectura: _2_3_3_1_
Semilla: 1788102323
Segundos: 94
NIteraciones: 100000

Costo_train: 0.081300
Precision_train: 0.879245
Recall_train: 0.877039
F1_train: 0.878141

Costo_test: 0.077509
Precision_test: 0.879227
Recall_test: 0.896552
F1_test: 0.887805
 

Arquitectura: _2_3_3_1_
Semilla: 1788102323
Segundos: 94
NIteraciones: 100000

Costo_train: 0.081341
Precision_train: 0.879245
Recall_train: 0.877039
F1_train: 0.878141

Costo_test: 0.077556
Precision_test: 0.879227
Recall_test: 0.896552
F1_test: 0.887805
 

Arquitectura: _2_3_3_1_
Semilla: 1788102323
Segundos: 94
NIteraciones: 100000

Costo_train: 0.081320
Precision_train: 0.879093
Recall_train: 0.875784
F1_train: 0.877436

Costo_test: 0.077511
Precision_test: 0.879227
Recall_test: 0.896552
F1_test: 0.887805
 

Arquitectura: _2_3_3_1_
Semilla: 1788102323
Segundos: 94
NIteraciones: 100000

Costo_train: 0.081213
Precision_train: 0.879093
Recall_train: 0.875784
F1_train: 0.877436

Costo_test: 0.077432
Precision_test: 0.879227
Recall_test: 0.896552
F1_test: 0.887805
 

Arquitectura: _2_3_3_1_
Semilla: 1788102323
Segundos: 94
NIteraciones: 100000

Costo_train: 0.081272
Precision_train: 0.879093
Recall_train: 0.875784
F1_train: 0.877436

Costo_test: 0.077463
Precision_test: 0.879227
Recall_test: 0.896552
F1_test: 0.887805
 

Arquitectura: _2_3_3_1_
Semilla: 1788102323
Segundos: 94
NIteraciones: 100000

Costo_train: 0.081279
Precision_train: 0.879093
Recall_train: 0.875784
F1_train: 0.877436

Costo_test: 0.077474
Precision_test: 0.879227
Recall_test: 0.896552
F1_test: 0.887805
 

Arquitectura: _2_3_3_1_
Semilla: 1788102323
Segundos: 94
NIteraciones: 100000

Costo_train: 0.081442
Precision_train: 0.879548
Recall_train: 0.879548
F1_train: 0.879548

Costo_test: 0.077686
Precision_test: 0.875000
Recall_test: 0.896552
F1_test: 0.885645
 

Arquitectura: _2_3_3_1_
Semilla: 1788102323
Segundos: 94
NIteraciones: 100000

Costo_train: 0.081248
Precision_train: 0.878941
Recall_train: 0.874529
F1_train: 0.876730

Costo_test: 0.077411
Precision_test: 0.879227
Recall_test: 0.896552
F1_test: 0.887805
 

Arquitectura: _2_3_3_1_
Semilla: 1788102323
Segundos: 94
NIteraciones: 100000

Costo_train: 0.081314
Precision_train: 0.881163
Recall_train: 0.874529
F1_train: 0.877834

Costo_test: 0.077446
Precision_test: 0.879227
Recall_test: 0.896552
F1_test: 0.887805
 

Arquitectura: _2_3_3_1_
Semilla: 1788102323
Segundos: 94
NIteraciones: 100000

Costo_train: 0.001371
Precision_train: 0.997497
Recall_train: 1.000000
F1_train: 0.998747

Costo_test: 0.001072
Precision_test: 1.000000
Recall_test: 1.000000
F1_test: 1.000000
 

Arquitectura: _2_3_3_1_
Semilla: 1788102323
Segundos: 94
NIteraciones: 100000

Costo_train: 0.081229
Precision_train: 0.879093
Recall_train: 0.875784
F1_train: 0.877436

Costo_test: 0.077416
Precision_test: 0.879227
Recall_test: 0.896552
F1_test: 0.887805
 

Arquitectura: _2_3_3_1_
Semilla: 1788102323
Segundos: 94
NIteraciones: 100000

Costo_train: 0.081285
Precision_train: 0.881163
Recall_train: 0.874529
F1_train: 0.877834

Costo_test: 0.077439
Precision_test: 0.879227
Recall_test: 0.896552
F1_test: 0.887805
 

Arquitectura: _2_3_3_1_
Semilla: 1788102323
Segundos: 94
NIteraciones: 100000

Costo_train: 0.081389
Precision_train: 0.881163
Recall_train: 0.874529
F1_train: 0.877834

Costo_test: 0.077578
Precision_test: 0.879227
Recall_test: 0.896552
F1_test: 0.887805
 

Arquitectura: _2_3_3_1_
Semilla: 1788102323
Segundos: 94
NIteraciones: 100000

Costo_train: 0.081299
Precision_train: 0.881163
Recall_train: 0.874529
F1_train: 0.877834

Costo_test: 0.077455
Precision_test: 0.879227
Recall_test: 0.896552
F1_test: 0.887805
 

Arquitectura: _2_3_3_1_
Semilla: 1788102323
Segundos: 94
NIteraciones: 100000

Costo_train: 0.081293
Precision_train: 0.879093
Recall_train: 0.875784
F1_train: 0.877436

Costo_test: 0.077477
Precision_test: 0.879227
Recall_test: 0.896552
F1_test: 0.887805
 

Arquitectura: _2_3_3_1_
Semilla: 1788102323
Segundos: 94
NIteraciones: 100000

Costo_train: 0.081211
Precision_train: 0.879245
Recall_train: 0.877039
F1_train: 0.878141

Costo_test: 0.077408
Precision_test: 0.879227
Recall_test: 0.896552
F1_test: 0.887805
 

Arquitectura: _2_3_3_1_
Semilla: 1788102323
Segundos: 94
NIteraciones: 100000

Costo_train: 0.081357
Precision_train: 0.879093
Recall_train: 0.875784
F1_train: 0.877436

Costo_test: 0.077545
Precision_test: 0.879227
Recall_test: 0.896552
F1_test: 0.887805
 

Arquitectura: _2_3_3_1_
Semilla: 1788102323
Segundos: 94
NIteraciones: 100000

Costo_train: 0.002216
Precision_train: 0.997497
Recall_train: 1.000000
F1_train: 0.998747

Costo_test: 0.002371
Precision_test: 1.000000
Recall_test: 0.995074
F1_test: 0.997531
 

Arquitectura: _2_3_3_1_
Semilla: 1788102323
Segundos: 94
NIteraciones: 100000

Costo_train: 0.002020
Precision_train: 0.997497
Recall_train: 1.000000
F1_train: 0.998747

Costo_test: 0.002151
Precision_test: 1.000000
Recall_test: 0.995074
F1_test: 0.997531
 

Arquitectura: _2_3_3_1_
Semilla: 1788102323
Segundos: 94
NIteraciones: 100000

Costo_train: 0.081250
Precision_train: 0.879245
Recall_train: 0.877039
F1_train: 0.878141

Costo_test: 0.077473
Precision_test: 0.879227
Recall_test: 0.896552
F1_test: 0.887805
 

Arquitectura: _2_3_3_1_
Semilla: 1788102323
Segundos: 94
NIteraciones: 100000

Costo_train: 0.081274
Precision_train: 0.882279
Recall_train: 0.874529
F1_train: 0.878387

Costo_test: 0.077390
Precision_test: 0.879227
Recall_test: 0.896552
F1_test: 0.887805
 

Arquitectura: _2_3_3_1_
Semilla: 1788102323
Segundos: 94
NIteraciones: 100000

Costo_train: 0.081253
Precision_train: 0.879245
Recall_train: 0.877039
F1_train: 0.878141

Costo_test: 0.077495
Precision_test: 0.879227
Recall_test: 0.896552
F1_test: 0.887805
 

Arquitectura: _2_3_3_1_
Semilla: 1788102323
Segundos: 94
NIteraciones: 100000

Costo_train: 0.081371
Precision_train: 0.879093
Recall_train: 0.875784
F1_train: 0.877436

Costo_test: 0.077570
Precision_test: 0.879227
Recall_test: 0.896552
F1_test: 0.887805
 

Arquitectura: _2_3_3_1_
Semilla: 1788102323
Segundos: 94
NIteraciones: 100000

Costo_train: 0.081306
Precision_train: 0.881163
Recall_train: 0.874529
F1_train: 0.877834

Costo_test: 0.077447
Precision_test: 0.879227
Recall_test: 0.896552
F1_test: 0.887805
 

Arquitectura: _2_3_3_1_
Semilla: 1788102323
Segundos: 94
NIteraciones: 100000

Costo_train: 0.081176
Precision_train: 0.879245
Recall_train: 0.877039
F1_train: 0.878141

Costo_test: 0.077435
Precision_test: 0.879227
Recall_test: 0.896552
F1_test: 0.887805
 

Arquitectura: _2_3_3_1_
Semilla: 1788102323
Segundos: 94
NIteraciones: 100000

Costo_train: 0.081262
Precision_train: 0.879093
Recall_train: 0.875784
F1_train: 0.877436

Costo_test: 0.077469
Precision_test: 0.879227
Recall_test: 0.896552
F1_test: 0.887805
 

Arquitectura: _2_3_3_1_
Semilla: 1788102323
Segundos: 94
NIteraciones: 100000

Costo_train: 0.081285
Precision_train: 0.882279
Recall_train: 0.874529
F1_train: 0.878387

Costo_test: 0.077397
Precision_test: 0.879227
Recall_test: 0.896552
F1_test: 0.887805
 

Arquitectura: _2_3_3_1_
Semilla: 1788102323
Segundos: 94
NIteraciones: 100000

Costo_train: 0.081253
Precision_train: 0.879093
Recall_train: 0.875784
F1_train: 0.877436

Costo_test: 0.077456
Precision_test: 0.879227
Recall_test: 0.896552
F1_test: 0.887805
 

Arquitectura: _2_3_3_1_
Semilla: 1788102323
Segundos: 94
NIteraciones: 100000

Costo_train: 0.081320
Precision_train: 0.881163
Recall_train: 0.874529
F1_train: 0.877834

Costo_test: 0.077481
Precision_test: 0.879227
Recall_test: 0.896552
F1_test: 0.887805
 

Arquitectura: _2_3_3_1_
Semilla: 1788102323
Segundos: 94
NIteraciones: 100000

Costo_train: 0.081251
Precision_train: 0.878941
Recall_train: 0.874529
F1_train: 0.876730

Costo_test: 0.077442
Precision_test: 0.879227
Recall_test: 0.896552
F1_test: 0.887805
 

Arquitectura: _2_3_3_1_
Semilla: 1788102323
Segundos: 94
NIteraciones: 100000

Costo_train: 0.081245
Precision_train: 0.879093
Recall_train: 0.875784
F1_train: 0.877436

Costo_test: 0.077435
Precision_test: 0.879227
Recall_test: 0.896552
F1_test: 0.887805
 


--- Test Angosta 3.0 ---
Iteración 10000
Costo: 0.080182
Iteración 20000
Costo: 0.045802
Iteración 30000
Costo: 0.020759
Iteración 40000
Costo: 0.013710
Iteración 50000
Costo: 0.010365
Iteración 60000
Costo: 0.008379
Iteración 70000
Costo: 0.007048
Iteración 80000
Costo: 0.006070
Iteración 90000
Costo: 0.005291

Arquitectura: _2_9_1_
Semilla: 1788102417
Segundos: 52
NIteraciones: 100000

Costo_train: 0.004631
Precision_train: 0.997497
Recall_train: 1.000000
F1_train: 0.998747

Costo_test: 0.004564
Precision_test: 1.000000
Recall_test: 0.995074
F1_test: 0.997531
 

Arquitectura: _2_9_1_
Semilla: 1788102417
Segundos: 52
NIteraciones: 100000

Costo_train: 0.004056
Precision_train: 0.997497
Recall_train: 1.000000
F1_train: 0.998747

Costo_test: 0.004019
Precision_test: 1.000000
Recall_test: 0.995074
F1_test: 0.997531
 

Arquitectura: _2_9_1_
Semilla: 1788102417
Segundos: 52
NIteraciones: 100000

Costo_train: 0.004473
Precision_train: 0.997497
Recall_train: 1.000000
F1_train: 0.998747

Costo_test: 0.004405
Precision_test: 1.000000
Recall_test: 0.995074
F1_test: 0.997531
 

Arquitectura: _2_9_1_
Semilla: 1788102417
Segundos: 52
NIteraciones: 100000

Costo_train: 0.003564
Precision_train: 0.997497
Recall_train: 1.000000
F1_train: 0.998747

Costo_test: 0.003515
Precision_test: 1.000000
Recall_test: 0.995074
F1_test: 0.997531
 

Arquitectura: _2_9_1_
Semilla: 1788102417
Segundos: 52
NIteraciones: 100000

Costo_train: 0.005116
Precision_train: 0.997497
Recall_train: 1.000000
F1_train: 0.998747

Costo_test: 0.004988
Precision_test: 1.000000
Recall_test: 0.995074
F1_test: 0.997531
 

Arquitectura: _2_9_1_
Semilla: 1788102417
Segundos: 52
NIteraciones: 100000

Costo_train: 0.005989
Precision_train: 0.997497
Recall_train: 1.000000
F1_train: 0.998747

Costo_test: 0.005926
Precision_test: 0.995074
Recall_test: 0.995074
F1_test: 0.995074
 

Arquitectura: _2_9_1_
Semilla: 1788102417
Segundos: 52
NIteraciones: 100000

Costo_train: 0.010256
Precision_train: 0.993742
Recall_train: 0.996236
F1_train: 0.994987

Costo_test: 0.010080
Precision_test: 0.995049
Recall_test: 0.990148
F1_test: 0.992593
 

Arquitectura: _2_9_1_
Semilla: 1788102417
Segundos: 52
NIteraciones: 100000

Costo_train: 0.080816
Precision_train: 0.879245
Recall_train: 0.877039
F1_train: 0.878141

Costo_test: 0.077088
Precision_test: 0.879227
Recall_test: 0.896552
F1_test: 0.887805
 

Arquitectura: _2_9_1_
Semilla: 1788102417
Segundos: 52
NIteraciones: 100000

Costo_train: 0.004908
Precision_train: 0.997497
Recall_train: 1.000000
F1_train: 0.998747

Costo_test: 0.004906
Precision_test: 1.000000
Recall_test: 0.995074
F1_test: 0.997531
 

Arquitectura: _2_9_1_
Semilla: 1788102417
Segundos: 52
NIteraciones: 100000

Costo_train: 0.005199
Precision_train: 0.997497
Recall_train: 1.000000
F1_train: 0.998747

Costo_test: 0.005135
Precision_test: 1.000000
Recall_test: 0.995074
F1_test: 0.997531
 

Arquitectura: _2_9_1_
Semilla: 1788102417
Segundos: 52
NIteraciones: 100000

Costo_train: 0.010141
Precision_train: 0.993742
Recall_train: 0.996236
F1_train: 0.994987

Costo_test: 0.009903
Precision_test: 0.995049
Recall_test: 0.990148
F1_test: 0.992593
 

Arquitectura: _2_9_1_
Semilla: 1788102417
Segundos: 52
NIteraciones: 100000

Costo_train: 0.005612
Precision_train: 0.997497
Recall_train: 1.000000
F1_train: 0.998747

Costo_test: 0.005571
Precision_test: 0.995074
Recall_test: 0.995074
F1_test: 0.995074
 

Arquitectura: _2_9_1_
Semilla: 1788102417
Segundos: 52
NIteraciones: 100000

Costo_train: 0.004374
Precision_train: 0.997497
Recall_train: 1.000000
F1_train: 0.998747

Costo_test: 0.004336
Precision_test: 1.000000
Recall_test: 0.995074
F1_test: 0.997531
 

Arquitectura: _2_9_1_
Semilla: 1788102417
Segundos: 52
NIteraciones: 100000

Costo_train: 0.006440
Precision_train: 0.997497
Recall_train: 1.000000
F1_train: 0.998747

Costo_test: 0.006365
Precision_test: 0.995074
Recall_test: 0.995074
F1_test: 0.995074
 

Arquitectura: _2_9_1_
Semilla: 1788102417
Segundos: 52
NIteraciones: 100000

Costo_train: 0.009016
Precision_train: 0.996241
Recall_train: 0.997491
F1_train: 0.996865

Costo_test: 0.008836
Precision_test: 0.995049
Recall_test: 0.990148
F1_test: 0.992593
 

Arquitectura: _2_9_1_
Semilla: 1788102417
Segundos: 52
NIteraciones: 100000

Costo_train: 0.006441
Precision_train: 0.997497
Recall_train: 1.000000
F1_train: 0.998747

Costo_test: 0.006249
Precision_test: 0.995074
Recall_test: 0.995074
F1_test: 0.995074
 

Arquitectura: _2_9_1_
Semilla: 1788102417
Segundos: 52
NIteraciones: 100000

Costo_train: 0.005379
Precision_train: 0.997497
Recall_train: 1.000000
F1_train: 0.998747

Costo_test: 0.005412
Precision_test: 1.000000
Recall_test: 0.995074
F1_test: 0.997531
 

Arquitectura: _2_9_1_
Semilla: 1788102417
Segundos: 52
NIteraciones: 100000

Costo_train: 0.008277
Precision_train: 0.997494
Recall_train: 0.998745
F1_train: 0.998119

Costo_test: 0.008068
Precision_test: 0.995074
Recall_test: 0.995074
F1_test: 0.995074
 

Arquitectura: _2_9_1_
Semilla: 1788102417
Segundos: 52
NIteraciones: 100000

Costo_train: 0.005707
Precision_train: 0.997497
Recall_train: 1.000000
F1_train: 0.998747

Costo_test: 0.005640
Precision_test: 0.995074
Recall_test: 0.995074
F1_test: 0.995074
 

Arquitectura: _2_9_1_
Semilla: 1788102417
Segundos: 52
NIteraciones: 100000

Costo_train: 0.006306
Precision_train: 0.997497
Recall_train: 1.000000
F1_train: 0.998747

Costo_test: 0.006196
Precision_test: 0.995074
Recall_test: 0.995074
F1_test: 0.995074
 

Arquitectura: _2_9_1_
Semilla: 1788102417
Segundos: 52
NIteraciones: 100000

Costo_train: 0.004482
Precision_train: 0.997497
Recall_train: 1.000000
F1_train: 0.998747

Costo_test: 0.004450
Precision_test: 1.000000
Recall_test: 0.995074
F1_test: 0.997531
 

Arquitectura: _2_9_1_
Semilla: 1788102417
Segundos: 52
NIteraciones: 100000

Costo_train: 0.004135
Precision_train: 0.997497
Recall_train: 1.000000
F1_train: 0.998747

Costo_test: 0.004111
Precision_test: 1.000000
Recall_test: 0.995074
F1_test: 0.997531
 

Arquitectura: _2_9_1_
Semilla: 1788102417
Segundos: 52
NIteraciones: 100000

Costo_train: 0.006538
Precision_train: 0.997497
Recall_train: 1.000000
F1_train: 0.998747

Costo_test: 0.006460
Precision_test: 0.995074
Recall_test: 0.995074
F1_test: 0.995074
 

Arquitectura: _2_9_1_
Semilla: 1788102417
Segundos: 52
NIteraciones: 100000

Costo_train: 0.006238
Precision_train: 0.997497
Recall_train: 1.000000
F1_train: 0.998747

Costo_test: 0.006153
Precision_test: 0.995074
Recall_test: 0.995074
F1_test: 0.995074
 

Arquitectura: _2_9_1_
Semilla: 1788102417
Segundos: 52
NIteraciones: 100000

Costo_train: 0.008457
Precision_train: 0.995006
Recall_train: 1.000000
F1_train: 0.997497

Costo_test: 0.008469
Precision_test: 0.995074
Recall_test: 0.995074
F1_test: 0.995074
 

Arquitectura: _2_9_1_
Semilla: 1788102417
Segundos: 52
NIteraciones: 100000

Costo_train: 0.080816
Precision_train: 0.879093
Recall_train: 0.875784
F1_train: 0.877436

Costo_test: 0.077083
Precision_test: 0.879227
Recall_test: 0.896552
F1_test: 0.887805
 

Arquitectura: _2_9_1_
Semilla: 1788102417
Segundos: 52
NIteraciones: 100000

Costo_train: 0.005667
Precision_train: 0.997497
Recall_train: 1.000000
F1_train: 0.998747

Costo_test: 0.005544
Precision_test: 1.000000
Recall_test: 0.995074
F1_test: 0.997531
 

Arquitectura: _2_9_1_
Semilla: 1788102417
Segundos: 52
NIteraciones: 100000

Costo_train: 0.005155
Precision_train: 0.997497
Recall_train: 1.000000
F1_train: 0.998747

Costo_test: 0.005079
Precision_test: 1.000000
Recall_test: 0.995074
F1_test: 0.997531
 

Arquitectura: _2_9_1_
Semilla: 1788102417
Segundos: 52
NIteraciones: 100000

Costo_train: 0.080818
Precision_train: 0.879093
Recall_train: 0.875784
F1_train: 0.877436

Costo_test: 0.077064
Precision_test: 0.879227
Recall_test: 0.896552
F1_test: 0.887805
 

Arquitectura: _2_9_1_
Semilla: 1788102417
Segundos: 52
NIteraciones: 100000

Costo_train: 0.012528
Precision_train: 0.993742
Recall_train: 0.996236
F1_train: 0.994987

Costo_test: 0.012135
Precision_test: 0.995049
Recall_test: 0.990148
F1_test: 0.992593
 

Arquitectura: _2_9_1_
Semilla: 1788102417
Segundos: 52
NIteraciones: 100000

Costo_train: 0.080809
Precision_train: 0.879245
Recall_train: 0.877039
F1_train: 0.878141

Costo_test: 0.077107
Precision_test: 0.875000
Recall_test: 0.896552
F1_test: 0.885645
 

Arquitectura: _2_9_1_
Semilla: 1788102417
Segundos: 52
NIteraciones: 100000

Costo_train: 0.005277
Precision_train: 0.997497
Recall_train: 1.000000
F1_train: 0.998747

Costo_test: 0.005138
Precision_test: 1.000000
Recall_test: 0.995074
F1_test: 0.997531
 

Arquitectura: _2_9_1_
Semilla: 1788102417
Segundos: 52
NIteraciones: 100000

Costo_train: 0.002871
Precision_train: 0.997497
Recall_train: 1.000000
F1_train: 0.998747

Costo_test: 0.002858
Precision_test: 1.000000
Recall_test: 1.000000
F1_test: 1.000000
 

Arquitectura: _2_9_1_
Semilla: 1788102417
Segundos: 52
NIteraciones: 100000

Costo_train: 0.006025
Precision_train: 0.997497
Recall_train: 1.000000
F1_train: 0.998747

Costo_test: 0.005955
Precision_test: 0.995074
Recall_test: 0.995074
F1_test: 0.995074
 

Arquitectura: _2_9_1_
Semilla: 1788102417
Segundos: 52
NIteraciones: 100000

Costo_train: 0.004148
Precision_train: 0.997497
Recall_train: 1.000000
F1_train: 0.998747

Costo_test: 0.004118
Precision_test: 1.000000
Recall_test: 0.995074
F1_test: 0.997531
 

Arquitectura: _2_9_1_
Semilla: 1788102417
Segundos: 52
NIteraciones: 100000

Costo_train: 0.004547
Precision_train: 0.997497
Recall_train: 1.000000
F1_train: 0.998747

Costo_test: 0.004432
Precision_test: 1.000000
Recall_test: 0.995074
F1_test: 0.997531
 

Arquitectura: _2_9_1_
Semilla: 1788102417
Segundos: 52
NIteraciones: 100000

Costo_train: 0.008084
Precision_train: 0.997497
Recall_train: 1.000000
F1_train: 0.998747

Costo_test: 0.007948
Precision_test: 0.995074
Recall_test: 0.995074
F1_test: 0.995074
 

Arquitectura: _2_9_1_
Semilla: 1788102417
Segundos: 52
NIteraciones: 100000

Costo_train: 0.006978
Precision_train: 0.997497
Recall_train: 1.000000
F1_train: 0.998747

Costo_test: 0.006855
Precision_test: 0.995074
Recall_test: 0.995074
F1_test: 0.995074
 

Arquitectura: _2_9_1_
Semilla: 1788102417
Segundos: 52
NIteraciones: 100000

Costo_train: 0.009031
Precision_train: 0.993766
Recall_train: 1.000000
F1_train: 0.996873

Costo_test: 0.009025
Precision_test: 0.995074
Recall_test: 0.995074
F1_test: 0.995074
 

Arquitectura: _2_9_1_
Semilla: 1788102417
Segundos: 52
NIteraciones: 100000

Costo_train: 0.080824
Precision_train: 0.879245
Recall_train: 0.877039
F1_train: 0.878141

Costo_test: 0.077077
Precision_test: 0.879227
Recall_test: 0.896552
F1_test: 0.887805
 

Arquitectura: _2_9_1_
Semilla: 1788102417
Segundos: 52
NIteraciones: 100000

Costo_train: 0.007109
Precision_train: 0.997497
Recall_train: 1.000000
F1_train: 0.998747

Costo_test: 0.007061
Precision_test: 0.995074
Recall_test: 0.995074
F1_test: 0.995074
 

Arquitectura: _2_9_1_
Semilla: 1788102417
Segundos: 52
NIteraciones: 100000

Costo_train: 0.004917
Precision_train: 0.997497
Recall_train: 1.000000
F1_train: 0.998747

Costo_test: 0.004832
Precision_test: 1.000000
Recall_test: 0.995074
F1_test: 0.997531
 

Arquitectura: _2_9_1_
Semilla: 1788102417
Segundos: 52
NIteraciones: 100000

Costo_train: 0.013714
Precision_train: 0.992491
Recall_train: 0.994981
F1_train: 0.993734

Costo_test: 0.013444
Precision_test: 0.990148
Recall_test: 0.990148
F1_test: 0.990148
 

Arquitectura: _2_9_1_
Semilla: 1788102417
Segundos: 52
NIteraciones: 100000

Costo_train: 0.006233
Precision_train: 0.997497
Recall_train: 1.000000
F1_train: 0.998747

Costo_test: 0.006243
Precision_test: 0.995074
Recall_test: 0.995074
F1_test: 0.995074
 

Arquitectura: _2_9_1_
Semilla: 1788102417
Segundos: 52
NIteraciones: 100000

Costo_train: 0.005285
Precision_train: 0.997497
Recall_train: 1.000000
F1_train: 0.998747

Costo_test: 0.005223
Precision_test: 1.000000
Recall_test: 0.995074
F1_test: 0.997531
 

Arquitectura: _2_9_1_
Semilla: 1788102417
Segundos: 52
NIteraciones: 100000

Costo_train: 0.011063
Precision_train: 0.993742
Recall_train: 0.996236
F1_train: 0.994987

Costo_test: 0.010786
Precision_test: 0.995049
Recall_test: 0.990148
F1_test: 0.992593
 

Arquitectura: _2_9_1_
Semilla: 1788102417
Segundos: 52
NIteraciones: 100000

Costo_train: 0.005252
Precision_train: 0.997497
Recall_train: 1.000000
F1_train: 0.998747

Costo_test: 0.005126
Precision_test: 1.000000
Recall_test: 0.995074
F1_test: 0.997531
 

Arquitectura: _2_9_1_
Semilla: 1788102417
Segundos: 52
NIteraciones: 100000

Costo_train: 0.080826
Precision_train: 0.879245
Recall_train: 0.877039
F1_train: 0.878141

Costo_test: 0.077112
Precision_test: 0.879227
Recall_test: 0.896552
F1_test: 0.887805
 

Arquitectura: _2_9_1_
Semilla: 1788102417
Segundos: 52
NIteraciones: 100000

Costo_train: 0.004985
Precision_train: 0.997497
Recall_train: 1.000000
F1_train: 0.998747

Costo_test: 0.004851
Precision_test: 1.000000
Recall_test: 0.995074
F1_test: 0.997531
 

Arquitectura: _2_9_1_
Semilla: 1788102417
Segundos: 52
NIteraciones: 100000

Costo_train: 0.004007
Precision_train: 0.997497
Recall_train: 1.000000
F1_train: 0.998747

Costo_test: 0.003999
Precision_test: 1.000000
Recall_test: 0.995074
F1_test: 0.997531
 

Arquitectura: _2_9_1_
Semilla: 1788102417
Segundos: 52
NIteraciones: 100000

Costo_train: 0.005774
Precision_train: 0.997497
Recall_train: 1.000000
F1_train: 0.998747

Costo_test: 0.005698
Precision_test: 0.995074
Recall_test: 0.995074
F1_test: 0.995074
 

Arquitectura: _2_9_1_
Semilla: 1788102417
Segundos: 52
NIteraciones: 100000

Costo_train: 0.006958
Precision_train: 0.997497
Recall_train: 1.000000
F1_train: 0.998747

Costo_test: 0.006849
Precision_test: 0.995074
Recall_test: 0.995074
F1_test: 0.995074
 

Arquitectura: _2_9_1_
Semilla: 1788102417
Segundos: 52
NIteraciones: 100000

Costo_train: 0.005351
Precision_train: 0.997497
Recall_train: 1.000000
F1_train: 0.998747

Costo_test: 0.005180
Precision_test: 1.000000
Recall_test: 0.995074
F1_test: 0.997531
 

Arquitectura: _2_9_1_
Semilla: 1788102417
Segundos: 52
NIteraciones: 100000

Costo_train: 0.003550
Precision_train: 0.997497
Recall_train: 1.000000
F1_train: 0.998747

Costo_test: 0.003532
Precision_test: 1.000000
Recall_test: 1.000000
F1_test: 1.000000
 

Arquitectura: _2_9_1_
Semilla: 1788102417
Segundos: 52
NIteraciones: 100000

Costo_train: 0.004645
Precision_train: 0.997497
Recall_train: 1.000000
F1_train: 0.998747

Costo_test: 0.004630
Precision_test: 1.000000
Recall_test: 0.995074
F1_test: 0.997531
 

Arquitectura: _2_9_1_
Semilla: 1788102417
Segundos: 52
NIteraciones: 100000

Costo_train: 0.006221
Precision_train: 0.997497
Recall_train: 1.000000
F1_train: 0.998747

Costo_test: 0.006088
Precision_test: 0.995074
Recall_test: 0.995074
F1_test: 0.995074
 

Arquitectura: _2_9_1_
Semilla: 1788102417
Segundos: 52
NIteraciones: 100000

Costo_train: 0.008740
Precision_train: 0.995000
Recall_train: 0.998745
F1_train: 0.996869

Costo_test: 0.008706
Precision_test: 0.995074
Recall_test: 0.995074
F1_test: 0.995074
 

Arquitectura: _2_9_1_
Semilla: 1788102417
Segundos: 52
NIteraciones: 100000

Costo_train: 0.010740
Precision_train: 0.993742
Recall_train: 0.996236
F1_train: 0.994987

Costo_test: 0.010643
Precision_test: 0.995049
Recall_test: 0.990148
F1_test: 0.992593
 

Arquitectura: _2_9_1_
Semilla: 1788102417
Segundos: 52
NIteraciones: 100000

Costo_train: 0.005246
Precision_train: 0.997497
Recall_train: 1.000000
F1_train: 0.998747

Costo_test: 0.005230
Precision_test: 1.000000
Recall_test: 0.995074
F1_test: 0.997531
 

Arquitectura: _2_9_1_
Semilla: 1788102417
Segundos: 52
NIteraciones: 100000

Costo_train: 0.004819
Precision_train: 0.997497
Recall_train: 1.000000
F1_train: 0.998747

Costo_test: 0.004713
Precision_test: 1.000000
Recall_test: 0.995074
F1_test: 0.997531
 

Arquitectura: _2_9_1_
Semilla: 1788102417
Segundos: 52
NIteraciones: 100000

Costo_train: 0.005844
Precision_train: 0.997497
Recall_train: 1.000000
F1_train: 0.998747

Costo_test: 0.005757
Precision_test: 1.000000
Recall_test: 0.995074
F1_test: 0.997531
 

Arquitectura: _2_9_1_
Semilla: 1788102417
Segundos: 52
NIteraciones: 100000

Costo_train: 0.004526
Precision_train: 0.997497
Recall_train: 1.000000
F1_train: 0.998747

Costo_test: 0.004503
Precision_test: 1.000000
Recall_test: 0.995074
F1_test: 0.997531
 

Arquitectura: _2_9_1_
Semilla: 1788102417
Segundos: 52
NIteraciones: 100000

Costo_train: 0.006098
Precision_train: 0.997497
Recall_train: 1.000000
F1_train: 0.998747

Costo_test: 0.005875
Precision_test: 1.000000
Recall_test: 0.995074
F1_test: 0.997531
 

Arquitectura: _2_9_1_
Semilla: 1788102417
Segundos: 52
NIteraciones: 100000

Costo_train: 0.004947
Precision_train: 0.997497
Recall_train: 1.000000
F1_train: 0.998747

Costo_test: 0.004852
Precision_test: 1.000000
Recall_test: 0.995074
F1_test: 0.997531
 

Arquitectura: _2_9_1_
Semilla: 1788102417
Segundos: 52
NIteraciones: 100000

Costo_train: 0.005367
Precision_train: 0.997497
Recall_train: 1.000000
F1_train: 0.998747

Costo_test: 0.005313
Precision_test: 1.000000
Recall_test: 0.995074
F1_test: 0.997531
 

Arquitectura: _2_9_1_
Semilla: 1788102417
Segundos: 52
NIteraciones: 100000

Costo_train: 0.080822
Precision_train: 0.879093
Recall_train: 0.875784
F1_train: 0.877436

Costo_test: 0.077077
Precision_test: 0.879227
Recall_test: 0.896552
F1_test: 0.887805
 

Arquitectura: _2_9_1_
Semilla: 1788102417
Segundos: 52
NIteraciones: 100000

Costo_train: 0.004763
Precision_train: 0.997497
Recall_train: 1.000000
F1_train: 0.998747

Costo_test: 0.004726
Precision_test: 1.000000
Recall_test: 0.995074
F1_test: 0.997531
 

Arquitectura: _2_9_1_
Semilla: 1788102417
Segundos: 52
NIteraciones: 100000

Costo_train: 0.007000
Precision_train: 0.997497
Recall_train: 1.000000
F1_train: 0.998747

Costo_test: 0.006957
Precision_test: 0.995074
Recall_test: 0.995074
F1_test: 0.995074
 

Arquitectura: _2_9_1_
Semilla: 1788102417
Segundos: 52
NIteraciones: 100000

Costo_train: 0.005835
Precision_train: 0.997497
Recall_train: 1.000000
F1_train: 0.998747

Costo_test: 0.005706
Precision_test: 1.000000
Recall_test: 0.995074
F1_test: 0.997531
 

Arquitectura: _2_9_1_
Semilla: 1788102417
Segundos: 52
NIteraciones: 100000

Costo_train: 0.006648
Precision_train: 0.997497
Recall_train: 1.000000
F1_train: 0.998747

Costo_test: 0.006637
Precision_test: 0.995074
Recall_test: 0.995074
F1_test: 0.995074
 

Arquitectura: _2_9_1_
Semilla: 1788102417
Segundos: 52
NIteraciones: 100000

Costo_train: 0.006119
Precision_train: 0.997497
Recall_train: 1.000000
F1_train: 0.998747

Costo_test: 0.006092
Precision_test: 0.995074
Recall_test: 0.995074
F1_test: 0.995074
 

Arquitectura: _2_9_1_
Semilla: 1788102417
Segundos: 52
NIteraciones: 100000

Costo_train: 0.080827
Precision_train: 0.879245
Recall_train: 0.877039
F1_train: 0.878141

Costo_test: 0.077115
Precision_test: 0.879227
Recall_test: 0.896552
F1_test: 0.887805
 

Arquitectura: _2_9_1_
Semilla: 1788102417
Segundos: 52
NIteraciones: 100000

Costo_train: 0.080830
Precision_train: 0.879245
Recall_train: 0.877039
F1_train: 0.878141

Costo_test: 0.077114
Precision_test: 0.879227
Recall_test: 0.896552
F1_test: 0.887805
 

Arquitectura: _2_9_1_
Semilla: 1788102417
Segundos: 52
NIteraciones: 100000

Costo_train: 0.080808
Precision_train: 0.879245
Recall_train: 0.877039
F1_train: 0.878141

Costo_test: 0.077083
Precision_test: 0.879227
Recall_test: 0.896552
F1_test: 0.887805
 

Arquitectura: _2_9_1_
Semilla: 1788102417
Segundos: 52
NIteraciones: 100000

Costo_train: 0.080818
Precision_train: 0.879245
Recall_train: 0.877039
F1_train: 0.878141

Costo_test: 0.077094
Precision_test: 0.879227
Recall_test: 0.896552
F1_test: 0.887805
 

Arquitectura: _2_9_1_
Semilla: 1788102417
Segundos: 52
NIteraciones: 100000

Costo_train: 0.080828
Precision_train: 0.879093
Recall_train: 0.875784
F1_train: 0.877436

Costo_test: 0.077076
Precision_test: 0.879227
Recall_test: 0.896552
F1_test: 0.887805
 

Arquitectura: _2_9_1_
Semilla: 1788102417
Segundos: 52
NIteraciones: 100000

Costo_train: 0.010287
Precision_train: 0.993750
Recall_train: 0.997491
F1_train: 0.995617

Costo_test: 0.010273
Precision_test: 0.995049
Recall_test: 0.990148
F1_test: 0.992593
 

Arquitectura: _2_9_1_
Semilla: 1788102417
Segundos: 52
NIteraciones: 100000

Costo_train: 0.005234
Precision_train: 0.997497
Recall_train: 1.000000
F1_train: 0.998747

Costo_test: 0.005150
Precision_test: 1.000000
Recall_test: 0.995074
F1_test: 0.997531
 

Arquitectura: _2_9_1_
Semilla: 1788102417
Segundos: 52
NIteraciones: 100000

Costo_train: 0.080801
Precision_train: 0.879093
Recall_train: 0.875784
F1_train: 0.877436

Costo_test: 0.077054
Precision_test: 0.879227
Recall_test: 0.896552
F1_test: 0.887805
 

Arquitectura: _2_9_1_
Semilla: 1788102417
Segundos: 52
NIteraciones: 100000

Costo_train: 0.011138
Precision_train: 0.993742
Recall_train: 0.996236
F1_train: 0.994987

Costo_test: 0.011114
Precision_test: 0.995049
Recall_test: 0.990148
F1_test: 0.992593
 

Arquitectura: _2_9_1_
Semilla: 1788102417
Segundos: 52
NIteraciones: 100000

Costo_train: 0.080815
Precision_train: 0.879093
Recall_train: 0.875784
F1_train: 0.877436

Costo_test: 0.077086
Precision_test: 0.879227
Recall_test: 0.896552
F1_test: 0.887805
 

Arquitectura: _2_9_1_
Semilla: 1788102417
Segundos: 52
NIteraciones: 100000

Costo_train: 0.005817
Precision_train: 0.997497
Recall_train: 1.000000
F1_train: 0.998747

Costo_test: 0.005712
Precision_test: 0.995074
Recall_test: 0.995074
F1_test: 0.995074
 

Arquitectura: _2_9_1_
Semilla: 1788102417
Segundos: 52
NIteraciones: 100000

Costo_train: 0.007031
Precision_train: 0.997497
Recall_train: 1.000000
F1_train: 0.998747

Costo_test: 0.007105
Precision_test: 0.995074
Recall_test: 0.995074
F1_test: 0.995074
 

Arquitectura: _2_9_1_
Semilla: 1788102417
Segundos: 52
NIteraciones: 100000

Costo_train: 0.080711
Precision_train: 0.879397
Recall_train: 0.878294
F1_train: 0.878845

Costo_test: 0.077012
Precision_test: 0.879227
Recall_test: 0.896552
F1_test: 0.887805
 

Arquitectura: _2_9_1_
Semilla: 1788102417
Segundos: 52
NIteraciones: 100000

Costo_train: 0.080828
Precision_train: 0.879093
Recall_train: 0.875784
F1_train: 0.877436

Costo_test: 0.077090
Precision_test: 0.879227
Recall_test: 0.896552
F1_test: 0.887805
 

Arquitectura: _2_9_1_
Semilla: 1788102417
Segundos: 52
NIteraciones: 100000

Costo_train: 0.080841
Precision_train: 0.879245
Recall_train: 0.877039
F1_train: 0.878141

Costo_test: 0.077110
Precision_test: 0.879227
Recall_test: 0.896552
F1_test: 0.887805
 

Arquitectura: _2_9_1_
Semilla: 1788102417
Segundos: 52
NIteraciones: 100000

Costo_train: 0.006985
Precision_train: 0.997497
Recall_train: 1.000000
F1_train: 0.998747

Costo_test: 0.006839
Precision_test: 0.995074
Recall_test: 0.995074
F1_test: 0.995074
 

Arquitectura: _2_9_1_
Semilla: 1788102417
Segundos: 52
NIteraciones: 100000

Costo_train: 0.005267
Precision_train: 0.997497
Recall_train: 1.000000
F1_train: 0.998747

Costo_test: 0.005151
Precision_test: 1.000000
Recall_test: 0.995074
F1_test: 0.997531
 

Arquitectura: _2_9_1_
Semilla: 1788102417
Segundos: 52
NIteraciones: 100000

Costo_train: 0.006279
Precision_train: 0.997497
Recall_train: 1.000000
F1_train: 0.998747

Costo_test: 0.006120
Precision_test: 0.995074
Recall_test: 0.995074
F1_test: 0.995074
 

Arquitectura: _2_9_1_
Semilla: 1788102417
Segundos: 52
NIteraciones: 100000

Costo_train: 0.005150
Precision_train: 0.997497
Recall_train: 1.000000
F1_train: 0.998747

Costo_test: 0.005108
Precision_test: 1.000000
Recall_test: 0.995074
F1_test: 0.997531
 

Arquitectura: _2_9_1_
Semilla: 1788102417
Segundos: 52
NIteraciones: 100000

Costo_train: 0.008440
Precision_train: 0.996250
Recall_train: 1.000000
F1_train: 0.998122

Costo_test: 0.008316
Precision_test: 0.995074
Recall_test: 0.995074
F1_test: 0.995074
 

Arquitectura: _2_9_1_
Semilla: 1788102417
Segundos: 52
NIteraciones: 100000

Costo_train: 0.004130
Precision_train: 0.997497
Recall_train: 1.000000
F1_train: 0.998747

Costo_test: 0.004090
Precision_test: 1.000000
Recall_test: 0.995074
F1_test: 0.997531
 

Arquitectura: _2_9_1_
Semilla: 1788102417
Segundos: 52
NIteraciones: 100000

Costo_train: 0.006003
Precision_train: 0.997497
Recall_train: 1.000000
F1_train: 0.998747

Costo_test: 0.005917
Precision_test: 0.995074
Recall_test: 0.995074
F1_test: 0.995074
 

Arquitectura: _2_9_1_
Semilla: 1788102417
Segundos: 52
NIteraciones: 100000

Costo_train: 0.006780
Precision_train: 0.997497
Recall_train: 1.000000
F1_train: 0.998747

Costo_test: 0.006869
Precision_test: 0.995074
Recall_test: 0.995074
F1_test: 0.995074
 

Arquitectura: _2_9_1_
Semilla: 1788102417
Segundos: 52
NIteraciones: 100000

Costo_train: 0.011237
Precision_train: 0.993742
Recall_train: 0.996236
F1_train: 0.994987

Costo_test: 0.010902
Precision_test: 0.995049
Recall_test: 0.990148
F1_test: 0.992593
 

Arquitectura: _2_9_1_
Semilla: 1788102417
Segundos: 52
NIteraciones: 100000

Costo_train: 0.080826
Precision_train: 0.879093
Recall_train: 0.875784
F1_train: 0.877436

Costo_test: 0.077080
Precision_test: 0.879227
Recall_test: 0.896552
F1_test: 0.887805
 

Arquitectura: _2_9_1_
Semilla: 1788102417
Segundos: 52
NIteraciones: 100000

Costo_train: 0.006932
Precision_train: 0.997497
Recall_train: 1.000000
F1_train: 0.998747

Costo_test: 0.006936
Precision_test: 0.995074
Recall_test: 0.995074
F1_test: 0.995074
 

Arquitectura: _2_9_1_
Semilla: 1788102417
Segundos: 52
NIteraciones: 100000

Costo_train: 0.080819
Precision_train: 0.879093
Recall_train: 0.875784
F1_train: 0.877436

Costo_test: 0.077067
Precision_test: 0.879227
Recall_test: 0.896552
F1_test: 0.887805
 

Arquitectura: _2_9_1_
Semilla: 1788102417
Segundos: 52
NIteraciones: 100000

Costo_train: 0.080806
Precision_train: 0.879245
Recall_train: 0.877039
F1_train: 0.878141

Costo_test: 0.077081
Precision_test: 0.879227
Recall_test: 0.896552
F1_test: 0.887805
 

Arquitectura: _2_9_1_
Semilla: 1788102417
Segundos: 52
NIteraciones: 100000

Costo_train: 0.006100
Precision_train: 0.997497
Recall_train: 1.000000
F1_train: 0.998747

Costo_test: 0.006010
Precision_test: 0.995074
Recall_test: 0.995074
F1_test: 0.995074
 


--- Test Profunda 3.0 ---
Iteración 10000
Costo: 0.220404
Iteración 20000
Costo: 0.083472
Iteración 30000
Costo: 0.082861
Iteración 40000
Costo: 0.082476
Iteración 50000
Costo: 0.082205
Iteración 60000
Costo: 0.082007
Iteración 70000
Costo: 0.081856
Iteración 80000
Costo: 0.081737
Iteración 90000
Costo: 0.081641

Arquitectura: _2_3_3_3_1_
Semilla: 1788102469
Segundos: 140
NIteraciones: 100000

Costo_train: 0.081563
Precision_train: 0.881313
Recall_train: 0.875784
F1_train: 0.878540

Costo_test: 0.077662
Precision_test: 0.879227
Recall_test: 0.896552
F1_test: 0.887805
 

Arquitectura: _2_3_3_3_1_
Semilla: 1788102469
Segundos: 140
NIteraciones: 100000

Costo_train: 0.081711
Precision_train: 0.879093
Recall_train: 0.875784
F1_train: 0.877436

Costo_test: 0.077838
Precision_test: 0.879227
Recall_test: 0.896552
F1_test: 0.887805
 

Arquitectura: _2_3_3_3_1_
Semilla: 1788102469
Segundos: 140
NIteraciones: 100000

Costo_train: 0.002231
Precision_train: 0.997497
Recall_train: 1.000000
F1_train: 0.998747

Costo_test: 0.002555
Precision_test: 1.000000
Recall_test: 0.995074
F1_test: 0.997531
 

Arquitectura: _2_3_3_3_1_
Semilla: 1788102469
Segundos: 140
NIteraciones: 100000

Costo_train: 0.081984
Precision_train: 0.881163
Recall_train: 0.874529
F1_train: 0.877834

Costo_test: 0.078044
Precision_test: 0.879227
Recall_test: 0.896552
F1_test: 0.887805
 

Arquitectura: _2_3_3_3_1_
Semilla: 1788102469
Segundos: 140
NIteraciones: 100000

Costo_train: 0.081497
Precision_train: 0.880202
Recall_train: 0.875784
F1_train: 0.877987

Costo_test: 0.077620
Precision_test: 0.879227
Recall_test: 0.896552
F1_test: 0.887805
 

Arquitectura: _2_3_3_3_1_
Semilla: 1788102469
Segundos: 140
NIteraciones: 100000

Costo_train: 0.081710
Precision_train: 0.879397
Recall_train: 0.878294
F1_train: 0.878845

Costo_test: 0.077871
Precision_test: 0.879227
Recall_test: 0.896552
F1_test: 0.887805
 

Arquitectura: _2_3_3_3_1_
Semilla: 1788102469
Segundos: 140
NIteraciones: 100000

Costo_train: 0.001458
Precision_train: 0.998747
Recall_train: 1.000000
F1_train: 0.999373

Costo_test: 0.001542
Precision_test: 1.000000
Recall_test: 1.000000
F1_test: 1.000000
 

Arquitectura: _2_3_3_3_1_
Semilla: 1788102469
Segundos: 140
NIteraciones: 100000

Costo_train: 0.001939
Precision_train: 0.997497
Recall_train: 1.000000
F1_train: 0.998747

Costo_test: 0.002123
Precision_test: 1.000000
Recall_test: 0.995074
F1_test: 0.997531
 

Arquitectura: _2_3_3_3_1_
Semilla: 1788102469
Segundos: 140
NIteraciones: 100000

Costo_train: 0.081712
Precision_train: 0.881163
Recall_train: 0.874529
F1_train: 0.877834

Costo_test: 0.077794
Precision_test: 0.879227
Recall_test: 0.896552
F1_test: 0.887805
 

Arquitectura: _2_3_3_3_1_
Semilla: 1788102469
Segundos: 140
NIteraciones: 100000

Costo_train: 0.081495
Precision_train: 0.881163
Recall_train: 0.874529
F1_train: 0.877834

Costo_test: 0.077598
Precision_test: 0.879227
Recall_test: 0.896552
F1_test: 0.887805
 

Arquitectura: _2_3_3_3_1_
Semilla: 1788102469
Segundos: 140
NIteraciones: 100000

Costo_train: 0.001547
Precision_train: 0.997497
Recall_train: 1.000000
F1_train: 0.998747

Costo_test: 0.001645
Precision_test: 1.000000
Recall_test: 1.000000
F1_test: 1.000000
 

Arquitectura: _2_3_3_3_1_
Semilla: 1788102469
Segundos: 140
NIteraciones: 100000

Costo_train: 0.001756
Precision_train: 0.997497
Recall_train: 1.000000
F1_train: 0.998747

Costo_test: 0.001918
Precision_test: 1.000000
Recall_test: 0.995074
F1_test: 0.997531
 

Arquitectura: _2_3_3_3_1_
Semilla: 1788102469
Segundos: 140
NIteraciones: 100000

Costo_train: 0.003212
Precision_train: 0.997497
Recall_train: 1.000000
F1_train: 0.998747

Costo_test: 0.003386
Precision_test: 1.000000
Recall_test: 0.995074
F1_test: 0.997531
 

Arquitectura: _2_3_3_3_1_
Semilla: 1788102469
Segundos: 140
NIteraciones: 100000

Costo_train: 0.001497
Precision_train: 0.997497
Recall_train: 1.000000
F1_train: 0.998747

Costo_test: 0.001631
Precision_test: 1.000000
Recall_test: 0.995074
F1_test: 0.997531
 

Arquitectura: _2_3_3_3_1_
Semilla: 1788102469
Segundos: 140
NIteraciones: 100000

Costo_train: 0.081601
Precision_train: 0.879397
Recall_train: 0.878294
F1_train: 0.878845

Costo_test: 0.077764
Precision_test: 0.879227
Recall_test: 0.896552
F1_test: 0.887805
 

Arquitectura: _2_3_3_3_1_
Semilla: 1788102469
Segundos: 140
NIteraciones: 100000

Costo_train: 0.081625
Precision_train: 0.881163
Recall_train: 0.874529
F1_train: 0.877834

Costo_test: 0.077723
Precision_test: 0.879227
Recall_test: 0.896552
F1_test: 0.887805
 

Arquitectura: _2_3_3_3_1_
Semilla: 1788102469
Segundos: 140
NIteraciones: 100000

Costo_train: 0.081701
Precision_train: 0.879397
Recall_train: 0.878294
F1_train: 0.878845

Costo_test: 0.077889
Precision_test: 0.879808
Recall_test: 0.901478
F1_test: 0.890511
 

Arquitectura: _2_3_3_3_1_
Semilla: 1788102469
Segundos: 140
NIteraciones: 100000

Costo_train: 0.081696
Precision_train: 0.881313
Recall_train: 0.875784
F1_train: 0.878540

Costo_test: 0.077829
Precision_test: 0.879227
Recall_test: 0.896552
F1_test: 0.887805
 

Arquitectura: _2_3_3_3_1_
Semilla: 1788102469
Segundos: 140
NIteraciones: 100000

Costo_train: 0.081706
Precision_train: 0.879093
Recall_train: 0.875784
F1_train: 0.877436

Costo_test: 0.077816
Precision_test: 0.879227
Recall_test: 0.896552
F1_test: 0.887805
 

Arquitectura: _2_3_3_3_1_
Semilla: 1788102469
Segundos: 140
NIteraciones: 100000

Costo_train: 0.081567
Precision_train: 0.880202
Recall_train: 0.875784
F1_train: 0.877987

Costo_test: 0.077692
Precision_test: 0.879227
Recall_test: 0.896552
F1_test: 0.887805
 

Arquitectura: _2_3_3_3_1_
Semilla: 1788102469
Segundos: 140
NIteraciones: 100000

Costo_train: 0.081491
Precision_train: 0.880202
Recall_train: 0.875784
F1_train: 0.877987

Costo_test: 0.077616
Precision_test: 0.879227
Recall_test: 0.896552
F1_test: 0.887805
 

Arquitectura: _2_3_3_3_1_
Semilla: 1788102469
Segundos: 140
NIteraciones: 100000

Costo_train: 0.081535
Precision_train: 0.882129
Recall_train: 0.873275
F1_train: 0.877680

Costo_test: 0.077650
Precision_test: 0.879227
Recall_test: 0.896552
F1_test: 0.887805
 

Arquitectura: _2_3_3_3_1_
Semilla: 1788102469
Segundos: 140
NIteraciones: 100000

Costo_train: 0.081667
Precision_train: 0.882129
Recall_train: 0.873275
F1_train: 0.877680

Costo_test: 0.077741
Precision_test: 0.879227
Recall_test: 0.896552
F1_test: 0.887805
 

Arquitectura: _2_3_3_3_1_
Semilla: 1788102469
Segundos: 140
NIteraciones: 100000

Costo_train: 0.001673
Precision_train: 0.997497
Recall_train: 1.000000
F1_train: 0.998747

Costo_test: 0.001797
Precision_test: 1.000000
Recall_test: 0.995074
F1_test: 0.997531
 

Arquitectura: _2_3_3_3_1_
Semilla: 1788102469
Segundos: 140
NIteraciones: 100000

Costo_train: 0.080261
Precision_train: 0.891443
Recall_train: 0.875784
F1_train: 0.883544

Costo_test: 0.075854
Precision_test: 0.887805
Recall_test: 0.896552
F1_test: 0.892157
 

Arquitectura: _2_3_3_3_1_
Semilla: 1788102469
Segundos: 140
NIteraciones: 100000

Costo_train: 0.081782
Precision_train: 0.882129
Recall_train: 0.873275
F1_train: 0.877680

Costo_test: 0.077813
Precision_test: 0.878641
Recall_test: 0.891626
F1_test: 0.885086
 

Arquitectura: _2_3_3_3_1_
Semilla: 1788102469
Segundos: 140
NIteraciones: 100000

Costo_train: 0.001837
Precision_train: 0.997497
Recall_train: 1.000000
F1_train: 0.998747

Costo_test: 0.001948
Precision_test: 1.000000
Recall_test: 1.000000
F1_test: 1.000000
 

Arquitectura: _2_3_3_3_1_
Semilla: 1788102469
Segundos: 140
NIteraciones: 100000

Costo_train: 0.003165
Precision_train: 0.997497
Recall_train: 1.000000
F1_train: 0.998747

Costo_test: 0.002846
Precision_test: 1.000000
Recall_test: 1.000000
F1_test: 1.000000
 

Arquitectura: _2_3_3_3_1_
Semilla: 1788102469
Segundos: 140
NIteraciones: 100000

Costo_train: 0.081626
Precision_train: 0.882279
Recall_train: 0.874529
F1_train: 0.878387

Costo_test: 0.077716
Precision_test: 0.879227
Recall_test: 0.896552
F1_test: 0.887805
 

Arquitectura: _2_3_3_3_1_
Semilla: 1788102469
Segundos: 140
NIteraciones: 100000

Costo_train: 0.001694
Precision_train: 0.997497
Recall_train: 1.000000
F1_train: 0.998747

Costo_test: 0.001865
Precision_test: 1.000000
Recall_test: 1.000000
F1_test: 1.000000
 

Arquitectura: _2_3_3_3_1_
Semilla: 1788102469
Segundos: 140
NIteraciones: 100000

Costo_train: 0.003336
Precision_train: 0.997497
Recall_train: 1.000000
F1_train: 0.998747

Costo_test: 0.003871
Precision_test: 1.000000
Recall_test: 0.995074
F1_test: 0.997531
 

Arquitectura: _2_3_3_3_1_
Semilla: 1788102469
Segundos: 140
NIteraciones: 100000

Costo_train: 0.081738
Precision_train: 0.879093
Recall_train: 0.875784
F1_train: 0.877436

Costo_test: 0.077871
Precision_test: 0.879227
Recall_test: 0.896552
F1_test: 0.887805
 

Arquitectura: _2_3_3_3_1_
Semilla: 1788102469
Segundos: 140
NIteraciones: 100000

Costo_train: 0.081658
Precision_train: 0.881163
Recall_train: 0.874529
F1_train: 0.877834

Costo_test: 0.077740
Precision_test: 0.879227
Recall_test: 0.896552
F1_test: 0.887805
 

Arquitectura: _2_3_3_3_1_
Semilla: 1788102469
Segundos: 140
NIteraciones: 100000

Costo_train: 0.001740
Precision_train: 0.997497
Recall_train: 1.000000
F1_train: 0.998747

Costo_test: 0.001842
Precision_test: 1.000000
Recall_test: 1.000000
F1_test: 1.000000
 

Arquitectura: _2_3_3_3_1_
Semilla: 1788102469
Segundos: 140
NIteraciones: 100000

Costo_train: 0.081767
Precision_train: 0.882129
Recall_train: 0.873275
F1_train: 0.877680

Costo_test: 0.077786
Precision_test: 0.878641
Recall_test: 0.891626
F1_test: 0.885086
 

Arquitectura: _2_3_3_3_1_
Semilla: 1788102469
Segundos: 140
NIteraciones: 100000

Costo_train: 0.081491
Precision_train: 0.881313
Recall_train: 0.875784
F1_train: 0.878540

Costo_test: 0.077599
Precision_test: 0.879227
Recall_test: 0.896552
F1_test: 0.887805
 

Arquitectura: _2_3_3_3_1_
Semilla: 1788102469
Segundos: 140
NIteraciones: 100000

Costo_train: 0.001512
Precision_train: 0.997497
Recall_train: 1.000000
F1_train: 0.998747

Costo_test: 0.001643
Precision_test: 1.000000
Recall_test: 1.000000
F1_test: 1.000000
 

Arquitectura: _2_3_3_3_1_
Semilla: 1788102469
Segundos: 140
NIteraciones: 100000

Costo_train: 0.081590
Precision_train: 0.882129
Recall_train: 0.873275
F1_train: 0.877680

Costo_test: 0.077660
Precision_test: 0.879227
Recall_test: 0.896552
F1_test: 0.887805
 

Arquitectura: _2_3_3_3_1_
Semilla: 1788102469
Segundos: 140
NIteraciones: 100000

Costo_train: 0.081673
Precision_train: 0.879093
Recall_train: 0.875784
F1_train: 0.877436

Costo_test: 0.077808
Precision_test: 0.879227
Recall_test: 0.896552
F1_test: 0.887805
 

Arquitectura: _2_3_3_3_1_
Semilla: 1788102469
Segundos: 140
NIteraciones: 100000

Costo_train: 0.081596
Precision_train: 0.882129
Recall_train: 0.873275
F1_train: 0.877680

Costo_test: 0.077642
Precision_test: 0.879227
Recall_test: 0.896552
F1_test: 0.887805
 

Arquitectura: _2_3_3_3_1_
Semilla: 1788102469
Segundos: 140
NIteraciones: 100000

Costo_train: 0.081633
Precision_train: 0.881313
Recall_train: 0.875784
F1_train: 0.878540

Costo_test: 0.077734
Precision_test: 0.879227
Recall_test: 0.896552
F1_test: 0.887805
 

Arquitectura: _2_3_3_3_1_
Semilla: 1788102469
Segundos: 140
NIteraciones: 100000

Costo_train: 0.081520
Precision_train: 0.882129
Recall_train: 0.873275
F1_train: 0.877680

Costo_test: 0.077609
Precision_test: 0.879227
Recall_test: 0.896552
F1_test: 0.887805
 

Arquitectura: _2_3_3_3_1_
Semilla: 1788102469
Segundos: 140
NIteraciones: 100000

Costo_train: 0.081727
Precision_train: 0.879245
Recall_train: 0.877039
F1_train: 0.878141

Costo_test: 0.077891
Precision_test: 0.879227
Recall_test: 0.896552
F1_test: 0.887805
 

Arquitectura: _2_3_3_3_1_
Semilla: 1788102469
Segundos: 140
NIteraciones: 100000

Costo_train: 0.081573
Precision_train: 0.879093
Recall_train: 0.875784
F1_train: 0.877436

Costo_test: 0.077711
Precision_test: 0.879227
Recall_test: 0.896552
F1_test: 0.887805
 

Arquitectura: _2_3_3_3_1_
Semilla: 1788102469
Segundos: 140
NIteraciones: 100000

Costo_train: 0.081534
Precision_train: 0.880202
Recall_train: 0.875784
F1_train: 0.877987

Costo_test: 0.077667
Precision_test: 0.879227
Recall_test: 0.896552
F1_test: 0.887805
 

Arquitectura: _2_3_3_3_1_
Semilla: 1788102469
Segundos: 140
NIteraciones: 100000

Costo_train: 0.081820
Precision_train: 0.880202
Recall_train: 0.875784
F1_train: 0.877987

Costo_test: 0.077908
Precision_test: 0.879227
Recall_test: 0.896552
F1_test: 0.887805
 

Arquitectura: _2_3_3_3_1_
Semilla: 1788102469
Segundos: 140
NIteraciones: 100000

Costo_train: 0.001389
Precision_train: 0.998747
Recall_train: 1.000000
F1_train: 0.999373

Costo_test: 0.001471
Precision_test: 1.000000
Recall_test: 1.000000
F1_test: 1.000000
 

Arquitectura: _2_3_3_3_1_
Semilla: 1788102469
Segundos: 140
NIteraciones: 100000

Costo_train: 0.081634
Precision_train: 0.881163
Recall_train: 0.874529
F1_train: 0.877834

Costo_test: 0.077721
Precision_test: 0.879227
Recall_test: 0.896552
F1_test: 0.887805
 

Arquitectura: _2_3_3_3_1_
Semilla: 1788102469
Segundos: 140
NIteraciones: 100000

Costo_train: 0.081595
Precision_train: 0.879245
Recall_train: 0.877039
F1_train: 0.878141

Costo_test: 0.077764
Precision_test: 0.879227
Recall_test: 0.896552
F1_test: 0.887805
 

Arquitectura: _2_3_3_3_1_
Semilla: 1788102469
Segundos: 140
NIteraciones: 100000

Costo_train: 0.001506
Precision_train: 0.997497
Recall_train: 1.000000
F1_train: 0.998747

Costo_test: 0.001605
Precision_test: 1.000000
Recall_test: 1.000000
F1_test: 1.000000
 

Arquitectura: _2_3_3_3_1_
Semilla: 1788102469
Segundos: 140
NIteraciones: 100000

Costo_train: 0.081736
Precision_train: 0.881163
Recall_train: 0.874529
F1_train: 0.877834

Costo_test: 0.077816
Precision_test: 0.879227
Recall_test: 0.896552
F1_test: 0.887805
 

Arquitectura: _2_3_3_3_1_
Semilla: 1788102469
Segundos: 140
NIteraciones: 100000

Costo_train: 0.081541
Precision_train: 0.881313
Recall_train: 0.875784
F1_train: 0.878540

Costo_test: 0.077649
Precision_test: 0.879227
Recall_test: 0.896552
F1_test: 0.887805
 

Arquitectura: _2_3_3_3_1_
Semilla: 1788102469
Segundos: 140
NIteraciones: 100000

Costo_train: 0.081523
Precision_train: 0.882129
Recall_train: 0.873275
F1_train: 0.877680

Costo_test: 0.077610
Precision_test: 0.879227
Recall_test: 0.896552
F1_test: 0.887805
 

Arquitectura: _2_3_3_3_1_
Semilla: 1788102469
Segundos: 140
NIteraciones: 100000

Costo_train: 0.081517
Precision_train: 0.881313
Recall_train: 0.875784
F1_train: 0.878540

Costo_test: 0.077629
Precision_test: 0.879227
Recall_test: 0.896552
F1_test: 0.887805
 

Arquitectura: _2_3_3_3_1_
Semilla: 1788102469
Segundos: 140
NIteraciones: 100000

Costo_train: 0.001838
Precision_train: 0.997497
Recall_train: 1.000000
F1_train: 0.998747

Costo_test: 0.001996
Precision_test: 1.000000
Recall_test: 0.995074
F1_test: 0.997531
 

Arquitectura: _2_3_3_3_1_
Semilla: 1788102469
Segundos: 140
NIteraciones: 100000

Costo_train: 0.081645
Precision_train: 0.879093
Recall_train: 0.875784
F1_train: 0.877436

Costo_test: 0.077770
Precision_test: 0.879227
Recall_test: 0.896552
F1_test: 0.887805
 

Arquitectura: _2_3_3_3_1_
Semilla: 1788102469
Segundos: 140
NIteraciones: 100000

Costo_train: 0.081552
Precision_train: 0.881313
Recall_train: 0.875784
F1_train: 0.878540

Costo_test: 0.077713
Precision_test: 0.879227
Recall_test: 0.896552
F1_test: 0.887805
 

Arquitectura: _2_3_3_3_1_
Semilla: 1788102469
Segundos: 140
NIteraciones: 100000

Costo_train: 0.081686
Precision_train: 0.879093
Recall_train: 0.875784
F1_train: 0.877436

Costo_test: 0.077816
Precision_test: 0.879227
Recall_test: 0.896552
F1_test: 0.887805
 

Arquitectura: _2_3_3_3_1_
Semilla: 1788102469
Segundos: 140
NIteraciones: 100000

Costo_train: 0.081802
Precision_train: 0.881163
Recall_train: 0.874529
F1_train: 0.877834

Costo_test: 0.077861
Precision_test: 0.879227
Recall_test: 0.896552
F1_test: 0.887805
 

Arquitectura: _2_3_3_3_1_
Semilla: 1788102469
Segundos: 140
NIteraciones: 100000

Costo_train: 0.081566
Precision_train: 0.880202
Recall_train: 0.875784
F1_train: 0.877987

Costo_test: 0.077693
Precision_test: 0.879227
Recall_test: 0.896552
F1_test: 0.887805
 

Arquitectura: _2_3_3_3_1_
Semilla: 1788102469
Segundos: 140
NIteraciones: 100000

Costo_train: 0.001566
Precision_train: 0.997497
Recall_train: 1.000000
F1_train: 0.998747

Costo_test: 0.001629
Precision_test: 1.000000
Recall_test: 1.000000
F1_test: 1.000000
 

Arquitectura: _2_3_3_3_1_
Semilla: 1788102469
Segundos: 140
NIteraciones: 100000

Costo_train: 0.081603
Precision_train: 0.882129
Recall_train: 0.873275
F1_train: 0.877680

Costo_test: 0.077668
Precision_test: 0.879227
Recall_test: 0.896552
F1_test: 0.887805
 

Arquitectura: _2_3_3_3_1_
Semilla: 1788102469
Segundos: 140
NIteraciones: 100000

Costo_train: 0.081613
Precision_train: 0.881313
Recall_train: 0.875784
F1_train: 0.878540

Costo_test: 0.077706
Precision_test: 0.879227
Recall_test: 0.896552
F1_test: 0.887805
 

Arquitectura: _2_3_3_3_1_
Semilla: 1788102469
Segundos: 140
NIteraciones: 100000

Costo_train: 0.001698
Precision_train: 0.997497
Recall_train: 1.000000
F1_train: 0.998747

Costo_test: 0.001798
Precision_test: 1.000000
Recall_test: 1.000000
F1_test: 1.000000
 

Arquitectura: _2_3_3_3_1_
Semilla: 1788102469
Segundos: 140
NIteraciones: 100000

Costo_train: 0.005725
Precision_train: 0.997497
Recall_train: 1.000000
F1_train: 0.998747

Costo_test: 0.006394
Precision_test: 0.995074
Recall_test: 0.995074
F1_test: 0.995074
 

Arquitectura: _2_3_3_3_1_
Semilla: 1788102469
Segundos: 140
NIteraciones: 100000

Costo_train: 0.081564
Precision_train: 0.879093
Recall_train: 0.875784
F1_train: 0.877436

Costo_test: 0.077724
Precision_test: 0.879227
Recall_test: 0.896552
F1_test: 0.887805
 

Arquitectura: _2_3_3_3_1_
Semilla: 1788102469
Segundos: 140
NIteraciones: 100000

Costo_train: 0.081586
Precision_train: 0.879093
Recall_train: 0.875784
F1_train: 0.877436

Costo_test: 0.077720
Precision_test: 0.879227
Recall_test: 0.896552
F1_test: 0.887805
 

Arquitectura: _2_3_3_3_1_
Semilla: 1788102469
Segundos: 140
NIteraciones: 100000

Costo_train: 0.081661
Precision_train: 0.881313
Recall_train: 0.875784
F1_train: 0.878540

Costo_test: 0.077759
Precision_test: 0.879227
Recall_test: 0.896552
F1_test: 0.887805
 

Arquitectura: _2_3_3_3_1_
Semilla: 1788102469
Segundos: 140
NIteraciones: 100000

Costo_train: 0.081644
Precision_train: 0.880202
Recall_train: 0.875784
F1_train: 0.877987

Costo_test: 0.077765
Precision_test: 0.879227
Recall_test: 0.896552
F1_test: 0.887805
 

Arquitectura: _2_3_3_3_1_
Semilla: 1788102469
Segundos: 140
NIteraciones: 100000

Costo_train: 0.081508
Precision_train: 0.879093
Recall_train: 0.875784
F1_train: 0.877436

Costo_test: 0.077649
Precision_test: 0.879227
Recall_test: 0.896552
F1_test: 0.887805
 

Arquitectura: _2_3_3_3_1_
Semilla: 1788102469
Segundos: 140
NIteraciones: 100000

Costo_train: 0.081910
Precision_train: 0.881163
Recall_train: 0.874529
F1_train: 0.877834

Costo_test: 0.077982
Precision_test: 0.879227
Recall_test: 0.896552
F1_test: 0.887805
 

Arquitectura: _2_3_3_3_1_
Semilla: 1788102469
Segundos: 140
NIteraciones: 100000

Costo_train: 0.001496
Precision_train: 0.997497
Recall_train: 1.000000
F1_train: 0.998747

Costo_test: 0.001646
Precision_test: 1.000000
Recall_test: 1.000000
F1_test: 1.000000
 

Arquitectura: _2_3_3_3_1_
Semilla: 1788102469
Segundos: 140
NIteraciones: 100000

Costo_train: 0.081529
Precision_train: 0.881313
Recall_train: 0.875784
F1_train: 0.878540

Costo_test: 0.077653
Precision_test: 0.879227
Recall_test: 0.896552
F1_test: 0.887805
 

Arquitectura: _2_3_3_3_1_
Semilla: 1788102469
Segundos: 140
NIteraciones: 100000

Costo_train: 0.081677
Precision_train: 0.881980
Recall_train: 0.872020
F1_train: 0.876972

Costo_test: 0.077702
Precision_test: 0.878641
Recall_test: 0.891626
F1_test: 0.885086
 

Arquitectura: _2_3_3_3_1_
Semilla: 1788102469
Segundos: 140
NIteraciones: 100000

Costo_train: 0.081497
Precision_train: 0.879093
Recall_train: 0.875784
F1_train: 0.877436

Costo_test: 0.077668
Precision_test: 0.879227
Recall_test: 0.896552
F1_test: 0.887805
 

Arquitectura: _2_3_3_3_1_
Semilla: 1788102469
Segundos: 140
NIteraciones: 100000

Costo_train: 0.081576
Precision_train: 0.879093
Recall_train: 0.875784
F1_train: 0.877436

Costo_test: 0.077726
Precision_test: 0.879227
Recall_test: 0.896552
F1_test: 0.887805
 

Arquitectura: _2_3_3_3_1_
Semilla: 1788102469
Segundos: 140
NIteraciones: 100000

Costo_train: 0.081628
Precision_train: 0.881313
Recall_train: 0.875784
F1_train: 0.878540

Costo_test: 0.077730
Precision_test: 0.879227
Recall_test: 0.896552
F1_test: 0.887805
 

Arquitectura: _2_3_3_3_1_
Semilla: 1788102469
Segundos: 140
NIteraciones: 100000

Costo_train: 0.081513
Precision_train: 0.879093
Recall_train: 0.875784
F1_train: 0.877436

Costo_test: 0.077675
Precision_test: 0.879227
Recall_test: 0.896552
F1_test: 0.887805
 

Arquitectura: _2_3_3_3_1_
Semilla: 1788102469
Segundos: 140
NIteraciones: 100000

Costo_train: 0.081654
Precision_train: 0.881313
Recall_train: 0.875784
F1_train: 0.878540

Costo_test: 0.077752
Precision_test: 0.879227
Recall_test: 0.896552
F1_test: 0.887805
 

Arquitectura: _2_3_3_3_1_
Semilla: 1788102469
Segundos: 140
NIteraciones: 100000

Costo_train: 0.081617
Precision_train: 0.881163
Recall_train: 0.874529
F1_train: 0.877834

Costo_test: 0.077710
Precision_test: 0.879227
Recall_test: 0.896552
F1_test: 0.887805
 

Arquitectura: _2_3_3_3_1_
Semilla: 1788102469
Segundos: 140
NIteraciones: 100000

Costo_train: 0.081573
Precision_train: 0.879093
Recall_train: 0.875784
F1_train: 0.877436

Costo_test: 0.077718
Precision_test: 0.879227
Recall_test: 0.896552
F1_test: 0.887805
 

Arquitectura: _2_3_3_3_1_
Semilla: 1788102469
Segundos: 140
NIteraciones: 100000

Costo_train: 0.081563
Precision_train: 0.881313
Recall_train: 0.875784
F1_train: 0.878540

Costo_test: 0.077674
Precision_test: 0.879227
Recall_test: 0.896552
F1_test: 0.887805
 

Arquitectura: _2_3_3_3_1_
Semilla: 1788102469
Segundos: 140
NIteraciones: 100000

Costo_train: 0.081640
Precision_train: 0.882129
Recall_train: 0.873275
F1_train: 0.877680

Costo_test: 0.077717
Precision_test: 0.879227
Recall_test: 0.896552
F1_test: 0.887805
 

Arquitectura: _2_3_3_3_1_
Semilla: 1788102469
Segundos: 140
NIteraciones: 100000

Costo_train: 0.081572
Precision_train: 0.880202
Recall_train: 0.875784
F1_train: 0.877987

Costo_test: 0.077700
Precision_test: 0.879227
Recall_test: 0.896552
F1_test: 0.887805
 

Arquitectura: _2_3_3_3_1_
Semilla: 1788102469
Segundos: 140
NIteraciones: 100000

Costo_train: 0.081637
Precision_train: 0.881313
Recall_train: 0.875784
F1_train: 0.878540

Costo_test: 0.077737
Precision_test: 0.879227
Recall_test: 0.896552
F1_test: 0.887805
 

Arquitectura: _2_3_3_3_1_
Semilla: 1788102469
Segundos: 140
NIteraciones: 100000

Costo_train: 0.002623
Precision_train: 0.997497
Recall_train: 1.000000
F1_train: 0.998747

Costo_test: 0.002914
Precision_test: 1.000000
Recall_test: 0.995074
F1_test: 0.997531
 

Arquitectura: _2_3_3_3_1_
Semilla: 1788102469
Segundos: 140
NIteraciones: 100000

Costo_train: 0.081521
Precision_train: 0.880202
Recall_train: 0.875784
F1_train: 0.877987

Costo_test: 0.077646
Precision_test: 0.879227
Recall_test: 0.896552
F1_test: 0.887805
 

Arquitectura: _2_3_3_3_1_
Semilla: 1788102469
Segundos: 140
NIteraciones: 100000

Costo_train: 0.081667
Precision_train: 0.881313
Recall_train: 0.875784
F1_train: 0.878540

Costo_test: 0.077794
Precision_test: 0.879227
Recall_test: 0.896552
F1_test: 0.887805
 

Arquitectura: _2_3_3_3_1_
Semilla: 1788102469
Segundos: 140
NIteraciones: 100000

Costo_train: 0.081521
Precision_train: 0.882129
Recall_train: 0.873275
F1_train: 0.877680

Costo_test: 0.077606
Precision_test: 0.879227
Recall_test: 0.896552
F1_test: 0.887805
 

Arquitectura: _2_3_3_3_1_
Semilla: 1788102469
Segundos: 140
NIteraciones: 100000

Costo_train: 0.081694
Precision_train: 0.882279
Recall_train: 0.874529
F1_train: 0.878387

Costo_test: 0.077787
Precision_test: 0.879227
Recall_test: 0.896552
F1_test: 0.887805
 

Arquitectura: _2_3_3_3_1_
Semilla: 1788102469
Segundos: 140
NIteraciones: 100000

Costo_train: 0.081631
Precision_train: 0.881313
Recall_train: 0.875784
F1_train: 0.878540

Costo_test: 0.077726
Precision_test: 0.879227
Recall_test: 0.896552
F1_test: 0.887805
 

Arquitectura: _2_3_3_3_1_
Semilla: 1788102469
Segundos: 140
NIteraciones: 100000

Costo_train: 0.081869
Precision_train: 0.881163
Recall_train: 0.874529
F1_train: 0.877834

Costo_test: 0.077959
Precision_test: 0.879227
Recall_test: 0.896552
F1_test: 0.887805
 

Arquitectura: _2_3_3_3_1_
Semilla: 1788102469
Segundos: 140
NIteraciones: 100000

Costo_train: 0.002497
Precision_train: 0.997497
Recall_train: 1.000000
F1_train: 0.998747

Costo_test: 0.002877
Precision_test: 1.000000
Recall_test: 0.995074
F1_test: 0.997531
 

Arquitectura: _2_3_3_3_1_
Semilla: 1788102469
Segundos: 140
NIteraciones: 100000

Costo_train: 0.081551
Precision_train: 0.879093
Recall_train: 0.875784
F1_train: 0.877436

Costo_test: 0.077683
Precision_test: 0.879227
Recall_test: 0.896552
F1_test: 0.887805
 

Arquitectura: _2_3_3_3_1_
Semilla: 1788102469
Segundos: 140
NIteraciones: 100000

Costo_train: 0.081652
Precision_train: 0.880202
Recall_train: 0.875784
F1_train: 0.877987

Costo_test: 0.077758
Precision_test: 0.879227
Recall_test: 0.896552
F1_test: 0.887805
 

Arquitectura: _2_3_3_3_1_
Semilla: 1788102469
Segundos: 140
NIteraciones: 100000

Costo_train: 0.081648
Precision_train: 0.881163
Recall_train: 0.874529
F1_train: 0.877834

Costo_test: 0.077743
Precision_test: 0.879227
Recall_test: 0.896552
F1_test: 0.887805
 

Arquitectura: _2_3_3_3_1_
Semilla: 1788102469
Segundos: 140
NIteraciones: 100000

Costo_train: 0.081631
Precision_train: 0.880202
Recall_train: 0.875784
F1_train: 0.877987

Costo_test: 0.077746
Precision_test: 0.879227
Recall_test: 0.896552
F1_test: 0.887805
 

Arquitectura: _2_3_3_3_1_
Semilla: 1788102469
Segundos: 140
NIteraciones: 100000

Costo_train: 0.001427
Precision_train: 0.997497
Recall_train: 1.000000
F1_train: 0.998747

Costo_test: 0.001546
Precision_test: 1.000000
Recall_test: 1.000000
F1_test: 1.000000
 

Arquitectura: _2_3_3_3_1_
Semilla: 1788102469
Segundos: 140
NIteraciones: 100000

Costo_train: 0.081625
Precision_train: 0.882129
Recall_train: 0.873275
F1_train: 0.877680

Costo_test: 0.077700
Precision_test: 0.879227
Recall_test: 0.896552
F1_test: 0.887805
 

Arquitectura: _2_3_3_3_1_
Semilla: 1788102469
Segundos: 140
NIteraciones: 100000

Costo_train: 0.001599
Precision_train: 0.997497
Recall_train: 1.000000
F1_train: 0.998747

Costo_test: 0.001703
Precision_test: 1.000000
Recall_test: 0.995074
F1_test: 0.997531
 


--- Test Angosta 4.0 ---
Iteración 10000
Costo: 0.081004
Iteración 20000
Costo: 0.080423
Iteración 30000
Costo: 0.053463
Iteración 40000
Costo: 0.021668
Iteración 50000
Costo: 0.013758
Iteración 60000
Costo: 0.010265
Iteración 70000
Costo: 0.008265
Iteración 80000
Costo: 0.006968
Iteración 90000
Costo: 0.006062

Arquitectura: _2_12_1_
Semilla: 1788102609
Segundos: 54
NIteraciones: 100000

Costo_train: 0.005395
Precision_train: 0.997497
Recall_train: 1.000000
F1_train: 0.998747

Costo_test: 0.005348
Precision_test: 1.000000
Recall_test: 0.995074
F1_test: 0.997531
 

Arquitectura: _2_12_1_
Semilla: 1788102609
Segundos: 54
NIteraciones: 100000

Costo_train: 0.004887
Precision_train: 0.997497
Recall_train: 1.000000
F1_train: 0.998747

Costo_test: 0.004810
Precision_test: 1.000000
Recall_test: 0.995074
F1_test: 0.997531
 

Arquitectura: _2_12_1_
Semilla: 1788102609
Segundos: 54
NIteraciones: 100000

Costo_train: 0.005647
Precision_train: 0.997497
Recall_train: 1.000000
F1_train: 0.998747

Costo_test: 0.005521
Precision_test: 1.000000
Recall_test: 0.995074
F1_test: 0.997531
 

Arquitectura: _2_12_1_
Semilla: 1788102609
Segundos: 54
NIteraciones: 100000

Costo_train: 0.007462
Precision_train: 0.997497
Recall_train: 1.000000
F1_train: 0.998747

Costo_test: 0.007496
Precision_test: 0.995074
Recall_test: 0.995074
F1_test: 0.995074
 

Arquitectura: _2_12_1_
Semilla: 1788102609
Segundos: 54
NIteraciones: 100000

Costo_train: 0.080846
Precision_train: 0.879245
Recall_train: 0.877039
F1_train: 0.878141

Costo_test: 0.077126
Precision_test: 0.879227
Recall_test: 0.896552
F1_test: 0.887805
 

Arquitectura: _2_12_1_
Semilla: 1788102609
Segundos: 54
NIteraciones: 100000

Costo_train: 0.005421
Precision_train: 0.997497
Recall_train: 1.000000
F1_train: 0.998747

Costo_test: 0.005376
Precision_test: 1.000000
Recall_test: 0.995074
F1_test: 0.997531
 

Arquitectura: _2_12_1_
Semilla: 1788102609
Segundos: 54
NIteraciones: 100000

Costo_train: 0.004950
Precision_train: 0.997497
Recall_train: 1.000000
F1_train: 0.998747

Costo_test: 0.005121
Precision_test: 1.000000
Recall_test: 0.995074
F1_test: 0.997531
 

Arquitectura: _2_12_1_
Semilla: 1788102609
Segundos: 54
NIteraciones: 100000

Costo_train: 0.005224
Precision_train: 0.997497
Recall_train: 1.000000
F1_train: 0.998747

Costo_test: 0.005092
Precision_test: 1.000000
Recall_test: 0.995074
F1_test: 0.997531
 

Arquitectura: _2_12_1_
Semilla: 1788102609
Segundos: 54
NIteraciones: 100000

Costo_train: 0.005525
Precision_train: 0.997497
Recall_train: 1.000000
F1_train: 0.998747

Costo_test: 0.005437
Precision_test: 1.000000
Recall_test: 0.995074
F1_test: 0.997531
 

Arquitectura: _2_12_1_
Semilla: 1788102609
Segundos: 54
NIteraciones: 100000

Costo_train: 0.004912
Precision_train: 0.997497
Recall_train: 1.000000
F1_train: 0.998747

Costo_test: 0.004864
Precision_test: 1.000000
Recall_test: 0.995074
F1_test: 0.997531
 

Arquitectura: _2_12_1_
Semilla: 1788102609
Segundos: 54
NIteraciones: 100000

Costo_train: 0.004586
Precision_train: 0.997497
Recall_train: 1.000000
F1_train: 0.998747

Costo_test: 0.004735
Precision_test: 1.000000
Recall_test: 0.995074
F1_test: 0.997531
 

Arquitectura: _2_12_1_
Semilla: 1788102609
Segundos: 54
NIteraciones: 100000

Costo_train: 0.004957
Precision_train: 0.997497
Recall_train: 1.000000
F1_train: 0.998747

Costo_test: 0.004844
Precision_test: 1.000000
Recall_test: 0.995074
F1_test: 0.997531
 

Arquitectura: _2_12_1_
Semilla: 1788102609
Segundos: 54
NIteraciones: 100000

Costo_train: 0.006428
Precision_train: 0.997497
Recall_train: 1.000000
F1_train: 0.998747

Costo_test: 0.006313
Precision_test: 0.995074
Recall_test: 0.995074
F1_test: 0.995074
 

Arquitectura: _2_12_1_
Semilla: 1788102609
Segundos: 54
NIteraciones: 100000

Costo_train: 0.004973
Precision_train: 0.997497
Recall_train: 1.000000
F1_train: 0.998747

Costo_test: 0.004870
Precision_test: 1.000000
Recall_test: 0.995074
F1_test: 0.997531
 

Arquitectura: _2_12_1_
Semilla: 1788102609
Segundos: 54
NIteraciones: 100000

Costo_train: 0.005941
Precision_train: 0.997497
Recall_train: 1.000000
F1_train: 0.998747

Costo_test: 0.005907
Precision_test: 0.995074
Recall_test: 0.995074
F1_test: 0.995074
 

Arquitectura: _2_12_1_
Semilla: 1788102609
Segundos: 54
NIteraciones: 100000

Costo_train: 0.005158
Precision_train: 0.997497
Recall_train: 1.000000
F1_train: 0.998747

Costo_test: 0.005208
Precision_test: 1.000000
Recall_test: 0.995074
F1_test: 0.997531
 

Arquitectura: _2_12_1_
Semilla: 1788102609
Segundos: 54
NIteraciones: 100000

Costo_train: 0.006652
Precision_train: 0.997497
Recall_train: 1.000000
F1_train: 0.998747

Costo_test: 0.006643
Precision_test: 0.995074
Recall_test: 0.995074
F1_test: 0.995074
 

Arquitectura: _2_12_1_
Semilla: 1788102609
Segundos: 54
NIteraciones: 100000

Costo_train: 0.004890
Precision_train: 0.997497
Recall_train: 1.000000
F1_train: 0.998747

Costo_test: 0.004799
Precision_test: 1.000000
Recall_test: 0.995074
F1_test: 0.997531
 

Arquitectura: _2_12_1_
Semilla: 1788102609
Segundos: 54
NIteraciones: 100000

Costo_train: 0.004934
Precision_train: 0.997497
Recall_train: 1.000000
F1_train: 0.998747

Costo_test: 0.004881
Precision_test: 1.000000
Recall_test: 0.995074
F1_test: 0.997531
 

Arquitectura: _2_12_1_
Semilla: 1788102609
Segundos: 54
NIteraciones: 100000

Costo_train: 0.006345
Precision_train: 0.997497
Recall_train: 1.000000
F1_train: 0.998747

Costo_test: 0.006332
Precision_test: 0.995074
Recall_test: 0.995074
F1_test: 0.995074
 

Arquitectura: _2_12_1_
Semilla: 1788102609
Segundos: 54
NIteraciones: 100000

Costo_train: 0.006156
Precision_train: 0.997497
Recall_train: 1.000000
F1_train: 0.998747

Costo_test: 0.006059
Precision_test: 0.995074
Recall_test: 0.995074
F1_test: 0.995074
 

Arquitectura: _2_12_1_
Semilla: 1788102609
Segundos: 54
NIteraciones: 100000

Costo_train: 0.006262
Precision_train: 0.997497
Recall_train: 1.000000
F1_train: 0.998747

Costo_test: 0.006225
Precision_test: 0.995074
Recall_test: 0.995074
F1_test: 0.995074
 

Arquitectura: _2_12_1_
Semilla: 1788102609
Segundos: 54
NIteraciones: 100000

Costo_train: 0.005022
Precision_train: 0.997497
Recall_train: 1.000000
F1_train: 0.998747

Costo_test: 0.004917
Precision_test: 1.000000
Recall_test: 0.995074
F1_test: 0.997531
 

Arquitectura: _2_12_1_
Semilla: 1788102609
Segundos: 54
NIteraciones: 100000

Costo_train: 0.005502
Precision_train: 0.997497
Recall_train: 1.000000
F1_train: 0.998747

Costo_test: 0.005386
Precision_test: 1.000000
Recall_test: 0.995074
F1_test: 0.997531
 

Arquitectura: _2_12_1_
Semilla: 1788102609
Segundos: 54
NIteraciones: 100000

Costo_train: 0.008329
Precision_train: 0.996245
Recall_train: 0.998745
F1_train: 0.997494

Costo_test: 0.008200
Precision_test: 0.995074
Recall_test: 0.995074
F1_test: 0.995074
 

Arquitectura: _2_12_1_
Semilla: 1788102609
Segundos: 54
NIteraciones: 100000

Costo_train: 0.005068
Precision_train: 0.997497
Recall_train: 1.000000
F1_train: 0.998747

Costo_test: 0.004962
Precision_test: 1.000000
Recall_test: 0.995074
F1_test: 0.997531
 

Arquitectura: _2_12_1_
Semilla: 1788102609
Segundos: 54
NIteraciones: 100000

Costo_train: 0.006078
Precision_train: 0.997497
Recall_train: 1.000000
F1_train: 0.998747

Costo_test: 0.005954
Precision_test: 0.995074
Recall_test: 0.995074
F1_test: 0.995074
 

Arquitectura: _2_12_1_
Semilla: 1788102609
Segundos: 54
NIteraciones: 100000

Costo_train: 0.006267
Precision_train: 0.997497
Recall_train: 1.000000
F1_train: 0.998747

Costo_test: 0.006143
Precision_test: 0.995074
Recall_test: 0.995074
F1_test: 0.995074
 

Arquitectura: _2_12_1_
Semilla: 1788102609
Segundos: 54
NIteraciones: 100000

Costo_train: 0.005212
Precision_train: 0.997497
Recall_train: 1.000000
F1_train: 0.998747

Costo_test: 0.005207
Precision_test: 1.000000
Recall_test: 0.995074
F1_test: 0.997531
 

Arquitectura: _2_12_1_
Semilla: 1788102609
Segundos: 54
NIteraciones: 100000

Costo_train: 0.005068
Precision_train: 0.997497
Recall_train: 1.000000
F1_train: 0.998747

Costo_test: 0.004939
Precision_test: 1.000000
Recall_test: 0.995074
F1_test: 0.997531
 

Arquitectura: _2_12_1_
Semilla: 1788102609
Segundos: 54
NIteraciones: 100000

Costo_train: 0.005193
Precision_train: 0.997497
Recall_train: 1.000000
F1_train: 0.998747

Costo_test: 0.005141
Precision_test: 1.000000
Recall_test: 0.995074
F1_test: 0.997531
 

Arquitectura: _2_12_1_
Semilla: 1788102609
Segundos: 54
NIteraciones: 100000

Costo_train: 0.005057
Precision_train: 0.997497
Recall_train: 1.000000
F1_train: 0.998747

Costo_test: 0.005008
Precision_test: 1.000000
Recall_test: 0.995074
F1_test: 0.997531
 

Arquitectura: _2_12_1_
Semilla: 1788102609
Segundos: 54
NIteraciones: 100000

Costo_train: 0.004991
Precision_train: 0.997497
Recall_train: 1.000000
F1_train: 0.998747

Costo_test: 0.004892
Precision_test: 1.000000
Recall_test: 0.995074
F1_test: 0.997531
 

Arquitectura: _2_12_1_
Semilla: 1788102609
Segundos: 54
NIteraciones: 100000

Costo_train: 0.005116
Precision_train: 0.997497
Recall_train: 1.000000
F1_train: 0.998747

Costo_test: 0.005007
Precision_test: 1.000000
Recall_test: 0.995074
F1_test: 0.997531
 

Arquitectura: _2_12_1_
Semilla: 1788102609
Segundos: 54
NIteraciones: 100000

Costo_train: 0.009709
Precision_train: 0.994987
Recall_train: 0.996236
F1_train: 0.995611

Costo_test: 0.009536
Precision_test: 0.995049
Recall_test: 0.990148
F1_test: 0.992593
 

Arquitectura: _2_12_1_
Semilla: 1788102609
Segundos: 54
NIteraciones: 100000

Costo_train: 0.005346
Precision_train: 0.997497
Recall_train: 1.000000
F1_train: 0.998747

Costo_test: 0.005222
Precision_test: 1.000000
Recall_test: 0.995074
F1_test: 0.997531
 

Arquitectura: _2_12_1_
Semilla: 1788102609
Segundos: 54
NIteraciones: 100000

Costo_train: 0.005159
Precision_train: 0.997497
Recall_train: 1.000000
F1_train: 0.998747

Costo_test: 0.005034
Precision_test: 1.000000
Recall_test: 0.995074
F1_test: 0.997531
 

Arquitectura: _2_12_1_
Semilla: 1788102609
Segundos: 54
NIteraciones: 100000

Costo_train: 0.005280
Precision_train: 0.997497
Recall_train: 1.000000
F1_train: 0.998747

Costo_test: 0.005173
Precision_test: 1.000000
Recall_test: 0.995074
F1_test: 0.997531
 

Arquitectura: _2_12_1_
Semilla: 1788102609
Segundos: 54
NIteraciones: 100000

Costo_train: 0.004894
Precision_train: 0.997497
Recall_train: 1.000000
F1_train: 0.998747

Costo_test: 0.004806
Precision_test: 1.000000
Recall_test: 0.995074
F1_test: 0.997531
 

Arquitectura: _2_12_1_
Semilla: 1788102609
Segundos: 54
NIteraciones: 100000

Costo_train: 0.005439
Precision_train: 0.997497
Recall_train: 1.000000
F1_train: 0.998747

Costo_test: 0.005395
Precision_test: 1.000000
Recall_test: 0.995074
F1_test: 0.997531
 

Arquitectura: _2_12_1_
Semilla: 1788102609
Segundos: 54
NIteraciones: 100000

Costo_train: 0.013267
Precision_train: 0.993742
Recall_train: 0.996236
F1_train: 0.994987

Costo_test: 0.012922
Precision_test: 0.995049
Recall_test: 0.990148
F1_test: 0.992593
 

Arquitectura: _2_12_1_
Semilla: 1788102609
Segundos: 54
NIteraciones: 100000

Costo_train: 0.007679
Precision_train: 0.997497
Recall_train: 1.000000
F1_train: 0.998747

Costo_test: 0.007620
Precision_test: 0.995074
Recall_test: 0.995074
F1_test: 0.995074
 

Arquitectura: _2_12_1_
Semilla: 1788102609
Segundos: 54
NIteraciones: 100000

Costo_train: 0.006295
Precision_train: 0.997497
Recall_train: 1.000000
F1_train: 0.998747

Costo_test: 0.006252
Precision_test: 0.995074
Recall_test: 0.995074
F1_test: 0.995074
 

Arquitectura: _2_12_1_
Semilla: 1788102609
Segundos: 54
NIteraciones: 100000

Costo_train: 0.005835
Precision_train: 0.997497
Recall_train: 1.000000
F1_train: 0.998747

Costo_test: 0.005804
Precision_test: 0.995074
Recall_test: 0.995074
F1_test: 0.995074
 

Arquitectura: _2_12_1_
Semilla: 1788102609
Segundos: 54
NIteraciones: 100000

Costo_train: 0.004875
Precision_train: 0.997497
Recall_train: 1.000000
F1_train: 0.998747

Costo_test: 0.005039
Precision_test: 1.000000
Recall_test: 0.995074
F1_test: 0.997531
 

Arquitectura: _2_12_1_
Semilla: 1788102609
Segundos: 54
NIteraciones: 100000

Costo_train: 0.008041
Precision_train: 0.996250
Recall_train: 1.000000
F1_train: 0.998122

Costo_test: 0.008016
Precision_test: 0.995074
Recall_test: 0.995074
F1_test: 0.995074
 

Arquitectura: _2_12_1_
Semilla: 1788102609
Segundos: 54
NIteraciones: 100000

Costo_train: 0.007751
Precision_train: 0.996250
Recall_train: 1.000000
F1_train: 0.998122

Costo_test: 0.007772
Precision_test: 0.995074
Recall_test: 0.995074
F1_test: 0.995074
 

Arquitectura: _2_12_1_
Semilla: 1788102609
Segundos: 54
NIteraciones: 100000

Costo_train: 0.005161
Precision_train: 0.997497
Recall_train: 1.000000
F1_train: 0.998747

Costo_test: 0.005101
Precision_test: 1.000000
Recall_test: 0.995074
F1_test: 0.997531
 

Arquitectura: _2_12_1_
Semilla: 1788102609
Segundos: 54
NIteraciones: 100000

Costo_train: 0.004904
Precision_train: 0.997497
Recall_train: 1.000000
F1_train: 0.998747

Costo_test: 0.004858
Precision_test: 1.000000
Recall_test: 0.995074
F1_test: 0.997531
 

Arquitectura: _2_12_1_
Semilla: 1788102609
Segundos: 54
NIteraciones: 100000

Costo_train: 0.006310
Precision_train: 0.997497
Recall_train: 1.000000
F1_train: 0.998747

Costo_test: 0.006309
Precision_test: 0.995074
Recall_test: 0.995074
F1_test: 0.995074
 

Arquitectura: _2_12_1_
Semilla: 1788102609
Segundos: 54
NIteraciones: 100000

Costo_train: 0.080776
Precision_train: 0.879093
Recall_train: 0.875784
F1_train: 0.877436

Costo_test: 0.077044
Precision_test: 0.879227
Recall_test: 0.896552
F1_test: 0.887805
 

Arquitectura: _2_12_1_
Semilla: 1788102609
Segundos: 54
NIteraciones: 100000

Costo_train: 0.005258
Precision_train: 0.997497
Recall_train: 1.000000
F1_train: 0.998747

Costo_test: 0.005106
Precision_test: 1.000000
Recall_test: 0.995074
F1_test: 0.997531
 

Arquitectura: _2_12_1_
Semilla: 1788102609
Segundos: 54
NIteraciones: 100000

Costo_train: 0.005675
Precision_train: 0.997497
Recall_train: 1.000000
F1_train: 0.998747

Costo_test: 0.005636
Precision_test: 0.995074
Recall_test: 0.995074
F1_test: 0.995074
 

Arquitectura: _2_12_1_
Semilla: 1788102609
Segundos: 54
NIteraciones: 100000

Costo_train: 0.005059
Precision_train: 0.997497
Recall_train: 1.000000
F1_train: 0.998747

Costo_test: 0.004960
Precision_test: 1.000000
Recall_test: 0.995074
F1_test: 0.997531
 

Arquitectura: _2_12_1_
Semilla: 1788102609
Segundos: 54
NIteraciones: 100000

Costo_train: 0.005063
Precision_train: 0.997497
Recall_train: 1.000000
F1_train: 0.998747

Costo_test: 0.005165
Precision_test: 1.000000
Recall_test: 0.995074
F1_test: 0.997531
 

Arquitectura: _2_12_1_
Semilla: 1788102609
Segundos: 54
NIteraciones: 100000

Costo_train: 0.004951
Precision_train: 0.997497
Recall_train: 1.000000
F1_train: 0.998747

Costo_test: 0.004853
Precision_test: 1.000000
Recall_test: 0.995074
F1_test: 0.997531
 

Arquitectura: _2_12_1_
Semilla: 1788102609
Segundos: 54
NIteraciones: 100000

Costo_train: 0.005043
Precision_train: 0.997497
Recall_train: 1.000000
F1_train: 0.998747

Costo_test: 0.005018
Precision_test: 1.000000
Recall_test: 0.995074
F1_test: 0.997531
 

Arquitectura: _2_12_1_
Semilla: 1788102609
Segundos: 54
NIteraciones: 100000

Costo_train: 0.012189
Precision_train: 0.993742
Recall_train: 0.996236
F1_train: 0.994987

Costo_test: 0.012154
Precision_test: 0.995049
Recall_test: 0.990148
F1_test: 0.992593
 

Arquitectura: _2_12_1_
Semilla: 1788102609
Segundos: 54
NIteraciones: 100000

Costo_train: 0.005067
Precision_train: 0.997497
Recall_train: 1.000000
F1_train: 0.998747

Costo_test: 0.005003
Precision_test: 1.000000
Recall_test: 0.995074
F1_test: 0.997531
 

Arquitectura: _2_12_1_
Semilla: 1788102609
Segundos: 54
NIteraciones: 100000

Costo_train: 0.008500
Precision_train: 0.996241
Recall_train: 0.997491
F1_train: 0.996865

Costo_test: 0.008323
Precision_test: 0.995049
Recall_test: 0.990148
F1_test: 0.992593
 

Arquitectura: _2_12_1_
Semilla: 1788102609
Segundos: 54
NIteraciones: 100000

Costo_train: 0.005124
Precision_train: 0.997497
Recall_train: 1.000000
F1_train: 0.998747

Costo_test: 0.005023
Precision_test: 1.000000
Recall_test: 0.995074
F1_test: 0.997531
 

Arquitectura: _2_12_1_
Semilla: 1788102609
Segundos: 54
NIteraciones: 100000

Costo_train: 0.005211
Precision_train: 0.997497
Recall_train: 1.000000
F1_train: 0.998747

Costo_test: 0.005139
Precision_test: 1.000000
Recall_test: 0.995074
F1_test: 0.997531
 

Arquitectura: _2_12_1_
Semilla: 1788102609
Segundos: 54
NIteraciones: 100000

Costo_train: 0.004663
Precision_train: 0.997497
Recall_train: 1.000000
F1_train: 0.998747

Costo_test: 0.004589
Precision_test: 1.000000
Recall_test: 0.995074
F1_test: 0.997531
 

Arquitectura: _2_12_1_
Semilla: 1788102609
Segundos: 54
NIteraciones: 100000

Costo_train: 0.075592
Precision_train: 0.893401
Recall_train: 0.883312
F1_train: 0.888328

Costo_test: 0.071763
Precision_test: 0.888350
Recall_test: 0.901478
F1_test: 0.894866
 

Arquitectura: _2_12_1_
Semilla: 1788102609
Segundos: 54
NIteraciones: 100000

Costo_train: 0.004862
Precision_train: 0.997497
Recall_train: 1.000000
F1_train: 0.998747

Costo_test: 0.004773
Precision_test: 1.000000
Recall_test: 0.995074
F1_test: 0.997531
 

Arquitectura: _2_12_1_
Semilla: 1788102609
Segundos: 54
NIteraciones: 100000

Costo_train: 0.006871
Precision_train: 0.997497
Recall_train: 1.000000
F1_train: 0.998747

Costo_test: 0.006736
Precision_test: 0.995074
Recall_test: 0.995074
F1_test: 0.995074
 

Arquitectura: _2_12_1_
Semilla: 1788102609
Segundos: 54
NIteraciones: 100000

Costo_train: 0.005234
Precision_train: 0.997497
Recall_train: 1.000000
F1_train: 0.998747

Costo_test: 0.005078
Precision_test: 1.000000
Recall_test: 0.995074
F1_test: 0.997531
 

Arquitectura: _2_12_1_
Semilla: 1788102609
Segundos: 54
NIteraciones: 100000

Costo_train: 0.004755
Precision_train: 0.997497
Recall_train: 1.000000
F1_train: 0.998747

Costo_test: 0.004670
Precision_test: 1.000000
Recall_test: 0.995074
F1_test: 0.997531
 

Arquitectura: _2_12_1_
Semilla: 1788102609
Segundos: 54
NIteraciones: 100000

Costo_train: 0.007178
Precision_train: 0.997497
Recall_train: 1.000000
F1_train: 0.998747

Costo_test: 0.007129
Precision_test: 0.995074
Recall_test: 0.995074
F1_test: 0.995074
 

Arquitectura: _2_12_1_
Semilla: 1788102609
Segundos: 54
NIteraciones: 100000

Costo_train: 0.004812
Precision_train: 0.997497
Recall_train: 1.000000
F1_train: 0.998747

Costo_test: 0.004754
Precision_test: 1.000000
Recall_test: 0.995074
F1_test: 0.997531
 

Arquitectura: _2_12_1_
Semilla: 1788102609
Segundos: 54
NIteraciones: 100000

Costo_train: 0.007993
Precision_train: 0.997494
Recall_train: 0.998745
F1_train: 0.998119

Costo_test: 0.007831
Precision_test: 0.995074
Recall_test: 0.995074
F1_test: 0.995074
 

Arquitectura: _2_12_1_
Semilla: 1788102609
Segundos: 54
NIteraciones: 100000

Costo_train: 0.005487
Precision_train: 0.997497
Recall_train: 1.000000
F1_train: 0.998747

Costo_test: 0.005378
Precision_test: 1.000000
Recall_test: 0.995074
F1_test: 0.997531
 

Arquitectura: _2_12_1_
Semilla: 1788102609
Segundos: 54
NIteraciones: 100000

Costo_train: 0.006213
Precision_train: 0.997497
Recall_train: 1.000000
F1_train: 0.998747

Costo_test: 0.006161
Precision_test: 0.995074
Recall_test: 0.995074
F1_test: 0.995074
 

Arquitectura: _2_12_1_
Semilla: 1788102609
Segundos: 54
NIteraciones: 100000

Costo_train: 0.009137
Precision_train: 0.994994
Recall_train: 0.997491
F1_train: 0.996241

Costo_test: 0.009042
Precision_test: 0.995074
Recall_test: 0.995074
F1_test: 0.995074
 

Arquitectura: _2_12_1_
Semilla: 1788102609
Segundos: 54
NIteraciones: 100000

Costo_train: 0.005747
Precision_train: 0.997497
Recall_train: 1.000000
F1_train: 0.998747

Costo_test: 0.005599
Precision_test: 1.000000
Recall_test: 0.995074
F1_test: 0.997531
 

Arquitectura: _2_12_1_
Semilla: 1788102609
Segundos: 54
NIteraciones: 100000

Costo_train: 0.005508
Precision_train: 0.997497
Recall_train: 1.000000
F1_train: 0.998747

Costo_test: 0.005395
Precision_test: 1.000000
Recall_test: 0.995074
F1_test: 0.997531
 

Arquitectura: _2_12_1_
Semilla: 1788102609
Segundos: 54
NIteraciones: 100000

Costo_train: 0.005328
Precision_train: 0.997497
Recall_train: 1.000000
F1_train: 0.998747

Costo_test: 0.005286
Precision_test: 1.000000
Recall_test: 0.995074
F1_test: 0.997531
 

Arquitectura: _2_12_1_
Semilla: 1788102609
Segundos: 54
NIteraciones: 100000

Costo_train: 0.016683
Precision_train: 0.992481
Recall_train: 0.993726
F1_train: 0.993103

Costo_test: 0.016215
Precision_test: 0.990148
Recall_test: 0.990148
F1_test: 0.990148
 

Arquitectura: _2_12_1_
Semilla: 1788102609
Segundos: 54
NIteraciones: 100000

Costo_train: 0.005898
Precision_train: 0.997497
Recall_train: 1.000000
F1_train: 0.998747

Costo_test: 0.005834
Precision_test: 0.995074
Recall_test: 0.995074
F1_test: 0.995074
 

Arquitectura: _2_12_1_
Semilla: 1788102609
Segundos: 54
NIteraciones: 100000

Costo_train: 0.009340
Precision_train: 0.994994
Recall_train: 0.997491
F1_train: 0.996241

Costo_test: 0.009322
Precision_test: 0.995049
Recall_test: 0.990148
F1_test: 0.992593
 

Arquitectura: _2_12_1_
Semilla: 1788102609
Segundos: 54
NIteraciones: 100000

Costo_train: 0.006479
Precision_train: 0.997497
Recall_train: 1.000000
F1_train: 0.998747

Costo_test: 0.006320
Precision_test: 0.995074
Recall_test: 0.995074
F1_test: 0.995074
 

Arquitectura: _2_12_1_
Semilla: 1788102609
Segundos: 54
NIteraciones: 100000

Costo_train: 0.007810
Precision_train: 0.997497
Recall_train: 1.000000
F1_train: 0.998747

Costo_test: 0.007727
Precision_test: 0.995074
Recall_test: 0.995074
F1_test: 0.995074
 

Arquitectura: _2_12_1_
Semilla: 1788102609
Segundos: 54
NIteraciones: 100000

Costo_train: 0.004882
Precision_train: 0.997497
Recall_train: 1.000000
F1_train: 0.998747

Costo_test: 0.004819
Precision_test: 1.000000
Recall_test: 0.995074
F1_test: 0.997531
 

Arquitectura: _2_12_1_
Semilla: 1788102609
Segundos: 54
NIteraciones: 100000

Costo_train: 0.004338
Precision_train: 0.997497
Recall_train: 1.000000
F1_train: 0.998747

Costo_test: 0.004357
Precision_test: 1.000000
Recall_test: 0.995074
F1_test: 0.997531
 

Arquitectura: _2_12_1_
Semilla: 1788102609
Segundos: 54
NIteraciones: 100000

Costo_train: 0.006268
Precision_train: 0.997497
Recall_train: 1.000000
F1_train: 0.998747

Costo_test: 0.006235
Precision_test: 0.995074
Recall_test: 0.995074
F1_test: 0.995074
 

Arquitectura: _2_12_1_
Semilla: 1788102609
Segundos: 54
NIteraciones: 100000

Costo_train: 0.004829
Precision_train: 0.997497
Recall_train: 1.000000
F1_train: 0.998747

Costo_test: 0.004723
Precision_test: 1.000000
Recall_test: 0.995074
F1_test: 0.997531
 

Arquitectura: _2_12_1_
Semilla: 1788102609
Segundos: 54
NIteraciones: 100000

Costo_train: 0.005999
Precision_train: 0.997497
Recall_train: 1.000000
F1_train: 0.998747

Costo_test: 0.005977
Precision_test: 0.995074
Recall_test: 0.995074
F1_test: 0.995074
 

Arquitectura: _2_12_1_
Semilla: 1788102609
Segundos: 54
NIteraciones: 100000

Costo_train: 0.005226
Precision_train: 0.997497
Recall_train: 1.000000
F1_train: 0.998747

Costo_test: 0.005096
Precision_test: 1.000000
Recall_test: 0.995074
F1_test: 0.997531
 

Arquitectura: _2_12_1_
Semilla: 1788102609
Segundos: 54
NIteraciones: 100000

Costo_train: 0.080786
Precision_train: 0.879093
Recall_train: 0.875784
F1_train: 0.877436

Costo_test: 0.077062
Precision_test: 0.879227
Recall_test: 0.896552
F1_test: 0.887805
 

Arquitectura: _2_12_1_
Semilla: 1788102609
Segundos: 54
NIteraciones: 100000

Costo_train: 0.020204
Precision_train: 0.988736
Recall_train: 0.991217
F1_train: 0.989975

Costo_test: 0.020065
Precision_test: 0.985294
Recall_test: 0.990148
F1_test: 0.987715
 

Arquitectura: _2_12_1_
Semilla: 1788102609
Segundos: 54
NIteraciones: 100000

Costo_train: 0.004849
Precision_train: 0.997497
Recall_train: 1.000000
F1_train: 0.998747

Costo_test: 0.004794
Precision_test: 1.000000
Recall_test: 0.995074
F1_test: 0.997531
 

Arquitectura: _2_12_1_
Semilla: 1788102609
Segundos: 54
NIteraciones: 100000

Costo_train: 0.004459
Precision_train: 0.997497
Recall_train: 1.000000
F1_train: 0.998747

Costo_test: 0.004598
Precision_test: 1.000000
Recall_test: 0.995074
F1_test: 0.997531
 

Arquitectura: _2_12_1_
Semilla: 1788102609
Segundos: 54
NIteraciones: 100000

Costo_train: 0.080784
Precision_train: 0.879093
Recall_train: 0.875784
F1_train: 0.877436

Costo_test: 0.077041
Precision_test: 0.879227
Recall_test: 0.896552
F1_test: 0.887805
 

Arquitectura: _2_12_1_
Semilla: 1788102609
Segundos: 54
NIteraciones: 100000

Costo_train: 0.004785
Precision_train: 0.997497
Recall_train: 1.000000
F1_train: 0.998747

Costo_test: 0.004718
Precision_test: 1.000000
Recall_test: 0.995074
F1_test: 0.997531
 

Arquitectura: _2_12_1_
Semilla: 1788102609
Segundos: 54
NIteraciones: 100000

Costo_train: 0.005125
Precision_train: 0.997497
Recall_train: 1.000000
F1_train: 0.998747

Costo_test: 0.005010
Precision_test: 1.000000
Recall_test: 0.995074
F1_test: 0.997531
 

Arquitectura: _2_12_1_
Semilla: 1788102609
Segundos: 54
NIteraciones: 100000

Costo_train: 0.005471
Precision_train: 0.997497
Recall_train: 1.000000
F1_train: 0.998747

Costo_test: 0.005418
Precision_test: 1.000000
Recall_test: 0.995074
F1_test: 0.997531
 

Arquitectura: _2_12_1_
Semilla: 1788102609
Segundos: 54
NIteraciones: 100000

Costo_train: 0.008193
Precision_train: 0.996245
Recall_train: 0.998745
F1_train: 0.997494

Costo_test: 0.008076
Precision_test: 0.995074
Recall_test: 0.995074
F1_test: 0.995074
 

Arquitectura: _2_12_1_
Semilla: 1788102609
Segundos: 54
NIteraciones: 100000

Costo_train: 0.005181
Precision_train: 0.997497
Recall_train: 1.000000
F1_train: 0.998747

Costo_test: 0.005134
Precision_test: 1.000000
Recall_test: 0.995074
F1_test: 0.997531
 

Arquitectura: _2_12_1_
Semilla: 1788102609
Segundos: 54
NIteraciones: 100000

Costo_train: 0.004816
Precision_train: 0.997497
Recall_train: 1.000000
F1_train: 0.998747

Costo_test: 0.004877
Precision_test: 1.000000
Recall_test: 0.995074
F1_test: 0.997531
 

Arquitectura: _2_12_1_
Semilla: 1788102609
Segundos: 54
NIteraciones: 100000

Costo_train: 0.005341
Precision_train: 0.997497
Recall_train: 1.000000
F1_train: 0.998747

Costo_test: 0.005309
Precision_test: 1.000000
Recall_test: 0.995074
F1_test: 0.997531
 


--- Test Profunda 4.0 ---
Iteración 10000
Costo: 0.249066
Iteración 20000
Costo: 0.217082
Iteración 30000
Costo: 0.084960
Iteración 40000
Costo: 0.083909
Iteración 50000
Costo: 0.083298
Iteración 60000
Costo: 0.082869
Iteración 70000
Costo: 0.082558
Iteración 80000
Costo: 0.082324
Iteración 90000
Costo: 0.082142

Arquitectura: _2_3_3_3_3_1_
Semilla: 1788102663
Segundos: 186
NIteraciones: 100000

Costo_train: 0.081998
Precision_train: 0.882279
Recall_train: 0.874529
F1_train: 0.878387

Costo_test: 0.078031
Precision_test: 0.879227
Recall_test: 0.896552
F1_test: 0.887805
 

Arquitectura: _2_3_3_3_3_1_
Semilla: 1788102663
Segundos: 186
NIteraciones: 100000

Costo_train: 0.082388
Precision_train: 0.882279
Recall_train: 0.874529
F1_train: 0.878387

Costo_test: 0.078305
Precision_test: 0.878641
Recall_test: 0.891626
F1_test: 0.885086
 

Arquitectura: _2_3_3_3_3_1_
Semilla: 1788102663
Segundos: 186
NIteraciones: 100000

Costo_train: 0.082475
Precision_train: 0.882279
Recall_train: 0.874529
F1_train: 0.878387

Costo_test: 0.078449
Precision_test: 0.878641
Recall_test: 0.891626
F1_test: 0.885086
 

Arquitectura: _2_3_3_3_3_1_
Semilla: 1788102663
Segundos: 186
NIteraciones: 100000

Costo_train: 0.082949
Precision_train: 0.882279
Recall_train: 0.874529
F1_train: 0.878387

Costo_test: 0.078841
Precision_test: 0.878641
Recall_test: 0.891626
F1_test: 0.885086
 

Arquitectura: _2_3_3_3_3_1_
Semilla: 1788102663
Segundos: 186
NIteraciones: 100000

Costo_train: 0.082126
Precision_train: 0.882279
Recall_train: 0.874529
F1_train: 0.878387

Costo_test: 0.078139
Precision_test: 0.878641
Recall_test: 0.891626
F1_test: 0.885086
 

Arquitectura: _2_3_3_3_3_1_
Semilla: 1788102663
Segundos: 186
NIteraciones: 100000

Costo_train: 0.082377
Precision_train: 0.882129
Recall_train: 0.873275
F1_train: 0.877680

Costo_test: 0.078304
Precision_test: 0.878641
Recall_test: 0.891626
F1_test: 0.885086
 

Arquitectura: _2_3_3_3_3_1_
Semilla: 1788102663
Segundos: 186
NIteraciones: 100000

Costo_train: 0.081907
Precision_train: 0.882279
Recall_train: 0.874529
F1_train: 0.878387

Costo_test: 0.077907
Precision_test: 0.878641
Recall_test: 0.891626
F1_test: 0.885086
 

Arquitectura: _2_3_3_3_3_1_
Semilla: 1788102663
Segundos: 186
NIteraciones: 100000

Costo_train: 0.082743
Precision_train: 0.882279
Recall_train: 0.874529
F1_train: 0.878387

Costo_test: 0.078665
Precision_test: 0.878641
Recall_test: 0.891626
F1_test: 0.885086
 

Arquitectura: _2_3_3_3_3_1_
Semilla: 1788102663
Segundos: 186
NIteraciones: 100000

Costo_train: 0.144905
Precision_train: 0.840452
Recall_train: 0.839398
F1_train: 0.839925

Costo_test: 0.145993
Precision_test: 0.831776
Recall_test: 0.876847
F1_test: 0.853717
 

Arquitectura: _2_3_3_3_3_1_
Semilla: 1788102663
Segundos: 186
NIteraciones: 100000

Costo_train: 0.003773
Precision_train: 0.997497
Recall_train: 1.000000
F1_train: 0.998747

Costo_test: 0.004104
Precision_test: 1.000000
Recall_test: 0.995074
F1_test: 0.997531
 

Arquitectura: _2_3_3_3_3_1_
Semilla: 1788102663
Segundos: 186
NIteraciones: 100000

Costo_train: 0.082176
Precision_train: 0.882279
Recall_train: 0.874529
F1_train: 0.878387

Costo_test: 0.078164
Precision_test: 0.878641
Recall_test: 0.891626
F1_test: 0.885086
 

Arquitectura: _2_3_3_3_3_1_
Semilla: 1788102663
Segundos: 186
NIteraciones: 100000

Costo_train: 0.082773
Precision_train: 0.882279
Recall_train: 0.874529
F1_train: 0.878387

Costo_test: 0.078659
Precision_test: 0.878641
Recall_test: 0.891626
F1_test: 0.885086
 

Arquitectura: _2_3_3_3_3_1_
Semilla: 1788102663
Segundos: 186
NIteraciones: 100000

Costo_train: 0.026973
Precision_train: 0.979950
Recall_train: 0.981179
F1_train: 0.980564

Costo_test: 0.026372
Precision_test: 0.975610
Recall_test: 0.985222
F1_test: 0.980392
 

Arquitectura: _2_3_3_3_3_1_
Semilla: 1788102663
Segundos: 186
NIteraciones: 100000

Costo_train: 0.082062
Precision_train: 0.879245
Recall_train: 0.877039
F1_train: 0.878141

Costo_test: 0.078264
Precision_test: 0.875598
Recall_test: 0.901478
F1_test: 0.888349
 

Arquitectura: _2_3_3_3_3_1_
Semilla: 1788102663
Segundos: 186
NIteraciones: 100000

Costo_train: 0.246430
Precision_train: 0.761836
Recall_train: 0.666248
F1_train: 0.710843

Costo_test: 0.246777
Precision_test: 0.735751
Recall_test: 0.699507
F1_test: 0.717172
 

Arquitectura: _2_3_3_3_3_1_
Semilla: 1788102663
Segundos: 186
NIteraciones: 100000

Costo_train: 0.081991
Precision_train: 0.879245
Recall_train: 0.877039
F1_train: 0.878141

Costo_test: 0.078075
Precision_test: 0.879227
Recall_test: 0.896552
F1_test: 0.887805
 

Arquitectura: _2_3_3_3_3_1_
Semilla: 1788102663
Segundos: 186
NIteraciones: 100000

Costo_train: 0.082680
Precision_train: 0.882279
Recall_train: 0.874529
F1_train: 0.878387

Costo_test: 0.078664
Precision_test: 0.878641
Recall_test: 0.891626
F1_test: 0.885086
 

Arquitectura: _2_3_3_3_3_1_
Semilla: 1788102663
Segundos: 186
NIteraciones: 100000

Costo_train: 0.083593
Precision_train: 0.884518
Recall_train: 0.874529
F1_train: 0.879495

Costo_test: 0.079356
Precision_test: 0.878641
Recall_test: 0.891626
F1_test: 0.885086
 

Arquitectura: _2_3_3_3_3_1_
Semilla: 1788102663
Segundos: 186
NIteraciones: 100000

Costo_train: 0.081991
Precision_train: 0.882279
Recall_train: 0.874529
F1_train: 0.878387

Costo_test: 0.078036
Precision_test: 0.879227
Recall_test: 0.896552
F1_test: 0.887805
 

Arquitectura: _2_3_3_3_3_1_
Semilla: 1788102663
Segundos: 186
NIteraciones: 100000

Costo_train: 0.082076
Precision_train: 0.880202
Recall_train: 0.875784
F1_train: 0.877987

Costo_test: 0.078127
Precision_test: 0.879227
Recall_test: 0.896552
F1_test: 0.887805
 

Arquitectura: _2_3_3_3_3_1_
Semilla: 1788102663
Segundos: 186
NIteraciones: 100000

Costo_train: 0.083838
Precision_train: 0.884518
Recall_train: 0.874529
F1_train: 0.879495

Costo_test: 0.079559
Precision_test: 0.878641
Recall_test: 0.891626
F1_test: 0.885086
 

Arquitectura: _2_3_3_3_3_1_
Semilla: 1788102663
Segundos: 186
NIteraciones: 100000

Costo_train: 0.082508
Precision_train: 0.882279
Recall_train: 0.874529
F1_train: 0.878387

Costo_test: 0.078474
Precision_test: 0.878641
Recall_test: 0.891626
F1_test: 0.885086
 

Arquitectura: _2_3_3_3_3_1_
Semilla: 1788102663
Segundos: 186
NIteraciones: 100000

Costo_train: 0.082381
Precision_train: 0.882279
Recall_train: 0.874529
F1_train: 0.878387

Costo_test: 0.078337
Precision_test: 0.878641
Recall_test: 0.891626
F1_test: 0.885086
 

Arquitectura: _2_3_3_3_3_1_
Semilla: 1788102663
Segundos: 186
NIteraciones: 100000

Costo_train: 0.003867
Precision_train: 0.997497
Recall_train: 1.000000
F1_train: 0.998747

Costo_test: 0.004242
Precision_test: 1.000000
Recall_test: 0.995074
F1_test: 0.997531
 

Arquitectura: _2_3_3_3_3_1_
Semilla: 1788102663
Segundos: 186
NIteraciones: 100000

Costo_train: 0.082693
Precision_train: 0.882279
Recall_train: 0.874529
F1_train: 0.878387

Costo_test: 0.078596
Precision_test: 0.878641
Recall_test: 0.891626
F1_test: 0.885086
 

Arquitectura: _2_3_3_3_3_1_
Semilla: 1788102663
Segundos: 186
NIteraciones: 100000

Costo_train: 0.082169
Precision_train: 0.882279
Recall_train: 0.874529
F1_train: 0.878387

Costo_test: 0.078172
Precision_test: 0.878641
Recall_test: 0.891626
F1_test: 0.885086
 

Arquitectura: _2_3_3_3_3_1_
Semilla: 1788102663
Segundos: 186
NIteraciones: 100000

Costo_train: 0.083379
Precision_train: 0.882427
Recall_train: 0.875784
F1_train: 0.879093

Costo_test: 0.079205
Precision_test: 0.878641
Recall_test: 0.891626
F1_test: 0.885086
 

Arquitectura: _2_3_3_3_3_1_
Semilla: 1788102663
Segundos: 186
NIteraciones: 100000

Costo_train: 0.082220
Precision_train: 0.882279
Recall_train: 0.874529
F1_train: 0.878387

Costo_test: 0.078223
Precision_test: 0.878641
Recall_test: 0.891626
F1_test: 0.885086
 

Arquitectura: _2_3_3_3_3_1_
Semilla: 1788102663
Segundos: 186
NIteraciones: 100000

Costo_train: 0.081353
Precision_train: 0.892446
Recall_train: 0.874529
F1_train: 0.883397

Costo_test: 0.076394
Precision_test: 0.887255
Recall_test: 0.891626
F1_test: 0.889435
 

Arquitectura: _2_3_3_3_3_1_
Semilla: 1788102663
Segundos: 186
NIteraciones: 100000

Costo_train: 0.083644
Precision_train: 0.884518
Recall_train: 0.874529
F1_train: 0.879495

Costo_test: 0.079396
Precision_test: 0.878641
Recall_test: 0.891626
F1_test: 0.885086
 

Arquitectura: _2_3_3_3_3_1_
Semilla: 1788102663
Segundos: 186
NIteraciones: 100000

Costo_train: 0.003316
Precision_train: 0.997497
Recall_train: 1.000000
F1_train: 0.998747

Costo_test: 0.003753
Precision_test: 1.000000
Recall_test: 0.995074
F1_test: 0.997531
 

Arquitectura: _2_3_3_3_3_1_
Semilla: 1788102663
Segundos: 186
NIteraciones: 100000

Costo_train: 0.082410
Precision_train: 0.882279
Recall_train: 0.874529
F1_train: 0.878387

Costo_test: 0.078333
Precision_test: 0.878641
Recall_test: 0.891626
F1_test: 0.885086
 

Arquitectura: _2_3_3_3_3_1_
Semilla: 1788102663
Segundos: 186
NIteraciones: 100000

Costo_train: 0.003740
Precision_train: 0.997497
Recall_train: 1.000000
F1_train: 0.998747

Costo_test: 0.003737
Precision_test: 1.000000
Recall_test: 1.000000
F1_test: 1.000000
 

Arquitectura: _2_3_3_3_3_1_
Semilla: 1788102663
Segundos: 186
NIteraciones: 100000

Costo_train: 0.082574
Precision_train: 0.882279
Recall_train: 0.874529
F1_train: 0.878387

Costo_test: 0.078500
Precision_test: 0.878641
Recall_test: 0.891626
F1_test: 0.885086
 

Arquitectura: _2_3_3_3_3_1_
Semilla: 1788102663
Segundos: 186
NIteraciones: 100000

Costo_train: 0.082236
Precision_train: 0.882279
Recall_train: 0.874529
F1_train: 0.878387

Costo_test: 0.078224
Precision_test: 0.878641
Recall_test: 0.891626
F1_test: 0.885086
 

Arquitectura: _2_3_3_3_3_1_
Semilla: 1788102663
Segundos: 186
NIteraciones: 100000

Costo_train: 0.082098
Precision_train: 0.882279
Recall_train: 0.874529
F1_train: 0.878387

Costo_test: 0.078116
Precision_test: 0.878641
Recall_test: 0.891626
F1_test: 0.885086
 

Arquitectura: _2_3_3_3_3_1_
Semilla: 1788102663
Segundos: 186
NIteraciones: 100000

Costo_train: 0.002607
Precision_train: 0.997497
Recall_train: 1.000000
F1_train: 0.998747

Costo_test: 0.003031
Precision_test: 1.000000
Recall_test: 0.995074
F1_test: 0.997531
 

Arquitectura: _2_3_3_3_3_1_
Semilla: 1788102663
Segundos: 186
NIteraciones: 100000

Costo_train: 0.077063
Precision_train: 0.895674
Recall_train: 0.883312
F1_train: 0.889450

Costo_test: 0.072450
Precision_test: 0.888350
Recall_test: 0.901478
F1_test: 0.894866
 

Arquitectura: _2_3_3_3_3_1_
Semilla: 1788102663
Segundos: 186
NIteraciones: 100000

Costo_train: 0.082174
Precision_train: 0.881980
Recall_train: 0.872020
F1_train: 0.876972

Costo_test: 0.078114
Precision_test: 0.878641
Recall_test: 0.891626
F1_test: 0.885086
 

Arquitectura: _2_3_3_3_3_1_
Semilla: 1788102663
Segundos: 186
NIteraciones: 100000

Costo_train: 0.082124
Precision_train: 0.881163
Recall_train: 0.874529
F1_train: 0.877834

Costo_test: 0.078158
Precision_test: 0.878641
Recall_test: 0.891626
F1_test: 0.885086
 

Arquitectura: _2_3_3_3_3_1_
Semilla: 1788102663
Segundos: 186
NIteraciones: 100000

Costo_train: 0.081968
Precision_train: 0.882279
Recall_train: 0.874529
F1_train: 0.878387

Costo_test: 0.077979
Precision_test: 0.878641
Recall_test: 0.891626
F1_test: 0.885086
 

Arquitectura: _2_3_3_3_3_1_
Semilla: 1788102663
Segundos: 186
NIteraciones: 100000

Costo_train: 0.001770
Precision_train: 0.997497
Recall_train: 1.000000
F1_train: 0.998747

Costo_test: 0.001840
Precision_test: 1.000000
Recall_test: 0.995074
F1_test: 0.997531
 

Arquitectura: _2_3_3_3_3_1_
Semilla: 1788102663
Segundos: 186
NIteraciones: 100000

Costo_train: 0.082658
Precision_train: 0.882279
Recall_train: 0.874529
F1_train: 0.878387

Costo_test: 0.078538
Precision_test: 0.878641
Recall_test: 0.891626
F1_test: 0.885086
 

Arquitectura: _2_3_3_3_3_1_
Semilla: 1788102663
Segundos: 186
NIteraciones: 100000

Costo_train: 0.247591
Precision_train: 0.924956
Recall_train: 0.664994
F1_train: 0.773723

Costo_test: 0.247750
Precision_test: 0.932886
Recall_test: 0.684729
F1_test: 0.789773
 

Arquitectura: _2_3_3_3_3_1_
Semilla: 1788102663
Segundos: 186
NIteraciones: 100000

Costo_train: 0.005746
Precision_train: 0.997497
Recall_train: 1.000000
F1_train: 0.998747

Costo_test: 0.006101
Precision_test: 1.000000
Recall_test: 0.995074
F1_test: 0.997531
 

Arquitectura: _2_3_3_3_3_1_
Semilla: 1788102663
Segundos: 186
NIteraciones: 100000

Costo_train: 0.082645
Precision_train: 0.882279
Recall_train: 0.874529
F1_train: 0.878387

Costo_test: 0.078555
Precision_test: 0.878641
Recall_test: 0.891626
F1_test: 0.885086
 

Arquitectura: _2_3_3_3_3_1_
Semilla: 1788102663
Segundos: 186
NIteraciones: 100000

Costo_train: 0.082019
Precision_train: 0.882279
Recall_train: 0.874529
F1_train: 0.878387

Costo_test: 0.078028
Precision_test: 0.878641
Recall_test: 0.891626
F1_test: 0.885086
 

Arquitectura: _2_3_3_3_3_1_
Semilla: 1788102663
Segundos: 186
NIteraciones: 100000

Costo_train: 0.012543
Precision_train: 0.993742
Recall_train: 0.996236
F1_train: 0.994987

Costo_test: 0.012482
Precision_test: 0.995049
Recall_test: 0.990148
F1_test: 0.992593
 

Arquitectura: _2_3_3_3_3_1_
Semilla: 1788102663
Segundos: 186
NIteraciones: 100000

Costo_train: 0.002085
Precision_train: 0.997497
Recall_train: 1.000000
F1_train: 0.998747

Costo_test: 0.002395
Precision_test: 1.000000
Recall_test: 0.995074
F1_test: 0.997531
 

Arquitectura: _2_3_3_3_3_1_
Semilla: 1788102663
Segundos: 186
NIteraciones: 100000

Costo_train: 0.002978
Precision_train: 0.997497
Recall_train: 1.000000
F1_train: 0.998747

Costo_test: 0.003382
Precision_test: 1.000000
Recall_test: 0.995074
F1_test: 0.997531
 

Arquitectura: _2_3_3_3_3_1_
Semilla: 1788102663
Segundos: 186
NIteraciones: 100000

Costo_train: 0.082075
Precision_train: 0.882279
Recall_train: 0.874529
F1_train: 0.878387

Costo_test: 0.078073
Precision_test: 0.878641
Recall_test: 0.891626
F1_test: 0.885086
 

Arquitectura: _2_3_3_3_3_1_
Semilla: 1788102663
Segundos: 186
NIteraciones: 100000

Costo_train: 0.002175
Precision_train: 0.997497
Recall_train: 1.000000
F1_train: 0.998747

Costo_test: 0.002288
Precision_test: 1.000000
Recall_test: 0.995074
F1_test: 0.997531
 

Arquitectura: _2_3_3_3_3_1_
Semilla: 1788102663
Segundos: 186
NIteraciones: 100000

Costo_train: 0.085968
Precision_train: 0.891892
Recall_train: 0.869511
F1_train: 0.880559

Costo_test: 0.081472
Precision_test: 0.878049
Recall_test: 0.886699
F1_test: 0.882353
 

Arquitectura: _2_3_3_3_3_1_
Semilla: 1788102663
Segundos: 186
NIteraciones: 100000

Costo_train: 0.082261
Precision_train: 0.882279
Recall_train: 0.874529
F1_train: 0.878387

Costo_test: 0.078255
Precision_test: 0.878641
Recall_test: 0.891626
F1_test: 0.885086
 

Arquitectura: _2_3_3_3_3_1_
Semilla: 1788102663
Segundos: 186
NIteraciones: 100000

Costo_train: 0.082259
Precision_train: 0.882279
Recall_train: 0.874529
F1_train: 0.878387

Costo_test: 0.078284
Precision_test: 0.878641
Recall_test: 0.891626
F1_test: 0.885086
 

Arquitectura: _2_3_3_3_3_1_
Semilla: 1788102663
Segundos: 186
NIteraciones: 100000

Costo_train: 0.083736
Precision_train: 0.882279
Recall_train: 0.874529
F1_train: 0.878387

Costo_test: 0.079592
Precision_test: 0.878641
Recall_test: 0.891626
F1_test: 0.885086
 

Arquitectura: _2_3_3_3_3_1_
Semilla: 1788102663
Segundos: 186
NIteraciones: 100000

Costo_train: 0.082099
Precision_train: 0.882279
Recall_train: 0.874529
F1_train: 0.878387

Costo_test: 0.078120
Precision_test: 0.878641
Recall_test: 0.891626
F1_test: 0.885086
 

Arquitectura: _2_3_3_3_3_1_
Semilla: 1788102663
Segundos: 186
NIteraciones: 100000

Costo_train: 0.082268
Precision_train: 0.881163
Recall_train: 0.874529
F1_train: 0.877834

Costo_test: 0.078301
Precision_test: 0.879227
Recall_test: 0.896552
F1_test: 0.887805
 

Arquitectura: _2_3_3_3_3_1_
Semilla: 1788102663
Segundos: 186
NIteraciones: 100000

Costo_train: 0.082175
Precision_train: 0.882279
Recall_train: 0.874529
F1_train: 0.878387

Costo_test: 0.078172
Precision_test: 0.878641
Recall_test: 0.891626
F1_test: 0.885086
 

Arquitectura: _2_3_3_3_3_1_
Semilla: 1788102663
Segundos: 186
NIteraciones: 100000

Costo_train: 0.249968
Precision_train: -nan(ind)
Recall_train: 0.000000
F1_train: -nan(ind)

Costo_test: 0.250008
Precision_test: -nan(ind)
Recall_test: 0.000000
F1_test: -nan(ind)
 

Arquitectura: _2_3_3_3_3_1_
Semilla: 1788102663
Segundos: 186
NIteraciones: 100000

Costo_train: 0.076847
Precision_train: 0.897829
Recall_train: 0.882058
F1_train: 0.889873

Costo_test: 0.072197
Precision_test: 0.888350
Recall_test: 0.901478
F1_test: 0.894866
 

Arquitectura: _2_3_3_3_3_1_
Semilla: 1788102663
Segundos: 186
NIteraciones: 100000

Costo_train: 0.077726
Precision_train: 0.899743
Recall_train: 0.878294
F1_train: 0.888889

Costo_test: 0.072115
Precision_test: 0.897059
Recall_test: 0.901478
F1_test: 0.899263
 

Arquitectura: _2_3_3_3_3_1_
Semilla: 1788102663
Segundos: 186
NIteraciones: 100000

Costo_train: 0.081976
Precision_train: 0.882279
Recall_train: 0.874529
F1_train: 0.878387

Costo_test: 0.077998
Precision_test: 0.878641
Recall_test: 0.891626
F1_test: 0.885086
 

Arquitectura: _2_3_3_3_3_1_
Semilla: 1788102663
Segundos: 186
NIteraciones: 100000

Costo_train: 0.083524
Precision_train: 0.884518
Recall_train: 0.874529
F1_train: 0.879495

Costo_test: 0.079299
Precision_test: 0.878641
Recall_test: 0.891626
F1_test: 0.885086
 

Arquitectura: _2_3_3_3_3_1_
Semilla: 1788102663
Segundos: 186
NIteraciones: 100000

Costo_train: 0.082821
Precision_train: 0.882279
Recall_train: 0.874529
F1_train: 0.878387

Costo_test: 0.078712
Precision_test: 0.878641
Recall_test: 0.891626
F1_test: 0.885086
 

Arquitectura: _2_3_3_3_3_1_
Semilla: 1788102663
Segundos: 186
NIteraciones: 100000

Costo_train: 0.082226
Precision_train: 0.881163
Recall_train: 0.874529
F1_train: 0.877834

Costo_test: 0.078256
Precision_test: 0.878641
Recall_test: 0.891626
F1_test: 0.885086
 

Arquitectura: _2_3_3_3_3_1_
Semilla: 1788102663
Segundos: 186
NIteraciones: 100000

Costo_train: 0.082690
Precision_train: 0.882279
Recall_train: 0.874529
F1_train: 0.878387

Costo_test: 0.078616
Precision_test: 0.878641
Recall_test: 0.891626
F1_test: 0.885086
 

Arquitectura: _2_3_3_3_3_1_
Semilla: 1788102663
Segundos: 186
NIteraciones: 100000

Costo_train: 0.082522
Precision_train: 0.882279
Recall_train: 0.874529
F1_train: 0.878387

Costo_test: 0.078454
Precision_test: 0.878641
Recall_test: 0.891626
F1_test: 0.885086
 

Arquitectura: _2_3_3_3_3_1_
Semilla: 1788102663
Segundos: 186
NIteraciones: 100000

Costo_train: 0.082157
Precision_train: 0.881163
Recall_train: 0.874529
F1_train: 0.877834

Costo_test: 0.078180
Precision_test: 0.878641
Recall_test: 0.891626
F1_test: 0.885086
 

Arquitectura: _2_3_3_3_3_1_
Semilla: 1788102663
Segundos: 186
NIteraciones: 100000

Costo_train: 0.082614
Precision_train: 0.882279
Recall_train: 0.874529
F1_train: 0.878387

Costo_test: 0.078564
Precision_test: 0.878641
Recall_test: 0.891626
F1_test: 0.885086
 

Arquitectura: _2_3_3_3_3_1_
Semilla: 1788102663
Segundos: 186
NIteraciones: 100000

Costo_train: 0.249195
Precision_train: -nan(ind)
Recall_train: 0.000000
F1_train: -nan(ind)

Costo_test: 0.249247
Precision_test: -nan(ind)
Recall_test: 0.000000
F1_test: -nan(ind)
 

Arquitectura: _2_3_3_3_3_1_
Semilla: 1788102663
Segundos: 186
NIteraciones: 100000

Costo_train: 0.082563
Precision_train: 0.882279
Recall_train: 0.874529
F1_train: 0.878387

Costo_test: 0.078530
Precision_test: 0.878641
Recall_test: 0.891626
F1_test: 0.885086
 

Arquitectura: _2_3_3_3_3_1_
Semilla: 1788102663
Segundos: 186
NIteraciones: 100000

Costo_train: 0.082846
Precision_train: 0.883100
Recall_train: 0.872020
F1_train: 0.877525

Costo_test: 0.078701
Precision_test: 0.878641
Recall_test: 0.891626
F1_test: 0.885086
 

Arquitectura: _2_3_3_3_3_1_
Semilla: 1788102663
Segundos: 186
NIteraciones: 100000

Costo_train: 0.082318
Precision_train: 0.881163
Recall_train: 0.874529
F1_train: 0.877834

Costo_test: 0.078319
Precision_test: 0.878641
Recall_test: 0.891626
F1_test: 0.885086
 

Arquitectura: _2_3_3_3_3_1_
Semilla: 1788102663
Segundos: 186
NIteraciones: 100000

Costo_train: 0.003150
Precision_train: 0.997497
Recall_train: 1.000000
F1_train: 0.998747

Costo_test: 0.003694
Precision_test: 1.000000
Recall_test: 0.995074
F1_test: 0.997531
 

Arquitectura: _2_3_3_3_3_1_
Semilla: 1788102663
Segundos: 186
NIteraciones: 100000

Costo_train: 0.249461
Precision_train: -nan(ind)
Recall_train: 0.000000
F1_train: -nan(ind)

Costo_test: 0.249574
Precision_test: -nan(ind)
Recall_test: 0.000000
F1_test: -nan(ind)
 

Arquitectura: _2_3_3_3_3_1_
Semilla: 1788102663
Segundos: 186
NIteraciones: 100000

Costo_train: 0.003650
Precision_train: 0.997497
Recall_train: 1.000000
F1_train: 0.998747

Costo_test: 0.003893
Precision_test: 1.000000
Recall_test: 0.995074
F1_test: 0.997531
 

Arquitectura: _2_3_3_3_3_1_
Semilla: 1788102663
Segundos: 186
NIteraciones: 100000

Costo_train: 0.009233
Precision_train: 0.995000
Recall_train: 0.998745
F1_train: 0.996869

Costo_test: 0.009647
Precision_test: 0.995074
Recall_test: 0.995074
F1_test: 0.995074
 

Arquitectura: _2_3_3_3_3_1_
Semilla: 1788102663
Segundos: 186
NIteraciones: 100000

Costo_train: 0.082087
Precision_train: 0.882279
Recall_train: 0.874529
F1_train: 0.878387

Costo_test: 0.078114
Precision_test: 0.878641
Recall_test: 0.891626
F1_test: 0.885086
 

Arquitectura: _2_3_3_3_3_1_
Semilla: 1788102663
Segundos: 186
NIteraciones: 100000

Costo_train: 0.082052
Precision_train: 0.882279
Recall_train: 0.874529
F1_train: 0.878387

Costo_test: 0.078056
Precision_test: 0.878641
Recall_test: 0.891626
F1_test: 0.885086
 

Arquitectura: _2_3_3_3_3_1_
Semilla: 1788102663
Segundos: 186
NIteraciones: 100000

Costo_train: 0.082253
Precision_train: 0.882279
Recall_train: 0.874529
F1_train: 0.878387

Costo_test: 0.078261
Precision_test: 0.878641
Recall_test: 0.891626
F1_test: 0.885086
 

Arquitectura: _2_3_3_3_3_1_
Semilla: 1788102663
Segundos: 186
NIteraciones: 100000

Costo_train: 0.179614
Precision_train: 0.821561
Recall_train: 0.831869
F1_train: 0.826683

Costo_test: 0.181442
Precision_test: 0.813953
Recall_test: 0.862069
F1_test: 0.837321
 

Arquitectura: _2_3_3_3_3_1_
Semilla: 1788102663
Segundos: 186
NIteraciones: 100000

Costo_train: 0.072248
Precision_train: 0.903846
Recall_train: 0.884567
F1_train: 0.894103

Costo_test: 0.067659
Precision_test: 0.893204
Recall_test: 0.906404
F1_test: 0.899756
 

Arquitectura: _2_3_3_3_3_1_
Semilla: 1788102663
Segundos: 186
NIteraciones: 100000

Costo_train: 0.082910
Precision_train: 0.882279
Recall_train: 0.874529
F1_train: 0.878387

Costo_test: 0.078774
Precision_test: 0.878641
Recall_test: 0.891626
F1_test: 0.885086
 

Arquitectura: _2_3_3_3_3_1_
Semilla: 1788102663
Segundos: 186
NIteraciones: 100000

Costo_train: 0.081953
Precision_train: 0.882129
Recall_train: 0.873275
F1_train: 0.877680

Costo_test: 0.077957
Precision_test: 0.878641
Recall_test: 0.891626
F1_test: 0.885086
 

Arquitectura: _2_3_3_3_3_1_
Semilla: 1788102663
Segundos: 186
NIteraciones: 100000

Costo_train: 0.083322
Precision_train: 0.882427
Recall_train: 0.875784
F1_train: 0.879093

Costo_test: 0.079182
Precision_test: 0.878641
Recall_test: 0.891626
F1_test: 0.885086
 

Arquitectura: _2_3_3_3_3_1_
Semilla: 1788102663
Segundos: 186
NIteraciones: 100000

Costo_train: 0.082348
Precision_train: 0.881313
Recall_train: 0.875784
F1_train: 0.878540

Costo_test: 0.078347
Precision_test: 0.878641
Recall_test: 0.891626
F1_test: 0.885086
 

Arquitectura: _2_3_3_3_3_1_
Semilla: 1788102663
Segundos: 186
NIteraciones: 100000

Costo_train: 0.083071
Precision_train: 0.882279
Recall_train: 0.874529
F1_train: 0.878387

Costo_test: 0.079014
Precision_test: 0.878641
Recall_test: 0.891626
F1_test: 0.885086
 

Arquitectura: _2_3_3_3_3_1_
Semilla: 1788102663
Segundos: 186
NIteraciones: 100000

Costo_train: 0.002836
Precision_train: 0.997497
Recall_train: 1.000000
F1_train: 0.998747

Costo_test: 0.003369
Precision_test: 1.000000
Recall_test: 0.995074
F1_test: 0.997531
 

Arquitectura: _2_3_3_3_3_1_
Semilla: 1788102663
Segundos: 186
NIteraciones: 100000

Costo_train: 0.082086
Precision_train: 0.882279
Recall_train: 0.874529
F1_train: 0.878387

Costo_test: 0.078093
Precision_test: 0.878641
Recall_test: 0.891626
F1_test: 0.885086
 

Arquitectura: _2_3_3_3_3_1_
Semilla: 1788102663
Segundos: 186
NIteraciones: 100000

Costo_train: 0.082106
Precision_train: 0.882279
Recall_train: 0.874529
F1_train: 0.878387

Costo_test: 0.078101
Precision_test: 0.878641
Recall_test: 0.891626
F1_test: 0.885086
 

Arquitectura: _2_3_3_3_3_1_
Semilla: 1788102663
Segundos: 186
NIteraciones: 100000

Costo_train: 0.082028
Precision_train: 0.881163
Recall_train: 0.874529
F1_train: 0.877834

Costo_test: 0.078071
Precision_test: 0.879227
Recall_test: 0.896552
F1_test: 0.887805
 

Arquitectura: _2_3_3_3_3_1_
Semilla: 1788102663
Segundos: 186
NIteraciones: 100000

Costo_train: 0.083649
Precision_train: 0.884518
Recall_train: 0.874529
F1_train: 0.879495

Costo_test: 0.079394
Precision_test: 0.878641
Recall_test: 0.891626
F1_test: 0.885086
 

Arquitectura: _2_3_3_3_3_1_
Semilla: 1788102663
Segundos: 186
NIteraciones: 100000

Costo_train: 0.082092
Precision_train: 0.882279
Recall_train: 0.874529
F1_train: 0.878387

Costo_test: 0.078091
Precision_test: 0.878641
Recall_test: 0.891626
F1_test: 0.885086
 

Arquitectura: _2_3_3_3_3_1_
Semilla: 1788102663
Segundos: 186
NIteraciones: 100000

Costo_train: 0.082386
Precision_train: 0.880202
Recall_train: 0.875784
F1_train: 0.877987

Costo_test: 0.078456
Precision_test: 0.878641
Recall_test: 0.891626
F1_test: 0.885086
 

Arquitectura: _2_3_3_3_3_1_
Semilla: 1788102663
Segundos: 186
NIteraciones: 100000

Costo_train: 0.082723
Precision_train: 0.882279
Recall_train: 0.874529
F1_train: 0.878387

Costo_test: 0.078646
Precision_test: 0.878641
Recall_test: 0.891626
F1_test: 0.885086
 

Arquitectura: _2_3_3_3_3_1_
Semilla: 1788102663
Segundos: 186
NIteraciones: 100000

Costo_train: 0.081764
Precision_train: 0.884664
Recall_train: 0.875784
F1_train: 0.880202

Costo_test: 0.077607
Precision_test: 0.879227
Recall_test: 0.896552
F1_test: 0.887805
 

Arquitectura: _2_3_3_3_3_1_
Semilla: 1788102663
Segundos: 186
NIteraciones: 100000

Costo_train: 0.082609
Precision_train: 0.882279
Recall_train: 0.874529
F1_train: 0.878387

Costo_test: 0.078590
Precision_test: 0.878641
Recall_test: 0.891626
F1_test: 0.885086
 

Arquitectura: _2_3_3_3_3_1_
Semilla: 1788102663
Segundos: 186
NIteraciones: 100000

Costo_train: 0.082401
Precision_train: 0.883100
Recall_train: 0.872020
F1_train: 0.877525

Costo_test: 0.078235
Precision_test: 0.878641
Recall_test: 0.891626
F1_test: 0.885086
 

Arquitectura: _2_3_3_3_3_1_
Semilla: 1788102663
Segundos: 186
NIteraciones: 100000

Costo_train: 0.081706
Precision_train: 0.891443
Recall_train: 0.875784
F1_train: 0.883544

Costo_test: 0.077264
Precision_test: 0.887805
Recall_test: 0.896552
F1_test: 0.892157
 


--- Test Angosta 5.0 ---
Iteración 10000
Costo: 0.080876
Iteración 20000
Costo: 0.080744
Iteración 30000
Costo: 0.079706
Iteración 40000
Costo: 0.041765
Iteración 50000
Costo: 0.018581
Iteración 60000
Costo: 0.012379
Iteración 70000
Costo: 0.009424
Iteración 80000
Costo: 0.007672
Iteración 90000
Costo: 0.006515

Arquitectura: _2_15_1_
Semilla: 1788102849
Segundos: 56
NIteraciones: 100000

Costo_train: 0.005698
Precision_train: 0.997497
Recall_train: 1.000000
F1_train: 0.998747

Costo_test: 0.005626
Precision_test: 1.000000
Recall_test: 0.995074
F1_test: 0.997531
 

Arquitectura: _2_15_1_
Semilla: 1788102849
Segundos: 56
NIteraciones: 100000

Costo_train: 0.005348
Precision_train: 0.997497
Recall_train: 1.000000
F1_train: 0.998747

Costo_test: 0.005328
Precision_test: 1.000000
Recall_test: 0.995074
F1_test: 0.997531
 

Arquitectura: _2_15_1_
Semilla: 1788102849
Segundos: 56
NIteraciones: 100000

Costo_train: 0.005380
Precision_train: 0.997497
Recall_train: 1.000000
F1_train: 0.998747

Costo_test: 0.005242
Precision_test: 1.000000
Recall_test: 0.995074
F1_test: 0.997531
 

Arquitectura: _2_15_1_
Semilla: 1788102849
Segundos: 56
NIteraciones: 100000

Costo_train: 0.005208
Precision_train: 0.997497
Recall_train: 1.000000
F1_train: 0.998747

Costo_test: 0.005095
Precision_test: 1.000000
Recall_test: 0.995074
F1_test: 0.997531
 

Arquitectura: _2_15_1_
Semilla: 1788102849
Segundos: 56
NIteraciones: 100000

Costo_train: 0.005285
Precision_train: 0.997497
Recall_train: 1.000000
F1_train: 0.998747

Costo_test: 0.005209
Precision_test: 1.000000
Recall_test: 0.995074
F1_test: 0.997531
 

Arquitectura: _2_15_1_
Semilla: 1788102849
Segundos: 56
NIteraciones: 100000

Costo_train: 0.005252
Precision_train: 0.997497
Recall_train: 1.000000
F1_train: 0.998747

Costo_test: 0.005227
Precision_test: 1.000000
Recall_test: 0.995074
F1_test: 0.997531
 

Arquitectura: _2_15_1_
Semilla: 1788102849
Segundos: 56
NIteraciones: 100000

Costo_train: 0.005571
Precision_train: 0.997497
Recall_train: 1.000000
F1_train: 0.998747

Costo_test: 0.005553
Precision_test: 1.000000
Recall_test: 0.995074
F1_test: 0.997531
 

Arquitectura: _2_15_1_
Semilla: 1788102849
Segundos: 56
NIteraciones: 100000

Costo_train: 0.009497
Precision_train: 0.993750
Recall_train: 0.997491
F1_train: 0.995617

Costo_test: 0.009505
Precision_test: 0.995049
Recall_test: 0.990148
F1_test: 0.992593
 

Arquitectura: _2_15_1_
Semilla: 1788102849
Segundos: 56
NIteraciones: 100000

Costo_train: 0.006075
Precision_train: 0.997497
Recall_train: 1.000000
F1_train: 0.998747

Costo_test: 0.006091
Precision_test: 0.995074
Recall_test: 0.995074
F1_test: 0.995074
 

Arquitectura: _2_15_1_
Semilla: 1788102849
Segundos: 56
NIteraciones: 100000

Costo_train: 0.004999
Precision_train: 0.997497
Recall_train: 1.000000
F1_train: 0.998747

Costo_test: 0.004984
Precision_test: 1.000000
Recall_test: 0.995074
F1_test: 0.997531
 

Arquitectura: _2_15_1_
Semilla: 1788102849
Segundos: 56
NIteraciones: 100000

Costo_train: 0.004439
Precision_train: 0.997497
Recall_train: 1.000000
F1_train: 0.998747

Costo_test: 0.004558
Precision_test: 1.000000
Recall_test: 0.995074
F1_test: 0.997531
 

Arquitectura: _2_15_1_
Semilla: 1788102849
Segundos: 56
NIteraciones: 100000

Costo_train: 0.006389
Precision_train: 0.997497
Recall_train: 1.000000
F1_train: 0.998747

Costo_test: 0.006418
Precision_test: 0.995074
Recall_test: 0.995074
F1_test: 0.995074
 

Arquitectura: _2_15_1_
Semilla: 1788102849
Segundos: 56
NIteraciones: 100000

Costo_train: 0.004193
Precision_train: 0.997497
Recall_train: 1.000000
F1_train: 0.998747

Costo_test: 0.004299
Precision_test: 1.000000
Recall_test: 0.995074
F1_test: 0.997531
 

Arquitectura: _2_15_1_
Semilla: 1788102849
Segundos: 56
NIteraciones: 100000

Costo_train: 0.005146
Precision_train: 0.997497
Recall_train: 1.000000
F1_train: 0.998747

Costo_test: 0.005057
Precision_test: 1.000000
Recall_test: 0.995074
F1_test: 0.997531
 

Arquitectura: _2_15_1_
Semilla: 1788102849
Segundos: 56
NIteraciones: 100000

Costo_train: 0.080718
Precision_train: 0.879245
Recall_train: 0.877039
F1_train: 0.878141

Costo_test: 0.076987
Precision_test: 0.879227
Recall_test: 0.896552
F1_test: 0.887805
 

Arquitectura: _2_15_1_
Semilla: 1788102849
Segundos: 56
NIteraciones: 100000

Costo_train: 0.006754
Precision_train: 0.997497
Recall_train: 1.000000
F1_train: 0.998747

Costo_test: 0.006997
Precision_test: 0.995074
Recall_test: 0.995074
F1_test: 0.995074
 

Arquitectura: _2_15_1_
Semilla: 1788102849
Segundos: 56
NIteraciones: 100000

Costo_train: 0.005356
Precision_train: 0.997497
Recall_train: 1.000000
F1_train: 0.998747

Costo_test: 0.005322
Precision_test: 1.000000
Recall_test: 0.995074
F1_test: 0.997531
 

Arquitectura: _2_15_1_
Semilla: 1788102849
Segundos: 56
NIteraciones: 100000

Costo_train: 0.005260
Precision_train: 0.997497
Recall_train: 1.000000
F1_train: 0.998747

Costo_test: 0.005243
Precision_test: 1.000000
Recall_test: 0.995074
F1_test: 0.997531
 

Arquitectura: _2_15_1_
Semilla: 1788102849
Segundos: 56
NIteraciones: 100000

Costo_train: 0.005173
Precision_train: 0.997497
Recall_train: 1.000000
F1_train: 0.998747

Costo_test: 0.005130
Precision_test: 1.000000
Recall_test: 0.995074
F1_test: 0.997531
 

Arquitectura: _2_15_1_
Semilla: 1788102849
Segundos: 56
NIteraciones: 100000

Costo_train: 0.008082
Precision_train: 0.997494
Recall_train: 0.998745
F1_train: 0.998119

Costo_test: 0.007992
Precision_test: 0.995074
Recall_test: 0.995074
F1_test: 0.995074
 

Arquitectura: _2_15_1_
Semilla: 1788102849
Segundos: 56
NIteraciones: 100000

Costo_train: 0.006114
Precision_train: 0.997497
Recall_train: 1.000000
F1_train: 0.998747

Costo_test: 0.005985
Precision_test: 1.000000
Recall_test: 0.995074
F1_test: 0.997531
 

Arquitectura: _2_15_1_
Semilla: 1788102849
Segundos: 56
NIteraciones: 100000

Costo_train: 0.004341
Precision_train: 0.997497
Recall_train: 1.000000
F1_train: 0.998747

Costo_test: 0.004499
Precision_test: 1.000000
Recall_test: 0.995074
F1_test: 0.997531
 

Arquitectura: _2_15_1_
Semilla: 1788102849
Segundos: 56
NIteraciones: 100000

Costo_train: 0.004787
Precision_train: 0.997497
Recall_train: 1.000000
F1_train: 0.998747

Costo_test: 0.004692
Precision_test: 1.000000
Recall_test: 0.995074
F1_test: 0.997531
 

Arquitectura: _2_15_1_
Semilla: 1788102849
Segundos: 56
NIteraciones: 100000

Costo_train: 0.004681
Precision_train: 0.997497
Recall_train: 1.000000
F1_train: 0.998747

Costo_test: 0.004932
Precision_test: 1.000000
Recall_test: 0.995074
F1_test: 0.997531
 

Arquitectura: _2_15_1_
Semilla: 1788102849
Segundos: 56
NIteraciones: 100000

Costo_train: 0.005241
Precision_train: 0.997497
Recall_train: 1.000000
F1_train: 0.998747

Costo_test: 0.005213
Precision_test: 1.000000
Recall_test: 0.995074
F1_test: 0.997531
 

Arquitectura: _2_15_1_
Semilla: 1788102849
Segundos: 56
NIteraciones: 100000

Costo_train: 0.004700
Precision_train: 0.997497
Recall_train: 1.000000
F1_train: 0.998747

Costo_test: 0.004657
Precision_test: 1.000000
Recall_test: 0.995074
F1_test: 0.997531
 

Arquitectura: _2_15_1_
Semilla: 1788102849
Segundos: 56
NIteraciones: 100000

Costo_train: 0.005003
Precision_train: 0.997497
Recall_train: 1.000000
F1_train: 0.998747

Costo_test: 0.004902
Precision_test: 1.000000
Recall_test: 0.995074
F1_test: 0.997531
 

Arquitectura: _2_15_1_
Semilla: 1788102849
Segundos: 56
NIteraciones: 100000

Costo_train: 0.005071
Precision_train: 0.997497
Recall_train: 1.000000
F1_train: 0.998747

Costo_test: 0.004972
Precision_test: 1.000000
Recall_test: 0.995074
F1_test: 0.997531
 

Arquitectura: _2_15_1_
Semilla: 1788102849
Segundos: 56
NIteraciones: 100000

Costo_train: 0.005622
Precision_train: 0.997497
Recall_train: 1.000000
F1_train: 0.998747

Costo_test: 0.005543
Precision_test: 1.000000
Recall_test: 0.995074
F1_test: 0.997531
 

Arquitectura: _2_15_1_
Semilla: 1788102849
Segundos: 56
NIteraciones: 100000

Costo_train: 0.004886
Precision_train: 0.997497
Recall_train: 1.000000
F1_train: 0.998747

Costo_test: 0.004868
Precision_test: 1.000000
Recall_test: 0.995074
F1_test: 0.997531
 

Arquitectura: _2_15_1_
Semilla: 1788102849
Segundos: 56
NIteraciones: 100000

Costo_train: 0.005111
Precision_train: 0.997497
Recall_train: 1.000000
F1_train: 0.998747

Costo_test: 0.005055
Precision_test: 1.000000
Recall_test: 0.995074
F1_test: 0.997531
 

Arquitectura: _2_15_1_
Semilla: 1788102849
Segundos: 56
NIteraciones: 100000

Costo_train: 0.004711
Precision_train: 0.997497
Recall_train: 1.000000
F1_train: 0.998747

Costo_test: 0.004636
Precision_test: 1.000000
Recall_test: 0.995074
F1_test: 0.997531
 

Arquitectura: _2_15_1_
Semilla: 1788102849
Segundos: 56
NIteraciones: 100000

Costo_train: 0.005082
Precision_train: 0.997497
Recall_train: 1.000000
F1_train: 0.998747

Costo_test: 0.004982
Precision_test: 1.000000
Recall_test: 0.995074
F1_test: 0.997531
 

Arquitectura: _2_15_1_
Semilla: 1788102849
Segundos: 56
NIteraciones: 100000

Costo_train: 0.005800
Precision_train: 0.997497
Recall_train: 1.000000
F1_train: 0.998747

Costo_test: 0.005772
Precision_test: 0.995074
Recall_test: 0.995074
F1_test: 0.995074
 

Arquitectura: _2_15_1_
Semilla: 1788102849
Segundos: 56
NIteraciones: 100000

Costo_train: 0.005762
Precision_train: 0.997497
Recall_train: 1.000000
F1_train: 0.998747

Costo_test: 0.005721
Precision_test: 0.995074
Recall_test: 0.995074
F1_test: 0.995074
 

Arquitectura: _2_15_1_
Semilla: 1788102849
Segundos: 56
NIteraciones: 100000

Costo_train: 0.005053
Precision_train: 0.997497
Recall_train: 1.000000
F1_train: 0.998747

Costo_test: 0.004943
Precision_test: 1.000000
Recall_test: 0.995074
F1_test: 0.997531
 

Arquitectura: _2_15_1_
Semilla: 1788102849
Segundos: 56
NIteraciones: 100000

Costo_train: 0.018287
Precision_train: 0.991239
Recall_train: 0.993726
F1_train: 0.992481

Costo_test: 0.018034
Precision_test: 0.985294
Recall_test: 0.990148
F1_test: 0.987715
 

Arquitectura: _2_15_1_
Semilla: 1788102849
Segundos: 56
NIteraciones: 100000

Costo_train: 0.009967
Precision_train: 0.993750
Recall_train: 0.997491
F1_train: 0.995617

Costo_test: 0.010031
Precision_test: 0.995049
Recall_test: 0.990148
F1_test: 0.992593
 

Arquitectura: _2_15_1_
Semilla: 1788102849
Segundos: 56
NIteraciones: 100000

Costo_train: 0.005408
Precision_train: 0.997497
Recall_train: 1.000000
F1_train: 0.998747

Costo_test: 0.005309
Precision_test: 1.000000
Recall_test: 0.995074
F1_test: 0.997531
 

Arquitectura: _2_15_1_
Semilla: 1788102849
Segundos: 56
NIteraciones: 100000

Costo_train: 0.005467
Precision_train: 0.997497
Recall_train: 1.000000
F1_train: 0.998747

Costo_test: 0.005450
Precision_test: 1.000000
Recall_test: 0.995074
F1_test: 0.997531
 

Arquitectura: _2_15_1_
Semilla: 1788102849
Segundos: 56
NIteraciones: 100000

Costo_train: 0.005617
Precision_train: 0.997497
Recall_train: 1.000000
F1_train: 0.998747

Costo_test: 0.005571
Precision_test: 1.000000
Recall_test: 0.995074
F1_test: 0.997531
 

Arquitectura: _2_15_1_
Semilla: 1788102849
Segundos: 56
NIteraciones: 100000

Costo_train: 0.004893
Precision_train: 0.997497
Recall_train: 1.000000
F1_train: 0.998747

Costo_test: 0.004812
Precision_test: 1.000000
Recall_test: 0.995074
F1_test: 0.997531
 

Arquitectura: _2_15_1_
Semilla: 1788102849
Segundos: 56
NIteraciones: 100000

Costo_train: 0.004772
Precision_train: 0.997497
Recall_train: 1.000000
F1_train: 0.998747

Costo_test: 0.004739
Precision_test: 1.000000
Recall_test: 0.995074
F1_test: 0.997531
 

Arquitectura: _2_15_1_
Semilla: 1788102849
Segundos: 56
NIteraciones: 100000

Costo_train: 0.080757
Precision_train: 0.879093
Recall_train: 0.875784
F1_train: 0.877436

Costo_test: 0.077043
Precision_test: 0.879227
Recall_test: 0.896552
F1_test: 0.887805
 

Arquitectura: _2_15_1_
Semilla: 1788102849
Segundos: 56
NIteraciones: 100000

Costo_train: 0.005431
Precision_train: 0.997497
Recall_train: 1.000000
F1_train: 0.998747

Costo_test: 0.005413
Precision_test: 1.000000
Recall_test: 0.995074
F1_test: 0.997531
 

Arquitectura: _2_15_1_
Semilla: 1788102849
Segundos: 56
NIteraciones: 100000

Costo_train: 0.005444
Precision_train: 0.997497
Recall_train: 1.000000
F1_train: 0.998747

Costo_test: 0.005342
Precision_test: 1.000000
Recall_test: 0.995074
F1_test: 0.997531
 

Arquitectura: _2_15_1_
Semilla: 1788102849
Segundos: 56
NIteraciones: 100000

Costo_train: 0.004627
Precision_train: 0.997497
Recall_train: 1.000000
F1_train: 0.998747

Costo_test: 0.004534
Precision_test: 1.000000
Recall_test: 0.995074
F1_test: 0.997531
 

Arquitectura: _2_15_1_
Semilla: 1788102849
Segundos: 56
NIteraciones: 100000

Costo_train: 0.005076
Precision_train: 0.997497
Recall_train: 1.000000
F1_train: 0.998747

Costo_test: 0.005009
Precision_test: 1.000000
Recall_test: 0.995074
F1_test: 0.997531
 

Arquitectura: _2_15_1_
Semilla: 1788102849
Segundos: 56
NIteraciones: 100000

Costo_train: 0.005202
Precision_train: 0.997497
Recall_train: 1.000000
F1_train: 0.998747

Costo_test: 0.005191
Precision_test: 1.000000
Recall_test: 0.995074
F1_test: 0.997531
 

Arquitectura: _2_15_1_
Semilla: 1788102849
Segundos: 56
NIteraciones: 100000

Costo_train: 0.005543
Precision_train: 0.997497
Recall_train: 1.000000
F1_train: 0.998747

Costo_test: 0.005402
Precision_test: 1.000000
Recall_test: 0.995074
F1_test: 0.997531
 

Arquitectura: _2_15_1_
Semilla: 1788102849
Segundos: 56
NIteraciones: 100000

Costo_train: 0.005399
Precision_train: 0.997497
Recall_train: 1.000000
F1_train: 0.998747

Costo_test: 0.005387
Precision_test: 1.000000
Recall_test: 0.995074
F1_test: 0.997531
 

Arquitectura: _2_15_1_
Semilla: 1788102849
Segundos: 56
NIteraciones: 100000

Costo_train: 0.004965
Precision_train: 0.997497
Recall_train: 1.000000
F1_train: 0.998747

Costo_test: 0.004925
Precision_test: 1.000000
Recall_test: 0.995074
F1_test: 0.997531
 

Arquitectura: _2_15_1_
Semilla: 1788102849
Segundos: 56
NIteraciones: 100000

Costo_train: 0.006510
Precision_train: 0.997497
Recall_train: 1.000000
F1_train: 0.998747

Costo_test: 0.006509
Precision_test: 0.995074
Recall_test: 0.995074
F1_test: 0.995074
 

Arquitectura: _2_15_1_
Semilla: 1788102849
Segundos: 56
NIteraciones: 100000

Costo_train: 0.005279
Precision_train: 0.997497
Recall_train: 1.000000
F1_train: 0.998747

Costo_test: 0.005183
Precision_test: 1.000000
Recall_test: 0.995074
F1_test: 0.997531
 

Arquitectura: _2_15_1_
Semilla: 1788102849
Segundos: 56
NIteraciones: 100000

Costo_train: 0.005097
Precision_train: 0.997497
Recall_train: 1.000000
F1_train: 0.998747

Costo_test: 0.005015
Precision_test: 1.000000
Recall_test: 0.995074
F1_test: 0.997531
 

Arquitectura: _2_15_1_
Semilla: 1788102849
Segundos: 56
NIteraciones: 100000

Costo_train: 0.005421
Precision_train: 0.997497
Recall_train: 1.000000
F1_train: 0.998747

Costo_test: 0.005305
Precision_test: 1.000000
Recall_test: 0.995074
F1_test: 0.997531
 

Arquitectura: _2_15_1_
Semilla: 1788102849
Segundos: 56
NIteraciones: 100000

Costo_train: 0.005244
Precision_train: 0.997497
Recall_train: 1.000000
F1_train: 0.998747

Costo_test: 0.005130
Precision_test: 1.000000
Recall_test: 0.995074
F1_test: 0.997531
 

Arquitectura: _2_15_1_
Semilla: 1788102849
Segundos: 56
NIteraciones: 100000

Costo_train: 0.005322
Precision_train: 0.997497
Recall_train: 1.000000
F1_train: 0.998747

Costo_test: 0.005204
Precision_test: 1.000000
Recall_test: 0.995074
F1_test: 0.997531
 

Arquitectura: _2_15_1_
Semilla: 1788102849
Segundos: 56
NIteraciones: 100000

Costo_train: 0.005171
Precision_train: 0.997497
Recall_train: 1.000000
F1_train: 0.998747

Costo_test: 0.005077
Precision_test: 1.000000
Recall_test: 0.995074
F1_test: 0.997531
 

Arquitectura: _2_15_1_
Semilla: 1788102849
Segundos: 56
NIteraciones: 100000

Costo_train: 0.005088
Precision_train: 0.997497
Recall_train: 1.000000
F1_train: 0.998747

Costo_test: 0.004969
Precision_test: 1.000000
Recall_test: 0.995074
F1_test: 0.997531
 

Arquitectura: _2_15_1_
Semilla: 1788102849
Segundos: 56
NIteraciones: 100000

Costo_train: 0.007096
Precision_train: 0.997497
Recall_train: 1.000000
F1_train: 0.998747

Costo_test: 0.007000
Precision_test: 0.995074
Recall_test: 0.995074
F1_test: 0.995074
 

Arquitectura: _2_15_1_
Semilla: 1788102849
Segundos: 56
NIteraciones: 100000

Costo_train: 0.005644
Precision_train: 0.997497
Recall_train: 1.000000
F1_train: 0.998747

Costo_test: 0.005600
Precision_test: 1.000000
Recall_test: 0.995074
F1_test: 0.997531
 

Arquitectura: _2_15_1_
Semilla: 1788102849
Segundos: 56
NIteraciones: 100000

Costo_train: 0.004103
Precision_train: 0.997497
Recall_train: 1.000000
F1_train: 0.998747

Costo_test: 0.004226
Precision_test: 1.000000
Recall_test: 0.995074
F1_test: 0.997531
 

Arquitectura: _2_15_1_
Semilla: 1788102849
Segundos: 56
NIteraciones: 100000

Costo_train: 0.005175
Precision_train: 0.997497
Recall_train: 1.000000
F1_train: 0.998747

Costo_test: 0.005150
Precision_test: 1.000000
Recall_test: 0.995074
F1_test: 0.997531
 

Arquitectura: _2_15_1_
Semilla: 1788102849
Segundos: 56
NIteraciones: 100000

Costo_train: 0.005041
Precision_train: 0.997497
Recall_train: 1.000000
F1_train: 0.998747

Costo_test: 0.005013
Precision_test: 1.000000
Recall_test: 0.995074
F1_test: 0.997531
 

Arquitectura: _2_15_1_
Semilla: 1788102849
Segundos: 56
NIteraciones: 100000

Costo_train: 0.005038
Precision_train: 0.997497
Recall_train: 1.000000
F1_train: 0.998747

Costo_test: 0.004945
Precision_test: 1.000000
Recall_test: 0.995074
F1_test: 0.997531
 

Arquitectura: _2_15_1_
Semilla: 1788102849
Segundos: 56
NIteraciones: 100000

Costo_train: 0.005773
Precision_train: 0.997497
Recall_train: 1.000000
F1_train: 0.998747

Costo_test: 0.005611
Precision_test: 1.000000
Recall_test: 0.995074
F1_test: 0.997531
 

Arquitectura: _2_15_1_
Semilla: 1788102849
Segundos: 56
NIteraciones: 100000

Costo_train: 0.005385
Precision_train: 0.997497
Recall_train: 1.000000
F1_train: 0.998747

Costo_test: 0.005365
Precision_test: 1.000000
Recall_test: 0.995074
F1_test: 0.997531
 

Arquitectura: _2_15_1_
Semilla: 1788102849
Segundos: 56
NIteraciones: 100000

Costo_train: 0.005024
Precision_train: 0.997497
Recall_train: 1.000000
F1_train: 0.998747

Costo_test: 0.004992
Precision_test: 1.000000
Recall_test: 0.995074
F1_test: 0.997531
 

Arquitectura: _2_15_1_
Semilla: 1788102849
Segundos: 56
NIteraciones: 100000

Costo_train: 0.005003
Precision_train: 0.997497
Recall_train: 1.000000
F1_train: 0.998747

Costo_test: 0.004966
Precision_test: 1.000000
Recall_test: 0.995074
F1_test: 0.997531
 

Arquitectura: _2_15_1_
Semilla: 1788102849
Segundos: 56
NIteraciones: 100000

Costo_train: 0.004901
Precision_train: 0.997497
Recall_train: 1.000000
F1_train: 0.998747

Costo_test: 0.004832
Precision_test: 1.000000
Recall_test: 0.995074
F1_test: 0.997531
 

Arquitectura: _2_15_1_
Semilla: 1788102849
Segundos: 56
NIteraciones: 100000

Costo_train: 0.004632
Precision_train: 0.997497
Recall_train: 1.000000
F1_train: 0.998747

Costo_test: 0.004742
Precision_test: 1.000000
Recall_test: 0.995074
F1_test: 0.997531
 

Arquitectura: _2_15_1_
Semilla: 1788102849
Segundos: 56
NIteraciones: 100000

Costo_train: 0.004874
Precision_train: 0.997497
Recall_train: 1.000000
F1_train: 0.998747

Costo_test: 0.004841
Precision_test: 1.000000
Recall_test: 0.995074
F1_test: 0.997531
 

Arquitectura: _2_15_1_
Semilla: 1788102849
Segundos: 56
NIteraciones: 100000

Costo_train: 0.004944
Precision_train: 0.997497
Recall_train: 1.000000
F1_train: 0.998747

Costo_test: 0.004910
Precision_test: 1.000000
Recall_test: 0.995074
F1_test: 0.997531
 

Arquitectura: _2_15_1_
Semilla: 1788102849
Segundos: 56
NIteraciones: 100000

Costo_train: 0.005083
Precision_train: 0.997497
Recall_train: 1.000000
F1_train: 0.998747

Costo_test: 0.005048
Precision_test: 1.000000
Recall_test: 0.995074
F1_test: 0.997531
 

Arquitectura: _2_15_1_
Semilla: 1788102849
Segundos: 56
NIteraciones: 100000

Costo_train: 0.005113
Precision_train: 0.997497
Recall_train: 1.000000
F1_train: 0.998747

Costo_test: 0.004992
Precision_test: 1.000000
Recall_test: 0.995074
F1_test: 0.997531
 

Arquitectura: _2_15_1_
Semilla: 1788102849
Segundos: 56
NIteraciones: 100000

Costo_train: 0.005045
Precision_train: 0.997497
Recall_train: 1.000000
F1_train: 0.998747

Costo_test: 0.004947
Precision_test: 1.000000
Recall_test: 0.995074
F1_test: 0.997531
 

Arquitectura: _2_15_1_
Semilla: 1788102849
Segundos: 56
NIteraciones: 100000

Costo_train: 0.005866
Precision_train: 0.997497
Recall_train: 1.000000
F1_train: 0.998747

Costo_test: 0.005852
Precision_test: 0.995074
Recall_test: 0.995074
F1_test: 0.995074
 

Arquitectura: _2_15_1_
Semilla: 1788102849
Segundos: 56
NIteraciones: 100000

Costo_train: 0.004653
Precision_train: 0.997497
Recall_train: 1.000000
F1_train: 0.998747

Costo_test: 0.004544
Precision_test: 1.000000
Recall_test: 0.995074
F1_test: 0.997531
 

Arquitectura: _2_15_1_
Semilla: 1788102849
Segundos: 56
NIteraciones: 100000

Costo_train: 0.004678
Precision_train: 0.997497
Recall_train: 1.000000
F1_train: 0.998747

Costo_test: 0.004581
Precision_test: 1.000000
Recall_test: 0.995074
F1_test: 0.997531
 

Arquitectura: _2_15_1_
Semilla: 1788102849
Segundos: 56
NIteraciones: 100000

Costo_train: 0.004959
Precision_train: 0.997497
Recall_train: 1.000000
F1_train: 0.998747

Costo_test: 0.004941
Precision_test: 1.000000
Recall_test: 0.995074
F1_test: 0.997531
 

Arquitectura: _2_15_1_
Semilla: 1788102849
Segundos: 56
NIteraciones: 100000

Costo_train: 0.004031
Precision_train: 0.997497
Recall_train: 1.000000
F1_train: 0.998747

Costo_test: 0.004162
Precision_test: 1.000000
Recall_test: 0.995074
F1_test: 0.997531
 

Arquitectura: _2_15_1_
Semilla: 1788102849
Segundos: 56
NIteraciones: 100000

Costo_train: 0.006524
Precision_train: 0.997497
Recall_train: 1.000000
F1_train: 0.998747

Costo_test: 0.006445
Precision_test: 0.995074
Recall_test: 0.995074
F1_test: 0.995074
 

Arquitectura: _2_15_1_
Semilla: 1788102849
Segundos: 56
NIteraciones: 100000

Costo_train: 0.004670
Precision_train: 0.997497
Recall_train: 1.000000
F1_train: 0.998747

Costo_test: 0.004592
Precision_test: 1.000000
Recall_test: 0.995074
F1_test: 0.997531
 

Arquitectura: _2_15_1_
Semilla: 1788102849
Segundos: 56
NIteraciones: 100000

Costo_train: 0.005770
Precision_train: 0.997497
Recall_train: 1.000000
F1_train: 0.998747

Costo_test: 0.005644
Precision_test: 1.000000
Recall_test: 0.995074
F1_test: 0.997531
 

Arquitectura: _2_15_1_
Semilla: 1788102849
Segundos: 56
NIteraciones: 100000

Costo_train: 0.005064
Precision_train: 0.997497
Recall_train: 1.000000
F1_train: 0.998747

Costo_test: 0.005050
Precision_test: 1.000000
Recall_test: 0.995074
F1_test: 0.997531
 

Arquitectura: _2_15_1_
Semilla: 1788102849
Segundos: 56
NIteraciones: 100000

Costo_train: 0.005472
Precision_train: 0.997497
Recall_train: 1.000000
F1_train: 0.998747

Costo_test: 0.005447
Precision_test: 1.000000
Recall_test: 0.995074
F1_test: 0.997531
 

Arquitectura: _2_15_1_
Semilla: 1788102849
Segundos: 56
NIteraciones: 100000

Costo_train: 0.005090
Precision_train: 0.997497
Recall_train: 1.000000
F1_train: 0.998747

Costo_test: 0.004971
Precision_test: 1.000000
Recall_test: 0.995074
F1_test: 0.997531
 

Arquitectura: _2_15_1_
Semilla: 1788102849
Segundos: 56
NIteraciones: 100000

Costo_train: 0.005548
Precision_train: 0.997497
Recall_train: 1.000000
F1_train: 0.998747

Costo_test: 0.005434
Precision_test: 1.000000
Recall_test: 0.995074
F1_test: 0.997531
 

Arquitectura: _2_15_1_
Semilla: 1788102849
Segundos: 56
NIteraciones: 100000

Costo_train: 0.006902
Precision_train: 0.997497
Recall_train: 1.000000
F1_train: 0.998747

Costo_test: 0.006791
Precision_test: 0.995074
Recall_test: 0.995074
F1_test: 0.995074
 

Arquitectura: _2_15_1_
Semilla: 1788102849
Segundos: 56
NIteraciones: 100000

Costo_train: 0.004740
Precision_train: 0.997497
Recall_train: 1.000000
F1_train: 0.998747

Costo_test: 0.004927
Precision_test: 1.000000
Recall_test: 0.995074
F1_test: 0.997531
 

Arquitectura: _2_15_1_
Semilla: 1788102849
Segundos: 56
NIteraciones: 100000

Costo_train: 0.005231
Precision_train: 0.997497
Recall_train: 1.000000
F1_train: 0.998747

Costo_test: 0.005105
Precision_test: 1.000000
Recall_test: 0.995074
F1_test: 0.997531
 

Arquitectura: _2_15_1_
Semilla: 1788102849
Segundos: 56
NIteraciones: 100000

Costo_train: 0.080758
Precision_train: 0.879093
Recall_train: 0.875784
F1_train: 0.877436

Costo_test: 0.077042
Precision_test: 0.879227
Recall_test: 0.896552
F1_test: 0.887805
 

Arquitectura: _2_15_1_
Semilla: 1788102849
Segundos: 56
NIteraciones: 100000

Costo_train: 0.005611
Precision_train: 0.997497
Recall_train: 1.000000
F1_train: 0.998747

Costo_test: 0.005595
Precision_test: 1.000000
Recall_test: 0.995074
F1_test: 0.997531
 

Arquitectura: _2_15_1_
Semilla: 1788102849
Segundos: 56
NIteraciones: 100000

Costo_train: 0.004737
Precision_train: 0.997497
Recall_train: 1.000000
F1_train: 0.998747

Costo_test: 0.004694
Precision_test: 1.000000
Recall_test: 0.995074
F1_test: 0.997531
 

Arquitectura: _2_15_1_
Semilla: 1788102849
Segundos: 56
NIteraciones: 100000

Costo_train: 0.004906
Precision_train: 0.997497
Recall_train: 1.000000
F1_train: 0.998747

Costo_test: 0.004801
Precision_test: 1.000000
Recall_test: 0.995074
F1_test: 0.997531
 

Arquitectura: _2_15_1_
Semilla: 1788102849
Segundos: 56
NIteraciones: 100000

Costo_train: 0.005070
Precision_train: 0.997497
Recall_train: 1.000000
F1_train: 0.998747

Costo_test: 0.005016
Precision_test: 1.000000
Recall_test: 0.995074
F1_test: 0.997531
 

Arquitectura: _2_15_1_
Semilla: 1788102849
Segundos: 56
NIteraciones: 100000

Costo_train: 0.005470
Precision_train: 0.997497
Recall_train: 1.000000
F1_train: 0.998747

Costo_test: 0.005443
Precision_test: 1.000000
Recall_test: 0.995074
F1_test: 0.997531
 

Arquitectura: _2_15_1_
Semilla: 1788102849
Segundos: 56
NIteraciones: 100000

Costo_train: 0.004855
Precision_train: 0.997497
Recall_train: 1.000000
F1_train: 0.998747

Costo_test: 0.004781
Precision_test: 1.000000
Recall_test: 0.995074
F1_test: 0.997531
 

Arquitectura: _2_15_1_
Semilla: 1788102849
Segundos: 56
NIteraciones: 100000

Costo_train: 0.005133
Precision_train: 0.997497
Recall_train: 1.000000
F1_train: 0.998747

Costo_test: 0.005026
Precision_test: 1.000000
Recall_test: 0.995074
F1_test: 0.997531
 


--- Test Profunda 5.0 ---
Iteración 10000
Costo: 0.249878
Iteración 20000
Costo: 0.249829
Iteración 30000
Costo: 0.249757
Iteración 40000
Costo: 0.249646
Iteración 50000
Costo: 0.249457
Iteración 60000
Costo: 0.249084
Iteración 70000
Costo: 0.248145
Iteración 80000
Costo: 0.244024
Iteración 90000
Costo: 0.141838

Arquitectura: _2_3_3_3_3_3_1_
Semilla: 1788102905
Segundos: 232
NIteraciones: 100000

Costo_train: 0.085898
Precision_train: 0.888747
Recall_train: 0.872020
F1_train: 0.880304

Costo_test: 0.081462
Precision_test: 0.878641
Recall_test: 0.891626
F1_test: 0.885086
 

Arquitectura: _2_3_3_3_3_3_1_
Semilla: 1788102905
Segundos: 232
NIteraciones: 100000

Costo_train: 0.249984
Precision_train: -nan(ind)
Recall_train: 0.000000
F1_train: -nan(ind)

Costo_test: 0.250019
Precision_test: -nan(ind)
Recall_test: 0.000000
F1_test: -nan(ind)
 

Arquitectura: _2_3_3_3_3_3_1_
Semilla: 1788102905
Segundos: 232
NIteraciones: 100000

Costo_train: 0.248605
Precision_train: 0.986079
Recall_train: 0.533250
F1_train: 0.692182

Costo_test: 0.248746
Precision_test: 0.990099
Recall_test: 0.492611
F1_test: 0.657895
 

Arquitectura: _2_3_3_3_3_3_1_
Semilla: 1788102905
Segundos: 232
NIteraciones: 100000

Costo_train: 0.249993
Precision_train: -nan(ind)
Recall_train: 0.000000
F1_train: -nan(ind)

Costo_test: 0.250028
Precision_test: -nan(ind)
Recall_test: 0.000000
F1_test: -nan(ind)
 

Arquitectura: _2_3_3_3_3_3_1_
Semilla: 1788102905
Segundos: 232
NIteraciones: 100000

Costo_train: 0.247677
Precision_train: 0.922222
Recall_train: 0.624843
F1_train: 0.744951

Costo_test: 0.247857
Precision_test: 0.941176
Recall_test: 0.630542
F1_test: 0.755162
 

Arquitectura: _2_3_3_3_3_3_1_
Semilla: 1788102905
Segundos: 232
NIteraciones: 100000

Costo_train: 0.249862
Precision_train: -nan(ind)
Recall_train: 0.000000
F1_train: -nan(ind)

Costo_test: 0.249898
Precision_test: -nan(ind)
Recall_test: 0.000000
F1_test: -nan(ind)
 

Arquitectura: _2_3_3_3_3_3_1_
Semilla: 1788102905
Segundos: 232
NIteraciones: 100000

Costo_train: 0.249959
Precision_train: -nan(ind)
Recall_train: 0.000000
F1_train: -nan(ind)

Costo_test: 0.249995
Precision_test: -nan(ind)
Recall_test: 0.000000
F1_test: -nan(ind)
 

Arquitectura: _2_3_3_3_3_3_1_
Semilla: 1788102905
Segundos: 232
NIteraciones: 100000

Costo_train: 0.249530
Precision_train: -nan(ind)
Recall_train: 0.000000
F1_train: -nan(ind)

Costo_test: 0.249579
Precision_test: -nan(ind)
Recall_test: 0.000000
F1_test: -nan(ind)
 

Arquitectura: _2_3_3_3_3_3_1_
Semilla: 1788102905
Segundos: 232
NIteraciones: 100000

Costo_train: 0.249925
Precision_train: -nan(ind)
Recall_train: 0.000000
F1_train: -nan(ind)

Costo_test: 0.249966
Precision_test: -nan(ind)
Recall_test: 0.000000
F1_test: -nan(ind)
 

Arquitectura: _2_3_3_3_3_3_1_
Semilla: 1788102905
Segundos: 232
NIteraciones: 100000

Costo_train: 0.085254
Precision_train: 0.891753
Recall_train: 0.868256
F1_train: 0.879847

Costo_test: 0.080660
Precision_test: 0.886699
Recall_test: 0.886699
F1_test: 0.886699
 

Arquitectura: _2_3_3_3_3_3_1_
Semilla: 1788102905
Segundos: 232
NIteraciones: 100000

Costo_train: 0.249245
Precision_train: -nan(ind)
Recall_train: 0.000000
F1_train: -nan(ind)

Costo_test: 0.249327
Precision_test: -nan(ind)
Recall_test: 0.000000
F1_test: -nan(ind)
 

Arquitectura: _2_3_3_3_3_3_1_
Semilla: 1788102905
Segundos: 232
NIteraciones: 100000

Costo_train: 0.249880
Precision_train: -nan(ind)
Recall_train: 0.000000
F1_train: -nan(ind)

Costo_test: 0.249928
Precision_test: -nan(ind)
Recall_test: 0.000000
F1_test: -nan(ind)
 

Arquitectura: _2_3_3_3_3_3_1_
Semilla: 1788102905
Segundos: 232
NIteraciones: 100000

Costo_train: 0.249549
Precision_train: -nan(ind)
Recall_train: 0.000000
F1_train: -nan(ind)

Costo_test: 0.249605
Precision_test: -nan(ind)
Recall_test: 0.000000
F1_test: -nan(ind)
 

Arquitectura: _2_3_3_3_3_3_1_
Semilla: 1788102905
Segundos: 232
NIteraciones: 100000

Costo_train: 0.249961
Precision_train: -nan(ind)
Recall_train: 0.000000
F1_train: -nan(ind)

Costo_test: 0.249999
Precision_test: -nan(ind)
Recall_test: 0.000000
F1_test: -nan(ind)
 

Arquitectura: _2_3_3_3_3_3_1_
Semilla: 1788102905
Segundos: 232
NIteraciones: 100000

Costo_train: 0.248004
Precision_train: 0.863139
Recall_train: 0.593476
F1_train: 0.703346

Costo_test: 0.248214
Precision_test: 0.869231
Recall_test: 0.556650
F1_test: 0.678679
 

Arquitectura: _2_3_3_3_3_3_1_
Semilla: 1788102905
Segundos: 232
NIteraciones: 100000

Costo_train: 0.241675
Precision_train: 0.745383
Recall_train: 0.708908
F1_train: 0.726688

Costo_test: 0.242458
Precision_test: 0.723301
Recall_test: 0.733990
F1_test: 0.728606
 

Arquitectura: _2_3_3_3_3_3_1_
Semilla: 1788102905
Segundos: 232
NIteraciones: 100000

Costo_train: 0.249952
Precision_train: -nan(ind)
Recall_train: 0.000000
F1_train: -nan(ind)

Costo_test: 0.249988
Precision_test: -nan(ind)
Recall_test: 0.000000
F1_test: -nan(ind)
 

Arquitectura: _2_3_3_3_3_3_1_
Semilla: 1788102905
Segundos: 232
NIteraciones: 100000

Costo_train: 0.249991
Precision_train: -nan(ind)
Recall_train: 0.000000
F1_train: -nan(ind)

Costo_test: 0.250026
Precision_test: -nan(ind)
Recall_test: 0.000000
F1_test: -nan(ind)
 

Arquitectura: _2_3_3_3_3_3_1_
Semilla: 1788102905
Segundos: 232
NIteraciones: 100000

Costo_train: 0.249772
Precision_train: -nan(ind)
Recall_train: 0.000000
F1_train: -nan(ind)

Costo_test: 0.249824
Precision_test: -nan(ind)
Recall_test: 0.000000
F1_test: -nan(ind)
 

Arquitectura: _2_3_3_3_3_3_1_
Semilla: 1788102905
Segundos: 232
NIteraciones: 100000

Costo_train: 0.249682
Precision_train: -nan(ind)
Recall_train: 0.000000
F1_train: -nan(ind)

Costo_test: 0.249740
Precision_test: -nan(ind)
Recall_test: 0.000000
F1_test: -nan(ind)
 

Arquitectura: _2_3_3_3_3_3_1_
Semilla: 1788102905
Segundos: 232
NIteraciones: 100000

Costo_train: 0.248983
Precision_train: 1.000000
Recall_train: 0.006274
F1_train: 0.012469

Costo_test: 0.249056
Precision_test: 1.000000
Recall_test: 0.009852
F1_test: 0.019512
 

Arquitectura: _2_3_3_3_3_3_1_
Semilla: 1788102905
Segundos: 232
NIteraciones: 100000

Costo_train: 0.249940
Precision_train: -nan(ind)
Recall_train: 0.000000
F1_train: -nan(ind)

Costo_test: 0.249979
Precision_test: -nan(ind)
Recall_test: 0.000000
F1_test: -nan(ind)
 

Arquitectura: _2_3_3_3_3_3_1_
Semilla: 1788102905
Segundos: 232
NIteraciones: 100000

Costo_train: 0.249985
Precision_train: -nan(ind)
Recall_train: 0.000000
F1_train: -nan(ind)

Costo_test: 0.250024
Precision_test: -nan(ind)
Recall_test: 0.000000
F1_test: -nan(ind)
 

Arquitectura: _2_3_3_3_3_3_1_
Semilla: 1788102905
Segundos: 232
NIteraciones: 100000

Costo_train: 0.250001
Precision_train: -nan(ind)
Recall_train: 0.000000
F1_train: -nan(ind)

Costo_test: 0.250034
Precision_test: -nan(ind)
Recall_test: 0.000000
F1_test: -nan(ind)
 

Arquitectura: _2_3_3_3_3_3_1_
Semilla: 1788102905
Segundos: 232
NIteraciones: 100000

Costo_train: 0.249538
Precision_train: -nan(ind)
Recall_train: 0.000000
F1_train: -nan(ind)

Costo_test: 0.249607
Precision_test: -nan(ind)
Recall_test: 0.000000
F1_test: -nan(ind)
 

Arquitectura: _2_3_3_3_3_3_1_
Semilla: 1788102905
Segundos: 232
NIteraciones: 100000

Costo_train: 0.249804
Precision_train: -nan(ind)
Recall_train: 0.000000
F1_train: -nan(ind)

Costo_test: 0.249851
Precision_test: -nan(ind)
Recall_test: 0.000000
F1_test: -nan(ind)
 

Arquitectura: _2_3_3_3_3_3_1_
Semilla: 1788102905
Segundos: 232
NIteraciones: 100000

Costo_train: 0.249953
Precision_train: -nan(ind)
Recall_train: 0.000000
F1_train: -nan(ind)

Costo_test: 0.249990
Precision_test: -nan(ind)
Recall_test: 0.000000
F1_test: -nan(ind)
 

Arquitectura: _2_3_3_3_3_3_1_
Semilla: 1788102905
Segundos: 232
NIteraciones: 100000

Costo_train: 0.082972
Precision_train: 0.882279
Recall_train: 0.874529
F1_train: 0.878387

Costo_test: 0.078853
Precision_test: 0.878641
Recall_test: 0.891626
F1_test: 0.885086
 

Arquitectura: _2_3_3_3_3_3_1_
Semilla: 1788102905
Segundos: 232
NIteraciones: 100000

Costo_train: 0.249984
Precision_train: -nan(ind)
Recall_train: 0.000000
F1_train: -nan(ind)

Costo_test: 0.250022
Precision_test: -nan(ind)
Recall_test: 0.000000
F1_test: -nan(ind)
 

Arquitectura: _2_3_3_3_3_3_1_
Semilla: 1788102905
Segundos: 232
NIteraciones: 100000

Costo_train: 0.249627
Precision_train: -nan(ind)
Recall_train: 0.000000
F1_train: -nan(ind)

Costo_test: 0.249682
Precision_test: -nan(ind)
Recall_test: 0.000000
F1_test: -nan(ind)
 

Arquitectura: _2_3_3_3_3_3_1_
Semilla: 1788102905
Segundos: 232
NIteraciones: 100000

Costo_train: 0.249993
Precision_train: -nan(ind)
Recall_train: 0.000000
F1_train: -nan(ind)

Costo_test: 0.250029
Precision_test: -nan(ind)
Recall_test: 0.000000
F1_test: -nan(ind)
 

Arquitectura: _2_3_3_3_3_3_1_
Semilla: 1788102905
Segundos: 232
NIteraciones: 100000

Costo_train: 0.249968
Precision_train: -nan(ind)
Recall_train: 0.000000
F1_train: -nan(ind)

Costo_test: 0.250006
Precision_test: -nan(ind)
Recall_test: 0.000000
F1_test: -nan(ind)
 

Arquitectura: _2_3_3_3_3_3_1_
Semilla: 1788102905
Segundos: 232
NIteraciones: 100000

Costo_train: 0.250007
Precision_train: -nan(ind)
Recall_train: 0.000000
F1_train: -nan(ind)

Costo_test: 0.250041
Precision_test: -nan(ind)
Recall_test: 0.000000
F1_test: -nan(ind)
 

Arquitectura: _2_3_3_3_3_3_1_
Semilla: 1788102905
Segundos: 232
NIteraciones: 100000

Costo_train: 0.249955
Precision_train: -nan(ind)
Recall_train: 0.000000
F1_train: -nan(ind)

Costo_test: 0.249985
Precision_test: -nan(ind)
Recall_test: 0.000000
F1_test: -nan(ind)
 

Arquitectura: _2_3_3_3_3_3_1_
Semilla: 1788102905
Segundos: 232
NIteraciones: 100000

Costo_train: 0.249992
Precision_train: -nan(ind)
Recall_train: 0.000000
F1_train: -nan(ind)

Costo_test: 0.250028
Precision_test: -nan(ind)
Recall_test: 0.000000
F1_test: -nan(ind)
 

Arquitectura: _2_3_3_3_3_3_1_
Semilla: 1788102905
Segundos: 232
NIteraciones: 100000

Costo_train: 0.249979
Precision_train: -nan(ind)
Recall_train: 0.000000
F1_train: -nan(ind)

Costo_test: 0.250015
Precision_test: -nan(ind)
Recall_test: 0.000000
F1_test: -nan(ind)
 

Arquitectura: _2_3_3_3_3_3_1_
Semilla: 1788102905
Segundos: 232
NIteraciones: 100000

Costo_train: 0.083623
Precision_train: 0.884518
Recall_train: 0.874529
F1_train: 0.879495

Costo_test: 0.079383
Precision_test: 0.878641
Recall_test: 0.891626
F1_test: 0.885086
 

Arquitectura: _2_3_3_3_3_3_1_
Semilla: 1788102905
Segundos: 232
NIteraciones: 100000

Costo_train: 0.086079
Precision_train: 0.889885
Recall_train: 0.872020
F1_train: 0.880862

Costo_test: 0.081660
Precision_test: 0.878641
Recall_test: 0.891626
F1_test: 0.885086
 

Arquitectura: _2_3_3_3_3_3_1_
Semilla: 1788102905
Segundos: 232
NIteraciones: 100000

Costo_train: 0.248924
Precision_train: 1.000000
Recall_train: 0.205772
F1_train: 0.341311

Costo_test: 0.249021
Precision_test: 1.000000
Recall_test: 0.157635
F1_test: 0.272340
 

Arquitectura: _2_3_3_3_3_3_1_
Semilla: 1788102905
Segundos: 232
NIteraciones: 100000

Costo_train: 0.247956
Precision_train: 0.801619
Recall_train: 0.745295
F1_train: 0.772432

Costo_test: 0.248089
Precision_test: 0.794872
Recall_test: 0.763547
F1_test: 0.778894
 

Arquitectura: _2_3_3_3_3_3_1_
Semilla: 1788102905
Segundos: 232
NIteraciones: 100000

Costo_train: 0.248889
Precision_train: -nan(ind)
Recall_train: 0.000000
F1_train: -nan(ind)

Costo_test: 0.248971
Precision_test: -nan(ind)
Recall_test: 0.000000
F1_test: -nan(ind)
 

Arquitectura: _2_3_3_3_3_3_1_
Semilla: 1788102905
Segundos: 232
NIteraciones: 100000

Costo_train: 0.250002
Precision_train: -nan(ind)
Recall_train: 0.000000
F1_train: -nan(ind)

Costo_test: 0.250036
Precision_test: -nan(ind)
Recall_test: 0.000000
F1_test: -nan(ind)
 

Arquitectura: _2_3_3_3_3_3_1_
Semilla: 1788102905
Segundos: 232
NIteraciones: 100000

Costo_train: 0.249965
Precision_train: -nan(ind)
Recall_train: 0.000000
F1_train: -nan(ind)

Costo_test: 0.250001
Precision_test: -nan(ind)
Recall_test: 0.000000
F1_test: -nan(ind)
 

Arquitectura: _2_3_3_3_3_3_1_
Semilla: 1788102905
Segundos: 232
NIteraciones: 100000

Costo_train: 0.244174
Precision_train: 0.811613
Recall_train: 0.789210
F1_train: 0.800254

Costo_test: 0.244473
Precision_test: 0.805825
Recall_test: 0.817734
F1_test: 0.811736
 

Arquitectura: _2_3_3_3_3_3_1_
Semilla: 1788102905
Segundos: 232
NIteraciones: 100000

Costo_train: 0.249962
Precision_train: -nan(ind)
Recall_train: 0.000000
F1_train: -nan(ind)

Costo_test: 0.249999
Precision_test: -nan(ind)
Recall_test: 0.000000
F1_test: -nan(ind)
 

Arquitectura: _2_3_3_3_3_3_1_
Semilla: 1788102905
Segundos: 232
NIteraciones: 100000

Costo_train: 0.246580
Precision_train: 0.875606
Recall_train: 0.680050
F1_train: 0.765537

Costo_test: 0.246800
Precision_test: 0.889571
Recall_test: 0.714286
F1_test: 0.792350
 

Arquitectura: _2_3_3_3_3_3_1_
Semilla: 1788102905
Segundos: 232
NIteraciones: 100000

Costo_train: 0.249937
Precision_train: -nan(ind)
Recall_train: 0.000000
F1_train: -nan(ind)

Costo_test: 0.249976
Precision_test: -nan(ind)
Recall_test: 0.000000
F1_test: -nan(ind)
 

Arquitectura: _2_3_3_3_3_3_1_
Semilla: 1788102905
Segundos: 232
NIteraciones: 100000

Costo_train: 0.248255
Precision_train: 0.887833
Recall_train: 0.585947
F1_train: 0.705971

Costo_test: 0.248432
Precision_test: 0.903226
Recall_test: 0.551724
F1_test: 0.685015
 

Arquitectura: _2_3_3_3_3_3_1_
Semilla: 1788102905
Segundos: 232
NIteraciones: 100000

Costo_train: 0.249994
Precision_train: -nan(ind)
Recall_train: 0.000000
F1_train: -nan(ind)

Costo_test: 0.250026
Precision_test: -nan(ind)
Recall_test: 0.000000
F1_test: -nan(ind)
 

Arquitectura: _2_3_3_3_3_3_1_
Semilla: 1788102905
Segundos: 232
NIteraciones: 100000

Costo_train: 0.249986
Precision_train: -nan(ind)
Recall_train: 0.000000
F1_train: -nan(ind)

Costo_test: 0.250022
Precision_test: -nan(ind)
Recall_test: 0.000000
F1_test: -nan(ind)
 

Arquitectura: _2_3_3_3_3_3_1_
Semilla: 1788102905
Segundos: 232
NIteraciones: 100000

Costo_train: 0.249493
Precision_train: 1.000000
Recall_train: 0.214555
F1_train: 0.353306

Costo_test: 0.249615
Precision_test: 1.000000
Recall_test: 0.206897
F1_test: 0.342857
 

Arquitectura: _2_3_3_3_3_3_1_
Semilla: 1788102905
Segundos: 232
NIteraciones: 100000

Costo_train: 0.249953
Precision_train: -nan(ind)
Recall_train: 0.000000
F1_train: -nan(ind)

Costo_test: 0.249993
Precision_test: -nan(ind)
Recall_test: 0.000000
F1_test: -nan(ind)
 

Arquitectura: _2_3_3_3_3_3_1_
Semilla: 1788102905
Segundos: 232
NIteraciones: 100000

Costo_train: 0.086278
Precision_train: 0.890746
Recall_train: 0.869511
F1_train: 0.880000

Costo_test: 0.081806
Precision_test: 0.882927
Recall_test: 0.891626
F1_test: 0.887255
 

Arquitectura: _2_3_3_3_3_3_1_
Semilla: 1788102905
Segundos: 232
NIteraciones: 100000

Costo_train: 0.249944
Precision_train: -nan(ind)
Recall_train: 0.000000
F1_train: -nan(ind)

Costo_test: 0.249982
Precision_test: -nan(ind)
Recall_test: 0.000000
F1_test: -nan(ind)
 

Arquitectura: _2_3_3_3_3_3_1_
Semilla: 1788102905
Segundos: 232
NIteraciones: 100000

Costo_train: 0.248873
Precision_train: 1.000000
Recall_train: 0.524467
F1_train: 0.688066

Costo_test: 0.248965
Precision_test: 1.000000
Recall_test: 0.477833
F1_test: 0.646667
 

Arquitectura: _2_3_3_3_3_3_1_
Semilla: 1788102905
Segundos: 232
NIteraciones: 100000

Costo_train: 0.084649
Precision_train: 0.890605
Recall_train: 0.868256
F1_train: 0.879288

Costo_test: 0.079560
Precision_test: 0.886699
Recall_test: 0.886699
F1_test: 0.886699
 

Arquitectura: _2_3_3_3_3_3_1_
Semilla: 1788102905
Segundos: 232
NIteraciones: 100000

Costo_train: 0.249922
Precision_train: -nan(ind)
Recall_train: 0.000000
F1_train: -nan(ind)

Costo_test: 0.249965
Precision_test: -nan(ind)
Recall_test: 0.000000
F1_test: -nan(ind)
 

Arquitectura: _2_3_3_3_3_3_1_
Semilla: 1788102905
Segundos: 232
NIteraciones: 100000

Costo_train: 0.249986
Precision_train: -nan(ind)
Recall_train: 0.000000
F1_train: -nan(ind)

Costo_test: 0.250020
Precision_test: -nan(ind)
Recall_test: 0.000000
F1_test: -nan(ind)
 

Arquitectura: _2_3_3_3_3_3_1_
Semilla: 1788102905
Segundos: 232
NIteraciones: 100000

Costo_train: 0.249951
Precision_train: -nan(ind)
Recall_train: 0.000000
F1_train: -nan(ind)

Costo_test: 0.249989
Precision_test: -nan(ind)
Recall_test: 0.000000
F1_test: -nan(ind)
 

Arquitectura: _2_3_3_3_3_3_1_
Semilla: 1788102905
Segundos: 232
NIteraciones: 100000

Costo_train: 0.249898
Precision_train: -nan(ind)
Recall_train: 0.000000
F1_train: -nan(ind)

Costo_test: 0.249951
Precision_test: -nan(ind)
Recall_test: 0.000000
F1_test: -nan(ind)
 

Arquitectura: _2_3_3_3_3_3_1_
Semilla: 1788102905
Segundos: 232
NIteraciones: 100000

Costo_train: 0.248705
Precision_train: 1.000000
Recall_train: 0.446675
F1_train: 0.617519

Costo_test: 0.248787
Precision_test: 1.000000
Recall_test: 0.408867
F1_test: 0.580420
 

Arquitectura: _2_3_3_3_3_3_1_
Semilla: 1788102905
Segundos: 232
NIteraciones: 100000

Costo_train: 0.250014
Precision_train: -nan(ind)
Recall_train: 0.000000
F1_train: -nan(ind)

Costo_test: 0.250048
Precision_test: -nan(ind)
Recall_test: 0.000000
F1_test: -nan(ind)
 

Arquitectura: _2_3_3_3_3_3_1_
Semilla: 1788102905
Segundos: 232
NIteraciones: 100000

Costo_train: 0.249959
Precision_train: -nan(ind)
Recall_train: 0.000000
F1_train: -nan(ind)

Costo_test: 0.249996
Precision_test: -nan(ind)
Recall_test: 0.000000
F1_test: -nan(ind)
 

Arquitectura: _2_3_3_3_3_3_1_
Semilla: 1788102905
Segundos: 232
NIteraciones: 100000

Costo_train: 0.249925
Precision_train: -nan(ind)
Recall_train: 0.000000
F1_train: -nan(ind)

Costo_test: 0.249968
Precision_test: -nan(ind)
Recall_test: 0.000000
F1_test: -nan(ind)
 

Arquitectura: _2_3_3_3_3_3_1_
Semilla: 1788102905
Segundos: 232
NIteraciones: 100000

Costo_train: 0.102261
Precision_train: 0.875163
Recall_train: 0.844417
F1_train: 0.859515

Costo_test: 0.098560
Precision_test: 0.868932
Recall_test: 0.881773
F1_test: 0.875306
 

Arquitectura: _2_3_3_3_3_3_1_
Semilla: 1788102905
Segundos: 232
NIteraciones: 100000

Costo_train: 0.248457
Precision_train: 0.997625
Recall_train: 0.526976
F1_train: 0.689655

Costo_test: 0.248527
Precision_test: 1.000000
Recall_test: 0.492611
F1_test: 0.660066
 

Arquitectura: _2_3_3_3_3_3_1_
Semilla: 1788102905
Segundos: 232
NIteraciones: 100000

Costo_train: 0.249962
Precision_train: -nan(ind)
Recall_train: 0.000000
F1_train: -nan(ind)

Costo_test: 0.249999
Precision_test: -nan(ind)
Recall_test: 0.000000
F1_test: -nan(ind)
 

Arquitectura: _2_3_3_3_3_3_1_
Semilla: 1788102905
Segundos: 232
NIteraciones: 100000

Costo_train: 0.249955
Precision_train: -nan(ind)
Recall_train: 0.000000
F1_train: -nan(ind)

Costo_test: 0.249991
Precision_test: -nan(ind)
Recall_test: 0.000000
F1_test: -nan(ind)
 

Arquitectura: _2_3_3_3_3_3_1_
Semilla: 1788102905
Segundos: 232
NIteraciones: 100000

Costo_train: 0.249822
Precision_train: -nan(ind)
Recall_train: 0.000000
F1_train: -nan(ind)

Costo_test: 0.249896
Precision_test: -nan(ind)
Recall_test: 0.000000
F1_test: -nan(ind)
 

Arquitectura: _2_3_3_3_3_3_1_
Semilla: 1788102905
Segundos: 232
NIteraciones: 100000

Costo_train: 0.249402
Precision_train: -nan(ind)
Recall_train: 0.000000
F1_train: -nan(ind)

Costo_test: 0.249497
Precision_test: -nan(ind)
Recall_test: 0.000000
F1_test: -nan(ind)
 

Arquitectura: _2_3_3_3_3_3_1_
Semilla: 1788102905
Segundos: 232
NIteraciones: 100000

Costo_train: 0.248140
Precision_train: 0.997807
Recall_train: 0.570891
F1_train: 0.726257

Costo_test: 0.248215
Precision_test: 1.000000
Recall_test: 0.571429
F1_test: 0.727273
 

Arquitectura: _2_3_3_3_3_3_1_
Semilla: 1788102905
Segundos: 232
NIteraciones: 100000

Costo_train: 0.238905
Precision_train: 0.785982
Recall_train: 0.787955
F1_train: 0.786967

Costo_test: 0.239484
Precision_test: 0.757991
Recall_test: 0.817734
F1_test: 0.786730
 

Arquitectura: _2_3_3_3_3_3_1_
Semilla: 1788102905
Segundos: 232
NIteraciones: 100000

Costo_train: 0.249845
Precision_train: -nan(ind)
Recall_train: 0.000000
F1_train: -nan(ind)

Costo_test: 0.249868
Precision_test: -nan(ind)
Recall_test: 0.000000
F1_test: -nan(ind)
 

Arquitectura: _2_3_3_3_3_3_1_
Semilla: 1788102905
Segundos: 232
NIteraciones: 100000

Costo_train: 0.083408
Precision_train: 0.882279
Recall_train: 0.874529
F1_train: 0.878387

Costo_test: 0.079222
Precision_test: 0.878641
Recall_test: 0.891626
F1_test: 0.885086
 

Arquitectura: _2_3_3_3_3_3_1_
Semilla: 1788102905
Segundos: 232
NIteraciones: 100000

Costo_train: 0.250010
Precision_train: -nan(ind)
Recall_train: 0.000000
F1_train: -nan(ind)

Costo_test: 0.250045
Precision_test: -nan(ind)
Recall_test: 0.000000
F1_test: -nan(ind)
 

Arquitectura: _2_3_3_3_3_3_1_
Semilla: 1788102905
Segundos: 232
NIteraciones: 100000

Costo_train: 0.082556
Precision_train: 0.882279
Recall_train: 0.874529
F1_train: 0.878387

Costo_test: 0.078480
Precision_test: 0.878641
Recall_test: 0.891626
F1_test: 0.885086
 

Arquitectura: _2_3_3_3_3_3_1_
Semilla: 1788102905
Segundos: 232
NIteraciones: 100000

Costo_train: 0.084464
Precision_train: 0.884518
Recall_train: 0.874529
F1_train: 0.879495

Costo_test: 0.080133
Precision_test: 0.878641
Recall_test: 0.891626
F1_test: 0.885086
 

Arquitectura: _2_3_3_3_3_3_1_
Semilla: 1788102905
Segundos: 232
NIteraciones: 100000

Costo_train: 0.082873
Precision_train: 0.882279
Recall_train: 0.874529
F1_train: 0.878387

Costo_test: 0.078731
Precision_test: 0.878641
Recall_test: 0.891626
F1_test: 0.885086
 

Arquitectura: _2_3_3_3_3_3_1_
Semilla: 1788102905
Segundos: 232
NIteraciones: 100000

Costo_train: 0.249980
Precision_train: -nan(ind)
Recall_train: 0.000000
F1_train: -nan(ind)

Costo_test: 0.250015
Precision_test: -nan(ind)
Recall_test: 0.000000
F1_test: -nan(ind)
 

Arquitectura: _2_3_3_3_3_3_1_
Semilla: 1788102905
Segundos: 232
NIteraciones: 100000

Costo_train: 0.249988
Precision_train: -nan(ind)
Recall_train: 0.000000
F1_train: -nan(ind)

Costo_test: 0.250023
Precision_test: -nan(ind)
Recall_test: 0.000000
F1_test: -nan(ind)
 

Arquitectura: _2_3_3_3_3_3_1_
Semilla: 1788102905
Segundos: 232
NIteraciones: 100000

Costo_train: 0.249905
Precision_train: -nan(ind)
Recall_train: 0.000000
F1_train: -nan(ind)

Costo_test: 0.249955
Precision_test: -nan(ind)
Recall_test: 0.000000
F1_test: -nan(ind)
 

Arquitectura: _2_3_3_3_3_3_1_
Semilla: 1788102905
Segundos: 232
NIteraciones: 100000

Costo_train: 0.249978
Precision_train: -nan(ind)
Recall_train: 0.000000
F1_train: -nan(ind)

Costo_test: 0.250014
Precision_test: -nan(ind)
Recall_test: 0.000000
F1_test: -nan(ind)
 

Arquitectura: _2_3_3_3_3_3_1_
Semilla: 1788102905
Segundos: 232
NIteraciones: 100000

Costo_train: 0.084630
Precision_train: 0.886768
Recall_train: 0.874529
F1_train: 0.880606

Costo_test: 0.080248
Precision_test: 0.878641
Recall_test: 0.891626
F1_test: 0.885086
 

Arquitectura: _2_3_3_3_3_3_1_
Semilla: 1788102905
Segundos: 232
NIteraciones: 100000

Costo_train: 0.083690
Precision_train: 0.888889
Recall_train: 0.873275
F1_train: 0.881013

Costo_test: 0.079366
Precision_test: 0.878641
Recall_test: 0.891626
F1_test: 0.885086
 

Arquitectura: _2_3_3_3_3_3_1_
Semilla: 1788102905
Segundos: 232
NIteraciones: 100000

Costo_train: 0.249855
Precision_train: -nan(ind)
Recall_train: 0.000000
F1_train: -nan(ind)

Costo_test: 0.249900
Precision_test: -nan(ind)
Recall_test: 0.000000
F1_test: -nan(ind)
 

Arquitectura: _2_3_3_3_3_3_1_
Semilla: 1788102905
Segundos: 232
NIteraciones: 100000

Costo_train: 0.249718
Precision_train: -nan(ind)
Recall_train: 0.000000
F1_train: -nan(ind)

Costo_test: 0.249779
Precision_test: -nan(ind)
Recall_test: 0.000000
F1_test: -nan(ind)
 

Arquitectura: _2_3_3_3_3_3_1_
Semilla: 1788102905
Segundos: 232
NIteraciones: 100000

Costo_train: 0.084905
Precision_train: 0.889744
Recall_train: 0.870765
F1_train: 0.880152

Costo_test: 0.080465
Precision_test: 0.878049
Recall_test: 0.886699
F1_test: 0.882353
 

Arquitectura: _2_3_3_3_3_3_1_
Semilla: 1788102905
Segundos: 232
NIteraciones: 100000

Costo_train: 0.084256
Precision_train: 0.886624
Recall_train: 0.873275
F1_train: 0.879899

Costo_test: 0.079906
Precision_test: 0.878049
Recall_test: 0.886699
F1_test: 0.882353
 

Arquitectura: _2_3_3_3_3_3_1_
Semilla: 1788102905
Segundos: 232
NIteraciones: 100000

Costo_train: 0.250003
Precision_train: -nan(ind)
Recall_train: 0.000000
F1_train: -nan(ind)

Costo_test: 0.250040
Precision_test: -nan(ind)
Recall_test: 0.000000
F1_test: -nan(ind)
 

Arquitectura: _2_3_3_3_3_3_1_
Semilla: 1788102905
Segundos: 232
NIteraciones: 100000

Costo_train: 0.249630
Precision_train: -nan(ind)
Recall_train: 0.000000
F1_train: -nan(ind)

Costo_test: 0.249681
Precision_test: -nan(ind)
Recall_test: 0.000000
F1_test: -nan(ind)
 

Arquitectura: _2_3_3_3_3_3_1_
Semilla: 1788102905
Segundos: 232
NIteraciones: 100000

Costo_train: 0.249369
Precision_train: -nan(ind)
Recall_train: 0.000000
F1_train: -nan(ind)

Costo_test: 0.249419
Precision_test: -nan(ind)
Recall_test: 0.000000
F1_test: -nan(ind)
 

Arquitectura: _2_3_3_3_3_3_1_
Semilla: 1788102905
Segundos: 232
NIteraciones: 100000

Costo_train: 0.249993
Precision_train: -nan(ind)
Recall_train: 0.000000
F1_train: -nan(ind)

Costo_test: 0.250032
Precision_test: -nan(ind)
Recall_test: 0.000000
F1_test: -nan(ind)
 

Arquitectura: _2_3_3_3_3_3_1_
Semilla: 1788102905
Segundos: 232
NIteraciones: 100000

Costo_train: 0.249772
Precision_train: -nan(ind)
Recall_train: 0.000000
F1_train: -nan(ind)

Costo_test: 0.249835
Precision_test: -nan(ind)
Recall_test: 0.000000
F1_test: -nan(ind)
 

Arquitectura: _2_3_3_3_3_3_1_
Semilla: 1788102905
Segundos: 232
NIteraciones: 100000

Costo_train: 0.249955
Precision_train: -nan(ind)
Recall_train: 0.000000
F1_train: -nan(ind)

Costo_test: 0.250002
Precision_test: -nan(ind)
Recall_test: 0.000000
F1_test: -nan(ind)
 

Arquitectura: _2_3_3_3_3_3_1_
Semilla: 1788102905
Segundos: 232
NIteraciones: 100000

Costo_train: 0.250004
Precision_train: -nan(ind)
Recall_train: 0.000000
F1_train: -nan(ind)

Costo_test: 0.250039
Precision_test: -nan(ind)
Recall_test: 0.000000
F1_test: -nan(ind)
 

Arquitectura: _2_3_3_3_3_3_1_
Semilla: 1788102905
Segundos: 232
NIteraciones: 100000

Costo_train: 0.249832
Precision_train: -nan(ind)
Recall_train: 0.000000
F1_train: -nan(ind)

Costo_test: 0.249872
Precision_test: -nan(ind)
Recall_test: 0.000000
F1_test: -nan(ind)
 

Arquitectura: _2_3_3_3_3_3_1_
Semilla: 1788102905
Segundos: 232
NIteraciones: 100000

Costo_train: 0.083035
Precision_train: 0.884518
Recall_train: 0.874529
F1_train: 0.879495

Costo_test: 0.078836
Precision_test: 0.878641
Recall_test: 0.891626
F1_test: 0.885086
 

Arquitectura: _2_3_3_3_3_3_1_
Semilla: 1788102905
Segundos: 232
NIteraciones: 100000

Costo_train: 0.249941
Precision_train: -nan(ind)
Recall_train: 0.000000
F1_train: -nan(ind)

Costo_test: 0.249978
Precision_test: -nan(ind)
Recall_test: 0.000000
F1_test: -nan(ind)
 

Arquitectura: _2_3_3_3_3_3_1_
Semilla: 1788102905
Segundos: 232
NIteraciones: 100000

Costo_train: 0.084435
Precision_train: 0.885496
Recall_train: 0.873275
F1_train: 0.879343

Costo_test: 0.080110
Precision_test: 0.878049
Recall_test: 0.886699
F1_test: 0.882353
 

Arquitectura: _2_3_3_3_3_3_1_
Semilla: 1788102905
Segundos: 232
NIteraciones: 100000

Costo_train: 0.249971
Precision_train: -nan(ind)
Recall_train: 0.000000
F1_train: -nan(ind)

Costo_test: 0.250009
Precision_test: -nan(ind)
Recall_test: 0.000000
F1_test: -nan(ind)
 
