--- Configuración Actual ---
Paso: 0.200000
Gamma: 0.000000
Parada: 0.100000
Iteraciones: 100000
CapasDesde: 2
CapasHasta: 5
Repeticiones: 1
Intervalo: 10000
Batch: 100
MultiplicadorProfunda: 0.700000
Tarjeta: NVIDIA GeForce RTX 3090 Ti
----------------------------
Dimensiones Datos
trainx: 2x1600 
trainy: 1x1600 
test_x: 2x400 


--- Test Angosta 2.0 ---
Iteración 10000
Costo: 0.248876
Iteración 20000
Costo: 0.248865
Iteración 30000
Costo: 0.248856
Iteración 40000
Costo: 0.248846
Iteración 50000
Costo: 0.248833
Iteración 60000
Costo: 0.248816
Iteración 70000
Costo: 0.248790
Iteración 80000
Costo: 0.248753
Iteración 90000
Costo: 0.248707

Arquitectura: _2_6_1_
Semilla: 1788093670
Segundos: 48
NIteraciones: 100000

Costo_train: 0.248658
Precision_train: 0.529114
Recall_train: 0.526448
F1_train: 0.527778

Costo_test: 0.249501
Precision_test: 0.546392
Recall_test: 0.514563
F1_test: 0.530000
 

Arquitectura: _2_6_1_
Semilla: 1788093670
Segundos: 48
NIteraciones: 100000

Costo_train: 0.248596
Precision_train: 0.528477
Recall_train: 0.502519
F1_train: 0.515171

Costo_test: 0.249428
Precision_test: 0.547872
Recall_test: 0.500000
F1_test: 0.522843
 

Arquitectura: _2_6_1_
Semilla: 1788093670
Segundos: 48
NIteraciones: 100000

Costo_train: 0.248359
Precision_train: 0.533931
Recall_train: 0.525189
F1_train: 0.529524

Costo_test: 0.248900
Precision_test: 0.556701
Recall_test: 0.524272
F1_test: 0.540000
 

Arquitectura: _2_6_1_
Semilla: 1788093670
Segundos: 48
NIteraciones: 100000

Costo_train: 0.248820
Precision_train: 0.528020
Recall_train: 0.534005
F1_train: 0.530996

Costo_test: 0.249805
Precision_test: 0.551020
Recall_test: 0.524272
F1_test: 0.537313
 

Arquitectura: _2_6_1_
Semilla: 1788093670
Segundos: 48
NIteraciones: 100000

Costo_train: 0.248499
Precision_train: 0.527600
Recall_train: 0.517632
F1_train: 0.522568

Costo_test: 0.249453
Precision_test: 0.550802
Recall_test: 0.500000
F1_test: 0.524173
 

Arquitectura: _2_6_1_
Semilla: 1788093670
Segundos: 48
NIteraciones: 100000

Costo_train: 0.248804
Precision_train: 0.527812
Recall_train: 0.537783
F1_train: 0.532751

Costo_test: 0.249686
Precision_test: 0.548223
Recall_test: 0.524272
F1_test: 0.535980
 

Arquitectura: _2_6_1_
Semilla: 1788093670
Segundos: 48
NIteraciones: 100000

Costo_train: 0.248330
Precision_train: 0.530769
Recall_train: 0.521411
F1_train: 0.526048

Costo_test: 0.248862
Precision_test: 0.552083
Recall_test: 0.514563
F1_test: 0.532663
 

Arquitectura: _2_6_1_
Semilla: 1788093670
Segundos: 48
NIteraciones: 100000

Costo_train: 0.248142
Precision_train: 0.525146
Recall_train: 0.565491
F1_train: 0.544572

Costo_test: 0.249155
Precision_test: 0.545455
Recall_test: 0.553398
F1_test: 0.549398
 

Arquitectura: _2_6_1_
Semilla: 1788093670
Segundos: 48
NIteraciones: 100000

Costo_train: 0.248458
Precision_train: 0.533619
Recall_train: 0.469773
F1_train: 0.499665

Costo_test: 0.248964
Precision_test: 0.545977
Recall_test: 0.461165
F1_test: 0.500000
 

Arquitectura: _2_6_1_
Semilla: 1788093670
Segundos: 48
NIteraciones: 100000

Costo_train: 0.248567
Precision_train: 0.525917
Recall_train: 0.523929
F1_train: 0.524921

Costo_test: 0.249805
Precision_test: 0.549223
Recall_test: 0.514563
F1_test: 0.531328
 

Arquitectura: _2_6_1_
Semilla: 1788093670
Segundos: 48
NIteraciones: 100000

Costo_train: 0.248592
Precision_train: 0.529709
Recall_train: 0.527708
F1_train: 0.528707

Costo_test: 0.249435
Precision_test: 0.546392
Recall_test: 0.514563
F1_test: 0.530000
 

Arquitectura: _2_6_1_
Semilla: 1788093670
Segundos: 48
NIteraciones: 100000

Costo_train: 0.248838
Precision_train: 0.528020
Recall_train: 0.534005
F1_train: 0.530996

Costo_test: 0.249724
Precision_test: 0.551020
Recall_test: 0.524272
F1_test: 0.537313
 

Arquitectura: _2_6_1_
Semilla: 1788093670
Segundos: 48
NIteraciones: 100000

Costo_train: 0.248474
Precision_train: 0.532213
Recall_train: 0.478589
F1_train: 0.503979

Costo_test: 0.249201
Precision_test: 0.539326
Recall_test: 0.466019
F1_test: 0.500000
 

Arquitectura: _2_6_1_
Semilla: 1788093670
Segundos: 48
NIteraciones: 100000

Costo_train: 0.248455
Precision_train: 0.530962
Recall_train: 0.507557
F1_train: 0.518996

Costo_test: 0.249134
Precision_test: 0.550265
Recall_test: 0.504854
F1_test: 0.526582
 

Arquitectura: _2_6_1_
Semilla: 1788093670
Segundos: 48
NIteraciones: 100000

Costo_train: 0.248582
Precision_train: 0.528536
Recall_train: 0.536524
F1_train: 0.532500

Costo_test: 0.249477
Precision_test: 0.548223
Recall_test: 0.524272
F1_test: 0.535980
 

Arquitectura: _2_6_1_
Semilla: 1788093670
Segundos: 48
NIteraciones: 100000

Costo_train: 0.248687
Precision_train: 0.526445
Recall_train: 0.539043
F1_train: 0.532670

Costo_test: 0.249731
Precision_test: 0.550505
Recall_test: 0.529126
F1_test: 0.539604
 

Arquitectura: _2_6_1_
Semilla: 1788093670
Segundos: 48
NIteraciones: 100000

Costo_train: 0.248853
Precision_train: 0.527950
Recall_train: 0.535264
F1_train: 0.531582

Costo_test: 0.249690
Precision_test: 0.548223
Recall_test: 0.524272
F1_test: 0.535980
 

Arquitectura: _2_6_1_
Semilla: 1788093670
Segundos: 48
NIteraciones: 100000

Costo_train: 0.248691
Precision_train: 0.531044
Recall_train: 0.506297
F1_train: 0.518375

Costo_test: 0.249854
Precision_test: 0.536842
Recall_test: 0.495146
F1_test: 0.515152
 

Arquitectura: _2_6_1_
Semilla: 1788093670
Segundos: 48
NIteraciones: 100000

Costo_train: 0.248382
Precision_train: 0.535156
Recall_train: 0.517632
F1_train: 0.526248

Costo_test: 0.249030
Precision_test: 0.547368
Recall_test: 0.504854
F1_test: 0.525253
 

Arquitectura: _2_6_1_
Semilla: 1788093670
Segundos: 48
NIteraciones: 100000

Costo_train: 0.248523
Precision_train: 0.532974
Recall_train: 0.498741
F1_train: 0.515290

Costo_test: 0.249271
Precision_test: 0.545946
Recall_test: 0.490291
F1_test: 0.516624
 

Arquitectura: _2_6_1_
Semilla: 1788093670
Segundos: 48
NIteraciones: 100000

Costo_train: 0.248830
Precision_train: 0.527295
Recall_train: 0.535264
F1_train: 0.531250

Costo_test: 0.249640
Precision_test: 0.548223
Recall_test: 0.524272
F1_test: 0.535980
 

Arquitectura: _2_6_1_
Semilla: 1788093670
Segundos: 48
NIteraciones: 100000

Costo_train: 0.248297
Precision_train: 0.530120
Recall_train: 0.554156
F1_train: 0.541872

Costo_test: 0.248776
Precision_test: 0.543689
Recall_test: 0.543689
F1_test: 0.543689
 

Arquitectura: _2_6_1_
Semilla: 1788093670
Segundos: 48
NIteraciones: 100000

Costo_train: 0.248813
Precision_train: 0.527812
Recall_train: 0.537783
F1_train: 0.532751

Costo_test: 0.249735
Precision_test: 0.550505
Recall_test: 0.529126
F1_test: 0.539604
 

Arquitectura: _2_6_1_
Semilla: 1788093670
Segundos: 48
NIteraciones: 100000

Costo_train: 0.248376
Precision_train: 0.534943
Recall_train: 0.530227
F1_train: 0.532574

Costo_test: 0.248785
Precision_test: 0.551546
Recall_test: 0.519417
F1_test: 0.535000
 

Arquitectura: _2_6_1_
Semilla: 1788093670
Segundos: 48
NIteraciones: 100000

Costo_train: 0.248540
Precision_train: 0.528075
Recall_train: 0.497481
F1_train: 0.512322

Costo_test: 0.249272
Precision_test: 0.548387
Recall_test: 0.495146
F1_test: 0.520408
 

Arquitectura: _2_6_1_
Semilla: 1788093670
Segundos: 48
NIteraciones: 100000

Costo_train: 0.248730
Precision_train: 0.528517
Recall_train: 0.525189
F1_train: 0.526848

Costo_test: 0.249516
Precision_test: 0.546392
Recall_test: 0.514563
F1_test: 0.530000
 

Arquitectura: _2_6_1_
Semilla: 1788093670
Segundos: 48
NIteraciones: 100000

Costo_train: 0.248696
Precision_train: 0.526510
Recall_train: 0.537783
F1_train: 0.532087

Costo_test: 0.250096
Precision_test: 0.550505
Recall_test: 0.529126
F1_test: 0.539604
 

Arquitectura: _2_6_1_
Semilla: 1788093670
Segundos: 48
NIteraciones: 100000

Costo_train: 0.248205
Precision_train: 0.530106
Recall_train: 0.565491
F1_train: 0.547227

Costo_test: 0.249063
Precision_test: 0.553398
Recall_test: 0.553398
F1_test: 0.553398
 

Arquitectura: _2_6_1_
Semilla: 1788093670
Segundos: 48
NIteraciones: 100000

Costo_train: 0.248525
Precision_train: 0.528590
Recall_train: 0.523929
F1_train: 0.526249

Costo_test: 0.250036
Precision_test: 0.557895
Recall_test: 0.514563
F1_test: 0.535354
 

Arquitectura: _2_6_1_
Semilla: 1788093670
Segundos: 48
NIteraciones: 100000

Costo_train: 0.248581
Precision_train: 0.533419
Recall_train: 0.522670
F1_train: 0.527990

Costo_test: 0.249410
Precision_test: 0.546875
Recall_test: 0.509709
F1_test: 0.527638
 

Arquitectura: _2_6_1_
Semilla: 1788093670
Segundos: 48
NIteraciones: 100000

Costo_train: 0.248526
Precision_train: 0.534600
Recall_train: 0.496222
F1_train: 0.514696

Costo_test: 0.249293
Precision_test: 0.543478
Recall_test: 0.485437
F1_test: 0.512821
 

Arquitectura: _2_6_1_
Semilla: 1788093670
Segundos: 48
NIteraciones: 100000

Costo_train: 0.248681
Precision_train: 0.530075
Recall_train: 0.532746
F1_train: 0.531407

Costo_test: 0.249652
Precision_test: 0.550505
Recall_test: 0.529126
F1_test: 0.539604
 

Arquitectura: _2_6_1_
Semilla: 1788093670
Segundos: 48
NIteraciones: 100000

Costo_train: 0.248589
Precision_train: 0.531746
Recall_train: 0.506297
F1_train: 0.518710

Costo_test: 0.249419
Precision_test: 0.544974
Recall_test: 0.500000
F1_test: 0.521519
 

Arquitectura: _2_6_1_
Semilla: 1788093670
Segundos: 48
NIteraciones: 100000

Costo_train: 0.248320
Precision_train: 0.535932
Recall_train: 0.554156
F1_train: 0.544892

Costo_test: 0.248701
Precision_test: 0.547264
Recall_test: 0.533981
F1_test: 0.540541
 

Arquitectura: _2_6_1_
Semilla: 1788093670
Segundos: 48
NIteraciones: 100000

Costo_train: 0.248499
Precision_train: 0.533333
Recall_train: 0.473552
F1_train: 0.501668

Costo_test: 0.249240
Precision_test: 0.545455
Recall_test: 0.466019
F1_test: 0.502618
 

Arquitectura: _2_6_1_
Semilla: 1788093670
Segundos: 48
NIteraciones: 100000

Costo_train: 0.248746
Precision_train: 0.526775
Recall_train: 0.532746
F1_train: 0.529743

Costo_test: 0.249782
Precision_test: 0.548223
Recall_test: 0.524272
F1_test: 0.535980
 

Arquitectura: _2_6_1_
Semilla: 1788093670
Segundos: 48
NIteraciones: 100000

Costo_train: 0.248535
Precision_train: 0.531131
Recall_train: 0.526448
F1_train: 0.528779

Costo_test: 0.249253
Precision_test: 0.544041
Recall_test: 0.509709
F1_test: 0.526316
 

Arquitectura: _2_6_1_
Semilla: 1788093670
Segundos: 48
NIteraciones: 100000

Costo_train: 0.248462
Precision_train: 0.536337
Recall_train: 0.464736
F1_train: 0.497976

Costo_test: 0.249111
Precision_test: 0.548193
Recall_test: 0.441748
F1_test: 0.489247
 

Arquitectura: _2_6_1_
Semilla: 1788093670
Segundos: 48
NIteraciones: 100000

Costo_train: 0.248554
Precision_train: 0.527027
Recall_train: 0.491184
F1_train: 0.508475

Costo_test: 0.249263
Precision_test: 0.543956
Recall_test: 0.480583
F1_test: 0.510309
 

Arquitectura: _2_6_1_
Semilla: 1788093670
Segundos: 48
NIteraciones: 100000

Costo_train: 0.248463
Precision_train: 0.526708
Recall_train: 0.534005
F1_train: 0.530331

Costo_test: 0.249616
Precision_test: 0.548718
Recall_test: 0.519417
F1_test: 0.533666
 

Arquitectura: _2_6_1_
Semilla: 1788093670
Segundos: 48
NIteraciones: 100000

Costo_train: 0.248478
Precision_train: 0.526380
Recall_train: 0.540302
F1_train: 0.533251

Costo_test: 0.249743
Precision_test: 0.550505
Recall_test: 0.529126
F1_test: 0.539604
 

Arquitectura: _2_6_1_
Semilla: 1788093670
Segundos: 48
NIteraciones: 100000

Costo_train: 0.248535
Precision_train: 0.530343
Recall_train: 0.506297
F1_train: 0.518041

Costo_test: 0.249179
Precision_test: 0.547872
Recall_test: 0.500000
F1_test: 0.522843
 

Arquitectura: _2_6_1_
Semilla: 1788093670
Segundos: 48
NIteraciones: 100000

Costo_train: 0.248788
Precision_train: 0.526909
Recall_train: 0.530227
F1_train: 0.528562

Costo_test: 0.249790
Precision_test: 0.548223
Recall_test: 0.524272
F1_test: 0.535980
 

Arquitectura: _2_6_1_
Semilla: 1788093670
Segundos: 48
NIteraciones: 100000

Costo_train: 0.248453
Precision_train: 0.533608
Recall_train: 0.489924
F1_train: 0.510834

Costo_test: 0.249064
Precision_test: 0.538462
Recall_test: 0.475728
F1_test: 0.505155
 

Arquitectura: _2_6_1_
Semilla: 1788093670
Segundos: 48
NIteraciones: 100000

Costo_train: 0.248559
Precision_train: 0.533421
Recall_train: 0.512594
F1_train: 0.522800

Costo_test: 0.249358
Precision_test: 0.544974
Recall_test: 0.500000
F1_test: 0.521519
 

Arquitectura: _2_6_1_
Semilla: 1788093670
Segundos: 48
NIteraciones: 100000

Costo_train: 0.248386
Precision_train: 0.530740
Recall_train: 0.532746
F1_train: 0.531741

Costo_test: 0.248909
Precision_test: 0.555556
Recall_test: 0.533981
F1_test: 0.544554
 

Arquitectura: _2_6_1_
Semilla: 1788093670
Segundos: 48
NIteraciones: 100000

Costo_train: 0.248767
Precision_train: 0.526775
Recall_train: 0.532746
F1_train: 0.529743

Costo_test: 0.249786
Precision_test: 0.548223
Recall_test: 0.524272
F1_test: 0.535980
 

Arquitectura: _2_6_1_
Semilla: 1788093670
Segundos: 48
NIteraciones: 100000

Costo_train: 0.248547
Precision_train: 0.533967
Recall_train: 0.494962
F1_train: 0.513725

Costo_test: 0.249269
Precision_test: 0.541436
Recall_test: 0.475728
F1_test: 0.506460
 

Arquitectura: _2_6_1_
Semilla: 1788093670
Segundos: 48
NIteraciones: 100000

Costo_train: 0.248473
Precision_train: 0.525066
Recall_train: 0.501259
F1_train: 0.512887

Costo_test: 0.249930
Precision_test: 0.544444
Recall_test: 0.475728
F1_test: 0.507772
 

Arquitectura: _2_6_1_
Semilla: 1788093670
Segundos: 48
NIteraciones: 100000

Costo_train: 0.248858
Precision_train: 0.527950
Recall_train: 0.535264
F1_train: 0.531582

Costo_test: 0.249719
Precision_test: 0.548223
Recall_test: 0.524272
F1_test: 0.535980
 

Arquitectura: _2_6_1_
Semilla: 1788093670
Segundos: 48
NIteraciones: 100000

Costo_train: 0.248509
Precision_train: 0.534506
Recall_train: 0.497481
F1_train: 0.515329

Costo_test: 0.249106
Precision_test: 0.548913
Recall_test: 0.490291
F1_test: 0.517949
 

Arquitectura: _2_6_1_
Semilla: 1788093670
Segundos: 48
NIteraciones: 100000

Costo_train: 0.248492
Precision_train: 0.533426
Recall_train: 0.482368
F1_train: 0.506614

Costo_test: 0.249200
Precision_test: 0.541899
Recall_test: 0.470874
F1_test: 0.503896
 

Arquitectura: _2_6_1_
Semilla: 1788093670
Segundos: 48
NIteraciones: 100000

Costo_train: 0.248662
Precision_train: 0.531943
Recall_train: 0.513854
F1_train: 0.522742

Costo_test: 0.249590
Precision_test: 0.542105
Recall_test: 0.500000
F1_test: 0.520202
 

Arquitectura: _2_6_1_
Semilla: 1788093670
Segundos: 48
NIteraciones: 100000

Costo_train: 0.248291
Precision_train: 0.529487
Recall_train: 0.520151
F1_train: 0.524778

Costo_test: 0.249336
Precision_test: 0.561111
Recall_test: 0.490291
F1_test: 0.523316
 

Arquitectura: _2_6_1_
Semilla: 1788093670
Segundos: 48
NIteraciones: 100000

Costo_train: 0.248792
Precision_train: 0.526786
Recall_train: 0.520151
F1_train: 0.523447

Costo_test: 0.249605
Precision_test: 0.546392
Recall_test: 0.514563
F1_test: 0.530000
 

Arquitectura: _2_6_1_
Semilla: 1788093670
Segundos: 48
NIteraciones: 100000

Costo_train: 0.248809
Precision_train: 0.527812
Recall_train: 0.537783
F1_train: 0.532751

Costo_test: 0.249792
Precision_test: 0.550505
Recall_test: 0.529126
F1_test: 0.539604
 

Arquitectura: _2_6_1_
Semilla: 1788093670
Segundos: 48
NIteraciones: 100000

Costo_train: 0.248261
Precision_train: 0.526642
Recall_train: 0.535264
F1_train: 0.530918

Costo_test: 0.249284
Precision_test: 0.553763
Recall_test: 0.500000
F1_test: 0.525510
 

Arquitectura: _2_6_1_
Semilla: 1788093670
Segundos: 48
NIteraciones: 100000

Costo_train: 0.248599
Precision_train: 0.531169
Recall_train: 0.515113
F1_train: 0.523018

Costo_test: 0.249452
Precision_test: 0.544503
Recall_test: 0.504854
F1_test: 0.523930
 

Arquitectura: _2_6_1_
Semilla: 1788093670
Segundos: 48
NIteraciones: 100000

Costo_train: 0.248413
Precision_train: 0.531210
Recall_train: 0.525189
F1_train: 0.528182

Costo_test: 0.249022
Precision_test: 0.551020
Recall_test: 0.524272
F1_test: 0.537313
 

Arquitectura: _2_6_1_
Semilla: 1788093670
Segundos: 48
NIteraciones: 100000

Costo_train: 0.248307
Precision_train: 0.529777
Recall_train: 0.537783
F1_train: 0.533750

Costo_test: 0.249044
Precision_test: 0.563452
Recall_test: 0.538835
F1_test: 0.550868
 

Arquitectura: _2_6_1_
Semilla: 1788093670
Segundos: 48
NIteraciones: 100000

Costo_train: 0.248575
Precision_train: 0.531943
Recall_train: 0.513854
F1_train: 0.522742

Costo_test: 0.249440
Precision_test: 0.544974
Recall_test: 0.500000
F1_test: 0.521519
 

Arquitectura: _2_6_1_
Semilla: 1788093670
Segundos: 48
NIteraciones: 100000

Costo_train: 0.248477
Precision_train: 0.532867
Recall_train: 0.479849
F1_train: 0.504970

Costo_test: 0.249201
Precision_test: 0.538889
Recall_test: 0.470874
F1_test: 0.502591
 

Arquitectura: _2_6_1_
Semilla: 1788093670
Segundos: 48
NIteraciones: 100000

Costo_train: 0.248716
Precision_train: 0.525851
Recall_train: 0.525189
F1_train: 0.525520

Costo_test: 0.249607
Precision_test: 0.548718
Recall_test: 0.519417
F1_test: 0.533666
 

Arquitectura: _2_6_1_
Semilla: 1788093670
Segundos: 48
NIteraciones: 100000

Costo_train: 0.248358
Precision_train: 0.533166
Recall_train: 0.536524
F1_train: 0.534840

Costo_test: 0.248962
Precision_test: 0.548718
Recall_test: 0.519417
F1_test: 0.533666
 

Arquitectura: _2_6_1_
Semilla: 1788093670
Segundos: 48
NIteraciones: 100000

Costo_train: 0.248741
Precision_train: 0.527228
Recall_train: 0.536524
F1_train: 0.531835

Costo_test: 0.249823
Precision_test: 0.548223
Recall_test: 0.524272
F1_test: 0.535980
 

Arquitectura: _2_6_1_
Semilla: 1788093670
Segundos: 48
NIteraciones: 100000

Costo_train: 0.248494
Precision_train: 0.530719
Recall_train: 0.511335
F1_train: 0.520847

Costo_test: 0.249116
Precision_test: 0.549738
Recall_test: 0.509709
F1_test: 0.528967
 

Arquitectura: _2_6_1_
Semilla: 1788093670
Segundos: 48
NIteraciones: 100000

Costo_train: 0.248444
Precision_train: 0.532637
Recall_train: 0.513854
F1_train: 0.523077

Costo_test: 0.249107
Precision_test: 0.546875
Recall_test: 0.509709
F1_test: 0.527638
 

Arquitectura: _2_6_1_
Semilla: 1788093670
Segundos: 48
NIteraciones: 100000

Costo_train: 0.248329
Precision_train: 0.533578
Recall_train: 0.550378
F1_train: 0.541848

Costo_test: 0.248977
Precision_test: 0.555000
Recall_test: 0.538835
F1_test: 0.546798
 

Arquitectura: _2_6_1_
Semilla: 1788093670
Segundos: 48
NIteraciones: 100000

Costo_train: 0.248390
Precision_train: 0.532808
Recall_train: 0.511335
F1_train: 0.521851

Costo_test: 0.249031
Precision_test: 0.552083
Recall_test: 0.514563
F1_test: 0.532663
 

Arquitectura: _2_6_1_
Semilla: 1788093670
Segundos: 48
NIteraciones: 100000

Costo_train: 0.248508
Precision_train: 0.534884
Recall_train: 0.492443
F1_train: 0.512787

Costo_test: 0.249166
Precision_test: 0.545946
Recall_test: 0.490291
F1_test: 0.516624
 

Arquitectura: _2_6_1_
Semilla: 1788093670
Segundos: 48
NIteraciones: 100000

Costo_train: 0.248614
Precision_train: 0.531414
Recall_train: 0.511335
F1_train: 0.521181

Costo_test: 0.249504
Precision_test: 0.540107
Recall_test: 0.490291
F1_test: 0.513995
 

Arquitectura: _2_6_1_
Semilla: 1788093670
Segundos: 48
NIteraciones: 100000

Costo_train: 0.248554
Precision_train: 0.538251
Recall_train: 0.496222
F1_train: 0.516383

Costo_test: 0.249409
Precision_test: 0.535519
Recall_test: 0.475728
F1_test: 0.503856
 

Arquitectura: _2_6_1_
Semilla: 1788093670
Segundos: 48
NIteraciones: 100000

Costo_train: 0.248375
Precision_train: 0.530895
Recall_train: 0.530227
F1_train: 0.530561

Costo_test: 0.249024
Precision_test: 0.551020
Recall_test: 0.524272
F1_test: 0.537313
 

Arquitectura: _2_6_1_
Semilla: 1788093670
Segundos: 48
NIteraciones: 100000

Costo_train: 0.248432
Precision_train: 0.530667
Recall_train: 0.501259
F1_train: 0.515544

Costo_test: 0.248875
Precision_test: 0.554974
Recall_test: 0.514563
F1_test: 0.534005
 

Arquitectura: _2_6_1_
Semilla: 1788093670
Segundos: 48
NIteraciones: 100000

Costo_train: 0.248652
Precision_train: 0.533875
Recall_train: 0.496222
F1_train: 0.514360

Costo_test: 0.249753
Precision_test: 0.543956
Recall_test: 0.480583
F1_test: 0.510309
 

Arquitectura: _2_6_1_
Semilla: 1788093670
Segundos: 48
NIteraciones: 100000

Costo_train: 0.248830
Precision_train: 0.528020
Recall_train: 0.534005
F1_train: 0.530996

Costo_test: 0.249752
Precision_test: 0.548223
Recall_test: 0.524272
F1_test: 0.535980
 

Arquitectura: _2_6_1_
Semilla: 1788093670
Segundos: 48
NIteraciones: 100000

Costo_train: 0.248832
Precision_train: 0.527295
Recall_train: 0.535264
F1_train: 0.531250

Costo_test: 0.249766
Precision_test: 0.548223
Recall_test: 0.524272
F1_test: 0.535980
 

Arquitectura: _2_6_1_
Semilla: 1788093670
Segundos: 48
NIteraciones: 100000

Costo_train: 0.248525
Precision_train: 0.527112
Recall_train: 0.526448
F1_train: 0.526780

Costo_test: 0.249415
Precision_test: 0.549223
Recall_test: 0.514563
F1_test: 0.531328
 

Arquitectura: _2_6_1_
Semilla: 1788093670
Segundos: 48
NIteraciones: 100000

Costo_train: 0.248441
Precision_train: 0.531768
Recall_train: 0.484887
F1_train: 0.507246

Costo_test: 0.248912
Precision_test: 0.546961
Recall_test: 0.480583
F1_test: 0.511628
 

Arquitectura: _2_6_1_
Semilla: 1788093670
Segundos: 48
NIteraciones: 100000

Costo_train: 0.248393
Precision_train: 0.534194
Recall_train: 0.521411
F1_train: 0.527725

Costo_test: 0.248744
Precision_test: 0.552083
Recall_test: 0.514563
F1_test: 0.532663
 

Arquitectura: _2_6_1_
Semilla: 1788093670
Segundos: 48
NIteraciones: 100000

Costo_train: 0.248618
Precision_train: 0.526708
Recall_train: 0.534005
F1_train: 0.530331

Costo_test: 0.249597
Precision_test: 0.550505
Recall_test: 0.529126
F1_test: 0.539604
 

Arquitectura: _2_6_1_
Semilla: 1788093670
Segundos: 48
NIteraciones: 100000

Costo_train: 0.248472
Precision_train: 0.532026
Recall_train: 0.512594
F1_train: 0.522130

Costo_test: 0.249182
Precision_test: 0.549738
Recall_test: 0.509709
F1_test: 0.528967
 

Arquitectura: _2_6_1_
Semilla: 1788093670
Segundos: 48
NIteraciones: 100000

Costo_train: 0.248353
Precision_train: 0.535849
Recall_train: 0.536524
F1_train: 0.536186

Costo_test: 0.248919
Precision_test: 0.556122
Recall_test: 0.529126
F1_test: 0.542288
 

Arquitectura: _2_6_1_
Semilla: 1788093670
Segundos: 48
NIteraciones: 100000

Costo_train: 0.248854
Precision_train: 0.527812
Recall_train: 0.537783
F1_train: 0.532751

Costo_test: 0.249732
Precision_test: 0.548223
Recall_test: 0.524272
F1_test: 0.535980
 

Arquitectura: _2_6_1_
Semilla: 1788093670
Segundos: 48
NIteraciones: 100000

Costo_train: 0.248356
Precision_train: 0.531646
Recall_train: 0.528967
F1_train: 0.530303

Costo_test: 0.248940
Precision_test: 0.553299
Recall_test: 0.529126
F1_test: 0.540943
 

Arquitectura: _2_6_1_
Semilla: 1788093670
Segundos: 48
NIteraciones: 100000

Costo_train: 0.248613
Precision_train: 0.528809
Recall_train: 0.520151
F1_train: 0.524444

Costo_test: 0.249446
Precision_test: 0.546392
Recall_test: 0.514563
F1_test: 0.530000
 

Arquitectura: _2_6_1_
Semilla: 1788093670
Segundos: 48
NIteraciones: 100000

Costo_train: 0.248477
Precision_train: 0.533608
Recall_train: 0.489924
F1_train: 0.510834

Costo_test: 0.248933
Precision_test: 0.553763
Recall_test: 0.500000
F1_test: 0.525510
 

Arquitectura: _2_6_1_
Semilla: 1788093670
Segundos: 48
NIteraciones: 100000

Costo_train: 0.248551
Precision_train: 0.527950
Recall_train: 0.535264
F1_train: 0.531582

Costo_test: 0.249307
Precision_test: 0.548223
Recall_test: 0.524272
F1_test: 0.535980
 

Arquitectura: _2_6_1_
Semilla: 1788093670
Segundos: 48
NIteraciones: 100000

Costo_train: 0.248245
Precision_train: 0.527848
Recall_train: 0.525189
F1_train: 0.526515

Costo_test: 0.249499
Precision_test: 0.553073
Recall_test: 0.480583
F1_test: 0.514286
 

Arquitectura: _2_6_1_
Semilla: 1788093670
Segundos: 48
NIteraciones: 100000

Costo_train: 0.248709
Precision_train: 0.529785
Recall_train: 0.526448
F1_train: 0.528111

Costo_test: 0.249770
Precision_test: 0.545918
Recall_test: 0.519417
F1_test: 0.532338
 

Arquitectura: _2_6_1_
Semilla: 1788093670
Segundos: 48
NIteraciones: 100000

Costo_train: 0.248487
Precision_train: 0.531429
Recall_train: 0.468514
F1_train: 0.497992

Costo_test: 0.249191
Precision_test: 0.549708
Recall_test: 0.456311
F1_test: 0.498674
 

Arquitectura: _2_6_1_
Semilla: 1788093670
Segundos: 48
NIteraciones: 100000

Costo_train: 0.248509
Precision_train: 0.529777
Recall_train: 0.537783
F1_train: 0.533750

Costo_test: 0.249379
Precision_test: 0.548223
Recall_test: 0.524272
F1_test: 0.535980
 

Arquitectura: _2_6_1_
Semilla: 1788093670
Segundos: 48
NIteraciones: 100000

Costo_train: 0.248663
Precision_train: 0.529785
Recall_train: 0.526448
F1_train: 0.528111

Costo_test: 0.249495
Precision_test: 0.544041
Recall_test: 0.509709
F1_test: 0.526316
 

Arquitectura: _2_6_1_
Semilla: 1788093670
Segundos: 48
NIteraciones: 100000

Costo_train: 0.248576
Precision_train: 0.527812
Recall_train: 0.537783
F1_train: 0.532751

Costo_test: 0.249602
Precision_test: 0.548223
Recall_test: 0.524272
F1_test: 0.535980
 

Arquitectura: _2_6_1_
Semilla: 1788093670
Segundos: 48
NIteraciones: 100000

Costo_train: 0.248280
Precision_train: 0.531889
Recall_train: 0.556675
F1_train: 0.544000

Costo_test: 0.248981
Precision_test: 0.558824
Recall_test: 0.553398
F1_test: 0.556098
 

Arquitectura: _2_6_1_
Semilla: 1788093670
Segundos: 48
NIteraciones: 100000

Costo_train: 0.248253
Precision_train: 0.527675
Recall_train: 0.540302
F1_train: 0.533914

Costo_test: 0.249132
Precision_test: 0.543590
Recall_test: 0.514563
F1_test: 0.528678
 

Arquitectura: _2_6_1_
Semilla: 1788093670
Segundos: 48
NIteraciones: 100000

Costo_train: 0.248563
Precision_train: 0.526445
Recall_train: 0.539043
F1_train: 0.532670

Costo_test: 0.250007
Precision_test: 0.550505
Recall_test: 0.529126
F1_test: 0.539604
 

Arquitectura: _2_6_1_
Semilla: 1788093670
Segundos: 48
NIteraciones: 100000

Costo_train: 0.248420
Precision_train: 0.538961
Recall_train: 0.522670
F1_train: 0.530691

Costo_test: 0.248747
Precision_test: 0.552632
Recall_test: 0.509709
F1_test: 0.530303
 

Arquitectura: _2_6_1_
Semilla: 1788093670
Segundos: 48
NIteraciones: 100000

Costo_train: 0.248267
Precision_train: 0.530562
Recall_train: 0.546600
F1_train: 0.538462

Costo_test: 0.249063
Precision_test: 0.548718
Recall_test: 0.519417
F1_test: 0.533666
 

Arquitectura: _2_6_1_
Semilla: 1788093670
Segundos: 48
NIteraciones: 100000

Costo_train: 0.248567
Precision_train: 0.530962
Recall_train: 0.507557
F1_train: 0.518996

Costo_test: 0.249400
Precision_test: 0.547368
Recall_test: 0.504854
F1_test: 0.525253
 


--- Test Profunda 2.0 ---
Iteración 10000
Costo: 0.248968
Iteración 20000
Costo: 0.248899
Iteración 30000
Costo: 0.248885
Iteración 40000
Costo: 0.248878
Iteración 50000
Costo: 0.248872
Iteración 60000
Costo: 0.248867
Iteración 70000
Costo: 0.248863
Iteración 80000
Costo: 0.248858
Iteración 90000
Costo: 0.248854

Arquitectura: _2_3_3_1_
Semilla: 1788093718
Segundos: 94
NIteraciones: 100000

Costo_train: 0.248850
Precision_train: 0.527228
Recall_train: 0.536524
F1_train: 0.531835

Costo_test: 0.249699
Precision_test: 0.548223
Recall_test: 0.524272
F1_test: 0.535980
 

Arquitectura: _2_3_3_1_
Semilla: 1788093718
Segundos: 94
NIteraciones: 100000

Costo_train: 0.248865
Precision_train: 0.527295
Recall_train: 0.535264
F1_train: 0.531250

Costo_test: 0.249655
Precision_test: 0.548223
Recall_test: 0.524272
F1_test: 0.535980
 

Arquitectura: _2_3_3_1_
Semilla: 1788093718
Segundos: 94
NIteraciones: 100000

Costo_train: 0.248869
Precision_train: 0.527744
Recall_train: 0.539043
F1_train: 0.533333

Costo_test: 0.249643
Precision_test: 0.550505
Recall_test: 0.529126
F1_test: 0.539604
 

Arquitectura: _2_3_3_1_
Semilla: 1788093718
Segundos: 94
NIteraciones: 100000

Costo_train: 0.248832
Precision_train: 0.526938
Recall_train: 0.505038
F1_train: 0.515756

Costo_test: 0.249547
Precision_test: 0.550265
Recall_test: 0.504854
F1_test: 0.526582
 

Arquitectura: _2_3_3_1_
Semilla: 1788093718
Segundos: 94
NIteraciones: 100000

Costo_train: 0.248897
Precision_train: 0.527295
Recall_train: 0.535264
F1_train: 0.531250

Costo_test: 0.249466
Precision_test: 0.548223
Recall_test: 0.524272
F1_test: 0.535980
 

Arquitectura: _2_3_3_1_
Semilla: 1788093718
Segundos: 94
NIteraciones: 100000

Costo_train: 0.248885
Precision_train: 0.528020
Recall_train: 0.534005
F1_train: 0.530996

Costo_test: 0.249521
Precision_test: 0.551020
Recall_test: 0.524272
F1_test: 0.537313
 

Arquitectura: _2_3_3_1_
Semilla: 1788093718
Segundos: 94
NIteraciones: 100000

Costo_train: 0.248872
Precision_train: 0.527812
Recall_train: 0.537783
F1_train: 0.532751

Costo_test: 0.249615
Precision_test: 0.548223
Recall_test: 0.524272
F1_test: 0.535980
 

Arquitectura: _2_3_3_1_
Semilla: 1788093718
Segundos: 94
NIteraciones: 100000

Costo_train: 0.248893
Precision_train: 0.528020
Recall_train: 0.534005
F1_train: 0.530996

Costo_test: 0.249480
Precision_test: 0.548223
Recall_test: 0.524272
F1_test: 0.535980
 

Arquitectura: _2_3_3_1_
Semilla: 1788093718
Segundos: 94
NIteraciones: 100000

Costo_train: 0.248891
Precision_train: 0.527950
Recall_train: 0.535264
F1_train: 0.531582

Costo_test: 0.249535
Precision_test: 0.548223
Recall_test: 0.524272
F1_test: 0.535980
 

Arquitectura: _2_3_3_1_
Semilla: 1788093718
Segundos: 94
NIteraciones: 100000

Costo_train: 0.248821
Precision_train: 0.528325
Recall_train: 0.540302
F1_train: 0.534247

Costo_test: 0.249719
Precision_test: 0.550505
Recall_test: 0.529126
F1_test: 0.539604
 

Arquitectura: _2_3_3_1_
Semilla: 1788093718
Segundos: 94
NIteraciones: 100000

Costo_train: 0.248883
Precision_train: 0.528020
Recall_train: 0.534005
F1_train: 0.530996

Costo_test: 0.249552
Precision_test: 0.548223
Recall_test: 0.524272
F1_test: 0.535980
 

Arquitectura: _2_3_3_1_
Semilla: 1788093718
Segundos: 94
NIteraciones: 100000

Costo_train: 0.248875
Precision_train: 0.528020
Recall_train: 0.534005
F1_train: 0.530996

Costo_test: 0.249566
Precision_test: 0.548223
Recall_test: 0.524272
F1_test: 0.535980
 

Arquitectura: _2_3_3_1_
Semilla: 1788093718
Segundos: 94
NIteraciones: 100000

Costo_train: 0.248879
Precision_train: 0.527744
Recall_train: 0.539043
F1_train: 0.533333

Costo_test: 0.249630
Precision_test: 0.550505
Recall_test: 0.529126
F1_test: 0.539604
 

Arquitectura: _2_3_3_1_
Semilla: 1788093718
Segundos: 94
NIteraciones: 100000

Costo_train: 0.248701
Precision_train: 0.528020
Recall_train: 0.534005
F1_train: 0.530996

Costo_test: 0.249646
Precision_test: 0.550505
Recall_test: 0.529126
F1_test: 0.539604
 

Arquitectura: _2_3_3_1_
Semilla: 1788093718
Segundos: 94
NIteraciones: 100000

Costo_train: 0.248862
Precision_train: 0.526048
Recall_train: 0.521411
F1_train: 0.523719

Costo_test: 0.249654
Precision_test: 0.546392
Recall_test: 0.514563
F1_test: 0.530000
 

Arquitectura: _2_3_3_1_
Semilla: 1788093718
Segundos: 94
NIteraciones: 100000

Costo_train: 0.248865
Precision_train: 0.527295
Recall_train: 0.535264
F1_train: 0.531250

Costo_test: 0.249686
Precision_test: 0.548223
Recall_test: 0.524272
F1_test: 0.535980
 

Arquitectura: _2_3_3_1_
Semilla: 1788093718
Segundos: 94
NIteraciones: 100000

Costo_train: 0.248864
Precision_train: 0.528607
Recall_train: 0.535264
F1_train: 0.531915

Costo_test: 0.249656
Precision_test: 0.548223
Recall_test: 0.524272
F1_test: 0.535980
 

Arquitectura: _2_3_3_1_
Semilla: 1788093718
Segundos: 94
NIteraciones: 100000

Costo_train: 0.248850
Precision_train: 0.526976
Recall_train: 0.528967
F1_train: 0.527970

Costo_test: 0.249717
Precision_test: 0.548718
Recall_test: 0.519417
F1_test: 0.533666
 

Arquitectura: _2_3_3_1_
Semilla: 1788093718
Segundos: 94
NIteraciones: 100000

Costo_train: 0.248854
Precision_train: 0.527569
Recall_train: 0.530227
F1_train: 0.528894

Costo_test: 0.249767
Precision_test: 0.548718
Recall_test: 0.519417
F1_test: 0.533666
 

Arquitectura: _2_3_3_1_
Semilla: 1788093718
Segundos: 94
NIteraciones: 100000

Costo_train: 0.248871
Precision_train: 0.528020
Recall_train: 0.534005
F1_train: 0.530996

Costo_test: 0.249587
Precision_test: 0.548223
Recall_test: 0.524272
F1_test: 0.535980
 

Arquitectura: _2_3_3_1_
Semilla: 1788093718
Segundos: 94
NIteraciones: 100000

Costo_train: 0.248877
Precision_train: 0.526115
Recall_train: 0.520151
F1_train: 0.523116

Costo_test: 0.249512
Precision_test: 0.546392
Recall_test: 0.514563
F1_test: 0.530000
 

Arquitectura: _2_3_3_1_
Semilla: 1788093718
Segundos: 94
NIteraciones: 100000

Costo_train: 0.248891
Precision_train: 0.528678
Recall_train: 0.534005
F1_train: 0.531328

Costo_test: 0.249466
Precision_test: 0.551020
Recall_test: 0.524272
F1_test: 0.537313
 

Arquitectura: _2_3_3_1_
Semilla: 1788093718
Segundos: 94
NIteraciones: 100000

Costo_train: 0.248891
Precision_train: 0.528020
Recall_train: 0.534005
F1_train: 0.530996

Costo_test: 0.249590
Precision_test: 0.548223
Recall_test: 0.524272
F1_test: 0.535980
 

Arquitectura: _2_3_3_1_
Semilla: 1788093718
Segundos: 94
NIteraciones: 100000

Costo_train: 0.248840
Precision_train: 0.528020
Recall_train: 0.534005
F1_train: 0.530996

Costo_test: 0.249582
Precision_test: 0.548223
Recall_test: 0.524272
F1_test: 0.535980
 

Arquitectura: _2_3_3_1_
Semilla: 1788093718
Segundos: 94
NIteraciones: 100000

Costo_train: 0.248854
Precision_train: 0.527812
Recall_train: 0.537783
F1_train: 0.532751

Costo_test: 0.249738
Precision_test: 0.548223
Recall_test: 0.524272
F1_test: 0.535980
 

Arquitectura: _2_3_3_1_
Semilla: 1788093718
Segundos: 94
NIteraciones: 100000

Costo_train: 0.248870
Precision_train: 0.528020
Recall_train: 0.534005
F1_train: 0.530996

Costo_test: 0.249654
Precision_test: 0.548223
Recall_test: 0.524272
F1_test: 0.535980
 

Arquitectura: _2_3_3_1_
Semilla: 1788093718
Segundos: 94
NIteraciones: 100000

Costo_train: 0.248872
Precision_train: 0.528607
Recall_train: 0.535264
F1_train: 0.531915

Costo_test: 0.249577
Precision_test: 0.548223
Recall_test: 0.524272
F1_test: 0.535980
 

Arquitectura: _2_3_3_1_
Semilla: 1788093718
Segundos: 94
NIteraciones: 100000

Costo_train: 0.248869
Precision_train: 0.529338
Recall_train: 0.534005
F1_train: 0.531662

Costo_test: 0.249577
Precision_test: 0.551020
Recall_test: 0.524272
F1_test: 0.537313
 

Arquitectura: _2_3_3_1_
Semilla: 1788093718
Segundos: 94
NIteraciones: 100000

Costo_train: 0.248853
Precision_train: 0.527812
Recall_train: 0.537783
F1_train: 0.532751

Costo_test: 0.249698
Precision_test: 0.548223
Recall_test: 0.524272
F1_test: 0.535980
 

Arquitectura: _2_3_3_1_
Semilla: 1788093718
Segundos: 94
NIteraciones: 100000

Costo_train: 0.248871
Precision_train: 0.527812
Recall_train: 0.537783
F1_train: 0.532751

Costo_test: 0.249634
Precision_test: 0.548223
Recall_test: 0.524272
F1_test: 0.535980
 

Arquitectura: _2_3_3_1_
Semilla: 1788093718
Segundos: 94
NIteraciones: 100000

Costo_train: 0.248819
Precision_train: 0.527812
Recall_train: 0.537783
F1_train: 0.532751

Costo_test: 0.249765
Precision_test: 0.550505
Recall_test: 0.529126
F1_test: 0.539604
 

Arquitectura: _2_3_3_1_
Semilla: 1788093718
Segundos: 94
NIteraciones: 100000

Costo_train: 0.248886
Precision_train: 0.527812
Recall_train: 0.537783
F1_train: 0.532751

Costo_test: 0.249504
Precision_test: 0.548223
Recall_test: 0.524272
F1_test: 0.535980
 

Arquitectura: _2_3_3_1_
Semilla: 1788093718
Segundos: 94
NIteraciones: 100000

Costo_train: 0.248866
Precision_train: 0.527160
Recall_train: 0.537783
F1_train: 0.532419

Costo_test: 0.249494
Precision_test: 0.550505
Recall_test: 0.529126
F1_test: 0.539604
 

Arquitectura: _2_3_3_1_
Semilla: 1788093718
Segundos: 94
NIteraciones: 100000

Costo_train: 0.248863
Precision_train: 0.527044
Recall_train: 0.527708
F1_train: 0.527376

Costo_test: 0.249627
Precision_test: 0.548718
Recall_test: 0.519417
F1_test: 0.533666
 

Arquitectura: _2_3_3_1_
Semilla: 1788093718
Segundos: 94
NIteraciones: 100000

Costo_train: 0.248861
Precision_train: 0.528750
Recall_train: 0.532746
F1_train: 0.530740

Costo_test: 0.249618
Precision_test: 0.551020
Recall_test: 0.524272
F1_test: 0.537313
 

Arquitectura: _2_3_3_1_
Semilla: 1788093718
Segundos: 94
NIteraciones: 100000

Costo_train: 0.248886
Precision_train: 0.528020
Recall_train: 0.534005
F1_train: 0.530996

Costo_test: 0.249521
Precision_test: 0.548223
Recall_test: 0.524272
F1_test: 0.535980
 

Arquitectura: _2_3_3_1_
Semilla: 1788093718
Segundos: 94
NIteraciones: 100000

Costo_train: 0.248851
Precision_train: 0.527112
Recall_train: 0.526448
F1_train: 0.526780

Costo_test: 0.249646
Precision_test: 0.548718
Recall_test: 0.519417
F1_test: 0.533666
 

Arquitectura: _2_3_3_1_
Semilla: 1788093718
Segundos: 94
NIteraciones: 100000

Costo_train: 0.248884
Precision_train: 0.528020
Recall_train: 0.534005
F1_train: 0.530996

Costo_test: 0.249550
Precision_test: 0.548223
Recall_test: 0.524272
F1_test: 0.535980
 

Arquitectura: _2_3_3_1_
Semilla: 1788093718
Segundos: 94
NIteraciones: 100000

Costo_train: 0.248897
Precision_train: 0.528020
Recall_train: 0.534005
F1_train: 0.530996

Costo_test: 0.249433
Precision_test: 0.551020
Recall_test: 0.524272
F1_test: 0.537313
 

Arquitectura: _2_3_3_1_
Semilla: 1788093718
Segundos: 94
NIteraciones: 100000

Costo_train: 0.248839
Precision_train: 0.527569
Recall_train: 0.530227
F1_train: 0.528894

Costo_test: 0.249380
Precision_test: 0.548718
Recall_test: 0.519417
F1_test: 0.533666
 

Arquitectura: _2_3_3_1_
Semilla: 1788093718
Segundos: 94
NIteraciones: 100000

Costo_train: 0.248882
Precision_train: 0.527812
Recall_train: 0.537783
F1_train: 0.532751

Costo_test: 0.249602
Precision_test: 0.548223
Recall_test: 0.524272
F1_test: 0.535980
 

Arquitectura: _2_3_3_1_
Semilla: 1788093718
Segundos: 94
NIteraciones: 100000

Costo_train: 0.248830
Precision_train: 0.527027
Recall_train: 0.540302
F1_train: 0.533582

Costo_test: 0.249600
Precision_test: 0.550505
Recall_test: 0.529126
F1_test: 0.539604
 

Arquitectura: _2_3_3_1_
Semilla: 1788093718
Segundos: 94
NIteraciones: 100000

Costo_train: 0.248869
Precision_train: 0.528750
Recall_train: 0.532746
F1_train: 0.530740

Costo_test: 0.249615
Precision_test: 0.551020
Recall_test: 0.524272
F1_test: 0.537313
 

Arquitectura: _2_3_3_1_
Semilla: 1788093718
Segundos: 94
NIteraciones: 100000

Costo_train: 0.248865
Precision_train: 0.526786
Recall_train: 0.520151
F1_train: 0.523447

Costo_test: 0.249686
Precision_test: 0.546392
Recall_test: 0.514563
F1_test: 0.530000
 

Arquitectura: _2_3_3_1_
Semilla: 1788093718
Segundos: 94
NIteraciones: 100000

Costo_train: 0.248876
Precision_train: 0.527812
Recall_train: 0.537783
F1_train: 0.532751

Costo_test: 0.249670
Precision_test: 0.548223
Recall_test: 0.524272
F1_test: 0.535980
 

Arquitectura: _2_3_3_1_
Semilla: 1788093718
Segundos: 94
NIteraciones: 100000

Costo_train: 0.248869
Precision_train: 0.527778
Recall_train: 0.526448
F1_train: 0.527112

Costo_test: 0.249708
Precision_test: 0.548718
Recall_test: 0.519417
F1_test: 0.533666
 

Arquitectura: _2_3_3_1_
Semilla: 1788093718
Segundos: 94
NIteraciones: 100000

Costo_train: 0.248885
Precision_train: 0.528678
Recall_train: 0.534005
F1_train: 0.531328

Costo_test: 0.249598
Precision_test: 0.551020
Recall_test: 0.524272
F1_test: 0.537313
 

Arquitectura: _2_3_3_1_
Semilla: 1788093718
Segundos: 94
NIteraciones: 100000

Costo_train: 0.248856
Precision_train: 0.527812
Recall_train: 0.537783
F1_train: 0.532751

Costo_test: 0.249706
Precision_test: 0.548223
Recall_test: 0.524272
F1_test: 0.535980
 

Arquitectura: _2_3_3_1_
Semilla: 1788093718
Segundos: 94
NIteraciones: 100000

Costo_train: 0.248862
Precision_train: 0.527950
Recall_train: 0.535264
F1_train: 0.531582

Costo_test: 0.249711
Precision_test: 0.548223
Recall_test: 0.524272
F1_test: 0.535980
 

Arquitectura: _2_3_3_1_
Semilla: 1788093718
Segundos: 94
NIteraciones: 100000

Costo_train: 0.248875
Precision_train: 0.528160
Recall_train: 0.531486
F1_train: 0.529818

Costo_test: 0.249547
Precision_test: 0.551020
Recall_test: 0.524272
F1_test: 0.537313
 

Arquitectura: _2_3_3_1_
Semilla: 1788093718
Segundos: 94
NIteraciones: 100000

Costo_train: 0.248797
Precision_train: 0.528395
Recall_train: 0.539043
F1_train: 0.533666

Costo_test: 0.249353
Precision_test: 0.548223
Recall_test: 0.524272
F1_test: 0.535980
 

Arquitectura: _2_3_3_1_
Semilla: 1788093718
Segundos: 94
NIteraciones: 100000

Costo_train: 0.248802
Precision_train: 0.527744
Recall_train: 0.539043
F1_train: 0.533333

Costo_test: 0.249416
Precision_test: 0.550505
Recall_test: 0.529126
F1_test: 0.539604
 

Arquitectura: _2_3_3_1_
Semilla: 1788093718
Segundos: 94
NIteraciones: 100000

Costo_train: 0.248861
Precision_train: 0.528607
Recall_train: 0.535264
F1_train: 0.531915

Costo_test: 0.249725
Precision_test: 0.548223
Recall_test: 0.524272
F1_test: 0.535980
 

Arquitectura: _2_3_3_1_
Semilla: 1788093718
Segundos: 94
NIteraciones: 100000

Costo_train: 0.248888
Precision_train: 0.527228
Recall_train: 0.536524
F1_train: 0.531835

Costo_test: 0.249522
Precision_test: 0.548223
Recall_test: 0.524272
F1_test: 0.535980
 

Arquitectura: _2_3_3_1_
Semilla: 1788093718
Segundos: 94
NIteraciones: 100000

Costo_train: 0.248794
Precision_train: 0.528536
Recall_train: 0.536524
F1_train: 0.532500

Costo_test: 0.249578
Precision_test: 0.548223
Recall_test: 0.524272
F1_test: 0.535980
 

Arquitectura: _2_3_3_1_
Semilla: 1788093718
Segundos: 94
NIteraciones: 100000

Costo_train: 0.248881
Precision_train: 0.527950
Recall_train: 0.535264
F1_train: 0.531582

Costo_test: 0.249571
Precision_test: 0.548223
Recall_test: 0.524272
F1_test: 0.535980
 

Arquitectura: _2_3_3_1_
Semilla: 1788093718
Segundos: 94
NIteraciones: 100000

Costo_train: 0.248874
Precision_train: 0.528020
Recall_train: 0.534005
F1_train: 0.530996

Costo_test: 0.249561
Precision_test: 0.551020
Recall_test: 0.524272
F1_test: 0.537313
 

Arquitectura: _2_3_3_1_
Semilla: 1788093718
Segundos: 94
NIteraciones: 100000

Costo_train: 0.248842
Precision_train: 0.527500
Recall_train: 0.531486
F1_train: 0.529486

Costo_test: 0.249641
Precision_test: 0.551020
Recall_test: 0.524272
F1_test: 0.537313
 

Arquitectura: _2_3_3_1_
Semilla: 1788093718
Segundos: 94
NIteraciones: 100000

Costo_train: 0.248845
Precision_train: 0.526642
Recall_train: 0.535264
F1_train: 0.530918

Costo_test: 0.249746
Precision_test: 0.548223
Recall_test: 0.524272
F1_test: 0.535980
 

Arquitectura: _2_3_3_1_
Semilla: 1788093718
Segundos: 94
NIteraciones: 100000

Costo_train: 0.248836
Precision_train: 0.528020
Recall_train: 0.534005
F1_train: 0.530996

Costo_test: 0.249758
Precision_test: 0.548223
Recall_test: 0.524272
F1_test: 0.535980
 

Arquitectura: _2_3_3_1_
Semilla: 1788093718
Segundos: 94
NIteraciones: 100000

Costo_train: 0.248872
Precision_train: 0.528020
Recall_train: 0.534005
F1_train: 0.530996

Costo_test: 0.249586
Precision_test: 0.551020
Recall_test: 0.524272
F1_test: 0.537313
 

Arquitectura: _2_3_3_1_
Semilla: 1788093718
Segundos: 94
NIteraciones: 100000

Costo_train: 0.248701
Precision_train: 0.527228
Recall_train: 0.536524
F1_train: 0.531835

Costo_test: 0.249295
Precision_test: 0.548223
Recall_test: 0.524272
F1_test: 0.535980
 

Arquitectura: _2_3_3_1_
Semilla: 1788093718
Segundos: 94
NIteraciones: 100000

Costo_train: 0.248869
Precision_train: 0.527950
Recall_train: 0.535264
F1_train: 0.531582

Costo_test: 0.249644
Precision_test: 0.548223
Recall_test: 0.524272
F1_test: 0.535980
 

Arquitectura: _2_3_3_1_
Semilla: 1788093718
Segundos: 94
NIteraciones: 100000

Costo_train: 0.248872
Precision_train: 0.528678
Recall_train: 0.534005
F1_train: 0.531328

Costo_test: 0.249695
Precision_test: 0.551020
Recall_test: 0.524272
F1_test: 0.537313
 

Arquitectura: _2_3_3_1_
Semilla: 1788093718
Segundos: 94
NIteraciones: 100000

Costo_train: 0.248885
Precision_train: 0.527812
Recall_train: 0.537783
F1_train: 0.532751

Costo_test: 0.249614
Precision_test: 0.548223
Recall_test: 0.524272
F1_test: 0.535980
 

Arquitectura: _2_3_3_1_
Semilla: 1788093718
Segundos: 94
NIteraciones: 100000

Costo_train: 0.248872
Precision_train: 0.528020
Recall_train: 0.534005
F1_train: 0.530996

Costo_test: 0.249609
Precision_test: 0.548223
Recall_test: 0.524272
F1_test: 0.535980
 

Arquitectura: _2_3_3_1_
Semilla: 1788093718
Segundos: 94
NIteraciones: 100000

Costo_train: 0.248906
Precision_train: 0.528678
Recall_train: 0.534005
F1_train: 0.531328

Costo_test: 0.249371
Precision_test: 0.551020
Recall_test: 0.524272
F1_test: 0.537313
 

Arquitectura: _2_3_3_1_
Semilla: 1788093718
Segundos: 94
NIteraciones: 100000

Costo_train: 0.248882
Precision_train: 0.528020
Recall_train: 0.534005
F1_train: 0.530996

Costo_test: 0.249575
Precision_test: 0.548223
Recall_test: 0.524272
F1_test: 0.535980
 

Arquitectura: _2_3_3_1_
Semilla: 1788093718
Segundos: 94
NIteraciones: 100000

Costo_train: 0.248888
Precision_train: 0.527950
Recall_train: 0.535264
F1_train: 0.531582

Costo_test: 0.249536
Precision_test: 0.548223
Recall_test: 0.524272
F1_test: 0.535980
 

Arquitectura: _2_3_3_1_
Semilla: 1788093718
Segundos: 94
NIteraciones: 100000

Costo_train: 0.248875
Precision_train: 0.527228
Recall_train: 0.536524
F1_train: 0.531835

Costo_test: 0.249620
Precision_test: 0.548223
Recall_test: 0.524272
F1_test: 0.535980
 

Arquitectura: _2_3_3_1_
Semilla: 1788093718
Segundos: 94
NIteraciones: 100000

Costo_train: 0.248883
Precision_train: 0.527228
Recall_train: 0.536524
F1_train: 0.531835

Costo_test: 0.249463
Precision_test: 0.548223
Recall_test: 0.524272
F1_test: 0.535980
 

Arquitectura: _2_3_3_1_
Semilla: 1788093718
Segundos: 94
NIteraciones: 100000

Costo_train: 0.248865
Precision_train: 0.527228
Recall_train: 0.536524
F1_train: 0.531835

Costo_test: 0.249677
Precision_test: 0.548223
Recall_test: 0.524272
F1_test: 0.535980
 

Arquitectura: _2_3_3_1_
Semilla: 1788093718
Segundos: 94
NIteraciones: 100000

Costo_train: 0.248887
Precision_train: 0.527950
Recall_train: 0.535264
F1_train: 0.531582

Costo_test: 0.249565
Precision_test: 0.548223
Recall_test: 0.524272
F1_test: 0.535980
 

Arquitectura: _2_3_3_1_
Semilla: 1788093718
Segundos: 94
NIteraciones: 100000

Costo_train: 0.248886
Precision_train: 0.528678
Recall_train: 0.534005
F1_train: 0.531328

Costo_test: 0.249487
Precision_test: 0.551020
Recall_test: 0.524272
F1_test: 0.537313
 

Arquitectura: _2_3_3_1_
Semilla: 1788093718
Segundos: 94
NIteraciones: 100000

Costo_train: 0.248875
Precision_train: 0.527812
Recall_train: 0.537783
F1_train: 0.532751

Costo_test: 0.249624
Precision_test: 0.548223
Recall_test: 0.524272
F1_test: 0.535980
 

Arquitectura: _2_3_3_1_
Semilla: 1788093718
Segundos: 94
NIteraciones: 100000

Costo_train: 0.248878
Precision_train: 0.527812
Recall_train: 0.537783
F1_train: 0.532751

Costo_test: 0.249522
Precision_test: 0.548223
Recall_test: 0.524272
F1_test: 0.535980
 

Arquitectura: _2_3_3_1_
Semilla: 1788093718
Segundos: 94
NIteraciones: 100000

Costo_train: 0.248876
Precision_train: 0.526976
Recall_train: 0.528967
F1_train: 0.527970

Costo_test: 0.249538
Precision_test: 0.548718
Recall_test: 0.519417
F1_test: 0.533666
 

Arquitectura: _2_3_3_1_
Semilla: 1788093718
Segundos: 94
NIteraciones: 100000

Costo_train: 0.248886
Precision_train: 0.528160
Recall_train: 0.531486
F1_train: 0.529818

Costo_test: 0.249455
Precision_test: 0.551020
Recall_test: 0.524272
F1_test: 0.537313
 

Arquitectura: _2_3_3_1_
Semilla: 1788093718
Segundos: 94
NIteraciones: 100000

Costo_train: 0.248871
Precision_train: 0.527812
Recall_train: 0.537783
F1_train: 0.532751

Costo_test: 0.249668
Precision_test: 0.548223
Recall_test: 0.524272
F1_test: 0.535980
 

Arquitectura: _2_3_3_1_
Semilla: 1788093718
Segundos: 94
NIteraciones: 100000

Costo_train: 0.248877
Precision_train: 0.527812
Recall_train: 0.537783
F1_train: 0.532751

Costo_test: 0.249603
Precision_test: 0.548223
Recall_test: 0.524272
F1_test: 0.535980
 

Arquitectura: _2_3_3_1_
Semilla: 1788093718
Segundos: 94
NIteraciones: 100000

Costo_train: 0.248879
Precision_train: 0.528607
Recall_train: 0.535264
F1_train: 0.531915

Costo_test: 0.249567
Precision_test: 0.548223
Recall_test: 0.524272
F1_test: 0.535980
 

Arquitectura: _2_3_3_1_
Semilla: 1788093718
Segundos: 94
NIteraciones: 100000

Costo_train: 0.248862
Precision_train: 0.527950
Recall_train: 0.535264
F1_train: 0.531582

Costo_test: 0.249694
Precision_test: 0.548223
Recall_test: 0.524272
F1_test: 0.535980
 

Arquitectura: _2_3_3_1_
Semilla: 1788093718
Segundos: 94
NIteraciones: 100000

Costo_train: 0.248866
Precision_train: 0.527812
Recall_train: 0.537783
F1_train: 0.532751

Costo_test: 0.249613
Precision_test: 0.548223
Recall_test: 0.524272
F1_test: 0.535980
 

Arquitectura: _2_3_3_1_
Semilla: 1788093718
Segundos: 94
NIteraciones: 100000

Costo_train: 0.248884
Precision_train: 0.527812
Recall_train: 0.537783
F1_train: 0.532751

Costo_test: 0.249589
Precision_test: 0.548223
Recall_test: 0.524272
F1_test: 0.535980
 

Arquitectura: _2_3_3_1_
Semilla: 1788093718
Segundos: 94
NIteraciones: 100000

Costo_train: 0.248872
Precision_train: 0.527812
Recall_train: 0.537783
F1_train: 0.532751

Costo_test: 0.249644
Precision_test: 0.548223
Recall_test: 0.524272
F1_test: 0.535980
 

Arquitectura: _2_3_3_1_
Semilla: 1788093718
Segundos: 94
NIteraciones: 100000

Costo_train: 0.248868
Precision_train: 0.526650
Recall_train: 0.522670
F1_train: 0.524652

Costo_test: 0.249610
Precision_test: 0.546392
Recall_test: 0.514563
F1_test: 0.530000
 

Arquitectura: _2_3_3_1_
Semilla: 1788093718
Segundos: 94
NIteraciones: 100000

Costo_train: 0.248890
Precision_train: 0.527950
Recall_train: 0.535264
F1_train: 0.531582

Costo_test: 0.249488
Precision_test: 0.548223
Recall_test: 0.524272
F1_test: 0.535980
 

Arquitectura: _2_3_3_1_
Semilla: 1788093718
Segundos: 94
NIteraciones: 100000

Costo_train: 0.248852
Precision_train: 0.527295
Recall_train: 0.535264
F1_train: 0.531250

Costo_test: 0.249609
Precision_test: 0.548223
Recall_test: 0.524272
F1_test: 0.535980
 

Arquitectura: _2_3_3_1_
Semilla: 1788093718
Segundos: 94
NIteraciones: 100000

Costo_train: 0.248872
Precision_train: 0.527812
Recall_train: 0.537783
F1_train: 0.532751

Costo_test: 0.249671
Precision_test: 0.548223
Recall_test: 0.524272
F1_test: 0.535980
 

Arquitectura: _2_3_3_1_
Semilla: 1788093718
Segundos: 94
NIteraciones: 100000

Costo_train: 0.248869
Precision_train: 0.528020
Recall_train: 0.534005
F1_train: 0.530996

Costo_test: 0.249632
Precision_test: 0.548223
Recall_test: 0.524272
F1_test: 0.535980
 

Arquitectura: _2_3_3_1_
Semilla: 1788093718
Segundos: 94
NIteraciones: 100000

Costo_train: 0.248865
Precision_train: 0.527250
Recall_train: 0.523929
F1_train: 0.525584

Costo_test: 0.249605
Precision_test: 0.546392
Recall_test: 0.514563
F1_test: 0.530000
 

Arquitectura: _2_3_3_1_
Semilla: 1788093718
Segundos: 94
NIteraciones: 100000

Costo_train: 0.248878
Precision_train: 0.527812
Recall_train: 0.537783
F1_train: 0.532751

Costo_test: 0.249611
Precision_test: 0.548223
Recall_test: 0.524272
F1_test: 0.535980
 

Arquitectura: _2_3_3_1_
Semilla: 1788093718
Segundos: 94
NIteraciones: 100000

Costo_train: 0.248884
Precision_train: 0.526650
Recall_train: 0.522670
F1_train: 0.524652

Costo_test: 0.249421
Precision_test: 0.546392
Recall_test: 0.514563
F1_test: 0.530000
 

Arquitectura: _2_3_3_1_
Semilla: 1788093718
Segundos: 94
NIteraciones: 100000

Costo_train: 0.248878
Precision_train: 0.528020
Recall_train: 0.534005
F1_train: 0.530996

Costo_test: 0.249543
Precision_test: 0.551020
Recall_test: 0.524272
F1_test: 0.537313
 

Arquitectura: _2_3_3_1_
Semilla: 1788093718
Segundos: 94
NIteraciones: 100000

Costo_train: 0.248778
Precision_train: 0.527744
Recall_train: 0.539043
F1_train: 0.533333

Costo_test: 0.249462
Precision_test: 0.550505
Recall_test: 0.529126
F1_test: 0.539604
 

Arquitectura: _2_3_3_1_
Semilla: 1788093718
Segundos: 94
NIteraciones: 100000

Costo_train: 0.248813
Precision_train: 0.527228
Recall_train: 0.536524
F1_train: 0.531835

Costo_test: 0.249626
Precision_test: 0.548223
Recall_test: 0.524272
F1_test: 0.535980
 

Arquitectura: _2_3_3_1_
Semilla: 1788093718
Segundos: 94
NIteraciones: 100000

Costo_train: 0.248872
Precision_train: 0.526048
Recall_train: 0.521411
F1_train: 0.523719

Costo_test: 0.249557
Precision_test: 0.546392
Recall_test: 0.514563
F1_test: 0.530000
 

Arquitectura: _2_3_3_1_
Semilla: 1788093718
Segundos: 94
NIteraciones: 100000

Costo_train: 0.248876
Precision_train: 0.528020
Recall_train: 0.534005
F1_train: 0.530996

Costo_test: 0.249555
Precision_test: 0.548223
Recall_test: 0.524272
F1_test: 0.535980
 

Arquitectura: _2_3_3_1_
Semilla: 1788093718
Segundos: 94
NIteraciones: 100000

Costo_train: 0.248834
Precision_train: 0.528020
Recall_train: 0.534005
F1_train: 0.530996

Costo_test: 0.249769
Precision_test: 0.548223
Recall_test: 0.524272
F1_test: 0.535980
 

Arquitectura: _2_3_3_1_
Semilla: 1788093718
Segundos: 94
NIteraciones: 100000

Costo_train: 0.248849
Precision_train: 0.527228
Recall_train: 0.536524
F1_train: 0.531835

Costo_test: 0.249750
Precision_test: 0.548223
Recall_test: 0.524272
F1_test: 0.535980
 


--- Test Angosta 3.0 ---
Iteración 10000
Costo: 0.248865
Iteración 20000
Costo: 0.248860
Iteración 30000
Costo: 0.248855
Iteración 40000
Costo: 0.248849
Iteración 50000
Costo: 0.248842
Iteración 60000
Costo: 0.248831
Iteración 70000
Costo: 0.248813
Iteración 80000
Costo: 0.248784
Iteración 90000
Costo: 0.248737

Arquitectura: _2_9_1_
Semilla: 1788093812
Segundos: 52
NIteraciones: 100000

Costo_train: 0.248671
Precision_train: 0.530151
Recall_train: 0.531486
F1_train: 0.530818

Costo_test: 0.249417
Precision_test: 0.551020
Recall_test: 0.524272
F1_test: 0.537313
 

Arquitectura: _2_9_1_
Semilla: 1788093812
Segundos: 52
NIteraciones: 100000

Costo_train: 0.248604
Precision_train: 0.530928
Recall_train: 0.518892
F1_train: 0.524841

Costo_test: 0.249472
Precision_test: 0.544503
Recall_test: 0.504854
F1_test: 0.523930
 

Arquitectura: _2_9_1_
Semilla: 1788093812
Segundos: 52
NIteraciones: 100000

Costo_train: 0.248709
Precision_train: 0.527363
Recall_train: 0.534005
F1_train: 0.530663

Costo_test: 0.249973
Precision_test: 0.548223
Recall_test: 0.524272
F1_test: 0.535980
 

Arquitectura: _2_9_1_
Semilla: 1788093812
Segundos: 52
NIteraciones: 100000

Costo_train: 0.248427
Precision_train: 0.530055
Recall_train: 0.488665
F1_train: 0.508519

Costo_test: 0.248988
Precision_test: 0.545946
Recall_test: 0.490291
F1_test: 0.516624
 

Arquitectura: _2_9_1_
Semilla: 1788093812
Segundos: 52
NIteraciones: 100000

Costo_train: 0.248697
Precision_train: 0.530151
Recall_train: 0.531486
F1_train: 0.530818

Costo_test: 0.249569
Precision_test: 0.551020
Recall_test: 0.524272
F1_test: 0.537313
 

Arquitectura: _2_9_1_
Semilla: 1788093812
Segundos: 52
NIteraciones: 100000

Costo_train: 0.248460
Precision_train: 0.532213
Recall_train: 0.478589
F1_train: 0.503979

Costo_test: 0.249101
Precision_test: 0.544944
Recall_test: 0.470874
F1_test: 0.505208
 

Arquitectura: _2_9_1_
Semilla: 1788093812
Segundos: 52
NIteraciones: 100000

Costo_train: 0.248482
Precision_train: 0.529412
Recall_train: 0.521411
F1_train: 0.525381

Costo_test: 0.249343
Precision_test: 0.549223
Recall_test: 0.514563
F1_test: 0.531328
 

Arquitectura: _2_9_1_
Semilla: 1788093812
Segundos: 52
NIteraciones: 100000

Costo_train: 0.248550
Precision_train: 0.532723
Recall_train: 0.512594
F1_train: 0.522465

Costo_test: 0.249331
Precision_test: 0.544974
Recall_test: 0.500000
F1_test: 0.521519
 

Arquitectura: _2_9_1_
Semilla: 1788093812
Segundos: 52
NIteraciones: 100000

Costo_train: 0.248453
Precision_train: 0.535764
Recall_train: 0.481108
F1_train: 0.506968

Costo_test: 0.248941
Precision_test: 0.543956
Recall_test: 0.480583
F1_test: 0.510309
 

Arquitectura: _2_9_1_
Semilla: 1788093812
Segundos: 52
NIteraciones: 100000

Costo_train: 0.248642
Precision_train: 0.525721
Recall_train: 0.527708
F1_train: 0.526713

Costo_test: 0.249955
Precision_test: 0.546392
Recall_test: 0.514563
F1_test: 0.530000
 

Arquitectura: _2_9_1_
Semilla: 1788093812
Segundos: 52
NIteraciones: 100000

Costo_train: 0.248624
Precision_train: 0.529486
Recall_train: 0.531486
F1_train: 0.530484

Costo_test: 0.249469
Precision_test: 0.551020
Recall_test: 0.524272
F1_test: 0.537313
 

Arquitectura: _2_9_1_
Semilla: 1788093812
Segundos: 52
NIteraciones: 100000

Costo_train: 0.248839
Precision_train: 0.526642
Recall_train: 0.535264
F1_train: 0.530918

Costo_test: 0.249769
Precision_test: 0.548223
Recall_test: 0.524272
F1_test: 0.535980
 

Arquitectura: _2_9_1_
Semilla: 1788093812
Segundos: 52
NIteraciones: 100000

Costo_train: 0.248646
Precision_train: 0.529563
Recall_train: 0.518892
F1_train: 0.524173

Costo_test: 0.249569
Precision_test: 0.542105
Recall_test: 0.500000
F1_test: 0.520202
 

Arquitectura: _2_9_1_
Semilla: 1788093812
Segundos: 52
NIteraciones: 100000

Costo_train: 0.248488
Precision_train: 0.530423
Recall_train: 0.505038
F1_train: 0.517419

Costo_test: 0.249074
Precision_test: 0.547872
Recall_test: 0.500000
F1_test: 0.522843
 

Arquitectura: _2_9_1_
Semilla: 1788093812
Segundos: 52
NIteraciones: 100000

Costo_train: 0.248550
Precision_train: 0.530973
Recall_train: 0.528967
F1_train: 0.529969

Costo_test: 0.249370
Precision_test: 0.546392
Recall_test: 0.514563
F1_test: 0.530000
 

Arquitectura: _2_9_1_
Semilla: 1788093812
Segundos: 52
NIteraciones: 100000

Costo_train: 0.248500
Precision_train: 0.526642
Recall_train: 0.535264
F1_train: 0.530918

Costo_test: 0.249738
Precision_test: 0.548718
Recall_test: 0.519417
F1_test: 0.533666
 

Arquitectura: _2_9_1_
Semilla: 1788093812
Segundos: 52
NIteraciones: 100000

Costo_train: 0.248637
Precision_train: 0.530818
Recall_train: 0.531486
F1_train: 0.531152

Costo_test: 0.249556
Precision_test: 0.551020
Recall_test: 0.524272
F1_test: 0.537313
 

Arquitectura: _2_9_1_
Semilla: 1788093812
Segundos: 52
NIteraciones: 100000

Costo_train: 0.248280
Precision_train: 0.528662
Recall_train: 0.522670
F1_train: 0.525649

Costo_test: 0.249376
Precision_test: 0.561798
Recall_test: 0.485437
F1_test: 0.520833
 

Arquitectura: _2_9_1_
Semilla: 1788093812
Segundos: 52
NIteraciones: 100000

Costo_train: 0.248496
Precision_train: 0.532213
Recall_train: 0.478589
F1_train: 0.503979

Costo_test: 0.249229
Precision_test: 0.539326
Recall_test: 0.466019
F1_test: 0.500000
 

Arquitectura: _2_9_1_
Semilla: 1788093812
Segundos: 52
NIteraciones: 100000

Costo_train: 0.248475
Precision_train: 0.524570
Recall_train: 0.537783
F1_train: 0.531095

Costo_test: 0.249586
Precision_test: 0.552764
Recall_test: 0.533981
F1_test: 0.543210
 

Arquitectura: _2_9_1_
Semilla: 1788093812
Segundos: 52
NIteraciones: 100000

Costo_train: 0.248490
Precision_train: 0.530151
Recall_train: 0.531486
F1_train: 0.530818

Costo_test: 0.249244
Precision_test: 0.555556
Recall_test: 0.533981
F1_test: 0.544554
 

Arquitectura: _2_9_1_
Semilla: 1788093812
Segundos: 52
NIteraciones: 100000

Costo_train: 0.248345
Precision_train: 0.526961
Recall_train: 0.541562
F1_train: 0.534162

Costo_test: 0.249335
Precision_test: 0.556650
Recall_test: 0.548544
F1_test: 0.552567
 

Arquitectura: _2_9_1_
Semilla: 1788093812
Segundos: 52
NIteraciones: 100000

Costo_train: 0.248567
Precision_train: 0.528705
Recall_train: 0.498741
F1_train: 0.513286

Costo_test: 0.249376
Precision_test: 0.547872
Recall_test: 0.500000
F1_test: 0.522843
 

Arquitectura: _2_9_1_
Semilla: 1788093812
Segundos: 52
NIteraciones: 100000

Costo_train: 0.248338
Precision_train: 0.532847
Recall_train: 0.551637
F1_train: 0.542079

Costo_test: 0.248999
Precision_test: 0.555000
Recall_test: 0.538835
F1_test: 0.546798
 

Arquitectura: _2_9_1_
Semilla: 1788093812
Segundos: 52
NIteraciones: 100000

Costo_train: 0.248577
Precision_train: 0.531169
Recall_train: 0.515113
F1_train: 0.523018

Costo_test: 0.249248
Precision_test: 0.544503
Recall_test: 0.504854
F1_test: 0.523930
 

Arquitectura: _2_9_1_
Semilla: 1788093812
Segundos: 52
NIteraciones: 100000

Costo_train: 0.248343
Precision_train: 0.535404
Recall_train: 0.542821
F1_train: 0.539087

Costo_test: 0.248836
Precision_test: 0.553299
Recall_test: 0.529126
F1_test: 0.540943
 

Arquitectura: _2_9_1_
Semilla: 1788093812
Segundos: 52
NIteraciones: 100000

Costo_train: 0.248322
Precision_train: 0.531630
Recall_train: 0.550378
F1_train: 0.540842

Costo_test: 0.249085
Precision_test: 0.562814
Recall_test: 0.543689
F1_test: 0.553086
 

Arquitectura: _2_9_1_
Semilla: 1788093812
Segundos: 52
NIteraciones: 100000

Costo_train: 0.248282
Precision_train: 0.526992
Recall_train: 0.516373
F1_train: 0.521628

Costo_test: 0.249734
Precision_test: 0.560000
Recall_test: 0.475728
F1_test: 0.514436
 

Arquitectura: _2_9_1_
Semilla: 1788093812
Segundos: 52
NIteraciones: 100000

Costo_train: 0.248485
Precision_train: 0.529193
Recall_train: 0.536524
F1_train: 0.532833

Costo_test: 0.249210
Precision_test: 0.548718
Recall_test: 0.519417
F1_test: 0.533666
 

Arquitectura: _2_9_1_
Semilla: 1788093812
Segundos: 52
NIteraciones: 100000

Costo_train: 0.248548
Precision_train: 0.532450
Recall_train: 0.506297
F1_train: 0.519045

Costo_test: 0.249371
Precision_test: 0.540107
Recall_test: 0.490291
F1_test: 0.513995
 

Arquitectura: _2_9_1_
Semilla: 1788093812
Segundos: 52
NIteraciones: 100000

Costo_train: 0.248316
Precision_train: 0.529644
Recall_train: 0.506297
F1_train: 0.517708

Costo_test: 0.249521
Precision_test: 0.567251
Recall_test: 0.470874
F1_test: 0.514589
 

Arquitectura: _2_9_1_
Semilla: 1788093812
Segundos: 52
NIteraciones: 100000

Costo_train: 0.248358
Precision_train: 0.531860
Recall_train: 0.515113
F1_train: 0.523353

Costo_test: 0.249009
Precision_test: 0.541667
Recall_test: 0.504854
F1_test: 0.522613
 

Arquitectura: _2_9_1_
Semilla: 1788093812
Segundos: 52
NIteraciones: 100000

Costo_train: 0.248662
Precision_train: 0.528090
Recall_train: 0.532746
F1_train: 0.530408

Costo_test: 0.249734
Precision_test: 0.548223
Recall_test: 0.524272
F1_test: 0.535980
 

Arquitectura: _2_9_1_
Semilla: 1788093812
Segundos: 52
NIteraciones: 100000

Costo_train: 0.248565
Precision_train: 0.525862
Recall_train: 0.537783
F1_train: 0.531756

Costo_test: 0.249993
Precision_test: 0.550505
Recall_test: 0.529126
F1_test: 0.539604
 

Arquitectura: _2_9_1_
Semilla: 1788093812
Segundos: 52
NIteraciones: 100000

Costo_train: 0.248705
Precision_train: 0.526510
Recall_train: 0.537783
F1_train: 0.532087

Costo_test: 0.249808
Precision_test: 0.550505
Recall_test: 0.529126
F1_test: 0.539604
 

Arquitectura: _2_9_1_
Semilla: 1788093812
Segundos: 52
NIteraciones: 100000

Costo_train: 0.248462
Precision_train: 0.531290
Recall_train: 0.523929
F1_train: 0.527584

Costo_test: 0.249180
Precision_test: 0.549223
Recall_test: 0.514563
F1_test: 0.531328
 

Arquitectura: _2_9_1_
Semilla: 1788093812
Segundos: 52
NIteraciones: 100000

Costo_train: 0.248664
Precision_train: 0.527812
Recall_train: 0.537783
F1_train: 0.532751

Costo_test: 0.249679
Precision_test: 0.548223
Recall_test: 0.524272
F1_test: 0.535980
 

Arquitectura: _2_9_1_
Semilla: 1788093812
Segundos: 52
NIteraciones: 100000

Costo_train: 0.248514
Precision_train: 0.529114
Recall_train: 0.526448
F1_train: 0.527778

Costo_test: 0.249195
Precision_test: 0.551020
Recall_test: 0.524272
F1_test: 0.537313
 

Arquitectura: _2_9_1_
Semilla: 1788093812
Segundos: 52
NIteraciones: 100000

Costo_train: 0.248409
Precision_train: 0.527665
Recall_train: 0.492443
F1_train: 0.509446

Costo_test: 0.248990
Precision_test: 0.555556
Recall_test: 0.509709
F1_test: 0.531646
 

Arquitectura: _2_9_1_
Semilla: 1788093812
Segundos: 52
NIteraciones: 100000

Costo_train: 0.248256
Precision_train: 0.532941
Recall_train: 0.570529
F1_train: 0.551095

Costo_test: 0.248920
Precision_test: 0.550725
Recall_test: 0.553398
F1_test: 0.552058
 

Arquitectura: _2_9_1_
Semilla: 1788093812
Segundos: 52
NIteraciones: 100000

Costo_train: 0.248247
Precision_train: 0.526764
Recall_train: 0.545340
F1_train: 0.535891

Costo_test: 0.249258
Precision_test: 0.559586
Recall_test: 0.524272
F1_test: 0.541353
 

Arquitectura: _2_9_1_
Semilla: 1788093812
Segundos: 52
NIteraciones: 100000

Costo_train: 0.248588
Precision_train: 0.531860
Recall_train: 0.515113
F1_train: 0.523353

Costo_test: 0.249509
Precision_test: 0.544503
Recall_test: 0.504854
F1_test: 0.523930
 

Arquitectura: _2_9_1_
Semilla: 1788093812
Segundos: 52
NIteraciones: 100000

Costo_train: 0.248684
Precision_train: 0.528678
Recall_train: 0.534005
F1_train: 0.531328

Costo_test: 0.249599
Precision_test: 0.548223
Recall_test: 0.524272
F1_test: 0.535980
 

Arquitectura: _2_9_1_
Semilla: 1788093812
Segundos: 52
NIteraciones: 100000

Costo_train: 0.248633
Precision_train: 0.532432
Recall_train: 0.496222
F1_train: 0.513690

Costo_test: 0.249673
Precision_test: 0.543956
Recall_test: 0.480583
F1_test: 0.510309
 

Arquitectura: _2_9_1_
Semilla: 1788093812
Segundos: 52
NIteraciones: 100000

Costo_train: 0.248544
Precision_train: 0.533333
Recall_train: 0.523929
F1_train: 0.528590

Costo_test: 0.249372
Precision_test: 0.546875
Recall_test: 0.509709
F1_test: 0.527638
 

Arquitectura: _2_9_1_
Semilla: 1788093812
Segundos: 52
NIteraciones: 100000

Costo_train: 0.248246
Precision_train: 0.530393
Recall_train: 0.560453
F1_train: 0.545009

Costo_test: 0.249032
Precision_test: 0.549020
Recall_test: 0.543689
F1_test: 0.546341
 

Arquitectura: _2_9_1_
Semilla: 1788093812
Segundos: 52
NIteraciones: 100000

Costo_train: 0.248517
Precision_train: 0.529412
Recall_train: 0.487406
F1_train: 0.507541

Costo_test: 0.249147
Precision_test: 0.538462
Recall_test: 0.475728
F1_test: 0.505155
 

Arquitectura: _2_9_1_
Semilla: 1788093812
Segundos: 52
NIteraciones: 100000

Costo_train: 0.248559
Precision_train: 0.532216
Recall_train: 0.520151
F1_train: 0.526115

Costo_test: 0.249340
Precision_test: 0.549738
Recall_test: 0.509709
F1_test: 0.528967
 

Arquitectura: _2_9_1_
Semilla: 1788093812
Segundos: 52
NIteraciones: 100000

Costo_train: 0.248685
Precision_train: 0.529860
Recall_train: 0.525189
F1_train: 0.527514

Costo_test: 0.249594
Precision_test: 0.546392
Recall_test: 0.514563
F1_test: 0.530000
 

Arquitectura: _2_9_1_
Semilla: 1788093812
Segundos: 52
NIteraciones: 100000

Costo_train: 0.248395
Precision_train: 0.527881
Recall_train: 0.536524
F1_train: 0.532167

Costo_test: 0.249316
Precision_test: 0.548223
Recall_test: 0.524272
F1_test: 0.535980
 

Arquitectura: _2_9_1_
Semilla: 1788093812
Segundos: 52
NIteraciones: 100000

Costo_train: 0.248228
Precision_train: 0.530321
Recall_train: 0.561713
F1_train: 0.545566

Costo_test: 0.249082
Precision_test: 0.556098
Recall_test: 0.553398
F1_test: 0.554745
 

Arquitectura: _2_9_1_
Semilla: 1788093812
Segundos: 52
NIteraciones: 100000

Costo_train: 0.248367
Precision_train: 0.536939
Recall_train: 0.512594
F1_train: 0.524485

Costo_test: 0.248996
Precision_test: 0.547872
Recall_test: 0.500000
F1_test: 0.522843
 

Arquitectura: _2_9_1_
Semilla: 1788093812
Segundos: 52
NIteraciones: 100000

Costo_train: 0.248808
Precision_train: 0.527228
Recall_train: 0.536524
F1_train: 0.531835

Costo_test: 0.249722
Precision_test: 0.548223
Recall_test: 0.524272
F1_test: 0.535980
 

Arquitectura: _2_9_1_
Semilla: 1788093812
Segundos: 52
NIteraciones: 100000

Costo_train: 0.248413
Precision_train: 0.532819
Recall_train: 0.521411
F1_train: 0.527053

Costo_test: 0.249164
Precision_test: 0.551546
Recall_test: 0.519417
F1_test: 0.535000
 

Arquitectura: _2_9_1_
Semilla: 1788093812
Segundos: 52
NIteraciones: 100000

Costo_train: 0.248483
Precision_train: 0.531370
Recall_train: 0.522670
F1_train: 0.526984

Costo_test: 0.249244
Precision_test: 0.546875
Recall_test: 0.509709
F1_test: 0.527638
 

Arquitectura: _2_9_1_
Semilla: 1788093812
Segundos: 52
NIteraciones: 100000

Costo_train: 0.248711
Precision_train: 0.527500
Recall_train: 0.531486
F1_train: 0.529486

Costo_test: 0.249682
Precision_test: 0.550505
Recall_test: 0.529126
F1_test: 0.539604
 

Arquitectura: _2_9_1_
Semilla: 1788093812
Segundos: 52
NIteraciones: 100000

Costo_train: 0.248425
Precision_train: 0.531008
Recall_train: 0.517632
F1_train: 0.524235

Costo_test: 0.248996
Precision_test: 0.551020
Recall_test: 0.524272
F1_test: 0.537313
 

Arquitectura: _2_9_1_
Semilla: 1788093812
Segundos: 52
NIteraciones: 100000

Costo_train: 0.248387
Precision_train: 0.527815
Recall_train: 0.489924
F1_train: 0.508165

Costo_test: 0.249489
Precision_test: 0.560694
Recall_test: 0.470874
F1_test: 0.511873
 

Arquitectura: _2_9_1_
Semilla: 1788093812
Segundos: 52
NIteraciones: 100000

Costo_train: 0.248522
Precision_train: 0.530780
Recall_train: 0.488665
F1_train: 0.508852

Costo_test: 0.249220
Precision_test: 0.545946
Recall_test: 0.490291
F1_test: 0.516624
 

Arquitectura: _2_9_1_
Semilla: 1788093812
Segundos: 52
NIteraciones: 100000

Costo_train: 0.248298
Precision_train: 0.529639
Recall_train: 0.517632
F1_train: 0.523567

Costo_test: 0.249433
Precision_test: 0.563536
Recall_test: 0.495146
F1_test: 0.527132
 

Arquitectura: _2_9_1_
Semilla: 1788093812
Segundos: 52
NIteraciones: 100000

Costo_train: 0.248410
Precision_train: 0.529412
Recall_train: 0.532746
F1_train: 0.531074

Costo_test: 0.249129
Precision_test: 0.557214
Recall_test: 0.543689
F1_test: 0.550368
 

Arquitectura: _2_9_1_
Semilla: 1788093812
Segundos: 52
NIteraciones: 100000

Costo_train: 0.248362
Precision_train: 0.533666
Recall_train: 0.539043
F1_train: 0.536341

Costo_test: 0.249006
Precision_test: 0.550505
Recall_test: 0.529126
F1_test: 0.539604
 

Arquitectura: _2_9_1_
Semilla: 1788093812
Segundos: 52
NIteraciones: 100000

Costo_train: 0.248433
Precision_train: 0.528150
Recall_train: 0.496222
F1_train: 0.511688

Costo_test: 0.249126
Precision_test: 0.537234
Recall_test: 0.490291
F1_test: 0.512690
 

Arquitectura: _2_9_1_
Semilla: 1788093812
Segundos: 52
NIteraciones: 100000

Costo_train: 0.248370
Precision_train: 0.536193
Recall_train: 0.503778
F1_train: 0.519481

Costo_test: 0.248980
Precision_test: 0.551351
Recall_test: 0.495146
F1_test: 0.521739
 

Arquitectura: _2_9_1_
Semilla: 1788093812
Segundos: 52
NIteraciones: 100000

Costo_train: 0.248445
Precision_train: 0.531120
Recall_train: 0.483627
F1_train: 0.506262

Costo_test: 0.249121
Precision_test: 0.535912
Recall_test: 0.470874
F1_test: 0.501292
 

Arquitectura: _2_9_1_
Semilla: 1788093812
Segundos: 52
NIteraciones: 100000

Costo_train: 0.248595
Precision_train: 0.532110
Recall_train: 0.511335
F1_train: 0.521516

Costo_test: 0.249512
Precision_test: 0.544974
Recall_test: 0.500000
F1_test: 0.521519
 

Arquitectura: _2_9_1_
Semilla: 1788093812
Segundos: 52
NIteraciones: 100000

Costo_train: 0.248321
Precision_train: 0.534940
Recall_train: 0.559194
F1_train: 0.546798

Costo_test: 0.248992
Precision_test: 0.557214
Recall_test: 0.543689
F1_test: 0.550368
 

Arquitectura: _2_9_1_
Semilla: 1788093812
Segundos: 52
NIteraciones: 100000

Costo_train: 0.248642
Precision_train: 0.531532
Recall_train: 0.520151
F1_train: 0.525780

Costo_test: 0.249585
Precision_test: 0.542105
Recall_test: 0.500000
F1_test: 0.520202
 

Arquitectura: _2_9_1_
Semilla: 1788093812
Segundos: 52
NIteraciones: 100000

Costo_train: 0.248349
Precision_train: 0.524457
Recall_train: 0.486146
F1_train: 0.504575

Costo_test: 0.249744
Precision_test: 0.565476
Recall_test: 0.461165
F1_test: 0.508021
 

Arquitectura: _2_9_1_
Semilla: 1788093812
Segundos: 52
NIteraciones: 100000

Costo_train: 0.248473
Precision_train: 0.533333
Recall_train: 0.473552
F1_train: 0.501668

Costo_test: 0.249090
Precision_test: 0.542373
Recall_test: 0.466019
F1_test: 0.501305
 

Arquitectura: _2_9_1_
Semilla: 1788093812
Segundos: 52
NIteraciones: 100000

Costo_train: 0.248533
Precision_train: 0.530895
Recall_train: 0.530227
F1_train: 0.530561

Costo_test: 0.249351
Precision_test: 0.548718
Recall_test: 0.519417
F1_test: 0.533666
 

Arquitectura: _2_9_1_
Semilla: 1788093812
Segundos: 52
NIteraciones: 100000

Costo_train: 0.248387
Precision_train: 0.530245
Recall_train: 0.518892
F1_train: 0.524507

Costo_test: 0.249021
Precision_test: 0.551546
Recall_test: 0.519417
F1_test: 0.535000
 

Arquitectura: _2_9_1_
Semilla: 1788093812
Segundos: 52
NIteraciones: 100000

Costo_train: 0.248688
Precision_train: 0.527812
Recall_train: 0.537783
F1_train: 0.532751

Costo_test: 0.249591
Precision_test: 0.548223
Recall_test: 0.524272
F1_test: 0.535980
 

Arquitectura: _2_9_1_
Semilla: 1788093812
Segundos: 52
NIteraciones: 100000

Costo_train: 0.248466
Precision_train: 0.534985
Recall_train: 0.462217
F1_train: 0.495946

Costo_test: 0.249102
Precision_test: 0.551515
Recall_test: 0.441748
F1_test: 0.490566
 

Arquitectura: _2_9_1_
Semilla: 1788093812
Segundos: 52
NIteraciones: 100000

Costo_train: 0.248340
Precision_train: 0.534527
Recall_train: 0.526448
F1_train: 0.530457

Costo_test: 0.248981
Precision_test: 0.546392
Recall_test: 0.514563
F1_test: 0.530000
 

Arquitectura: _2_9_1_
Semilla: 1788093812
Segundos: 52
NIteraciones: 100000

Costo_train: 0.248448
Precision_train: 0.528967
Recall_train: 0.528967
F1_train: 0.528967

Costo_test: 0.249181
Precision_test: 0.546392
Recall_test: 0.514563
F1_test: 0.530000
 

Arquitectura: _2_9_1_
Semilla: 1788093812
Segundos: 52
NIteraciones: 100000

Costo_train: 0.248486
Precision_train: 0.527344
Recall_train: 0.510076
F1_train: 0.518566

Costo_test: 0.250050
Precision_test: 0.548913
Recall_test: 0.490291
F1_test: 0.517949
 

Arquitectura: _2_9_1_
Semilla: 1788093812
Segundos: 52
NIteraciones: 100000

Costo_train: 0.248344
Precision_train: 0.536716
Recall_train: 0.506297
F1_train: 0.521063

Costo_test: 0.249020
Precision_test: 0.546448
Recall_test: 0.485437
F1_test: 0.514139
 

Arquitectura: _2_9_1_
Semilla: 1788093812
Segundos: 52
NIteraciones: 100000

Costo_train: 0.248431
Precision_train: 0.531250
Recall_train: 0.513854
F1_train: 0.522407

Costo_test: 0.249168
Precision_test: 0.546875
Recall_test: 0.509709
F1_test: 0.527638
 

Arquitectura: _2_9_1_
Semilla: 1788093812
Segundos: 52
NIteraciones: 100000

Costo_train: 0.248852
Precision_train: 0.528607
Recall_train: 0.535264
F1_train: 0.531915

Costo_test: 0.249702
Precision_test: 0.548223
Recall_test: 0.524272
F1_test: 0.535980
 

Arquitectura: _2_9_1_
Semilla: 1788093812
Segundos: 52
NIteraciones: 100000

Costo_train: 0.248505
Precision_train: 0.532172
Recall_train: 0.500000
F1_train: 0.515584

Costo_test: 0.249286
Precision_test: 0.548387
Recall_test: 0.495146
F1_test: 0.520408
 

Arquitectura: _2_9_1_
Semilla: 1788093812
Segundos: 52
NIteraciones: 100000

Costo_train: 0.248468
Precision_train: 0.533803
Recall_train: 0.477330
F1_train: 0.503989

Costo_test: 0.249126
Precision_test: 0.539326
Recall_test: 0.466019
F1_test: 0.500000
 

Arquitectura: _2_9_1_
Semilla: 1788093812
Segundos: 52
NIteraciones: 100000

Costo_train: 0.248383
Precision_train: 0.526387
Recall_train: 0.489924
F1_train: 0.507502

Costo_test: 0.249864
Precision_test: 0.561404
Recall_test: 0.466019
F1_test: 0.509284
 

Arquitectura: _2_9_1_
Semilla: 1788093812
Segundos: 52
NIteraciones: 100000

Costo_train: 0.248333
Precision_train: 0.527112
Recall_train: 0.526448
F1_train: 0.526780

Costo_test: 0.249122
Precision_test: 0.560606
Recall_test: 0.538835
F1_test: 0.549505
 

Arquitectura: _2_9_1_
Semilla: 1788093812
Segundos: 52
NIteraciones: 100000

Costo_train: 0.248802
Precision_train: 0.528090
Recall_train: 0.532746
F1_train: 0.530408

Costo_test: 0.249731
Precision_test: 0.548718
Recall_test: 0.519417
F1_test: 0.533666
 

Arquitectura: _2_9_1_
Semilla: 1788093812
Segundos: 52
NIteraciones: 100000

Costo_train: 0.248648
Precision_train: 0.528967
Recall_train: 0.528967
F1_train: 0.528967

Costo_test: 0.249545
Precision_test: 0.551020
Recall_test: 0.524272
F1_test: 0.537313
 

Arquitectura: _2_9_1_
Semilla: 1788093812
Segundos: 52
NIteraciones: 100000

Costo_train: 0.248502
Precision_train: 0.529489
Recall_train: 0.508816
F1_train: 0.518947

Costo_test: 0.249189
Precision_test: 0.544974
Recall_test: 0.500000
F1_test: 0.521519
 

Arquitectura: _2_9_1_
Semilla: 1788093812
Segundos: 52
NIteraciones: 100000

Costo_train: 0.248475
Precision_train: 0.536232
Recall_train: 0.465995
F1_train: 0.498652

Costo_test: 0.249115
Precision_test: 0.548781
Recall_test: 0.436893
F1_test: 0.486486
 

Arquitectura: _2_9_1_
Semilla: 1788093812
Segundos: 52
NIteraciones: 100000

Costo_train: 0.248795
Precision_train: 0.527950
Recall_train: 0.535264
F1_train: 0.531582

Costo_test: 0.249701
Precision_test: 0.548223
Recall_test: 0.524272
F1_test: 0.535980
 

Arquitectura: _2_9_1_
Semilla: 1788093812
Segundos: 52
NIteraciones: 100000

Costo_train: 0.248567
Precision_train: 0.533784
Recall_train: 0.497481
F1_train: 0.514993

Costo_test: 0.249402
Precision_test: 0.540984
Recall_test: 0.480583
F1_test: 0.508997
 

Arquitectura: _2_9_1_
Semilla: 1788093812
Segundos: 52
NIteraciones: 100000

Costo_train: 0.248820
Precision_train: 0.527228
Recall_train: 0.536524
F1_train: 0.531835

Costo_test: 0.249755
Precision_test: 0.548223
Recall_test: 0.524272
F1_test: 0.535980
 

Arquitectura: _2_9_1_
Semilla: 1788093812
Segundos: 52
NIteraciones: 100000

Costo_train: 0.248539
Precision_train: 0.529178
Recall_train: 0.502519
F1_train: 0.515504

Costo_test: 0.249287
Precision_test: 0.547368
Recall_test: 0.504854
F1_test: 0.525253
 

Arquitectura: _2_9_1_
Semilla: 1788093812
Segundos: 52
NIteraciones: 100000

Costo_train: 0.248468
Precision_train: 0.529167
Recall_train: 0.479849
F1_train: 0.503302

Costo_test: 0.249020
Precision_test: 0.546961
Recall_test: 0.480583
F1_test: 0.511628
 

Arquitectura: _2_9_1_
Semilla: 1788093812
Segundos: 52
NIteraciones: 100000

Costo_train: 0.248331
Precision_train: 0.531756
Recall_train: 0.537783
F1_train: 0.534753

Costo_test: 0.248842
Precision_test: 0.552764
Recall_test: 0.533981
F1_test: 0.543210
 

Arquitectura: _2_9_1_
Semilla: 1788093812
Segundos: 52
NIteraciones: 100000

Costo_train: 0.248296
Precision_train: 0.533578
Recall_train: 0.550378
F1_train: 0.541848

Costo_test: 0.248819
Precision_test: 0.541872
Recall_test: 0.533981
F1_test: 0.537897
 

Arquitectura: _2_9_1_
Semilla: 1788093812
Segundos: 52
NIteraciones: 100000

Costo_train: 0.248387
Precision_train: 0.527094
Recall_train: 0.539043
F1_train: 0.533001

Costo_test: 0.249145
Precision_test: 0.557214
Recall_test: 0.543689
F1_test: 0.550368
 

Arquitectura: _2_9_1_
Semilla: 1788093812
Segundos: 52
NIteraciones: 100000

Costo_train: 0.248364
Precision_train: 0.530061
Recall_train: 0.544081
F1_train: 0.536979

Costo_test: 0.248847
Precision_test: 0.552764
Recall_test: 0.533981
F1_test: 0.543210
 

Arquitectura: _2_9_1_
Semilla: 1788093812
Segundos: 52
NIteraciones: 100000

Costo_train: 0.248458
Precision_train: 0.526718
Recall_train: 0.521411
F1_train: 0.524051

Costo_test: 0.249741
Precision_test: 0.560847
Recall_test: 0.514563
F1_test: 0.536709
 

Arquitectura: _2_9_1_
Semilla: 1788093812
Segundos: 52
NIteraciones: 100000

Costo_train: 0.248710
Precision_train: 0.530013
Recall_train: 0.522670
F1_train: 0.526316

Costo_test: 0.249808
Precision_test: 0.538860
Recall_test: 0.504854
F1_test: 0.521303
 

Arquitectura: _2_9_1_
Semilla: 1788093812
Segundos: 52
NIteraciones: 100000

Costo_train: 0.248443
Precision_train: 0.531768
Recall_train: 0.484887
F1_train: 0.507246

Costo_test: 0.249002
Precision_test: 0.543478
Recall_test: 0.485437
F1_test: 0.512821
 


--- Test Profunda 3.0 ---
Iteración 10000
Costo: 0.249497
Iteración 20000
Costo: 0.249216
Iteración 30000
Costo: 0.249004
Iteración 40000
Costo: 0.248928
Iteración 50000
Costo: 0.248913
Iteración 60000
Costo: 0.248908
Iteración 70000
Costo: 0.248905
Iteración 80000
Costo: 0.248902
Iteración 90000
Costo: 0.248900

Arquitectura: _2_3_3_3_1_
Semilla: 1788093864
Segundos: 139
NIteraciones: 100000

Costo_train: 0.248898
Precision_train: 0.527812
Recall_train: 0.537783
F1_train: 0.532751

Costo_test: 0.249522
Precision_test: 0.548223
Recall_test: 0.524272
F1_test: 0.535980
 

Arquitectura: _2_3_3_3_1_
Semilla: 1788093864
Segundos: 139
NIteraciones: 100000

Costo_train: 0.248882
Precision_train: 0.528020
Recall_train: 0.534005
F1_train: 0.530996

Costo_test: 0.249516
Precision_test: 0.551020
Recall_test: 0.524272
F1_test: 0.537313
 

Arquitectura: _2_3_3_3_1_
Semilla: 1788093864
Segundos: 139
NIteraciones: 100000

Costo_train: 0.249873
Precision_train: -nan(ind)
Recall_train: 0.000000
F1_train: -nan(ind)

Costo_test: 0.250023
Precision_test: -nan(ind)
Recall_test: 0.000000
F1_test: -nan(ind)
 

Arquitectura: _2_3_3_3_1_
Semilla: 1788093864
Segundos: 139
NIteraciones: 100000

Costo_train: 0.248894
Precision_train: 0.527812
Recall_train: 0.537783
F1_train: 0.532751

Costo_test: 0.249502
Precision_test: 0.548223
Recall_test: 0.524272
F1_test: 0.535980
 

Arquitectura: _2_3_3_3_1_
Semilla: 1788093864
Segundos: 139
NIteraciones: 100000

Costo_train: 0.248904
Precision_train: 0.528607
Recall_train: 0.535264
F1_train: 0.531915

Costo_test: 0.249521
Precision_test: 0.548223
Recall_test: 0.524272
F1_test: 0.535980
 

Arquitectura: _2_3_3_3_1_
Semilla: 1788093864
Segundos: 139
NIteraciones: 100000

Costo_train: 0.248962
Precision_train: 0.527094
Recall_train: 0.539043
F1_train: 0.533001

Costo_test: 0.249727
Precision_test: 0.550505
Recall_test: 0.529126
F1_test: 0.539604
 

Arquitectura: _2_3_3_3_1_
Semilla: 1788093864
Segundos: 139
NIteraciones: 100000

Costo_train: 0.248913
Precision_train: 0.527950
Recall_train: 0.535264
F1_train: 0.531582

Costo_test: 0.249419
Precision_test: 0.548223
Recall_test: 0.524272
F1_test: 0.535980
 

Arquitectura: _2_3_3_3_1_
Semilla: 1788093864
Segundos: 139
NIteraciones: 100000

Costo_train: 0.248900
Precision_train: 0.527778
Recall_train: 0.526448
F1_train: 0.527112

Costo_test: 0.249399
Precision_test: 0.548718
Recall_test: 0.519417
F1_test: 0.533666
 

Arquitectura: _2_3_3_3_1_
Semilla: 1788093864
Segundos: 139
NIteraciones: 100000

Costo_train: 0.248906
Precision_train: 0.527812
Recall_train: 0.537783
F1_train: 0.532751

Costo_test: 0.249510
Precision_test: 0.548223
Recall_test: 0.524272
F1_test: 0.535980
 

Arquitectura: _2_3_3_3_1_
Semilla: 1788093864
Segundos: 139
NIteraciones: 100000

Costo_train: 0.248907
Precision_train: 0.527812
Recall_train: 0.537783
F1_train: 0.532751

Costo_test: 0.249558
Precision_test: 0.550505
Recall_test: 0.529126
F1_test: 0.539604
 

Arquitectura: _2_3_3_3_1_
Semilla: 1788093864
Segundos: 139
NIteraciones: 100000

Costo_train: 0.248900
Precision_train: 0.526786
Recall_train: 0.520151
F1_train: 0.523447

Costo_test: 0.249434
Precision_test: 0.546392
Recall_test: 0.514563
F1_test: 0.530000
 

Arquitectura: _2_3_3_3_1_
Semilla: 1788093864
Segundos: 139
NIteraciones: 100000

Costo_train: 0.248908
Precision_train: 0.527295
Recall_train: 0.535264
F1_train: 0.531250

Costo_test: 0.249463
Precision_test: 0.548223
Recall_test: 0.524272
F1_test: 0.535980
 

Arquitectura: _2_3_3_3_1_
Semilla: 1788093864
Segundos: 139
NIteraciones: 100000

Costo_train: 0.249175
Precision_train: 0.528750
Recall_train: 0.532746
F1_train: 0.530740

Costo_test: 0.249478
Precision_test: 0.551020
Recall_test: 0.524272
F1_test: 0.537313
 

Arquitectura: _2_3_3_3_1_
Semilla: 1788093864
Segundos: 139
NIteraciones: 100000

Costo_train: 0.248907
Precision_train: 0.527812
Recall_train: 0.537783
F1_train: 0.532751

Costo_test: 0.249471
Precision_test: 0.548223
Recall_test: 0.524272
F1_test: 0.535980
 

Arquitectura: _2_3_3_3_1_
Semilla: 1788093864
Segundos: 139
NIteraciones: 100000

Costo_train: 0.248915
Precision_train: 0.528020
Recall_train: 0.534005
F1_train: 0.530996

Costo_test: 0.249320
Precision_test: 0.548223
Recall_test: 0.524272
F1_test: 0.535980
 

Arquitectura: _2_3_3_3_1_
Semilla: 1788093864
Segundos: 139
NIteraciones: 100000

Costo_train: 0.248910
Precision_train: 0.528750
Recall_train: 0.532746
F1_train: 0.530740

Costo_test: 0.249372
Precision_test: 0.551020
Recall_test: 0.524272
F1_test: 0.537313
 

Arquitectura: _2_3_3_3_1_
Semilla: 1788093864
Segundos: 139
NIteraciones: 100000

Costo_train: 0.248907
Precision_train: 0.528607
Recall_train: 0.535264
F1_train: 0.531915

Costo_test: 0.249493
Precision_test: 0.548223
Recall_test: 0.524272
F1_test: 0.535980
 

Arquitectura: _2_3_3_3_1_
Semilla: 1788093864
Segundos: 139
NIteraciones: 100000

Costo_train: 0.248890
Precision_train: 0.528607
Recall_train: 0.535264
F1_train: 0.531915

Costo_test: 0.249486
Precision_test: 0.548223
Recall_test: 0.524272
F1_test: 0.535980
 

Arquitectura: _2_3_3_3_1_
Semilla: 1788093864
Segundos: 139
NIteraciones: 100000

Costo_train: 0.248896
Precision_train: 0.528020
Recall_train: 0.534005
F1_train: 0.530996

Costo_test: 0.249484
Precision_test: 0.551020
Recall_test: 0.524272
F1_test: 0.537313
 

Arquitectura: _2_3_3_3_1_
Semilla: 1788093864
Segundos: 139
NIteraciones: 100000

Costo_train: 0.248901
Precision_train: 0.526048
Recall_train: 0.521411
F1_train: 0.523719

Costo_test: 0.249435
Precision_test: 0.546392
Recall_test: 0.514563
F1_test: 0.530000
 

Arquitectura: _2_3_3_3_1_
Semilla: 1788093864
Segundos: 139
NIteraciones: 100000

Costo_train: 0.248895
Precision_train: 0.529338
Recall_train: 0.534005
F1_train: 0.531662

Costo_test: 0.249555
Precision_test: 0.551020
Recall_test: 0.524272
F1_test: 0.537313
 

Arquitectura: _2_3_3_3_1_
Semilla: 1788093864
Segundos: 139
NIteraciones: 100000

Costo_train: 0.248942
Precision_train: 0.527094
Recall_train: 0.539043
F1_train: 0.533001

Costo_test: 0.249651
Precision_test: 0.550505
Recall_test: 0.529126
F1_test: 0.539604
 

Arquitectura: _2_3_3_3_1_
Semilla: 1788093864
Segundos: 139
NIteraciones: 100000

Costo_train: 0.249156
Precision_train: 0.534694
Recall_train: 0.494962
F1_train: 0.514061

Costo_test: 0.249184
Precision_test: 0.530055
Recall_test: 0.470874
F1_test: 0.498715
 

Arquitectura: _2_3_3_3_1_
Semilla: 1788093864
Segundos: 139
NIteraciones: 100000

Costo_train: 0.248921
Precision_train: 0.527812
Recall_train: 0.537783
F1_train: 0.532751

Costo_test: 0.249421
Precision_test: 0.548223
Recall_test: 0.524272
F1_test: 0.535980
 

Arquitectura: _2_3_3_3_1_
Semilla: 1788093864
Segundos: 139
NIteraciones: 100000

Costo_train: 0.248947
Precision_train: 0.527094
Recall_train: 0.539043
F1_train: 0.533001

Costo_test: 0.249577
Precision_test: 0.550505
Recall_test: 0.529126
F1_test: 0.539604
 

Arquitectura: _2_3_3_3_1_
Semilla: 1788093864
Segundos: 139
NIteraciones: 100000

Costo_train: 0.248897
Precision_train: 0.526642
Recall_train: 0.535264
F1_train: 0.530918

Costo_test: 0.249456
Precision_test: 0.548223
Recall_test: 0.524272
F1_test: 0.535980
 

Arquitectura: _2_3_3_3_1_
Semilla: 1788093864
Segundos: 139
NIteraciones: 100000

Costo_train: 0.248925
Precision_train: 0.527160
Recall_train: 0.537783
F1_train: 0.532419

Costo_test: 0.249414
Precision_test: 0.548223
Recall_test: 0.524272
F1_test: 0.535980
 

Arquitectura: _2_3_3_3_1_
Semilla: 1788093864
Segundos: 139
NIteraciones: 100000

Costo_train: 0.248920
Precision_train: 0.527950
Recall_train: 0.535264
F1_train: 0.531582

Costo_test: 0.249332
Precision_test: 0.548223
Recall_test: 0.524272
F1_test: 0.535980
 

Arquitectura: _2_3_3_3_1_
Semilla: 1788093864
Segundos: 139
NIteraciones: 100000

Costo_train: 0.248982
Precision_train: 0.528465
Recall_train: 0.537783
F1_train: 0.533084

Costo_test: 0.249510
Precision_test: 0.548223
Recall_test: 0.524272
F1_test: 0.535980
 

Arquitectura: _2_3_3_3_1_
Semilla: 1788093864
Segundos: 139
NIteraciones: 100000

Costo_train: 0.249236
Precision_train: 0.524876
Recall_train: 0.531486
F1_train: 0.528160

Costo_test: 0.249808
Precision_test: 0.548223
Recall_test: 0.524272
F1_test: 0.535980
 

Arquitectura: _2_3_3_3_1_
Semilla: 1788093864
Segundos: 139
NIteraciones: 100000

Costo_train: 0.248909
Precision_train: 0.528302
Recall_train: 0.528967
F1_train: 0.528634

Costo_test: 0.249456
Precision_test: 0.551020
Recall_test: 0.524272
F1_test: 0.537313
 

Arquitectura: _2_3_3_3_1_
Semilla: 1788093864
Segundos: 139
NIteraciones: 100000

Costo_train: 0.248961
Precision_train: 0.528020
Recall_train: 0.534005
F1_train: 0.530996

Costo_test: 0.249494
Precision_test: 0.548223
Recall_test: 0.524272
F1_test: 0.535980
 

Arquitectura: _2_3_3_3_1_
Semilla: 1788093864
Segundos: 139
NIteraciones: 100000

Costo_train: 0.248897
Precision_train: 0.528020
Recall_train: 0.534005
F1_train: 0.530996

Costo_test: 0.249431
Precision_test: 0.551020
Recall_test: 0.524272
F1_test: 0.537313
 

Arquitectura: _2_3_3_3_1_
Semilla: 1788093864
Segundos: 139
NIteraciones: 100000

Costo_train: 0.248899
Precision_train: 0.529338
Recall_train: 0.534005
F1_train: 0.531662

Costo_test: 0.249418
Precision_test: 0.551020
Recall_test: 0.524272
F1_test: 0.537313
 

Arquitectura: _2_3_3_3_1_
Semilla: 1788093864
Segundos: 139
NIteraciones: 100000

Costo_train: 0.248896
Precision_train: 0.528607
Recall_train: 0.535264
F1_train: 0.531915

Costo_test: 0.249516
Precision_test: 0.548223
Recall_test: 0.524272
F1_test: 0.535980
 

Arquitectura: _2_3_3_3_1_
Semilla: 1788093864
Segundos: 139
NIteraciones: 100000

Costo_train: 0.249585
Precision_train: 0.519004
Recall_train: 0.498741
F1_train: 0.508671

Costo_test: 0.249901
Precision_test: 0.544974
Recall_test: 0.500000
F1_test: 0.521519
 

Arquitectura: _2_3_3_3_1_
Semilla: 1788093864
Segundos: 139
NIteraciones: 100000

Costo_train: 0.248920
Precision_train: 0.528020
Recall_train: 0.534005
F1_train: 0.530996

Costo_test: 0.249477
Precision_test: 0.548223
Recall_test: 0.524272
F1_test: 0.535980
 

Arquitectura: _2_3_3_3_1_
Semilla: 1788093864
Segundos: 139
NIteraciones: 100000

Costo_train: 0.248905
Precision_train: 0.526115
Recall_train: 0.520151
F1_train: 0.523116

Costo_test: 0.249388
Precision_test: 0.546392
Recall_test: 0.514563
F1_test: 0.530000
 

Arquitectura: _2_3_3_3_1_
Semilla: 1788093864
Segundos: 139
NIteraciones: 100000

Costo_train: 0.248893
Precision_train: 0.527950
Recall_train: 0.535264
F1_train: 0.531582

Costo_test: 0.249488
Precision_test: 0.548223
Recall_test: 0.524272
F1_test: 0.535980
 

Arquitectura: _2_3_3_3_1_
Semilla: 1788093864
Segundos: 139
NIteraciones: 100000

Costo_train: 0.248893
Precision_train: 0.527812
Recall_train: 0.537783
F1_train: 0.532751

Costo_test: 0.249569
Precision_test: 0.548223
Recall_test: 0.524272
F1_test: 0.535980
 

Arquitectura: _2_3_3_3_1_
Semilla: 1788093864
Segundos: 139
NIteraciones: 100000

Costo_train: 0.248907
Precision_train: 0.527950
Recall_train: 0.535264
F1_train: 0.531582

Costo_test: 0.249391
Precision_test: 0.548223
Recall_test: 0.524272
F1_test: 0.535980
 

Arquitectura: _2_3_3_3_1_
Semilla: 1788093864
Segundos: 139
NIteraciones: 100000

Costo_train: 0.248895
Precision_train: 0.526115
Recall_train: 0.520151
F1_train: 0.523116

Costo_test: 0.249453
Precision_test: 0.546392
Recall_test: 0.514563
F1_test: 0.530000
 

Arquitectura: _2_3_3_3_1_
Semilla: 1788093864
Segundos: 139
NIteraciones: 100000

Costo_train: 0.248916
Precision_train: 0.527160
Recall_train: 0.537783
F1_train: 0.532419

Costo_test: 0.249568
Precision_test: 0.550505
Recall_test: 0.529126
F1_test: 0.539604
 

Arquitectura: _2_3_3_3_1_
Semilla: 1788093864
Segundos: 139
NIteraciones: 100000

Costo_train: 0.248889
Precision_train: 0.527295
Recall_train: 0.535264
F1_train: 0.531250

Costo_test: 0.249537
Precision_test: 0.548223
Recall_test: 0.524272
F1_test: 0.535980
 

Arquitectura: _2_3_3_3_1_
Semilla: 1788093864
Segundos: 139
NIteraciones: 100000

Costo_train: 0.248895
Precision_train: 0.528020
Recall_train: 0.534005
F1_train: 0.530996

Costo_test: 0.249587
Precision_test: 0.548223
Recall_test: 0.524272
F1_test: 0.535980
 

Arquitectura: _2_3_3_3_1_
Semilla: 1788093864
Segundos: 139
NIteraciones: 100000

Costo_train: 0.248917
Precision_train: 0.526316
Recall_train: 0.516373
F1_train: 0.521297

Costo_test: 0.249452
Precision_test: 0.544041
Recall_test: 0.509709
F1_test: 0.526316
 

Arquitectura: _2_3_3_3_1_
Semilla: 1788093864
Segundos: 139
NIteraciones: 100000

Costo_train: 0.248898
Precision_train: 0.528020
Recall_train: 0.534005
F1_train: 0.530996

Costo_test: 0.249466
Precision_test: 0.548223
Recall_test: 0.524272
F1_test: 0.535980
 

Arquitectura: _2_3_3_3_1_
Semilla: 1788093864
Segundos: 139
NIteraciones: 100000

Costo_train: 0.249547
Precision_train: 0.522822
Recall_train: 0.476071
F1_train: 0.498352

Costo_test: 0.250029
Precision_test: 0.535912
Recall_test: 0.470874
F1_test: 0.501292
 

Arquitectura: _2_3_3_3_1_
Semilla: 1788093864
Segundos: 139
NIteraciones: 100000

Costo_train: 0.248936
Precision_train: 0.527881
Recall_train: 0.536524
F1_train: 0.532167

Costo_test: 0.249399
Precision_test: 0.548223
Recall_test: 0.524272
F1_test: 0.535980
 

Arquitectura: _2_3_3_3_1_
Semilla: 1788093864
Segundos: 139
NIteraciones: 100000

Costo_train: 0.248917
Precision_train: 0.527228
Recall_train: 0.536524
F1_train: 0.531835

Costo_test: 0.249596
Precision_test: 0.548223
Recall_test: 0.524272
F1_test: 0.535980
 

Arquitectura: _2_3_3_3_1_
Semilla: 1788093864
Segundos: 139
NIteraciones: 100000

Costo_train: 0.248916
Precision_train: 0.527950
Recall_train: 0.535264
F1_train: 0.531582

Costo_test: 0.249384
Precision_test: 0.548223
Recall_test: 0.524272
F1_test: 0.535980
 

Arquitectura: _2_3_3_3_1_
Semilla: 1788093864
Segundos: 139
NIteraciones: 100000

Costo_train: 0.249498
Precision_train: 0.536062
Recall_train: 0.346348
F1_train: 0.420811

Costo_test: 0.249535
Precision_test: 0.529412
Recall_test: 0.305825
F1_test: 0.387692
 

Arquitectura: _2_3_3_3_1_
Semilla: 1788093864
Segundos: 139
NIteraciones: 100000

Costo_train: 0.248907
Precision_train: 0.527812
Recall_train: 0.537783
F1_train: 0.532751

Costo_test: 0.249618
Precision_test: 0.548223
Recall_test: 0.524272
F1_test: 0.535980
 

Arquitectura: _2_3_3_3_1_
Semilla: 1788093864
Segundos: 139
NIteraciones: 100000

Costo_train: 0.249163
Precision_train: 0.526055
Recall_train: 0.534005
F1_train: 0.530000

Costo_test: 0.249607
Precision_test: 0.548223
Recall_test: 0.524272
F1_test: 0.535980
 

Arquitectura: _2_3_3_3_1_
Semilla: 1788093864
Segundos: 139
NIteraciones: 100000

Costo_train: 0.248911
Precision_train: 0.526642
Recall_train: 0.535264
F1_train: 0.530918

Costo_test: 0.249425
Precision_test: 0.548223
Recall_test: 0.524272
F1_test: 0.535980
 

Arquitectura: _2_3_3_3_1_
Semilla: 1788093864
Segundos: 139
NIteraciones: 100000

Costo_train: 0.248904
Precision_train: 0.527112
Recall_train: 0.526448
F1_train: 0.526780

Costo_test: 0.249394
Precision_test: 0.548718
Recall_test: 0.519417
F1_test: 0.533666
 

Arquitectura: _2_3_3_3_1_
Semilla: 1788093864
Segundos: 139
NIteraciones: 100000

Costo_train: 0.249890
Precision_train: 0.547368
Recall_train: 0.065491
F1_train: 0.116985

Costo_test: 0.249981
Precision_test: 0.600000
Recall_test: 0.072816
F1_test: 0.129870
 

Arquitectura: _2_3_3_3_1_
Semilla: 1788093864
Segundos: 139
NIteraciones: 100000

Costo_train: 0.249167
Precision_train: 0.524814
Recall_train: 0.532746
F1_train: 0.528750

Costo_test: 0.249737
Precision_test: 0.550505
Recall_test: 0.529126
F1_test: 0.539604
 

Arquitectura: _2_3_3_3_1_
Semilla: 1788093864
Segundos: 139
NIteraciones: 100000

Costo_train: 0.248891
Precision_train: 0.528678
Recall_train: 0.534005
F1_train: 0.531328

Costo_test: 0.249478
Precision_test: 0.551020
Recall_test: 0.524272
F1_test: 0.537313
 

Arquitectura: _2_3_3_3_1_
Semilla: 1788093864
Segundos: 139
NIteraciones: 100000

Costo_train: 0.248926
Precision_train: 0.527160
Recall_train: 0.537783
F1_train: 0.532419

Costo_test: 0.249619
Precision_test: 0.550505
Recall_test: 0.529126
F1_test: 0.539604
 

Arquitectura: _2_3_3_3_1_
Semilla: 1788093864
Segundos: 139
NIteraciones: 100000

Costo_train: 0.248901
Precision_train: 0.526786
Recall_train: 0.520151
F1_train: 0.523447

Costo_test: 0.249374
Precision_test: 0.546392
Recall_test: 0.514563
F1_test: 0.530000
 

Arquitectura: _2_3_3_3_1_
Semilla: 1788093864
Segundos: 139
NIteraciones: 100000

Costo_train: 0.248932
Precision_train: 0.528226
Recall_train: 0.494962
F1_train: 0.511053

Costo_test: 0.249296
Precision_test: 0.545455
Recall_test: 0.495146
F1_test: 0.519084
 

Arquitectura: _2_3_3_3_1_
Semilla: 1788093864
Segundos: 139
NIteraciones: 100000

Costo_train: 0.248903
Precision_train: 0.528020
Recall_train: 0.534005
F1_train: 0.530996

Costo_test: 0.249464
Precision_test: 0.548223
Recall_test: 0.524272
F1_test: 0.535980
 

Arquitectura: _2_3_3_3_1_
Semilla: 1788093864
Segundos: 139
NIteraciones: 100000

Costo_train: 0.249009
Precision_train: 0.528721
Recall_train: 0.510076
F1_train: 0.519231

Costo_test: 0.249532
Precision_test: 0.547368
Recall_test: 0.504854
F1_test: 0.525253
 

Arquitectura: _2_3_3_3_1_
Semilla: 1788093864
Segundos: 139
NIteraciones: 100000

Costo_train: 0.249857
Precision_train: 1.000000
Recall_train: 0.002519
F1_train: 0.005025

Costo_test: 0.250072
Precision_test: -nan(ind)
Recall_test: 0.000000
F1_test: -nan(ind)
 

Arquitectura: _2_3_3_3_1_
Semilla: 1788093864
Segundos: 139
NIteraciones: 100000

Costo_train: 0.248907
Precision_train: 0.527295
Recall_train: 0.535264
F1_train: 0.531250

Costo_test: 0.249390
Precision_test: 0.548223
Recall_test: 0.524272
F1_test: 0.535980
 

Arquitectura: _2_3_3_3_1_
Semilla: 1788093864
Segundos: 139
NIteraciones: 100000

Costo_train: 0.248912
Precision_train: 0.527886
Recall_train: 0.512594
F1_train: 0.520128

Costo_test: 0.249367
Precision_test: 0.549738
Recall_test: 0.509709
F1_test: 0.528967
 

Arquitectura: _2_3_3_3_1_
Semilla: 1788093864
Segundos: 139
NIteraciones: 100000

Costo_train: 0.248907
Precision_train: 0.528678
Recall_train: 0.534005
F1_train: 0.531328

Costo_test: 0.249403
Precision_test: 0.551020
Recall_test: 0.524272
F1_test: 0.537313
 

Arquitectura: _2_3_3_3_1_
Semilla: 1788093864
Segundos: 139
NIteraciones: 100000

Costo_train: 0.249467
Precision_train: 0.525189
Recall_train: 0.525189
F1_train: 0.525189

Costo_test: 0.249856
Precision_test: 0.548718
Recall_test: 0.519417
F1_test: 0.533666
 

Arquitectura: _2_3_3_3_1_
Semilla: 1788093864
Segundos: 139
NIteraciones: 100000

Costo_train: 0.249531
Precision_train: 0.532258
Recall_train: 0.457179
F1_train: 0.491870

Costo_test: 0.249751
Precision_test: 0.535294
Recall_test: 0.441748
F1_test: 0.484043
 

Arquitectura: _2_3_3_3_1_
Semilla: 1788093864
Segundos: 139
NIteraciones: 100000

Costo_train: 0.248902
Precision_train: 0.528678
Recall_train: 0.534005
F1_train: 0.531328

Costo_test: 0.249554
Precision_test: 0.551020
Recall_test: 0.524272
F1_test: 0.537313
 

Arquitectura: _2_3_3_3_1_
Semilla: 1788093864
Segundos: 139
NIteraciones: 100000

Costo_train: 0.248918
Precision_train: 0.527160
Recall_train: 0.537783
F1_train: 0.532419

Costo_test: 0.249616
Precision_test: 0.550505
Recall_test: 0.529126
F1_test: 0.539604
 

Arquitectura: _2_3_3_3_1_
Semilla: 1788093864
Segundos: 139
NIteraciones: 100000

Costo_train: 0.248989
Precision_train: 0.526445
Recall_train: 0.539043
F1_train: 0.532670

Costo_test: 0.249645
Precision_test: 0.550505
Recall_test: 0.529126
F1_test: 0.539604
 

Arquitectura: _2_3_3_3_1_
Semilla: 1788093864
Segundos: 139
NIteraciones: 100000

Costo_train: 0.248946
Precision_train: 0.527094
Recall_train: 0.539043
F1_train: 0.533001

Costo_test: 0.249628
Precision_test: 0.550505
Recall_test: 0.529126
F1_test: 0.539604
 

Arquitectura: _2_3_3_3_1_
Semilla: 1788093864
Segundos: 139
NIteraciones: 100000

Costo_train: 0.248918
Precision_train: 0.527812
Recall_train: 0.537783
F1_train: 0.532751

Costo_test: 0.249525
Precision_test: 0.548223
Recall_test: 0.524272
F1_test: 0.535980
 

Arquitectura: _2_3_3_3_1_
Semilla: 1788093864
Segundos: 139
NIteraciones: 100000

Costo_train: 0.248893
Precision_train: 0.527295
Recall_train: 0.535264
F1_train: 0.531250

Costo_test: 0.249507
Precision_test: 0.548223
Recall_test: 0.524272
F1_test: 0.535980
 

Arquitectura: _2_3_3_3_1_
Semilla: 1788093864
Segundos: 139
NIteraciones: 100000

Costo_train: 0.248885
Precision_train: 0.527812
Recall_train: 0.537783
F1_train: 0.532751

Costo_test: 0.249443
Precision_test: 0.548223
Recall_test: 0.524272
F1_test: 0.535980
 

Arquitectura: _2_3_3_3_1_
Semilla: 1788093864
Segundos: 139
NIteraciones: 100000

Costo_train: 0.248933
Precision_train: 0.527228
Recall_train: 0.536524
F1_train: 0.531835

Costo_test: 0.249613
Precision_test: 0.548223
Recall_test: 0.524272
F1_test: 0.535980
 

Arquitectura: _2_3_3_3_1_
Semilla: 1788093864
Segundos: 139
NIteraciones: 100000

Costo_train: 0.248915
Precision_train: 0.526445
Recall_train: 0.539043
F1_train: 0.532670

Costo_test: 0.249657
Precision_test: 0.550505
Recall_test: 0.529126
F1_test: 0.539604
 

Arquitectura: _2_3_3_3_1_
Semilla: 1788093864
Segundos: 139
NIteraciones: 100000

Costo_train: 0.248882
Precision_train: 0.528020
Recall_train: 0.534005
F1_train: 0.530996

Costo_test: 0.249570
Precision_test: 0.548223
Recall_test: 0.524272
F1_test: 0.535980
 

Arquitectura: _2_3_3_3_1_
Semilla: 1788093864
Segundos: 139
NIteraciones: 100000

Costo_train: 0.248901
Precision_train: 0.527812
Recall_train: 0.537783
F1_train: 0.532751

Costo_test: 0.249554
Precision_test: 0.548223
Recall_test: 0.524272
F1_test: 0.535980
 

Arquitectura: _2_3_3_3_1_
Semilla: 1788093864
Segundos: 139
NIteraciones: 100000

Costo_train: 0.248904
Precision_train: 0.527112
Recall_train: 0.526448
F1_train: 0.526780

Costo_test: 0.249380
Precision_test: 0.546392
Recall_test: 0.514563
F1_test: 0.530000
 

Arquitectura: _2_3_3_3_1_
Semilla: 1788093864
Segundos: 139
NIteraciones: 100000

Costo_train: 0.248886
Precision_train: 0.528020
Recall_train: 0.534005
F1_train: 0.530996

Costo_test: 0.249588
Precision_test: 0.548223
Recall_test: 0.524272
F1_test: 0.535980
 

Arquitectura: _2_3_3_3_1_
Semilla: 1788093864
Segundos: 139
NIteraciones: 100000

Costo_train: 0.248890
Precision_train: 0.526718
Recall_train: 0.521411
F1_train: 0.524051

Costo_test: 0.249434
Precision_test: 0.546392
Recall_test: 0.514563
F1_test: 0.530000
 

Arquitectura: _2_3_3_3_1_
Semilla: 1788093864
Segundos: 139
NIteraciones: 100000

Costo_train: 0.248900
Precision_train: 0.527812
Recall_train: 0.537783
F1_train: 0.532751

Costo_test: 0.249471
Precision_test: 0.548223
Recall_test: 0.524272
F1_test: 0.535980
 

Arquitectura: _2_3_3_3_1_
Semilla: 1788093864
Segundos: 139
NIteraciones: 100000

Costo_train: 0.248949
Precision_train: 0.528020
Recall_train: 0.534005
F1_train: 0.530996

Costo_test: 0.249356
Precision_test: 0.548223
Recall_test: 0.524272
F1_test: 0.535980
 

Arquitectura: _2_3_3_3_1_
Semilla: 1788093864
Segundos: 139
NIteraciones: 100000

Costo_train: 0.249109
Precision_train: 0.528090
Recall_train: 0.532746
F1_train: 0.530408

Costo_test: 0.249479
Precision_test: 0.551020
Recall_test: 0.524272
F1_test: 0.537313
 

Arquitectura: _2_3_3_3_1_
Semilla: 1788093864
Segundos: 139
NIteraciones: 100000

Costo_train: 0.249729
Precision_train: 0.542035
Recall_train: 0.308564
F1_train: 0.393258

Costo_test: 0.249949
Precision_test: 0.495238
Recall_test: 0.252427
F1_test: 0.334405
 

Arquitectura: _2_3_3_3_1_
Semilla: 1788093864
Segundos: 139
NIteraciones: 100000

Costo_train: 0.248918
Precision_train: 0.527950
Recall_train: 0.535264
F1_train: 0.531582

Costo_test: 0.249645
Precision_test: 0.548223
Recall_test: 0.524272
F1_test: 0.535980
 

Arquitectura: _2_3_3_3_1_
Semilla: 1788093864
Segundos: 139
NIteraciones: 100000

Costo_train: 0.248875
Precision_train: 0.528160
Recall_train: 0.531486
F1_train: 0.529818

Costo_test: 0.249587
Precision_test: 0.551020
Recall_test: 0.524272
F1_test: 0.537313
 

Arquitectura: _2_3_3_3_1_
Semilla: 1788093864
Segundos: 139
NIteraciones: 100000

Costo_train: 0.248948
Precision_train: 0.528160
Recall_train: 0.531486
F1_train: 0.529818

Costo_test: 0.249445
Precision_test: 0.551020
Recall_test: 0.524272
F1_test: 0.537313
 

Arquitectura: _2_3_3_3_1_
Semilla: 1788093864
Segundos: 139
NIteraciones: 100000

Costo_train: 0.248906
Precision_train: 0.528020
Recall_train: 0.534005
F1_train: 0.530996

Costo_test: 0.249273
Precision_test: 0.548223
Recall_test: 0.524272
F1_test: 0.535980
 

Arquitectura: _2_3_3_3_1_
Semilla: 1788093864
Segundos: 139
NIteraciones: 100000

Costo_train: 0.249108
Precision_train: 0.525529
Recall_train: 0.531486
F1_train: 0.528491

Costo_test: 0.249632
Precision_test: 0.548223
Recall_test: 0.524272
F1_test: 0.535980
 

Arquitectura: _2_3_3_3_1_
Semilla: 1788093864
Segundos: 139
NIteraciones: 100000

Costo_train: 0.248915
Precision_train: 0.528020
Recall_train: 0.534005
F1_train: 0.530996

Costo_test: 0.249485
Precision_test: 0.551020
Recall_test: 0.524272
F1_test: 0.537313
 

Arquitectura: _2_3_3_3_1_
Semilla: 1788093864
Segundos: 139
NIteraciones: 100000

Costo_train: 0.248906
Precision_train: 0.527295
Recall_train: 0.535264
F1_train: 0.531250

Costo_test: 0.249389
Precision_test: 0.548223
Recall_test: 0.524272
F1_test: 0.535980
 

Arquitectura: _2_3_3_3_1_
Semilla: 1788093864
Segundos: 139
NIteraciones: 100000

Costo_train: 0.249002
Precision_train: 0.525340
Recall_train: 0.535264
F1_train: 0.530256

Costo_test: 0.249727
Precision_test: 0.550505
Recall_test: 0.529126
F1_test: 0.539604
 

Arquitectura: _2_3_3_3_1_
Semilla: 1788093864
Segundos: 139
NIteraciones: 100000

Costo_train: 0.248920
Precision_train: 0.527812
Recall_train: 0.537783
F1_train: 0.532751

Costo_test: 0.249548
Precision_test: 0.548223
Recall_test: 0.524272
F1_test: 0.535980
 

Arquitectura: _2_3_3_3_1_
Semilla: 1788093864
Segundos: 139
NIteraciones: 100000

Costo_train: 0.249096
Precision_train: 0.526510
Recall_train: 0.537783
F1_train: 0.532087

Costo_test: 0.249680
Precision_test: 0.550505
Recall_test: 0.529126
F1_test: 0.539604
 

Arquitectura: _2_3_3_3_1_
Semilla: 1788093864
Segundos: 139
NIteraciones: 100000

Costo_train: 0.249176
Precision_train: 0.527881
Recall_train: 0.536524
F1_train: 0.532167

Costo_test: 0.249641
Precision_test: 0.548223
Recall_test: 0.524272
F1_test: 0.535980
 

Arquitectura: _2_3_3_3_1_
Semilla: 1788093864
Segundos: 139
NIteraciones: 100000

Costo_train: 0.248982
Precision_train: 0.526854
Recall_train: 0.518892
F1_train: 0.522843

Costo_test: 0.249311
Precision_test: 0.544041
Recall_test: 0.509709
F1_test: 0.526316
 


--- Test Angosta 4.0 ---
Iteración 10000
Costo: 0.248856
Iteración 20000
Costo: 0.248831
Iteración 30000
Costo: 0.248800
Iteración 40000
Costo: 0.248756
Iteración 50000
Costo: 0.248692
Iteración 60000
Costo: 0.248613
Iteración 70000
Costo: 0.248535
Iteración 80000
Costo: 0.248469
Iteración 90000
Costo: 0.248411

Arquitectura: _2_12_1_
Semilla: 1788094003
Segundos: 54
NIteraciones: 100000

Costo_train: 0.248361
Precision_train: 0.530210
Recall_train: 0.541562
F1_train: 0.535826

Costo_test: 0.249101
Precision_test: 0.555556
Recall_test: 0.533981
F1_test: 0.544554
 

Arquitectura: _2_12_1_
Semilla: 1788094003
Segundos: 54
NIteraciones: 100000

Costo_train: 0.248346
Precision_train: 0.534162
Recall_train: 0.541562
F1_train: 0.537836

Costo_test: 0.249092
Precision_test: 0.553299
Recall_test: 0.529126
F1_test: 0.540943
 

Arquitectura: _2_12_1_
Semilla: 1788094003
Segundos: 54
NIteraciones: 100000

Costo_train: 0.248488
Precision_train: 0.532951
Recall_train: 0.468514
F1_train: 0.498660

Costo_test: 0.249170
Precision_test: 0.549708
Recall_test: 0.456311
F1_test: 0.498674
 

Arquitectura: _2_12_1_
Semilla: 1788094003
Segundos: 54
NIteraciones: 100000

Costo_train: 0.248494
Precision_train: 0.530387
Recall_train: 0.483627
F1_train: 0.505929

Costo_test: 0.249203
Precision_test: 0.541436
Recall_test: 0.475728
F1_test: 0.506460
 

Arquitectura: _2_12_1_
Semilla: 1788094003
Segundos: 54
NIteraciones: 100000

Costo_train: 0.248383
Precision_train: 0.526174
Recall_train: 0.493703
F1_train: 0.509422

Costo_test: 0.249672
Precision_test: 0.567416
Recall_test: 0.490291
F1_test: 0.526042
 

Arquitectura: _2_12_1_
Semilla: 1788094003
Segundos: 54
NIteraciones: 100000

Costo_train: 0.248506
Precision_train: 0.527967
Recall_train: 0.487406
F1_train: 0.506876

Costo_test: 0.249247
Precision_test: 0.546448
Recall_test: 0.485437
F1_test: 0.514139
 

Arquitectura: _2_12_1_
Semilla: 1788094003
Segundos: 54
NIteraciones: 100000

Costo_train: 0.248660
Precision_train: 0.530227
Recall_train: 0.530227
F1_train: 0.530227

Costo_test: 0.249562
Precision_test: 0.551020
Recall_test: 0.524272
F1_test: 0.537313
 

Arquitectura: _2_12_1_
Semilla: 1788094003
Segundos: 54
NIteraciones: 100000

Costo_train: 0.248457
Precision_train: 0.531888
Recall_train: 0.525189
F1_train: 0.528517

Costo_test: 0.249171
Precision_test: 0.544041
Recall_test: 0.509709
F1_test: 0.526316
 

Arquitectura: _2_12_1_
Semilla: 1788094003
Segundos: 54
NIteraciones: 100000

Costo_train: 0.248400
Precision_train: 0.531800
Recall_train: 0.494962
F1_train: 0.512720

Costo_test: 0.249103
Precision_test: 0.543011
Recall_test: 0.490291
F1_test: 0.515306
 

Arquitectura: _2_12_1_
Semilla: 1788094003
Segundos: 54
NIteraciones: 100000

Costo_train: 0.248430
Precision_train: 0.529114
Recall_train: 0.526448
F1_train: 0.527778

Costo_test: 0.249267
Precision_test: 0.549223
Recall_test: 0.514563
F1_test: 0.531328
 

Arquitectura: _2_12_1_
Semilla: 1788094003
Segundos: 54
NIteraciones: 100000

Costo_train: 0.248434
Precision_train: 0.530928
Recall_train: 0.518892
F1_train: 0.524841

Costo_test: 0.249074
Precision_test: 0.551546
Recall_test: 0.519417
F1_test: 0.535000
 

Arquitectura: _2_12_1_
Semilla: 1788094003
Segundos: 54
NIteraciones: 100000

Costo_train: 0.248338
Precision_train: 0.532663
Recall_train: 0.534005
F1_train: 0.533333

Costo_test: 0.249042
Precision_test: 0.551020
Recall_test: 0.524272
F1_test: 0.537313
 

Arquitectura: _2_12_1_
Semilla: 1788094003
Segundos: 54
NIteraciones: 100000

Costo_train: 0.248825
Precision_train: 0.527228
Recall_train: 0.536524
F1_train: 0.531835

Costo_test: 0.249779
Precision_test: 0.548223
Recall_test: 0.524272
F1_test: 0.535980
 

Arquitectura: _2_12_1_
Semilla: 1788094003
Segundos: 54
NIteraciones: 100000

Costo_train: 0.248747
Precision_train: 0.529193
Recall_train: 0.536524
F1_train: 0.532833

Costo_test: 0.249606
Precision_test: 0.548223
Recall_test: 0.524272
F1_test: 0.535980
 

Arquitectura: _2_12_1_
Semilla: 1788094003
Segundos: 54
NIteraciones: 100000

Costo_train: 0.248597
Precision_train: 0.529337
Recall_train: 0.522670
F1_train: 0.525982

Costo_test: 0.249492
Precision_test: 0.546392
Recall_test: 0.514563
F1_test: 0.530000
 

Arquitectura: _2_12_1_
Semilla: 1788094003
Segundos: 54
NIteraciones: 100000

Costo_train: 0.248350
Precision_train: 0.534943
Recall_train: 0.530227
F1_train: 0.532574

Costo_test: 0.249118
Precision_test: 0.556122
Recall_test: 0.529126
F1_test: 0.542288
 

Arquitectura: _2_12_1_
Semilla: 1788094003
Segundos: 54
NIteraciones: 100000

Costo_train: 0.248503
Precision_train: 0.532486
Recall_train: 0.474811
F1_train: 0.501997

Costo_test: 0.249219
Precision_test: 0.545455
Recall_test: 0.466019
F1_test: 0.502618
 

Arquitectura: _2_12_1_
Semilla: 1788094003
Segundos: 54
NIteraciones: 100000

Costo_train: 0.248323
Precision_train: 0.529851
Recall_train: 0.536524
F1_train: 0.533166

Costo_test: 0.248846
Precision_test: 0.547739
Recall_test: 0.529126
F1_test: 0.538272
 

Arquitectura: _2_12_1_
Semilla: 1788094003
Segundos: 54
NIteraciones: 100000

Costo_train: 0.248634
Precision_train: 0.530457
Recall_train: 0.526448
F1_train: 0.528445

Costo_test: 0.249458
Precision_test: 0.544041
Recall_test: 0.509709
F1_test: 0.526316
 

Arquitectura: _2_12_1_
Semilla: 1788094003
Segundos: 54
NIteraciones: 100000

Costo_train: 0.248853
Precision_train: 0.526642
Recall_train: 0.535264
F1_train: 0.530918

Costo_test: 0.249736
Precision_test: 0.548223
Recall_test: 0.524272
F1_test: 0.535980
 

Arquitectura: _2_12_1_
Semilla: 1788094003
Segundos: 54
NIteraciones: 100000

Costo_train: 0.248293
Precision_train: 0.532847
Recall_train: 0.551637
F1_train: 0.542079

Costo_test: 0.248991
Precision_test: 0.547264
Recall_test: 0.533981
F1_test: 0.540541
 

Arquitectura: _2_12_1_
Semilla: 1788094003
Segundos: 54
NIteraciones: 100000

Costo_train: 0.248328
Precision_train: 0.534913
Recall_train: 0.540302
F1_train: 0.537594

Costo_test: 0.248962
Precision_test: 0.550505
Recall_test: 0.529126
F1_test: 0.539604
 

Arquitectura: _2_12_1_
Semilla: 1788094003
Segundos: 54
NIteraciones: 100000

Costo_train: 0.248353
Precision_train: 0.526104
Recall_train: 0.494962
F1_train: 0.510058

Costo_test: 0.249424
Precision_test: 0.566474
Recall_test: 0.475728
F1_test: 0.517150
 

Arquitectura: _2_12_1_
Semilla: 1788094003
Segundos: 54
NIteraciones: 100000

Costo_train: 0.248299
Precision_train: 0.528590
Recall_train: 0.523929
F1_train: 0.526249

Costo_test: 0.249308
Precision_test: 0.563158
Recall_test: 0.519417
F1_test: 0.540404
 

Arquitectura: _2_12_1_
Semilla: 1788094003
Segundos: 54
NIteraciones: 100000

Costo_train: 0.248485
Precision_train: 0.532951
Recall_train: 0.468514
F1_train: 0.498660

Costo_test: 0.249126
Precision_test: 0.549708
Recall_test: 0.456311
F1_test: 0.498674
 

Arquitectura: _2_12_1_
Semilla: 1788094003
Segundos: 54
NIteraciones: 100000

Costo_train: 0.248416
Precision_train: 0.528796
Recall_train: 0.508816
F1_train: 0.518614

Costo_test: 0.248970
Precision_test: 0.552083
Recall_test: 0.514563
F1_test: 0.532663
 

Arquitectura: _2_12_1_
Semilla: 1788094003
Segundos: 54
NIteraciones: 100000

Costo_train: 0.248604
Precision_train: 0.531052
Recall_train: 0.527708
F1_train: 0.529375

Costo_test: 0.249429
Precision_test: 0.546392
Recall_test: 0.514563
F1_test: 0.530000
 

Arquitectura: _2_12_1_
Semilla: 1788094003
Segundos: 54
NIteraciones: 100000

Costo_train: 0.248410
Precision_train: 0.530949
Recall_train: 0.486146
F1_train: 0.507561

Costo_test: 0.249038
Precision_test: 0.543478
Recall_test: 0.485437
F1_test: 0.512821
 

Arquitectura: _2_12_1_
Semilla: 1788094003
Segundos: 54
NIteraciones: 100000

Costo_train: 0.248577
Precision_train: 0.526576
Recall_train: 0.536524
F1_train: 0.531503

Costo_test: 0.249670
Precision_test: 0.548223
Recall_test: 0.524272
F1_test: 0.535980
 

Arquitectura: _2_12_1_
Semilla: 1788094003
Segundos: 54
NIteraciones: 100000

Costo_train: 0.248543
Precision_train: 0.526510
Recall_train: 0.537783
F1_train: 0.532087

Costo_test: 0.249624
Precision_test: 0.550505
Recall_test: 0.529126
F1_test: 0.539604
 

Arquitectura: _2_12_1_
Semilla: 1788094003
Segundos: 54
NIteraciones: 100000

Costo_train: 0.248475
Precision_train: 0.529101
Recall_train: 0.503778
F1_train: 0.516129

Costo_test: 0.249289
Precision_test: 0.540107
Recall_test: 0.490291
F1_test: 0.513995
 

Arquitectura: _2_12_1_
Semilla: 1788094003
Segundos: 54
NIteraciones: 100000

Costo_train: 0.248284
Precision_train: 0.525798
Recall_train: 0.539043
F1_train: 0.532338

Costo_test: 0.249356
Precision_test: 0.560847
Recall_test: 0.514563
F1_test: 0.536709
 

Arquitectura: _2_12_1_
Semilla: 1788094003
Segundos: 54
NIteraciones: 100000

Costo_train: 0.248815
Precision_train: 0.527812
Recall_train: 0.537783
F1_train: 0.532751

Costo_test: 0.249751
Precision_test: 0.548223
Recall_test: 0.524272
F1_test: 0.535980
 

Arquitectura: _2_12_1_
Semilla: 1788094003
Segundos: 54
NIteraciones: 100000

Costo_train: 0.248466
Precision_train: 0.535211
Recall_train: 0.478589
F1_train: 0.505319

Costo_test: 0.249076
Precision_test: 0.544944
Recall_test: 0.470874
F1_test: 0.505208
 

Arquitectura: _2_12_1_
Semilla: 1788094003
Segundos: 54
NIteraciones: 100000

Costo_train: 0.248780
Precision_train: 0.527812
Recall_train: 0.537783
F1_train: 0.532751

Costo_test: 0.249744
Precision_test: 0.548223
Recall_test: 0.524272
F1_test: 0.535980
 

Arquitectura: _2_12_1_
Semilla: 1788094003
Segundos: 54
NIteraciones: 100000

Costo_train: 0.248338
Precision_train: 0.530864
Recall_train: 0.541562
F1_train: 0.536160

Costo_test: 0.249170
Precision_test: 0.555000
Recall_test: 0.538835
F1_test: 0.546798
 

Arquitectura: _2_12_1_
Semilla: 1788094003
Segundos: 54
NIteraciones: 100000

Costo_train: 0.248396
Precision_train: 0.533981
Recall_train: 0.484887
F1_train: 0.508251

Costo_test: 0.248964
Precision_test: 0.551724
Recall_test: 0.466019
F1_test: 0.505263
 

Arquitectura: _2_12_1_
Semilla: 1788094003
Segundos: 54
NIteraciones: 100000

Costo_train: 0.248528
Precision_train: 0.530504
Recall_train: 0.503778
F1_train: 0.516796

Costo_test: 0.249323
Precision_test: 0.544974
Recall_test: 0.500000
F1_test: 0.521519
 

Arquitectura: _2_12_1_
Semilla: 1788094003
Segundos: 54
NIteraciones: 100000

Costo_train: 0.248355
Precision_train: 0.525815
Recall_train: 0.487406
F1_train: 0.505882

Costo_test: 0.249560
Precision_test: 0.561404
Recall_test: 0.466019
F1_test: 0.509284
 

Arquitectura: _2_12_1_
Semilla: 1788094003
Segundos: 54
NIteraciones: 100000

Costo_train: 0.248742
Precision_train: 0.527812
Recall_train: 0.537783
F1_train: 0.532751

Costo_test: 0.249760
Precision_test: 0.550505
Recall_test: 0.529126
F1_test: 0.539604
 

Arquitectura: _2_12_1_
Semilla: 1788094003
Segundos: 54
NIteraciones: 100000

Costo_train: 0.248433
Precision_train: 0.527742
Recall_train: 0.515113
F1_train: 0.521351

Costo_test: 0.249596
Precision_test: 0.556150
Recall_test: 0.504854
F1_test: 0.529262
 

Arquitectura: _2_12_1_
Semilla: 1788094003
Segundos: 54
NIteraciones: 100000

Costo_train: 0.248426
Precision_train: 0.529489
Recall_train: 0.508816
F1_train: 0.518947

Costo_test: 0.249026
Precision_test: 0.549223
Recall_test: 0.514563
F1_test: 0.531328
 

Arquitectura: _2_12_1_
Semilla: 1788094003
Segundos: 54
NIteraciones: 100000

Costo_train: 0.248473
Precision_train: 0.532086
Recall_train: 0.501259
F1_train: 0.516213

Costo_test: 0.249127
Precision_test: 0.550802
Recall_test: 0.500000
F1_test: 0.524173
 

Arquitectura: _2_12_1_
Semilla: 1788094003
Segundos: 54
NIteraciones: 100000

Costo_train: 0.248627
Precision_train: 0.530480
Recall_train: 0.515113
F1_train: 0.522684

Costo_test: 0.249617
Precision_test: 0.537234
Recall_test: 0.490291
F1_test: 0.512690
 

Arquitectura: _2_12_1_
Semilla: 1788094003
Segundos: 54
NIteraciones: 100000

Costo_train: 0.248334
Precision_train: 0.526642
Recall_train: 0.535264
F1_train: 0.530918

Costo_test: 0.249265
Precision_test: 0.550505
Recall_test: 0.529126
F1_test: 0.539604
 

Arquitectura: _2_12_1_
Semilla: 1788094003
Segundos: 54
NIteraciones: 100000

Costo_train: 0.248509
Precision_train: 0.530880
Recall_train: 0.508816
F1_train: 0.519614

Costo_test: 0.249258
Precision_test: 0.547368
Recall_test: 0.504854
F1_test: 0.525253
 

Arquitectura: _2_12_1_
Semilla: 1788094003
Segundos: 54
NIteraciones: 100000

Costo_train: 0.248506
Precision_train: 0.532764
Recall_train: 0.471033
F1_train: 0.500000

Costo_test: 0.249162
Precision_test: 0.542857
Recall_test: 0.461165
F1_test: 0.498688
 

Arquitectura: _2_12_1_
Semilla: 1788094003
Segundos: 54
NIteraciones: 100000

Costo_train: 0.248308
Precision_train: 0.530686
Recall_train: 0.555416
F1_train: 0.542769

Costo_test: 0.249045
Precision_test: 0.556650
Recall_test: 0.548544
F1_test: 0.552567
 

Arquitectura: _2_12_1_
Semilla: 1788094003
Segundos: 54
NIteraciones: 100000

Costo_train: 0.248479
Precision_train: 0.533803
Recall_train: 0.477330
F1_train: 0.503989

Costo_test: 0.249125
Precision_test: 0.539326
Recall_test: 0.466019
F1_test: 0.500000
 

Arquitectura: _2_12_1_
Semilla: 1788094003
Segundos: 54
NIteraciones: 100000

Costo_train: 0.248517
Precision_train: 0.528552
Recall_train: 0.501259
F1_train: 0.514544

Costo_test: 0.249203
Precision_test: 0.547368
Recall_test: 0.504854
F1_test: 0.525253
 

Arquitectura: _2_12_1_
Semilla: 1788094003
Segundos: 54
NIteraciones: 100000

Costo_train: 0.248316
Precision_train: 0.532383
Recall_train: 0.517632
F1_train: 0.524904

Costo_test: 0.249338
Precision_test: 0.569061
Recall_test: 0.500000
F1_test: 0.532300
 

Arquitectura: _2_12_1_
Semilla: 1788094003
Segundos: 54
NIteraciones: 100000

Costo_train: 0.248474
Precision_train: 0.536170
Recall_train: 0.476071
F1_train: 0.504336

Costo_test: 0.249135
Precision_test: 0.542373
Recall_test: 0.466019
F1_test: 0.501305
 

Arquitectura: _2_12_1_
Semilla: 1788094003
Segundos: 54
NIteraciones: 100000

Costo_train: 0.248482
Precision_train: 0.534075
Recall_train: 0.483627
F1_train: 0.507601

Costo_test: 0.249030
Precision_test: 0.541436
Recall_test: 0.475728
F1_test: 0.506460
 

Arquitectura: _2_12_1_
Semilla: 1788094003
Segundos: 54
NIteraciones: 100000

Costo_train: 0.248696
Precision_train: 0.528894
Recall_train: 0.530227
F1_train: 0.529560

Costo_test: 0.249530
Precision_test: 0.548718
Recall_test: 0.519417
F1_test: 0.533666
 

Arquitectura: _2_12_1_
Semilla: 1788094003
Segundos: 54
NIteraciones: 100000

Costo_train: 0.248467
Precision_train: 0.533333
Recall_train: 0.473552
F1_train: 0.501668

Costo_test: 0.249106
Precision_test: 0.543353
Recall_test: 0.456311
F1_test: 0.496042
 

Arquitectura: _2_12_1_
Semilla: 1788094003
Segundos: 54
NIteraciones: 100000

Costo_train: 0.248305
Precision_train: 0.534230
Recall_train: 0.550378
F1_train: 0.542184

Costo_test: 0.248965
Precision_test: 0.547264
Recall_test: 0.533981
F1_test: 0.540541
 

Arquitectura: _2_12_1_
Semilla: 1788094003
Segundos: 54
NIteraciones: 100000

Costo_train: 0.248424
Precision_train: 0.532148
Recall_train: 0.489924
F1_train: 0.510164

Costo_test: 0.249107
Precision_test: 0.540984
Recall_test: 0.480583
F1_test: 0.508997
 

Arquitectura: _2_12_1_
Semilla: 1788094003
Segundos: 54
NIteraciones: 100000

Costo_train: 0.248567
Precision_train: 0.532552
Recall_train: 0.515113
F1_train: 0.523688

Costo_test: 0.249384
Precision_test: 0.542105
Recall_test: 0.500000
F1_test: 0.520202
 

Arquitectura: _2_12_1_
Semilla: 1788094003
Segundos: 54
NIteraciones: 100000

Costo_train: 0.248357
Precision_train: 0.521204
Recall_train: 0.479849
F1_train: 0.499672

Costo_test: 0.249666
Precision_test: 0.560694
Recall_test: 0.470874
F1_test: 0.511873
 

Arquitectura: _2_12_1_
Semilla: 1788094003
Segundos: 54
NIteraciones: 100000

Costo_train: 0.248449
Precision_train: 0.529801
Recall_train: 0.503778
F1_train: 0.516462

Costo_test: 0.249259
Precision_test: 0.540107
Recall_test: 0.490291
F1_test: 0.513995
 

Arquitectura: _2_12_1_
Semilla: 1788094003
Segundos: 54
NIteraciones: 100000

Costo_train: 0.248462
Precision_train: 0.531593
Recall_train: 0.487406
F1_train: 0.508541

Costo_test: 0.249198
Precision_test: 0.543956
Recall_test: 0.480583
F1_test: 0.510309
 

Arquitectura: _2_12_1_
Semilla: 1788094003
Segundos: 54
NIteraciones: 100000

Costo_train: 0.248693
Precision_train: 0.530928
Recall_train: 0.518892
F1_train: 0.524841

Costo_test: 0.249895
Precision_test: 0.539267
Recall_test: 0.500000
F1_test: 0.518892
 

Arquitectura: _2_12_1_
Semilla: 1788094003
Segundos: 54
NIteraciones: 100000

Costo_train: 0.248700
Precision_train: 0.529338
Recall_train: 0.534005
F1_train: 0.531662

Costo_test: 0.249507
Precision_test: 0.551020
Recall_test: 0.524272
F1_test: 0.537313
 

Arquitectura: _2_12_1_
Semilla: 1788094003
Segundos: 54
NIteraciones: 100000

Costo_train: 0.248739
Precision_train: 0.527950
Recall_train: 0.535264
F1_train: 0.531582

Costo_test: 0.249746
Precision_test: 0.548223
Recall_test: 0.524272
F1_test: 0.535980
 

Arquitectura: _2_12_1_
Semilla: 1788094003
Segundos: 54
NIteraciones: 100000

Costo_train: 0.248481
Precision_train: 0.528020
Recall_train: 0.534005
F1_train: 0.530996

Costo_test: 0.249886
Precision_test: 0.551020
Recall_test: 0.524272
F1_test: 0.537313
 

Arquitectura: _2_12_1_
Semilla: 1788094003
Segundos: 54
NIteraciones: 100000

Costo_train: 0.248807
Precision_train: 0.527881
Recall_train: 0.536524
F1_train: 0.532167

Costo_test: 0.249666
Precision_test: 0.548223
Recall_test: 0.524272
F1_test: 0.535980
 

Arquitectura: _2_12_1_
Semilla: 1788094003
Segundos: 54
NIteraciones: 100000

Costo_train: 0.248519
Precision_train: 0.532086
Recall_train: 0.501259
F1_train: 0.516213

Costo_test: 0.249280
Precision_test: 0.548387
Recall_test: 0.495146
F1_test: 0.520408
 

Arquitectura: _2_12_1_
Semilla: 1788094003
Segundos: 54
NIteraciones: 100000

Costo_train: 0.248494
Precision_train: 0.531250
Recall_train: 0.492443
F1_train: 0.511111

Costo_test: 0.249173
Precision_test: 0.545946
Recall_test: 0.490291
F1_test: 0.516624
 

Arquitectura: _2_12_1_
Semilla: 1788094003
Segundos: 54
NIteraciones: 100000

Costo_train: 0.248382
Precision_train: 0.532698
Recall_train: 0.492443
F1_train: 0.511780

Costo_test: 0.248942
Precision_test: 0.549451
Recall_test: 0.485437
F1_test: 0.515464
 

Arquitectura: _2_12_1_
Semilla: 1788094003
Segundos: 54
NIteraciones: 100000

Costo_train: 0.248350
Precision_train: 0.532402
Recall_train: 0.527708
F1_train: 0.530044

Costo_test: 0.248942
Precision_test: 0.553846
Recall_test: 0.524272
F1_test: 0.538653
 

Arquitectura: _2_12_1_
Semilla: 1788094003
Segundos: 54
NIteraciones: 100000

Costo_train: 0.248265
Precision_train: 0.528694
Recall_train: 0.545340
F1_train: 0.536888

Costo_test: 0.249187
Precision_test: 0.557789
Recall_test: 0.538835
F1_test: 0.548148
 

Arquitectura: _2_12_1_
Semilla: 1788094003
Segundos: 54
NIteraciones: 100000

Costo_train: 0.248707
Precision_train: 0.528678
Recall_train: 0.534005
F1_train: 0.531328

Costo_test: 0.249606
Precision_test: 0.551020
Recall_test: 0.524272
F1_test: 0.537313
 

Arquitectura: _2_12_1_
Semilla: 1788094003
Segundos: 54
NIteraciones: 100000

Costo_train: 0.248295
Precision_train: 0.530245
Recall_train: 0.518892
F1_train: 0.524507

Costo_test: 0.249268
Precision_test: 0.569061
Recall_test: 0.500000
F1_test: 0.532300
 

Arquitectura: _2_12_1_
Semilla: 1788094003
Segundos: 54
NIteraciones: 100000

Costo_train: 0.248833
Precision_train: 0.527812
Recall_train: 0.537783
F1_train: 0.532751

Costo_test: 0.249772
Precision_test: 0.548223
Recall_test: 0.524272
F1_test: 0.535980
 

Arquitectura: _2_12_1_
Semilla: 1788094003
Segundos: 54
NIteraciones: 100000

Costo_train: 0.248702
Precision_train: 0.528607
Recall_train: 0.535264
F1_train: 0.531915

Costo_test: 0.249513
Precision_test: 0.548223
Recall_test: 0.524272
F1_test: 0.535980
 

Arquitectura: _2_12_1_
Semilla: 1788094003
Segundos: 54
NIteraciones: 100000

Costo_train: 0.248641
Precision_train: 0.529114
Recall_train: 0.526448
F1_train: 0.527778

Costo_test: 0.249491
Precision_test: 0.546392
Recall_test: 0.514563
F1_test: 0.530000
 

Arquitectura: _2_12_1_
Semilla: 1788094003
Segundos: 54
NIteraciones: 100000

Costo_train: 0.248628
Precision_train: 0.527812
Recall_train: 0.537783
F1_train: 0.532751

Costo_test: 0.249579
Precision_test: 0.548223
Recall_test: 0.524272
F1_test: 0.535980
 

Arquitectura: _2_12_1_
Semilla: 1788094003
Segundos: 54
NIteraciones: 100000

Costo_train: 0.248566
Precision_train: 0.531052
Recall_train: 0.527708
F1_train: 0.529375

Costo_test: 0.249423
Precision_test: 0.546392
Recall_test: 0.514563
F1_test: 0.530000
 

Arquitectura: _2_12_1_
Semilla: 1788094003
Segundos: 54
NIteraciones: 100000

Costo_train: 0.248232
Precision_train: 0.527550
Recall_train: 0.566751
F1_train: 0.546448

Costo_test: 0.248986
Precision_test: 0.551887
Recall_test: 0.567961
F1_test: 0.559809
 

Arquitectura: _2_12_1_
Semilla: 1788094003
Segundos: 54
NIteraciones: 100000

Costo_train: 0.248455
Precision_train: 0.531646
Recall_train: 0.476071
F1_train: 0.502326

Costo_test: 0.249126
Precision_test: 0.539326
Recall_test: 0.466019
F1_test: 0.500000
 

Arquitectura: _2_12_1_
Semilla: 1788094003
Segundos: 54
NIteraciones: 100000

Costo_train: 0.248413
Precision_train: 0.529563
Recall_train: 0.518892
F1_train: 0.524173

Costo_test: 0.249690
Precision_test: 0.556150
Recall_test: 0.504854
F1_test: 0.529262
 

Arquitectura: _2_12_1_
Semilla: 1788094003
Segundos: 54
NIteraciones: 100000

Costo_train: 0.248825
Precision_train: 0.527812
Recall_train: 0.537783
F1_train: 0.532751

Costo_test: 0.249769
Precision_test: 0.548223
Recall_test: 0.524272
F1_test: 0.535980
 

Arquitectura: _2_12_1_
Semilla: 1788094003
Segundos: 54
NIteraciones: 100000

Costo_train: 0.248396
Precision_train: 0.532148
Recall_train: 0.489924
F1_train: 0.510164

Costo_test: 0.249075
Precision_test: 0.540541
Recall_test: 0.485437
F1_test: 0.511509
 

Arquitectura: _2_12_1_
Semilla: 1788094003
Segundos: 54
NIteraciones: 100000

Costo_train: 0.248485
Precision_train: 0.532189
Recall_train: 0.468514
F1_train: 0.498326

Costo_test: 0.249169
Precision_test: 0.547059
Recall_test: 0.451456
F1_test: 0.494681
 

Arquitectura: _2_12_1_
Semilla: 1788094003
Segundos: 54
NIteraciones: 100000

Costo_train: 0.248550
Precision_train: 0.530075
Recall_train: 0.532746
F1_train: 0.531407

Costo_test: 0.249478
Precision_test: 0.551020
Recall_test: 0.524272
F1_test: 0.537313
 

Arquitectura: _2_12_1_
Semilla: 1788094003
Segundos: 54
NIteraciones: 100000

Costo_train: 0.248343
Precision_train: 0.536492
Recall_train: 0.527708
F1_train: 0.532064

Costo_test: 0.248995
Precision_test: 0.551546
Recall_test: 0.519417
F1_test: 0.535000
 

Arquitectura: _2_12_1_
Semilla: 1788094003
Segundos: 54
NIteraciones: 100000

Costo_train: 0.248559
Precision_train: 0.534018
Recall_train: 0.523929
F1_train: 0.528926

Costo_test: 0.249281
Precision_test: 0.546875
Recall_test: 0.509709
F1_test: 0.527638
 

Arquitectura: _2_12_1_
Semilla: 1788094003
Segundos: 54
NIteraciones: 100000

Costo_train: 0.248554
Precision_train: 0.531209
Recall_train: 0.503778
F1_train: 0.517130

Costo_test: 0.249389
Precision_test: 0.547872
Recall_test: 0.500000
F1_test: 0.522843
 

Arquitectura: _2_12_1_
Semilla: 1788094003
Segundos: 54
NIteraciones: 100000

Costo_train: 0.248475
Precision_train: 0.532567
Recall_train: 0.525189
F1_train: 0.528852

Costo_test: 0.249194
Precision_test: 0.544041
Recall_test: 0.509709
F1_test: 0.526316
 

Arquitectura: _2_12_1_
Semilla: 1788094003
Segundos: 54
NIteraciones: 100000

Costo_train: 0.248242
Precision_train: 0.529894
Recall_train: 0.569270
F1_train: 0.548877

Costo_test: 0.249034
Precision_test: 0.550725
Recall_test: 0.553398
F1_test: 0.552058
 

Arquitectura: _2_12_1_
Semilla: 1788094003
Segundos: 54
NIteraciones: 100000

Costo_train: 0.248652
Precision_train: 0.529777
Recall_train: 0.537783
F1_train: 0.533750

Costo_test: 0.249503
Precision_test: 0.548223
Recall_test: 0.524272
F1_test: 0.535980
 

Arquitectura: _2_12_1_
Semilla: 1788094003
Segundos: 54
NIteraciones: 100000

Costo_train: 0.248390
Precision_train: 0.523364
Recall_train: 0.493703
F1_train: 0.508101

Costo_test: 0.249539
Precision_test: 0.550562
Recall_test: 0.475728
F1_test: 0.510417
 

Arquitectura: _2_12_1_
Semilla: 1788094003
Segundos: 54
NIteraciones: 100000

Costo_train: 0.248301
Precision_train: 0.533573
Recall_train: 0.560453
F1_train: 0.546683

Costo_test: 0.249008
Precision_test: 0.558252
Recall_test: 0.558252
F1_test: 0.558252
 

Arquitectura: _2_12_1_
Semilla: 1788094003
Segundos: 54
NIteraciones: 100000

Costo_train: 0.248650
Precision_train: 0.529634
Recall_train: 0.528967
F1_train: 0.529301

Costo_test: 0.249428
Precision_test: 0.546392
Recall_test: 0.514563
F1_test: 0.530000
 

Arquitectura: _2_12_1_
Semilla: 1788094003
Segundos: 54
NIteraciones: 100000

Costo_train: 0.248474
Precision_train: 0.533333
Recall_train: 0.473552
F1_train: 0.501668

Costo_test: 0.249062
Precision_test: 0.545977
Recall_test: 0.461165
F1_test: 0.500000
 

Arquitectura: _2_12_1_
Semilla: 1788094003
Segundos: 54
NIteraciones: 100000

Costo_train: 0.248634
Precision_train: 0.529120
Recall_train: 0.537783
F1_train: 0.533417

Costo_test: 0.249577
Precision_test: 0.550505
Recall_test: 0.529126
F1_test: 0.539604
 

Arquitectura: _2_12_1_
Semilla: 1788094003
Segundos: 54
NIteraciones: 100000

Costo_train: 0.248412
Precision_train: 0.528678
Recall_train: 0.534005
F1_train: 0.531328

Costo_test: 0.249166
Precision_test: 0.553299
Recall_test: 0.529126
F1_test: 0.540943
 

Arquitectura: _2_12_1_
Semilla: 1788094003
Segundos: 54
NIteraciones: 100000

Costo_train: 0.248649
Precision_train: 0.527228
Recall_train: 0.536524
F1_train: 0.531835

Costo_test: 0.249880
Precision_test: 0.550505
Recall_test: 0.529126
F1_test: 0.539604
 

Arquitectura: _2_12_1_
Semilla: 1788094003
Segundos: 54
NIteraciones: 100000

Costo_train: 0.248536
Precision_train: 0.530120
Recall_train: 0.498741
F1_train: 0.513952

Costo_test: 0.249264
Precision_test: 0.548387
Recall_test: 0.495146
F1_test: 0.520408
 

Arquitectura: _2_12_1_
Semilla: 1788094003
Segundos: 54
NIteraciones: 100000

Costo_train: 0.248473
Precision_train: 0.536932
Recall_train: 0.476071
F1_train: 0.504673

Costo_test: 0.249120
Precision_test: 0.545455
Recall_test: 0.466019
F1_test: 0.502618
 


--- Test Profunda 4.0 ---
Iteración 10000
Costo: 0.249993
Iteración 20000
Costo: 0.249992
Iteración 30000
Costo: 0.249992
Iteración 40000
Costo: 0.249992
Iteración 50000
Costo: 0.249991
Iteración 60000
Costo: 0.249991
Iteración 70000
Costo: 0.249990
Iteración 80000
Costo: 0.249989
Iteración 90000
Costo: 0.249989

Arquitectura: _2_3_3_3_3_1_
Semilla: 1788094057
Segundos: 186
NIteraciones: 100000

Costo_train: 0.249989
Precision_train: -nan(ind)
Recall_train: 0.000000
F1_train: -nan(ind)

Costo_test: 0.250128
Precision_test: -nan(ind)
Recall_test: 0.000000
F1_test: -nan(ind)
 

Arquitectura: _2_3_3_3_3_1_
Semilla: 1788094057
Segundos: 186
NIteraciones: 100000

Costo_train: 0.249999
Precision_train: -nan(ind)
Recall_train: 0.000000
F1_train: -nan(ind)

Costo_test: 0.250157
Precision_test: -nan(ind)
Recall_test: 0.000000
F1_test: -nan(ind)
 

Arquitectura: _2_3_3_3_3_1_
Semilla: 1788094057
Segundos: 186
NIteraciones: 100000

Costo_train: 0.249985
Precision_train: -nan(ind)
Recall_train: 0.000000
F1_train: -nan(ind)

Costo_test: 0.250129
Precision_test: -nan(ind)
Recall_test: 0.000000
F1_test: -nan(ind)
 

Arquitectura: _2_3_3_3_3_1_
Semilla: 1788094057
Segundos: 186
NIteraciones: 100000

Costo_train: 0.249978
Precision_train: -nan(ind)
Recall_train: 0.000000
F1_train: -nan(ind)

Costo_test: 0.250125
Precision_test: -nan(ind)
Recall_test: 0.000000
F1_test: -nan(ind)
 

Arquitectura: _2_3_3_3_3_1_
Semilla: 1788094057
Segundos: 186
NIteraciones: 100000

Costo_train: 0.249982
Precision_train: -nan(ind)
Recall_train: 0.000000
F1_train: -nan(ind)

Costo_test: 0.250124
Precision_test: -nan(ind)
Recall_test: 0.000000
F1_test: -nan(ind)
 

Arquitectura: _2_3_3_3_3_1_
Semilla: 1788094057
Segundos: 186
NIteraciones: 100000

Costo_train: 0.249779
Precision_train: 0.548287
Recall_train: 0.221662
F1_train: 0.315695

Costo_test: 0.249971
Precision_test: 0.552239
Recall_test: 0.179612
F1_test: 0.271062
 

Arquitectura: _2_3_3_3_3_1_
Semilla: 1788094057
Segundos: 186
NIteraciones: 100000

Costo_train: 0.249874
Precision_train: -nan(ind)
Recall_train: 0.000000
F1_train: -nan(ind)

Costo_test: 0.250062
Precision_test: -nan(ind)
Recall_test: 0.000000
F1_test: -nan(ind)
 

Arquitectura: _2_3_3_3_3_1_
Semilla: 1788094057
Segundos: 186
NIteraciones: 100000

Costo_train: 0.249947
Precision_train: -nan(ind)
Recall_train: 0.000000
F1_train: -nan(ind)

Costo_test: 0.250108
Precision_test: -nan(ind)
Recall_test: 0.000000
F1_test: -nan(ind)
 

Arquitectura: _2_3_3_3_3_1_
Semilla: 1788094057
Segundos: 186
NIteraciones: 100000

Costo_train: 0.250009
Precision_train: -nan(ind)
Recall_train: 0.000000
F1_train: -nan(ind)

Costo_test: 0.250141
Precision_test: -nan(ind)
Recall_test: 0.000000
F1_test: -nan(ind)
 

Arquitectura: _2_3_3_3_3_1_
Semilla: 1788094057
Segundos: 186
NIteraciones: 100000

Costo_train: 0.249928
Precision_train: -nan(ind)
Recall_train: 0.000000
F1_train: -nan(ind)

Costo_test: 0.250102
Precision_test: -nan(ind)
Recall_test: 0.000000
F1_test: -nan(ind)
 

Arquitectura: _2_3_3_3_3_1_
Semilla: 1788094057
Segundos: 186
NIteraciones: 100000

Costo_train: 0.249961
Precision_train: -nan(ind)
Recall_train: 0.000000
F1_train: -nan(ind)

Costo_test: 0.250120
Precision_test: -nan(ind)
Recall_test: 0.000000
F1_test: -nan(ind)
 

Arquitectura: _2_3_3_3_3_1_
Semilla: 1788094057
Segundos: 186
NIteraciones: 100000

Costo_train: 0.249982
Precision_train: -nan(ind)
Recall_train: 0.000000
F1_train: -nan(ind)

Costo_test: 0.250106
Precision_test: -nan(ind)
Recall_test: 0.000000
F1_test: -nan(ind)
 

Arquitectura: _2_3_3_3_3_1_
Semilla: 1788094057
Segundos: 186
NIteraciones: 100000

Costo_train: 0.249985
Precision_train: -nan(ind)
Recall_train: 0.000000
F1_train: -nan(ind)

Costo_test: 0.250127
Precision_test: -nan(ind)
Recall_test: 0.000000
F1_test: -nan(ind)
 

Arquitectura: _2_3_3_3_3_1_
Semilla: 1788094057
Segundos: 186
NIteraciones: 100000

Costo_train: 0.249940
Precision_train: -nan(ind)
Recall_train: 0.000000
F1_train: -nan(ind)

Costo_test: 0.250116
Precision_test: -nan(ind)
Recall_test: 0.000000
F1_test: -nan(ind)
 

Arquitectura: _2_3_3_3_3_1_
Semilla: 1788094057
Segundos: 186
NIteraciones: 100000

Costo_train: 0.249987
Precision_train: -nan(ind)
Recall_train: 0.000000
F1_train: -nan(ind)

Costo_test: 0.250123
Precision_test: -nan(ind)
Recall_test: 0.000000
F1_test: -nan(ind)
 

Arquitectura: _2_3_3_3_3_1_
Semilla: 1788094057
Segundos: 186
NIteraciones: 100000

Costo_train: 0.249918
Precision_train: -nan(ind)
Recall_train: 0.000000
F1_train: -nan(ind)

Costo_test: 0.250087
Precision_test: -nan(ind)
Recall_test: 0.000000
F1_test: -nan(ind)
 

Arquitectura: _2_3_3_3_3_1_
Semilla: 1788094057
Segundos: 186
NIteraciones: 100000

Costo_train: 0.249947
Precision_train: -nan(ind)
Recall_train: 0.000000
F1_train: -nan(ind)

Costo_test: 0.250042
Precision_test: -nan(ind)
Recall_test: 0.000000
F1_test: -nan(ind)
 

Arquitectura: _2_3_3_3_3_1_
Semilla: 1788094057
Segundos: 186
NIteraciones: 100000

Costo_train: 0.249940
Precision_train: -nan(ind)
Recall_train: 0.000000
F1_train: -nan(ind)

Costo_test: 0.250092
Precision_test: -nan(ind)
Recall_test: 0.000000
F1_test: -nan(ind)
 

Arquitectura: _2_3_3_3_3_1_
Semilla: 1788094057
Segundos: 186
NIteraciones: 100000

Costo_train: 0.249955
Precision_train: -nan(ind)
Recall_train: 0.000000
F1_train: -nan(ind)

Costo_test: 0.250123
Precision_test: -nan(ind)
Recall_test: 0.000000
F1_test: -nan(ind)
 

Arquitectura: _2_3_3_3_3_1_
Semilla: 1788094057
Segundos: 186
NIteraciones: 100000

Costo_train: 0.249988
Precision_train: -nan(ind)
Recall_train: 0.000000
F1_train: -nan(ind)

Costo_test: 0.250122
Precision_test: -nan(ind)
Recall_test: 0.000000
F1_test: -nan(ind)
 

Arquitectura: _2_3_3_3_3_1_
Semilla: 1788094057
Segundos: 186
NIteraciones: 100000

Costo_train: 0.249980
Precision_train: -nan(ind)
Recall_train: 0.000000
F1_train: -nan(ind)

Costo_test: 0.250132
Precision_test: -nan(ind)
Recall_test: 0.000000
F1_test: -nan(ind)
 

Arquitectura: _2_3_3_3_3_1_
Semilla: 1788094057
Segundos: 186
NIteraciones: 100000

Costo_train: 0.249985
Precision_train: -nan(ind)
Recall_train: 0.000000
F1_train: -nan(ind)

Costo_test: 0.250131
Precision_test: -nan(ind)
Recall_test: 0.000000
F1_test: -nan(ind)
 

Arquitectura: _2_3_3_3_3_1_
Semilla: 1788094057
Segundos: 186
NIteraciones: 100000

Costo_train: 0.249959
Precision_train: -nan(ind)
Recall_train: 0.000000
F1_train: -nan(ind)

Costo_test: 0.250100
Precision_test: -nan(ind)
Recall_test: 0.000000
F1_test: -nan(ind)
 

Arquitectura: _2_3_3_3_3_1_
Semilla: 1788094057
Segundos: 186
NIteraciones: 100000

Costo_train: 0.249968
Precision_train: -nan(ind)
Recall_train: 0.000000
F1_train: -nan(ind)

Costo_test: 0.250150
Precision_test: -nan(ind)
Recall_test: 0.000000
F1_test: -nan(ind)
 

Arquitectura: _2_3_3_3_3_1_
Semilla: 1788094057
Segundos: 186
NIteraciones: 100000

Costo_train: 0.249996
Precision_train: -nan(ind)
Recall_train: 0.000000
F1_train: -nan(ind)

Costo_test: 0.250147
Precision_test: -nan(ind)
Recall_test: 0.000000
F1_test: -nan(ind)
 

Arquitectura: _2_3_3_3_3_1_
Semilla: 1788094057
Segundos: 186
NIteraciones: 100000

Costo_train: 0.249986
Precision_train: -nan(ind)
Recall_train: 0.000000
F1_train: -nan(ind)

Costo_test: 0.250125
Precision_test: -nan(ind)
Recall_test: 0.000000
F1_test: -nan(ind)
 

Arquitectura: _2_3_3_3_3_1_
Semilla: 1788094057
Segundos: 186
NIteraciones: 100000

Costo_train: 0.249960
Precision_train: -nan(ind)
Recall_train: 0.000000
F1_train: -nan(ind)

Costo_test: 0.250082
Precision_test: -nan(ind)
Recall_test: 0.000000
F1_test: -nan(ind)
 

Arquitectura: _2_3_3_3_3_1_
Semilla: 1788094057
Segundos: 186
NIteraciones: 100000

Costo_train: 0.249832
Precision_train: 0.557003
Recall_train: 0.215365
F1_train: 0.310627

Costo_test: 0.249947
Precision_test: 0.546875
Recall_test: 0.169903
F1_test: 0.259259
 

Arquitectura: _2_3_3_3_3_1_
Semilla: 1788094057
Segundos: 186
NIteraciones: 100000

Costo_train: 0.249844
Precision_train: 0.518868
Recall_train: 0.069270
F1_train: 0.122222

Costo_test: 0.250098
Precision_test: 0.517241
Recall_test: 0.072816
F1_test: 0.127660
 

Arquitectura: _2_3_3_3_3_1_
Semilla: 1788094057
Segundos: 186
NIteraciones: 100000

Costo_train: 0.248943
Precision_train: 0.526445
Recall_train: 0.539043
F1_train: 0.532670

Costo_test: 0.249571
Precision_test: 0.550505
Recall_test: 0.529126
F1_test: 0.539604
 

Arquitectura: _2_3_3_3_3_1_
Semilla: 1788094057
Segundos: 186
NIteraciones: 100000

Costo_train: 0.249929
Precision_train: -nan(ind)
Recall_train: 0.000000
F1_train: -nan(ind)

Costo_test: 0.250130
Precision_test: -nan(ind)
Recall_test: 0.000000
F1_test: -nan(ind)
 

Arquitectura: _2_3_3_3_3_1_
Semilla: 1788094057
Segundos: 186
NIteraciones: 100000

Costo_train: 0.249838
Precision_train: 0.618557
Recall_train: 0.075567
F1_train: 0.134680

Costo_test: 0.249978
Precision_test: 0.593750
Recall_test: 0.092233
F1_test: 0.159664
 

Arquitectura: _2_3_3_3_3_1_
Semilla: 1788094057
Segundos: 186
NIteraciones: 100000

Costo_train: 0.249974
Precision_train: -nan(ind)
Recall_train: 0.000000
F1_train: -nan(ind)

Costo_test: 0.250112
Precision_test: -nan(ind)
Recall_test: 0.000000
F1_test: -nan(ind)
 

Arquitectura: _2_3_3_3_3_1_
Semilla: 1788094057
Segundos: 186
NIteraciones: 100000

Costo_train: 0.249918
Precision_train: -nan(ind)
Recall_train: 0.000000
F1_train: -nan(ind)

Costo_test: 0.250065
Precision_test: -nan(ind)
Recall_test: 0.000000
F1_test: -nan(ind)
 

Arquitectura: _2_3_3_3_3_1_
Semilla: 1788094057
Segundos: 186
NIteraciones: 100000

Costo_train: 0.249855
Precision_train: 0.428571
Recall_train: 0.003778
F1_train: 0.007491

Costo_test: 0.250064
Precision_test: 0.666667
Recall_test: 0.009709
F1_test: 0.019139
 

Arquitectura: _2_3_3_3_3_1_
Semilla: 1788094057
Segundos: 186
NIteraciones: 100000

Costo_train: 0.249829
Precision_train: 0.553571
Recall_train: 0.078086
F1_train: 0.136865

Costo_test: 0.249971
Precision_test: 0.606061
Recall_test: 0.097087
F1_test: 0.167364
 

Arquitectura: _2_3_3_3_3_1_
Semilla: 1788094057
Segundos: 186
NIteraciones: 100000

Costo_train: 0.249705
Precision_train: 0.526578
Recall_train: 0.399244
F1_train: 0.454155

Costo_test: 0.250021
Precision_test: 0.525000
Recall_test: 0.407767
F1_test: 0.459016
 

Arquitectura: _2_3_3_3_3_1_
Semilla: 1788094057
Segundos: 186
NIteraciones: 100000

Costo_train: 0.249987
Precision_train: -nan(ind)
Recall_train: 0.000000
F1_train: -nan(ind)

Costo_test: 0.250128
Precision_test: -nan(ind)
Recall_test: 0.000000
F1_test: -nan(ind)
 

Arquitectura: _2_3_3_3_3_1_
Semilla: 1788094057
Segundos: 186
NIteraciones: 100000

Costo_train: 0.249961
Precision_train: -nan(ind)
Recall_train: 0.000000
F1_train: -nan(ind)

Costo_test: 0.250111
Precision_test: -nan(ind)
Recall_test: 0.000000
F1_test: -nan(ind)
 

Arquitectura: _2_3_3_3_3_1_
Semilla: 1788094057
Segundos: 186
NIteraciones: 100000

Costo_train: 0.249977
Precision_train: -nan(ind)
Recall_train: 0.000000
F1_train: -nan(ind)

Costo_test: 0.250143
Precision_test: -nan(ind)
Recall_test: 0.000000
F1_test: -nan(ind)
 

Arquitectura: _2_3_3_3_3_1_
Semilla: 1788094057
Segundos: 186
NIteraciones: 100000

Costo_train: 0.249901
Precision_train: -nan(ind)
Recall_train: 0.000000
F1_train: -nan(ind)

Costo_test: 0.250034
Precision_test: -nan(ind)
Recall_test: 0.000000
F1_test: -nan(ind)
 

Arquitectura: _2_3_3_3_3_1_
Semilla: 1788094057
Segundos: 186
NIteraciones: 100000

Costo_train: 0.249903
Precision_train: -nan(ind)
Recall_train: 0.000000
F1_train: -nan(ind)

Costo_test: 0.250114
Precision_test: -nan(ind)
Recall_test: 0.000000
F1_test: -nan(ind)
 

Arquitectura: _2_3_3_3_3_1_
Semilla: 1788094057
Segundos: 186
NIteraciones: 100000

Costo_train: 0.249904
Precision_train: -nan(ind)
Recall_train: 0.000000
F1_train: -nan(ind)

Costo_test: 0.250082
Precision_test: -nan(ind)
Recall_test: 0.000000
F1_test: -nan(ind)
 

Arquitectura: _2_3_3_3_3_1_
Semilla: 1788094057
Segundos: 186
NIteraciones: 100000

Costo_train: 0.249960
Precision_train: -nan(ind)
Recall_train: 0.000000
F1_train: -nan(ind)

Costo_test: 0.250105
Precision_test: -nan(ind)
Recall_test: 0.000000
F1_test: -nan(ind)
 

Arquitectura: _2_3_3_3_3_1_
Semilla: 1788094057
Segundos: 186
NIteraciones: 100000

Costo_train: 0.249907
Precision_train: -nan(ind)
Recall_train: 0.000000
F1_train: -nan(ind)

Costo_test: 0.250098
Precision_test: -nan(ind)
Recall_test: 0.000000
F1_test: -nan(ind)
 

Arquitectura: _2_3_3_3_3_1_
Semilla: 1788094057
Segundos: 186
NIteraciones: 100000

Costo_train: 0.249948
Precision_train: -nan(ind)
Recall_train: 0.000000
F1_train: -nan(ind)

Costo_test: 0.250092
Precision_test: -nan(ind)
Recall_test: 0.000000
F1_test: -nan(ind)
 

Arquitectura: _2_3_3_3_3_1_
Semilla: 1788094057
Segundos: 186
NIteraciones: 100000

Costo_train: 0.249971
Precision_train: -nan(ind)
Recall_train: 0.000000
F1_train: -nan(ind)

Costo_test: 0.250102
Precision_test: -nan(ind)
Recall_test: 0.000000
F1_test: -nan(ind)
 

Arquitectura: _2_3_3_3_3_1_
Semilla: 1788094057
Segundos: 186
NIteraciones: 100000

Costo_train: 0.249484
Precision_train: 0.525253
Recall_train: 0.523929
F1_train: 0.524590

Costo_test: 0.249871
Precision_test: 0.548718
Recall_test: 0.519417
F1_test: 0.533666
 

Arquitectura: _2_3_3_3_3_1_
Semilla: 1788094057
Segundos: 186
NIteraciones: 100000

Costo_train: 0.249965
Precision_train: -nan(ind)
Recall_train: 0.000000
F1_train: -nan(ind)

Costo_test: 0.250122
Precision_test: -nan(ind)
Recall_test: 0.000000
F1_test: -nan(ind)
 

Arquitectura: _2_3_3_3_3_1_
Semilla: 1788094057
Segundos: 186
NIteraciones: 100000

Costo_train: 0.249964
Precision_train: -nan(ind)
Recall_train: 0.000000
F1_train: -nan(ind)

Costo_test: 0.250143
Precision_test: -nan(ind)
Recall_test: 0.000000
F1_test: -nan(ind)
 

Arquitectura: _2_3_3_3_3_1_
Semilla: 1788094057
Segundos: 186
NIteraciones: 100000

Costo_train: 0.249816
Precision_train: 0.623188
Recall_train: 0.054156
F1_train: 0.099652

Costo_test: 0.249980
Precision_test: 0.521739
Recall_test: 0.058252
F1_test: 0.104803
 

Arquitectura: _2_3_3_3_3_1_
Semilla: 1788094057
Segundos: 186
NIteraciones: 100000

Costo_train: 0.249956
Precision_train: -nan(ind)
Recall_train: 0.000000
F1_train: -nan(ind)

Costo_test: 0.250083
Precision_test: -nan(ind)
Recall_test: 0.000000
F1_test: -nan(ind)
 

Arquitectura: _2_3_3_3_3_1_
Semilla: 1788094057
Segundos: 186
NIteraciones: 100000

Costo_train: 0.249986
Precision_train: -nan(ind)
Recall_train: 0.000000
F1_train: -nan(ind)

Costo_test: 0.250136
Precision_test: -nan(ind)
Recall_test: 0.000000
F1_test: -nan(ind)
 

Arquitectura: _2_3_3_3_3_1_
Semilla: 1788094057
Segundos: 186
NIteraciones: 100000

Costo_train: 0.249893
Precision_train: -nan(ind)
Recall_train: 0.000000
F1_train: -nan(ind)

Costo_test: 0.250059
Precision_test: -nan(ind)
Recall_test: 0.000000
F1_test: -nan(ind)
 

Arquitectura: _2_3_3_3_3_1_
Semilla: 1788094057
Segundos: 186
NIteraciones: 100000

Costo_train: 0.249477
Precision_train: 0.534776
Recall_train: 0.435768
F1_train: 0.480222

Costo_test: 0.249666
Precision_test: 0.547170
Recall_test: 0.422330
F1_test: 0.476712
 

Arquitectura: _2_3_3_3_3_1_
Semilla: 1788094057
Segundos: 186
NIteraciones: 100000

Costo_train: 0.249994
Precision_train: -nan(ind)
Recall_train: 0.000000
F1_train: -nan(ind)

Costo_test: 0.250127
Precision_test: -nan(ind)
Recall_test: 0.000000
F1_test: -nan(ind)
 

Arquitectura: _2_3_3_3_3_1_
Semilla: 1788094057
Segundos: 186
NIteraciones: 100000

Costo_train: 0.249985
Precision_train: -nan(ind)
Recall_train: 0.000000
F1_train: -nan(ind)

Costo_test: 0.250124
Precision_test: -nan(ind)
Recall_test: 0.000000
F1_test: -nan(ind)
 

Arquitectura: _2_3_3_3_3_1_
Semilla: 1788094057
Segundos: 186
NIteraciones: 100000

Costo_train: 0.249981
Precision_train: -nan(ind)
Recall_train: 0.000000
F1_train: -nan(ind)

Costo_test: 0.250109
Precision_test: -nan(ind)
Recall_test: 0.000000
F1_test: -nan(ind)
 

Arquitectura: _2_3_3_3_3_1_
Semilla: 1788094057
Segundos: 186
NIteraciones: 100000

Costo_train: 0.249993
Precision_train: -nan(ind)
Recall_train: 0.000000
F1_train: -nan(ind)

Costo_test: 0.250118
Precision_test: -nan(ind)
Recall_test: 0.000000
F1_test: -nan(ind)
 

Arquitectura: _2_3_3_3_3_1_
Semilla: 1788094057
Segundos: 186
NIteraciones: 100000

Costo_train: 0.249838
Precision_train: 0.652174
Recall_train: 0.018892
F1_train: 0.036720

Costo_test: 0.249994
Precision_test: 0.111111
Recall_test: 0.004854
F1_test: 0.009302
 

Arquitectura: _2_3_3_3_3_1_
Semilla: 1788094057
Segundos: 186
NIteraciones: 100000

Costo_train: 0.249986
Precision_train: -nan(ind)
Recall_train: 0.000000
F1_train: -nan(ind)

Costo_test: 0.250125
Precision_test: -nan(ind)
Recall_test: 0.000000
F1_test: -nan(ind)
 

Arquitectura: _2_3_3_3_3_1_
Semilla: 1788094057
Segundos: 186
NIteraciones: 100000

Costo_train: 0.249987
Precision_train: -nan(ind)
Recall_train: 0.000000
F1_train: -nan(ind)

Costo_test: 0.250127
Precision_test: -nan(ind)
Recall_test: 0.000000
F1_test: -nan(ind)
 

Arquitectura: _2_3_3_3_3_1_
Semilla: 1788094057
Segundos: 186
NIteraciones: 100000

Costo_train: 0.249987
Precision_train: -nan(ind)
Recall_train: 0.000000
F1_train: -nan(ind)

Costo_test: 0.250115
Precision_test: -nan(ind)
Recall_test: 0.000000
F1_test: -nan(ind)
 

Arquitectura: _2_3_3_3_3_1_
Semilla: 1788094057
Segundos: 186
NIteraciones: 100000

Costo_train: 0.249957
Precision_train: -nan(ind)
Recall_train: 0.000000
F1_train: -nan(ind)

Costo_test: 0.250104
Precision_test: -nan(ind)
Recall_test: 0.000000
F1_test: -nan(ind)
 

Arquitectura: _2_3_3_3_3_1_
Semilla: 1788094057
Segundos: 186
NIteraciones: 100000

Costo_train: 0.249892
Precision_train: -nan(ind)
Recall_train: 0.000000
F1_train: -nan(ind)

Costo_test: 0.250083
Precision_test: -nan(ind)
Recall_test: 0.000000
F1_test: -nan(ind)
 

Arquitectura: _2_3_3_3_3_1_
Semilla: 1788094057
Segundos: 186
NIteraciones: 100000

Costo_train: 0.249864
Precision_train: -nan(ind)
Recall_train: 0.000000
F1_train: -nan(ind)

Costo_test: 0.250035
Precision_test: -nan(ind)
Recall_test: 0.000000
F1_test: -nan(ind)
 

Arquitectura: _2_3_3_3_3_1_
Semilla: 1788094057
Segundos: 186
NIteraciones: 100000

Costo_train: 0.249988
Precision_train: -nan(ind)
Recall_train: 0.000000
F1_train: -nan(ind)

Costo_test: 0.250128
Precision_test: -nan(ind)
Recall_test: 0.000000
F1_test: -nan(ind)
 

Arquitectura: _2_3_3_3_3_1_
Semilla: 1788094057
Segundos: 186
NIteraciones: 100000

Costo_train: 0.249895
Precision_train: -nan(ind)
Recall_train: 0.000000
F1_train: -nan(ind)

Costo_test: 0.250043
Precision_test: -nan(ind)
Recall_test: 0.000000
F1_test: -nan(ind)
 

Arquitectura: _2_3_3_3_3_1_
Semilla: 1788094057
Segundos: 186
NIteraciones: 100000

Costo_train: 0.249983
Precision_train: -nan(ind)
Recall_train: 0.000000
F1_train: -nan(ind)

Costo_test: 0.250138
Precision_test: -nan(ind)
Recall_test: 0.000000
F1_test: -nan(ind)
 

Arquitectura: _2_3_3_3_3_1_
Semilla: 1788094057
Segundos: 186
NIteraciones: 100000

Costo_train: 0.249952
Precision_train: -nan(ind)
Recall_train: 0.000000
F1_train: -nan(ind)

Costo_test: 0.250054
Precision_test: -nan(ind)
Recall_test: 0.000000
F1_test: -nan(ind)
 

Arquitectura: _2_3_3_3_3_1_
Semilla: 1788094057
Segundos: 186
NIteraciones: 100000

Costo_train: 0.249801
Precision_train: 0.531915
Recall_train: 0.094458
F1_train: 0.160428

Costo_test: 0.250027
Precision_test: 0.428571
Recall_test: 0.072816
F1_test: 0.124481
 

Arquitectura: _2_3_3_3_3_1_
Semilla: 1788094057
Segundos: 186
NIteraciones: 100000

Costo_train: 0.249849
Precision_train: 0.666667
Recall_train: 0.002519
F1_train: 0.005019

Costo_test: 0.250041
Precision_test: 0.500000
Recall_test: 0.004854
F1_test: 0.009615
 

Arquitectura: _2_3_3_3_3_1_
Semilla: 1788094057
Segundos: 186
NIteraciones: 100000

Costo_train: 0.249967
Precision_train: -nan(ind)
Recall_train: 0.000000
F1_train: -nan(ind)

Costo_test: 0.250114
Precision_test: -nan(ind)
Recall_test: 0.000000
F1_test: -nan(ind)
 

Arquitectura: _2_3_3_3_3_1_
Semilla: 1788094057
Segundos: 186
NIteraciones: 100000

Costo_train: 0.249934
Precision_train: -nan(ind)
Recall_train: 0.000000
F1_train: -nan(ind)

Costo_test: 0.250083
Precision_test: -nan(ind)
Recall_test: 0.000000
F1_test: -nan(ind)
 

Arquitectura: _2_3_3_3_3_1_
Semilla: 1788094057
Segundos: 186
NIteraciones: 100000

Costo_train: 0.249988
Precision_train: -nan(ind)
Recall_train: 0.000000
F1_train: -nan(ind)

Costo_test: 0.250124
Precision_test: -nan(ind)
Recall_test: 0.000000
F1_test: -nan(ind)
 

Arquitectura: _2_3_3_3_3_1_
Semilla: 1788094057
Segundos: 186
NIteraciones: 100000

Costo_train: 0.249942
Precision_train: -nan(ind)
Recall_train: 0.000000
F1_train: -nan(ind)

Costo_test: 0.250116
Precision_test: -nan(ind)
Recall_test: 0.000000
F1_test: -nan(ind)
 

Arquitectura: _2_3_3_3_3_1_
Semilla: 1788094057
Segundos: 186
NIteraciones: 100000

Costo_train: 0.249970
Precision_train: -nan(ind)
Recall_train: 0.000000
F1_train: -nan(ind)

Costo_test: 0.250122
Precision_test: -nan(ind)
Recall_test: 0.000000
F1_test: -nan(ind)
 

Arquitectura: _2_3_3_3_3_1_
Semilla: 1788094057
Segundos: 186
NIteraciones: 100000

Costo_train: 0.249896
Precision_train: -nan(ind)
Recall_train: 0.000000
F1_train: -nan(ind)

Costo_test: 0.250062
Precision_test: -nan(ind)
Recall_test: 0.000000
F1_test: -nan(ind)
 

Arquitectura: _2_3_3_3_3_1_
Semilla: 1788094057
Segundos: 186
NIteraciones: 100000

Costo_train: 0.249937
Precision_train: -nan(ind)
Recall_train: 0.000000
F1_train: -nan(ind)

Costo_test: 0.250108
Precision_test: -nan(ind)
Recall_test: 0.000000
F1_test: -nan(ind)
 

Arquitectura: _2_3_3_3_3_1_
Semilla: 1788094057
Segundos: 186
NIteraciones: 100000

Costo_train: 0.249874
Precision_train: -nan(ind)
Recall_train: 0.000000
F1_train: -nan(ind)

Costo_test: 0.249996
Precision_test: -nan(ind)
Recall_test: 0.000000
F1_test: -nan(ind)
 

Arquitectura: _2_3_3_3_3_1_
Semilla: 1788094057
Segundos: 186
NIteraciones: 100000

Costo_train: 0.249989
Precision_train: -nan(ind)
Recall_train: 0.000000
F1_train: -nan(ind)

Costo_test: 0.250112
Precision_test: -nan(ind)
Recall_test: 0.000000
F1_test: -nan(ind)
 

Arquitectura: _2_3_3_3_3_1_
Semilla: 1788094057
Segundos: 186
NIteraciones: 100000

Costo_train: 0.249978
Precision_train: -nan(ind)
Recall_train: 0.000000
F1_train: -nan(ind)

Costo_test: 0.250105
Precision_test: -nan(ind)
Recall_test: 0.000000
F1_test: -nan(ind)
 

Arquitectura: _2_3_3_3_3_1_
Semilla: 1788094057
Segundos: 186
NIteraciones: 100000

Costo_train: 0.249988
Precision_train: -nan(ind)
Recall_train: 0.000000
F1_train: -nan(ind)

Costo_test: 0.250116
Precision_test: -nan(ind)
Recall_test: 0.000000
F1_test: -nan(ind)
 

Arquitectura: _2_3_3_3_3_1_
Semilla: 1788094057
Segundos: 186
NIteraciones: 100000

Costo_train: 0.249857
Precision_train: -nan(ind)
Recall_train: 0.000000
F1_train: -nan(ind)

Costo_test: 0.250007
Precision_test: -nan(ind)
Recall_test: 0.000000
F1_test: -nan(ind)
 

Arquitectura: _2_3_3_3_3_1_
Semilla: 1788094057
Segundos: 186
NIteraciones: 100000

Costo_train: 0.249727
Precision_train: 0.522887
Recall_train: 0.374055
F1_train: 0.436123

Costo_test: 0.250054
Precision_test: 0.519737
Recall_test: 0.383495
F1_test: 0.441341
 

Arquitectura: _2_3_3_3_3_1_
Semilla: 1788094057
Segundos: 186
NIteraciones: 100000

Costo_train: 0.249920
Precision_train: -nan(ind)
Recall_train: 0.000000
F1_train: -nan(ind)

Costo_test: 0.250119
Precision_test: -nan(ind)
Recall_test: 0.000000
F1_test: -nan(ind)
 

Arquitectura: _2_3_3_3_3_1_
Semilla: 1788094057
Segundos: 186
NIteraciones: 100000

Costo_train: 0.249932
Precision_train: -nan(ind)
Recall_train: 0.000000
F1_train: -nan(ind)

Costo_test: 0.250051
Precision_test: -nan(ind)
Recall_test: 0.000000
F1_test: -nan(ind)
 

Arquitectura: _2_3_3_3_3_1_
Semilla: 1788094057
Segundos: 186
NIteraciones: 100000

Costo_train: 0.249986
Precision_train: -nan(ind)
Recall_train: 0.000000
F1_train: -nan(ind)

Costo_test: 0.250126
Precision_test: -nan(ind)
Recall_test: 0.000000
F1_test: -nan(ind)
 

Arquitectura: _2_3_3_3_3_1_
Semilla: 1788094057
Segundos: 186
NIteraciones: 100000

Costo_train: 0.249670
Precision_train: 0.534247
Recall_train: 0.343829
F1_train: 0.418391

Costo_test: 0.249834
Precision_test: 0.549180
Recall_test: 0.325243
F1_test: 0.408537
 

Arquitectura: _2_3_3_3_3_1_
Semilla: 1788094057
Segundos: 186
NIteraciones: 100000

Costo_train: 0.249993
Precision_train: -nan(ind)
Recall_train: 0.000000
F1_train: -nan(ind)

Costo_test: 0.250126
Precision_test: -nan(ind)
Recall_test: 0.000000
F1_test: -nan(ind)
 

Arquitectura: _2_3_3_3_3_1_
Semilla: 1788094057
Segundos: 186
NIteraciones: 100000

Costo_train: 0.249868
Precision_train: 0.461538
Recall_train: 0.015113
F1_train: 0.029268

Costo_test: 0.250000
Precision_test: 0.444444
Recall_test: 0.019417
F1_test: 0.037209
 

Arquitectura: _2_3_3_3_3_1_
Semilla: 1788094057
Segundos: 186
NIteraciones: 100000

Costo_train: 0.249767
Precision_train: 0.536122
Recall_train: 0.177582
F1_train: 0.266793

Costo_test: 0.250005
Precision_test: 0.478261
Recall_test: 0.160194
F1_test: 0.240000
 

Arquitectura: _2_3_3_3_3_1_
Semilla: 1788094057
Segundos: 186
NIteraciones: 100000

Costo_train: 0.249977
Precision_train: -nan(ind)
Recall_train: 0.000000
F1_train: -nan(ind)

Costo_test: 0.250123
Precision_test: -nan(ind)
Recall_test: 0.000000
F1_test: -nan(ind)
 

Arquitectura: _2_3_3_3_3_1_
Semilla: 1788094057
Segundos: 186
NIteraciones: 100000

Costo_train: 0.249969
Precision_train: -nan(ind)
Recall_train: 0.000000
F1_train: -nan(ind)

Costo_test: 0.250113
Precision_test: -nan(ind)
Recall_test: 0.000000
F1_test: -nan(ind)
 

Arquitectura: _2_3_3_3_3_1_
Semilla: 1788094057
Segundos: 186
NIteraciones: 100000

Costo_train: 0.249967
Precision_train: -nan(ind)
Recall_train: 0.000000
F1_train: -nan(ind)

Costo_test: 0.250095
Precision_test: -nan(ind)
Recall_test: 0.000000
F1_test: -nan(ind)
 

Arquitectura: _2_3_3_3_3_1_
Semilla: 1788094057
Segundos: 186
NIteraciones: 100000

Costo_train: 0.249983
Precision_train: -nan(ind)
Recall_train: 0.000000
F1_train: -nan(ind)

Costo_test: 0.250126
Precision_test: -nan(ind)
Recall_test: 0.000000
F1_test: -nan(ind)
 

Arquitectura: _2_3_3_3_3_1_
Semilla: 1788094057
Segundos: 186
NIteraciones: 100000

Costo_train: 0.249966
Precision_train: -nan(ind)
Recall_train: 0.000000
F1_train: -nan(ind)

Costo_test: 0.250121
Precision_test: -nan(ind)
Recall_test: 0.000000
F1_test: -nan(ind)
 

Arquitectura: _2_3_3_3_3_1_
Semilla: 1788094057
Segundos: 186
NIteraciones: 100000

Costo_train: 0.249988
Precision_train: -nan(ind)
Recall_train: 0.000000
F1_train: -nan(ind)

Costo_test: 0.250138
Precision_test: -nan(ind)
Recall_test: 0.000000
F1_test: -nan(ind)
 

Arquitectura: _2_3_3_3_3_1_
Semilla: 1788094057
Segundos: 186
NIteraciones: 100000

Costo_train: 0.249914
Precision_train: -nan(ind)
Recall_train: 0.000000
F1_train: -nan(ind)

Costo_test: 0.250035
Precision_test: -nan(ind)
Recall_test: 0.000000
F1_test: -nan(ind)
 

Arquitectura: _2_3_3_3_3_1_
Semilla: 1788094057
Segundos: 186
NIteraciones: 100000

Costo_train: 0.249967
Precision_train: -nan(ind)
Recall_train: 0.000000
F1_train: -nan(ind)

Costo_test: 0.250120
Precision_test: -nan(ind)
Recall_test: 0.000000
F1_test: -nan(ind)
 


--- Test Angosta 5.0 ---
Iteración 10000
Costo: 0.248848
Iteración 20000
Costo: 0.248830
Iteración 30000
Costo: 0.248803
Iteración 40000
Costo: 0.248761
Iteración 50000
Costo: 0.248699
Iteración 60000
Costo: 0.248623
Iteración 70000
Costo: 0.248554
Iteración 80000
Costo: 0.248500
Iteración 90000
Costo: 0.248458

Arquitectura: _2_15_1_
Semilla: 1788094243
Segundos: 56
NIteraciones: 100000

Costo_train: 0.248425
Precision_train: 0.532033
Recall_train: 0.481108
F1_train: 0.505291

Costo_test: 0.249122
Precision_test: 0.541899
Recall_test: 0.470874
F1_test: 0.503896
 

Arquitectura: _2_15_1_
Semilla: 1788094243
Segundos: 56
NIteraciones: 100000

Costo_train: 0.248610
Precision_train: 0.526055
Recall_train: 0.534005
F1_train: 0.530000

Costo_test: 0.249880
Precision_test: 0.553299
Recall_test: 0.529126
F1_test: 0.540943
 

Arquitectura: _2_15_1_
Semilla: 1788094243
Segundos: 56
NIteraciones: 100000

Costo_train: 0.248580
Precision_train: 0.527228
Recall_train: 0.536524
F1_train: 0.531835

Costo_test: 0.249585
Precision_test: 0.548223
Recall_test: 0.524272
F1_test: 0.535980
 

Arquitectura: _2_15_1_
Semilla: 1788094243
Segundos: 56
NIteraciones: 100000

Costo_train: 0.248454
Precision_train: 0.526510
Recall_train: 0.537783
F1_train: 0.532087

Costo_test: 0.249628
Precision_test: 0.550505
Recall_test: 0.529126
F1_test: 0.539604
 

Arquitectura: _2_15_1_
Semilla: 1788094243
Segundos: 56
NIteraciones: 100000

Costo_train: 0.248442
Precision_train: 0.529745
Recall_train: 0.471033
F1_train: 0.498667

Costo_test: 0.249072
Precision_test: 0.545455
Recall_test: 0.466019
F1_test: 0.502618
 

Arquitectura: _2_15_1_
Semilla: 1788094243
Segundos: 56
NIteraciones: 100000

Costo_train: 0.248402
Precision_train: 0.528967
Recall_train: 0.528967
F1_train: 0.528967

Costo_test: 0.249626
Precision_test: 0.560209
Recall_test: 0.519417
F1_test: 0.539043
 

Arquitectura: _2_15_1_
Semilla: 1788094243
Segundos: 56
NIteraciones: 100000

Costo_train: 0.248434
Precision_train: 0.528302
Recall_train: 0.528967
F1_train: 0.528634

Costo_test: 0.249199
Precision_test: 0.546392
Recall_test: 0.514563
F1_test: 0.530000
 

Arquitectura: _2_15_1_
Semilla: 1788094243
Segundos: 56
NIteraciones: 100000

Costo_train: 0.248462
Precision_train: 0.526642
Recall_train: 0.535264
F1_train: 0.530918

Costo_test: 0.249449
Precision_test: 0.548223
Recall_test: 0.524272
F1_test: 0.535980
 

Arquitectura: _2_15_1_
Semilla: 1788094243
Segundos: 56
NIteraciones: 100000

Costo_train: 0.248819
Precision_train: 0.527295
Recall_train: 0.535264
F1_train: 0.531250

Costo_test: 0.249755
Precision_test: 0.548223
Recall_test: 0.524272
F1_test: 0.535980
 

Arquitectura: _2_15_1_
Semilla: 1788094243
Segundos: 56
NIteraciones: 100000

Costo_train: 0.248393
Precision_train: 0.529412
Recall_train: 0.487406
F1_train: 0.507541

Costo_test: 0.249040
Precision_test: 0.548913
Recall_test: 0.490291
F1_test: 0.517949
 

Arquitectura: _2_15_1_
Semilla: 1788094243
Segundos: 56
NIteraciones: 100000

Costo_train: 0.248460
Precision_train: 0.530799
Recall_train: 0.510076
F1_train: 0.520231

Costo_test: 0.249136
Precision_test: 0.547368
Recall_test: 0.504854
F1_test: 0.525253
 

Arquitectura: _2_15_1_
Semilla: 1788094243
Segundos: 56
NIteraciones: 100000

Costo_train: 0.248607
Precision_train: 0.527812
Recall_train: 0.537783
F1_train: 0.532751

Costo_test: 0.249863
Precision_test: 0.550505
Recall_test: 0.529126
F1_test: 0.539604
 

Arquitectura: _2_15_1_
Semilla: 1788094243
Segundos: 56
NIteraciones: 100000

Costo_train: 0.248593
Precision_train: 0.529936
Recall_train: 0.523929
F1_train: 0.526916

Costo_test: 0.249534
Precision_test: 0.546392
Recall_test: 0.514563
F1_test: 0.530000
 

Arquitectura: _2_15_1_
Semilla: 1788094243
Segundos: 56
NIteraciones: 100000

Costo_train: 0.248622
Precision_train: 0.531250
Recall_train: 0.535264
F1_train: 0.533250

Costo_test: 0.249471
Precision_test: 0.551020
Recall_test: 0.524272
F1_test: 0.537313
 

Arquitectura: _2_15_1_
Semilla: 1788094243
Segundos: 56
NIteraciones: 100000

Costo_train: 0.248768
Precision_train: 0.527812
Recall_train: 0.537783
F1_train: 0.532751

Costo_test: 0.249738
Precision_test: 0.548223
Recall_test: 0.524272
F1_test: 0.535980
 

Arquitectura: _2_15_1_
Semilla: 1788094243
Segundos: 56
NIteraciones: 100000

Costo_train: 0.248428
Precision_train: 0.533058
Recall_train: 0.487406
F1_train: 0.509211

Costo_test: 0.249100
Precision_test: 0.538462
Recall_test: 0.475728
F1_test: 0.505155
 

Arquitectura: _2_15_1_
Semilla: 1788094243
Segundos: 56
NIteraciones: 100000

Costo_train: 0.248514
Precision_train: 0.530457
Recall_train: 0.526448
F1_train: 0.528445

Costo_test: 0.249430
Precision_test: 0.548718
Recall_test: 0.519417
F1_test: 0.533666
 

Arquitectura: _2_15_1_
Semilla: 1788094243
Segundos: 56
NIteraciones: 100000

Costo_train: 0.248449
Precision_train: 0.533844
Recall_train: 0.526448
F1_train: 0.530120

Costo_test: 0.249223
Precision_test: 0.544041
Recall_test: 0.509709
F1_test: 0.526316
 

Arquitectura: _2_15_1_
Semilla: 1788094243
Segundos: 56
NIteraciones: 100000

Costo_train: 0.248472
Precision_train: 0.529737
Recall_train: 0.482368
F1_train: 0.504944

Costo_test: 0.249185
Precision_test: 0.546961
Recall_test: 0.480583
F1_test: 0.511628
 

Arquitectura: _2_15_1_
Semilla: 1788094243
Segundos: 56
NIteraciones: 100000

Costo_train: 0.248541
Precision_train: 0.531777
Recall_train: 0.516373
F1_train: 0.523962

Costo_test: 0.249395
Precision_test: 0.546875
Recall_test: 0.509709
F1_test: 0.527638
 

Arquitectura: _2_15_1_
Semilla: 1788094243
Segundos: 56
NIteraciones: 100000

Costo_train: 0.248356
Precision_train: 0.532026
Recall_train: 0.512594
F1_train: 0.522130

Costo_test: 0.248981
Precision_test: 0.552083
Recall_test: 0.514563
F1_test: 0.532663
 

Arquitectura: _2_15_1_
Semilla: 1788094243
Segundos: 56
NIteraciones: 100000

Costo_train: 0.248600
Precision_train: 0.530380
Recall_train: 0.527708
F1_train: 0.529040

Costo_test: 0.249406
Precision_test: 0.546392
Recall_test: 0.514563
F1_test: 0.530000
 

Arquitectura: _2_15_1_
Semilla: 1788094243
Segundos: 56
NIteraciones: 100000

Costo_train: 0.248777
Precision_train: 0.526642
Recall_train: 0.535264
F1_train: 0.530918

Costo_test: 0.249665
Precision_test: 0.548223
Recall_test: 0.524272
F1_test: 0.535980
 

Arquitectura: _2_15_1_
Semilla: 1788094243
Segundos: 56
NIteraciones: 100000

Costo_train: 0.248502
Precision_train: 0.533426
Recall_train: 0.482368
F1_train: 0.506614

Costo_test: 0.249237
Precision_test: 0.536313
Recall_test: 0.466019
F1_test: 0.498701
 

Arquitectura: _2_15_1_
Semilla: 1788094243
Segundos: 56
NIteraciones: 100000

Costo_train: 0.248585
Precision_train: 0.528020
Recall_train: 0.534005
F1_train: 0.530996

Costo_test: 0.249544
Precision_test: 0.548223
Recall_test: 0.524272
F1_test: 0.535980
 

Arquitectura: _2_15_1_
Semilla: 1788094243
Segundos: 56
NIteraciones: 100000

Costo_train: 0.248484
Precision_train: 0.529338
Recall_train: 0.534005
F1_train: 0.531662

Costo_test: 0.249348
Precision_test: 0.551020
Recall_test: 0.524272
F1_test: 0.537313
 

Arquitectura: _2_15_1_
Semilla: 1788094243
Segundos: 56
NIteraciones: 100000

Costo_train: 0.248423
Precision_train: 0.528477
Recall_train: 0.502519
F1_train: 0.515171

Costo_test: 0.249091
Precision_test: 0.547872
Recall_test: 0.500000
F1_test: 0.522843
 

Arquitectura: _2_15_1_
Semilla: 1788094243
Segundos: 56
NIteraciones: 100000

Costo_train: 0.248296
Precision_train: 0.532436
Recall_train: 0.547859
F1_train: 0.540037

Costo_test: 0.249022
Precision_test: 0.545000
Recall_test: 0.529126
F1_test: 0.536946
 

Arquitectura: _2_15_1_
Semilla: 1788094243
Segundos: 56
NIteraciones: 100000

Costo_train: 0.248507
Precision_train: 0.532213
Recall_train: 0.478589
F1_train: 0.503979

Costo_test: 0.249244
Precision_test: 0.536313
Recall_test: 0.466019
F1_test: 0.498701
 

Arquitectura: _2_15_1_
Semilla: 1788094243
Segundos: 56
NIteraciones: 100000

Costo_train: 0.248463
Precision_train: 0.530167
Recall_train: 0.520151
F1_train: 0.525111

Costo_test: 0.249152
Precision_test: 0.551546
Recall_test: 0.519417
F1_test: 0.535000
 

Arquitectura: _2_15_1_
Semilla: 1788094243
Segundos: 56
NIteraciones: 100000

Costo_train: 0.248798
Precision_train: 0.527812
Recall_train: 0.537783
F1_train: 0.532751

Costo_test: 0.249728
Precision_test: 0.548223
Recall_test: 0.524272
F1_test: 0.535980
 

Arquitectura: _2_15_1_
Semilla: 1788094243
Segundos: 56
NIteraciones: 100000

Costo_train: 0.248520
Precision_train: 0.532110
Recall_train: 0.511335
F1_train: 0.521516

Costo_test: 0.249211
Precision_test: 0.549738
Recall_test: 0.509709
F1_test: 0.528967
 

Arquitectura: _2_15_1_
Semilla: 1788094243
Segundos: 56
NIteraciones: 100000

Costo_train: 0.248676
Precision_train: 0.529925
Recall_train: 0.535264
F1_train: 0.532582

Costo_test: 0.249413
Precision_test: 0.551020
Recall_test: 0.524272
F1_test: 0.537313
 

Arquitectura: _2_15_1_
Semilla: 1788094243
Segundos: 56
NIteraciones: 100000

Costo_train: 0.248418
Precision_train: 0.526042
Recall_train: 0.508816
F1_train: 0.517286

Costo_test: 0.249608
Precision_test: 0.553763
Recall_test: 0.500000
F1_test: 0.525510
 

Arquitectura: _2_15_1_
Semilla: 1788094243
Segundos: 56
NIteraciones: 100000

Costo_train: 0.248433
Precision_train: 0.532775
Recall_train: 0.481108
F1_train: 0.505625

Costo_test: 0.249074
Precision_test: 0.543478
Recall_test: 0.485437
F1_test: 0.512821
 

Arquitectura: _2_15_1_
Semilla: 1788094243
Segundos: 56
NIteraciones: 100000

Costo_train: 0.248444
Precision_train: 0.532578
Recall_train: 0.473552
F1_train: 0.501333

Costo_test: 0.249105
Precision_test: 0.548571
Recall_test: 0.466019
F1_test: 0.503937
 

Arquitectura: _2_15_1_
Semilla: 1788094243
Segundos: 56
NIteraciones: 100000

Costo_train: 0.248619
Precision_train: 0.528536
Recall_train: 0.536524
F1_train: 0.532500

Costo_test: 0.249480
Precision_test: 0.548223
Recall_test: 0.524272
F1_test: 0.535980
 

Arquitectura: _2_15_1_
Semilla: 1788094243
Segundos: 56
NIteraciones: 100000

Costo_train: 0.248584
Precision_train: 0.531613
Recall_train: 0.518892
F1_train: 0.525175

Costo_test: 0.249370
Precision_test: 0.546875
Recall_test: 0.509709
F1_test: 0.527638
 

Arquitectura: _2_15_1_
Semilla: 1788094243
Segundos: 56
NIteraciones: 100000

Costo_train: 0.248499
Precision_train: 0.531973
Recall_train: 0.492443
F1_train: 0.511445

Costo_test: 0.249213
Precision_test: 0.543478
Recall_test: 0.485437
F1_test: 0.512821
 

Arquitectura: _2_15_1_
Semilla: 1788094243
Segundos: 56
NIteraciones: 100000

Costo_train: 0.248513
Precision_train: 0.529634
Recall_train: 0.528967
F1_train: 0.529301

Costo_test: 0.249308
Precision_test: 0.546392
Recall_test: 0.514563
F1_test: 0.530000
 

Arquitectura: _2_15_1_
Semilla: 1788094243
Segundos: 56
NIteraciones: 100000

Costo_train: 0.248370
Precision_train: 0.527027
Recall_train: 0.540302
F1_train: 0.533582

Costo_test: 0.249066
Precision_test: 0.554455
Recall_test: 0.543689
F1_test: 0.549020
 

Arquitectura: _2_15_1_
Semilla: 1788094243
Segundos: 56
NIteraciones: 100000

Costo_train: 0.248331
Precision_train: 0.531943
Recall_train: 0.513854
F1_train: 0.522742

Costo_test: 0.249396
Precision_test: 0.564972
Recall_test: 0.485437
F1_test: 0.522193
 

Arquitectura: _2_15_1_
Semilla: 1788094243
Segundos: 56
NIteraciones: 100000

Costo_train: 0.248571
Precision_train: 0.528020
Recall_train: 0.534005
F1_train: 0.530996

Costo_test: 0.249531
Precision_test: 0.548223
Recall_test: 0.524272
F1_test: 0.535980
 

Arquitectura: _2_15_1_
Semilla: 1788094243
Segundos: 56
NIteraciones: 100000

Costo_train: 0.248503
Precision_train: 0.531915
Recall_train: 0.503778
F1_train: 0.517464

Costo_test: 0.249254
Precision_test: 0.545455
Recall_test: 0.495146
F1_test: 0.519084
 

Arquitectura: _2_15_1_
Semilla: 1788094243
Segundos: 56
NIteraciones: 100000

Costo_train: 0.248591
Precision_train: 0.531375
Recall_train: 0.501259
F1_train: 0.515878

Costo_test: 0.249497
Precision_test: 0.535135
Recall_test: 0.480583
F1_test: 0.506394
 

Arquitectura: _2_15_1_
Semilla: 1788094243
Segundos: 56
NIteraciones: 100000

Costo_train: 0.248453
Precision_train: 0.527295
Recall_train: 0.535264
F1_train: 0.531250

Costo_test: 0.249474
Precision_test: 0.548223
Recall_test: 0.524272
F1_test: 0.535980
 

Arquitectura: _2_15_1_
Semilla: 1788094243
Segundos: 56
NIteraciones: 100000

Costo_train: 0.248538
Precision_train: 0.531414
Recall_train: 0.511335
F1_train: 0.521181

Costo_test: 0.249284
Precision_test: 0.549738
Recall_test: 0.509709
F1_test: 0.528967
 

Arquitectura: _2_15_1_
Semilla: 1788094243
Segundos: 56
NIteraciones: 100000

Costo_train: 0.248256
Precision_train: 0.528694
Recall_train: 0.545340
F1_train: 0.536888

Costo_test: 0.249331
Precision_test: 0.553846
Recall_test: 0.524272
F1_test: 0.538653
 

Arquitectura: _2_15_1_
Semilla: 1788094243
Segundos: 56
NIteraciones: 100000

Costo_train: 0.248531
Precision_train: 0.530457
Recall_train: 0.526448
F1_train: 0.528445

Costo_test: 0.249379
Precision_test: 0.544041
Recall_test: 0.509709
F1_test: 0.526316
 

Arquitectura: _2_15_1_
Semilla: 1788094243
Segundos: 56
NIteraciones: 100000

Costo_train: 0.248444
Precision_train: 0.533505
Recall_train: 0.521411
F1_train: 0.527389

Costo_test: 0.249192
Precision_test: 0.552083
Recall_test: 0.514563
F1_test: 0.532663
 

Arquitectura: _2_15_1_
Semilla: 1788094243
Segundos: 56
NIteraciones: 100000

Costo_train: 0.248487
Precision_train: 0.531209
Recall_train: 0.503778
F1_train: 0.517130

Costo_test: 0.249196
Precision_test: 0.548387
Recall_test: 0.495146
F1_test: 0.520408
 

Arquitectura: _2_15_1_
Semilla: 1788094243
Segundos: 56
NIteraciones: 100000

Costo_train: 0.248470
Precision_train: 0.535966
Recall_train: 0.478589
F1_train: 0.505655

Costo_test: 0.249046
Precision_test: 0.554286
Recall_test: 0.470874
F1_test: 0.509186
 

Arquitectura: _2_15_1_
Semilla: 1788094243
Segundos: 56
NIteraciones: 100000

Costo_train: 0.248638
Precision_train: 0.529851
Recall_train: 0.536524
F1_train: 0.533166

Costo_test: 0.249470
Precision_test: 0.551020
Recall_test: 0.524272
F1_test: 0.537313
 

Arquitectura: _2_15_1_
Semilla: 1788094243
Segundos: 56
NIteraciones: 100000

Costo_train: 0.248496
Precision_train: 0.527228
Recall_train: 0.536524
F1_train: 0.531835

Costo_test: 0.249736
Precision_test: 0.551020
Recall_test: 0.524272
F1_test: 0.537313
 

Arquitectura: _2_15_1_
Semilla: 1788094243
Segundos: 56
NIteraciones: 100000

Costo_train: 0.248368
Precision_train: 0.527112
Recall_train: 0.526448
F1_train: 0.526780

Costo_test: 0.249172
Precision_test: 0.553299
Recall_test: 0.529126
F1_test: 0.540943
 

Arquitectura: _2_15_1_
Semilla: 1788094243
Segundos: 56
NIteraciones: 100000

Costo_train: 0.248331
Precision_train: 0.532663
Recall_train: 0.534005
F1_train: 0.533333

Costo_test: 0.249121
Precision_test: 0.551020
Recall_test: 0.524272
F1_test: 0.537313
 

Arquitectura: _2_15_1_
Semilla: 1788094243
Segundos: 56
NIteraciones: 100000

Costo_train: 0.248826
Precision_train: 0.527228
Recall_train: 0.536524
F1_train: 0.531835

Costo_test: 0.249785
Precision_test: 0.548223
Recall_test: 0.524272
F1_test: 0.535980
 

Arquitectura: _2_15_1_
Semilla: 1788094243
Segundos: 56
NIteraciones: 100000

Costo_train: 0.248531
Precision_train: 0.527990
Recall_train: 0.522670
F1_train: 0.525316

Costo_test: 0.249279
Precision_test: 0.549223
Recall_test: 0.514563
F1_test: 0.531328
 

Arquitectura: _2_15_1_
Semilla: 1788094243
Segundos: 56
NIteraciones: 100000

Costo_train: 0.248734
Precision_train: 0.528536
Recall_train: 0.536524
F1_train: 0.532500

Costo_test: 0.249651
Precision_test: 0.548223
Recall_test: 0.524272
F1_test: 0.535980
 

Arquitectura: _2_15_1_
Semilla: 1788094243
Segundos: 56
NIteraciones: 100000

Costo_train: 0.248555
Precision_train: 0.527181
Recall_train: 0.525189
F1_train: 0.526183

Costo_test: 0.249967
Precision_test: 0.554404
Recall_test: 0.519417
F1_test: 0.536341
 

Arquitectura: _2_15_1_
Semilla: 1788094243
Segundos: 56
NIteraciones: 100000

Costo_train: 0.248458
Precision_train: 0.535662
Recall_train: 0.463476
F1_train: 0.496962

Costo_test: 0.249032
Precision_test: 0.548781
Recall_test: 0.436893
F1_test: 0.486486
 

Arquitectura: _2_15_1_
Semilla: 1788094243
Segundos: 56
NIteraciones: 100000

Costo_train: 0.248821
Precision_train: 0.526642
Recall_train: 0.535264
F1_train: 0.530918

Costo_test: 0.249726
Precision_test: 0.548223
Recall_test: 0.524272
F1_test: 0.535980
 

Arquitectura: _2_15_1_
Semilla: 1788094243
Segundos: 56
NIteraciones: 100000

Costo_train: 0.248314
Precision_train: 0.530340
Recall_train: 0.550378
F1_train: 0.540173

Costo_test: 0.249206
Precision_test: 0.555000
Recall_test: 0.538835
F1_test: 0.546798
 

Arquitectura: _2_15_1_
Semilla: 1788094243
Segundos: 56
NIteraciones: 100000

Costo_train: 0.248480
Precision_train: 0.533994
Recall_train: 0.474811
F1_train: 0.502667

Costo_test: 0.249203
Precision_test: 0.539326
Recall_test: 0.466019
F1_test: 0.500000
 

Arquitectura: _2_15_1_
Semilla: 1788094243
Segundos: 56
NIteraciones: 100000

Costo_train: 0.248485
Precision_train: 0.531370
Recall_train: 0.522670
F1_train: 0.526984

Costo_test: 0.249176
Precision_test: 0.546875
Recall_test: 0.509709
F1_test: 0.527638
 

Arquitectura: _2_15_1_
Semilla: 1788094243
Segundos: 56
NIteraciones: 100000

Costo_train: 0.248396
Precision_train: 0.529785
Recall_train: 0.526448
F1_train: 0.528111

Costo_test: 0.249172
Precision_test: 0.553846
Recall_test: 0.524272
F1_test: 0.538653
 

Arquitectura: _2_15_1_
Semilla: 1788094243
Segundos: 56
NIteraciones: 100000

Costo_train: 0.248522
Precision_train: 0.530447
Recall_train: 0.493703
F1_train: 0.511416

Costo_test: 0.249320
Precision_test: 0.545946
Recall_test: 0.490291
F1_test: 0.516624
 

Arquitectura: _2_15_1_
Semilla: 1788094243
Segundos: 56
NIteraciones: 100000

Costo_train: 0.248415
Precision_train: 0.533592
Recall_train: 0.520151
F1_train: 0.526786

Costo_test: 0.249192
Precision_test: 0.552083
Recall_test: 0.514563
F1_test: 0.532663
 

Arquitectura: _2_15_1_
Semilla: 1788094243
Segundos: 56
NIteraciones: 100000

Costo_train: 0.248375
Precision_train: 0.531169
Recall_train: 0.515113
F1_train: 0.523018

Costo_test: 0.249000
Precision_test: 0.552083
Recall_test: 0.514563
F1_test: 0.532663
 

Arquitectura: _2_15_1_
Semilla: 1788094243
Segundos: 56
NIteraciones: 100000

Costo_train: 0.248715
Precision_train: 0.528607
Recall_train: 0.535264
F1_train: 0.531915

Costo_test: 0.249568
Precision_test: 0.551020
Recall_test: 0.524272
F1_test: 0.537313
 

Arquitectura: _2_15_1_
Semilla: 1788094243
Segundos: 56
NIteraciones: 100000

Costo_train: 0.248532
Precision_train: 0.534106
Recall_train: 0.522670
F1_train: 0.528326

Costo_test: 0.249279
Precision_test: 0.549738
Recall_test: 0.509709
F1_test: 0.528967
 

Arquitectura: _2_15_1_
Semilla: 1788094243
Segundos: 56
NIteraciones: 100000

Costo_train: 0.248491
Precision_train: 0.526576
Recall_train: 0.536524
F1_train: 0.531503

Costo_test: 0.249478
Precision_test: 0.550505
Recall_test: 0.529126
F1_test: 0.539604
 

Arquitectura: _2_15_1_
Semilla: 1788094243
Segundos: 56
NIteraciones: 100000

Costo_train: 0.248437
Precision_train: 0.533241
Recall_train: 0.484887
F1_train: 0.507916

Costo_test: 0.249071
Precision_test: 0.538462
Recall_test: 0.475728
F1_test: 0.505155
 

Arquitectura: _2_15_1_
Semilla: 1788094243
Segundos: 56
NIteraciones: 100000

Costo_train: 0.248488
Precision_train: 0.531557
Recall_train: 0.477330
F1_train: 0.502986

Costo_test: 0.249214
Precision_test: 0.539326
Recall_test: 0.466019
F1_test: 0.500000
 

Arquitectura: _2_15_1_
Semilla: 1788094243
Segundos: 56
NIteraciones: 100000

Costo_train: 0.248715
Precision_train: 0.527812
Recall_train: 0.537783
F1_train: 0.532751

Costo_test: 0.249667
Precision_test: 0.548223
Recall_test: 0.524272
F1_test: 0.535980
 

Arquitectura: _2_15_1_
Semilla: 1788094243
Segundos: 56
NIteraciones: 100000

Costo_train: 0.248286
Precision_train: 0.531250
Recall_train: 0.556675
F1_train: 0.543665

Costo_test: 0.249139
Precision_test: 0.553922
Recall_test: 0.548544
F1_test: 0.551219
 

Arquitectura: _2_15_1_
Semilla: 1788094243
Segundos: 56
NIteraciones: 100000

Costo_train: 0.248494
Precision_train: 0.532734
Recall_train: 0.522670
F1_train: 0.527654

Costo_test: 0.249180
Precision_test: 0.546875
Recall_test: 0.509709
F1_test: 0.527638
 

Arquitectura: _2_15_1_
Semilla: 1788094243
Segundos: 56
NIteraciones: 100000

Costo_train: 0.248505
Precision_train: 0.527881
Recall_train: 0.536524
F1_train: 0.532167

Costo_test: 0.249598
Precision_test: 0.551020
Recall_test: 0.524272
F1_test: 0.537313
 

Arquitectura: _2_15_1_
Semilla: 1788094243
Segundos: 56
NIteraciones: 100000

Costo_train: 0.248707
Precision_train: 0.527881
Recall_train: 0.536524
F1_train: 0.532167

Costo_test: 0.249836
Precision_test: 0.548223
Recall_test: 0.524272
F1_test: 0.535980
 

Arquitectura: _2_15_1_
Semilla: 1788094243
Segundos: 56
NIteraciones: 100000

Costo_train: 0.248667
Precision_train: 0.527228
Recall_train: 0.536524
F1_train: 0.531835

Costo_test: 0.249860
Precision_test: 0.548223
Recall_test: 0.524272
F1_test: 0.535980
 

Arquitectura: _2_15_1_
Semilla: 1788094243
Segundos: 56
NIteraciones: 100000

Costo_train: 0.248441
Precision_train: 0.528373
Recall_train: 0.527708
F1_train: 0.528040

Costo_test: 0.249236
Precision_test: 0.546392
Recall_test: 0.514563
F1_test: 0.530000
 

Arquitectura: _2_15_1_
Semilla: 1788094243
Segundos: 56
NIteraciones: 100000

Costo_train: 0.248471
Precision_train: 0.531609
Recall_train: 0.465995
F1_train: 0.496644

Costo_test: 0.249123
Precision_test: 0.547059
Recall_test: 0.451456
F1_test: 0.494681
 

Arquitectura: _2_15_1_
Semilla: 1788094243
Segundos: 56
NIteraciones: 100000

Costo_train: 0.248432
Precision_train: 0.533046
Recall_train: 0.467254
F1_train: 0.497987

Costo_test: 0.249038
Precision_test: 0.552941
Recall_test: 0.456311
F1_test: 0.500000
 

Arquitectura: _2_15_1_
Semilla: 1788094243
Segundos: 56
NIteraciones: 100000

Costo_train: 0.248460
Precision_train: 0.529024
Recall_train: 0.505038
F1_train: 0.516753

Costo_test: 0.249138
Precision_test: 0.547368
Recall_test: 0.504854
F1_test: 0.525253
 

Arquitectura: _2_15_1_
Semilla: 1788094243
Segundos: 56
NIteraciones: 100000

Costo_train: 0.248670
Precision_train: 0.529560
Recall_train: 0.530227
F1_train: 0.529893

Costo_test: 0.249524
Precision_test: 0.548718
Recall_test: 0.519417
F1_test: 0.533666
 

Arquitectura: _2_15_1_
Semilla: 1788094243
Segundos: 56
NIteraciones: 100000

Costo_train: 0.248454
Precision_train: 0.530962
Recall_train: 0.507557
F1_train: 0.518996

Costo_test: 0.249088
Precision_test: 0.550265
Recall_test: 0.504854
F1_test: 0.526582
 

Arquitectura: _2_15_1_
Semilla: 1788094243
Segundos: 56
NIteraciones: 100000

Costo_train: 0.248327
Precision_train: 0.533166
Recall_train: 0.536524
F1_train: 0.534840

Costo_test: 0.249167
Precision_test: 0.553299
Recall_test: 0.529126
F1_test: 0.540943
 

Arquitectura: _2_15_1_
Semilla: 1788094243
Segundos: 56
NIteraciones: 100000

Costo_train: 0.248818
Precision_train: 0.527295
Recall_train: 0.535264
F1_train: 0.531250

Costo_test: 0.249738
Precision_test: 0.548223
Recall_test: 0.524272
F1_test: 0.535980
 

Arquitectura: _2_15_1_
Semilla: 1788094243
Segundos: 56
NIteraciones: 100000

Costo_train: 0.248430
Precision_train: 0.531120
Recall_train: 0.483627
F1_train: 0.506262

Costo_test: 0.249127
Precision_test: 0.535912
Recall_test: 0.470874
F1_test: 0.501292
 

Arquitectura: _2_15_1_
Semilla: 1788094243
Segundos: 56
NIteraciones: 100000

Costo_train: 0.248768
Precision_train: 0.527228
Recall_train: 0.536524
F1_train: 0.531835

Costo_test: 0.249812
Precision_test: 0.550505
Recall_test: 0.529126
F1_test: 0.539604
 

Arquitectura: _2_15_1_
Semilla: 1788094243
Segundos: 56
NIteraciones: 100000

Costo_train: 0.248726
Precision_train: 0.529193
Recall_train: 0.536524
F1_train: 0.532833

Costo_test: 0.249593
Precision_test: 0.548223
Recall_test: 0.524272
F1_test: 0.535980
 

Arquitectura: _2_15_1_
Semilla: 1788094243
Segundos: 56
NIteraciones: 100000

Costo_train: 0.248621
Precision_train: 0.529265
Recall_train: 0.535264
F1_train: 0.532248

Costo_test: 0.249496
Precision_test: 0.551020
Recall_test: 0.524272
F1_test: 0.537313
 

Arquitectura: _2_15_1_
Semilla: 1788094243
Segundos: 56
NIteraciones: 100000

Costo_train: 0.248469
Precision_train: 0.530120
Recall_train: 0.498741
F1_train: 0.513952

Costo_test: 0.249227
Precision_test: 0.543011
Recall_test: 0.490291
F1_test: 0.515306
 

Arquitectura: _2_15_1_
Semilla: 1788094243
Segundos: 56
NIteraciones: 100000

Costo_train: 0.248294
Precision_train: 0.530414
Recall_train: 0.549118
F1_train: 0.539604

Costo_test: 0.249170
Precision_test: 0.560000
Recall_test: 0.543689
F1_test: 0.551724
 

Arquitectura: _2_15_1_
Semilla: 1788094243
Segundos: 56
NIteraciones: 100000

Costo_train: 0.248701
Precision_train: 0.528090
Recall_train: 0.532746
F1_train: 0.530408

Costo_test: 0.249595
Precision_test: 0.548223
Recall_test: 0.524272
F1_test: 0.535980
 

Arquitectura: _2_15_1_
Semilla: 1788094243
Segundos: 56
NIteraciones: 100000

Costo_train: 0.248521
Precision_train: 0.530263
Recall_train: 0.507557
F1_train: 0.518662

Costo_test: 0.249324
Precision_test: 0.547872
Recall_test: 0.500000
F1_test: 0.522843
 

Arquitectura: _2_15_1_
Semilla: 1788094243
Segundos: 56
NIteraciones: 100000

Costo_train: 0.248377
Precision_train: 0.525215
Recall_train: 0.537783
F1_train: 0.531425

Costo_test: 0.249268
Precision_test: 0.550000
Recall_test: 0.533981
F1_test: 0.541872
 

Arquitectura: _2_15_1_
Semilla: 1788094243
Segundos: 56
NIteraciones: 100000

Costo_train: 0.248480
Precision_train: 0.529634
Recall_train: 0.528967
F1_train: 0.529301

Costo_test: 0.249241
Precision_test: 0.548718
Recall_test: 0.519417
F1_test: 0.533666
 

Arquitectura: _2_15_1_
Semilla: 1788094243
Segundos: 56
NIteraciones: 100000

Costo_train: 0.248596
Precision_train: 0.527812
Recall_train: 0.537783
F1_train: 0.532751

Costo_test: 0.249576
Precision_test: 0.548223
Recall_test: 0.524272
F1_test: 0.535980
 

Arquitectura: _2_15_1_
Semilla: 1788094243
Segundos: 56
NIteraciones: 100000

Costo_train: 0.248338
Precision_train: 0.539457
Recall_train: 0.525189
F1_train: 0.532227

Costo_test: 0.248947
Precision_test: 0.547368
Recall_test: 0.504854
F1_test: 0.525253
 


--- Test Profunda 5.0 ---
Iteración 10000
Costo: 0.249991
Iteración 20000
Costo: 0.249991
Iteración 30000
Costo: 0.249991
Iteración 40000
Costo: 0.249991
Iteración 50000
Costo: 0.249991
Iteración 60000
Costo: 0.249991
Iteración 70000
Costo: 0.249991
Iteración 80000
Costo: 0.249990
Iteración 90000
Costo: 0.249990

Arquitectura: _2_3_3_3_3_3_1_
Semilla: 1788094299
Segundos: 232
NIteraciones: 100000

Costo_train: 0.249990
Precision_train: -nan(ind)
Recall_train: 0.000000
F1_train: -nan(ind)

Costo_test: 0.250128
Precision_test: -nan(ind)
Recall_test: 0.000000
F1_test: -nan(ind)
 

Arquitectura: _2_3_3_3_3_3_1_
Semilla: 1788094299
Segundos: 232
NIteraciones: 100000

Costo_train: 0.249983
Precision_train: -nan(ind)
Recall_train: 0.000000
F1_train: -nan(ind)

Costo_test: 0.250124
Precision_test: -nan(ind)
Recall_test: 0.000000
F1_test: -nan(ind)
 

Arquitectura: _2_3_3_3_3_3_1_
Semilla: 1788094299
Segundos: 232
NIteraciones: 100000

Costo_train: 0.249977
Precision_train: -nan(ind)
Recall_train: 0.000000
F1_train: -nan(ind)

Costo_test: 0.250122
Precision_test: -nan(ind)
Recall_test: 0.000000
F1_test: -nan(ind)
 

Arquitectura: _2_3_3_3_3_3_1_
Semilla: 1788094299
Segundos: 232
NIteraciones: 100000

Costo_train: 0.249985
Precision_train: -nan(ind)
Recall_train: 0.000000
F1_train: -nan(ind)

Costo_test: 0.250130
Precision_test: -nan(ind)
Recall_test: 0.000000
F1_test: -nan(ind)
 

Arquitectura: _2_3_3_3_3_3_1_
Semilla: 1788094299
Segundos: 232
NIteraciones: 100000

Costo_train: 0.249959
Precision_train: -nan(ind)
Recall_train: 0.000000
F1_train: -nan(ind)

Costo_test: 0.250113
Precision_test: -nan(ind)
Recall_test: 0.000000
F1_test: -nan(ind)
 

Arquitectura: _2_3_3_3_3_3_1_
Semilla: 1788094299
Segundos: 232
NIteraciones: 100000

Costo_train: 0.249986
Precision_train: -nan(ind)
Recall_train: 0.000000
F1_train: -nan(ind)

Costo_test: 0.250126
Precision_test: -nan(ind)
Recall_test: 0.000000
F1_test: -nan(ind)
 

Arquitectura: _2_3_3_3_3_3_1_
Semilla: 1788094299
Segundos: 232
NIteraciones: 100000

Costo_train: 0.249991
Precision_train: -nan(ind)
Recall_train: 0.000000
F1_train: -nan(ind)

Costo_test: 0.250134
Precision_test: -nan(ind)
Recall_test: 0.000000
F1_test: -nan(ind)
 

Arquitectura: _2_3_3_3_3_3_1_
Semilla: 1788094299
Segundos: 232
NIteraciones: 100000

Costo_train: 0.249988
Precision_train: -nan(ind)
Recall_train: 0.000000
F1_train: -nan(ind)

Costo_test: 0.250132
Precision_test: -nan(ind)
Recall_test: 0.000000
F1_test: -nan(ind)
 

Arquitectura: _2_3_3_3_3_3_1_
Semilla: 1788094299
Segundos: 232
NIteraciones: 100000

Costo_train: 0.249981
Precision_train: -nan(ind)
Recall_train: 0.000000
F1_train: -nan(ind)

Costo_test: 0.250124
Precision_test: -nan(ind)
Recall_test: 0.000000
F1_test: -nan(ind)
 

Arquitectura: _2_3_3_3_3_3_1_
Semilla: 1788094299
Segundos: 232
NIteraciones: 100000

Costo_train: 0.249996
Precision_train: -nan(ind)
Recall_train: 0.000000
F1_train: -nan(ind)

Costo_test: 0.250133
Precision_test: -nan(ind)
Recall_test: 0.000000
F1_test: -nan(ind)
 

Arquitectura: _2_3_3_3_3_3_1_
Semilla: 1788094299
Segundos: 232
NIteraciones: 100000

Costo_train: 0.249976
Precision_train: -nan(ind)
Recall_train: 0.000000
F1_train: -nan(ind)

Costo_test: 0.250115
Precision_test: -nan(ind)
Recall_test: 0.000000
F1_test: -nan(ind)
 

Arquitectura: _2_3_3_3_3_3_1_
Semilla: 1788094299
Segundos: 232
NIteraciones: 100000

Costo_train: 0.249986
Precision_train: -nan(ind)
Recall_train: 0.000000
F1_train: -nan(ind)

Costo_test: 0.250127
Precision_test: -nan(ind)
Recall_test: 0.000000
F1_test: -nan(ind)
 

Arquitectura: _2_3_3_3_3_3_1_
Semilla: 1788094299
Segundos: 232
NIteraciones: 100000

Costo_train: 0.249984
Precision_train: -nan(ind)
Recall_train: 0.000000
F1_train: -nan(ind)

Costo_test: 0.250128
Precision_test: -nan(ind)
Recall_test: 0.000000
F1_test: -nan(ind)
 

Arquitectura: _2_3_3_3_3_3_1_
Semilla: 1788094299
Segundos: 232
NIteraciones: 100000

Costo_train: 0.249977
Precision_train: -nan(ind)
Recall_train: 0.000000
F1_train: -nan(ind)

Costo_test: 0.250129
Precision_test: -nan(ind)
Recall_test: 0.000000
F1_test: -nan(ind)
 

Arquitectura: _2_3_3_3_3_3_1_
Semilla: 1788094299
Segundos: 232
NIteraciones: 100000

Costo_train: 0.249989
Precision_train: -nan(ind)
Recall_train: 0.000000
F1_train: -nan(ind)

Costo_test: 0.250134
Precision_test: -nan(ind)
Recall_test: 0.000000
F1_test: -nan(ind)
 

Arquitectura: _2_3_3_3_3_3_1_
Semilla: 1788094299
Segundos: 232
NIteraciones: 100000

Costo_train: 0.249981
Precision_train: -nan(ind)
Recall_train: 0.000000
F1_train: -nan(ind)

Costo_test: 0.250120
Precision_test: -nan(ind)
Recall_test: 0.000000
F1_test: -nan(ind)
 

Arquitectura: _2_3_3_3_3_3_1_
Semilla: 1788094299
Segundos: 232
NIteraciones: 100000

Costo_train: 0.249980
Precision_train: -nan(ind)
Recall_train: 0.000000
F1_train: -nan(ind)

Costo_test: 0.250124
Precision_test: -nan(ind)
Recall_test: 0.000000
F1_test: -nan(ind)
 

Arquitectura: _2_3_3_3_3_3_1_
Semilla: 1788094299
Segundos: 232
NIteraciones: 100000

Costo_train: 0.249989
Precision_train: -nan(ind)
Recall_train: 0.000000
F1_train: -nan(ind)

Costo_test: 0.250128
Precision_test: -nan(ind)
Recall_test: 0.000000
F1_test: -nan(ind)
 

Arquitectura: _2_3_3_3_3_3_1_
Semilla: 1788094299
Segundos: 232
NIteraciones: 100000

Costo_train: 0.249920
Precision_train: -nan(ind)
Recall_train: 0.000000
F1_train: -nan(ind)

Costo_test: 0.250082
Precision_test: -nan(ind)
Recall_test: 0.000000
F1_test: -nan(ind)
 

Arquitectura: _2_3_3_3_3_3_1_
Semilla: 1788094299
Segundos: 232
NIteraciones: 100000

Costo_train: 0.249983
Precision_train: -nan(ind)
Recall_train: 0.000000
F1_train: -nan(ind)

Costo_test: 0.250122
Precision_test: -nan(ind)
Recall_test: 0.000000
F1_test: -nan(ind)
 

Arquitectura: _2_3_3_3_3_3_1_
Semilla: 1788094299
Segundos: 232
NIteraciones: 100000

Costo_train: 0.249987
Precision_train: -nan(ind)
Recall_train: 0.000000
F1_train: -nan(ind)

Costo_test: 0.250128
Precision_test: -nan(ind)
Recall_test: 0.000000
F1_test: -nan(ind)
 

Arquitectura: _2_3_3_3_3_3_1_
Semilla: 1788094299
Segundos: 232
NIteraciones: 100000

Costo_train: 0.249987
Precision_train: -nan(ind)
Recall_train: 0.000000
F1_train: -nan(ind)

Costo_test: 0.250127
Precision_test: -nan(ind)
Recall_test: 0.000000
F1_test: -nan(ind)
 

Arquitectura: _2_3_3_3_3_3_1_
Semilla: 1788094299
Segundos: 232
NIteraciones: 100000

Costo_train: 0.249988
Precision_train: -nan(ind)
Recall_train: 0.000000
F1_train: -nan(ind)

Costo_test: 0.250128
Precision_test: -nan(ind)
Recall_test: 0.000000
F1_test: -nan(ind)
 

Arquitectura: _2_3_3_3_3_3_1_
Semilla: 1788094299
Segundos: 232
NIteraciones: 100000

Costo_train: 0.249988
Precision_train: -nan(ind)
Recall_train: 0.000000
F1_train: -nan(ind)

Costo_test: 0.250127
Precision_test: -nan(ind)
Recall_test: 0.000000
F1_test: -nan(ind)
 

Arquitectura: _2_3_3_3_3_3_1_
Semilla: 1788094299
Segundos: 232
NIteraciones: 100000

Costo_train: 0.249987
Precision_train: -nan(ind)
Recall_train: 0.000000
F1_train: -nan(ind)

Costo_test: 0.250128
Precision_test: -nan(ind)
Recall_test: 0.000000
F1_test: -nan(ind)
 

Arquitectura: _2_3_3_3_3_3_1_
Semilla: 1788094299
Segundos: 232
NIteraciones: 100000

Costo_train: 0.249986
Precision_train: -nan(ind)
Recall_train: 0.000000
F1_train: -nan(ind)

Costo_test: 0.250125
Precision_test: -nan(ind)
Recall_test: 0.000000
F1_test: -nan(ind)
 

Arquitectura: _2_3_3_3_3_3_1_
Semilla: 1788094299
Segundos: 232
NIteraciones: 100000

Costo_train: 0.249981
Precision_train: -nan(ind)
Recall_train: 0.000000
F1_train: -nan(ind)

Costo_test: 0.250126
Precision_test: -nan(ind)
Recall_test: 0.000000
F1_test: -nan(ind)
 

Arquitectura: _2_3_3_3_3_3_1_
Semilla: 1788094299
Segundos: 232
NIteraciones: 100000

Costo_train: 0.249985
Precision_train: -nan(ind)
Recall_train: 0.000000
F1_train: -nan(ind)

Costo_test: 0.250126
Precision_test: -nan(ind)
Recall_test: 0.000000
F1_test: -nan(ind)
 

Arquitectura: _2_3_3_3_3_3_1_
Semilla: 1788094299
Segundos: 232
NIteraciones: 100000

Costo_train: 0.249988
Precision_train: -nan(ind)
Recall_train: 0.000000
F1_train: -nan(ind)

Costo_test: 0.250128
Precision_test: -nan(ind)
Recall_test: 0.000000
F1_test: -nan(ind)
 

Arquitectura: _2_3_3_3_3_3_1_
Semilla: 1788094299
Segundos: 232
NIteraciones: 100000

Costo_train: 0.249980
Precision_train: -nan(ind)
Recall_train: 0.000000
F1_train: -nan(ind)

Costo_test: 0.250120
Precision_test: -nan(ind)
Recall_test: 0.000000
F1_test: -nan(ind)
 

Arquitectura: _2_3_3_3_3_3_1_
Semilla: 1788094299
Segundos: 232
NIteraciones: 100000

Costo_train: 0.249985
Precision_train: -nan(ind)
Recall_train: 0.000000
F1_train: -nan(ind)

Costo_test: 0.250125
Precision_test: -nan(ind)
Recall_test: 0.000000
F1_test: -nan(ind)
 

Arquitectura: _2_3_3_3_3_3_1_
Semilla: 1788094299
Segundos: 232
NIteraciones: 100000

Costo_train: 0.249982
Precision_train: -nan(ind)
Recall_train: 0.000000
F1_train: -nan(ind)

Costo_test: 0.250125
Precision_test: -nan(ind)
Recall_test: 0.000000
F1_test: -nan(ind)
 

Arquitectura: _2_3_3_3_3_3_1_
Semilla: 1788094299
Segundos: 232
NIteraciones: 100000

Costo_train: 0.249984
Precision_train: -nan(ind)
Recall_train: 0.000000
F1_train: -nan(ind)

Costo_test: 0.250128
Precision_test: -nan(ind)
Recall_test: 0.000000
F1_test: -nan(ind)
 

Arquitectura: _2_3_3_3_3_3_1_
Semilla: 1788094299
Segundos: 232
NIteraciones: 100000

Costo_train: 0.249987
Precision_train: -nan(ind)
Recall_train: 0.000000
F1_train: -nan(ind)

Costo_test: 0.250132
Precision_test: -nan(ind)
Recall_test: 0.000000
F1_test: -nan(ind)
 

Arquitectura: _2_3_3_3_3_3_1_
Semilla: 1788094299
Segundos: 232
NIteraciones: 100000

Costo_train: 0.249973
Precision_train: -nan(ind)
Recall_train: 0.000000
F1_train: -nan(ind)

Costo_test: 0.250123
Precision_test: -nan(ind)
Recall_test: 0.000000
F1_test: -nan(ind)
 

Arquitectura: _2_3_3_3_3_3_1_
Semilla: 1788094299
Segundos: 232
NIteraciones: 100000

Costo_train: 0.249984
Precision_train: -nan(ind)
Recall_train: 0.000000
F1_train: -nan(ind)

Costo_test: 0.250126
Precision_test: -nan(ind)
Recall_test: 0.000000
F1_test: -nan(ind)
 

Arquitectura: _2_3_3_3_3_3_1_
Semilla: 1788094299
Segundos: 232
NIteraciones: 100000

Costo_train: 0.249937
Precision_train: -nan(ind)
Recall_train: 0.000000
F1_train: -nan(ind)

Costo_test: 0.250082
Precision_test: -nan(ind)
Recall_test: 0.000000
F1_test: -nan(ind)
 

Arquitectura: _2_3_3_3_3_3_1_
Semilla: 1788094299
Segundos: 232
NIteraciones: 100000

Costo_train: 0.249989
Precision_train: -nan(ind)
Recall_train: 0.000000
F1_train: -nan(ind)

Costo_test: 0.250130
Precision_test: -nan(ind)
Recall_test: 0.000000
F1_test: -nan(ind)
 

Arquitectura: _2_3_3_3_3_3_1_
Semilla: 1788094299
Segundos: 232
NIteraciones: 100000

Costo_train: 0.249980
Precision_train: -nan(ind)
Recall_train: 0.000000
F1_train: -nan(ind)

Costo_test: 0.250127
Precision_test: -nan(ind)
Recall_test: 0.000000
F1_test: -nan(ind)
 

Arquitectura: _2_3_3_3_3_3_1_
Semilla: 1788094299
Segundos: 232
NIteraciones: 100000

Costo_train: 0.249990
Precision_train: -nan(ind)
Recall_train: 0.000000
F1_train: -nan(ind)

Costo_test: 0.250130
Precision_test: -nan(ind)
Recall_test: 0.000000
F1_test: -nan(ind)
 

Arquitectura: _2_3_3_3_3_3_1_
Semilla: 1788094299
Segundos: 232
NIteraciones: 100000

Costo_train: 0.249989
Precision_train: -nan(ind)
Recall_train: 0.000000
F1_train: -nan(ind)

Costo_test: 0.250125
Precision_test: -nan(ind)
Recall_test: 0.000000
F1_test: -nan(ind)
 

Arquitectura: _2_3_3_3_3_3_1_
Semilla: 1788094299
Segundos: 232
NIteraciones: 100000

Costo_train: 0.249971
Precision_train: -nan(ind)
Recall_train: 0.000000
F1_train: -nan(ind)

Costo_test: 0.250123
Precision_test: -nan(ind)
Recall_test: 0.000000
F1_test: -nan(ind)
 

Arquitectura: _2_3_3_3_3_3_1_
Semilla: 1788094299
Segundos: 232
NIteraciones: 100000

Costo_train: 0.249984
Precision_train: -nan(ind)
Recall_train: 0.000000
F1_train: -nan(ind)

Costo_test: 0.250124
Precision_test: -nan(ind)
Recall_test: 0.000000
F1_test: -nan(ind)
 

Arquitectura: _2_3_3_3_3_3_1_
Semilla: 1788094299
Segundos: 232
NIteraciones: 100000

Costo_train: 0.249987
Precision_train: -nan(ind)
Recall_train: 0.000000
F1_train: -nan(ind)

Costo_test: 0.250128
Precision_test: -nan(ind)
Recall_test: 0.000000
F1_test: -nan(ind)
 

Arquitectura: _2_3_3_3_3_3_1_
Semilla: 1788094299
Segundos: 232
NIteraciones: 100000

Costo_train: 0.249980
Precision_train: -nan(ind)
Recall_train: 0.000000
F1_train: -nan(ind)

Costo_test: 0.250119
Precision_test: -nan(ind)
Recall_test: 0.000000
F1_test: -nan(ind)
 

Arquitectura: _2_3_3_3_3_3_1_
Semilla: 1788094299
Segundos: 232
NIteraciones: 100000

Costo_train: 0.249986
Precision_train: -nan(ind)
Recall_train: 0.000000
F1_train: -nan(ind)

Costo_test: 0.250128
Precision_test: -nan(ind)
Recall_test: 0.000000
F1_test: -nan(ind)
 

Arquitectura: _2_3_3_3_3_3_1_
Semilla: 1788094299
Segundos: 232
NIteraciones: 100000

Costo_train: 0.249987
Precision_train: -nan(ind)
Recall_train: 0.000000
F1_train: -nan(ind)

Costo_test: 0.250125
Precision_test: -nan(ind)
Recall_test: 0.000000
F1_test: -nan(ind)
 

Arquitectura: _2_3_3_3_3_3_1_
Semilla: 1788094299
Segundos: 232
NIteraciones: 100000

Costo_train: 0.249985
Precision_train: -nan(ind)
Recall_train: 0.000000
F1_train: -nan(ind)

Costo_test: 0.250127
Precision_test: -nan(ind)
Recall_test: 0.000000
F1_test: -nan(ind)
 

Arquitectura: _2_3_3_3_3_3_1_
Semilla: 1788094299
Segundos: 232
NIteraciones: 100000

Costo_train: 0.249986
Precision_train: -nan(ind)
Recall_train: 0.000000
F1_train: -nan(ind)

Costo_test: 0.250127
Precision_test: -nan(ind)
Recall_test: 0.000000
F1_test: -nan(ind)
 

Arquitectura: _2_3_3_3_3_3_1_
Semilla: 1788094299
Segundos: 232
NIteraciones: 100000

Costo_train: 0.249984
Precision_train: -nan(ind)
Recall_train: 0.000000
F1_train: -nan(ind)

Costo_test: 0.250127
Precision_test: -nan(ind)
Recall_test: 0.000000
F1_test: -nan(ind)
 

Arquitectura: _2_3_3_3_3_3_1_
Semilla: 1788094299
Segundos: 232
NIteraciones: 100000

Costo_train: 0.249987
Precision_train: -nan(ind)
Recall_train: 0.000000
F1_train: -nan(ind)

Costo_test: 0.250125
Precision_test: -nan(ind)
Recall_test: 0.000000
F1_test: -nan(ind)
 

Arquitectura: _2_3_3_3_3_3_1_
Semilla: 1788094299
Segundos: 232
NIteraciones: 100000

Costo_train: 0.249985
Precision_train: -nan(ind)
Recall_train: 0.000000
F1_train: -nan(ind)

Costo_test: 0.250127
Precision_test: -nan(ind)
Recall_test: 0.000000
F1_test: -nan(ind)
 

Arquitectura: _2_3_3_3_3_3_1_
Semilla: 1788094299
Segundos: 232
NIteraciones: 100000

Costo_train: 0.249975
Precision_train: -nan(ind)
Recall_train: 0.000000
F1_train: -nan(ind)

Costo_test: 0.250120
Precision_test: -nan(ind)
Recall_test: 0.000000
F1_test: -nan(ind)
 

Arquitectura: _2_3_3_3_3_3_1_
Semilla: 1788094299
Segundos: 232
NIteraciones: 100000

Costo_train: 0.249983
Precision_train: -nan(ind)
Recall_train: 0.000000
F1_train: -nan(ind)

Costo_test: 0.250123
Precision_test: -nan(ind)
Recall_test: 0.000000
F1_test: -nan(ind)
 

Arquitectura: _2_3_3_3_3_3_1_
Semilla: 1788094299
Segundos: 232
NIteraciones: 100000

Costo_train: 0.249979
Precision_train: -nan(ind)
Recall_train: 0.000000
F1_train: -nan(ind)

Costo_test: 0.250121
Precision_test: -nan(ind)
Recall_test: 0.000000
F1_test: -nan(ind)
 

Arquitectura: _2_3_3_3_3_3_1_
Semilla: 1788094299
Segundos: 232
NIteraciones: 100000

Costo_train: 0.249989
Precision_train: -nan(ind)
Recall_train: 0.000000
F1_train: -nan(ind)

Costo_test: 0.250130
Precision_test: -nan(ind)
Recall_test: 0.000000
F1_test: -nan(ind)
 

Arquitectura: _2_3_3_3_3_3_1_
Semilla: 1788094299
Segundos: 232
NIteraciones: 100000

Costo_train: 0.250004
Precision_train: -nan(ind)
Recall_train: 0.000000
F1_train: -nan(ind)

Costo_test: 0.250139
Precision_test: -nan(ind)
Recall_test: 0.000000
F1_test: -nan(ind)
 

Arquitectura: _2_3_3_3_3_3_1_
Semilla: 1788094299
Segundos: 232
NIteraciones: 100000

Costo_train: 0.249983
Precision_train: -nan(ind)
Recall_train: 0.000000
F1_train: -nan(ind)

Costo_test: 0.250129
Precision_test: -nan(ind)
Recall_test: 0.000000
F1_test: -nan(ind)
 

Arquitectura: _2_3_3_3_3_3_1_
Semilla: 1788094299
Segundos: 232
NIteraciones: 100000

Costo_train: 0.249984
Precision_train: -nan(ind)
Recall_train: 0.000000
F1_train: -nan(ind)

Costo_test: 0.250121
Precision_test: -nan(ind)
Recall_test: 0.000000
F1_test: -nan(ind)
 

Arquitectura: _2_3_3_3_3_3_1_
Semilla: 1788094299
Segundos: 232
NIteraciones: 100000

Costo_train: 0.249985
Precision_train: -nan(ind)
Recall_train: 0.000000
F1_train: -nan(ind)

Costo_test: 0.250125
Precision_test: -nan(ind)
Recall_test: 0.000000
F1_test: -nan(ind)
 

Arquitectura: _2_3_3_3_3_3_1_
Semilla: 1788094299
Segundos: 232
NIteraciones: 100000

Costo_train: 0.249978
Precision_train: -nan(ind)
Recall_train: 0.000000
F1_train: -nan(ind)

Costo_test: 0.250116
Precision_test: -nan(ind)
Recall_test: 0.000000
F1_test: -nan(ind)
 

Arquitectura: _2_3_3_3_3_3_1_
Semilla: 1788094299
Segundos: 232
NIteraciones: 100000

Costo_train: 0.249965
Precision_train: -nan(ind)
Recall_train: 0.000000
F1_train: -nan(ind)

Costo_test: 0.250103
Precision_test: -nan(ind)
Recall_test: 0.000000
F1_test: -nan(ind)
 

Arquitectura: _2_3_3_3_3_3_1_
Semilla: 1788094299
Segundos: 232
NIteraciones: 100000

Costo_train: 0.249980
Precision_train: -nan(ind)
Recall_train: 0.000000
F1_train: -nan(ind)

Costo_test: 0.250123
Precision_test: -nan(ind)
Recall_test: 0.000000
F1_test: -nan(ind)
 

Arquitectura: _2_3_3_3_3_3_1_
Semilla: 1788094299
Segundos: 232
NIteraciones: 100000

Costo_train: 0.249986
Precision_train: -nan(ind)
Recall_train: 0.000000
F1_train: -nan(ind)

Costo_test: 0.250126
Precision_test: -nan(ind)
Recall_test: 0.000000
F1_test: -nan(ind)
 

Arquitectura: _2_3_3_3_3_3_1_
Semilla: 1788094299
Segundos: 232
NIteraciones: 100000

Costo_train: 0.249970
Precision_train: -nan(ind)
Recall_train: 0.000000
F1_train: -nan(ind)

Costo_test: 0.250132
Precision_test: -nan(ind)
Recall_test: 0.000000
F1_test: -nan(ind)
 

Arquitectura: _2_3_3_3_3_3_1_
Semilla: 1788094299
Segundos: 232
NIteraciones: 100000

Costo_train: 0.249983
Precision_train: -nan(ind)
Recall_train: 0.000000
F1_train: -nan(ind)

Costo_test: 0.250124
Precision_test: -nan(ind)
Recall_test: 0.000000
F1_test: -nan(ind)
 

Arquitectura: _2_3_3_3_3_3_1_
Semilla: 1788094299
Segundos: 232
NIteraciones: 100000

Costo_train: 0.249986
Precision_train: -nan(ind)
Recall_train: 0.000000
F1_train: -nan(ind)

Costo_test: 0.250125
Precision_test: -nan(ind)
Recall_test: 0.000000
F1_test: -nan(ind)
 

Arquitectura: _2_3_3_3_3_3_1_
Semilla: 1788094299
Segundos: 232
NIteraciones: 100000

Costo_train: 0.249985
Precision_train: -nan(ind)
Recall_train: 0.000000
F1_train: -nan(ind)

Costo_test: 0.250127
Precision_test: -nan(ind)
Recall_test: 0.000000
F1_test: -nan(ind)
 

Arquitectura: _2_3_3_3_3_3_1_
Semilla: 1788094299
Segundos: 232
NIteraciones: 100000

Costo_train: 0.249983
Precision_train: -nan(ind)
Recall_train: 0.000000
F1_train: -nan(ind)

Costo_test: 0.250127
Precision_test: -nan(ind)
Recall_test: 0.000000
F1_test: -nan(ind)
 

Arquitectura: _2_3_3_3_3_3_1_
Semilla: 1788094299
Segundos: 232
NIteraciones: 100000

Costo_train: 0.249981
Precision_train: -nan(ind)
Recall_train: 0.000000
F1_train: -nan(ind)

Costo_test: 0.250130
Precision_test: -nan(ind)
Recall_test: 0.000000
F1_test: -nan(ind)
 

Arquitectura: _2_3_3_3_3_3_1_
Semilla: 1788094299
Segundos: 232
NIteraciones: 100000

Costo_train: 0.249986
Precision_train: -nan(ind)
Recall_train: 0.000000
F1_train: -nan(ind)

Costo_test: 0.250128
Precision_test: -nan(ind)
Recall_test: 0.000000
F1_test: -nan(ind)
 

Arquitectura: _2_3_3_3_3_3_1_
Semilla: 1788094299
Segundos: 232
NIteraciones: 100000

Costo_train: 0.249974
Precision_train: -nan(ind)
Recall_train: 0.000000
F1_train: -nan(ind)

Costo_test: 0.250131
Precision_test: -nan(ind)
Recall_test: 0.000000
F1_test: -nan(ind)
 

Arquitectura: _2_3_3_3_3_3_1_
Semilla: 1788094299
Segundos: 232
NIteraciones: 100000

Costo_train: 0.249985
Precision_train: -nan(ind)
Recall_train: 0.000000
F1_train: -nan(ind)

Costo_test: 0.250126
Precision_test: -nan(ind)
Recall_test: 0.000000
F1_test: -nan(ind)
 

Arquitectura: _2_3_3_3_3_3_1_
Semilla: 1788094299
Segundos: 232
NIteraciones: 100000

Costo_train: 0.249986
Precision_train: -nan(ind)
Recall_train: 0.000000
F1_train: -nan(ind)

Costo_test: 0.250128
Precision_test: -nan(ind)
Recall_test: 0.000000
F1_test: -nan(ind)
 

Arquitectura: _2_3_3_3_3_3_1_
Semilla: 1788094299
Segundos: 232
NIteraciones: 100000

Costo_train: 0.249989
Precision_train: -nan(ind)
Recall_train: 0.000000
F1_train: -nan(ind)

Costo_test: 0.250124
Precision_test: -nan(ind)
Recall_test: 0.000000
F1_test: -nan(ind)
 

Arquitectura: _2_3_3_3_3_3_1_
Semilla: 1788094299
Segundos: 232
NIteraciones: 100000

Costo_train: 0.249984
Precision_train: -nan(ind)
Recall_train: 0.000000
F1_train: -nan(ind)

Costo_test: 0.250127
Precision_test: -nan(ind)
Recall_test: 0.000000
F1_test: -nan(ind)
 

Arquitectura: _2_3_3_3_3_3_1_
Semilla: 1788094299
Segundos: 232
NIteraciones: 100000

Costo_train: 0.249982
Precision_train: -nan(ind)
Recall_train: 0.000000
F1_train: -nan(ind)

Costo_test: 0.250119
Precision_test: -nan(ind)
Recall_test: 0.000000
F1_test: -nan(ind)
 

Arquitectura: _2_3_3_3_3_3_1_
Semilla: 1788094299
Segundos: 232
NIteraciones: 100000

Costo_train: 0.249987
Precision_train: -nan(ind)
Recall_train: 0.000000
F1_train: -nan(ind)

Costo_test: 0.250128
Precision_test: -nan(ind)
Recall_test: 0.000000
F1_test: -nan(ind)
 

Arquitectura: _2_3_3_3_3_3_1_
Semilla: 1788094299
Segundos: 232
NIteraciones: 100000

Costo_train: 0.249986
Precision_train: -nan(ind)
Recall_train: 0.000000
F1_train: -nan(ind)

Costo_test: 0.250126
Precision_test: -nan(ind)
Recall_test: 0.000000
F1_test: -nan(ind)
 

Arquitectura: _2_3_3_3_3_3_1_
Semilla: 1788094299
Segundos: 232
NIteraciones: 100000

Costo_train: 0.249987
Precision_train: -nan(ind)
Recall_train: 0.000000
F1_train: -nan(ind)

Costo_test: 0.250128
Precision_test: -nan(ind)
Recall_test: 0.000000
F1_test: -nan(ind)
 

Arquitectura: _2_3_3_3_3_3_1_
Semilla: 1788094299
Segundos: 232
NIteraciones: 100000

Costo_train: 0.249986
Precision_train: -nan(ind)
Recall_train: 0.000000
F1_train: -nan(ind)

Costo_test: 0.250127
Precision_test: -nan(ind)
Recall_test: 0.000000
F1_test: -nan(ind)
 

Arquitectura: _2_3_3_3_3_3_1_
Semilla: 1788094299
Segundos: 232
NIteraciones: 100000

Costo_train: 0.249979
Precision_train: -nan(ind)
Recall_train: 0.000000
F1_train: -nan(ind)

Costo_test: 0.250114
Precision_test: -nan(ind)
Recall_test: 0.000000
F1_test: -nan(ind)
 

Arquitectura: _2_3_3_3_3_3_1_
Semilla: 1788094299
Segundos: 232
NIteraciones: 100000

Costo_train: 0.249958
Precision_train: -nan(ind)
Recall_train: 0.000000
F1_train: -nan(ind)

Costo_test: 0.250099
Precision_test: -nan(ind)
Recall_test: 0.000000
F1_test: -nan(ind)
 

Arquitectura: _2_3_3_3_3_3_1_
Semilla: 1788094299
Segundos: 232
NIteraciones: 100000

Costo_train: 0.249982
Precision_train: -nan(ind)
Recall_train: 0.000000
F1_train: -nan(ind)

Costo_test: 0.250122
Precision_test: -nan(ind)
Recall_test: 0.000000
F1_test: -nan(ind)
 

Arquitectura: _2_3_3_3_3_3_1_
Semilla: 1788094299
Segundos: 232
NIteraciones: 100000

Costo_train: 0.249984
Precision_train: -nan(ind)
Recall_train: 0.000000
F1_train: -nan(ind)

Costo_test: 0.250126
Precision_test: -nan(ind)
Recall_test: 0.000000
F1_test: -nan(ind)
 

Arquitectura: _2_3_3_3_3_3_1_
Semilla: 1788094299
Segundos: 232
NIteraciones: 100000

Costo_train: 0.249985
Precision_train: -nan(ind)
Recall_train: 0.000000
F1_train: -nan(ind)

Costo_test: 0.250128
Precision_test: -nan(ind)
Recall_test: 0.000000
F1_test: -nan(ind)
 

Arquitectura: _2_3_3_3_3_3_1_
Semilla: 1788094299
Segundos: 232
NIteraciones: 100000

Costo_train: 0.249985
Precision_train: -nan(ind)
Recall_train: 0.000000
F1_train: -nan(ind)

Costo_test: 0.250126
Precision_test: -nan(ind)
Recall_test: 0.000000
F1_test: -nan(ind)
 

Arquitectura: _2_3_3_3_3_3_1_
Semilla: 1788094299
Segundos: 232
NIteraciones: 100000

Costo_train: 0.249986
Precision_train: -nan(ind)
Recall_train: 0.000000
F1_train: -nan(ind)

Costo_test: 0.250127
Precision_test: -nan(ind)
Recall_test: 0.000000
F1_test: -nan(ind)
 

Arquitectura: _2_3_3_3_3_3_1_
Semilla: 1788094299
Segundos: 232
NIteraciones: 100000

Costo_train: 0.249982
Precision_train: -nan(ind)
Recall_train: 0.000000
F1_train: -nan(ind)

Costo_test: 0.250128
Precision_test: -nan(ind)
Recall_test: 0.000000
F1_test: -nan(ind)
 

Arquitectura: _2_3_3_3_3_3_1_
Semilla: 1788094299
Segundos: 232
NIteraciones: 100000

Costo_train: 0.249986
Precision_train: -nan(ind)
Recall_train: 0.000000
F1_train: -nan(ind)

Costo_test: 0.250129
Precision_test: -nan(ind)
Recall_test: 0.000000
F1_test: -nan(ind)
 

Arquitectura: _2_3_3_3_3_3_1_
Semilla: 1788094299
Segundos: 232
NIteraciones: 100000

Costo_train: 0.249987
Precision_train: -nan(ind)
Recall_train: 0.000000
F1_train: -nan(ind)

Costo_test: 0.250135
Precision_test: -nan(ind)
Recall_test: 0.000000
F1_test: -nan(ind)
 

Arquitectura: _2_3_3_3_3_3_1_
Semilla: 1788094299
Segundos: 232
NIteraciones: 100000

Costo_train: 0.249986
Precision_train: -nan(ind)
Recall_train: 0.000000
F1_train: -nan(ind)

Costo_test: 0.250128
Precision_test: -nan(ind)
Recall_test: 0.000000
F1_test: -nan(ind)
 

Arquitectura: _2_3_3_3_3_3_1_
Semilla: 1788094299
Segundos: 232
NIteraciones: 100000

Costo_train: 0.249985
Precision_train: -nan(ind)
Recall_train: 0.000000
F1_train: -nan(ind)

Costo_test: 0.250127
Precision_test: -nan(ind)
Recall_test: 0.000000
F1_test: -nan(ind)
 

Arquitectura: _2_3_3_3_3_3_1_
Semilla: 1788094299
Segundos: 232
NIteraciones: 100000

Costo_train: 0.249986
Precision_train: -nan(ind)
Recall_train: 0.000000
F1_train: -nan(ind)

Costo_test: 0.250125
Precision_test: -nan(ind)
Recall_test: 0.000000
F1_test: -nan(ind)
 

Arquitectura: _2_3_3_3_3_3_1_
Semilla: 1788094299
Segundos: 232
NIteraciones: 100000

Costo_train: 0.249991
Precision_train: -nan(ind)
Recall_train: 0.000000
F1_train: -nan(ind)

Costo_test: 0.250130
Precision_test: -nan(ind)
Recall_test: 0.000000
F1_test: -nan(ind)
 

Arquitectura: _2_3_3_3_3_3_1_
Semilla: 1788094299
Segundos: 232
NIteraciones: 100000

Costo_train: 0.249988
Precision_train: -nan(ind)
Recall_train: 0.000000
F1_train: -nan(ind)

Costo_test: 0.250129
Precision_test: -nan(ind)
Recall_test: 0.000000
F1_test: -nan(ind)
 

Arquitectura: _2_3_3_3_3_3_1_
Semilla: 1788094299
Segundos: 232
NIteraciones: 100000

Costo_train: 0.249986
Precision_train: -nan(ind)
Recall_train: 0.000000
F1_train: -nan(ind)

Costo_test: 0.250128
Precision_test: -nan(ind)
Recall_test: 0.000000
F1_test: -nan(ind)
 

Arquitectura: _2_3_3_3_3_3_1_
Semilla: 1788094299
Segundos: 232
NIteraciones: 100000

Costo_train: 0.249985
Precision_train: -nan(ind)
Recall_train: 0.000000
F1_train: -nan(ind)

Costo_test: 0.250125
Precision_test: -nan(ind)
Recall_test: 0.000000
F1_test: -nan(ind)
 

Arquitectura: _2_3_3_3_3_3_1_
Semilla: 1788094299
Segundos: 232
NIteraciones: 100000

Costo_train: 0.249985
Precision_train: -nan(ind)
Recall_train: 0.000000
F1_train: -nan(ind)

Costo_test: 0.250125
Precision_test: -nan(ind)
Recall_test: 0.000000
F1_test: -nan(ind)
 

Arquitectura: _2_3_3_3_3_3_1_
Semilla: 1788094299
Segundos: 232
NIteraciones: 100000

Costo_train: 0.249990
Precision_train: -nan(ind)
Recall_train: 0.000000
F1_train: -nan(ind)

Costo_test: 0.250128
Precision_test: -nan(ind)
Recall_test: 0.000000
F1_test: -nan(ind)
 
