--- Configuración Actual ---
Paso: 0.200000
Gamma: 0.000000
Parada: 0.100000
Iteraciones: 100000
CapasDesde: 2
CapasHasta: 5
Repeticiones: 1
Intervalo: 10000
Batch: 100
MultiplicadorProfunda: 0.700000
Tarjeta: NVIDIA GeForce RTX 3090 Ti
----------------------------
Dimensiones Datos
trainx: 10x712 
trainy: 1x712 
test_x: 10x179 


--- Test Angosta 2.0 ---
Iteración 10000
Costo: 0.139926
Iteración 20000
Costo: 0.136693
Iteración 30000
Costo: 0.119409
Iteración 40000
Costo: 0.115906
Iteración 50000
Costo: 0.111275
Iteración 60000
Costo: 0.118698
Iteración 70000
Costo: 0.103393
Iteración 80000
Costo: 0.097643
Iteración 90000
Costo: 0.095204

Arquitectura: _10_22_1_
Semilla: 1788080613
Segundos: 30
NIteraciones: 100000

Costo_train: 0.092124
Precision_train: 0.902041
Recall_train: 0.806569
F1_train: 0.851638

Costo_test: 0.119373
Precision_test: 0.875000
Recall_test: 0.720588
F1_test: 0.790323
 

Arquitectura: _10_22_1_
Semilla: 1788080613
Segundos: 30
NIteraciones: 100000

Costo_train: 0.095670
Precision_train: 0.910256
Recall_train: 0.777372
F1_train: 0.838583

Costo_test: 0.130176
Precision_test: 0.793651
Recall_test: 0.735294
F1_test: 0.763359
 

Arquitectura: _10_22_1_
Semilla: 1788080613
Segundos: 30
NIteraciones: 100000

Costo_train: 0.102867
Precision_train: 0.847909
Recall_train: 0.813869
F1_train: 0.830540

Costo_test: 0.131184
Precision_test: 0.872727
Recall_test: 0.705882
F1_test: 0.780488
 

Arquitectura: _10_22_1_
Semilla: 1788080613
Segundos: 30
NIteraciones: 100000

Costo_train: 0.096977
Precision_train: 0.912664
Recall_train: 0.762774
F1_train: 0.831014

Costo_test: 0.125490
Precision_test: 0.836066
Recall_test: 0.750000
F1_test: 0.790698
 

Arquitectura: _10_22_1_
Semilla: 1788080613
Segundos: 30
NIteraciones: 100000

Costo_train: 0.101808
Precision_train: 0.856031
Recall_train: 0.802920
F1_train: 0.828625

Costo_test: 0.138350
Precision_test: 0.783333
Recall_test: 0.691176
F1_test: 0.734375
 

Arquitectura: _10_22_1_
Semilla: 1788080613
Segundos: 30
NIteraciones: 100000

Costo_train: 0.140430
Precision_train: 0.723602
Recall_train: 0.850365
F1_train: 0.781879

Costo_test: 0.134828
Precision_test: 0.789474
Recall_test: 0.661765
F1_test: 0.720000
 

Arquitectura: _10_22_1_
Semilla: 1788080613
Segundos: 30
NIteraciones: 100000

Costo_train: 0.103069
Precision_train: 0.857143
Recall_train: 0.810219
F1_train: 0.833021

Costo_test: 0.137033
Precision_test: 0.807018
Recall_test: 0.676471
F1_test: 0.736000
 

Arquitectura: _10_22_1_
Semilla: 1788080613
Segundos: 30
NIteraciones: 100000

Costo_train: 0.095445
Precision_train: 0.917391
Recall_train: 0.770073
F1_train: 0.837302

Costo_test: 0.130625
Precision_test: 0.764706
Recall_test: 0.764706
F1_test: 0.764706
 

Arquitectura: _10_22_1_
Semilla: 1788080613
Segundos: 30
NIteraciones: 100000

Costo_train: 0.104777
Precision_train: 0.898678
Recall_train: 0.744526
F1_train: 0.814371

Costo_test: 0.126505
Precision_test: 0.785714
Recall_test: 0.808824
F1_test: 0.797101
 

Arquitectura: _10_22_1_
Semilla: 1788080613
Segundos: 30
NIteraciones: 100000

Costo_train: 0.094650
Precision_train: 0.907173
Recall_train: 0.784672
F1_train: 0.841487

Costo_test: 0.127664
Precision_test: 0.772727
Recall_test: 0.750000
F1_test: 0.761194
 

Arquitectura: _10_22_1_
Semilla: 1788080613
Segundos: 30
NIteraciones: 100000

Costo_train: 0.100304
Precision_train: 0.910314
Recall_train: 0.740876
F1_train: 0.816901

Costo_test: 0.125321
Precision_test: 0.846154
Recall_test: 0.808824
F1_test: 0.827068
 

Arquitectura: _10_22_1_
Semilla: 1788080613
Segundos: 30
NIteraciones: 100000

Costo_train: 0.100963
Precision_train: 0.939815
Recall_train: 0.740876
F1_train: 0.828571

Costo_test: 0.140356
Precision_test: 0.757576
Recall_test: 0.735294
F1_test: 0.746269
 

Arquitectura: _10_22_1_
Semilla: 1788080613
Segundos: 30
NIteraciones: 100000

Costo_train: 0.101970
Precision_train: 0.895652
Recall_train: 0.751825
F1_train: 0.817460

Costo_test: 0.145177
Precision_test: 0.742424
Recall_test: 0.720588
F1_test: 0.731343
 

Arquitectura: _10_22_1_
Semilla: 1788080613
Segundos: 30
NIteraciones: 100000

Costo_train: 0.098168
Precision_train: 0.873077
Recall_train: 0.828467
F1_train: 0.850187

Costo_test: 0.128932
Precision_test: 0.839286
Recall_test: 0.691176
F1_test: 0.758065
 

Arquitectura: _10_22_1_
Semilla: 1788080613
Segundos: 30
NIteraciones: 100000

Costo_train: 0.102307
Precision_train: 0.907489
Recall_train: 0.751825
F1_train: 0.822355

Costo_test: 0.131402
Precision_test: 0.793651
Recall_test: 0.735294
F1_test: 0.763359
 

Arquitectura: _10_22_1_
Semilla: 1788080613
Segundos: 30
NIteraciones: 100000

Costo_train: 0.100915
Precision_train: 0.835249
Recall_train: 0.795620
F1_train: 0.814953

Costo_test: 0.132595
Precision_test: 0.842105
Recall_test: 0.705882
F1_test: 0.768000
 

Arquitectura: _10_22_1_
Semilla: 1788080613
Segundos: 30
NIteraciones: 100000

Costo_train: 0.093740
Precision_train: 0.888889
Recall_train: 0.788321
F1_train: 0.835590

Costo_test: 0.131316
Precision_test: 0.781250
Recall_test: 0.735294
F1_test: 0.757576
 

Arquitectura: _10_22_1_
Semilla: 1788080613
Segundos: 30
NIteraciones: 100000

Costo_train: 0.125490
Precision_train: 0.742765
Recall_train: 0.843066
F1_train: 0.789744

Costo_test: 0.138954
Precision_test: 0.807018
Recall_test: 0.676471
F1_test: 0.736000
 

Arquitectura: _10_22_1_
Semilla: 1788080613
Segundos: 30
NIteraciones: 100000

Costo_train: 0.112358
Precision_train: 0.805654
Recall_train: 0.832117
F1_train: 0.818671

Costo_test: 0.145970
Precision_test: 0.781818
Recall_test: 0.632353
F1_test: 0.699187
 

Arquitectura: _10_22_1_
Semilla: 1788080613
Segundos: 30
NIteraciones: 100000

Costo_train: 0.095771
Precision_train: 0.892430
Recall_train: 0.817518
F1_train: 0.853333

Costo_test: 0.129118
Precision_test: 0.813559
Recall_test: 0.705882
F1_test: 0.755906
 

Arquitectura: _10_22_1_
Semilla: 1788080613
Segundos: 30
NIteraciones: 100000

Costo_train: 0.106050
Precision_train: 0.851406
Recall_train: 0.773723
F1_train: 0.810707

Costo_test: 0.131051
Precision_test: 0.807018
Recall_test: 0.676471
F1_test: 0.736000
 

Arquitectura: _10_22_1_
Semilla: 1788080613
Segundos: 30
NIteraciones: 100000

Costo_train: 0.100381
Precision_train: 0.852590
Recall_train: 0.781022
F1_train: 0.815238

Costo_test: 0.122924
Precision_test: 0.842105
Recall_test: 0.705882
F1_test: 0.768000
 

Arquitectura: _10_22_1_
Semilla: 1788080613
Segundos: 30
NIteraciones: 100000

Costo_train: 0.113274
Precision_train: 0.939086
Recall_train: 0.675182
F1_train: 0.785563

Costo_test: 0.168199
Precision_test: 0.705128
Recall_test: 0.808824
F1_test: 0.753425
 

Arquitectura: _10_22_1_
Semilla: 1788080613
Segundos: 30
NIteraciones: 100000

Costo_train: 0.102456
Precision_train: 0.878049
Recall_train: 0.788321
F1_train: 0.830769

Costo_test: 0.134409
Precision_test: 0.781250
Recall_test: 0.735294
F1_test: 0.757576
 

Arquitectura: _10_22_1_
Semilla: 1788080613
Segundos: 30
NIteraciones: 100000

Costo_train: 0.100683
Precision_train: 0.862348
Recall_train: 0.777372
F1_train: 0.817658

Costo_test: 0.133307
Precision_test: 0.793651
Recall_test: 0.735294
F1_test: 0.763359
 

Arquitectura: _10_22_1_
Semilla: 1788080613
Segundos: 30
NIteraciones: 100000

Costo_train: 0.103169
Precision_train: 0.849421
Recall_train: 0.802920
F1_train: 0.825516

Costo_test: 0.123521
Precision_test: 0.819672
Recall_test: 0.735294
F1_test: 0.775194
 

Arquitectura: _10_22_1_
Semilla: 1788080613
Segundos: 30
NIteraciones: 100000

Costo_train: 0.102190
Precision_train: 0.904762
Recall_train: 0.762774
F1_train: 0.827723

Costo_test: 0.119060
Precision_test: 0.850000
Recall_test: 0.750000
F1_test: 0.796875
 

Arquitectura: _10_22_1_
Semilla: 1788080613
Segundos: 30
NIteraciones: 100000

Costo_train: 0.097224
Precision_train: 0.871698
Recall_train: 0.843066
F1_train: 0.857143

Costo_test: 0.142816
Precision_test: 0.783333
Recall_test: 0.691176
F1_test: 0.734375
 

Arquitectura: _10_22_1_
Semilla: 1788080613
Segundos: 30
NIteraciones: 100000

Costo_train: 0.096021
Precision_train: 0.872587
Recall_train: 0.824818
F1_train: 0.848030

Costo_test: 0.128799
Precision_test: 0.819672
Recall_test: 0.735294
F1_test: 0.775194
 

Arquitectura: _10_22_1_
Semilla: 1788080613
Segundos: 30
NIteraciones: 100000

Costo_train: 0.107436
Precision_train: 0.857143
Recall_train: 0.788321
F1_train: 0.821293

Costo_test: 0.142854
Precision_test: 0.803571
Recall_test: 0.661765
F1_test: 0.725806
 

Arquitectura: _10_22_1_
Semilla: 1788080613
Segundos: 30
NIteraciones: 100000

Costo_train: 0.095871
Precision_train: 0.877953
Recall_train: 0.813869
F1_train: 0.844697

Costo_test: 0.142555
Precision_test: 0.816667
Recall_test: 0.720588
F1_test: 0.765625
 

Arquitectura: _10_22_1_
Semilla: 1788080613
Segundos: 30
NIteraciones: 100000

Costo_train: 0.106523
Precision_train: 0.838462
Recall_train: 0.795620
F1_train: 0.816479

Costo_test: 0.124800
Precision_test: 0.877551
Recall_test: 0.632353
F1_test: 0.735043
 

Arquitectura: _10_22_1_
Semilla: 1788080613
Segundos: 30
NIteraciones: 100000

Costo_train: 0.104861
Precision_train: 0.879668
Recall_train: 0.773723
F1_train: 0.823301

Costo_test: 0.137942
Precision_test: 0.819672
Recall_test: 0.735294
F1_test: 0.775194
 

Arquitectura: _10_22_1_
Semilla: 1788080613
Segundos: 30
NIteraciones: 100000

Costo_train: 0.094631
Precision_train: 0.879032
Recall_train: 0.795620
F1_train: 0.835249

Costo_test: 0.125729
Precision_test: 0.819672
Recall_test: 0.735294
F1_test: 0.775194
 

Arquitectura: _10_22_1_
Semilla: 1788080613
Segundos: 30
NIteraciones: 100000

Costo_train: 0.099096
Precision_train: 0.932127
Recall_train: 0.751825
F1_train: 0.832323

Costo_test: 0.129585
Precision_test: 0.787879
Recall_test: 0.764706
F1_test: 0.776119
 

Arquitectura: _10_22_1_
Semilla: 1788080613
Segundos: 30
NIteraciones: 100000

Costo_train: 0.103279
Precision_train: 0.873469
Recall_train: 0.781022
F1_train: 0.824663

Costo_test: 0.138275
Precision_test: 0.821429
Recall_test: 0.676471
F1_test: 0.741935
 

Arquitectura: _10_22_1_
Semilla: 1788080613
Segundos: 30
NIteraciones: 100000

Costo_train: 0.101777
Precision_train: 0.895652
Recall_train: 0.751825
F1_train: 0.817460

Costo_test: 0.136621
Precision_test: 0.765625
Recall_test: 0.720588
F1_test: 0.742424
 

Arquitectura: _10_22_1_
Semilla: 1788080613
Segundos: 30
NIteraciones: 100000

Costo_train: 0.099048
Precision_train: 0.915929
Recall_train: 0.755474
F1_train: 0.828000

Costo_test: 0.135037
Precision_test: 0.776119
Recall_test: 0.764706
F1_test: 0.770370
 

Arquitectura: _10_22_1_
Semilla: 1788080613
Segundos: 30
NIteraciones: 100000

Costo_train: 0.101013
Precision_train: 0.876984
Recall_train: 0.806569
F1_train: 0.840304

Costo_test: 0.127916
Precision_test: 0.836364
Recall_test: 0.676471
F1_test: 0.747967
 

Arquitectura: _10_22_1_
Semilla: 1788080613
Segundos: 30
NIteraciones: 100000

Costo_train: 0.092809
Precision_train: 0.909465
Recall_train: 0.806569
F1_train: 0.854932

Costo_test: 0.124459
Precision_test: 0.803030
Recall_test: 0.779412
F1_test: 0.791045
 

Arquitectura: _10_22_1_
Semilla: 1788080613
Segundos: 30
NIteraciones: 100000

Costo_train: 0.111262
Precision_train: 0.809353
Recall_train: 0.821168
F1_train: 0.815217

Costo_test: 0.129647
Precision_test: 0.900000
Recall_test: 0.661765
F1_test: 0.762712
 

Arquitectura: _10_22_1_
Semilla: 1788080613
Segundos: 30
NIteraciones: 100000

Costo_train: 0.103170
Precision_train: 0.924883
Recall_train: 0.718978
F1_train: 0.809035

Costo_test: 0.134655
Precision_test: 0.803279
Recall_test: 0.720588
F1_test: 0.759690
 

Arquitectura: _10_22_1_
Semilla: 1788080613
Segundos: 30
NIteraciones: 100000

Costo_train: 0.102654
Precision_train: 0.878661
Recall_train: 0.766423
F1_train: 0.818713

Costo_test: 0.126208
Precision_test: 0.839286
Recall_test: 0.691176
F1_test: 0.758065
 

Arquitectura: _10_22_1_
Semilla: 1788080613
Segundos: 30
NIteraciones: 100000

Costo_train: 0.099101
Precision_train: 0.924107
Recall_train: 0.755474
F1_train: 0.831325

Costo_test: 0.124639
Precision_test: 0.809524
Recall_test: 0.750000
F1_test: 0.778626
 

Arquitectura: _10_22_1_
Semilla: 1788080613
Segundos: 30
NIteraciones: 100000

Costo_train: 0.106639
Precision_train: 0.860656
Recall_train: 0.766423
F1_train: 0.810811

Costo_test: 0.121936
Precision_test: 0.854545
Recall_test: 0.691176
F1_test: 0.764228
 

Arquitectura: _10_22_1_
Semilla: 1788080613
Segundos: 30
NIteraciones: 100000

Costo_train: 0.099255
Precision_train: 0.877551
Recall_train: 0.784672
F1_train: 0.828516

Costo_test: 0.135257
Precision_test: 0.824561
Recall_test: 0.691176
F1_test: 0.752000
 

Arquitectura: _10_22_1_
Semilla: 1788080613
Segundos: 30
NIteraciones: 100000

Costo_train: 0.114283
Precision_train: 0.918782
Recall_train: 0.660584
F1_train: 0.768577

Costo_test: 0.141699
Precision_test: 0.731343
Recall_test: 0.720588
F1_test: 0.725926
 

Arquitectura: _10_22_1_
Semilla: 1788080613
Segundos: 30
NIteraciones: 100000

Costo_train: 0.102282
Precision_train: 0.925234
Recall_train: 0.722628
F1_train: 0.811475

Costo_test: 0.140586
Precision_test: 0.739130
Recall_test: 0.750000
F1_test: 0.744525
 

Arquitectura: _10_22_1_
Semilla: 1788080613
Segundos: 30
NIteraciones: 100000

Costo_train: 0.104670
Precision_train: 0.915094
Recall_train: 0.708029
F1_train: 0.798354

Costo_test: 0.129991
Precision_test: 0.786885
Recall_test: 0.705882
F1_test: 0.744186
 

Arquitectura: _10_22_1_
Semilla: 1788080613
Segundos: 30
NIteraciones: 100000

Costo_train: 0.097739
Precision_train: 0.893004
Recall_train: 0.791971
F1_train: 0.839458

Costo_test: 0.135852
Precision_test: 0.806452
Recall_test: 0.735294
F1_test: 0.769231
 

Arquitectura: _10_22_1_
Semilla: 1788080613
Segundos: 30
NIteraciones: 100000

Costo_train: 0.098778
Precision_train: 0.863813
Recall_train: 0.810219
F1_train: 0.836158

Costo_test: 0.131682
Precision_test: 0.847458
Recall_test: 0.735294
F1_test: 0.787402
 

Arquitectura: _10_22_1_
Semilla: 1788080613
Segundos: 30
NIteraciones: 100000

Costo_train: 0.095237
Precision_train: 0.906780
Recall_train: 0.781022
F1_train: 0.839216

Costo_test: 0.127222
Precision_test: 0.796875
Recall_test: 0.750000
F1_test: 0.772727
 

Arquitectura: _10_22_1_
Semilla: 1788080613
Segundos: 30
NIteraciones: 100000

Costo_train: 0.097768
Precision_train: 0.869565
Recall_train: 0.802920
F1_train: 0.834915

Costo_test: 0.122758
Precision_test: 0.862069
Recall_test: 0.735294
F1_test: 0.793651
 

Arquitectura: _10_22_1_
Semilla: 1788080613
Segundos: 30
NIteraciones: 100000

Costo_train: 0.102288
Precision_train: 0.913242
Recall_train: 0.729927
F1_train: 0.811359

Costo_test: 0.129613
Precision_test: 0.859649
Recall_test: 0.720588
F1_test: 0.784000
 

Arquitectura: _10_22_1_
Semilla: 1788080613
Segundos: 30
NIteraciones: 100000

Costo_train: 0.098327
Precision_train: 0.893617
Recall_train: 0.766423
F1_train: 0.825147

Costo_test: 0.120225
Precision_test: 0.784615
Recall_test: 0.750000
F1_test: 0.766917
 

Arquitectura: _10_22_1_
Semilla: 1788080613
Segundos: 30
NIteraciones: 100000

Costo_train: 0.105548
Precision_train: 0.846457
Recall_train: 0.784672
F1_train: 0.814394

Costo_test: 0.129434
Precision_test: 0.824561
Recall_test: 0.691176
F1_test: 0.752000
 

Arquitectura: _10_22_1_
Semilla: 1788080613
Segundos: 30
NIteraciones: 100000

Costo_train: 0.100108
Precision_train: 0.883065
Recall_train: 0.799270
F1_train: 0.839080

Costo_test: 0.132821
Precision_test: 0.822581
Recall_test: 0.750000
F1_test: 0.784615
 

Arquitectura: _10_22_1_
Semilla: 1788080613
Segundos: 30
NIteraciones: 100000

Costo_train: 0.114554
Precision_train: 0.804196
Recall_train: 0.839416
F1_train: 0.821429

Costo_test: 0.131546
Precision_test: 0.833333
Recall_test: 0.661765
F1_test: 0.737705
 

Arquitectura: _10_22_1_
Semilla: 1788080613
Segundos: 30
NIteraciones: 100000

Costo_train: 0.103339
Precision_train: 0.905405
Recall_train: 0.733577
F1_train: 0.810484

Costo_test: 0.132819
Precision_test: 0.796610
Recall_test: 0.691176
F1_test: 0.740157
 

Arquitectura: _10_22_1_
Semilla: 1788080613
Segundos: 30
NIteraciones: 100000

Costo_train: 0.105757
Precision_train: 0.869198
Recall_train: 0.751825
F1_train: 0.806262

Costo_test: 0.127394
Precision_test: 0.842105
Recall_test: 0.705882
F1_test: 0.768000
 

Arquitectura: _10_22_1_
Semilla: 1788080613
Segundos: 30
NIteraciones: 100000

Costo_train: 0.100566
Precision_train: 0.903930
Recall_train: 0.755474
F1_train: 0.823062

Costo_test: 0.123103
Precision_test: 0.833333
Recall_test: 0.735294
F1_test: 0.781250
 

Arquitectura: _10_22_1_
Semilla: 1788080613
Segundos: 30
NIteraciones: 100000

Costo_train: 0.101747
Precision_train: 0.868000
Recall_train: 0.791971
F1_train: 0.828244

Costo_test: 0.136574
Precision_test: 0.806452
Recall_test: 0.735294
F1_test: 0.769231
 

Arquitectura: _10_22_1_
Semilla: 1788080613
Segundos: 30
NIteraciones: 100000

Costo_train: 0.103965
Precision_train: 0.839552
Recall_train: 0.821168
F1_train: 0.830258

Costo_test: 0.139062
Precision_test: 0.806452
Recall_test: 0.735294
F1_test: 0.769231
 

Arquitectura: _10_22_1_
Semilla: 1788080613
Segundos: 30
NIteraciones: 100000

Costo_train: 0.105368
Precision_train: 0.894495
Recall_train: 0.711679
F1_train: 0.792683

Costo_test: 0.124560
Precision_test: 0.872727
Recall_test: 0.705882
F1_test: 0.780488
 

Arquitectura: _10_22_1_
Semilla: 1788080613
Segundos: 30
NIteraciones: 100000

Costo_train: 0.103959
Precision_train: 0.904762
Recall_train: 0.762774
F1_train: 0.827723

Costo_test: 0.134993
Precision_test: 0.827586
Recall_test: 0.705882
F1_test: 0.761905
 

Arquitectura: _10_22_1_
Semilla: 1788080613
Segundos: 30
NIteraciones: 100000

Costo_train: 0.102723
Precision_train: 0.876596
Recall_train: 0.751825
F1_train: 0.809430

Costo_test: 0.134544
Precision_test: 0.796610
Recall_test: 0.691176
F1_test: 0.740157
 

Arquitectura: _10_22_1_
Semilla: 1788080613
Segundos: 30
NIteraciones: 100000

Costo_train: 0.097984
Precision_train: 0.898734
Recall_train: 0.777372
F1_train: 0.833659

Costo_test: 0.129504
Precision_test: 0.793651
Recall_test: 0.735294
F1_test: 0.763359
 

Arquitectura: _10_22_1_
Semilla: 1788080613
Segundos: 30
NIteraciones: 100000

Costo_train: 0.092878
Precision_train: 0.897541
Recall_train: 0.799270
F1_train: 0.845560

Costo_test: 0.131968
Precision_test: 0.800000
Recall_test: 0.764706
F1_test: 0.781955
 

Arquitectura: _10_22_1_
Semilla: 1788080613
Segundos: 30
NIteraciones: 100000

Costo_train: 0.094507
Precision_train: 0.883268
Recall_train: 0.828467
F1_train: 0.854991

Costo_test: 0.130023
Precision_test: 0.824561
Recall_test: 0.691176
F1_test: 0.752000
 

Arquitectura: _10_22_1_
Semilla: 1788080613
Segundos: 30
NIteraciones: 100000

Costo_train: 0.095504
Precision_train: 0.898785
Recall_train: 0.810219
F1_train: 0.852207

Costo_test: 0.133406
Precision_test: 0.777778
Recall_test: 0.720588
F1_test: 0.748092
 

Arquitectura: _10_22_1_
Semilla: 1788080613
Segundos: 30
NIteraciones: 100000

Costo_train: 0.103118
Precision_train: 0.850980
Recall_train: 0.791971
F1_train: 0.820416

Costo_test: 0.127824
Precision_test: 0.870370
Recall_test: 0.691176
F1_test: 0.770492
 

Arquitectura: _10_22_1_
Semilla: 1788080613
Segundos: 30
NIteraciones: 100000

Costo_train: 0.101478
Precision_train: 0.880952
Recall_train: 0.810219
F1_train: 0.844106

Costo_test: 0.117553
Precision_test: 0.852459
Recall_test: 0.764706
F1_test: 0.806202
 

Arquitectura: _10_22_1_
Semilla: 1788080613
Segundos: 30
NIteraciones: 100000

Costo_train: 0.102299
Precision_train: 0.884774
Recall_train: 0.784672
F1_train: 0.831721

Costo_test: 0.135654
Precision_test: 0.851852
Recall_test: 0.676471
F1_test: 0.754098
 

Arquitectura: _10_22_1_
Semilla: 1788080613
Segundos: 30
NIteraciones: 100000

Costo_train: 0.098024
Precision_train: 0.920000
Recall_train: 0.755474
F1_train: 0.829659

Costo_test: 0.144110
Precision_test: 0.765625
Recall_test: 0.720588
F1_test: 0.742424
 

Arquitectura: _10_22_1_
Semilla: 1788080613
Segundos: 30
NIteraciones: 100000

Costo_train: 0.101274
Precision_train: 0.869048
Recall_train: 0.799270
F1_train: 0.832700

Costo_test: 0.132571
Precision_test: 0.839286
Recall_test: 0.691176
F1_test: 0.758065
 

Arquitectura: _10_22_1_
Semilla: 1788080613
Segundos: 30
NIteraciones: 100000

Costo_train: 0.096378
Precision_train: 0.906383
Recall_train: 0.777372
F1_train: 0.836935

Costo_test: 0.135315
Precision_test: 0.736111
Recall_test: 0.779412
F1_test: 0.757143
 

Arquitectura: _10_22_1_
Semilla: 1788080613
Segundos: 30
NIteraciones: 100000

Costo_train: 0.104725
Precision_train: 0.853755
Recall_train: 0.788321
F1_train: 0.819734

Costo_test: 0.142620
Precision_test: 0.796875
Recall_test: 0.750000
F1_test: 0.772727
 

Arquitectura: _10_22_1_
Semilla: 1788080613
Segundos: 30
NIteraciones: 100000

Costo_train: 0.105515
Precision_train: 0.842308
Recall_train: 0.799270
F1_train: 0.820225

Costo_test: 0.125846
Precision_test: 0.803030
Recall_test: 0.779412
F1_test: 0.791045
 

Arquitectura: _10_22_1_
Semilla: 1788080613
Segundos: 30
NIteraciones: 100000

Costo_train: 0.101399
Precision_train: 0.918182
Recall_train: 0.737226
F1_train: 0.817814

Costo_test: 0.126309
Precision_test: 0.776119
Recall_test: 0.764706
F1_test: 0.770370
 

Arquitectura: _10_22_1_
Semilla: 1788080613
Segundos: 30
NIteraciones: 100000

Costo_train: 0.091869
Precision_train: 0.903226
Recall_train: 0.817518
F1_train: 0.858238

Costo_test: 0.130124
Precision_test: 0.794118
Recall_test: 0.794118
F1_test: 0.794118
 

Arquitectura: _10_22_1_
Semilla: 1788080613
Segundos: 30
NIteraciones: 100000

Costo_train: 0.103002
Precision_train: 0.900000
Recall_train: 0.755474
F1_train: 0.821429

Costo_test: 0.134260
Precision_test: 0.787879
Recall_test: 0.764706
F1_test: 0.776119
 

Arquitectura: _10_22_1_
Semilla: 1788080613
Segundos: 30
NIteraciones: 100000

Costo_train: 0.104072
Precision_train: 0.861660
Recall_train: 0.795620
F1_train: 0.827325

Costo_test: 0.140540
Precision_test: 0.769231
Recall_test: 0.735294
F1_test: 0.751880
 

Arquitectura: _10_22_1_
Semilla: 1788080613
Segundos: 30
NIteraciones: 100000

Costo_train: 0.105682
Precision_train: 0.912037
Recall_train: 0.718978
F1_train: 0.804082

Costo_test: 0.137251
Precision_test: 0.779412
Recall_test: 0.779412
F1_test: 0.779412
 

Arquitectura: _10_22_1_
Semilla: 1788080613
Segundos: 30
NIteraciones: 100000

Costo_train: 0.102681
Precision_train: 0.896104
Recall_train: 0.755474
F1_train: 0.819802

Costo_test: 0.133526
Precision_test: 0.796875
Recall_test: 0.750000
F1_test: 0.772727
 

Arquitectura: _10_22_1_
Semilla: 1788080613
Segundos: 30
NIteraciones: 100000

Costo_train: 0.097304
Precision_train: 0.891667
Recall_train: 0.781022
F1_train: 0.832685

Costo_test: 0.138902
Precision_test: 0.766667
Recall_test: 0.676471
F1_test: 0.718750
 

Arquitectura: _10_22_1_
Semilla: 1788080613
Segundos: 30
NIteraciones: 100000

Costo_train: 0.103959
Precision_train: 0.876033
Recall_train: 0.773723
F1_train: 0.821705

Costo_test: 0.133118
Precision_test: 0.800000
Recall_test: 0.705882
F1_test: 0.750000
 

Arquitectura: _10_22_1_
Semilla: 1788080613
Segundos: 30
NIteraciones: 100000

Costo_train: 0.098985
Precision_train: 0.865079
Recall_train: 0.795620
F1_train: 0.828897

Costo_test: 0.134334
Precision_test: 0.851852
Recall_test: 0.676471
F1_test: 0.754098
 

Arquitectura: _10_22_1_
Semilla: 1788080613
Segundos: 30
NIteraciones: 100000

Costo_train: 0.103030
Precision_train: 0.892241
Recall_train: 0.755474
F1_train: 0.818182

Costo_test: 0.136432
Precision_test: 0.769231
Recall_test: 0.735294
F1_test: 0.751880
 

Arquitectura: _10_22_1_
Semilla: 1788080613
Segundos: 30
NIteraciones: 100000

Costo_train: 0.106297
Precision_train: 0.901345
Recall_train: 0.733577
F1_train: 0.808853

Costo_test: 0.132002
Precision_test: 0.790323
Recall_test: 0.720588
F1_test: 0.753846
 

Arquitectura: _10_22_1_
Semilla: 1788080613
Segundos: 30
NIteraciones: 100000

Costo_train: 0.105724
Precision_train: 0.850394
Recall_train: 0.788321
F1_train: 0.818182

Costo_test: 0.134118
Precision_test: 0.810345
Recall_test: 0.691176
F1_test: 0.746032
 

Arquitectura: _10_22_1_
Semilla: 1788080613
Segundos: 30
NIteraciones: 100000

Costo_train: 0.104353
Precision_train: 0.904110
Recall_train: 0.722628
F1_train: 0.803245

Costo_test: 0.131807
Precision_test: 0.806452
Recall_test: 0.735294
F1_test: 0.769231
 

Arquitectura: _10_22_1_
Semilla: 1788080613
Segundos: 30
NIteraciones: 100000

Costo_train: 0.098578
Precision_train: 0.877470
Recall_train: 0.810219
F1_train: 0.842505

Costo_test: 0.132198
Precision_test: 0.819672
Recall_test: 0.735294
F1_test: 0.775194
 

Arquitectura: _10_22_1_
Semilla: 1788080613
Segundos: 30
NIteraciones: 100000

Costo_train: 0.098726
Precision_train: 0.861004
Recall_train: 0.813869
F1_train: 0.836773

Costo_test: 0.126730
Precision_test: 0.847458
Recall_test: 0.735294
F1_test: 0.787402
 

Arquitectura: _10_22_1_
Semilla: 1788080613
Segundos: 30
NIteraciones: 100000

Costo_train: 0.095785
Precision_train: 0.863813
Recall_train: 0.810219
F1_train: 0.836158

Costo_test: 0.133525
Precision_test: 0.779412
Recall_test: 0.779412
F1_test: 0.779412
 

Arquitectura: _10_22_1_
Semilla: 1788080613
Segundos: 30
NIteraciones: 100000

Costo_train: 0.104802
Precision_train: 0.833962
Recall_train: 0.806569
F1_train: 0.820037

Costo_test: 0.136593
Precision_test: 0.830508
Recall_test: 0.720588
F1_test: 0.771654
 

Arquitectura: _10_22_1_
Semilla: 1788080613
Segundos: 30
NIteraciones: 100000

Costo_train: 0.100015
Precision_train: 0.876494
Recall_train: 0.802920
F1_train: 0.838095

Costo_test: 0.129285
Precision_test: 0.809524
Recall_test: 0.750000
F1_test: 0.778626
 

Arquitectura: _10_22_1_
Semilla: 1788080613
Segundos: 30
NIteraciones: 100000

Costo_train: 0.104732
Precision_train: 0.898678
Recall_train: 0.744526
F1_train: 0.814371

Costo_test: 0.139273
Precision_test: 0.742857
Recall_test: 0.764706
F1_test: 0.753623
 

Arquitectura: _10_22_1_
Semilla: 1788080613
Segundos: 30
NIteraciones: 100000

Costo_train: 0.096634
Precision_train: 0.861538
Recall_train: 0.817518
F1_train: 0.838951

Costo_test: 0.129851
Precision_test: 0.824561
Recall_test: 0.691176
F1_test: 0.752000
 

Arquitectura: _10_22_1_
Semilla: 1788080613
Segundos: 30
NIteraciones: 100000

Costo_train: 0.098276
Precision_train: 0.892562
Recall_train: 0.788321
F1_train: 0.837209

Costo_test: 0.135892
Precision_test: 0.790323
Recall_test: 0.720588
F1_test: 0.753846
 

Arquitectura: _10_22_1_
Semilla: 1788080613
Segundos: 30
NIteraciones: 100000

Costo_train: 0.101724
Precision_train: 0.894737
Recall_train: 0.744526
F1_train: 0.812749

Costo_test: 0.138124
Precision_test: 0.770492
Recall_test: 0.691176
F1_test: 0.728682
 


--- Test Profunda 2.0 ---
Iteración 10000
Costo: 0.148619
Iteración 20000
Costo: 0.143889
Iteración 30000
Costo: 0.131113
Iteración 40000
Costo: 0.135396
Iteración 50000
Costo: 0.129715
Iteración 60000
Costo: 0.119812
Iteración 70000
Costo: 0.118197
Iteración 80000
Costo: 0.117048
Iteración 90000
Costo: 0.116228

Arquitectura: _10_11_11_1_
Semilla: 1788080643
Segundos: 50
NIteraciones: 100000

Costo_train: 0.115553
Precision_train: 0.880734
Recall_train: 0.700730
F1_train: 0.780488

Costo_test: 0.124198
Precision_test: 0.842105
Recall_test: 0.705882
F1_test: 0.768000
 

Arquitectura: _10_11_11_1_
Semilla: 1788080643
Segundos: 50
NIteraciones: 100000

Costo_train: 0.110921
Precision_train: 0.909524
Recall_train: 0.697080
F1_train: 0.789256

Costo_test: 0.145727
Precision_test: 0.765625
Recall_test: 0.720588
F1_test: 0.742424
 

Arquitectura: _10_11_11_1_
Semilla: 1788080643
Segundos: 50
NIteraciones: 100000

Costo_train: 0.119427
Precision_train: 0.806202
Recall_train: 0.759124
F1_train: 0.781955

Costo_test: 0.132326
Precision_test: 0.810345
Recall_test: 0.691176
F1_test: 0.746032
 

Arquitectura: _10_11_11_1_
Semilla: 1788080643
Segundos: 50
NIteraciones: 100000

Costo_train: 0.112167
Precision_train: 0.900943
Recall_train: 0.697080
F1_train: 0.786008

Costo_test: 0.132457
Precision_test: 0.806452
Recall_test: 0.735294
F1_test: 0.769231
 

Arquitectura: _10_11_11_1_
Semilla: 1788080643
Segundos: 50
NIteraciones: 100000

Costo_train: 0.123208
Precision_train: 0.902564
Recall_train: 0.642336
F1_train: 0.750533

Costo_test: 0.147584
Precision_test: 0.728571
Recall_test: 0.750000
F1_test: 0.739130
 

Arquitectura: _10_11_11_1_
Semilla: 1788080643
Segundos: 50
NIteraciones: 100000

Costo_train: 0.111069
Precision_train: 0.903670
Recall_train: 0.718978
F1_train: 0.800813

Costo_test: 0.128503
Precision_test: 0.847458
Recall_test: 0.735294
F1_test: 0.787402
 

Arquitectura: _10_11_11_1_
Semilla: 1788080643
Segundos: 50
NIteraciones: 100000

Costo_train: 0.117759
Precision_train: 0.809339
Recall_train: 0.759124
F1_train: 0.783427

Costo_test: 0.132313
Precision_test: 0.810345
Recall_test: 0.691176
F1_test: 0.746032
 

Arquitectura: _10_11_11_1_
Semilla: 1788080643
Segundos: 50
NIteraciones: 100000

Costo_train: 0.115462
Precision_train: 0.863071
Recall_train: 0.759124
F1_train: 0.807767

Costo_test: 0.131644
Precision_test: 0.833333
Recall_test: 0.735294
F1_test: 0.781250
 

Arquitectura: _10_11_11_1_
Semilla: 1788080643
Segundos: 50
NIteraciones: 100000

Costo_train: 0.109666
Precision_train: 0.890909
Recall_train: 0.715328
F1_train: 0.793522

Costo_test: 0.139814
Precision_test: 0.777778
Recall_test: 0.720588
F1_test: 0.748092
 

Arquitectura: _10_11_11_1_
Semilla: 1788080643
Segundos: 50
NIteraciones: 100000

Costo_train: 0.116787
Precision_train: 0.928205
Recall_train: 0.660584
F1_train: 0.771855

Costo_test: 0.133956
Precision_test: 0.772727
Recall_test: 0.750000
F1_test: 0.761194
 

Arquitectura: _10_11_11_1_
Semilla: 1788080643
Segundos: 50
NIteraciones: 100000

Costo_train: 0.126016
Precision_train: 0.781362
Recall_train: 0.795620
F1_train: 0.788427

Costo_test: 0.134134
Precision_test: 0.886364
Recall_test: 0.573529
F1_test: 0.696429
 

Arquitectura: _10_11_11_1_
Semilla: 1788080643
Segundos: 50
NIteraciones: 100000

Costo_train: 0.111405
Precision_train: 0.868644
Recall_train: 0.748175
F1_train: 0.803922

Costo_test: 0.131617
Precision_test: 0.800000
Recall_test: 0.705882
F1_test: 0.750000
 

Arquitectura: _10_11_11_1_
Semilla: 1788080643
Segundos: 50
NIteraciones: 100000

Costo_train: 0.107058
Precision_train: 0.906977
Recall_train: 0.711679
F1_train: 0.797546

Costo_test: 0.124002
Precision_test: 0.847458
Recall_test: 0.735294
F1_test: 0.787402
 

Arquitectura: _10_11_11_1_
Semilla: 1788080643
Segundos: 50
NIteraciones: 100000

Costo_train: 0.120996
Precision_train: 0.812500
Recall_train: 0.759124
F1_train: 0.784906

Costo_test: 0.127071
Precision_test: 0.893617
Recall_test: 0.617647
F1_test: 0.730435
 

Arquitectura: _10_11_11_1_
Semilla: 1788080643
Segundos: 50
NIteraciones: 100000

Costo_train: 0.113983
Precision_train: 0.879070
Recall_train: 0.689781
F1_train: 0.773006

Costo_test: 0.121118
Precision_test: 0.833333
Recall_test: 0.735294
F1_test: 0.781250
 

Arquitectura: _10_11_11_1_
Semilla: 1788080643
Segundos: 50
NIteraciones: 100000

Costo_train: 0.111531
Precision_train: 0.877828
Recall_train: 0.708029
F1_train: 0.783838

Costo_test: 0.120539
Precision_test: 0.844828
Recall_test: 0.720588
F1_test: 0.777778
 

Arquitectura: _10_11_11_1_
Semilla: 1788080643
Segundos: 50
NIteraciones: 100000

Costo_train: 0.109751
Precision_train: 0.876106
Recall_train: 0.722628
F1_train: 0.792000

Costo_test: 0.119066
Precision_test: 0.870370
Recall_test: 0.691176
F1_test: 0.770492
 

Arquitectura: _10_11_11_1_
Semilla: 1788080643
Segundos: 50
NIteraciones: 100000

Costo_train: 0.114543
Precision_train: 0.894737
Recall_train: 0.682482
F1_train: 0.774327

Costo_test: 0.137236
Precision_test: 0.772727
Recall_test: 0.750000
F1_test: 0.761194
 

Arquitectura: _10_11_11_1_
Semilla: 1788080643
Segundos: 50
NIteraciones: 100000

Costo_train: 0.118016
Precision_train: 0.858407
Recall_train: 0.708029
F1_train: 0.776000

Costo_test: 0.126219
Precision_test: 0.882353
Recall_test: 0.661765
F1_test: 0.756302
 

Arquitectura: _10_11_11_1_
Semilla: 1788080643
Segundos: 50
NIteraciones: 100000

Costo_train: 0.104627
Precision_train: 0.911628
Recall_train: 0.715328
F1_train: 0.801636

Costo_test: 0.124582
Precision_test: 0.844828
Recall_test: 0.720588
F1_test: 0.777778
 

Arquitectura: _10_11_11_1_
Semilla: 1788080643
Segundos: 50
NIteraciones: 100000

Costo_train: 0.111935
Precision_train: 0.884793
Recall_train: 0.700730
F1_train: 0.782077

Costo_test: 0.137382
Precision_test: 0.774194
Recall_test: 0.705882
F1_test: 0.738462
 

Arquitectura: _10_11_11_1_
Semilla: 1788080643
Segundos: 50
NIteraciones: 100000

Costo_train: 0.131058
Precision_train: 0.921788
Recall_train: 0.602190
F1_train: 0.728477

Costo_test: 0.156561
Precision_test: 0.722222
Recall_test: 0.764706
F1_test: 0.742857
 

Arquitectura: _10_11_11_1_
Semilla: 1788080643
Segundos: 50
NIteraciones: 100000

Costo_train: 0.120613
Precision_train: 0.800000
Recall_train: 0.788321
F1_train: 0.794118

Costo_test: 0.122499
Precision_test: 0.839286
Recall_test: 0.691176
F1_test: 0.758065
 

Arquitectura: _10_11_11_1_
Semilla: 1788080643
Segundos: 50
NIteraciones: 100000

Costo_train: 0.113274
Precision_train: 0.887892
Recall_train: 0.722628
F1_train: 0.796781

Costo_test: 0.140763
Precision_test: 0.776119
Recall_test: 0.764706
F1_test: 0.770370
 

Arquitectura: _10_11_11_1_
Semilla: 1788080643
Segundos: 50
NIteraciones: 100000

Costo_train: 0.113362
Precision_train: 0.877828
Recall_train: 0.708029
F1_train: 0.783838

Costo_test: 0.126213
Precision_test: 0.800000
Recall_test: 0.705882
F1_test: 0.750000
 

Arquitectura: _10_11_11_1_
Semilla: 1788080643
Segundos: 50
NIteraciones: 100000

Costo_train: 0.126286
Precision_train: 0.900524
Recall_train: 0.627737
F1_train: 0.739785

Costo_test: 0.136027
Precision_test: 0.761194
Recall_test: 0.750000
F1_test: 0.755556
 

Arquitectura: _10_11_11_1_
Semilla: 1788080643
Segundos: 50
NIteraciones: 100000

Costo_train: 0.109789
Precision_train: 0.861224
Recall_train: 0.770073
F1_train: 0.813102

Costo_test: 0.132898
Precision_test: 0.843137
Recall_test: 0.632353
F1_test: 0.722689
 

Arquitectura: _10_11_11_1_
Semilla: 1788080643
Segundos: 50
NIteraciones: 100000

Costo_train: 0.109427
Precision_train: 0.890830
Recall_train: 0.744526
F1_train: 0.811133

Costo_test: 0.125928
Precision_test: 0.827586
Recall_test: 0.705882
F1_test: 0.761905
 

Arquitectura: _10_11_11_1_
Semilla: 1788080643
Segundos: 50
NIteraciones: 100000

Costo_train: 0.106915
Precision_train: 0.875519
Recall_train: 0.770073
F1_train: 0.819417

Costo_test: 0.126425
Precision_test: 0.839286
Recall_test: 0.691176
F1_test: 0.758065
 

Arquitectura: _10_11_11_1_
Semilla: 1788080643
Segundos: 50
NIteraciones: 100000

Costo_train: 0.122059
Precision_train: 0.786232
Recall_train: 0.791971
F1_train: 0.789091

Costo_test: 0.134785
Precision_test: 0.872340
Recall_test: 0.602941
F1_test: 0.713044
 

Arquitectura: _10_11_11_1_
Semilla: 1788080643
Segundos: 50
NIteraciones: 100000

Costo_train: 0.103383
Precision_train: 0.883621
Recall_train: 0.748175
F1_train: 0.810277

Costo_test: 0.132807
Precision_test: 0.809524
Recall_test: 0.750000
F1_test: 0.778626
 

Arquitectura: _10_11_11_1_
Semilla: 1788080643
Segundos: 50
NIteraciones: 100000

Costo_train: 0.111583
Precision_train: 0.894009
Recall_train: 0.708029
F1_train: 0.790224

Costo_test: 0.132145
Precision_test: 0.839286
Recall_test: 0.691176
F1_test: 0.758065
 

Arquitectura: _10_11_11_1_
Semilla: 1788080643
Segundos: 50
NIteraciones: 100000

Costo_train: 0.116184
Precision_train: 0.858407
Recall_train: 0.708029
F1_train: 0.776000

Costo_test: 0.143599
Precision_test: 0.758621
Recall_test: 0.647059
F1_test: 0.698413
 

Arquitectura: _10_11_11_1_
Semilla: 1788080643
Segundos: 50
NIteraciones: 100000

Costo_train: 0.113864
Precision_train: 0.845850
Recall_train: 0.781022
F1_train: 0.812144

Costo_test: 0.126047
Precision_test: 0.851852
Recall_test: 0.676471
F1_test: 0.754098
 

Arquitectura: _10_11_11_1_
Semilla: 1788080643
Segundos: 50
NIteraciones: 100000

Costo_train: 0.111833
Precision_train: 0.887387
Recall_train: 0.718978
F1_train: 0.794355

Costo_test: 0.134593
Precision_test: 0.833333
Recall_test: 0.661765
F1_test: 0.737705
 

Arquitectura: _10_11_11_1_
Semilla: 1788080643
Segundos: 50
NIteraciones: 100000

Costo_train: 0.115151
Precision_train: 0.869369
Recall_train: 0.704380
F1_train: 0.778226

Costo_test: 0.129898
Precision_test: 0.810345
Recall_test: 0.691176
F1_test: 0.746032
 

Arquitectura: _10_11_11_1_
Semilla: 1788080643
Segundos: 50
NIteraciones: 100000

Costo_train: 0.106722
Precision_train: 0.864000
Recall_train: 0.788321
F1_train: 0.824428

Costo_test: 0.126836
Precision_test: 0.816667
Recall_test: 0.720588
F1_test: 0.765625
 

Arquitectura: _10_11_11_1_
Semilla: 1788080643
Segundos: 50
NIteraciones: 100000

Costo_train: 0.116049
Precision_train: 0.884259
Recall_train: 0.697080
F1_train: 0.779592

Costo_test: 0.136154
Precision_test: 0.783333
Recall_test: 0.691176
F1_test: 0.734375
 

Arquitectura: _10_11_11_1_
Semilla: 1788080643
Segundos: 50
NIteraciones: 100000

Costo_train: 0.111072
Precision_train: 0.862661
Recall_train: 0.733577
F1_train: 0.792899

Costo_test: 0.121677
Precision_test: 0.877193
Recall_test: 0.735294
F1_test: 0.800000
 

Arquitectura: _10_11_11_1_
Semilla: 1788080643
Segundos: 50
NIteraciones: 100000

Costo_train: 0.112280
Precision_train: 0.893519
Recall_train: 0.704380
F1_train: 0.787755

Costo_test: 0.132770
Precision_test: 0.806452
Recall_test: 0.735294
F1_test: 0.769231
 

Arquitectura: _10_11_11_1_
Semilla: 1788080643
Segundos: 50
NIteraciones: 100000

Costo_train: 0.113545
Precision_train: 0.895735
Recall_train: 0.689781
F1_train: 0.779381

Costo_test: 0.142967
Precision_test: 0.764706
Recall_test: 0.764706
F1_test: 0.764706
 

Arquitectura: _10_11_11_1_
Semilla: 1788080643
Segundos: 50
NIteraciones: 100000

Costo_train: 0.113513
Precision_train: 0.867841
Recall_train: 0.718978
F1_train: 0.786427

Costo_test: 0.131477
Precision_test: 0.790323
Recall_test: 0.720588
F1_test: 0.753846
 

Arquitectura: _10_11_11_1_
Semilla: 1788080643
Segundos: 50
NIteraciones: 100000

Costo_train: 0.119650
Precision_train: 0.863636
Recall_train: 0.693431
F1_train: 0.769231

Costo_test: 0.132489
Precision_test: 0.770492
Recall_test: 0.691176
F1_test: 0.728682
 

Arquitectura: _10_11_11_1_
Semilla: 1788080643
Segundos: 50
NIteraciones: 100000

Costo_train: 0.109398
Precision_train: 0.861660
Recall_train: 0.795620
F1_train: 0.827325

Costo_test: 0.133556
Precision_test: 0.813559
Recall_test: 0.705882
F1_test: 0.755906
 

Arquitectura: _10_11_11_1_
Semilla: 1788080643
Segundos: 50
NIteraciones: 100000

Costo_train: 0.111524
Precision_train: 0.888372
Recall_train: 0.697080
F1_train: 0.781186

Costo_test: 0.143591
Precision_test: 0.779661
Recall_test: 0.676471
F1_test: 0.724409
 

Arquitectura: _10_11_11_1_
Semilla: 1788080643
Segundos: 50
NIteraciones: 100000

Costo_train: 0.116851
Precision_train: 0.879630
Recall_train: 0.693431
F1_train: 0.775510

Costo_test: 0.129882
Precision_test: 0.800000
Recall_test: 0.705882
F1_test: 0.750000
 

Arquitectura: _10_11_11_1_
Semilla: 1788080643
Segundos: 50
NIteraciones: 100000

Costo_train: 0.115627
Precision_train: 0.892019
Recall_train: 0.693431
F1_train: 0.780287

Costo_test: 0.138125
Precision_test: 0.761905
Recall_test: 0.705882
F1_test: 0.732824
 

Arquitectura: _10_11_11_1_
Semilla: 1788080643
Segundos: 50
NIteraciones: 100000

Costo_train: 0.114365
Precision_train: 0.873362
Recall_train: 0.729927
F1_train: 0.795229

Costo_test: 0.134492
Precision_test: 0.803279
Recall_test: 0.720588
F1_test: 0.759690
 

Arquitectura: _10_11_11_1_
Semilla: 1788080643
Segundos: 50
NIteraciones: 100000

Costo_train: 0.113094
Precision_train: 0.855372
Recall_train: 0.755474
F1_train: 0.802326

Costo_test: 0.127012
Precision_test: 0.851852
Recall_test: 0.676471
F1_test: 0.754098
 

Arquitectura: _10_11_11_1_
Semilla: 1788080643
Segundos: 50
NIteraciones: 100000

Costo_train: 0.113977
Precision_train: 0.828897
Recall_train: 0.795620
F1_train: 0.811918

Costo_test: 0.135318
Precision_test: 0.821429
Recall_test: 0.676471
F1_test: 0.741935
 

Arquitectura: _10_11_11_1_
Semilla: 1788080643
Segundos: 50
NIteraciones: 100000

Costo_train: 0.113923
Precision_train: 0.850877
Recall_train: 0.708029
F1_train: 0.772908

Costo_test: 0.127996
Precision_test: 0.761194
Recall_test: 0.750000
F1_test: 0.755556
 

Arquitectura: _10_11_11_1_
Semilla: 1788080643
Segundos: 50
NIteraciones: 100000

Costo_train: 0.112515
Precision_train: 0.921182
Recall_train: 0.682482
F1_train: 0.784067

Costo_test: 0.131260
Precision_test: 0.777778
Recall_test: 0.720588
F1_test: 0.748092
 

Arquitectura: _10_11_11_1_
Semilla: 1788080643
Segundos: 50
NIteraciones: 100000

Costo_train: 0.114898
Precision_train: 0.849372
Recall_train: 0.740876
F1_train: 0.791423

Costo_test: 0.136009
Precision_test: 0.789474
Recall_test: 0.661765
F1_test: 0.720000
 

Arquitectura: _10_11_11_1_
Semilla: 1788080643
Segundos: 50
NIteraciones: 100000

Costo_train: 0.112258
Precision_train: 0.896714
Recall_train: 0.697080
F1_train: 0.784394

Costo_test: 0.137018
Precision_test: 0.761194
Recall_test: 0.750000
F1_test: 0.755556
 

Arquitectura: _10_11_11_1_
Semilla: 1788080643
Segundos: 50
NIteraciones: 100000

Costo_train: 0.107179
Precision_train: 0.903670
Recall_train: 0.718978
F1_train: 0.800813

Costo_test: 0.130079
Precision_test: 0.815385
Recall_test: 0.779412
F1_test: 0.796992
 

Arquitectura: _10_11_11_1_
Semilla: 1788080643
Segundos: 50
NIteraciones: 100000

Costo_train: 0.130396
Precision_train: 0.781022
Recall_train: 0.781022
F1_train: 0.781022

Costo_test: 0.138026
Precision_test: 0.888889
Recall_test: 0.588235
F1_test: 0.707965
 

Arquitectura: _10_11_11_1_
Semilla: 1788080643
Segundos: 50
NIteraciones: 100000

Costo_train: 0.120782
Precision_train: 0.821138
Recall_train: 0.737226
F1_train: 0.776923

Costo_test: 0.129855
Precision_test: 0.860000
Recall_test: 0.632353
F1_test: 0.728814
 

Arquitectura: _10_11_11_1_
Semilla: 1788080643
Segundos: 50
NIteraciones: 100000

Costo_train: 0.118082
Precision_train: 0.799242
Recall_train: 0.770073
F1_train: 0.784387

Costo_test: 0.138150
Precision_test: 0.821429
Recall_test: 0.676471
F1_test: 0.741935
 

Arquitectura: _10_11_11_1_
Semilla: 1788080643
Segundos: 50
NIteraciones: 100000

Costo_train: 0.111086
Precision_train: 0.868313
Recall_train: 0.770073
F1_train: 0.816248

Costo_test: 0.134502
Precision_test: 0.824561
Recall_test: 0.691176
F1_test: 0.752000
 

Arquitectura: _10_11_11_1_
Semilla: 1788080643
Segundos: 50
NIteraciones: 100000

Costo_train: 0.116281
Precision_train: 0.895238
Recall_train: 0.686131
F1_train: 0.776860

Costo_test: 0.142774
Precision_test: 0.746479
Recall_test: 0.779412
F1_test: 0.762590
 

Arquitectura: _10_11_11_1_
Semilla: 1788080643
Segundos: 50
NIteraciones: 100000

Costo_train: 0.110817
Precision_train: 0.915888
Recall_train: 0.715328
F1_train: 0.803279

Costo_test: 0.128774
Precision_test: 0.819672
Recall_test: 0.735294
F1_test: 0.775194
 

Arquitectura: _10_11_11_1_
Semilla: 1788080643
Segundos: 50
NIteraciones: 100000

Costo_train: 0.107272
Precision_train: 0.887446
Recall_train: 0.748175
F1_train: 0.811881

Costo_test: 0.131266
Precision_test: 0.833333
Recall_test: 0.661765
F1_test: 0.737705
 

Arquitectura: _10_11_11_1_
Semilla: 1788080643
Segundos: 50
NIteraciones: 100000

Costo_train: 0.118651
Precision_train: 0.891626
Recall_train: 0.660584
F1_train: 0.758910

Costo_test: 0.146437
Precision_test: 0.732394
Recall_test: 0.764706
F1_test: 0.748201
 

Arquitectura: _10_11_11_1_
Semilla: 1788080643
Segundos: 50
NIteraciones: 100000

Costo_train: 0.116472
Precision_train: 0.836653
Recall_train: 0.766423
F1_train: 0.800000

Costo_test: 0.136115
Precision_test: 0.807692
Recall_test: 0.617647
F1_test: 0.700000
 

Arquitectura: _10_11_11_1_
Semilla: 1788080643
Segundos: 50
NIteraciones: 100000

Costo_train: 0.130865
Precision_train: 0.881443
Recall_train: 0.624088
F1_train: 0.730769

Costo_test: 0.140517
Precision_test: 0.772727
Recall_test: 0.750000
F1_test: 0.761194
 

Arquitectura: _10_11_11_1_
Semilla: 1788080643
Segundos: 50
NIteraciones: 100000

Costo_train: 0.113184
Precision_train: 0.892019
Recall_train: 0.693431
F1_train: 0.780287

Costo_test: 0.134788
Precision_test: 0.800000
Recall_test: 0.705882
F1_test: 0.750000
 

Arquitectura: _10_11_11_1_
Semilla: 1788080643
Segundos: 50
NIteraciones: 100000

Costo_train: 0.117982
Precision_train: 0.847458
Recall_train: 0.729927
F1_train: 0.784314

Costo_test: 0.155383
Precision_test: 0.777778
Recall_test: 0.617647
F1_test: 0.688525
 

Arquitectura: _10_11_11_1_
Semilla: 1788080643
Segundos: 50
NIteraciones: 100000

Costo_train: 0.108919
Precision_train: 0.904545
Recall_train: 0.726277
F1_train: 0.805668

Costo_test: 0.132870
Precision_test: 0.793651
Recall_test: 0.735294
F1_test: 0.763359
 

Arquitectura: _10_11_11_1_
Semilla: 1788080643
Segundos: 50
NIteraciones: 100000

Costo_train: 0.108985
Precision_train: 0.886364
Recall_train: 0.711679
F1_train: 0.789474

Costo_test: 0.126581
Precision_test: 0.786885
Recall_test: 0.705882
F1_test: 0.744186
 

Arquitectura: _10_11_11_1_
Semilla: 1788080643
Segundos: 50
NIteraciones: 100000

Costo_train: 0.111241
Precision_train: 0.894977
Recall_train: 0.715328
F1_train: 0.795132

Costo_test: 0.140390
Precision_test: 0.796610
Recall_test: 0.691176
F1_test: 0.740157
 

Arquitectura: _10_11_11_1_
Semilla: 1788080643
Segundos: 50
NIteraciones: 100000

Costo_train: 0.112243
Precision_train: 0.922705
Recall_train: 0.697080
F1_train: 0.794179

Costo_test: 0.147178
Precision_test: 0.781250
Recall_test: 0.735294
F1_test: 0.757576
 

Arquitectura: _10_11_11_1_
Semilla: 1788080643
Segundos: 50
NIteraciones: 100000

Costo_train: 0.116356
Precision_train: 0.841463
Recall_train: 0.755474
F1_train: 0.796154

Costo_test: 0.127140
Precision_test: 0.865385
Recall_test: 0.661765
F1_test: 0.750000
 

Arquitectura: _10_11_11_1_
Semilla: 1788080643
Segundos: 50
NIteraciones: 100000

Costo_train: 0.110009
Precision_train: 0.850000
Recall_train: 0.744526
F1_train: 0.793774

Costo_test: 0.115006
Precision_test: 0.857143
Recall_test: 0.705882
F1_test: 0.774194
 

Arquitectura: _10_11_11_1_
Semilla: 1788080643
Segundos: 50
NIteraciones: 100000

Costo_train: 0.119120
Precision_train: 0.895522
Recall_train: 0.656934
F1_train: 0.757895

Costo_test: 0.144381
Precision_test: 0.753846
Recall_test: 0.720588
F1_test: 0.736842
 

Arquitectura: _10_11_11_1_
Semilla: 1788080643
Segundos: 50
NIteraciones: 100000

Costo_train: 0.113025
Precision_train: 0.869565
Recall_train: 0.729927
F1_train: 0.793651

Costo_test: 0.126308
Precision_test: 0.846154
Recall_test: 0.647059
F1_test: 0.733333
 

Arquitectura: _10_11_11_1_
Semilla: 1788080643
Segundos: 50
NIteraciones: 100000

Costo_train: 0.119418
Precision_train: 0.862385
Recall_train: 0.686131
F1_train: 0.764228

Costo_test: 0.148850
Precision_test: 0.761194
Recall_test: 0.750000
F1_test: 0.755556
 

Arquitectura: _10_11_11_1_
Semilla: 1788080643
Segundos: 50
NIteraciones: 100000

Costo_train: 0.126525
Precision_train: 0.782772
Recall_train: 0.762774
F1_train: 0.772643

Costo_test: 0.121840
Precision_test: 0.844828
Recall_test: 0.720588
F1_test: 0.777778
 

Arquitectura: _10_11_11_1_
Semilla: 1788080643
Segundos: 50
NIteraciones: 100000

Costo_train: 0.112027
Precision_train: 0.901869
Recall_train: 0.704380
F1_train: 0.790984

Costo_test: 0.133565
Precision_test: 0.793651
Recall_test: 0.735294
F1_test: 0.763359
 

Arquitectura: _10_11_11_1_
Semilla: 1788080643
Segundos: 50
NIteraciones: 100000

Costo_train: 0.109212
Precision_train: 0.843750
Recall_train: 0.788321
F1_train: 0.815094

Costo_test: 0.127357
Precision_test: 0.895833
Recall_test: 0.632353
F1_test: 0.741379
 

Arquitectura: _10_11_11_1_
Semilla: 1788080643
Segundos: 50
NIteraciones: 100000

Costo_train: 0.109706
Precision_train: 0.881579
Recall_train: 0.733577
F1_train: 0.800797

Costo_test: 0.125289
Precision_test: 0.839286
Recall_test: 0.691176
F1_test: 0.758065
 

Arquitectura: _10_11_11_1_
Semilla: 1788080643
Segundos: 50
NIteraciones: 100000

Costo_train: 0.108548
Precision_train: 0.872340
Recall_train: 0.748175
F1_train: 0.805501

Costo_test: 0.121041
Precision_test: 0.854545
Recall_test: 0.691176
F1_test: 0.764228
 

Arquitectura: _10_11_11_1_
Semilla: 1788080643
Segundos: 50
NIteraciones: 100000

Costo_train: 0.111206
Precision_train: 0.887387
Recall_train: 0.718978
F1_train: 0.794355

Costo_test: 0.131599
Precision_test: 0.803279
Recall_test: 0.720588
F1_test: 0.759690
 

Arquitectura: _10_11_11_1_
Semilla: 1788080643
Segundos: 50
NIteraciones: 100000

Costo_train: 0.116733
Precision_train: 0.821429
Recall_train: 0.755474
F1_train: 0.787072

Costo_test: 0.134346
Precision_test: 0.836364
Recall_test: 0.676471
F1_test: 0.747967
 

Arquitectura: _10_11_11_1_
Semilla: 1788080643
Segundos: 50
NIteraciones: 100000

Costo_train: 0.108574
Precision_train: 0.833333
Recall_train: 0.766423
F1_train: 0.798479

Costo_test: 0.124021
Precision_test: 0.854545
Recall_test: 0.691176
F1_test: 0.764228
 

Arquitectura: _10_11_11_1_
Semilla: 1788080643
Segundos: 50
NIteraciones: 100000

Costo_train: 0.110151
Precision_train: 0.858333
Recall_train: 0.751825
F1_train: 0.801556

Costo_test: 0.124294
Precision_test: 0.847458
Recall_test: 0.735294
F1_test: 0.787402
 

Arquitectura: _10_11_11_1_
Semilla: 1788080643
Segundos: 50
NIteraciones: 100000

Costo_train: 0.112219
Precision_train: 0.879828
Recall_train: 0.748175
F1_train: 0.808679

Costo_test: 0.130889
Precision_test: 0.854545
Recall_test: 0.691176
F1_test: 0.764228
 

Arquitectura: _10_11_11_1_
Semilla: 1788080643
Segundos: 50
NIteraciones: 100000

Costo_train: 0.116618
Precision_train: 0.888350
Recall_train: 0.667883
F1_train: 0.762500

Costo_test: 0.144163
Precision_test: 0.758065
Recall_test: 0.691176
F1_test: 0.723077
 

Arquitectura: _10_11_11_1_
Semilla: 1788080643
Segundos: 50
NIteraciones: 100000

Costo_train: 0.121794
Precision_train: 0.801527
Recall_train: 0.766423
F1_train: 0.783582

Costo_test: 0.130364
Precision_test: 0.843137
Recall_test: 0.632353
F1_test: 0.722689
 

Arquitectura: _10_11_11_1_
Semilla: 1788080643
Segundos: 50
NIteraciones: 100000

Costo_train: 0.121505
Precision_train: 0.821012
Recall_train: 0.770073
F1_train: 0.794727

Costo_test: 0.140101
Precision_test: 0.823529
Recall_test: 0.617647
F1_test: 0.705882
 

Arquitectura: _10_11_11_1_
Semilla: 1788080643
Segundos: 50
NIteraciones: 100000

Costo_train: 0.111269
Precision_train: 0.858974
Recall_train: 0.733577
F1_train: 0.791339

Costo_test: 0.131227
Precision_test: 0.816667
Recall_test: 0.720588
F1_test: 0.765625
 

Arquitectura: _10_11_11_1_
Semilla: 1788080643
Segundos: 50
NIteraciones: 100000

Costo_train: 0.106913
Precision_train: 0.889381
Recall_train: 0.733577
F1_train: 0.804000

Costo_test: 0.133566
Precision_test: 0.784615
Recall_test: 0.750000
F1_test: 0.766917
 

Arquitectura: _10_11_11_1_
Semilla: 1788080643
Segundos: 50
NIteraciones: 100000

Costo_train: 0.111694
Precision_train: 0.824903
Recall_train: 0.773723
F1_train: 0.798493

Costo_test: 0.126376
Precision_test: 0.895833
Recall_test: 0.632353
F1_test: 0.741379
 

Arquitectura: _10_11_11_1_
Semilla: 1788080643
Segundos: 50
NIteraciones: 100000

Costo_train: 0.114846
Precision_train: 0.911330
Recall_train: 0.675182
F1_train: 0.775681

Costo_test: 0.149344
Precision_test: 0.761194
Recall_test: 0.750000
F1_test: 0.755556
 

Arquitectura: _10_11_11_1_
Semilla: 1788080643
Segundos: 50
NIteraciones: 100000

Costo_train: 0.111330
Precision_train: 0.896714
Recall_train: 0.697080
F1_train: 0.784394

Costo_test: 0.126173
Precision_test: 0.800000
Recall_test: 0.705882
F1_test: 0.750000
 

Arquitectura: _10_11_11_1_
Semilla: 1788080643
Segundos: 50
NIteraciones: 100000

Costo_train: 0.132439
Precision_train: 0.916201
Recall_train: 0.598540
F1_train: 0.724062

Costo_test: 0.152191
Precision_test: 0.726027
Recall_test: 0.779412
F1_test: 0.751773
 

Arquitectura: _10_11_11_1_
Semilla: 1788080643
Segundos: 50
NIteraciones: 100000

Costo_train: 0.105267
Precision_train: 0.872881
Recall_train: 0.751825
F1_train: 0.807843

Costo_test: 0.139765
Precision_test: 0.784615
Recall_test: 0.750000
F1_test: 0.766917
 

Arquitectura: _10_11_11_1_
Semilla: 1788080643
Segundos: 50
NIteraciones: 100000

Costo_train: 0.112624
Precision_train: 0.897674
Recall_train: 0.704380
F1_train: 0.789366

Costo_test: 0.142179
Precision_test: 0.809524
Recall_test: 0.750000
F1_test: 0.778626
 

Arquitectura: _10_11_11_1_
Semilla: 1788080643
Segundos: 50
NIteraciones: 100000

Costo_train: 0.127750
Precision_train: 0.764505
Recall_train: 0.817518
F1_train: 0.790123

Costo_test: 0.133885
Precision_test: 0.872340
Recall_test: 0.602941
F1_test: 0.713044
 

Arquitectura: _10_11_11_1_
Semilla: 1788080643
Segundos: 50
NIteraciones: 100000

Costo_train: 0.107321
Precision_train: 0.890351
Recall_train: 0.740876
F1_train: 0.808765

Costo_test: 0.124748
Precision_test: 0.847458
Recall_test: 0.735294
F1_test: 0.787402
 

Arquitectura: _10_11_11_1_
Semilla: 1788080643
Segundos: 50
NIteraciones: 100000

Costo_train: 0.123217
Precision_train: 0.915344
Recall_train: 0.631387
F1_train: 0.747300

Costo_test: 0.148729
Precision_test: 0.735294
Recall_test: 0.735294
F1_test: 0.735294
 


--- Test Angosta 3.0 ---
Iteración 10000
Costo: 0.136272
Iteración 20000
Costo: 0.126673
Iteración 30000
Costo: 0.121473
Iteración 40000
Costo: 0.110381
Iteración 50000
Costo: 0.107235
Iteración 60000
Costo: 0.120435
Iteración 70000
Costo: 0.101388
Iteración 80000
Costo: 0.107620
Iteración 90000
Costo: 0.094369

Arquitectura: _10_33_1_
Semilla: 1788080693
Segundos: 34
NIteraciones: 100000

Costo_train: 0.093092
Precision_train: 0.864865
Recall_train: 0.817518
F1_train: 0.840525

Costo_test: 0.127849
Precision_test: 0.844828
Recall_test: 0.720588
F1_test: 0.777778
 

Arquitectura: _10_33_1_
Semilla: 1788080693
Segundos: 34
NIteraciones: 100000

Costo_train: 0.096516
Precision_train: 0.892562
Recall_train: 0.788321
F1_train: 0.837209

Costo_test: 0.119868
Precision_test: 0.851852
Recall_test: 0.676471
F1_test: 0.754098
 

Arquitectura: _10_33_1_
Semilla: 1788080693
Segundos: 34
NIteraciones: 100000

Costo_train: 0.098248
Precision_train: 0.909091
Recall_train: 0.766423
F1_train: 0.831683

Costo_test: 0.133060
Precision_test: 0.803279
Recall_test: 0.720588
F1_test: 0.759690
 

Arquitectura: _10_33_1_
Semilla: 1788080693
Segundos: 34
NIteraciones: 100000

Costo_train: 0.093333
Precision_train: 0.904564
Recall_train: 0.795620
F1_train: 0.846602

Costo_test: 0.133178
Precision_test: 0.787879
Recall_test: 0.764706
F1_test: 0.776119
 

Arquitectura: _10_33_1_
Semilla: 1788080693
Segundos: 34
NIteraciones: 100000

Costo_train: 0.091475
Precision_train: 0.913793
Recall_train: 0.773723
F1_train: 0.837945

Costo_test: 0.134894
Precision_test: 0.769231
Recall_test: 0.735294
F1_test: 0.751880
 

Arquitectura: _10_33_1_
Semilla: 1788080693
Segundos: 34
NIteraciones: 100000

Costo_train: 0.093112
Precision_train: 0.892000
Recall_train: 0.813869
F1_train: 0.851145

Costo_test: 0.132034
Precision_test: 0.803030
Recall_test: 0.779412
F1_test: 0.791045
 

Arquitectura: _10_33_1_
Semilla: 1788080693
Segundos: 34
NIteraciones: 100000

Costo_train: 0.090313
Precision_train: 0.905738
Recall_train: 0.806569
F1_train: 0.853282

Costo_test: 0.138652
Precision_test: 0.796875
Recall_test: 0.750000
F1_test: 0.772727
 

Arquitectura: _10_33_1_
Semilla: 1788080693
Segundos: 34
NIteraciones: 100000

Costo_train: 0.091656
Precision_train: 0.890196
Recall_train: 0.828467
F1_train: 0.858223

Costo_test: 0.134416
Precision_test: 0.824561
Recall_test: 0.691176
F1_test: 0.752000
 

Arquitectura: _10_33_1_
Semilla: 1788080693
Segundos: 34
NIteraciones: 100000

Costo_train: 0.090298
Precision_train: 0.900000
Recall_train: 0.821168
F1_train: 0.858779

Costo_test: 0.133845
Precision_test: 0.783333
Recall_test: 0.691176
F1_test: 0.734375
 

Arquitectura: _10_33_1_
Semilla: 1788080693
Segundos: 34
NIteraciones: 100000

Costo_train: 0.094726
Precision_train: 0.870722
Recall_train: 0.835766
F1_train: 0.852886

Costo_test: 0.134919
Precision_test: 0.810345
Recall_test: 0.691176
F1_test: 0.746032
 

Arquitectura: _10_33_1_
Semilla: 1788080693
Segundos: 34
NIteraciones: 100000

Costo_train: 0.099722
Precision_train: 0.885106
Recall_train: 0.759124
F1_train: 0.817289

Costo_test: 0.126773
Precision_test: 0.844828
Recall_test: 0.720588
F1_test: 0.777778
 

Arquitectura: _10_33_1_
Semilla: 1788080693
Segundos: 34
NIteraciones: 100000

Costo_train: 0.092556
Precision_train: 0.902041
Recall_train: 0.806569
F1_train: 0.851638

Costo_test: 0.135449
Precision_test: 0.784615
Recall_test: 0.750000
F1_test: 0.766917
 

Arquitectura: _10_33_1_
Semilla: 1788080693
Segundos: 34
NIteraciones: 100000

Costo_train: 0.090815
Precision_train: 0.887160
Recall_train: 0.832117
F1_train: 0.858757

Costo_test: 0.137544
Precision_test: 0.781250
Recall_test: 0.735294
F1_test: 0.757576
 

Arquitectura: _10_33_1_
Semilla: 1788080693
Segundos: 34
NIteraciones: 100000

Costo_train: 0.103732
Precision_train: 0.831461
Recall_train: 0.810219
F1_train: 0.820702

Costo_test: 0.134609
Precision_test: 0.786885
Recall_test: 0.705882
F1_test: 0.744186
 

Arquitectura: _10_33_1_
Semilla: 1788080693
Segundos: 34
NIteraciones: 100000

Costo_train: 0.099644
Precision_train: 0.893162
Recall_train: 0.762774
F1_train: 0.822835

Costo_test: 0.123212
Precision_test: 0.809524
Recall_test: 0.750000
F1_test: 0.778626
 

Arquitectura: _10_33_1_
Semilla: 1788080693
Segundos: 34
NIteraciones: 100000

Costo_train: 0.091885
Precision_train: 0.890688
Recall_train: 0.802920
F1_train: 0.844530

Costo_test: 0.123009
Precision_test: 0.875000
Recall_test: 0.720588
F1_test: 0.790323
 

Arquitectura: _10_33_1_
Semilla: 1788080693
Segundos: 34
NIteraciones: 100000

Costo_train: 0.095276
Precision_train: 0.884774
Recall_train: 0.784672
F1_train: 0.831721

Costo_test: 0.139176
Precision_test: 0.777778
Recall_test: 0.720588
F1_test: 0.748092
 

Arquitectura: _10_33_1_
Semilla: 1788080693
Segundos: 34
NIteraciones: 100000

Costo_train: 0.093961
Precision_train: 0.907950
Recall_train: 0.791971
F1_train: 0.846004

Costo_test: 0.136789
Precision_test: 0.739726
Recall_test: 0.794118
F1_test: 0.765957
 

Arquitectura: _10_33_1_
Semilla: 1788080693
Segundos: 34
NIteraciones: 100000

Costo_train: 0.096640
Precision_train: 0.864542
Recall_train: 0.791971
F1_train: 0.826667

Costo_test: 0.123635
Precision_test: 0.850000
Recall_test: 0.750000
F1_test: 0.796875
 

Arquitectura: _10_33_1_
Semilla: 1788080693
Segundos: 34
NIteraciones: 100000

Costo_train: 0.095458
Precision_train: 0.915929
Recall_train: 0.755474
F1_train: 0.828000

Costo_test: 0.144700
Precision_test: 0.736111
Recall_test: 0.779412
F1_test: 0.757143
 

Arquitectura: _10_33_1_
Semilla: 1788080693
Segundos: 34
NIteraciones: 100000

Costo_train: 0.096743
Precision_train: 0.931507
Recall_train: 0.744526
F1_train: 0.827586

Costo_test: 0.127557
Precision_test: 0.796875
Recall_test: 0.750000
F1_test: 0.772727
 

Arquitectura: _10_33_1_
Semilla: 1788080693
Segundos: 34
NIteraciones: 100000

Costo_train: 0.093580
Precision_train: 0.899160
Recall_train: 0.781022
F1_train: 0.835938

Costo_test: 0.138289
Precision_test: 0.750000
Recall_test: 0.750000
F1_test: 0.750000
 

Arquitectura: _10_33_1_
Semilla: 1788080693
Segundos: 34
NIteraciones: 100000

Costo_train: 0.086201
Precision_train: 0.921488
Recall_train: 0.813869
F1_train: 0.864341

Costo_test: 0.136110
Precision_test: 0.787879
Recall_test: 0.764706
F1_test: 0.776119
 

Arquitectura: _10_33_1_
Semilla: 1788080693
Segundos: 34
NIteraciones: 100000

Costo_train: 0.094975
Precision_train: 0.909871
Recall_train: 0.773723
F1_train: 0.836292

Costo_test: 0.137124
Precision_test: 0.790323
Recall_test: 0.720588
F1_test: 0.753846
 

Arquitectura: _10_33_1_
Semilla: 1788080693
Segundos: 34
NIteraciones: 100000

Costo_train: 0.098644
Precision_train: 0.866667
Recall_train: 0.806569
F1_train: 0.835539

Costo_test: 0.131254
Precision_test: 0.819672
Recall_test: 0.735294
F1_test: 0.775194
 

Arquitectura: _10_33_1_
Semilla: 1788080693
Segundos: 34
NIteraciones: 100000

Costo_train: 0.103292
Precision_train: 0.865079
Recall_train: 0.795620
F1_train: 0.828897

Costo_test: 0.124851
Precision_test: 0.851852
Recall_test: 0.676471
F1_test: 0.754098
 

Arquitectura: _10_33_1_
Semilla: 1788080693
Segundos: 34
NIteraciones: 100000

Costo_train: 0.092341
Precision_train: 0.909091
Recall_train: 0.802920
F1_train: 0.852713

Costo_test: 0.128860
Precision_test: 0.791045
Recall_test: 0.779412
F1_test: 0.785185
 

Arquitectura: _10_33_1_
Semilla: 1788080693
Segundos: 34
NIteraciones: 100000

Costo_train: 0.083798
Precision_train: 0.912000
Recall_train: 0.832117
F1_train: 0.870229

Costo_test: 0.125283
Precision_test: 0.828125
Recall_test: 0.779412
F1_test: 0.803030
 

Arquitectura: _10_33_1_
Semilla: 1788080693
Segundos: 34
NIteraciones: 100000

Costo_train: 0.096692
Precision_train: 0.907489
Recall_train: 0.751825
F1_train: 0.822355

Costo_test: 0.133020
Precision_test: 0.784615
Recall_test: 0.750000
F1_test: 0.766917
 

Arquitectura: _10_33_1_
Semilla: 1788080693
Segundos: 34
NIteraciones: 100000

Costo_train: 0.100369
Precision_train: 0.843284
Recall_train: 0.824818
F1_train: 0.833948

Costo_test: 0.138915
Precision_test: 0.821429
Recall_test: 0.676471
F1_test: 0.741935
 

Arquitectura: _10_33_1_
Semilla: 1788080693
Segundos: 34
NIteraciones: 100000

Costo_train: 0.090886
Precision_train: 0.891892
Recall_train: 0.843066
F1_train: 0.866792

Costo_test: 0.123139
Precision_test: 0.809524
Recall_test: 0.750000
F1_test: 0.778626
 

Arquitectura: _10_33_1_
Semilla: 1788080693
Segundos: 34
NIteraciones: 100000

Costo_train: 0.090977
Precision_train: 0.898785
Recall_train: 0.810219
F1_train: 0.852207

Costo_test: 0.148589
Precision_test: 0.758065
Recall_test: 0.691176
F1_test: 0.723077
 

Arquitectura: _10_33_1_
Semilla: 1788080693
Segundos: 34
NIteraciones: 100000

Costo_train: 0.092953
Precision_train: 0.888889
Recall_train: 0.817518
F1_train: 0.851711

Costo_test: 0.129715
Precision_test: 0.764706
Recall_test: 0.764706
F1_test: 0.764706
 

Arquitectura: _10_33_1_
Semilla: 1788080693
Segundos: 34
NIteraciones: 100000

Costo_train: 0.089790
Precision_train: 0.881890
Recall_train: 0.817518
F1_train: 0.848485

Costo_test: 0.125823
Precision_test: 0.838710
Recall_test: 0.764706
F1_test: 0.800000
 

Arquitectura: _10_33_1_
Semilla: 1788080693
Segundos: 34
NIteraciones: 100000

Costo_train: 0.086985
Precision_train: 0.923404
Recall_train: 0.791971
F1_train: 0.852652

Costo_test: 0.120968
Precision_test: 0.800000
Recall_test: 0.764706
F1_test: 0.781955
 

Arquitectura: _10_33_1_
Semilla: 1788080693
Segundos: 34
NIteraciones: 100000

Costo_train: 0.094121
Precision_train: 0.912281
Recall_train: 0.759124
F1_train: 0.828685

Costo_test: 0.128848
Precision_test: 0.800000
Recall_test: 0.764706
F1_test: 0.781955
 

Arquitectura: _10_33_1_
Semilla: 1788080693
Segundos: 34
NIteraciones: 100000

Costo_train: 0.097113
Precision_train: 0.936937
Recall_train: 0.759124
F1_train: 0.838710

Costo_test: 0.136063
Precision_test: 0.743243
Recall_test: 0.808824
F1_test: 0.774648
 

Arquitectura: _10_33_1_
Semilla: 1788080693
Segundos: 34
NIteraciones: 100000

Costo_train: 0.097735
Precision_train: 0.892704
Recall_train: 0.759124
F1_train: 0.820513

Costo_test: 0.133324
Precision_test: 0.794118
Recall_test: 0.794118
F1_test: 0.794118
 

Arquitectura: _10_33_1_
Semilla: 1788080693
Segundos: 34
NIteraciones: 100000

Costo_train: 0.096195
Precision_train: 0.885246
Recall_train: 0.788321
F1_train: 0.833977

Costo_test: 0.133151
Precision_test: 0.791045
Recall_test: 0.779412
F1_test: 0.785185
 

Arquitectura: _10_33_1_
Semilla: 1788080693
Segundos: 34
NIteraciones: 100000

Costo_train: 0.095725
Precision_train: 0.921053
Recall_train: 0.766423
F1_train: 0.836653

Costo_test: 0.129498
Precision_test: 0.803279
Recall_test: 0.720588
F1_test: 0.759690
 

Arquitectura: _10_33_1_
Semilla: 1788080693
Segundos: 34
NIteraciones: 100000

Costo_train: 0.094530
Precision_train: 0.921397
Recall_train: 0.770073
F1_train: 0.838966

Costo_test: 0.131000
Precision_test: 0.757143
Recall_test: 0.779412
F1_test: 0.768116
 

Arquitectura: _10_33_1_
Semilla: 1788080693
Segundos: 34
NIteraciones: 100000

Costo_train: 0.090118
Precision_train: 0.878788
Recall_train: 0.846715
F1_train: 0.862454

Costo_test: 0.140398
Precision_test: 0.796610
Recall_test: 0.691176
F1_test: 0.740157
 

Arquitectura: _10_33_1_
Semilla: 1788080693
Segundos: 34
NIteraciones: 100000

Costo_train: 0.093627
Precision_train: 0.915254
Recall_train: 0.788321
F1_train: 0.847059

Costo_test: 0.134119
Precision_test: 0.736111
Recall_test: 0.779412
F1_test: 0.757143
 

Arquitectura: _10_33_1_
Semilla: 1788080693
Segundos: 34
NIteraciones: 100000

Costo_train: 0.088598
Precision_train: 0.902041
Recall_train: 0.806569
F1_train: 0.851638

Costo_test: 0.138947
Precision_test: 0.776119
Recall_test: 0.764706
F1_test: 0.770370
 

Arquitectura: _10_33_1_
Semilla: 1788080693
Segundos: 34
NIteraciones: 100000

Costo_train: 0.094093
Precision_train: 0.862595
Recall_train: 0.824818
F1_train: 0.843284

Costo_test: 0.133966
Precision_test: 0.816667
Recall_test: 0.720588
F1_test: 0.765625
 

Arquitectura: _10_33_1_
Semilla: 1788080693
Segundos: 34
NIteraciones: 100000

Costo_train: 0.093745
Precision_train: 0.908297
Recall_train: 0.759124
F1_train: 0.827038

Costo_test: 0.145740
Precision_test: 0.757576
Recall_test: 0.735294
F1_test: 0.746269
 

Arquitectura: _10_33_1_
Semilla: 1788080693
Segundos: 34
NIteraciones: 100000

Costo_train: 0.086284
Precision_train: 0.914634
Recall_train: 0.821168
F1_train: 0.865385

Costo_test: 0.139869
Precision_test: 0.772727
Recall_test: 0.750000
F1_test: 0.761194
 

Arquitectura: _10_33_1_
Semilla: 1788080693
Segundos: 34
NIteraciones: 100000

Costo_train: 0.101116
Precision_train: 0.864198
Recall_train: 0.766423
F1_train: 0.812379

Costo_test: 0.134919
Precision_test: 0.806452
Recall_test: 0.735294
F1_test: 0.769231
 

Arquitectura: _10_33_1_
Semilla: 1788080693
Segundos: 34
NIteraciones: 100000

Costo_train: 0.090928
Precision_train: 0.892857
Recall_train: 0.821168
F1_train: 0.855513

Costo_test: 0.134318
Precision_test: 0.796610
Recall_test: 0.691176
F1_test: 0.740157
 

Arquitectura: _10_33_1_
Semilla: 1788080693
Segundos: 34
NIteraciones: 100000

Costo_train: 0.096625
Precision_train: 0.915556
Recall_train: 0.751825
F1_train: 0.825651

Costo_test: 0.137685
Precision_test: 0.771429
Recall_test: 0.794118
F1_test: 0.782609
 

Arquitectura: _10_33_1_
Semilla: 1788080693
Segundos: 34
NIteraciones: 100000

Costo_train: 0.095853
Precision_train: 0.929204
Recall_train: 0.766423
F1_train: 0.840000

Costo_test: 0.131647
Precision_test: 0.791045
Recall_test: 0.779412
F1_test: 0.785185
 

Arquitectura: _10_33_1_
Semilla: 1788080693
Segundos: 34
NIteraciones: 100000

Costo_train: 0.097189
Precision_train: 0.871212
Recall_train: 0.839416
F1_train: 0.855019

Costo_test: 0.125686
Precision_test: 0.806452
Recall_test: 0.735294
F1_test: 0.769231
 

Arquitectura: _10_33_1_
Semilla: 1788080693
Segundos: 34
NIteraciones: 100000

Costo_train: 0.096934
Precision_train: 0.891667
Recall_train: 0.781022
F1_train: 0.832685

Costo_test: 0.143074
Precision_test: 0.777778
Recall_test: 0.720588
F1_test: 0.748092
 

Arquitectura: _10_33_1_
Semilla: 1788080693
Segundos: 34
NIteraciones: 100000

Costo_train: 0.093996
Precision_train: 0.900826
Recall_train: 0.795620
F1_train: 0.844961

Costo_test: 0.126750
Precision_test: 0.806452
Recall_test: 0.735294
F1_test: 0.769231
 

Arquitectura: _10_33_1_
Semilla: 1788080693
Segundos: 34
NIteraciones: 100000

Costo_train: 0.090846
Precision_train: 0.914163
Recall_train: 0.777372
F1_train: 0.840237

Costo_test: 0.125064
Precision_test: 0.813559
Recall_test: 0.705882
F1_test: 0.755906
 

Arquitectura: _10_33_1_
Semilla: 1788080693
Segundos: 34
NIteraciones: 100000

Costo_train: 0.090847
Precision_train: 0.911765
Recall_train: 0.791971
F1_train: 0.847656

Costo_test: 0.124667
Precision_test: 0.825397
Recall_test: 0.764706
F1_test: 0.793893
 

Arquitectura: _10_33_1_
Semilla: 1788080693
Segundos: 34
NIteraciones: 100000

Costo_train: 0.094944
Precision_train: 0.896694
Recall_train: 0.791971
F1_train: 0.841085

Costo_test: 0.132438
Precision_test: 0.791045
Recall_test: 0.779412
F1_test: 0.785185
 

Arquitectura: _10_33_1_
Semilla: 1788080693
Segundos: 34
NIteraciones: 100000

Costo_train: 0.089138
Precision_train: 0.913934
Recall_train: 0.813869
F1_train: 0.861004

Costo_test: 0.131854
Precision_test: 0.781250
Recall_test: 0.735294
F1_test: 0.757576
 

Arquitectura: _10_33_1_
Semilla: 1788080693
Segundos: 34
NIteraciones: 100000

Costo_train: 0.090100
Precision_train: 0.900794
Recall_train: 0.828467
F1_train: 0.863118

Costo_test: 0.125005
Precision_test: 0.815385
Recall_test: 0.779412
F1_test: 0.796992
 

Arquitectura: _10_33_1_
Semilla: 1788080693
Segundos: 34
NIteraciones: 100000

Costo_train: 0.088125
Precision_train: 0.924370
Recall_train: 0.802920
F1_train: 0.859375

Costo_test: 0.142752
Precision_test: 0.726027
Recall_test: 0.779412
F1_test: 0.751773
 

Arquitectura: _10_33_1_
Semilla: 1788080693
Segundos: 34
NIteraciones: 100000

Costo_train: 0.096970
Precision_train: 0.866920
Recall_train: 0.832117
F1_train: 0.849162

Costo_test: 0.134444
Precision_test: 0.842105
Recall_test: 0.705882
F1_test: 0.768000
 

Arquitectura: _10_33_1_
Semilla: 1788080693
Segundos: 34
NIteraciones: 100000

Costo_train: 0.096350
Precision_train: 0.858238
Recall_train: 0.817518
F1_train: 0.837383

Costo_test: 0.130825
Precision_test: 0.806452
Recall_test: 0.735294
F1_test: 0.769231
 

Arquitectura: _10_33_1_
Semilla: 1788080693
Segundos: 34
NIteraciones: 100000

Costo_train: 0.099647
Precision_train: 0.907895
Recall_train: 0.755474
F1_train: 0.824701

Costo_test: 0.128710
Precision_test: 0.763889
Recall_test: 0.808824
F1_test: 0.785714
 

Arquitectura: _10_33_1_
Semilla: 1788080693
Segundos: 34
NIteraciones: 100000

Costo_train: 0.096340
Precision_train: 0.850746
Recall_train: 0.832117
F1_train: 0.841328

Costo_test: 0.136996
Precision_test: 0.786885
Recall_test: 0.705882
F1_test: 0.744186
 

Arquitectura: _10_33_1_
Semilla: 1788080693
Segundos: 34
NIteraciones: 100000

Costo_train: 0.093730
Precision_train: 0.907950
Recall_train: 0.791971
F1_train: 0.846004

Costo_test: 0.140002
Precision_test: 0.750000
Recall_test: 0.750000
F1_test: 0.750000
 

Arquitectura: _10_33_1_
Semilla: 1788080693
Segundos: 34
NIteraciones: 100000

Costo_train: 0.092790
Precision_train: 0.918803
Recall_train: 0.784672
F1_train: 0.846457

Costo_test: 0.130004
Precision_test: 0.787879
Recall_test: 0.764706
F1_test: 0.776119
 

Arquitectura: _10_33_1_
Semilla: 1788080693
Segundos: 34
NIteraciones: 100000

Costo_train: 0.093921
Precision_train: 0.918455
Recall_train: 0.781022
F1_train: 0.844181

Costo_test: 0.133093
Precision_test: 0.787879
Recall_test: 0.764706
F1_test: 0.776119
 

Arquitectura: _10_33_1_
Semilla: 1788080693
Segundos: 34
NIteraciones: 100000

Costo_train: 0.089687
Precision_train: 0.914163
Recall_train: 0.777372
F1_train: 0.840237

Costo_test: 0.137605
Precision_test: 0.790323
Recall_test: 0.720588
F1_test: 0.753846
 

Arquitectura: _10_33_1_
Semilla: 1788080693
Segundos: 34
NIteraciones: 100000

Costo_train: 0.087741
Precision_train: 0.908000
Recall_train: 0.828467
F1_train: 0.866412

Costo_test: 0.141103
Precision_test: 0.777778
Recall_test: 0.720588
F1_test: 0.748092
 

Arquitectura: _10_33_1_
Semilla: 1788080693
Segundos: 34
NIteraciones: 100000

Costo_train: 0.096169
Precision_train: 0.905983
Recall_train: 0.773723
F1_train: 0.834646

Costo_test: 0.140657
Precision_test: 0.742857
Recall_test: 0.764706
F1_test: 0.753623
 

Arquitectura: _10_33_1_
Semilla: 1788080693
Segundos: 34
NIteraciones: 100000

Costo_train: 0.095314
Precision_train: 0.909836
Recall_train: 0.810219
F1_train: 0.857143

Costo_test: 0.130682
Precision_test: 0.790323
Recall_test: 0.720588
F1_test: 0.753846
 

Arquitectura: _10_33_1_
Semilla: 1788080693
Segundos: 34
NIteraciones: 100000

Costo_train: 0.100052
Precision_train: 0.914798
Recall_train: 0.744526
F1_train: 0.820926

Costo_test: 0.134981
Precision_test: 0.782609
Recall_test: 0.794118
F1_test: 0.788321
 

Arquitectura: _10_33_1_
Semilla: 1788080693
Segundos: 34
NIteraciones: 100000

Costo_train: 0.091971
Precision_train: 0.904959
Recall_train: 0.799270
F1_train: 0.848837

Costo_test: 0.126047
Precision_test: 0.812500
Recall_test: 0.764706
F1_test: 0.787879
 

Arquitectura: _10_33_1_
Semilla: 1788080693
Segundos: 34
NIteraciones: 100000

Costo_train: 0.087240
Precision_train: 0.913223
Recall_train: 0.806569
F1_train: 0.856589

Costo_test: 0.119847
Precision_test: 0.809524
Recall_test: 0.750000
F1_test: 0.778626
 

Arquitectura: _10_33_1_
Semilla: 1788080693
Segundos: 34
NIteraciones: 100000

Costo_train: 0.102126
Precision_train: 0.829710
Recall_train: 0.835766
F1_train: 0.832727

Costo_test: 0.138693
Precision_test: 0.803571
Recall_test: 0.661765
F1_test: 0.725806
 

Arquitectura: _10_33_1_
Semilla: 1788080693
Segundos: 34
NIteraciones: 100000

Costo_train: 0.090797
Precision_train: 0.915966
Recall_train: 0.795620
F1_train: 0.851563

Costo_test: 0.139975
Precision_test: 0.761194
Recall_test: 0.750000
F1_test: 0.755556
 

Arquitectura: _10_33_1_
Semilla: 1788080693
Segundos: 34
NIteraciones: 100000

Costo_train: 0.096017
Precision_train: 0.870588
Recall_train: 0.810219
F1_train: 0.839320

Costo_test: 0.121458
Precision_test: 0.833333
Recall_test: 0.735294
F1_test: 0.781250
 

Arquitectura: _10_33_1_
Semilla: 1788080693
Segundos: 34
NIteraciones: 100000

Costo_train: 0.095275
Precision_train: 0.908696
Recall_train: 0.762774
F1_train: 0.829365

Costo_test: 0.139575
Precision_test: 0.765625
Recall_test: 0.720588
F1_test: 0.742424
 

Arquitectura: _10_33_1_
Semilla: 1788080693
Segundos: 34
NIteraciones: 100000

Costo_train: 0.093128
Precision_train: 0.905983
Recall_train: 0.773723
F1_train: 0.834646

Costo_test: 0.126477
Precision_test: 0.805970
Recall_test: 0.794118
F1_test: 0.800000
 

Arquitectura: _10_33_1_
Semilla: 1788080693
Segundos: 34
NIteraciones: 100000

Costo_train: 0.089801
Precision_train: 0.923404
Recall_train: 0.791971
F1_train: 0.852652

Costo_test: 0.128798
Precision_test: 0.772727
Recall_test: 0.750000
F1_test: 0.761194
 

Arquitectura: _10_33_1_
Semilla: 1788080693
Segundos: 34
NIteraciones: 100000

Costo_train: 0.093356
Precision_train: 0.898785
Recall_train: 0.810219
F1_train: 0.852207

Costo_test: 0.138282
Precision_test: 0.758065
Recall_test: 0.691176
F1_test: 0.723077
 

Arquitectura: _10_33_1_
Semilla: 1788080693
Segundos: 34
NIteraciones: 100000

Costo_train: 0.101174
Precision_train: 0.914414
Recall_train: 0.740876
F1_train: 0.818548

Costo_test: 0.139416
Precision_test: 0.764706
Recall_test: 0.764706
F1_test: 0.764706
 

Arquitectura: _10_33_1_
Semilla: 1788080693
Segundos: 34
NIteraciones: 100000

Costo_train: 0.098795
Precision_train: 0.873016
Recall_train: 0.802920
F1_train: 0.836502

Costo_test: 0.131353
Precision_test: 0.844828
Recall_test: 0.720588
F1_test: 0.777778
 

Arquitectura: _10_33_1_
Semilla: 1788080693
Segundos: 34
NIteraciones: 100000

Costo_train: 0.090154
Precision_train: 0.885375
Recall_train: 0.817518
F1_train: 0.850095

Costo_test: 0.128099
Precision_test: 0.803030
Recall_test: 0.779412
F1_test: 0.791045
 

Arquitectura: _10_33_1_
Semilla: 1788080693
Segundos: 34
NIteraciones: 100000

Costo_train: 0.092255
Precision_train: 0.860902
Recall_train: 0.835766
F1_train: 0.848148

Costo_test: 0.135447
Precision_test: 0.789474
Recall_test: 0.661765
F1_test: 0.720000
 

Arquitectura: _10_33_1_
Semilla: 1788080693
Segundos: 34
NIteraciones: 100000

Costo_train: 0.095260
Precision_train: 0.859316
Recall_train: 0.824818
F1_train: 0.841713

Costo_test: 0.122955
Precision_test: 0.816667
Recall_test: 0.720588
F1_test: 0.765625
 

Arquitectura: _10_33_1_
Semilla: 1788080693
Segundos: 34
NIteraciones: 100000

Costo_train: 0.092806
Precision_train: 0.902041
Recall_train: 0.806569
F1_train: 0.851638

Costo_test: 0.131559
Precision_test: 0.784615
Recall_test: 0.750000
F1_test: 0.766917
 

Arquitectura: _10_33_1_
Semilla: 1788080693
Segundos: 34
NIteraciones: 100000

Costo_train: 0.099651
Precision_train: 0.930556
Recall_train: 0.733577
F1_train: 0.820408

Costo_test: 0.122890
Precision_test: 0.787879
Recall_test: 0.764706
F1_test: 0.776119
 

Arquitectura: _10_33_1_
Semilla: 1788080693
Segundos: 34
NIteraciones: 100000

Costo_train: 0.091605
Precision_train: 0.892857
Recall_train: 0.821168
F1_train: 0.855513

Costo_test: 0.135952
Precision_test: 0.813559
Recall_test: 0.705882
F1_test: 0.755906
 

Arquitectura: _10_33_1_
Semilla: 1788080693
Segundos: 34
NIteraciones: 100000

Costo_train: 0.098224
Precision_train: 0.920000
Recall_train: 0.755474
F1_train: 0.829659

Costo_test: 0.132056
Precision_test: 0.796875
Recall_test: 0.750000
F1_test: 0.772727
 

Arquitectura: _10_33_1_
Semilla: 1788080693
Segundos: 34
NIteraciones: 100000

Costo_train: 0.090781
Precision_train: 0.929515
Recall_train: 0.770073
F1_train: 0.842315

Costo_test: 0.125425
Precision_test: 0.800000
Recall_test: 0.764706
F1_test: 0.781955
 

Arquitectura: _10_33_1_
Semilla: 1788080693
Segundos: 34
NIteraciones: 100000

Costo_train: 0.096525
Precision_train: 0.857678
Recall_train: 0.835766
F1_train: 0.846580

Costo_test: 0.139344
Precision_test: 0.818182
Recall_test: 0.661765
F1_test: 0.731707
 

Arquitectura: _10_33_1_
Semilla: 1788080693
Segundos: 34
NIteraciones: 100000

Costo_train: 0.088541
Precision_train: 0.907950
Recall_train: 0.791971
F1_train: 0.846004

Costo_test: 0.126788
Precision_test: 0.800000
Recall_test: 0.764706
F1_test: 0.781955
 

Arquitectura: _10_33_1_
Semilla: 1788080693
Segundos: 34
NIteraciones: 100000

Costo_train: 0.090323
Precision_train: 0.909483
Recall_train: 0.770073
F1_train: 0.833992

Costo_test: 0.140105
Precision_test: 0.746269
Recall_test: 0.735294
F1_test: 0.740741
 

Arquitectura: _10_33_1_
Semilla: 1788080693
Segundos: 34
NIteraciones: 100000

Costo_train: 0.090007
Precision_train: 0.917695
Recall_train: 0.813869
F1_train: 0.862669

Costo_test: 0.131921
Precision_test: 0.809524
Recall_test: 0.750000
F1_test: 0.778626
 

Arquitectura: _10_33_1_
Semilla: 1788080693
Segundos: 34
NIteraciones: 100000

Costo_train: 0.092520
Precision_train: 0.900826
Recall_train: 0.795620
F1_train: 0.844961

Costo_test: 0.130310
Precision_test: 0.769231
Recall_test: 0.735294
F1_test: 0.751880
 

Arquitectura: _10_33_1_
Semilla: 1788080693
Segundos: 34
NIteraciones: 100000

Costo_train: 0.093190
Precision_train: 0.917749
Recall_train: 0.773723
F1_train: 0.839604

Costo_test: 0.136057
Precision_test: 0.770492
Recall_test: 0.691176
F1_test: 0.728682
 

Arquitectura: _10_33_1_
Semilla: 1788080693
Segundos: 34
NIteraciones: 100000

Costo_train: 0.098598
Precision_train: 0.917031
Recall_train: 0.766423
F1_train: 0.834990

Costo_test: 0.126345
Precision_test: 0.796875
Recall_test: 0.750000
F1_test: 0.772727
 

Arquitectura: _10_33_1_
Semilla: 1788080693
Segundos: 34
NIteraciones: 100000

Costo_train: 0.090376
Precision_train: 0.900826
Recall_train: 0.795620
F1_train: 0.844961

Costo_test: 0.134963
Precision_test: 0.787879
Recall_test: 0.764706
F1_test: 0.776119
 

Arquitectura: _10_33_1_
Semilla: 1788080693
Segundos: 34
NIteraciones: 100000

Costo_train: 0.091989
Precision_train: 0.888031
Recall_train: 0.839416
F1_train: 0.863039

Costo_test: 0.131939
Precision_test: 0.819672
Recall_test: 0.735294
F1_test: 0.775194
 


--- Test Profunda 3.0 ---
Iteración 10000
Costo: 0.210087
Iteración 20000
Costo: 0.165654
Iteración 30000
Costo: 0.139516
Iteración 40000
Costo: 0.133650
Iteración 50000
Costo: 0.132655
Iteración 60000
Costo: 0.125955
Iteración 70000
Costo: 0.123784
Iteración 80000
Costo: 0.123754
Iteración 90000
Costo: 0.124707

Arquitectura: _10_11_11_11_1_
Semilla: 1788080727
Segundos: 75
NIteraciones: 100000

Costo_train: 0.119234
Precision_train: 0.857778
Recall_train: 0.704380
F1_train: 0.773547

Costo_test: 0.127481
Precision_test: 0.803571
Recall_test: 0.661765
F1_test: 0.725806
 

Arquitectura: _10_11_11_11_1_
Semilla: 1788080727
Segundos: 75
NIteraciones: 100000

Costo_train: 0.120209
Precision_train: 0.921875
Recall_train: 0.645985
F1_train: 0.759657

Costo_test: 0.149963
Precision_test: 0.761194
Recall_test: 0.750000
F1_test: 0.755556
 

Arquitectura: _10_11_11_11_1_
Semilla: 1788080727
Segundos: 75
NIteraciones: 100000

Costo_train: 0.112853
Precision_train: 0.888372
Recall_train: 0.697080
F1_train: 0.781186

Costo_test: 0.126863
Precision_test: 0.824561
Recall_test: 0.691176
F1_test: 0.752000
 

Arquitectura: _10_11_11_11_1_
Semilla: 1788080727
Segundos: 75
NIteraciones: 100000

Costo_train: 0.111859
Precision_train: 0.890411
Recall_train: 0.711679
F1_train: 0.791075

Costo_test: 0.128675
Precision_test: 0.819672
Recall_test: 0.735294
F1_test: 0.775194
 

Arquitectura: _10_11_11_11_1_
Semilla: 1788080727
Segundos: 75
NIteraciones: 100000

Costo_train: 0.110065
Precision_train: 0.866109
Recall_train: 0.755474
F1_train: 0.807018

Costo_test: 0.131468
Precision_test: 0.836364
Recall_test: 0.676471
F1_test: 0.747967
 

Arquitectura: _10_11_11_11_1_
Semilla: 1788080727
Segundos: 75
NIteraciones: 100000

Costo_train: 0.116849
Precision_train: 0.872727
Recall_train: 0.700730
F1_train: 0.777328

Costo_test: 0.130548
Precision_test: 0.813559
Recall_test: 0.705882
F1_test: 0.755906
 

Arquitectura: _10_11_11_11_1_
Semilla: 1788080727
Segundos: 75
NIteraciones: 100000

Costo_train: 0.120227
Precision_train: 0.784247
Recall_train: 0.835766
F1_train: 0.809187

Costo_test: 0.156237
Precision_test: 0.784314
Recall_test: 0.588235
F1_test: 0.672269
 

Arquitectura: _10_11_11_11_1_
Semilla: 1788080727
Segundos: 75
NIteraciones: 100000

Costo_train: 0.117357
Precision_train: 0.884793
Recall_train: 0.700730
F1_train: 0.782077

Costo_test: 0.132803
Precision_test: 0.816667
Recall_test: 0.720588
F1_test: 0.765625
 

Arquitectura: _10_11_11_11_1_
Semilla: 1788080727
Segundos: 75
NIteraciones: 100000

Costo_train: 0.106888
Precision_train: 0.911628
Recall_train: 0.715328
F1_train: 0.801636

Costo_test: 0.134324
Precision_test: 0.781250
Recall_test: 0.735294
F1_test: 0.757576
 

Arquitectura: _10_11_11_11_1_
Semilla: 1788080727
Segundos: 75
NIteraciones: 100000

Costo_train: 0.120919
Precision_train: 0.794118
Recall_train: 0.788321
F1_train: 0.791209

Costo_test: 0.133625
Precision_test: 0.877551
Recall_test: 0.632353
F1_test: 0.735043
 

Arquitectura: _10_11_11_11_1_
Semilla: 1788080727
Segundos: 75
NIteraciones: 100000

Costo_train: 0.111402
Precision_train: 0.876106
Recall_train: 0.722628
F1_train: 0.792000

Costo_test: 0.120812
Precision_test: 0.809524
Recall_test: 0.750000
F1_test: 0.778626
 

Arquitectura: _10_11_11_11_1_
Semilla: 1788080727
Segundos: 75
NIteraciones: 100000

Costo_train: 0.114973
Precision_train: 0.877273
Recall_train: 0.704380
F1_train: 0.781377

Costo_test: 0.122012
Precision_test: 0.884615
Recall_test: 0.676471
F1_test: 0.766667
 

Arquitectura: _10_11_11_11_1_
Semilla: 1788080727
Segundos: 75
NIteraciones: 100000

Costo_train: 0.108909
Precision_train: 0.872000
Recall_train: 0.795620
F1_train: 0.832061

Costo_test: 0.129425
Precision_test: 0.842105
Recall_test: 0.705882
F1_test: 0.768000
 

Arquitectura: _10_11_11_11_1_
Semilla: 1788080727
Segundos: 75
NIteraciones: 100000

Costo_train: 0.121137
Precision_train: 0.902439
Recall_train: 0.675182
F1_train: 0.772443

Costo_test: 0.151060
Precision_test: 0.761194
Recall_test: 0.750000
F1_test: 0.755556
 

Arquitectura: _10_11_11_11_1_
Semilla: 1788080727
Segundos: 75
NIteraciones: 100000

Costo_train: 0.106846
Precision_train: 0.852590
Recall_train: 0.781022
F1_train: 0.815238

Costo_test: 0.123864
Precision_test: 0.810345
Recall_test: 0.691176
F1_test: 0.746032
 

Arquitectura: _10_11_11_11_1_
Semilla: 1788080727
Segundos: 75
NIteraciones: 100000

Costo_train: 0.123508
Precision_train: 0.821577
Recall_train: 0.722628
F1_train: 0.768932

Costo_test: 0.130473
Precision_test: 0.833333
Recall_test: 0.661765
F1_test: 0.737705
 

Arquitectura: _10_11_11_11_1_
Semilla: 1788080727
Segundos: 75
NIteraciones: 100000

Costo_train: 0.118382
Precision_train: 0.838174
Recall_train: 0.737226
F1_train: 0.784466

Costo_test: 0.122591
Precision_test: 0.897959
Recall_test: 0.647059
F1_test: 0.752137
 

Arquitectura: _10_11_11_11_1_
Semilla: 1788080727
Segundos: 75
NIteraciones: 100000

Costo_train: 0.113782
Precision_train: 0.880184
Recall_train: 0.697080
F1_train: 0.778004

Costo_test: 0.123331
Precision_test: 0.833333
Recall_test: 0.661765
F1_test: 0.737705
 

Arquitectura: _10_11_11_11_1_
Semilla: 1788080727
Segundos: 75
NIteraciones: 100000

Costo_train: 0.111742
Precision_train: 0.876106
Recall_train: 0.722628
F1_train: 0.792000

Costo_test: 0.131895
Precision_test: 0.800000
Recall_test: 0.705882
F1_test: 0.750000
 

Arquitectura: _10_11_11_11_1_
Semilla: 1788080727
Segundos: 75
NIteraciones: 100000

Costo_train: 0.116398
Precision_train: 0.873303
Recall_train: 0.704380
F1_train: 0.779798

Costo_test: 0.125403
Precision_test: 0.836364
Recall_test: 0.676471
F1_test: 0.747967
 

Arquitectura: _10_11_11_11_1_
Semilla: 1788080727
Segundos: 75
NIteraciones: 100000

Costo_train: 0.110775
Precision_train: 0.877273
Recall_train: 0.704380
F1_train: 0.781377

Costo_test: 0.123349
Precision_test: 0.847458
Recall_test: 0.735294
F1_test: 0.787402
 

Arquitectura: _10_11_11_11_1_
Semilla: 1788080727
Segundos: 75
NIteraciones: 100000

Costo_train: 0.136631
Precision_train: 0.920245
Recall_train: 0.547445
F1_train: 0.686499

Costo_test: 0.162941
Precision_test: 0.716216
Recall_test: 0.779412
F1_test: 0.746479
 

Arquitectura: _10_11_11_11_1_
Semilla: 1788080727
Segundos: 75
NIteraciones: 100000

Costo_train: 0.110000
Precision_train: 0.889908
Recall_train: 0.708029
F1_train: 0.788618

Costo_test: 0.137792
Precision_test: 0.786885
Recall_test: 0.705882
F1_test: 0.744186
 

Arquitectura: _10_11_11_11_1_
Semilla: 1788080727
Segundos: 75
NIteraciones: 100000

Costo_train: 0.114018
Precision_train: 0.867257
Recall_train: 0.715328
F1_train: 0.784000

Costo_test: 0.128073
Precision_test: 0.824561
Recall_test: 0.691176
F1_test: 0.752000
 

Arquitectura: _10_11_11_11_1_
Semilla: 1788080727
Segundos: 75
NIteraciones: 100000

Costo_train: 0.120680
Precision_train: 0.807692
Recall_train: 0.766423
F1_train: 0.786517

Costo_test: 0.139180
Precision_test: 0.792453
Recall_test: 0.617647
F1_test: 0.694215
 

Arquitectura: _10_11_11_11_1_
Semilla: 1788080727
Segundos: 75
NIteraciones: 100000

Costo_train: 0.129026
Precision_train: 0.905263
Recall_train: 0.627737
F1_train: 0.741379

Costo_test: 0.162790
Precision_test: 0.712329
Recall_test: 0.764706
F1_test: 0.737589
 

Arquitectura: _10_11_11_11_1_
Semilla: 1788080727
Segundos: 75
NIteraciones: 100000

Costo_train: 0.126485
Precision_train: 0.740000
Recall_train: 0.810219
F1_train: 0.773519

Costo_test: 0.132193
Precision_test: 0.928571
Recall_test: 0.573529
F1_test: 0.709091
 

Arquitectura: _10_11_11_11_1_
Semilla: 1788080727
Segundos: 75
NIteraciones: 100000

Costo_train: 0.116787
Precision_train: 0.882075
Recall_train: 0.682482
F1_train: 0.769547

Costo_test: 0.135038
Precision_test: 0.816667
Recall_test: 0.720588
F1_test: 0.765625
 

Arquitectura: _10_11_11_11_1_
Semilla: 1788080727
Segundos: 75
NIteraciones: 100000

Costo_train: 0.123710
Precision_train: 0.869767
Recall_train: 0.682482
F1_train: 0.764826

Costo_test: 0.144475
Precision_test: 0.746269
Recall_test: 0.735294
F1_test: 0.740741
 

Arquitectura: _10_11_11_11_1_
Semilla: 1788080727
Segundos: 75
NIteraciones: 100000

Costo_train: 0.114229
Precision_train: 0.854077
Recall_train: 0.726277
F1_train: 0.785010

Costo_test: 0.125648
Precision_test: 0.836364
Recall_test: 0.676471
F1_test: 0.747967
 

Arquitectura: _10_11_11_11_1_
Semilla: 1788080727
Segundos: 75
NIteraciones: 100000

Costo_train: 0.125570
Precision_train: 0.884422
Recall_train: 0.642336
F1_train: 0.744186

Costo_test: 0.147410
Precision_test: 0.722222
Recall_test: 0.764706
F1_test: 0.742857
 

Arquitectura: _10_11_11_11_1_
Semilla: 1788080727
Segundos: 75
NIteraciones: 100000

Costo_train: 0.115500
Precision_train: 0.852321
Recall_train: 0.737226
F1_train: 0.790607

Costo_test: 0.128762
Precision_test: 0.833333
Recall_test: 0.661765
F1_test: 0.737705
 

Arquitectura: _10_11_11_11_1_
Semilla: 1788080727
Segundos: 75
NIteraciones: 100000

Costo_train: 0.115880
Precision_train: 0.904306
Recall_train: 0.689781
F1_train: 0.782609

Costo_test: 0.144731
Precision_test: 0.761194
Recall_test: 0.750000
F1_test: 0.755556
 

Arquitectura: _10_11_11_11_1_
Semilla: 1788080727
Segundos: 75
NIteraciones: 100000

Costo_train: 0.112656
Precision_train: 0.854772
Recall_train: 0.751825
F1_train: 0.800000

Costo_test: 0.131563
Precision_test: 0.818182
Recall_test: 0.661765
F1_test: 0.731707
 

Arquitectura: _10_11_11_11_1_
Semilla: 1788080727
Segundos: 75
NIteraciones: 100000

Costo_train: 0.115390
Precision_train: 0.909091
Recall_train: 0.693431
F1_train: 0.786749

Costo_test: 0.129566
Precision_test: 0.812500
Recall_test: 0.764706
F1_test: 0.787879
 

Arquitectura: _10_11_11_11_1_
Semilla: 1788080727
Segundos: 75
NIteraciones: 100000

Costo_train: 0.113459
Precision_train: 0.909953
Recall_train: 0.700730
F1_train: 0.791753

Costo_test: 0.135095
Precision_test: 0.796875
Recall_test: 0.750000
F1_test: 0.772727
 

Arquitectura: _10_11_11_11_1_
Semilla: 1788080727
Segundos: 75
NIteraciones: 100000

Costo_train: 0.124744
Precision_train: 0.903061
Recall_train: 0.645985
F1_train: 0.753191

Costo_test: 0.150810
Precision_test: 0.718310
Recall_test: 0.750000
F1_test: 0.733813
 

Arquitectura: _10_11_11_11_1_
Semilla: 1788080727
Segundos: 75
NIteraciones: 100000

Costo_train: 0.114845
Precision_train: 0.907767
Recall_train: 0.682482
F1_train: 0.779167

Costo_test: 0.136560
Precision_test: 0.761905
Recall_test: 0.705882
F1_test: 0.732824
 

Arquitectura: _10_11_11_11_1_
Semilla: 1788080727
Segundos: 75
NIteraciones: 100000

Costo_train: 0.118889
Precision_train: 0.803089
Recall_train: 0.759124
F1_train: 0.780488

Costo_test: 0.127986
Precision_test: 0.862745
Recall_test: 0.647059
F1_test: 0.739496
 

Arquitectura: _10_11_11_11_1_
Semilla: 1788080727
Segundos: 75
NIteraciones: 100000

Costo_train: 0.116492
Precision_train: 0.849785
Recall_train: 0.722628
F1_train: 0.781065

Costo_test: 0.128877
Precision_test: 0.833333
Recall_test: 0.661765
F1_test: 0.737705
 

Arquitectura: _10_11_11_11_1_
Semilla: 1788080727
Segundos: 75
NIteraciones: 100000

Costo_train: 0.121541
Precision_train: 0.842795
Recall_train: 0.704380
F1_train: 0.767396

Costo_test: 0.129458
Precision_test: 0.836364
Recall_test: 0.676471
F1_test: 0.747967
 

Arquitectura: _10_11_11_11_1_
Semilla: 1788080727
Segundos: 75
NIteraciones: 100000

Costo_train: 0.133330
Precision_train: 0.911111
Recall_train: 0.598540
F1_train: 0.722467

Costo_test: 0.158020
Precision_test: 0.728571
Recall_test: 0.750000
F1_test: 0.739130
 

Arquitectura: _10_11_11_11_1_
Semilla: 1788080727
Segundos: 75
NIteraciones: 100000

Costo_train: 0.115294
Precision_train: 0.832031
Recall_train: 0.777372
F1_train: 0.803774

Costo_test: 0.137308
Precision_test: 0.862745
Recall_test: 0.647059
F1_test: 0.739496
 

Arquitectura: _10_11_11_11_1_
Semilla: 1788080727
Segundos: 75
NIteraciones: 100000

Costo_train: 0.119666
Precision_train: 0.834746
Recall_train: 0.718978
F1_train: 0.772549

Costo_test: 0.131742
Precision_test: 0.880000
Recall_test: 0.647059
F1_test: 0.745763
 

Arquitectura: _10_11_11_11_1_
Semilla: 1788080727
Segundos: 75
NIteraciones: 100000

Costo_train: 0.107897
Precision_train: 0.888412
Recall_train: 0.755474
F1_train: 0.816568

Costo_test: 0.132197
Precision_test: 0.819672
Recall_test: 0.735294
F1_test: 0.775194
 

Arquitectura: _10_11_11_11_1_
Semilla: 1788080727
Segundos: 75
NIteraciones: 100000

Costo_train: 0.131245
Precision_train: 0.907609
Recall_train: 0.609489
F1_train: 0.729258

Costo_test: 0.154291
Precision_test: 0.718310
Recall_test: 0.750000
F1_test: 0.733813
 

Arquitectura: _10_11_11_11_1_
Semilla: 1788080727
Segundos: 75
NIteraciones: 100000

Costo_train: 0.124780
Precision_train: 0.814672
Recall_train: 0.770073
F1_train: 0.791745

Costo_test: 0.130829
Precision_test: 0.875000
Recall_test: 0.617647
F1_test: 0.724138
 

Arquitectura: _10_11_11_11_1_
Semilla: 1788080727
Segundos: 75
NIteraciones: 100000

Costo_train: 0.110525
Precision_train: 0.885965
Recall_train: 0.737226
F1_train: 0.804781

Costo_test: 0.134839
Precision_test: 0.800000
Recall_test: 0.705882
F1_test: 0.750000
 

Arquitectura: _10_11_11_11_1_
Semilla: 1788080727
Segundos: 75
NIteraciones: 100000

Costo_train: 0.116620
Precision_train: 0.890995
Recall_train: 0.686131
F1_train: 0.775258

Costo_test: 0.127295
Precision_test: 0.827586
Recall_test: 0.705882
F1_test: 0.761905
 

Arquitectura: _10_11_11_11_1_
Semilla: 1788080727
Segundos: 75
NIteraciones: 100000

Costo_train: 0.109281
Precision_train: 0.887387
Recall_train: 0.718978
F1_train: 0.794355

Costo_test: 0.129129
Precision_test: 0.844828
Recall_test: 0.720588
F1_test: 0.777778
 

Arquitectura: _10_11_11_11_1_
Semilla: 1788080727
Segundos: 75
NIteraciones: 100000

Costo_train: 0.120078
Precision_train: 0.882629
Recall_train: 0.686131
F1_train: 0.772074

Costo_test: 0.130535
Precision_test: 0.810345
Recall_test: 0.691176
F1_test: 0.746032
 

Arquitectura: _10_11_11_11_1_
Semilla: 1788080727
Segundos: 75
NIteraciones: 100000

Costo_train: 0.114455
Precision_train: 0.841463
Recall_train: 0.755474
F1_train: 0.796154

Costo_test: 0.130640
Precision_test: 0.833333
Recall_test: 0.661765
F1_test: 0.737705
 

Arquitectura: _10_11_11_11_1_
Semilla: 1788080727
Segundos: 75
NIteraciones: 100000

Costo_train: 0.111451
Precision_train: 0.872807
Recall_train: 0.726277
F1_train: 0.792829

Costo_test: 0.127392
Precision_test: 0.796610
Recall_test: 0.691176
F1_test: 0.740157
 

Arquitectura: _10_11_11_11_1_
Semilla: 1788080727
Segundos: 75
NIteraciones: 100000

Costo_train: 0.118204
Precision_train: 0.864865
Recall_train: 0.700730
F1_train: 0.774194

Costo_test: 0.126520
Precision_test: 0.779661
Recall_test: 0.676471
F1_test: 0.724409
 

Arquitectura: _10_11_11_11_1_
Semilla: 1788080727
Segundos: 75
NIteraciones: 100000

Costo_train: 0.115914
Precision_train: 0.890995
Recall_train: 0.686131
F1_train: 0.775258

Costo_test: 0.132221
Precision_test: 0.786885
Recall_test: 0.705882
F1_test: 0.744186
 

Arquitectura: _10_11_11_11_1_
Semilla: 1788080727
Segundos: 75
NIteraciones: 100000

Costo_train: 0.111429
Precision_train: 0.916667
Recall_train: 0.682482
F1_train: 0.782427

Costo_test: 0.135962
Precision_test: 0.796875
Recall_test: 0.750000
F1_test: 0.772727
 

Arquitectura: _10_11_11_11_1_
Semilla: 1788080727
Segundos: 75
NIteraciones: 100000

Costo_train: 0.114272
Precision_train: 0.888372
Recall_train: 0.697080
F1_train: 0.781186

Costo_test: 0.129696
Precision_test: 0.810345
Recall_test: 0.691176
F1_test: 0.746032
 

Arquitectura: _10_11_11_11_1_
Semilla: 1788080727
Segundos: 75
NIteraciones: 100000

Costo_train: 0.105963
Precision_train: 0.869198
Recall_train: 0.751825
F1_train: 0.806262

Costo_test: 0.133403
Precision_test: 0.803279
Recall_test: 0.720588
F1_test: 0.759690
 

Arquitectura: _10_11_11_11_1_
Semilla: 1788080727
Segundos: 75
NIteraciones: 100000

Costo_train: 0.110369
Precision_train: 0.844622
Recall_train: 0.773723
F1_train: 0.807619

Costo_test: 0.130213
Precision_test: 0.888889
Recall_test: 0.705882
F1_test: 0.786885
 

Arquitectura: _10_11_11_11_1_
Semilla: 1788080727
Segundos: 75
NIteraciones: 100000

Costo_train: 0.113585
Precision_train: 0.861345
Recall_train: 0.748175
F1_train: 0.800781

Costo_test: 0.130474
Precision_test: 0.814815
Recall_test: 0.647059
F1_test: 0.721312
 

Arquitectura: _10_11_11_11_1_
Semilla: 1788080727
Segundos: 75
NIteraciones: 100000

Costo_train: 0.108645
Precision_train: 0.868421
Recall_train: 0.722628
F1_train: 0.788845

Costo_test: 0.125294
Precision_test: 0.842105
Recall_test: 0.705882
F1_test: 0.768000
 

Arquitectura: _10_11_11_11_1_
Semilla: 1788080727
Segundos: 75
NIteraciones: 100000

Costo_train: 0.113874
Precision_train: 0.880184
Recall_train: 0.697080
F1_train: 0.778004

Costo_test: 0.120868
Precision_test: 0.870370
Recall_test: 0.691176
F1_test: 0.770492
 

Arquitectura: _10_11_11_11_1_
Semilla: 1788080727
Segundos: 75
NIteraciones: 100000

Costo_train: 0.111793
Precision_train: 0.884444
Recall_train: 0.726277
F1_train: 0.797595

Costo_test: 0.120304
Precision_test: 0.824561
Recall_test: 0.691176
F1_test: 0.752000
 

Arquitectura: _10_11_11_11_1_
Semilla: 1788080727
Segundos: 75
NIteraciones: 100000

Costo_train: 0.114904
Precision_train: 0.809886
Recall_train: 0.777372
F1_train: 0.793296

Costo_test: 0.139673
Precision_test: 0.813559
Recall_test: 0.705882
F1_test: 0.755906
 

Arquitectura: _10_11_11_11_1_
Semilla: 1788080727
Segundos: 75
NIteraciones: 100000

Costo_train: 0.119933
Precision_train: 0.824219
Recall_train: 0.770073
F1_train: 0.796226

Costo_test: 0.131146
Precision_test: 0.849057
Recall_test: 0.661765
F1_test: 0.743802
 

Arquitectura: _10_11_11_11_1_
Semilla: 1788080727
Segundos: 75
NIteraciones: 100000

Costo_train: 0.114805
Precision_train: 0.842795
Recall_train: 0.704380
F1_train: 0.767396

Costo_test: 0.123055
Precision_test: 0.867925
Recall_test: 0.676471
F1_test: 0.760331
 

Arquitectura: _10_11_11_11_1_
Semilla: 1788080727
Segundos: 75
NIteraciones: 100000

Costo_train: 0.113536
Precision_train: 0.865546
Recall_train: 0.751825
F1_train: 0.804688

Costo_test: 0.137880
Precision_test: 0.821429
Recall_test: 0.676471
F1_test: 0.741935
 

Arquitectura: _10_11_11_11_1_
Semilla: 1788080727
Segundos: 75
NIteraciones: 100000

Costo_train: 0.113008
Precision_train: 0.874439
Recall_train: 0.711679
F1_train: 0.784708

Costo_test: 0.134922
Precision_test: 0.793103
Recall_test: 0.676471
F1_test: 0.730159
 

Arquitectura: _10_11_11_11_1_
Semilla: 1788080727
Segundos: 75
NIteraciones: 100000

Costo_train: 0.108870
Precision_train: 0.908257
Recall_train: 0.722628
F1_train: 0.804878

Costo_test: 0.137130
Precision_test: 0.777778
Recall_test: 0.720588
F1_test: 0.748092
 

Arquitectura: _10_11_11_11_1_
Semilla: 1788080727
Segundos: 75
NIteraciones: 100000

Costo_train: 0.109716
Precision_train: 0.856557
Recall_train: 0.762774
F1_train: 0.806950

Costo_test: 0.123182
Precision_test: 0.870370
Recall_test: 0.691176
F1_test: 0.770492
 

Arquitectura: _10_11_11_11_1_
Semilla: 1788080727
Segundos: 75
NIteraciones: 100000

Costo_train: 0.127625
Precision_train: 0.880000
Recall_train: 0.642336
F1_train: 0.742616

Costo_test: 0.151183
Precision_test: 0.766667
Recall_test: 0.676471
F1_test: 0.718750
 

Arquitectura: _10_11_11_11_1_
Semilla: 1788080727
Segundos: 75
NIteraciones: 100000

Costo_train: 0.110601
Precision_train: 0.870690
Recall_train: 0.737226
F1_train: 0.798419

Costo_test: 0.125778
Precision_test: 0.807018
Recall_test: 0.676471
F1_test: 0.736000
 

Arquitectura: _10_11_11_11_1_
Semilla: 1788080727
Segundos: 75
NIteraciones: 100000

Costo_train: 0.115986
Precision_train: 0.822314
Recall_train: 0.726277
F1_train: 0.771318

Costo_test: 0.125464
Precision_test: 0.857143
Recall_test: 0.705882
F1_test: 0.774194
 

Arquitectura: _10_11_11_11_1_
Semilla: 1788080727
Segundos: 75
NIteraciones: 100000

Costo_train: 0.112298
Precision_train: 0.873362
Recall_train: 0.729927
F1_train: 0.795229

Costo_test: 0.134574
Precision_test: 0.800000
Recall_test: 0.705882
F1_test: 0.750000
 

Arquitectura: _10_11_11_11_1_
Semilla: 1788080727
Segundos: 75
NIteraciones: 100000

Costo_train: 0.114818
Precision_train: 0.885321
Recall_train: 0.704380
F1_train: 0.784553

Costo_test: 0.126706
Precision_test: 0.810345
Recall_test: 0.691176
F1_test: 0.746032
 

Arquitectura: _10_11_11_11_1_
Semilla: 1788080727
Segundos: 75
NIteraciones: 100000

Costo_train: 0.107243
Precision_train: 0.858300
Recall_train: 0.773723
F1_train: 0.813820

Costo_test: 0.144733
Precision_test: 0.811321
Recall_test: 0.632353
F1_test: 0.710744
 

Arquitectura: _10_11_11_11_1_
Semilla: 1788080727
Segundos: 75
NIteraciones: 100000

Costo_train: 0.121235
Precision_train: 0.801556
Recall_train: 0.751825
F1_train: 0.775894

Costo_test: 0.129684
Precision_test: 0.843137
Recall_test: 0.632353
F1_test: 0.722689
 

Arquitectura: _10_11_11_11_1_
Semilla: 1788080727
Segundos: 75
NIteraciones: 100000

Costo_train: 0.119871
Precision_train: 0.812734
Recall_train: 0.791971
F1_train: 0.802218

Costo_test: 0.132723
Precision_test: 0.862745
Recall_test: 0.647059
F1_test: 0.739496
 

Arquitectura: _10_11_11_11_1_
Semilla: 1788080727
Segundos: 75
NIteraciones: 100000

Costo_train: 0.116953
Precision_train: 0.873874
Recall_train: 0.708029
F1_train: 0.782258

Costo_test: 0.141847
Precision_test: 0.774194
Recall_test: 0.705882
F1_test: 0.738462
 

Arquitectura: _10_11_11_11_1_
Semilla: 1788080727
Segundos: 75
NIteraciones: 100000

Costo_train: 0.108569
Precision_train: 0.884956
Recall_train: 0.729927
F1_train: 0.800000

Costo_test: 0.121060
Precision_test: 0.790323
Recall_test: 0.720588
F1_test: 0.753846
 

Arquitectura: _10_11_11_11_1_
Semilla: 1788080727
Segundos: 75
NIteraciones: 100000

Costo_train: 0.122615
Precision_train: 0.802281
Recall_train: 0.770073
F1_train: 0.785847

Costo_test: 0.137403
Precision_test: 0.823529
Recall_test: 0.617647
F1_test: 0.705882
 

Arquitectura: _10_11_11_11_1_
Semilla: 1788080727
Segundos: 75
NIteraciones: 100000

Costo_train: 0.116572
Precision_train: 0.879227
Recall_train: 0.664234
F1_train: 0.756757

Costo_test: 0.122433
Precision_test: 0.830189
Recall_test: 0.647059
F1_test: 0.727273
 

Arquitectura: _10_11_11_11_1_
Semilla: 1788080727
Segundos: 75
NIteraciones: 100000

Costo_train: 0.120508
Precision_train: 0.887255
Recall_train: 0.660584
F1_train: 0.757322

Costo_test: 0.133825
Precision_test: 0.787879
Recall_test: 0.764706
F1_test: 0.776119
 

Arquitectura: _10_11_11_11_1_
Semilla: 1788080727
Segundos: 75
NIteraciones: 100000

Costo_train: 0.109273
Precision_train: 0.899543
Recall_train: 0.718978
F1_train: 0.799189

Costo_test: 0.126141
Precision_test: 0.830508
Recall_test: 0.720588
F1_test: 0.771654
 

Arquitectura: _10_11_11_11_1_
Semilla: 1788080727
Segundos: 75
NIteraciones: 100000

Costo_train: 0.118236
Precision_train: 0.868182
Recall_train: 0.697080
F1_train: 0.773279

Costo_test: 0.133916
Precision_test: 0.819672
Recall_test: 0.735294
F1_test: 0.775194
 

Arquitectura: _10_11_11_11_1_
Semilla: 1788080727
Segundos: 75
NIteraciones: 100000

Costo_train: 0.130268
Precision_train: 0.908108
Recall_train: 0.613139
F1_train: 0.732026

Costo_test: 0.151668
Precision_test: 0.742857
Recall_test: 0.764706
F1_test: 0.753623
 

Arquitectura: _10_11_11_11_1_
Semilla: 1788080727
Segundos: 75
NIteraciones: 100000

Costo_train: 0.112995
Precision_train: 0.897196
Recall_train: 0.700730
F1_train: 0.786885

Costo_test: 0.132879
Precision_test: 0.793651
Recall_test: 0.735294
F1_test: 0.763359
 

Arquitectura: _10_11_11_11_1_
Semilla: 1788080727
Segundos: 75
NIteraciones: 100000

Costo_train: 0.112822
Precision_train: 0.907767
Recall_train: 0.682482
F1_train: 0.779167

Costo_test: 0.134031
Precision_test: 0.816667
Recall_test: 0.720588
F1_test: 0.765625
 

Arquitectura: _10_11_11_11_1_
Semilla: 1788080727
Segundos: 75
NIteraciones: 100000

Costo_train: 0.122310
Precision_train: 0.906250
Recall_train: 0.635036
F1_train: 0.746781

Costo_test: 0.130904
Precision_test: 0.726027
Recall_test: 0.779412
F1_test: 0.751773
 

Arquitectura: _10_11_11_11_1_
Semilla: 1788080727
Segundos: 75
NIteraciones: 100000

Costo_train: 0.114229
Precision_train: 0.865471
Recall_train: 0.704380
F1_train: 0.776660

Costo_test: 0.124487
Precision_test: 0.827586
Recall_test: 0.705882
F1_test: 0.761905
 

Arquitectura: _10_11_11_11_1_
Semilla: 1788080727
Segundos: 75
NIteraciones: 100000

Costo_train: 0.117219
Precision_train: 0.891509
Recall_train: 0.689781
F1_train: 0.777778

Costo_test: 0.146877
Precision_test: 0.753846
Recall_test: 0.720588
F1_test: 0.736842
 

Arquitectura: _10_11_11_11_1_
Semilla: 1788080727
Segundos: 75
NIteraciones: 100000

Costo_train: 0.111492
Precision_train: 0.873950
Recall_train: 0.759124
F1_train: 0.812500

Costo_test: 0.120013
Precision_test: 0.854545
Recall_test: 0.691176
F1_test: 0.764228
 

Arquitectura: _10_11_11_11_1_
Semilla: 1788080727
Segundos: 75
NIteraciones: 100000

Costo_train: 0.118431
Precision_train: 0.811538
Recall_train: 0.770073
F1_train: 0.790262

Costo_test: 0.134686
Precision_test: 0.810345
Recall_test: 0.691176
F1_test: 0.746032
 

Arquitectura: _10_11_11_11_1_
Semilla: 1788080727
Segundos: 75
NIteraciones: 100000

Costo_train: 0.116805
Precision_train: 0.892019
Recall_train: 0.693431
F1_train: 0.780287

Costo_test: 0.140025
Precision_test: 0.774194
Recall_test: 0.705882
F1_test: 0.738462
 

Arquitectura: _10_11_11_11_1_
Semilla: 1788080727
Segundos: 75
NIteraciones: 100000

Costo_train: 0.123368
Precision_train: 0.797753
Recall_train: 0.777372
F1_train: 0.787431

Costo_test: 0.149763
Precision_test: 0.807692
Recall_test: 0.617647
F1_test: 0.700000
 

Arquitectura: _10_11_11_11_1_
Semilla: 1788080727
Segundos: 75
NIteraciones: 100000

Costo_train: 0.126659
Precision_train: 0.906736
Recall_train: 0.638686
F1_train: 0.749465

Costo_test: 0.143824
Precision_test: 0.750000
Recall_test: 0.750000
F1_test: 0.750000
 

Arquitectura: _10_11_11_11_1_
Semilla: 1788080727
Segundos: 75
NIteraciones: 100000

Costo_train: 0.111147
Precision_train: 0.878261
Recall_train: 0.737226
F1_train: 0.801587

Costo_test: 0.126350
Precision_test: 0.813559
Recall_test: 0.705882
F1_test: 0.755906
 

Arquitectura: _10_11_11_11_1_
Semilla: 1788080727
Segundos: 75
NIteraciones: 100000

Costo_train: 0.133334
Precision_train: 0.725490
Recall_train: 0.810219
F1_train: 0.765517

Costo_test: 0.127802
Precision_test: 0.814815
Recall_test: 0.647059
F1_test: 0.721312
 

Arquitectura: _10_11_11_11_1_
Semilla: 1788080727
Segundos: 75
NIteraciones: 100000

Costo_train: 0.127534
Precision_train: 0.784387
Recall_train: 0.770073
F1_train: 0.777164

Costo_test: 0.130278
Precision_test: 0.877551
Recall_test: 0.632353
F1_test: 0.735043
 

Arquitectura: _10_11_11_11_1_
Semilla: 1788080727
Segundos: 75
NIteraciones: 100000

Costo_train: 0.112556
Precision_train: 0.898618
Recall_train: 0.711679
F1_train: 0.794297

Costo_test: 0.135767
Precision_test: 0.793651
Recall_test: 0.735294
F1_test: 0.763359
 


--- Test Angosta 4.0 ---
Iteración 10000
Costo: 0.134628
Iteración 20000
Costo: 0.124930
Iteración 30000
Costo: 0.118395
Iteración 40000
Costo: 0.112037
Iteración 50000
Costo: 0.103318
Iteración 60000
Costo: 0.099987
Iteración 70000
Costo: 0.095688
Iteración 80000
Costo: 0.102869
Iteración 90000
Costo: 0.090515

Arquitectura: _10_44_1_
Semilla: 1788080802
Segundos: 39
NIteraciones: 100000

Costo_train: 0.087827
Precision_train: 0.895349
Recall_train: 0.843066
F1_train: 0.868421

Costo_test: 0.127757
Precision_test: 0.830508
Recall_test: 0.720588
F1_test: 0.771654
 

Arquitectura: _10_44_1_
Semilla: 1788080802
Segundos: 39
NIteraciones: 100000

Costo_train: 0.086901
Precision_train: 0.899225
Recall_train: 0.846715
F1_train: 0.872180

Costo_test: 0.133206
Precision_test: 0.793651
Recall_test: 0.735294
F1_test: 0.763359
 

Arquitectura: _10_44_1_
Semilla: 1788080802
Segundos: 39
NIteraciones: 100000

Costo_train: 0.090844
Precision_train: 0.934211
Recall_train: 0.777372
F1_train: 0.848606

Costo_test: 0.126581
Precision_test: 0.791045
Recall_test: 0.779412
F1_test: 0.785185
 

Arquitectura: _10_44_1_
Semilla: 1788080802
Segundos: 39
NIteraciones: 100000

Costo_train: 0.100196
Precision_train: 0.872000
Recall_train: 0.795620
F1_train: 0.832061

Costo_test: 0.133381
Precision_test: 0.800000
Recall_test: 0.705882
F1_test: 0.750000
 

Arquitectura: _10_44_1_
Semilla: 1788080802
Segundos: 39
NIteraciones: 100000

Costo_train: 0.089628
Precision_train: 0.911392
Recall_train: 0.788321
F1_train: 0.845401

Costo_test: 0.131305
Precision_test: 0.781250
Recall_test: 0.735294
F1_test: 0.757576
 

Arquitectura: _10_44_1_
Semilla: 1788080802
Segundos: 39
NIteraciones: 100000

Costo_train: 0.092805
Precision_train: 0.898374
Recall_train: 0.806569
F1_train: 0.850000

Costo_test: 0.131040
Precision_test: 0.793651
Recall_test: 0.735294
F1_test: 0.763359
 

Arquitectura: _10_44_1_
Semilla: 1788080802
Segundos: 39
NIteraciones: 100000

Costo_train: 0.088906
Precision_train: 0.907563
Recall_train: 0.788321
F1_train: 0.843750

Costo_test: 0.127040
Precision_test: 0.818182
Recall_test: 0.794118
F1_test: 0.805970
 

Arquitectura: _10_44_1_
Semilla: 1788080802
Segundos: 39
NIteraciones: 100000

Costo_train: 0.092791
Precision_train: 0.913420
Recall_train: 0.770073
F1_train: 0.835644

Costo_test: 0.132954
Precision_test: 0.760563
Recall_test: 0.794118
F1_test: 0.776978
 

Arquitectura: _10_44_1_
Semilla: 1788080802
Segundos: 39
NIteraciones: 100000

Costo_train: 0.104585
Precision_train: 0.817857
Recall_train: 0.835766
F1_train: 0.826715

Costo_test: 0.134112
Precision_test: 0.824561
Recall_test: 0.691176
F1_test: 0.752000
 

Arquitectura: _10_44_1_
Semilla: 1788080802
Segundos: 39
NIteraciones: 100000

Costo_train: 0.095596
Precision_train: 0.916667
Recall_train: 0.762774
F1_train: 0.832669

Costo_test: 0.148466
Precision_test: 0.728571
Recall_test: 0.750000
F1_test: 0.739130
 

Arquitectura: _10_44_1_
Semilla: 1788080802
Segundos: 39
NIteraciones: 100000

Costo_train: 0.089731
Precision_train: 0.902041
Recall_train: 0.806569
F1_train: 0.851638

Costo_test: 0.131429
Precision_test: 0.809524
Recall_test: 0.750000
F1_test: 0.778626
 

Arquitectura: _10_44_1_
Semilla: 1788080802
Segundos: 39
NIteraciones: 100000

Costo_train: 0.091203
Precision_train: 0.922747
Recall_train: 0.784672
F1_train: 0.848126

Costo_test: 0.130222
Precision_test: 0.805970
Recall_test: 0.794118
F1_test: 0.800000
 

Arquitectura: _10_44_1_
Semilla: 1788080802
Segundos: 39
NIteraciones: 100000

Costo_train: 0.091121
Precision_train: 0.910256
Recall_train: 0.777372
F1_train: 0.838583

Costo_test: 0.130673
Precision_test: 0.800000
Recall_test: 0.764706
F1_test: 0.781955
 

Arquitectura: _10_44_1_
Semilla: 1788080802
Segundos: 39
NIteraciones: 100000

Costo_train: 0.089406
Precision_train: 0.915254
Recall_train: 0.788321
F1_train: 0.847059

Costo_test: 0.140421
Precision_test: 0.750000
Recall_test: 0.750000
F1_test: 0.750000
 

Arquitectura: _10_44_1_
Semilla: 1788080802
Segundos: 39
NIteraciones: 100000

Costo_train: 0.082250
Precision_train: 0.916335
Recall_train: 0.839416
F1_train: 0.876190

Costo_test: 0.144165
Precision_test: 0.784615
Recall_test: 0.750000
F1_test: 0.766917
 

Arquitectura: _10_44_1_
Semilla: 1788080802
Segundos: 39
NIteraciones: 100000

Costo_train: 0.090902
Precision_train: 0.881226
Recall_train: 0.839416
F1_train: 0.859813

Costo_test: 0.137836
Precision_test: 0.803279
Recall_test: 0.720588
F1_test: 0.759690
 

Arquitectura: _10_44_1_
Semilla: 1788080802
Segundos: 39
NIteraciones: 100000

Costo_train: 0.084081
Precision_train: 0.922764
Recall_train: 0.828467
F1_train: 0.873077

Costo_test: 0.139888
Precision_test: 0.761194
Recall_test: 0.750000
F1_test: 0.755556
 

Arquitectura: _10_44_1_
Semilla: 1788080802
Segundos: 39
NIteraciones: 100000

Costo_train: 0.088645
Precision_train: 0.901961
Recall_train: 0.839416
F1_train: 0.869565

Costo_test: 0.133999
Precision_test: 0.806452
Recall_test: 0.735294
F1_test: 0.769231
 

Arquitectura: _10_44_1_
Semilla: 1788080802
Segundos: 39
NIteraciones: 100000

Costo_train: 0.088662
Precision_train: 0.905138
Recall_train: 0.835766
F1_train: 0.869070

Costo_test: 0.132036
Precision_test: 0.819672
Recall_test: 0.735294
F1_test: 0.775194
 

Arquitectura: _10_44_1_
Semilla: 1788080802
Segundos: 39
NIteraciones: 100000

Costo_train: 0.087648
Precision_train: 0.891892
Recall_train: 0.843066
F1_train: 0.866792

Costo_test: 0.132621
Precision_test: 0.813559
Recall_test: 0.705882
F1_test: 0.755906
 

Arquitectura: _10_44_1_
Semilla: 1788080802
Segundos: 39
NIteraciones: 100000

Costo_train: 0.087745
Precision_train: 0.908714
Recall_train: 0.799270
F1_train: 0.850486

Costo_test: 0.139303
Precision_test: 0.793651
Recall_test: 0.735294
F1_test: 0.763359
 

Arquitectura: _10_44_1_
Semilla: 1788080802
Segundos: 39
NIteraciones: 100000

Costo_train: 0.087807
Precision_train: 0.908367
Recall_train: 0.832117
F1_train: 0.868571

Costo_test: 0.123980
Precision_test: 0.815385
Recall_test: 0.779412
F1_test: 0.796992
 

Arquitectura: _10_44_1_
Semilla: 1788080802
Segundos: 39
NIteraciones: 100000

Costo_train: 0.092476
Precision_train: 0.922747
Recall_train: 0.784672
F1_train: 0.848126

Costo_test: 0.129285
Precision_test: 0.796875
Recall_test: 0.750000
F1_test: 0.772727
 

Arquitectura: _10_44_1_
Semilla: 1788080802
Segundos: 39
NIteraciones: 100000

Costo_train: 0.088338
Precision_train: 0.923077
Recall_train: 0.788321
F1_train: 0.850394

Costo_test: 0.138489
Precision_test: 0.809524
Recall_test: 0.750000
F1_test: 0.778626
 

Arquitectura: _10_44_1_
Semilla: 1788080802
Segundos: 39
NIteraciones: 100000

Costo_train: 0.092057
Precision_train: 0.889796
Recall_train: 0.795620
F1_train: 0.840077

Costo_test: 0.128377
Precision_test: 0.779412
Recall_test: 0.779412
F1_test: 0.779412
 

Arquitectura: _10_44_1_
Semilla: 1788080802
Segundos: 39
NIteraciones: 100000

Costo_train: 0.097628
Precision_train: 0.922018
Recall_train: 0.733577
F1_train: 0.817073

Costo_test: 0.151628
Precision_test: 0.700000
Recall_test: 0.823529
F1_test: 0.756757
 

Arquitectura: _10_44_1_
Semilla: 1788080802
Segundos: 39
NIteraciones: 100000

Costo_train: 0.096276
Precision_train: 0.903361
Recall_train: 0.784672
F1_train: 0.839844

Costo_test: 0.121932
Precision_test: 0.836066
Recall_test: 0.750000
F1_test: 0.790698
 

Arquitectura: _10_44_1_
Semilla: 1788080802
Segundos: 39
NIteraciones: 100000

Costo_train: 0.096063
Precision_train: 0.841328
Recall_train: 0.832117
F1_train: 0.836697

Costo_test: 0.133483
Precision_test: 0.870370
Recall_test: 0.691176
F1_test: 0.770492
 

Arquitectura: _10_44_1_
Semilla: 1788080802
Segundos: 39
NIteraciones: 100000

Costo_train: 0.095992
Precision_train: 0.922727
Recall_train: 0.740876
F1_train: 0.821862

Costo_test: 0.127839
Precision_test: 0.771429
Recall_test: 0.794118
F1_test: 0.782609
 

Arquitectura: _10_44_1_
Semilla: 1788080802
Segundos: 39
NIteraciones: 100000

Costo_train: 0.092009
Precision_train: 0.890625
Recall_train: 0.832117
F1_train: 0.860377

Costo_test: 0.134942
Precision_test: 0.827586
Recall_test: 0.705882
F1_test: 0.761905
 

Arquitectura: _10_44_1_
Semilla: 1788080802
Segundos: 39
NIteraciones: 100000

Costo_train: 0.091496
Precision_train: 0.901639
Recall_train: 0.802920
F1_train: 0.849421

Costo_test: 0.131129
Precision_test: 0.779412
Recall_test: 0.779412
F1_test: 0.779412
 

Arquitectura: _10_44_1_
Semilla: 1788080802
Segundos: 39
NIteraciones: 100000

Costo_train: 0.099641
Precision_train: 0.835125
Recall_train: 0.850365
F1_train: 0.842676

Costo_test: 0.134716
Precision_test: 0.836364
Recall_test: 0.676471
F1_test: 0.747967
 

Arquitectura: _10_44_1_
Semilla: 1788080802
Segundos: 39
NIteraciones: 100000

Costo_train: 0.091013
Precision_train: 0.909465
Recall_train: 0.806569
F1_train: 0.854932

Costo_test: 0.139365
Precision_test: 0.793651
Recall_test: 0.735294
F1_test: 0.763359
 

Arquitectura: _10_44_1_
Semilla: 1788080802
Segundos: 39
NIteraciones: 100000

Costo_train: 0.089398
Precision_train: 0.885827
Recall_train: 0.821168
F1_train: 0.852273

Costo_test: 0.128886
Precision_test: 0.800000
Recall_test: 0.764706
F1_test: 0.781955
 

Arquitectura: _10_44_1_
Semilla: 1788080802
Segundos: 39
NIteraciones: 100000

Costo_train: 0.095348
Precision_train: 0.895833
Recall_train: 0.784672
F1_train: 0.836576

Costo_test: 0.128691
Precision_test: 0.794118
Recall_test: 0.794118
F1_test: 0.794118
 

Arquitectura: _10_44_1_
Semilla: 1788080802
Segundos: 39
NIteraciones: 100000

Costo_train: 0.089214
Precision_train: 0.888462
Recall_train: 0.843066
F1_train: 0.865169

Costo_test: 0.131729
Precision_test: 0.824561
Recall_test: 0.691176
F1_test: 0.752000
 

Arquitectura: _10_44_1_
Semilla: 1788080802
Segundos: 39
NIteraciones: 100000

Costo_train: 0.087537
Precision_train: 0.905350
Recall_train: 0.802920
F1_train: 0.851064

Costo_test: 0.135454
Precision_test: 0.769231
Recall_test: 0.735294
F1_test: 0.751880
 

Arquitectura: _10_44_1_
Semilla: 1788080802
Segundos: 39
NIteraciones: 100000

Costo_train: 0.089856
Precision_train: 0.904382
Recall_train: 0.828467
F1_train: 0.864762

Costo_test: 0.127698
Precision_test: 0.790323
Recall_test: 0.720588
F1_test: 0.753846
 

Arquitectura: _10_44_1_
Semilla: 1788080802
Segundos: 39
NIteraciones: 100000

Costo_train: 0.090682
Precision_train: 0.914530
Recall_train: 0.781022
F1_train: 0.842520

Costo_test: 0.130860
Precision_test: 0.774194
Recall_test: 0.705882
F1_test: 0.738462
 

Arquitectura: _10_44_1_
Semilla: 1788080802
Segundos: 39
NIteraciones: 100000

Costo_train: 0.088395
Precision_train: 0.919492
Recall_train: 0.791971
F1_train: 0.850980

Costo_test: 0.124681
Precision_test: 0.788732
Recall_test: 0.823529
F1_test: 0.805755
 

Arquitectura: _10_44_1_
Semilla: 1788080802
Segundos: 39
NIteraciones: 100000

Costo_train: 0.093035
Precision_train: 0.881226
Recall_train: 0.839416
F1_train: 0.859813

Costo_test: 0.137003
Precision_test: 0.796610
Recall_test: 0.691176
F1_test: 0.740157
 

Arquitectura: _10_44_1_
Semilla: 1788080802
Segundos: 39
NIteraciones: 100000

Costo_train: 0.091675
Precision_train: 0.882129
Recall_train: 0.846715
F1_train: 0.864060

Costo_test: 0.136716
Precision_test: 0.783333
Recall_test: 0.691176
F1_test: 0.734375
 

Arquitectura: _10_44_1_
Semilla: 1788080802
Segundos: 39
NIteraciones: 100000

Costo_train: 0.089652
Precision_train: 0.900000
Recall_train: 0.821168
F1_train: 0.858779

Costo_test: 0.127111
Precision_test: 0.782609
Recall_test: 0.794118
F1_test: 0.788321
 

Arquitectura: _10_44_1_
Semilla: 1788080802
Segundos: 39
NIteraciones: 100000

Costo_train: 0.093115
Precision_train: 0.859259
Recall_train: 0.846715
F1_train: 0.852941

Costo_test: 0.132548
Precision_test: 0.867925
Recall_test: 0.676471
F1_test: 0.760331
 

Arquitectura: _10_44_1_
Semilla: 1788080802
Segundos: 39
NIteraciones: 100000

Costo_train: 0.096107
Precision_train: 0.860902
Recall_train: 0.835766
F1_train: 0.848148

Costo_test: 0.145447
Precision_test: 0.849057
Recall_test: 0.661765
F1_test: 0.743802
 

Arquitectura: _10_44_1_
Semilla: 1788080802
Segundos: 39
NIteraciones: 100000

Costo_train: 0.097840
Precision_train: 0.922374
Recall_train: 0.737226
F1_train: 0.819473

Costo_test: 0.131970
Precision_test: 0.782609
Recall_test: 0.794118
F1_test: 0.788321
 

Arquitectura: _10_44_1_
Semilla: 1788080802
Segundos: 39
NIteraciones: 100000

Costo_train: 0.086369
Precision_train: 0.927660
Recall_train: 0.795620
F1_train: 0.856582

Costo_test: 0.131258
Precision_test: 0.791045
Recall_test: 0.779412
F1_test: 0.785185
 

Arquitectura: _10_44_1_
Semilla: 1788080802
Segundos: 39
NIteraciones: 100000

Costo_train: 0.093021
Precision_train: 0.904167
Recall_train: 0.791971
F1_train: 0.844358

Costo_test: 0.129711
Precision_test: 0.781250
Recall_test: 0.735294
F1_test: 0.757576
 

Arquitectura: _10_44_1_
Semilla: 1788080802
Segundos: 39
NIteraciones: 100000

Costo_train: 0.092053
Precision_train: 0.924779
Recall_train: 0.762774
F1_train: 0.836000

Costo_test: 0.133326
Precision_test: 0.712329
Recall_test: 0.764706
F1_test: 0.737589
 

Arquitectura: _10_44_1_
Semilla: 1788080802
Segundos: 39
NIteraciones: 100000

Costo_train: 0.090050
Precision_train: 0.911290
Recall_train: 0.824818
F1_train: 0.865900

Costo_test: 0.135000
Precision_test: 0.772727
Recall_test: 0.750000
F1_test: 0.761194
 

Arquitectura: _10_44_1_
Semilla: 1788080802
Segundos: 39
NIteraciones: 100000

Costo_train: 0.093294
Precision_train: 0.920354
Recall_train: 0.759124
F1_train: 0.832000

Costo_test: 0.131840
Precision_test: 0.750000
Recall_test: 0.750000
F1_test: 0.750000
 

Arquitectura: _10_44_1_
Semilla: 1788080802
Segundos: 39
NIteraciones: 100000

Costo_train: 0.092702
Precision_train: 0.882812
Recall_train: 0.824818
F1_train: 0.852830

Costo_test: 0.146093
Precision_test: 0.806452
Recall_test: 0.735294
F1_test: 0.769231
 

Arquitectura: _10_44_1_
Semilla: 1788080802
Segundos: 39
NIteraciones: 100000

Costo_train: 0.096857
Precision_train: 0.919282
Recall_train: 0.748175
F1_train: 0.824950

Costo_test: 0.128234
Precision_test: 0.768116
Recall_test: 0.779412
F1_test: 0.773723
 

Arquitectura: _10_44_1_
Semilla: 1788080802
Segundos: 39
NIteraciones: 100000

Costo_train: 0.093643
Precision_train: 0.925764
Recall_train: 0.773723
F1_train: 0.842942

Costo_test: 0.130745
Precision_test: 0.757576
Recall_test: 0.735294
F1_test: 0.746269
 

Arquitectura: _10_44_1_
Semilla: 1788080802
Segundos: 39
NIteraciones: 100000

Costo_train: 0.099017
Precision_train: 0.919643
Recall_train: 0.751825
F1_train: 0.827309

Costo_test: 0.136942
Precision_test: 0.784615
Recall_test: 0.750000
F1_test: 0.766917
 

Arquitectura: _10_44_1_
Semilla: 1788080802
Segundos: 39
NIteraciones: 100000

Costo_train: 0.112810
Precision_train: 0.774834
Recall_train: 0.854015
F1_train: 0.812500

Costo_test: 0.147854
Precision_test: 0.795918
Recall_test: 0.573529
F1_test: 0.666667
 

Arquitectura: _10_44_1_
Semilla: 1788080802
Segundos: 39
NIteraciones: 100000

Costo_train: 0.089825
Precision_train: 0.915254
Recall_train: 0.788321
F1_train: 0.847059

Costo_test: 0.132937
Precision_test: 0.781250
Recall_test: 0.735294
F1_test: 0.757576
 

Arquitectura: _10_44_1_
Semilla: 1788080802
Segundos: 39
NIteraciones: 100000

Costo_train: 0.090293
Precision_train: 0.931915
Recall_train: 0.799270
F1_train: 0.860511

Costo_test: 0.133745
Precision_test: 0.800000
Recall_test: 0.764706
F1_test: 0.781955
 

Arquitectura: _10_44_1_
Semilla: 1788080802
Segundos: 39
NIteraciones: 100000

Costo_train: 0.089975
Precision_train: 0.906504
Recall_train: 0.813869
F1_train: 0.857692

Costo_test: 0.148208
Precision_test: 0.761194
Recall_test: 0.750000
F1_test: 0.755556
 

Arquitectura: _10_44_1_
Semilla: 1788080802
Segundos: 39
NIteraciones: 100000

Costo_train: 0.085938
Precision_train: 0.923404
Recall_train: 0.791971
F1_train: 0.852652

Costo_test: 0.129068
Precision_test: 0.771429
Recall_test: 0.794118
F1_test: 0.782609
 

Arquitectura: _10_44_1_
Semilla: 1788080802
Segundos: 39
NIteraciones: 100000

Costo_train: 0.087399
Precision_train: 0.898438
Recall_train: 0.839416
F1_train: 0.867925

Costo_test: 0.135426
Precision_test: 0.796875
Recall_test: 0.750000
F1_test: 0.772727
 

Arquitectura: _10_44_1_
Semilla: 1788080802
Segundos: 39
NIteraciones: 100000

Costo_train: 0.091452
Precision_train: 0.880769
Recall_train: 0.835766
F1_train: 0.857678

Costo_test: 0.136873
Precision_test: 0.781250
Recall_test: 0.735294
F1_test: 0.757576
 

Arquitectura: _10_44_1_
Semilla: 1788080802
Segundos: 39
NIteraciones: 100000

Costo_train: 0.091983
Precision_train: 0.918103
Recall_train: 0.777372
F1_train: 0.841897

Costo_test: 0.136462
Precision_test: 0.757143
Recall_test: 0.779412
F1_test: 0.768116
 

Arquitectura: _10_44_1_
Semilla: 1788080802
Segundos: 39
NIteraciones: 100000

Costo_train: 0.088620
Precision_train: 0.895349
Recall_train: 0.843066
F1_train: 0.868421

Costo_test: 0.140367
Precision_test: 0.812500
Recall_test: 0.764706
F1_test: 0.787879
 

Arquitectura: _10_44_1_
Semilla: 1788080802
Segundos: 39
NIteraciones: 100000

Costo_train: 0.091047
Precision_train: 0.887597
Recall_train: 0.835766
F1_train: 0.860902

Costo_test: 0.132675
Precision_test: 0.839286
Recall_test: 0.691176
F1_test: 0.758065
 

Arquitectura: _10_44_1_
Semilla: 1788080802
Segundos: 39
NIteraciones: 100000

Costo_train: 0.093351
Precision_train: 0.902439
Recall_train: 0.810219
F1_train: 0.853846

Costo_test: 0.137877
Precision_test: 0.777778
Recall_test: 0.720588
F1_test: 0.748092
 

Arquitectura: _10_44_1_
Semilla: 1788080802
Segundos: 39
NIteraciones: 100000

Costo_train: 0.089009
Precision_train: 0.905350
Recall_train: 0.802920
F1_train: 0.851064

Costo_test: 0.135556
Precision_test: 0.769231
Recall_test: 0.735294
F1_test: 0.751880
 

Arquitectura: _10_44_1_
Semilla: 1788080802
Segundos: 39
NIteraciones: 100000

Costo_train: 0.093921
Precision_train: 0.913793
Recall_train: 0.773723
F1_train: 0.837945

Costo_test: 0.127956
Precision_test: 0.803030
Recall_test: 0.779412
F1_test: 0.791045
 

Arquitectura: _10_44_1_
Semilla: 1788080802
Segundos: 39
NIteraciones: 100000

Costo_train: 0.098562
Precision_train: 0.845588
Recall_train: 0.839416
F1_train: 0.842491

Costo_test: 0.134195
Precision_test: 0.849057
Recall_test: 0.661765
F1_test: 0.743802
 

Arquitectura: _10_44_1_
Semilla: 1788080802
Segundos: 39
NIteraciones: 100000

Costo_train: 0.089930
Precision_train: 0.897638
Recall_train: 0.832117
F1_train: 0.863636

Costo_test: 0.141315
Precision_test: 0.800000
Recall_test: 0.705882
F1_test: 0.750000
 

Arquitectura: _10_44_1_
Semilla: 1788080802
Segundos: 39
NIteraciones: 100000

Costo_train: 0.090025
Precision_train: 0.898039
Recall_train: 0.835766
F1_train: 0.865785

Costo_test: 0.131901
Precision_test: 0.769231
Recall_test: 0.735294
F1_test: 0.751880
 

Arquitectura: _10_44_1_
Semilla: 1788080802
Segundos: 39
NIteraciones: 100000

Costo_train: 0.091749
Precision_train: 0.887597
Recall_train: 0.835766
F1_train: 0.860902

Costo_test: 0.127303
Precision_test: 0.844828
Recall_test: 0.720588
F1_test: 0.777778
 

Arquitectura: _10_44_1_
Semilla: 1788080802
Segundos: 39
NIteraciones: 100000

Costo_train: 0.087913
Precision_train: 0.924051
Recall_train: 0.799270
F1_train: 0.857143

Costo_test: 0.126654
Precision_test: 0.757143
Recall_test: 0.779412
F1_test: 0.768116
 

Arquitectura: _10_44_1_
Semilla: 1788080802
Segundos: 39
NIteraciones: 100000

Costo_train: 0.095505
Precision_train: 0.875502
Recall_train: 0.795620
F1_train: 0.833652

Costo_test: 0.124891
Precision_test: 0.819672
Recall_test: 0.735294
F1_test: 0.775194
 

Arquitectura: _10_44_1_
Semilla: 1788080802
Segundos: 39
NIteraciones: 100000

Costo_train: 0.091237
Precision_train: 0.904564
Recall_train: 0.795620
F1_train: 0.846602

Costo_test: 0.127444
Precision_test: 0.772727
Recall_test: 0.750000
F1_test: 0.761194
 

Arquitectura: _10_44_1_
Semilla: 1788080802
Segundos: 39
NIteraciones: 100000

Costo_train: 0.096031
Precision_train: 0.932432
Recall_train: 0.755474
F1_train: 0.834677

Costo_test: 0.138490
Precision_test: 0.787879
Recall_test: 0.764706
F1_test: 0.776119
 

Arquitectura: _10_44_1_
Semilla: 1788080802
Segundos: 39
NIteraciones: 100000

Costo_train: 0.094750
Precision_train: 0.897959
Recall_train: 0.802920
F1_train: 0.847784

Costo_test: 0.135577
Precision_test: 0.838710
Recall_test: 0.764706
F1_test: 0.800000
 

Arquitectura: _10_44_1_
Semilla: 1788080802
Segundos: 39
NIteraciones: 100000

Costo_train: 0.091353
Precision_train: 0.885057
Recall_train: 0.843066
F1_train: 0.863551

Costo_test: 0.138490
Precision_test: 0.836364
Recall_test: 0.676471
F1_test: 0.747967
 

Arquitectura: _10_44_1_
Semilla: 1788080802
Segundos: 39
NIteraciones: 100000

Costo_train: 0.115050
Precision_train: 0.786441
Recall_train: 0.846715
F1_train: 0.815466

Costo_test: 0.131148
Precision_test: 0.849057
Recall_test: 0.661765
F1_test: 0.743802
 

Arquitectura: _10_44_1_
Semilla: 1788080802
Segundos: 39
NIteraciones: 100000

Costo_train: 0.090163
Precision_train: 0.904959
Recall_train: 0.799270
F1_train: 0.848837

Costo_test: 0.140884
Precision_test: 0.772727
Recall_test: 0.750000
F1_test: 0.761194
 

Arquitectura: _10_44_1_
Semilla: 1788080802
Segundos: 39
NIteraciones: 100000

Costo_train: 0.088129
Precision_train: 0.913223
Recall_train: 0.806569
F1_train: 0.856589

Costo_test: 0.127326
Precision_test: 0.787879
Recall_test: 0.764706
F1_test: 0.776119
 

Arquitectura: _10_44_1_
Semilla: 1788080802
Segundos: 39
NIteraciones: 100000

Costo_train: 0.085025
Precision_train: 0.897233
Recall_train: 0.828467
F1_train: 0.861480

Costo_test: 0.133071
Precision_test: 0.791045
Recall_test: 0.779412
F1_test: 0.785185
 

Arquitectura: _10_44_1_
Semilla: 1788080802
Segundos: 39
NIteraciones: 100000

Costo_train: 0.091431
Precision_train: 0.918103
Recall_train: 0.777372
F1_train: 0.841897

Costo_test: 0.129381
Precision_test: 0.779412
Recall_test: 0.779412
F1_test: 0.779412
 

Arquitectura: _10_44_1_
Semilla: 1788080802
Segundos: 39
NIteraciones: 100000

Costo_train: 0.089337
Precision_train: 0.896414
Recall_train: 0.821168
F1_train: 0.857143

Costo_test: 0.126729
Precision_test: 0.809524
Recall_test: 0.750000
F1_test: 0.778626
 

Arquitectura: _10_44_1_
Semilla: 1788080802
Segundos: 39
NIteraciones: 100000

Costo_train: 0.096233
Precision_train: 0.911504
Recall_train: 0.751825
F1_train: 0.824000

Costo_test: 0.131903
Precision_test: 0.781250
Recall_test: 0.735294
F1_test: 0.757576
 

Arquitectura: _10_44_1_
Semilla: 1788080802
Segundos: 39
NIteraciones: 100000

Costo_train: 0.088829
Precision_train: 0.885057
Recall_train: 0.843066
F1_train: 0.863551

Costo_test: 0.125596
Precision_test: 0.819672
Recall_test: 0.735294
F1_test: 0.775194
 

Arquitectura: _10_44_1_
Semilla: 1788080802
Segundos: 39
NIteraciones: 100000

Costo_train: 0.092347
Precision_train: 0.907563
Recall_train: 0.788321
F1_train: 0.843750

Costo_test: 0.127377
Precision_test: 0.812500
Recall_test: 0.764706
F1_test: 0.787879
 

Arquitectura: _10_44_1_
Semilla: 1788080802
Segundos: 39
NIteraciones: 100000

Costo_train: 0.086035
Precision_train: 0.913934
Recall_train: 0.813869
F1_train: 0.861004

Costo_test: 0.129886
Precision_test: 0.800000
Recall_test: 0.764706
F1_test: 0.781955
 

Arquitectura: _10_44_1_
Semilla: 1788080802
Segundos: 39
NIteraciones: 100000

Costo_train: 0.087802
Precision_train: 0.902834
Recall_train: 0.813869
F1_train: 0.856046

Costo_test: 0.144630
Precision_test: 0.772727
Recall_test: 0.750000
F1_test: 0.761194
 

Arquitectura: _10_44_1_
Semilla: 1788080802
Segundos: 39
NIteraciones: 100000

Costo_train: 0.092301
Precision_train: 0.904959
Recall_train: 0.799270
F1_train: 0.848837

Costo_test: 0.125223
Precision_test: 0.803030
Recall_test: 0.779412
F1_test: 0.791045
 

Arquitectura: _10_44_1_
Semilla: 1788080802
Segundos: 39
NIteraciones: 100000

Costo_train: 0.093421
Precision_train: 0.892857
Recall_train: 0.821168
F1_train: 0.855513

Costo_test: 0.140481
Precision_test: 0.786885
Recall_test: 0.705882
F1_test: 0.744186
 

Arquitectura: _10_44_1_
Semilla: 1788080802
Segundos: 39
NIteraciones: 100000

Costo_train: 0.087765
Precision_train: 0.910569
Recall_train: 0.817518
F1_train: 0.861538

Costo_test: 0.140437
Precision_test: 0.739130
Recall_test: 0.750000
F1_test: 0.744525
 

Arquitectura: _10_44_1_
Semilla: 1788080802
Segundos: 39
NIteraciones: 100000

Costo_train: 0.090128
Precision_train: 0.903226
Recall_train: 0.817518
F1_train: 0.858238

Costo_test: 0.129419
Precision_test: 0.779412
Recall_test: 0.779412
F1_test: 0.779412
 

Arquitectura: _10_44_1_
Semilla: 1788080802
Segundos: 39
NIteraciones: 100000

Costo_train: 0.090591
Precision_train: 0.902439
Recall_train: 0.810219
F1_train: 0.853846

Costo_test: 0.129258
Precision_test: 0.793651
Recall_test: 0.735294
F1_test: 0.763359
 

Arquitectura: _10_44_1_
Semilla: 1788080802
Segundos: 39
NIteraciones: 100000

Costo_train: 0.091835
Precision_train: 0.899582
Recall_train: 0.784672
F1_train: 0.838207

Costo_test: 0.131854
Precision_test: 0.796875
Recall_test: 0.750000
F1_test: 0.772727
 

Arquitectura: _10_44_1_
Semilla: 1788080802
Segundos: 39
NIteraciones: 100000

Costo_train: 0.087795
Precision_train: 0.891566
Recall_train: 0.810219
F1_train: 0.848948

Costo_test: 0.138650
Precision_test: 0.779412
Recall_test: 0.779412
F1_test: 0.779412
 

Arquitectura: _10_44_1_
Semilla: 1788080802
Segundos: 39
NIteraciones: 100000

Costo_train: 0.087022
Precision_train: 0.908000
Recall_train: 0.828467
F1_train: 0.866412

Costo_test: 0.124373
Precision_test: 0.805970
Recall_test: 0.794118
F1_test: 0.800000
 

Arquitectura: _10_44_1_
Semilla: 1788080802
Segundos: 39
NIteraciones: 100000

Costo_train: 0.093589
Precision_train: 0.891051
Recall_train: 0.835766
F1_train: 0.862523

Costo_test: 0.126407
Precision_test: 0.830508
Recall_test: 0.720588
F1_test: 0.771654
 

Arquitectura: _10_44_1_
Semilla: 1788080802
Segundos: 39
NIteraciones: 100000

Costo_train: 0.086088
Precision_train: 0.913223
Recall_train: 0.806569
F1_train: 0.856589

Costo_test: 0.131119
Precision_test: 0.779412
Recall_test: 0.779412
F1_test: 0.779412
 

Arquitectura: _10_44_1_
Semilla: 1788080802
Segundos: 39
NIteraciones: 100000

Costo_train: 0.090509
Precision_train: 0.933036
Recall_train: 0.762774
F1_train: 0.839357

Costo_test: 0.129493
Precision_test: 0.774648
Recall_test: 0.808824
F1_test: 0.791367
 


--- Test Profunda 4.0 ---
Iteración 10000
Costo: 0.235172
Iteración 20000
Costo: 0.212208
Iteración 30000
Costo: 0.194555
Iteración 40000
Costo: 0.140125
Iteración 50000
Costo: 0.133909
Iteración 60000
Costo: 0.132269
Iteración 70000
Costo: 0.128738
Iteración 80000
Costo: 0.123965
Iteración 90000
Costo: 0.114199

Arquitectura: _10_11_11_11_11_1_
Semilla: 1788080841
Segundos: 99
NIteraciones: 100000

Costo_train: 0.112844
Precision_train: 0.858333
Recall_train: 0.751825
F1_train: 0.801556

Costo_test: 0.130879
Precision_test: 0.833333
Recall_test: 0.661765
F1_test: 0.737705
 

Arquitectura: _10_11_11_11_11_1_
Semilla: 1788080841
Segundos: 99
NIteraciones: 100000

Costo_train: 0.119370
Precision_train: 0.866973
Recall_train: 0.689781
F1_train: 0.768293

Costo_test: 0.125416
Precision_test: 0.833333
Recall_test: 0.735294
F1_test: 0.781250
 

Arquitectura: _10_11_11_11_11_1_
Semilla: 1788080841
Segundos: 99
NIteraciones: 100000

Costo_train: 0.120569
Precision_train: 0.815261
Recall_train: 0.740876
F1_train: 0.776291

Costo_test: 0.125350
Precision_test: 0.846154
Recall_test: 0.647059
F1_test: 0.733333
 

Arquitectura: _10_11_11_11_11_1_
Semilla: 1788080841
Segundos: 99
NIteraciones: 100000

Costo_train: 0.114359
Precision_train: 0.836000
Recall_train: 0.762774
F1_train: 0.797710

Costo_test: 0.130143
Precision_test: 0.862745
Recall_test: 0.647059
F1_test: 0.739496
 

Arquitectura: _10_11_11_11_11_1_
Semilla: 1788080841
Segundos: 99
NIteraciones: 100000

Costo_train: 0.115613
Precision_train: 0.892019
Recall_train: 0.693431
F1_train: 0.780287

Costo_test: 0.127224
Precision_test: 0.813559
Recall_test: 0.705882
F1_test: 0.755906
 

Arquitectura: _10_11_11_11_11_1_
Semilla: 1788080841
Segundos: 99
NIteraciones: 100000

Costo_train: 0.118952
Precision_train: 0.860360
Recall_train: 0.697080
F1_train: 0.770161

Costo_test: 0.127412
Precision_test: 0.779661
Recall_test: 0.676471
F1_test: 0.724409
 

Arquitectura: _10_11_11_11_11_1_
Semilla: 1788080841
Segundos: 99
NIteraciones: 100000

Costo_train: 0.114786
Precision_train: 0.890995
Recall_train: 0.686131
F1_train: 0.775258

Costo_test: 0.125510
Precision_test: 0.803571
Recall_test: 0.661765
F1_test: 0.725806
 

Arquitectura: _10_11_11_11_11_1_
Semilla: 1788080841
Segundos: 99
NIteraciones: 100000

Costo_train: 0.120078
Precision_train: 0.881517
Recall_train: 0.678832
F1_train: 0.767010

Costo_test: 0.139009
Precision_test: 0.790323
Recall_test: 0.720588
F1_test: 0.753846
 

Arquitectura: _10_11_11_11_11_1_
Semilla: 1788080841
Segundos: 99
NIteraciones: 100000

Costo_train: 0.114615
Precision_train: 0.887850
Recall_train: 0.693431
F1_train: 0.778689

Costo_test: 0.128211
Precision_test: 0.800000
Recall_test: 0.705882
F1_test: 0.750000
 

Arquitectura: _10_11_11_11_11_1_
Semilla: 1788080841
Segundos: 99
NIteraciones: 100000

Costo_train: 0.115256
Precision_train: 0.865471
Recall_train: 0.704380
F1_train: 0.776660

Costo_test: 0.120819
Precision_test: 0.851852
Recall_test: 0.676471
F1_test: 0.754098
 

Arquitectura: _10_11_11_11_11_1_
Semilla: 1788080841
Segundos: 99
NIteraciones: 100000

Costo_train: 0.120831
Precision_train: 0.913265
Recall_train: 0.653285
F1_train: 0.761702

Costo_test: 0.143582
Precision_test: 0.701299
Recall_test: 0.794118
F1_test: 0.744828
 

Arquitectura: _10_11_11_11_11_1_
Semilla: 1788080841
Segundos: 99
NIteraciones: 100000

Costo_train: 0.112234
Precision_train: 0.881818
Recall_train: 0.708029
F1_train: 0.785425

Costo_test: 0.125161
Precision_test: 0.827586
Recall_test: 0.705882
F1_test: 0.761905
 

Arquitectura: _10_11_11_11_11_1_
Semilla: 1788080841
Segundos: 99
NIteraciones: 100000

Costo_train: 0.132114
Precision_train: 0.906077
Recall_train: 0.598540
F1_train: 0.720879

Costo_test: 0.147384
Precision_test: 0.739130
Recall_test: 0.750000
F1_test: 0.744525
 

Arquitectura: _10_11_11_11_11_1_
Semilla: 1788080841
Segundos: 99
NIteraciones: 100000

Costo_train: 0.112345
Precision_train: 0.884444
Recall_train: 0.726277
F1_train: 0.797595

Costo_test: 0.126534
Precision_test: 0.790323
Recall_test: 0.720588
F1_test: 0.753846
 

Arquitectura: _10_11_11_11_11_1_
Semilla: 1788080841
Segundos: 99
NIteraciones: 100000

Costo_train: 0.119531
Precision_train: 0.880184
Recall_train: 0.697080
F1_train: 0.778004

Costo_test: 0.130293
Precision_test: 0.810345
Recall_test: 0.691176
F1_test: 0.746032
 

Arquitectura: _10_11_11_11_11_1_
Semilla: 1788080841
Segundos: 99
NIteraciones: 100000

Costo_train: 0.116769
Precision_train: 0.863014
Recall_train: 0.689781
F1_train: 0.766734

Costo_test: 0.136744
Precision_test: 0.793103
Recall_test: 0.676471
F1_test: 0.730159
 

Arquitectura: _10_11_11_11_11_1_
Semilla: 1788080841
Segundos: 99
NIteraciones: 100000

Costo_train: 0.124875
Precision_train: 0.796226
Recall_train: 0.770073
F1_train: 0.782931

Costo_test: 0.127147
Precision_test: 0.893617
Recall_test: 0.617647
F1_test: 0.730435
 

Arquitectura: _10_11_11_11_11_1_
Semilla: 1788080841
Segundos: 99
NIteraciones: 100000

Costo_train: 0.111129
Precision_train: 0.902778
Recall_train: 0.711679
F1_train: 0.795918

Costo_test: 0.132823
Precision_test: 0.819672
Recall_test: 0.735294
F1_test: 0.775194
 

Arquitectura: _10_11_11_11_11_1_
Semilla: 1788080841
Segundos: 99
NIteraciones: 100000

Costo_train: 0.116563
Precision_train: 0.834746
Recall_train: 0.718978
F1_train: 0.772549

Costo_test: 0.121219
Precision_test: 0.809524
Recall_test: 0.750000
F1_test: 0.778626
 

Arquitectura: _10_11_11_11_11_1_
Semilla: 1788080841
Segundos: 99
NIteraciones: 100000

Costo_train: 0.111914
Precision_train: 0.852814
Recall_train: 0.718978
F1_train: 0.780198

Costo_test: 0.134761
Precision_test: 0.793103
Recall_test: 0.676471
F1_test: 0.730159
 

Arquitectura: _10_11_11_11_11_1_
Semilla: 1788080841
Segundos: 99
NIteraciones: 100000

Costo_train: 0.113331
Precision_train: 0.850806
Recall_train: 0.770073
F1_train: 0.808429

Costo_test: 0.135260
Precision_test: 0.814815
Recall_test: 0.647059
F1_test: 0.721312
 

Arquitectura: _10_11_11_11_11_1_
Semilla: 1788080841
Segundos: 99
NIteraciones: 100000

Costo_train: 0.107236
Precision_train: 0.854251
Recall_train: 0.770073
F1_train: 0.809981

Costo_test: 0.138308
Precision_test: 0.793103
Recall_test: 0.676471
F1_test: 0.730159
 

Arquitectura: _10_11_11_11_11_1_
Semilla: 1788080841
Segundos: 99
NIteraciones: 100000

Costo_train: 0.114388
Precision_train: 0.874439
Recall_train: 0.711679
F1_train: 0.784708

Costo_test: 0.129933
Precision_test: 0.803030
Recall_test: 0.779412
F1_test: 0.791045
 

Arquitectura: _10_11_11_11_11_1_
Semilla: 1788080841
Segundos: 99
NIteraciones: 100000

Costo_train: 0.118772
Precision_train: 0.876147
Recall_train: 0.697080
F1_train: 0.776423

Costo_test: 0.132267
Precision_test: 0.810345
Recall_test: 0.691176
F1_test: 0.746032
 

Arquitectura: _10_11_11_11_11_1_
Semilla: 1788080841
Segundos: 99
NIteraciones: 100000

Costo_train: 0.115176
Precision_train: 0.855895
Recall_train: 0.715328
F1_train: 0.779324

Costo_test: 0.130724
Precision_test: 0.833333
Recall_test: 0.661765
F1_test: 0.737705
 

Arquitectura: _10_11_11_11_11_1_
Semilla: 1788080841
Segundos: 99
NIteraciones: 100000

Costo_train: 0.120597
Precision_train: 0.821862
Recall_train: 0.740876
F1_train: 0.779271

Costo_test: 0.137959
Precision_test: 0.814815
Recall_test: 0.647059
F1_test: 0.721312
 

Arquitectura: _10_11_11_11_11_1_
Semilla: 1788080841
Segundos: 99
NIteraciones: 100000

Costo_train: 0.115127
Precision_train: 0.868182
Recall_train: 0.697080
F1_train: 0.773279

Costo_test: 0.125371
Precision_test: 0.824561
Recall_test: 0.691176
F1_test: 0.752000
 

Arquitectura: _10_11_11_11_11_1_
Semilla: 1788080841
Segundos: 99
NIteraciones: 100000

Costo_train: 0.116228
Precision_train: 0.888372
Recall_train: 0.697080
F1_train: 0.781186

Costo_test: 0.128922
Precision_test: 0.786885
Recall_test: 0.705882
F1_test: 0.744186
 

Arquitectura: _10_11_11_11_11_1_
Semilla: 1788080841
Segundos: 99
NIteraciones: 100000

Costo_train: 0.124117
Precision_train: 0.815574
Recall_train: 0.726277
F1_train: 0.768340

Costo_test: 0.139071
Precision_test: 0.836735
Recall_test: 0.602941
F1_test: 0.700855
 

Arquitectura: _10_11_11_11_11_1_
Semilla: 1788080841
Segundos: 99
NIteraciones: 100000

Costo_train: 0.118421
Precision_train: 0.885321
Recall_train: 0.704380
F1_train: 0.784553

Costo_test: 0.124420
Precision_test: 0.807018
Recall_test: 0.676471
F1_test: 0.736000
 

Arquitectura: _10_11_11_11_11_1_
Semilla: 1788080841
Segundos: 99
NIteraciones: 100000

Costo_train: 0.116457
Precision_train: 0.864865
Recall_train: 0.700730
F1_train: 0.774194

Costo_test: 0.127492
Precision_test: 0.803279
Recall_test: 0.720588
F1_test: 0.759690
 

Arquitectura: _10_11_11_11_11_1_
Semilla: 1788080841
Segundos: 99
NIteraciones: 100000

Costo_train: 0.121249
Precision_train: 0.794007
Recall_train: 0.773723
F1_train: 0.783734

Costo_test: 0.132162
Precision_test: 0.854545
Recall_test: 0.691176
F1_test: 0.764228
 

Arquitectura: _10_11_11_11_11_1_
Semilla: 1788080841
Segundos: 99
NIteraciones: 100000

Costo_train: 0.124345
Precision_train: 0.893939
Recall_train: 0.645985
F1_train: 0.750000

Costo_test: 0.141551
Precision_test: 0.750000
Recall_test: 0.750000
F1_test: 0.750000
 

Arquitectura: _10_11_11_11_11_1_
Semilla: 1788080841
Segundos: 99
NIteraciones: 100000

Costo_train: 0.124539
Precision_train: 0.910526
Recall_train: 0.631387
F1_train: 0.745690

Costo_test: 0.145299
Precision_test: 0.772727
Recall_test: 0.750000
F1_test: 0.761194
 

Arquitectura: _10_11_11_11_11_1_
Semilla: 1788080841
Segundos: 99
NIteraciones: 100000

Costo_train: 0.113242
Precision_train: 0.856557
Recall_train: 0.762774
F1_train: 0.806950

Costo_test: 0.127178
Precision_test: 0.818182
Recall_test: 0.661765
F1_test: 0.731707
 

Arquitectura: _10_11_11_11_11_1_
Semilla: 1788080841
Segundos: 99
NIteraciones: 100000

Costo_train: 0.115175
Precision_train: 0.826087
Recall_train: 0.762774
F1_train: 0.793169

Costo_test: 0.129011
Precision_test: 0.880000
Recall_test: 0.647059
F1_test: 0.745763
 

Arquitectura: _10_11_11_11_11_1_
Semilla: 1788080841
Segundos: 99
NIteraciones: 100000

Costo_train: 0.117064
Precision_train: 0.867580
Recall_train: 0.693431
F1_train: 0.770791

Costo_test: 0.125164
Precision_test: 0.796610
Recall_test: 0.691176
F1_test: 0.740157
 

Arquitectura: _10_11_11_11_11_1_
Semilla: 1788080841
Segundos: 99
NIteraciones: 100000

Costo_train: 0.114812
Precision_train: 0.875000
Recall_train: 0.715328
F1_train: 0.787149

Costo_test: 0.133651
Precision_test: 0.810345
Recall_test: 0.691176
F1_test: 0.746032
 

Arquitectura: _10_11_11_11_11_1_
Semilla: 1788080841
Segundos: 99
NIteraciones: 100000

Costo_train: 0.114101
Precision_train: 0.903846
Recall_train: 0.686131
F1_train: 0.780083

Costo_test: 0.131676
Precision_test: 0.813559
Recall_test: 0.705882
F1_test: 0.755906
 

Arquitectura: _10_11_11_11_11_1_
Semilla: 1788080841
Segundos: 99
NIteraciones: 100000

Costo_train: 0.123709
Precision_train: 0.778986
Recall_train: 0.784672
F1_train: 0.781818

Costo_test: 0.127183
Precision_test: 0.928571
Recall_test: 0.573529
F1_test: 0.709091
 

Arquitectura: _10_11_11_11_11_1_
Semilla: 1788080841
Segundos: 99
NIteraciones: 100000

Costo_train: 0.116896
Precision_train: 0.887850
Recall_train: 0.693431
F1_train: 0.778689

Costo_test: 0.124988
Precision_test: 0.800000
Recall_test: 0.705882
F1_test: 0.750000
 

Arquitectura: _10_11_11_11_11_1_
Semilla: 1788080841
Segundos: 99
NIteraciones: 100000

Costo_train: 0.116724
Precision_train: 0.896226
Recall_train: 0.693431
F1_train: 0.781893

Costo_test: 0.133878
Precision_test: 0.803279
Recall_test: 0.720588
F1_test: 0.759690
 

Arquitectura: _10_11_11_11_11_1_
Semilla: 1788080841
Segundos: 99
NIteraciones: 100000

Costo_train: 0.135112
Precision_train: 0.731544
Recall_train: 0.795620
F1_train: 0.762238

Costo_test: 0.132825
Precision_test: 0.836364
Recall_test: 0.676471
F1_test: 0.747967
 

Arquitectura: _10_11_11_11_11_1_
Semilla: 1788080841
Segundos: 99
NIteraciones: 100000

Costo_train: 0.115873
Precision_train: 0.893720
Recall_train: 0.675182
F1_train: 0.769231

Costo_test: 0.124342
Precision_test: 0.862745
Recall_test: 0.647059
F1_test: 0.739496
 

Arquitectura: _10_11_11_11_11_1_
Semilla: 1788080841
Segundos: 99
NIteraciones: 100000

Costo_train: 0.124596
Precision_train: 0.906736
Recall_train: 0.638686
F1_train: 0.749465

Costo_test: 0.146312
Precision_test: 0.772727
Recall_test: 0.750000
F1_test: 0.761194
 

Arquitectura: _10_11_11_11_11_1_
Semilla: 1788080841
Segundos: 99
NIteraciones: 100000

Costo_train: 0.114130
Precision_train: 0.842324
Recall_train: 0.740876
F1_train: 0.788350

Costo_test: 0.129347
Precision_test: 0.860000
Recall_test: 0.632353
F1_test: 0.728814
 

Arquitectura: _10_11_11_11_11_1_
Semilla: 1788080841
Segundos: 99
NIteraciones: 100000

Costo_train: 0.115675
Precision_train: 0.857143
Recall_train: 0.722628
F1_train: 0.784158

Costo_test: 0.122467
Precision_test: 0.851852
Recall_test: 0.676471
F1_test: 0.754098
 

Arquitectura: _10_11_11_11_11_1_
Semilla: 1788080841
Segundos: 99
NIteraciones: 100000

Costo_train: 0.116170
Precision_train: 0.847107
Recall_train: 0.748175
F1_train: 0.794574

Costo_test: 0.127488
Precision_test: 0.880000
Recall_test: 0.647059
F1_test: 0.745763
 

Arquitectura: _10_11_11_11_11_1_
Semilla: 1788080841
Segundos: 99
NIteraciones: 100000

Costo_train: 0.120894
Precision_train: 0.815574
Recall_train: 0.726277
F1_train: 0.768340

Costo_test: 0.128799
Precision_test: 0.891304
Recall_test: 0.602941
F1_test: 0.719298
 

Arquitectura: _10_11_11_11_11_1_
Semilla: 1788080841
Segundos: 99
NIteraciones: 100000

Costo_train: 0.117503
Precision_train: 0.828000
Recall_train: 0.755474
F1_train: 0.790076

Costo_test: 0.142653
Precision_test: 0.843137
Recall_test: 0.632353
F1_test: 0.722689
 

Arquitectura: _10_11_11_11_11_1_
Semilla: 1788080841
Segundos: 99
NIteraciones: 100000

Costo_train: 0.113303
Precision_train: 0.879464
Recall_train: 0.718978
F1_train: 0.791165

Costo_test: 0.138342
Precision_test: 0.800000
Recall_test: 0.705882
F1_test: 0.750000
 

Arquitectura: _10_11_11_11_11_1_
Semilla: 1788080841
Segundos: 99
NIteraciones: 100000

Costo_train: 0.121673
Precision_train: 0.813230
Recall_train: 0.762774
F1_train: 0.787194

Costo_test: 0.134800
Precision_test: 0.826923
Recall_test: 0.632353
F1_test: 0.716667
 

Arquitectura: _10_11_11_11_11_1_
Semilla: 1788080841
Segundos: 99
NIteraciones: 100000

Costo_train: 0.120012
Precision_train: 0.860360
Recall_train: 0.697080
F1_train: 0.770161

Costo_test: 0.125620
Precision_test: 0.884615
Recall_test: 0.676471
F1_test: 0.766667
 

Arquitectura: _10_11_11_11_11_1_
Semilla: 1788080841
Segundos: 99
NIteraciones: 100000

Costo_train: 0.119362
Precision_train: 0.795455
Recall_train: 0.766423
F1_train: 0.780669

Costo_test: 0.136977
Precision_test: 0.814815
Recall_test: 0.647059
F1_test: 0.721312
 

Arquitectura: _10_11_11_11_11_1_
Semilla: 1788080841
Segundos: 99
NIteraciones: 100000

Costo_train: 0.121254
Precision_train: 0.808000
Recall_train: 0.737226
F1_train: 0.770992

Costo_test: 0.134465
Precision_test: 0.842105
Recall_test: 0.705882
F1_test: 0.768000
 

Arquitectura: _10_11_11_11_11_1_
Semilla: 1788080841
Segundos: 99
NIteraciones: 100000

Costo_train: 0.126286
Precision_train: 0.901554
Recall_train: 0.635036
F1_train: 0.745182

Costo_test: 0.140740
Precision_test: 0.739130
Recall_test: 0.750000
F1_test: 0.744525
 

Arquitectura: _10_11_11_11_11_1_
Semilla: 1788080841
Segundos: 99
NIteraciones: 100000

Costo_train: 0.116756
Precision_train: 0.834025
Recall_train: 0.733577
F1_train: 0.780582

Costo_test: 0.120427
Precision_test: 0.836364
Recall_test: 0.676471
F1_test: 0.747967
 

Arquitectura: _10_11_11_11_11_1_
Semilla: 1788080841
Segundos: 99
NIteraciones: 100000

Costo_train: 0.120195
Precision_train: 0.824701
Recall_train: 0.755474
F1_train: 0.788571

Costo_test: 0.134314
Precision_test: 0.826923
Recall_test: 0.632353
F1_test: 0.716667
 

Arquitectura: _10_11_11_11_11_1_
Semilla: 1788080841
Segundos: 99
NIteraciones: 100000

Costo_train: 0.120320
Precision_train: 0.885167
Recall_train: 0.675182
F1_train: 0.766046

Costo_test: 0.135056
Precision_test: 0.813559
Recall_test: 0.705882
F1_test: 0.755906
 

Arquitectura: _10_11_11_11_11_1_
Semilla: 1788080841
Segundos: 99
NIteraciones: 100000

Costo_train: 0.120884
Precision_train: 0.905941
Recall_train: 0.667883
F1_train: 0.768908

Costo_test: 0.141789
Precision_test: 0.777778
Recall_test: 0.720588
F1_test: 0.748092
 

Arquitectura: _10_11_11_11_11_1_
Semilla: 1788080841
Segundos: 99
NIteraciones: 100000

Costo_train: 0.121347
Precision_train: 0.892683
Recall_train: 0.667883
F1_train: 0.764092

Costo_test: 0.135668
Precision_test: 0.764706
Recall_test: 0.764706
F1_test: 0.764706
 

Arquitectura: _10_11_11_11_11_1_
Semilla: 1788080841
Segundos: 99
NIteraciones: 100000

Costo_train: 0.126091
Precision_train: 0.916230
Recall_train: 0.638686
F1_train: 0.752688

Costo_test: 0.139239
Precision_test: 0.761194
Recall_test: 0.750000
F1_test: 0.755556
 

Arquitectura: _10_11_11_11_11_1_
Semilla: 1788080841
Segundos: 99
NIteraciones: 100000

Costo_train: 0.126293
Precision_train: 0.829060
Recall_train: 0.708029
F1_train: 0.763780

Costo_test: 0.142245
Precision_test: 0.803922
Recall_test: 0.602941
F1_test: 0.689076
 

Arquitectura: _10_11_11_11_11_1_
Semilla: 1788080841
Segundos: 99
NIteraciones: 100000

Costo_train: 0.111895
Precision_train: 0.842105
Recall_train: 0.759124
F1_train: 0.798464

Costo_test: 0.123457
Precision_test: 0.824561
Recall_test: 0.691176
F1_test: 0.752000
 

Arquitectura: _10_11_11_11_11_1_
Semilla: 1788080841
Segundos: 99
NIteraciones: 100000

Costo_train: 0.114551
Precision_train: 0.845188
Recall_train: 0.737226
F1_train: 0.787524

Costo_test: 0.124661
Precision_test: 0.862745
Recall_test: 0.647059
F1_test: 0.739496
 

Arquitectura: _10_11_11_11_11_1_
Semilla: 1788080841
Segundos: 99
NIteraciones: 100000

Costo_train: 0.113161
Precision_train: 0.850000
Recall_train: 0.744526
F1_train: 0.793774

Costo_test: 0.122513
Precision_test: 0.857143
Recall_test: 0.705882
F1_test: 0.774194
 

Arquitectura: _10_11_11_11_11_1_
Semilla: 1788080841
Segundos: 99
NIteraciones: 100000

Costo_train: 0.129016
Precision_train: 0.853081
Recall_train: 0.656934
F1_train: 0.742268

Costo_test: 0.154862
Precision_test: 0.737705
Recall_test: 0.661765
F1_test: 0.697674
 

Arquitectura: _10_11_11_11_11_1_
Semilla: 1788080841
Segundos: 99
NIteraciones: 100000

Costo_train: 0.119705
Precision_train: 0.863636
Recall_train: 0.693431
F1_train: 0.769231

Costo_test: 0.130217
Precision_test: 0.821429
Recall_test: 0.676471
F1_test: 0.741935
 

Arquitectura: _10_11_11_11_11_1_
Semilla: 1788080841
Segundos: 99
NIteraciones: 100000

Costo_train: 0.124946
Precision_train: 0.896907
Recall_train: 0.635036
F1_train: 0.743590

Costo_test: 0.138428
Precision_test: 0.739130
Recall_test: 0.750000
F1_test: 0.744525
 

Arquitectura: _10_11_11_11_11_1_
Semilla: 1788080841
Segundos: 99
NIteraciones: 100000

Costo_train: 0.115957
Precision_train: 0.854701
Recall_train: 0.729927
F1_train: 0.787402

Costo_test: 0.131583
Precision_test: 0.833333
Recall_test: 0.661765
F1_test: 0.737705
 

Arquitectura: _10_11_11_11_11_1_
Semilla: 1788080841
Segundos: 99
NIteraciones: 100000

Costo_train: 0.116175
Precision_train: 0.864035
Recall_train: 0.718978
F1_train: 0.784861

Costo_test: 0.125834
Precision_test: 0.810345
Recall_test: 0.691176
F1_test: 0.746032
 

Arquitectura: _10_11_11_11_11_1_
Semilla: 1788080841
Segundos: 99
NIteraciones: 100000

Costo_train: 0.115661
Precision_train: 0.888889
Recall_train: 0.700730
F1_train: 0.783673

Costo_test: 0.127754
Precision_test: 0.810345
Recall_test: 0.691176
F1_test: 0.746032
 

Arquitectura: _10_11_11_11_11_1_
Semilla: 1788080841
Segundos: 99
NIteraciones: 100000

Costo_train: 0.123241
Precision_train: 0.801498
Recall_train: 0.781022
F1_train: 0.791128

Costo_test: 0.135870
Precision_test: 0.860000
Recall_test: 0.632353
F1_test: 0.728814
 

Arquitectura: _10_11_11_11_11_1_
Semilla: 1788080841
Segundos: 99
NIteraciones: 100000

Costo_train: 0.116122
Precision_train: 0.849785
Recall_train: 0.722628
F1_train: 0.781065

Costo_test: 0.133994
Precision_test: 0.814815
Recall_test: 0.647059
F1_test: 0.721312
 

Arquitectura: _10_11_11_11_11_1_
Semilla: 1788080841
Segundos: 99
NIteraciones: 100000

Costo_train: 0.118312
Precision_train: 0.898058
Recall_train: 0.675182
F1_train: 0.770833

Costo_test: 0.128083
Precision_test: 0.790323
Recall_test: 0.720588
F1_test: 0.753846
 

Arquitectura: _10_11_11_11_11_1_
Semilla: 1788080841
Segundos: 99
NIteraciones: 100000

Costo_train: 0.118063
Precision_train: 0.862222
Recall_train: 0.708029
F1_train: 0.777555

Costo_test: 0.126909
Precision_test: 0.827586
Recall_test: 0.705882
F1_test: 0.761905
 

Arquitectura: _10_11_11_11_11_1_
Semilla: 1788080841
Segundos: 99
NIteraciones: 100000

Costo_train: 0.118920
Precision_train: 0.857143
Recall_train: 0.700730
F1_train: 0.771084

Costo_test: 0.147045
Precision_test: 0.788462
Recall_test: 0.602941
F1_test: 0.683333
 

Arquitectura: _10_11_11_11_11_1_
Semilla: 1788080841
Segundos: 99
NIteraciones: 100000

Costo_train: 0.127585
Precision_train: 0.773852
Recall_train: 0.799270
F1_train: 0.786355

Costo_test: 0.138015
Precision_test: 0.863636
Recall_test: 0.558824
F1_test: 0.678571
 

Arquitectura: _10_11_11_11_11_1_
Semilla: 1788080841
Segundos: 99
NIteraciones: 100000

Costo_train: 0.121991
Precision_train: 0.793103
Recall_train: 0.755474
F1_train: 0.773832

Costo_test: 0.131082
Precision_test: 0.811321
Recall_test: 0.632353
F1_test: 0.710744
 

Arquitectura: _10_11_11_11_11_1_
Semilla: 1788080841
Segundos: 99
NIteraciones: 100000

Costo_train: 0.119209
Precision_train: 0.892683
Recall_train: 0.667883
F1_train: 0.764092

Costo_test: 0.139832
Precision_test: 0.772727
Recall_test: 0.750000
F1_test: 0.761194
 

Arquitectura: _10_11_11_11_11_1_
Semilla: 1788080841
Segundos: 99
NIteraciones: 100000

Costo_train: 0.113675
Precision_train: 0.852321
Recall_train: 0.737226
F1_train: 0.790607

Costo_test: 0.132049
Precision_test: 0.796610
Recall_test: 0.691176
F1_test: 0.740157
 

Arquitectura: _10_11_11_11_11_1_
Semilla: 1788080841
Segundos: 99
NIteraciones: 100000

Costo_train: 0.121784
Precision_train: 0.902062
Recall_train: 0.638686
F1_train: 0.747863

Costo_test: 0.142530
Precision_test: 0.710526
Recall_test: 0.794118
F1_test: 0.750000
 

Arquitectura: _10_11_11_11_11_1_
Semilla: 1788080841
Segundos: 99
NIteraciones: 100000

Costo_train: 0.123995
Precision_train: 0.916230
Recall_train: 0.638686
F1_train: 0.752688

Costo_test: 0.149013
Precision_test: 0.739130
Recall_test: 0.750000
F1_test: 0.744525
 

Arquitectura: _10_11_11_11_11_1_
Semilla: 1788080841
Segundos: 99
NIteraciones: 100000

Costo_train: 0.114657
Precision_train: 0.862069
Recall_train: 0.729927
F1_train: 0.790514

Costo_test: 0.131240
Precision_test: 0.821429
Recall_test: 0.676471
F1_test: 0.741935
 

Arquitectura: _10_11_11_11_11_1_
Semilla: 1788080841
Segundos: 99
NIteraciones: 100000

Costo_train: 0.116799
Precision_train: 0.873303
Recall_train: 0.704380
F1_train: 0.779798

Costo_test: 0.126227
Precision_test: 0.821429
Recall_test: 0.676471
F1_test: 0.741935
 

Arquitectura: _10_11_11_11_11_1_
Semilla: 1788080841
Segundos: 99
NIteraciones: 100000

Costo_train: 0.126512
Precision_train: 0.903743
Recall_train: 0.616788
F1_train: 0.733189

Costo_test: 0.131463
Precision_test: 0.739130
Recall_test: 0.750000
F1_test: 0.744525
 

Arquitectura: _10_11_11_11_11_1_
Semilla: 1788080841
Segundos: 99
NIteraciones: 100000

Costo_train: 0.119238
Precision_train: 0.827309
Recall_train: 0.751825
F1_train: 0.787763

Costo_test: 0.130310
Precision_test: 0.830189
Recall_test: 0.647059
F1_test: 0.727273
 

Arquitectura: _10_11_11_11_11_1_
Semilla: 1788080841
Segundos: 99
NIteraciones: 100000

Costo_train: 0.115906
Precision_train: 0.867580
Recall_train: 0.693431
F1_train: 0.770791

Costo_test: 0.131001
Precision_test: 0.846154
Recall_test: 0.647059
F1_test: 0.733333
 

Arquitectura: _10_11_11_11_11_1_
Semilla: 1788080841
Segundos: 99
NIteraciones: 100000

Costo_train: 0.120154
Precision_train: 0.863636
Recall_train: 0.693431
F1_train: 0.769231

Costo_test: 0.128172
Precision_test: 0.836364
Recall_test: 0.676471
F1_test: 0.747967
 

Arquitectura: _10_11_11_11_11_1_
Semilla: 1788080841
Segundos: 99
NIteraciones: 100000

Costo_train: 0.124851
Precision_train: 0.764286
Recall_train: 0.781022
F1_train: 0.772563

Costo_test: 0.137585
Precision_test: 0.843137
Recall_test: 0.632353
F1_test: 0.722689
 

Arquitectura: _10_11_11_11_11_1_
Semilla: 1788080841
Segundos: 99
NIteraciones: 100000

Costo_train: 0.113609
Precision_train: 0.880000
Recall_train: 0.722628
F1_train: 0.793587

Costo_test: 0.131458
Precision_test: 0.807018
Recall_test: 0.676471
F1_test: 0.736000
 

Arquitectura: _10_11_11_11_11_1_
Semilla: 1788080841
Segundos: 99
NIteraciones: 100000

Costo_train: 0.116708
Precision_train: 0.868421
Recall_train: 0.722628
F1_train: 0.788845

Costo_test: 0.131724
Precision_test: 0.803571
Recall_test: 0.661765
F1_test: 0.725806
 

Arquitectura: _10_11_11_11_11_1_
Semilla: 1788080841
Segundos: 99
NIteraciones: 100000

Costo_train: 0.124460
Precision_train: 0.778947
Recall_train: 0.810219
F1_train: 0.794275

Costo_test: 0.135955
Precision_test: 0.823529
Recall_test: 0.617647
F1_test: 0.705882
 

Arquitectura: _10_11_11_11_11_1_
Semilla: 1788080841
Segundos: 99
NIteraciones: 100000

Costo_train: 0.122842
Precision_train: 0.895522
Recall_train: 0.656934
F1_train: 0.757895

Costo_test: 0.140154
Precision_test: 0.712329
Recall_test: 0.764706
F1_test: 0.737589
 

Arquitectura: _10_11_11_11_11_1_
Semilla: 1788080841
Segundos: 99
NIteraciones: 100000

Costo_train: 0.108915
Precision_train: 0.851406
Recall_train: 0.773723
F1_train: 0.810707

Costo_test: 0.126347
Precision_test: 0.849057
Recall_test: 0.661765
F1_test: 0.743802
 

Arquitectura: _10_11_11_11_11_1_
Semilla: 1788080841
Segundos: 99
NIteraciones: 100000

Costo_train: 0.114682
Precision_train: 0.892019
Recall_train: 0.693431
F1_train: 0.780287

Costo_test: 0.134711
Precision_test: 0.768116
Recall_test: 0.779412
F1_test: 0.773723
 

Arquitectura: _10_11_11_11_11_1_
Semilla: 1788080841
Segundos: 99
NIteraciones: 100000

Costo_train: 0.124348
Precision_train: 0.885000
Recall_train: 0.645985
F1_train: 0.746836

Costo_test: 0.135092
Precision_test: 0.800000
Recall_test: 0.705882
F1_test: 0.750000
 

Arquitectura: _10_11_11_11_11_1_
Semilla: 1788080841
Segundos: 99
NIteraciones: 100000

Costo_train: 0.113113
Precision_train: 0.881818
Recall_train: 0.708029
F1_train: 0.785425

Costo_test: 0.128064
Precision_test: 0.836364
Recall_test: 0.676471
F1_test: 0.747967
 

Arquitectura: _10_11_11_11_11_1_
Semilla: 1788080841
Segundos: 99
NIteraciones: 100000

Costo_train: 0.110300
Precision_train: 0.887892
Recall_train: 0.722628
F1_train: 0.796781

Costo_test: 0.120123
Precision_test: 0.819672
Recall_test: 0.735294
F1_test: 0.775194
 

Arquitectura: _10_11_11_11_11_1_
Semilla: 1788080841
Segundos: 99
NIteraciones: 100000

Costo_train: 0.115158
Precision_train: 0.886256
Recall_train: 0.682482
F1_train: 0.771134

Costo_test: 0.137510
Precision_test: 0.796610
Recall_test: 0.691176
F1_test: 0.740157
 


--- Test Angosta 5.0 ---
Iteración 10000
Costo: 0.142956
Iteración 20000
Costo: 0.126335
Iteración 30000
Costo: 0.120173
Iteración 40000
Costo: 0.113462
Iteración 50000
Costo: 0.105505
Iteración 60000
Costo: 0.102379
Iteración 70000
Costo: 0.099239
Iteración 80000
Costo: 0.096561
Iteración 90000
Costo: 0.091634

Arquitectura: _10_55_1_
Semilla: 1788080940
Segundos: 43
NIteraciones: 100000

Costo_train: 0.089486
Precision_train: 0.909465
Recall_train: 0.806569
F1_train: 0.854932

Costo_test: 0.130402
Precision_test: 0.796875
Recall_test: 0.750000
F1_test: 0.772727
 

Arquitectura: _10_55_1_
Semilla: 1788080940
Segundos: 43
NIteraciones: 100000

Costo_train: 0.093323
Precision_train: 0.920705
Recall_train: 0.762774
F1_train: 0.834331

Costo_test: 0.126834
Precision_test: 0.818182
Recall_test: 0.794118
F1_test: 0.805970
 

Arquitectura: _10_55_1_
Semilla: 1788080940
Segundos: 43
NIteraciones: 100000

Costo_train: 0.091484
Precision_train: 0.877395
Recall_train: 0.835766
F1_train: 0.856075

Costo_test: 0.127685
Precision_test: 0.812500
Recall_test: 0.764706
F1_test: 0.787879
 

Arquitectura: _10_55_1_
Semilla: 1788080940
Segundos: 43
NIteraciones: 100000

Costo_train: 0.087216
Precision_train: 0.908730
Recall_train: 0.835766
F1_train: 0.870722

Costo_test: 0.128696
Precision_test: 0.828125
Recall_test: 0.779412
F1_test: 0.803030
 

Arquitectura: _10_55_1_
Semilla: 1788080940
Segundos: 43
NIteraciones: 100000

Costo_train: 0.087445
Precision_train: 0.909091
Recall_train: 0.839416
F1_train: 0.872865

Costo_test: 0.123584
Precision_test: 0.800000
Recall_test: 0.764706
F1_test: 0.781955
 

Arquitectura: _10_55_1_
Semilla: 1788080940
Segundos: 43
NIteraciones: 100000

Costo_train: 0.086337
Precision_train: 0.921488
Recall_train: 0.813869
F1_train: 0.864341

Costo_test: 0.138959
Precision_test: 0.760563
Recall_test: 0.794118
F1_test: 0.776978
 

Arquitectura: _10_55_1_
Semilla: 1788080940
Segundos: 43
NIteraciones: 100000

Costo_train: 0.088236
Precision_train: 0.918033
Recall_train: 0.817518
F1_train: 0.864865

Costo_test: 0.129138
Precision_test: 0.796875
Recall_test: 0.750000
F1_test: 0.772727
 

Arquitectura: _10_55_1_
Semilla: 1788080940
Segundos: 43
NIteraciones: 100000

Costo_train: 0.086345
Precision_train: 0.911647
Recall_train: 0.828467
F1_train: 0.868069

Costo_test: 0.131279
Precision_test: 0.830508
Recall_test: 0.720588
F1_test: 0.771654
 

Arquitectura: _10_55_1_
Semilla: 1788080940
Segundos: 43
NIteraciones: 100000

Costo_train: 0.086042
Precision_train: 0.900794
Recall_train: 0.828467
F1_train: 0.863118

Costo_test: 0.133195
Precision_test: 0.784615
Recall_test: 0.750000
F1_test: 0.766917
 

Arquitectura: _10_55_1_
Semilla: 1788080940
Segundos: 43
NIteraciones: 100000

Costo_train: 0.088794
Precision_train: 0.885932
Recall_train: 0.850365
F1_train: 0.867784

Costo_test: 0.147683
Precision_test: 0.857143
Recall_test: 0.617647
F1_test: 0.717949
 

Arquitectura: _10_55_1_
Semilla: 1788080940
Segundos: 43
NIteraciones: 100000

Costo_train: 0.090528
Precision_train: 0.879845
Recall_train: 0.828467
F1_train: 0.853383

Costo_test: 0.133949
Precision_test: 0.796875
Recall_test: 0.750000
F1_test: 0.772727
 

Arquitectura: _10_55_1_
Semilla: 1788080940
Segundos: 43
NIteraciones: 100000

Costo_train: 0.091458
Precision_train: 0.876923
Recall_train: 0.832117
F1_train: 0.853933

Costo_test: 0.122996
Precision_test: 0.806452
Recall_test: 0.735294
F1_test: 0.769231
 

Arquitectura: _10_55_1_
Semilla: 1788080940
Segundos: 43
NIteraciones: 100000

Costo_train: 0.089095
Precision_train: 0.921811
Recall_train: 0.817518
F1_train: 0.866538

Costo_test: 0.130979
Precision_test: 0.800000
Recall_test: 0.764706
F1_test: 0.781955
 

Arquitectura: _10_55_1_
Semilla: 1788080940
Segundos: 43
NIteraciones: 100000

Costo_train: 0.095983
Precision_train: 0.927602
Recall_train: 0.748175
F1_train: 0.828283

Costo_test: 0.129646
Precision_test: 0.803030
Recall_test: 0.779412
F1_test: 0.791045
 

Arquitectura: _10_55_1_
Semilla: 1788080940
Segundos: 43
NIteraciones: 100000

Costo_train: 0.092371
Precision_train: 0.918803
Recall_train: 0.784672
F1_train: 0.846457

Costo_test: 0.124749
Precision_test: 0.818182
Recall_test: 0.794118
F1_test: 0.805970
 

Arquitectura: _10_55_1_
Semilla: 1788080940
Segundos: 43
NIteraciones: 100000

Costo_train: 0.089387
Precision_train: 0.927039
Recall_train: 0.788321
F1_train: 0.852071

Costo_test: 0.129351
Precision_test: 0.767123
Recall_test: 0.823529
F1_test: 0.794326
 

Arquitectura: _10_55_1_
Semilla: 1788080940
Segundos: 43
NIteraciones: 100000

Costo_train: 0.090319
Precision_train: 0.894531
Recall_train: 0.835766
F1_train: 0.864151

Costo_test: 0.137322
Precision_test: 0.827586
Recall_test: 0.705882
F1_test: 0.761905
 

Arquitectura: _10_55_1_
Semilla: 1788080940
Segundos: 43
NIteraciones: 100000

Costo_train: 0.087589
Precision_train: 0.913223
Recall_train: 0.806569
F1_train: 0.856589

Costo_test: 0.128405
Precision_test: 0.822581
Recall_test: 0.750000
F1_test: 0.784615
 

Arquitectura: _10_55_1_
Semilla: 1788080940
Segundos: 43
NIteraciones: 100000

Costo_train: 0.109237
Precision_train: 0.943299
Recall_train: 0.667883
F1_train: 0.782051

Costo_test: 0.148501
Precision_test: 0.708861
Recall_test: 0.823529
F1_test: 0.761905
 

Arquitectura: _10_55_1_
Semilla: 1788080940
Segundos: 43
NIteraciones: 100000

Costo_train: 0.090154
Precision_train: 0.914286
Recall_train: 0.817518
F1_train: 0.863198

Costo_test: 0.130175
Precision_test: 0.768116
Recall_test: 0.779412
F1_test: 0.773723
 

Arquitectura: _10_55_1_
Semilla: 1788080940
Segundos: 43
NIteraciones: 100000

Costo_train: 0.089732
Precision_train: 0.888462
Recall_train: 0.843066
F1_train: 0.865169

Costo_test: 0.125585
Precision_test: 0.816667
Recall_test: 0.720588
F1_test: 0.765625
 

Arquitectura: _10_55_1_
Semilla: 1788080940
Segundos: 43
NIteraciones: 100000

Costo_train: 0.092057
Precision_train: 0.915612
Recall_train: 0.791971
F1_train: 0.849315

Costo_test: 0.135648
Precision_test: 0.757143
Recall_test: 0.779412
F1_test: 0.768116
 

Arquitectura: _10_55_1_
Semilla: 1788080940
Segundos: 43
NIteraciones: 100000

Costo_train: 0.089628
Precision_train: 0.904382
Recall_train: 0.828467
F1_train: 0.864762

Costo_test: 0.131292
Precision_test: 0.828125
Recall_test: 0.779412
F1_test: 0.803030
 

Arquitectura: _10_55_1_
Semilla: 1788080940
Segundos: 43
NIteraciones: 100000

Costo_train: 0.088891
Precision_train: 0.888889
Recall_train: 0.846715
F1_train: 0.867290

Costo_test: 0.122385
Precision_test: 0.822581
Recall_test: 0.750000
F1_test: 0.784615
 

Arquitectura: _10_55_1_
Semilla: 1788080940
Segundos: 43
NIteraciones: 100000

Costo_train: 0.087084
Precision_train: 0.894942
Recall_train: 0.839416
F1_train: 0.866290

Costo_test: 0.134565
Precision_test: 0.800000
Recall_test: 0.705882
F1_test: 0.750000
 

Arquitectura: _10_55_1_
Semilla: 1788080940
Segundos: 43
NIteraciones: 100000

Costo_train: 0.088981
Precision_train: 0.918033
Recall_train: 0.817518
F1_train: 0.864865

Costo_test: 0.141719
Precision_test: 0.765625
Recall_test: 0.720588
F1_test: 0.742424
 

Arquitectura: _10_55_1_
Semilla: 1788080940
Segundos: 43
NIteraciones: 100000

Costo_train: 0.087170
Precision_train: 0.901961
Recall_train: 0.839416
F1_train: 0.869565

Costo_test: 0.131141
Precision_test: 0.828125
Recall_test: 0.779412
F1_test: 0.803030
 

Arquitectura: _10_55_1_
Semilla: 1788080940
Segundos: 43
NIteraciones: 100000

Costo_train: 0.088572
Precision_train: 0.906883
Recall_train: 0.817518
F1_train: 0.859885

Costo_test: 0.125676
Precision_test: 0.830769
Recall_test: 0.794118
F1_test: 0.812030
 

Arquitectura: _10_55_1_
Semilla: 1788080940
Segundos: 43
NIteraciones: 100000

Costo_train: 0.086840
Precision_train: 0.915254
Recall_train: 0.788321
F1_train: 0.847059

Costo_test: 0.129128
Precision_test: 0.794118
Recall_test: 0.794118
F1_test: 0.794118
 

Arquitectura: _10_55_1_
Semilla: 1788080940
Segundos: 43
NIteraciones: 100000

Costo_train: 0.091259
Precision_train: 0.886640
Recall_train: 0.799270
F1_train: 0.840691

Costo_test: 0.131949
Precision_test: 0.803279
Recall_test: 0.720588
F1_test: 0.759690
 

Arquitectura: _10_55_1_
Semilla: 1788080940
Segundos: 43
NIteraciones: 100000

Costo_train: 0.087645
Precision_train: 0.919492
Recall_train: 0.791971
F1_train: 0.850980

Costo_test: 0.127031
Precision_test: 0.763889
Recall_test: 0.808824
F1_test: 0.785714
 

Arquitectura: _10_55_1_
Semilla: 1788080940
Segundos: 43
NIteraciones: 100000

Costo_train: 0.086263
Precision_train: 0.907631
Recall_train: 0.824818
F1_train: 0.864245

Costo_test: 0.125507
Precision_test: 0.812500
Recall_test: 0.764706
F1_test: 0.787879
 

Arquitectura: _10_55_1_
Semilla: 1788080940
Segundos: 43
NIteraciones: 100000

Costo_train: 0.087332
Precision_train: 0.904382
Recall_train: 0.828467
F1_train: 0.864762

Costo_test: 0.131707
Precision_test: 0.803030
Recall_test: 0.779412
F1_test: 0.791045
 

Arquitectura: _10_55_1_
Semilla: 1788080940
Segundos: 43
NIteraciones: 100000

Costo_train: 0.086607
Precision_train: 0.904382
Recall_train: 0.828467
F1_train: 0.864762

Costo_test: 0.120662
Precision_test: 0.841270
Recall_test: 0.779412
F1_test: 0.809160
 

Arquitectura: _10_55_1_
Semilla: 1788080940
Segundos: 43
NIteraciones: 100000

Costo_train: 0.089276
Precision_train: 0.894942
Recall_train: 0.839416
F1_train: 0.866290

Costo_test: 0.139307
Precision_test: 0.753846
Recall_test: 0.720588
F1_test: 0.736842
 

Arquitectura: _10_55_1_
Semilla: 1788080940
Segundos: 43
NIteraciones: 100000

Costo_train: 0.086760
Precision_train: 0.923729
Recall_train: 0.795620
F1_train: 0.854902

Costo_test: 0.143716
Precision_test: 0.718310
Recall_test: 0.750000
F1_test: 0.733813
 

Arquitectura: _10_55_1_
Semilla: 1788080940
Segundos: 43
NIteraciones: 100000

Costo_train: 0.091341
Precision_train: 0.890244
Recall_train: 0.799270
F1_train: 0.842308

Costo_test: 0.132539
Precision_test: 0.800000
Recall_test: 0.764706
F1_test: 0.781955
 

Arquitectura: _10_55_1_
Semilla: 1788080940
Segundos: 43
NIteraciones: 100000

Costo_train: 0.086890
Precision_train: 0.913580
Recall_train: 0.810219
F1_train: 0.858801

Costo_test: 0.142658
Precision_test: 0.757576
Recall_test: 0.735294
F1_test: 0.746269
 

Arquitectura: _10_55_1_
Semilla: 1788080940
Segundos: 43
NIteraciones: 100000

Costo_train: 0.086456
Precision_train: 0.889313
Recall_train: 0.850365
F1_train: 0.869403

Costo_test: 0.130799
Precision_test: 0.815385
Recall_test: 0.779412
F1_test: 0.796992
 

Arquitectura: _10_55_1_
Semilla: 1788080940
Segundos: 43
NIteraciones: 100000

Costo_train: 0.099523
Precision_train: 0.827465
Recall_train: 0.857664
F1_train: 0.842294

Costo_test: 0.131626
Precision_test: 0.821429
Recall_test: 0.676471
F1_test: 0.741935
 

Arquitectura: _10_55_1_
Semilla: 1788080940
Segundos: 43
NIteraciones: 100000

Costo_train: 0.092272
Precision_train: 0.886640
Recall_train: 0.799270
F1_train: 0.840691

Costo_test: 0.137009
Precision_test: 0.770492
Recall_test: 0.691176
F1_test: 0.728682
 

Arquitectura: _10_55_1_
Semilla: 1788080940
Segundos: 43
NIteraciones: 100000

Costo_train: 0.087586
Precision_train: 0.932203
Recall_train: 0.802920
F1_train: 0.862745

Costo_test: 0.139228
Precision_test: 0.726027
Recall_test: 0.779412
F1_test: 0.751773
 

Arquitectura: _10_55_1_
Semilla: 1788080940
Segundos: 43
NIteraciones: 100000

Costo_train: 0.086880
Precision_train: 0.908730
Recall_train: 0.835766
F1_train: 0.870722

Costo_test: 0.134953
Precision_test: 0.796610
Recall_test: 0.691176
F1_test: 0.740157
 

Arquitectura: _10_55_1_
Semilla: 1788080940
Segundos: 43
NIteraciones: 100000

Costo_train: 0.084635
Precision_train: 0.918033
Recall_train: 0.817518
F1_train: 0.864865

Costo_test: 0.126557
Precision_test: 0.819672
Recall_test: 0.735294
F1_test: 0.775194
 

Arquitectura: _10_55_1_
Semilla: 1788080940
Segundos: 43
NIteraciones: 100000

Costo_train: 0.090104
Precision_train: 0.905738
Recall_train: 0.806569
F1_train: 0.853282

Costo_test: 0.126034
Precision_test: 0.800000
Recall_test: 0.764706
F1_test: 0.781955
 

Arquitectura: _10_55_1_
Semilla: 1788080940
Segundos: 43
NIteraciones: 100000

Costo_train: 0.092337
Precision_train: 0.916300
Recall_train: 0.759124
F1_train: 0.830339

Costo_test: 0.134391
Precision_test: 0.772727
Recall_test: 0.750000
F1_test: 0.761194
 

Arquitectura: _10_55_1_
Semilla: 1788080940
Segundos: 43
NIteraciones: 100000

Costo_train: 0.091082
Precision_train: 0.885375
Recall_train: 0.817518
F1_train: 0.850095

Costo_test: 0.125758
Precision_test: 0.809524
Recall_test: 0.750000
F1_test: 0.778626
 

Arquitectura: _10_55_1_
Semilla: 1788080940
Segundos: 43
NIteraciones: 100000

Costo_train: 0.090404
Precision_train: 0.883459
Recall_train: 0.857664
F1_train: 0.870370

Costo_test: 0.134100
Precision_test: 0.819672
Recall_test: 0.735294
F1_test: 0.775194
 

Arquitectura: _10_55_1_
Semilla: 1788080940
Segundos: 43
NIteraciones: 100000

Costo_train: 0.091188
Precision_train: 0.884170
Recall_train: 0.835766
F1_train: 0.859287

Costo_test: 0.127529
Precision_test: 0.841270
Recall_test: 0.779412
F1_test: 0.809160
 

Arquitectura: _10_55_1_
Semilla: 1788080940
Segundos: 43
NIteraciones: 100000

Costo_train: 0.084870
Precision_train: 0.912000
Recall_train: 0.832117
F1_train: 0.870229

Costo_test: 0.134729
Precision_test: 0.772727
Recall_test: 0.750000
F1_test: 0.761194
 

Arquitectura: _10_55_1_
Semilla: 1788080940
Segundos: 43
NIteraciones: 100000

Costo_train: 0.090226
Precision_train: 0.893701
Recall_train: 0.828467
F1_train: 0.859848

Costo_test: 0.128488
Precision_test: 0.806452
Recall_test: 0.735294
F1_test: 0.769231
 

Arquitectura: _10_55_1_
Semilla: 1788080940
Segundos: 43
NIteraciones: 100000

Costo_train: 0.087985
Precision_train: 0.901186
Recall_train: 0.832117
F1_train: 0.865275

Costo_test: 0.122533
Precision_test: 0.803030
Recall_test: 0.779412
F1_test: 0.791045
 

Arquitectura: _10_55_1_
Semilla: 1788080940
Segundos: 43
NIteraciones: 100000

Costo_train: 0.085435
Precision_train: 0.920502
Recall_train: 0.802920
F1_train: 0.857700

Costo_test: 0.135447
Precision_test: 0.782609
Recall_test: 0.794118
F1_test: 0.788321
 

Arquitectura: _10_55_1_
Semilla: 1788080940
Segundos: 43
NIteraciones: 100000

Costo_train: 0.085061
Precision_train: 0.912000
Recall_train: 0.832117
F1_train: 0.870229

Costo_test: 0.134722
Precision_test: 0.793651
Recall_test: 0.735294
F1_test: 0.763359
 

Arquitectura: _10_55_1_
Semilla: 1788080940
Segundos: 43
NIteraciones: 100000

Costo_train: 0.087207
Precision_train: 0.906883
Recall_train: 0.817518
F1_train: 0.859885

Costo_test: 0.125919
Precision_test: 0.830769
Recall_test: 0.794118
F1_test: 0.812030
 

Arquitectura: _10_55_1_
Semilla: 1788080940
Segundos: 43
NIteraciones: 100000

Costo_train: 0.083351
Precision_train: 0.922449
Recall_train: 0.824818
F1_train: 0.870906

Costo_test: 0.136839
Precision_test: 0.790323
Recall_test: 0.720588
F1_test: 0.753846
 

Arquitectura: _10_55_1_
Semilla: 1788080940
Segundos: 43
NIteraciones: 100000

Costo_train: 0.085713
Precision_train: 0.913934
Recall_train: 0.813869
F1_train: 0.861004

Costo_test: 0.125594
Precision_test: 0.797101
Recall_test: 0.808824
F1_test: 0.802920
 

Arquitectura: _10_55_1_
Semilla: 1788080940
Segundos: 43
NIteraciones: 100000

Costo_train: 0.089938
Precision_train: 0.896414
Recall_train: 0.821168
F1_train: 0.857143

Costo_test: 0.135163
Precision_test: 0.772727
Recall_test: 0.750000
F1_test: 0.761194
 

Arquitectura: _10_55_1_
Semilla: 1788080940
Segundos: 43
NIteraciones: 100000

Costo_train: 0.089924
Precision_train: 0.902041
Recall_train: 0.806569
F1_train: 0.851638

Costo_test: 0.125409
Precision_test: 0.825397
Recall_test: 0.764706
F1_test: 0.793893
 

Arquitectura: _10_55_1_
Semilla: 1788080940
Segundos: 43
NIteraciones: 100000

Costo_train: 0.084136
Precision_train: 0.935897
Recall_train: 0.799270
F1_train: 0.862205

Costo_test: 0.142653
Precision_test: 0.750000
Recall_test: 0.750000
F1_test: 0.750000
 

Arquitectura: _10_55_1_
Semilla: 1788080940
Segundos: 43
NIteraciones: 100000

Costo_train: 0.090015
Precision_train: 0.896825
Recall_train: 0.824818
F1_train: 0.859316

Costo_test: 0.132029
Precision_test: 0.772727
Recall_test: 0.750000
F1_test: 0.761194
 

Arquitectura: _10_55_1_
Semilla: 1788080940
Segundos: 43
NIteraciones: 100000

Costo_train: 0.088606
Precision_train: 0.899598
Recall_train: 0.817518
F1_train: 0.856597

Costo_test: 0.134302
Precision_test: 0.793651
Recall_test: 0.735294
F1_test: 0.763359
 

Arquitectura: _10_55_1_
Semilla: 1788080940
Segundos: 43
NIteraciones: 100000

Costo_train: 0.083257
Precision_train: 0.924686
Recall_train: 0.806569
F1_train: 0.861598

Costo_test: 0.148133
Precision_test: 0.774194
Recall_test: 0.705882
F1_test: 0.738462
 

Arquitectura: _10_55_1_
Semilla: 1788080940
Segundos: 43
NIteraciones: 100000

Costo_train: 0.090430
Precision_train: 0.914530
Recall_train: 0.781022
F1_train: 0.842520

Costo_test: 0.125637
Precision_test: 0.782609
Recall_test: 0.794118
F1_test: 0.788321
 

Arquitectura: _10_55_1_
Semilla: 1788080940
Segundos: 43
NIteraciones: 100000

Costo_train: 0.086250
Precision_train: 0.901961
Recall_train: 0.839416
F1_train: 0.869565

Costo_test: 0.134927
Precision_test: 0.784615
Recall_test: 0.750000
F1_test: 0.766917
 

Arquitectura: _10_55_1_
Semilla: 1788080940
Segundos: 43
NIteraciones: 100000

Costo_train: 0.097312
Precision_train: 0.833922
Recall_train: 0.861314
F1_train: 0.847397

Costo_test: 0.126588
Precision_test: 0.844828
Recall_test: 0.720588
F1_test: 0.777778
 

Arquitectura: _10_55_1_
Semilla: 1788080940
Segundos: 43
NIteraciones: 100000

Costo_train: 0.100573
Precision_train: 0.821678
Recall_train: 0.857664
F1_train: 0.839286

Costo_test: 0.150570
Precision_test: 0.836735
Recall_test: 0.602941
F1_test: 0.700855
 

Arquitectura: _10_55_1_
Semilla: 1788080940
Segundos: 43
NIteraciones: 100000

Costo_train: 0.083172
Precision_train: 0.918699
Recall_train: 0.824818
F1_train: 0.869231

Costo_test: 0.137344
Precision_test: 0.809524
Recall_test: 0.750000
F1_test: 0.778626
 

Arquitectura: _10_55_1_
Semilla: 1788080940
Segundos: 43
NIteraciones: 100000

Costo_train: 0.084494
Precision_train: 0.888462
Recall_train: 0.843066
F1_train: 0.865169

Costo_test: 0.140131
Precision_test: 0.753623
Recall_test: 0.764706
F1_test: 0.759124
 

Arquitectura: _10_55_1_
Semilla: 1788080940
Segundos: 43
NIteraciones: 100000

Costo_train: 0.087252
Precision_train: 0.910569
Recall_train: 0.817518
F1_train: 0.861538

Costo_test: 0.128961
Precision_test: 0.803030
Recall_test: 0.779412
F1_test: 0.791045
 

Arquitectura: _10_55_1_
Semilla: 1788080940
Segundos: 43
NIteraciones: 100000

Costo_train: 0.089016
Precision_train: 0.910931
Recall_train: 0.821168
F1_train: 0.863724

Costo_test: 0.122353
Precision_test: 0.818182
Recall_test: 0.794118
F1_test: 0.805970
 

Arquitectura: _10_55_1_
Semilla: 1788080940
Segundos: 43
NIteraciones: 100000

Costo_train: 0.088089
Precision_train: 0.921162
Recall_train: 0.810219
F1_train: 0.862136

Costo_test: 0.133057
Precision_test: 0.765625
Recall_test: 0.720588
F1_test: 0.742424
 

Arquitectura: _10_55_1_
Semilla: 1788080940
Segundos: 43
NIteraciones: 100000

Costo_train: 0.089416
Precision_train: 0.922747
Recall_train: 0.784672
F1_train: 0.848126

Costo_test: 0.123427
Precision_test: 0.815385
Recall_test: 0.779412
F1_test: 0.796992
 

Arquitectura: _10_55_1_
Semilla: 1788080940
Segundos: 43
NIteraciones: 100000

Costo_train: 0.087671
Precision_train: 0.923077
Recall_train: 0.788321
F1_train: 0.850394

Costo_test: 0.123005
Precision_test: 0.828125
Recall_test: 0.779412
F1_test: 0.803030
 

Arquitectura: _10_55_1_
Semilla: 1788080940
Segundos: 43
NIteraciones: 100000

Costo_train: 0.089229
Precision_train: 0.898438
Recall_train: 0.839416
F1_train: 0.867925

Costo_test: 0.122052
Precision_test: 0.841270
Recall_test: 0.779412
F1_test: 0.809160
 

Arquitectura: _10_55_1_
Semilla: 1788080940
Segundos: 43
NIteraciones: 100000

Costo_train: 0.083801
Precision_train: 0.915663
Recall_train: 0.832117
F1_train: 0.871893

Costo_test: 0.144869
Precision_test: 0.750000
Recall_test: 0.750000
F1_test: 0.750000
 

Arquitectura: _10_55_1_
Semilla: 1788080940
Segundos: 43
NIteraciones: 100000

Costo_train: 0.087847
Precision_train: 0.901639
Recall_train: 0.802920
F1_train: 0.849421

Costo_test: 0.137572
Precision_test: 0.763889
Recall_test: 0.808824
F1_test: 0.785714
 

Arquitectura: _10_55_1_
Semilla: 1788080940
Segundos: 43
NIteraciones: 100000

Costo_train: 0.087181
Precision_train: 0.901575
Recall_train: 0.835766
F1_train: 0.867424

Costo_test: 0.126830
Precision_test: 0.815385
Recall_test: 0.779412
F1_test: 0.796992
 

Arquitectura: _10_55_1_
Semilla: 1788080940
Segundos: 43
NIteraciones: 100000

Costo_train: 0.084522
Precision_train: 0.925311
Recall_train: 0.813869
F1_train: 0.866019

Costo_test: 0.131418
Precision_test: 0.787879
Recall_test: 0.764706
F1_test: 0.776119
 

Arquitectura: _10_55_1_
Semilla: 1788080940
Segundos: 43
NIteraciones: 100000

Costo_train: 0.087273
Precision_train: 0.914634
Recall_train: 0.821168
F1_train: 0.865385

Costo_test: 0.129611
Precision_test: 0.805970
Recall_test: 0.794118
F1_test: 0.800000
 

Arquitectura: _10_55_1_
Semilla: 1788080940
Segundos: 43
NIteraciones: 100000

Costo_train: 0.087721
Precision_train: 0.881679
Recall_train: 0.843066
F1_train: 0.861940

Costo_test: 0.123398
Precision_test: 0.854839
Recall_test: 0.779412
F1_test: 0.815385
 

Arquitectura: _10_55_1_
Semilla: 1788080940
Segundos: 43
NIteraciones: 100000

Costo_train: 0.101090
Precision_train: 0.941748
Recall_train: 0.708029
F1_train: 0.808333

Costo_test: 0.135837
Precision_test: 0.746479
Recall_test: 0.779412
F1_test: 0.762590
 

Arquitectura: _10_55_1_
Semilla: 1788080940
Segundos: 43
NIteraciones: 100000

Costo_train: 0.089536
Precision_train: 0.905738
Recall_train: 0.806569
F1_train: 0.853282

Costo_test: 0.129223
Precision_test: 0.796875
Recall_test: 0.750000
F1_test: 0.772727
 

Arquitectura: _10_55_1_
Semilla: 1788080940
Segundos: 43
NIteraciones: 100000

Costo_train: 0.090703
Precision_train: 0.921739
Recall_train: 0.773723
F1_train: 0.841270

Costo_test: 0.135648
Precision_test: 0.746479
Recall_test: 0.779412
F1_test: 0.762590
 

Arquitectura: _10_55_1_
Semilla: 1788080940
Segundos: 43
NIteraciones: 100000

Costo_train: 0.089424
Precision_train: 0.902041
Recall_train: 0.806569
F1_train: 0.851638

Costo_test: 0.135216
Precision_test: 0.777778
Recall_test: 0.823529
F1_test: 0.800000
 

Arquitectura: _10_55_1_
Semilla: 1788080940
Segundos: 43
NIteraciones: 100000

Costo_train: 0.107642
Precision_train: 0.776699
Recall_train: 0.875912
F1_train: 0.823328

Costo_test: 0.144533
Precision_test: 0.830189
Recall_test: 0.647059
F1_test: 0.727273
 

Arquitectura: _10_55_1_
Semilla: 1788080940
Segundos: 43
NIteraciones: 100000

Costo_train: 0.090553
Precision_train: 0.926724
Recall_train: 0.784672
F1_train: 0.849802

Costo_test: 0.128531
Precision_test: 0.768116
Recall_test: 0.779412
F1_test: 0.773723
 

Arquitectura: _10_55_1_
Semilla: 1788080940
Segundos: 43
NIteraciones: 100000

Costo_train: 0.093267
Precision_train: 0.866667
Recall_train: 0.854015
F1_train: 0.860294

Costo_test: 0.140494
Precision_test: 0.796610
Recall_test: 0.691176
F1_test: 0.740157
 

Arquitectura: _10_55_1_
Semilla: 1788080940
Segundos: 43
NIteraciones: 100000

Costo_train: 0.091082
Precision_train: 0.888031
Recall_train: 0.839416
F1_train: 0.863039

Costo_test: 0.125304
Precision_test: 0.819672
Recall_test: 0.735294
F1_test: 0.775194
 

Arquitectura: _10_55_1_
Semilla: 1788080940
Segundos: 43
NIteraciones: 100000

Costo_train: 0.095036
Precision_train: 0.897959
Recall_train: 0.802920
F1_train: 0.847784

Costo_test: 0.140600
Precision_test: 0.810345
Recall_test: 0.691176
F1_test: 0.746032
 

Arquitectura: _10_55_1_
Semilla: 1788080940
Segundos: 43
NIteraciones: 100000

Costo_train: 0.090049
Precision_train: 0.903614
Recall_train: 0.821168
F1_train: 0.860421

Costo_test: 0.131810
Precision_test: 0.819672
Recall_test: 0.735294
F1_test: 0.775194
 

Arquitectura: _10_55_1_
Semilla: 1788080940
Segundos: 43
NIteraciones: 100000

Costo_train: 0.091020
Precision_train: 0.894118
Recall_train: 0.832117
F1_train: 0.862004

Costo_test: 0.132990
Precision_test: 0.803279
Recall_test: 0.720588
F1_test: 0.759690
 

Arquitectura: _10_55_1_
Semilla: 1788080940
Segundos: 43
NIteraciones: 100000

Costo_train: 0.086222
Precision_train: 0.918367
Recall_train: 0.821168
F1_train: 0.867052

Costo_test: 0.139275
Precision_test: 0.790323
Recall_test: 0.720588
F1_test: 0.753846
 

Arquitectura: _10_55_1_
Semilla: 1788080940
Segundos: 43
NIteraciones: 100000

Costo_train: 0.108763
Precision_train: 0.940860
Recall_train: 0.638686
F1_train: 0.760870

Costo_test: 0.157873
Precision_test: 0.708861
Recall_test: 0.823529
F1_test: 0.761905
 

Arquitectura: _10_55_1_
Semilla: 1788080940
Segundos: 43
NIteraciones: 100000

Costo_train: 0.088024
Precision_train: 0.917012
Recall_train: 0.806569
F1_train: 0.858252

Costo_test: 0.129836
Precision_test: 0.787879
Recall_test: 0.764706
F1_test: 0.776119
 

Arquitectura: _10_55_1_
Semilla: 1788080940
Segundos: 43
NIteraciones: 100000

Costo_train: 0.087591
Precision_train: 0.902344
Recall_train: 0.843066
F1_train: 0.871698

Costo_test: 0.129910
Precision_test: 0.816667
Recall_test: 0.720588
F1_test: 0.765625
 

Arquitectura: _10_55_1_
Semilla: 1788080940
Segundos: 43
NIteraciones: 100000

Costo_train: 0.088360
Precision_train: 0.901961
Recall_train: 0.839416
F1_train: 0.869565

Costo_test: 0.121961
Precision_test: 0.819672
Recall_test: 0.735294
F1_test: 0.775194
 

Arquitectura: _10_55_1_
Semilla: 1788080940
Segundos: 43
NIteraciones: 100000

Costo_train: 0.095105
Precision_train: 0.917031
Recall_train: 0.766423
F1_train: 0.834990

Costo_test: 0.134632
Precision_test: 0.753623
Recall_test: 0.764706
F1_test: 0.759124
 

Arquitectura: _10_55_1_
Semilla: 1788080940
Segundos: 43
NIteraciones: 100000

Costo_train: 0.090687
Precision_train: 0.884170
Recall_train: 0.835766
F1_train: 0.859287

Costo_test: 0.127783
Precision_test: 0.838710
Recall_test: 0.764706
F1_test: 0.800000
 

Arquitectura: _10_55_1_
Semilla: 1788080940
Segundos: 43
NIteraciones: 100000

Costo_train: 0.087870
Precision_train: 0.914286
Recall_train: 0.817518
F1_train: 0.863198

Costo_test: 0.127515
Precision_test: 0.782609
Recall_test: 0.794118
F1_test: 0.788321
 


--- Test Profunda 5.0 ---
Iteración 10000
Costo: 0.236656
Iteración 20000
Costo: 0.236575
Iteración 30000
Costo: 0.236458
Iteración 40000
Costo: 0.236251
Iteración 50000
Costo: 0.235833
Iteración 60000
Costo: 0.234679
Iteración 70000
Costo: 0.229326
Iteración 80000
Costo: 0.207453
Iteración 90000
Costo: 0.143165

Arquitectura: _10_11_11_11_11_11_1_
Semilla: 1788080983
Segundos: 125
NIteraciones: 100000

Costo_train: 0.137994
Precision_train: 0.766537
Recall_train: 0.718978
F1_train: 0.741996

Costo_test: 0.148189
Precision_test: 0.847826
Recall_test: 0.573529
F1_test: 0.684211
 

Arquitectura: _10_11_11_11_11_11_1_
Semilla: 1788080983
Segundos: 125
NIteraciones: 100000

Costo_train: 0.122710
Precision_train: 0.848214
Recall_train: 0.693431
F1_train: 0.763052

Costo_test: 0.133500
Precision_test: 0.757576
Recall_test: 0.735294
F1_test: 0.746269
 

Arquitectura: _10_11_11_11_11_11_1_
Semilla: 1788080983
Segundos: 125
NIteraciones: 100000

Costo_train: 0.138729
Precision_train: 0.806306
Recall_train: 0.653285
F1_train: 0.721774

Costo_test: 0.163709
Precision_test: 0.653333
Recall_test: 0.720588
F1_test: 0.685315
 

Arquitectura: _10_11_11_11_11_11_1_
Semilla: 1788080983
Segundos: 125
NIteraciones: 100000

Costo_train: 0.145474
Precision_train: 0.832461
Recall_train: 0.580292
F1_train: 0.683871

Costo_test: 0.165417
Precision_test: 0.657895
Recall_test: 0.735294
F1_test: 0.694444
 

Arquitectura: _10_11_11_11_11_11_1_
Semilla: 1788080983
Segundos: 125
NIteraciones: 100000

Costo_train: 0.234965
Precision_train: -nan(ind)
Recall_train: 0.000000
F1_train: -nan(ind)

Costo_test: 0.233573
Precision_test: -nan(ind)
Recall_test: 0.000000
F1_test: -nan(ind)
 

Arquitectura: _10_11_11_11_11_11_1_
Semilla: 1788080983
Segundos: 125
NIteraciones: 100000

Costo_train: 0.133735
Precision_train: 0.748252
Recall_train: 0.781022
F1_train: 0.764286

Costo_test: 0.143923
Precision_test: 0.888889
Recall_test: 0.588235
F1_test: 0.707965
 

Arquitectura: _10_11_11_11_11_11_1_
Semilla: 1788080983
Segundos: 125
NIteraciones: 100000

Costo_train: 0.141037
Precision_train: 0.850515
Recall_train: 0.602190
F1_train: 0.705128

Costo_test: 0.157781
Precision_test: 0.671233
Recall_test: 0.720588
F1_test: 0.695035
 

Arquitectura: _10_11_11_11_11_11_1_
Semilla: 1788080983
Segundos: 125
NIteraciones: 100000

Costo_train: 0.236100
Precision_train: -nan(ind)
Recall_train: 0.000000
F1_train: -nan(ind)

Costo_test: 0.234904
Precision_test: -nan(ind)
Recall_test: 0.000000
F1_test: -nan(ind)
 

Arquitectura: _10_11_11_11_11_11_1_
Semilla: 1788080983
Segundos: 125
NIteraciones: 100000

Costo_train: 0.229633
Precision_train: -nan(ind)
Recall_train: 0.000000
F1_train: -nan(ind)

Costo_test: 0.227873
Precision_test: -nan(ind)
Recall_test: 0.000000
F1_test: -nan(ind)
 

Arquitectura: _10_11_11_11_11_11_1_
Semilla: 1788080983
Segundos: 125
NIteraciones: 100000

Costo_train: 0.152826
Precision_train: 0.752033
Recall_train: 0.675182
F1_train: 0.711538

Costo_test: 0.159406
Precision_test: 0.692308
Recall_test: 0.661765
F1_test: 0.676692
 

Arquitectura: _10_11_11_11_11_11_1_
Semilla: 1788080983
Segundos: 125
NIteraciones: 100000

Costo_train: 0.210153
Precision_train: 0.627907
Recall_train: 0.492701
F1_train: 0.552147

Costo_test: 0.204793
Precision_test: 0.610169
Recall_test: 0.529412
F1_test: 0.566929
 

Arquitectura: _10_11_11_11_11_11_1_
Semilla: 1788080983
Segundos: 125
NIteraciones: 100000

Costo_train: 0.138819
Precision_train: 0.834171
Recall_train: 0.605839
F1_train: 0.701903

Costo_test: 0.154078
Precision_test: 0.671233
Recall_test: 0.720588
F1_test: 0.695035
 

Arquitectura: _10_11_11_11_11_11_1_
Semilla: 1788080983
Segundos: 125
NIteraciones: 100000

Costo_train: 0.130601
Precision_train: 0.864734
Recall_train: 0.653285
F1_train: 0.744283

Costo_test: 0.150644
Precision_test: 0.681159
Recall_test: 0.691176
F1_test: 0.686131
 

Arquitectura: _10_11_11_11_11_11_1_
Semilla: 1788080983
Segundos: 125
NIteraciones: 100000

Costo_train: 0.143012
Precision_train: 0.752688
Recall_train: 0.766423
F1_train: 0.759494

Costo_test: 0.145575
Precision_test: 0.788462
Recall_test: 0.602941
F1_test: 0.683333
 

Arquitectura: _10_11_11_11_11_11_1_
Semilla: 1788080983
Segundos: 125
NIteraciones: 100000

Costo_train: 0.132340
Precision_train: 0.891753
Recall_train: 0.631387
F1_train: 0.739316

Costo_test: 0.147700
Precision_test: 0.716418
Recall_test: 0.705882
F1_test: 0.711111
 

Arquitectura: _10_11_11_11_11_11_1_
Semilla: 1788080983
Segundos: 125
NIteraciones: 100000

Costo_train: 0.138244
Precision_train: 0.722973
Recall_train: 0.781022
F1_train: 0.750877

Costo_test: 0.143777
Precision_test: 0.812500
Recall_test: 0.573529
F1_test: 0.672414
 

Arquitectura: _10_11_11_11_11_11_1_
Semilla: 1788080983
Segundos: 125
NIteraciones: 100000

Costo_train: 0.137714
Precision_train: 0.814480
Recall_train: 0.656934
F1_train: 0.727273

Costo_test: 0.155671
Precision_test: 0.666667
Recall_test: 0.705882
F1_test: 0.685714
 

Arquitectura: _10_11_11_11_11_11_1_
Semilla: 1788080983
Segundos: 125
NIteraciones: 100000

Costo_train: 0.236020
Precision_train: -nan(ind)
Recall_train: 0.000000
F1_train: -nan(ind)

Costo_test: 0.234791
Precision_test: -nan(ind)
Recall_test: 0.000000
F1_test: -nan(ind)
 

Arquitectura: _10_11_11_11_11_11_1_
Semilla: 1788080983
Segundos: 125
NIteraciones: 100000

Costo_train: 0.234741
Precision_train: -nan(ind)
Recall_train: 0.000000
F1_train: -nan(ind)

Costo_test: 0.233445
Precision_test: -nan(ind)
Recall_test: 0.000000
F1_test: -nan(ind)
 

Arquitectura: _10_11_11_11_11_11_1_
Semilla: 1788080983
Segundos: 125
NIteraciones: 100000

Costo_train: 0.139382
Precision_train: 0.732203
Recall_train: 0.788321
F1_train: 0.759227

Costo_test: 0.137413
Precision_test: 0.866667
Recall_test: 0.573529
F1_test: 0.690266
 

Arquitectura: _10_11_11_11_11_11_1_
Semilla: 1788080983
Segundos: 125
NIteraciones: 100000

Costo_train: 0.134365
Precision_train: 0.776062
Recall_train: 0.733577
F1_train: 0.754221

Costo_test: 0.145594
Precision_test: 0.807692
Recall_test: 0.617647
F1_test: 0.700000
 

Arquitectura: _10_11_11_11_11_11_1_
Semilla: 1788080983
Segundos: 125
NIteraciones: 100000

Costo_train: 0.205864
Precision_train: 0.622642
Recall_train: 0.481752
F1_train: 0.543210

Costo_test: 0.200733
Precision_test: 0.600000
Recall_test: 0.529412
F1_test: 0.562500
 

Arquitectura: _10_11_11_11_11_11_1_
Semilla: 1788080983
Segundos: 125
NIteraciones: 100000

Costo_train: 0.121507
Precision_train: 0.908163
Recall_train: 0.649635
F1_train: 0.757447

Costo_test: 0.133883
Precision_test: 0.776119
Recall_test: 0.764706
F1_test: 0.770370
 

Arquitectura: _10_11_11_11_11_11_1_
Semilla: 1788080983
Segundos: 125
NIteraciones: 100000

Costo_train: 0.126624
Precision_train: 0.845455
Recall_train: 0.678832
F1_train: 0.753036

Costo_test: 0.136594
Precision_test: 0.765625
Recall_test: 0.720588
F1_test: 0.742424
 

Arquitectura: _10_11_11_11_11_11_1_
Semilla: 1788080983
Segundos: 125
NIteraciones: 100000

Costo_train: 0.144264
Precision_train: 0.834254
Recall_train: 0.551095
F1_train: 0.663736

Costo_test: 0.167343
Precision_test: 0.671053
Recall_test: 0.750000
F1_test: 0.708333
 

Arquitectura: _10_11_11_11_11_11_1_
Semilla: 1788080983
Segundos: 125
NIteraciones: 100000

Costo_train: 0.234381
Precision_train: -nan(ind)
Recall_train: 0.000000
F1_train: -nan(ind)

Costo_test: 0.232991
Precision_test: -nan(ind)
Recall_test: 0.000000
F1_test: -nan(ind)
 

Arquitectura: _10_11_11_11_11_11_1_
Semilla: 1788080983
Segundos: 125
NIteraciones: 100000

Costo_train: 0.174101
Precision_train: 0.704225
Recall_train: 0.547445
F1_train: 0.616016

Costo_test: 0.174062
Precision_test: 0.694915
Recall_test: 0.602941
F1_test: 0.645669
 

Arquitectura: _10_11_11_11_11_11_1_
Semilla: 1788080983
Segundos: 125
NIteraciones: 100000

Costo_train: 0.128342
Precision_train: 0.874396
Recall_train: 0.660584
F1_train: 0.752599

Costo_test: 0.139749
Precision_test: 0.750000
Recall_test: 0.705882
F1_test: 0.727273
 

Arquitectura: _10_11_11_11_11_11_1_
Semilla: 1788080983
Segundos: 125
NIteraciones: 100000

Costo_train: 0.148485
Precision_train: 0.787736
Recall_train: 0.609489
F1_train: 0.687243

Costo_test: 0.158540
Precision_test: 0.698630
Recall_test: 0.750000
F1_test: 0.723404
 

Arquitectura: _10_11_11_11_11_11_1_
Semilla: 1788080983
Segundos: 125
NIteraciones: 100000

Costo_train: 0.121993
Precision_train: 0.880952
Recall_train: 0.675182
F1_train: 0.764463

Costo_test: 0.125934
Precision_test: 0.809524
Recall_test: 0.750000
F1_test: 0.778626
 

Arquitectura: _10_11_11_11_11_11_1_
Semilla: 1788080983
Segundos: 125
NIteraciones: 100000

Costo_train: 0.174098
Precision_train: 0.689655
Recall_train: 0.583942
F1_train: 0.632411

Costo_test: 0.171844
Precision_test: 0.646154
Recall_test: 0.617647
F1_test: 0.631579
 

Arquitectura: _10_11_11_11_11_11_1_
Semilla: 1788080983
Segundos: 125
NIteraciones: 100000

Costo_train: 0.132423
Precision_train: 0.766917
Recall_train: 0.744526
F1_train: 0.755556

Costo_test: 0.146188
Precision_test: 0.823529
Recall_test: 0.617647
F1_test: 0.705882
 

Arquitectura: _10_11_11_11_11_11_1_
Semilla: 1788080983
Segundos: 125
NIteraciones: 100000

Costo_train: 0.143885
Precision_train: 0.731293
Recall_train: 0.784672
F1_train: 0.757042

Costo_test: 0.137993
Precision_test: 0.866667
Recall_test: 0.573529
F1_test: 0.690266
 

Arquitectura: _10_11_11_11_11_11_1_
Semilla: 1788080983
Segundos: 125
NIteraciones: 100000

Costo_train: 0.139639
Precision_train: 0.875000
Recall_train: 0.587591
F1_train: 0.703057

Costo_test: 0.160076
Precision_test: 0.671233
Recall_test: 0.720588
F1_test: 0.695035
 

Arquitectura: _10_11_11_11_11_11_1_
Semilla: 1788080983
Segundos: 125
NIteraciones: 100000

Costo_train: 0.190664
Precision_train: 0.639423
Recall_train: 0.485401
F1_train: 0.551867

Costo_test: 0.184411
Precision_test: 0.633333
Recall_test: 0.558824
F1_test: 0.593750
 

Arquitectura: _10_11_11_11_11_11_1_
Semilla: 1788080983
Segundos: 125
NIteraciones: 100000

Costo_train: 0.135761
Precision_train: 0.853403
Recall_train: 0.594891
F1_train: 0.701075

Costo_test: 0.146314
Precision_test: 0.676056
Recall_test: 0.705882
F1_test: 0.690647
 

Arquitectura: _10_11_11_11_11_11_1_
Semilla: 1788080983
Segundos: 125
NIteraciones: 100000

Costo_train: 0.145879
Precision_train: 0.723776
Recall_train: 0.755474
F1_train: 0.739286

Costo_test: 0.156742
Precision_test: 0.725806
Recall_test: 0.661765
F1_test: 0.692308
 

Arquitectura: _10_11_11_11_11_11_1_
Semilla: 1788080983
Segundos: 125
NIteraciones: 100000

Costo_train: 0.203136
Precision_train: 0.623256
Recall_train: 0.489051
F1_train: 0.548057

Costo_test: 0.196990
Precision_test: 0.600000
Recall_test: 0.529412
F1_test: 0.562500
 

Arquitectura: _10_11_11_11_11_11_1_
Semilla: 1788080983
Segundos: 125
NIteraciones: 100000

Costo_train: 0.148140
Precision_train: 0.781250
Recall_train: 0.638686
F1_train: 0.702811

Costo_test: 0.158113
Precision_test: 0.684932
Recall_test: 0.735294
F1_test: 0.709220
 

Arquitectura: _10_11_11_11_11_11_1_
Semilla: 1788080983
Segundos: 125
NIteraciones: 100000

Costo_train: 0.134181
Precision_train: 0.860696
Recall_train: 0.631387
F1_train: 0.728421

Costo_test: 0.157028
Precision_test: 0.684932
Recall_test: 0.735294
F1_test: 0.709220
 

Arquitectura: _10_11_11_11_11_11_1_
Semilla: 1788080983
Segundos: 125
NIteraciones: 100000

Costo_train: 0.205793
Precision_train: 0.621495
Recall_train: 0.485401
F1_train: 0.545082

Costo_test: 0.199846
Precision_test: 0.610169
Recall_test: 0.529412
F1_test: 0.566929
 

Arquitectura: _10_11_11_11_11_11_1_
Semilla: 1788080983
Segundos: 125
NIteraciones: 100000

Costo_train: 0.149692
Precision_train: 0.673716
Recall_train: 0.813869
F1_train: 0.737190

Costo_test: 0.145238
Precision_test: 0.833333
Recall_test: 0.588235
F1_test: 0.689655
 

Arquitectura: _10_11_11_11_11_11_1_
Semilla: 1788080983
Segundos: 125
NIteraciones: 100000

Costo_train: 0.207067
Precision_train: 0.625592
Recall_train: 0.481752
F1_train: 0.544330

Costo_test: 0.203224
Precision_test: 0.600000
Recall_test: 0.529412
F1_test: 0.562500
 

Arquitectura: _10_11_11_11_11_11_1_
Semilla: 1788080983
Segundos: 125
NIteraciones: 100000

Costo_train: 0.135295
Precision_train: 0.849246
Recall_train: 0.616788
F1_train: 0.714588

Costo_test: 0.163600
Precision_test: 0.666667
Recall_test: 0.735294
F1_test: 0.699301
 

Arquitectura: _10_11_11_11_11_11_1_
Semilla: 1788080983
Segundos: 125
NIteraciones: 100000

Costo_train: 0.203758
Precision_train: 0.623256
Recall_train: 0.489051
F1_train: 0.548057

Costo_test: 0.198767
Precision_test: 0.610169
Recall_test: 0.529412
F1_test: 0.566929
 

Arquitectura: _10_11_11_11_11_11_1_
Semilla: 1788080983
Segundos: 125
NIteraciones: 100000

Costo_train: 0.209957
Precision_train: 0.607930
Recall_train: 0.503650
F1_train: 0.550898

Costo_test: 0.206027
Precision_test: 0.603175
Recall_test: 0.558824
F1_test: 0.580153
 

Arquitectura: _10_11_11_11_11_11_1_
Semilla: 1788080983
Segundos: 125
NIteraciones: 100000

Costo_train: 0.229277
Precision_train: -nan(ind)
Recall_train: 0.000000
F1_train: -nan(ind)

Costo_test: 0.227342
Precision_test: -nan(ind)
Recall_test: 0.000000
F1_test: -nan(ind)
 

Arquitectura: _10_11_11_11_11_11_1_
Semilla: 1788080983
Segundos: 125
NIteraciones: 100000

Costo_train: 0.129048
Precision_train: 0.756098
Recall_train: 0.791971
F1_train: 0.773619

Costo_test: 0.128442
Precision_test: 0.880000
Recall_test: 0.647059
F1_test: 0.745763
 

Arquitectura: _10_11_11_11_11_11_1_
Semilla: 1788080983
Segundos: 125
NIteraciones: 100000

Costo_train: 0.129849
Precision_train: 0.775194
Recall_train: 0.729927
F1_train: 0.751880

Costo_test: 0.151443
Precision_test: 0.767857
Recall_test: 0.632353
F1_test: 0.693548
 

Arquitectura: _10_11_11_11_11_11_1_
Semilla: 1788080983
Segundos: 125
NIteraciones: 100000

Costo_train: 0.236552
Precision_train: -nan(ind)
Recall_train: 0.000000
F1_train: -nan(ind)

Costo_test: 0.235396
Precision_test: -nan(ind)
Recall_test: 0.000000
F1_test: -nan(ind)
 

Arquitectura: _10_11_11_11_11_11_1_
Semilla: 1788080983
Segundos: 125
NIteraciones: 100000

Costo_train: 0.208323
Precision_train: 0.617925
Recall_train: 0.478102
F1_train: 0.539095

Costo_test: 0.203674
Precision_test: 0.610169
Recall_test: 0.529412
F1_test: 0.566929
 

Arquitectura: _10_11_11_11_11_11_1_
Semilla: 1788080983
Segundos: 125
NIteraciones: 100000

Costo_train: 0.135228
Precision_train: 0.878307
Recall_train: 0.605839
F1_train: 0.717063

Costo_test: 0.149378
Precision_test: 0.680556
Recall_test: 0.720588
F1_test: 0.700000
 

Arquitectura: _10_11_11_11_11_11_1_
Semilla: 1788080983
Segundos: 125
NIteraciones: 100000

Costo_train: 0.143971
Precision_train: 0.819905
Recall_train: 0.631387
F1_train: 0.713402

Costo_test: 0.160685
Precision_test: 0.661972
Recall_test: 0.691176
F1_test: 0.676259
 

Arquitectura: _10_11_11_11_11_11_1_
Semilla: 1788080983
Segundos: 125
NIteraciones: 100000

Costo_train: 0.218652
Precision_train: -nan(ind)
Recall_train: 0.000000
F1_train: -nan(ind)

Costo_test: 0.215399
Precision_test: -nan(ind)
Recall_test: 0.000000
F1_test: -nan(ind)
 

Arquitectura: _10_11_11_11_11_11_1_
Semilla: 1788080983
Segundos: 125
NIteraciones: 100000

Costo_train: 0.137203
Precision_train: 0.875000
Recall_train: 0.613139
F1_train: 0.721030

Costo_test: 0.159776
Precision_test: 0.689189
Recall_test: 0.750000
F1_test: 0.718310
 

Arquitectura: _10_11_11_11_11_11_1_
Semilla: 1788080983
Segundos: 125
NIteraciones: 100000

Costo_train: 0.225237
Precision_train: -nan(ind)
Recall_train: 0.000000
F1_train: -nan(ind)

Costo_test: 0.223081
Precision_test: -nan(ind)
Recall_test: 0.000000
F1_test: -nan(ind)
 

Arquitectura: _10_11_11_11_11_11_1_
Semilla: 1788080983
Segundos: 125
NIteraciones: 100000

Costo_train: 0.134033
Precision_train: 0.743860
Recall_train: 0.773723
F1_train: 0.758497

Costo_test: 0.142864
Precision_test: 0.796296
Recall_test: 0.632353
F1_test: 0.704918
 

Arquitectura: _10_11_11_11_11_11_1_
Semilla: 1788080983
Segundos: 125
NIteraciones: 100000

Costo_train: 0.142453
Precision_train: 0.736842
Recall_train: 0.766423
F1_train: 0.751342

Costo_test: 0.149586
Precision_test: 0.803922
Recall_test: 0.602941
F1_test: 0.689076
 

Arquitectura: _10_11_11_11_11_11_1_
Semilla: 1788080983
Segundos: 125
NIteraciones: 100000

Costo_train: 0.138308
Precision_train: 0.847291
Recall_train: 0.627737
F1_train: 0.721174

Costo_test: 0.156334
Precision_test: 0.675676
Recall_test: 0.735294
F1_test: 0.704225
 

Arquitectura: _10_11_11_11_11_11_1_
Semilla: 1788080983
Segundos: 125
NIteraciones: 100000

Costo_train: 0.204008
Precision_train: 0.623256
Recall_train: 0.489051
F1_train: 0.548057

Costo_test: 0.198400
Precision_test: 0.606557
Recall_test: 0.544118
F1_test: 0.573643
 

Arquitectura: _10_11_11_11_11_11_1_
Semilla: 1788080983
Segundos: 125
NIteraciones: 100000

Costo_train: 0.150003
Precision_train: 0.685535
Recall_train: 0.795620
F1_train: 0.736486

Costo_test: 0.142149
Precision_test: 0.812500
Recall_test: 0.573529
F1_test: 0.672414
 

Arquitectura: _10_11_11_11_11_11_1_
Semilla: 1788080983
Segundos: 125
NIteraciones: 100000

Costo_train: 0.132759
Precision_train: 0.750903
Recall_train: 0.759124
F1_train: 0.754991

Costo_test: 0.139590
Precision_test: 0.851064
Recall_test: 0.588235
F1_test: 0.695652
 

Arquitectura: _10_11_11_11_11_11_1_
Semilla: 1788080983
Segundos: 125
NIteraciones: 100000

Costo_train: 0.232335
Precision_train: -nan(ind)
Recall_train: 0.000000
F1_train: -nan(ind)

Costo_test: 0.230682
Precision_test: -nan(ind)
Recall_test: 0.000000
F1_test: -nan(ind)
 

Arquitectura: _10_11_11_11_11_11_1_
Semilla: 1788080983
Segundos: 125
NIteraciones: 100000

Costo_train: 0.233540
Precision_train: -nan(ind)
Recall_train: 0.000000
F1_train: -nan(ind)

Costo_test: 0.231936
Precision_test: -nan(ind)
Recall_test: 0.000000
F1_test: -nan(ind)
 

Arquitectura: _10_11_11_11_11_11_1_
Semilla: 1788080983
Segundos: 125
NIteraciones: 100000

Costo_train: 0.197552
Precision_train: 0.634146
Recall_train: 0.474453
F1_train: 0.542798

Costo_test: 0.193977
Precision_test: 0.610169
Recall_test: 0.529412
F1_test: 0.566929
 

Arquitectura: _10_11_11_11_11_11_1_
Semilla: 1788080983
Segundos: 125
NIteraciones: 100000

Costo_train: 0.136690
Precision_train: 0.753676
Recall_train: 0.748175
F1_train: 0.750916

Costo_test: 0.146181
Precision_test: 0.880952
Recall_test: 0.544118
F1_test: 0.672727
 

Arquitectura: _10_11_11_11_11_11_1_
Semilla: 1788080983
Segundos: 125
NIteraciones: 100000

Costo_train: 0.125005
Precision_train: 0.860465
Recall_train: 0.675182
F1_train: 0.756646

Costo_test: 0.146502
Precision_test: 0.731343
Recall_test: 0.720588
F1_test: 0.725926
 

Arquitectura: _10_11_11_11_11_11_1_
Semilla: 1788080983
Segundos: 125
NIteraciones: 100000

Costo_train: 0.236713
Precision_train: -nan(ind)
Recall_train: 0.000000
F1_train: -nan(ind)

Costo_test: 0.235568
Precision_test: -nan(ind)
Recall_test: 0.000000
F1_test: -nan(ind)
 

Arquitectura: _10_11_11_11_11_11_1_
Semilla: 1788080983
Segundos: 125
NIteraciones: 100000

Costo_train: 0.136901
Precision_train: 0.848781
Recall_train: 0.635036
F1_train: 0.726514

Costo_test: 0.152151
Precision_test: 0.694444
Recall_test: 0.735294
F1_test: 0.714286
 

Arquitectura: _10_11_11_11_11_11_1_
Semilla: 1788080983
Segundos: 125
NIteraciones: 100000

Costo_train: 0.235290
Precision_train: -nan(ind)
Recall_train: 0.000000
F1_train: -nan(ind)

Costo_test: 0.234012
Precision_test: -nan(ind)
Recall_test: 0.000000
F1_test: -nan(ind)
 

Arquitectura: _10_11_11_11_11_11_1_
Semilla: 1788080983
Segundos: 125
NIteraciones: 100000

Costo_train: 0.203192
Precision_train: 0.626794
Recall_train: 0.478102
F1_train: 0.542443

Costo_test: 0.196546
Precision_test: 0.600000
Recall_test: 0.529412
F1_test: 0.562500
 

Arquitectura: _10_11_11_11_11_11_1_
Semilla: 1788080983
Segundos: 125
NIteraciones: 100000

Costo_train: 0.136281
Precision_train: 0.743945
Recall_train: 0.784672
F1_train: 0.763766

Costo_test: 0.138611
Precision_test: 0.872340
Recall_test: 0.602941
F1_test: 0.713044
 

Arquitectura: _10_11_11_11_11_11_1_
Semilla: 1788080983
Segundos: 125
NIteraciones: 100000

Costo_train: 0.120490
Precision_train: 0.877934
Recall_train: 0.682482
F1_train: 0.767967

Costo_test: 0.130870
Precision_test: 0.830508
Recall_test: 0.720588
F1_test: 0.771654
 

Arquitectura: _10_11_11_11_11_11_1_
Semilla: 1788080983
Segundos: 125
NIteraciones: 100000

Costo_train: 0.186388
Precision_train: 0.635514
Recall_train: 0.496350
F1_train: 0.557377

Costo_test: 0.183552
Precision_test: 0.616667
Recall_test: 0.544118
F1_test: 0.578125
 

Arquitectura: _10_11_11_11_11_11_1_
Semilla: 1788080983
Segundos: 125
NIteraciones: 100000

Costo_train: 0.142757
Precision_train: 0.830000
Recall_train: 0.605839
F1_train: 0.700422

Costo_test: 0.154212
Precision_test: 0.666667
Recall_test: 0.735294
F1_test: 0.699301
 

Arquitectura: _10_11_11_11_11_11_1_
Semilla: 1788080983
Segundos: 125
NIteraciones: 100000

Costo_train: 0.195327
Precision_train: 0.630332
Recall_train: 0.485401
F1_train: 0.548454

Costo_test: 0.192454
Precision_test: 0.587302
Recall_test: 0.544118
F1_test: 0.564885
 

Arquitectura: _10_11_11_11_11_11_1_
Semilla: 1788080983
Segundos: 125
NIteraciones: 100000

Costo_train: 0.134704
Precision_train: 0.830986
Recall_train: 0.645985
F1_train: 0.726899

Costo_test: 0.159953
Precision_test: 0.661972
Recall_test: 0.691176
F1_test: 0.676259
 

Arquitectura: _10_11_11_11_11_11_1_
Semilla: 1788080983
Segundos: 125
NIteraciones: 100000

Costo_train: 0.233344
Precision_train: -nan(ind)
Recall_train: 0.000000
F1_train: -nan(ind)

Costo_test: 0.231880
Precision_test: -nan(ind)
Recall_test: 0.000000
F1_test: -nan(ind)
 

Arquitectura: _10_11_11_11_11_11_1_
Semilla: 1788080983
Segundos: 125
NIteraciones: 100000

Costo_train: 0.139356
Precision_train: 0.731959
Recall_train: 0.777372
F1_train: 0.753982

Costo_test: 0.144976
Precision_test: 0.826087
Recall_test: 0.558824
F1_test: 0.666667
 

Arquitectura: _10_11_11_11_11_11_1_
Semilla: 1788080983
Segundos: 125
NIteraciones: 100000

Costo_train: 0.149985
Precision_train: 0.726277
Recall_train: 0.726277
F1_train: 0.726277

Costo_test: 0.154902
Precision_test: 0.716667
Recall_test: 0.632353
F1_test: 0.671875
 

Arquitectura: _10_11_11_11_11_11_1_
Semilla: 1788080983
Segundos: 125
NIteraciones: 100000

Costo_train: 0.135227
Precision_train: 0.869792
Recall_train: 0.609489
F1_train: 0.716738

Costo_test: 0.152671
Precision_test: 0.690141
Recall_test: 0.720588
F1_test: 0.705036
 

Arquitectura: _10_11_11_11_11_11_1_
Semilla: 1788080983
Segundos: 125
NIteraciones: 100000

Costo_train: 0.236648
Precision_train: -nan(ind)
Recall_train: 0.000000
F1_train: -nan(ind)

Costo_test: 0.235484
Precision_test: -nan(ind)
Recall_test: 0.000000
F1_test: -nan(ind)
 

Arquitectura: _10_11_11_11_11_11_1_
Semilla: 1788080983
Segundos: 125
NIteraciones: 100000

Costo_train: 0.139433
Precision_train: 0.871658
Recall_train: 0.594891
F1_train: 0.707158

Costo_test: 0.164069
Precision_test: 0.680556
Recall_test: 0.720588
F1_test: 0.700000
 

Arquitectura: _10_11_11_11_11_11_1_
Semilla: 1788080983
Segundos: 125
NIteraciones: 100000

Costo_train: 0.137573
Precision_train: 0.715210
Recall_train: 0.806569
F1_train: 0.758147

Costo_test: 0.137416
Precision_test: 0.833333
Recall_test: 0.661765
F1_test: 0.737705
 

Arquitectura: _10_11_11_11_11_11_1_
Semilla: 1788080983
Segundos: 125
NIteraciones: 100000

Costo_train: 0.117986
Precision_train: 0.858407
Recall_train: 0.708029
F1_train: 0.776000

Costo_test: 0.129664
Precision_test: 0.800000
Recall_test: 0.705882
F1_test: 0.750000
 

Arquitectura: _10_11_11_11_11_11_1_
Semilla: 1788080983
Segundos: 125
NIteraciones: 100000

Costo_train: 0.141954
Precision_train: 0.834171
Recall_train: 0.605839
F1_train: 0.701903

Costo_test: 0.151181
Precision_test: 0.705882
Recall_test: 0.705882
F1_test: 0.705882
 

Arquitectura: _10_11_11_11_11_11_1_
Semilla: 1788080983
Segundos: 125
NIteraciones: 100000

Costo_train: 0.137193
Precision_train: 0.724252
Recall_train: 0.795620
F1_train: 0.758261

Costo_test: 0.134025
Precision_test: 0.857143
Recall_test: 0.617647
F1_test: 0.717949
 

Arquitectura: _10_11_11_11_11_11_1_
Semilla: 1788080983
Segundos: 125
NIteraciones: 100000

Costo_train: 0.126445
Precision_train: 0.784091
Recall_train: 0.755474
F1_train: 0.769517

Costo_test: 0.140273
Precision_test: 0.811321
Recall_test: 0.632353
F1_test: 0.710744
 

Arquitectura: _10_11_11_11_11_11_1_
Semilla: 1788080983
Segundos: 125
NIteraciones: 100000

Costo_train: 0.147737
Precision_train: 0.710438
Recall_train: 0.770073
F1_train: 0.739054

Costo_test: 0.150141
Precision_test: 0.781818
Recall_test: 0.632353
F1_test: 0.699187
 

Arquitectura: _10_11_11_11_11_11_1_
Semilla: 1788080983
Segundos: 125
NIteraciones: 100000

Costo_train: 0.142163
Precision_train: 0.825472
Recall_train: 0.638686
F1_train: 0.720165

Costo_test: 0.157966
Precision_test: 0.671233
Recall_test: 0.720588
F1_test: 0.695035
 

Arquitectura: _10_11_11_11_11_11_1_
Semilla: 1788080983
Segundos: 125
NIteraciones: 100000

Costo_train: 0.127540
Precision_train: 0.860577
Recall_train: 0.653285
F1_train: 0.742739

Costo_test: 0.150571
Precision_test: 0.693333
Recall_test: 0.764706
F1_test: 0.727273
 

Arquitectura: _10_11_11_11_11_11_1_
Semilla: 1788080983
Segundos: 125
NIteraciones: 100000

Costo_train: 0.207122
Precision_train: 0.623810
Recall_train: 0.478102
F1_train: 0.541322

Costo_test: 0.201439
Precision_test: 0.610169
Recall_test: 0.529412
F1_test: 0.566929
 

Arquitectura: _10_11_11_11_11_11_1_
Semilla: 1788080983
Segundos: 125
NIteraciones: 100000

Costo_train: 0.230661
Precision_train: -nan(ind)
Recall_train: 0.000000
F1_train: -nan(ind)

Costo_test: 0.228849
Precision_test: -nan(ind)
Recall_test: 0.000000
F1_test: -nan(ind)
 

Arquitectura: _10_11_11_11_11_11_1_
Semilla: 1788080983
Segundos: 125
NIteraciones: 100000

Costo_train: 0.143855
Precision_train: 0.830000
Recall_train: 0.605839
F1_train: 0.700422

Costo_test: 0.149197
Precision_test: 0.696970
Recall_test: 0.676471
F1_test: 0.686567
 

Arquitectura: _10_11_11_11_11_11_1_
Semilla: 1788080983
Segundos: 125
NIteraciones: 100000

Costo_train: 0.130348
Precision_train: 0.764493
Recall_train: 0.770073
F1_train: 0.767273

Costo_test: 0.136572
Precision_test: 0.891304
Recall_test: 0.602941
F1_test: 0.719298
 

Arquitectura: _10_11_11_11_11_11_1_
Semilla: 1788080983
Segundos: 125
NIteraciones: 100000

Costo_train: 0.129173
Precision_train: 0.902564
Recall_train: 0.642336
F1_train: 0.750533

Costo_test: 0.144881
Precision_test: 0.702703
Recall_test: 0.764706
F1_test: 0.732394
 

Arquitectura: _10_11_11_11_11_11_1_
Semilla: 1788080983
Segundos: 125
NIteraciones: 100000

Costo_train: 0.125037
Precision_train: 0.899498
Recall_train: 0.653285
F1_train: 0.756871

Costo_test: 0.143590
Precision_test: 0.734375
Recall_test: 0.691176
F1_test: 0.712121
 

Arquitectura: _10_11_11_11_11_11_1_
Semilla: 1788080983
Segundos: 125
NIteraciones: 100000

Costo_train: 0.139611
Precision_train: 0.844560
Recall_train: 0.594891
F1_train: 0.698073

Costo_test: 0.147564
Precision_test: 0.718750
Recall_test: 0.676471
F1_test: 0.696970
 

Arquitectura: _10_11_11_11_11_11_1_
Semilla: 1788080983
Segundos: 125
NIteraciones: 100000

Costo_train: 0.126865
Precision_train: 0.892157
Recall_train: 0.664234
F1_train: 0.761506

Costo_test: 0.141872
Precision_test: 0.714286
Recall_test: 0.735294
F1_test: 0.724638
 

Arquitectura: _10_11_11_11_11_11_1_
Semilla: 1788080983
Segundos: 125
NIteraciones: 100000

Costo_train: 0.209808
Precision_train: 0.629808
Recall_train: 0.478102
F1_train: 0.543568

Costo_test: 0.205249
Precision_test: 0.610169
Recall_test: 0.529412
F1_test: 0.566929
 
