--- Configuración Actual ---
Paso: 0.200000
Gamma: 0.000000
Parada: 0.100000
Iteraciones: 100000
CapasDesde: 2
CapasHasta: 5
Repeticiones: 1
Intervalo: 10000
Batch: 100
MultiplicadorProfunda: 0.700000
Tarjeta: NVIDIA GeForce RTX 3090 Ti
----------------------------
Dimensiones Datos
trainx: 2x1600 
trainy: 1x1600 
test_x: 2x400 


--- Test Angosta 2.0 ---
Iteración 10000
Costo: 0.249712
Iteración 20000
Costo: 0.249710
Iteración 30000
Costo: 0.249708
Iteración 40000
Costo: 0.249707
Iteración 50000
Costo: 0.249705
Iteración 60000
Costo: 0.249703
Iteración 70000
Costo: 0.249701
Iteración 80000
Costo: 0.249699
Iteración 90000
Costo: 0.249698

Arquitectura: _2_6_1_
Semilla: 1788095392
Segundos: 49
NIteraciones: 100000

Costo_train: 0.249695
Precision_train: 0.518170
Recall_train: 0.483061
F1_train: 0.500000

Costo_test: 0.250915
Precision_test: 0.483146
Recall_test: 0.423645
F1_test: 0.451444
 

Arquitectura: _2_6_1_
Semilla: 1788095392
Segundos: 49
NIteraciones: 100000

Costo_train: 0.249415
Precision_train: 0.520000
Recall_train: 0.407779
F1_train: 0.457103

Costo_test: 0.250938
Precision_test: 0.466667
Recall_test: 0.344828
F1_test: 0.396601
 

Arquitectura: _2_6_1_
Semilla: 1788095392
Segundos: 49
NIteraciones: 100000

Costo_train: 0.249455
Precision_train: 0.518110
Recall_train: 0.412798
F1_train: 0.459497

Costo_test: 0.251102
Precision_test: 0.470588
Recall_test: 0.354680
F1_test: 0.404494
 

Arquitectura: _2_6_1_
Semilla: 1788095392
Segundos: 49
NIteraciones: 100000

Costo_train: 0.249564
Precision_train: 0.514535
Recall_train: 0.444166
F1_train: 0.476768

Costo_test: 0.251001
Precision_test: 0.465839
Recall_test: 0.369458
F1_test: 0.412088
 

Arquitectura: _2_6_1_
Semilla: 1788095392
Segundos: 49
NIteraciones: 100000

Costo_train: 0.249102
Precision_train: 0.538686
Recall_train: 0.462986
F1_train: 0.497976

Costo_test: 0.250963
Precision_test: 0.473988
Recall_test: 0.403941
F1_test: 0.436170
 

Arquitectura: _2_6_1_
Semilla: 1788095392
Segundos: 49
NIteraciones: 100000

Costo_train: 0.249566
Precision_train: 0.513850
Recall_train: 0.465496
F1_train: 0.488479

Costo_test: 0.250772
Precision_test: 0.479532
Recall_test: 0.403941
F1_test: 0.438503
 

Arquitectura: _2_6_1_
Semilla: 1788095392
Segundos: 49
NIteraciones: 100000

Costo_train: 0.249399
Precision_train: 0.531298
Recall_train: 0.436637
F1_train: 0.479339

Costo_test: 0.250901
Precision_test: 0.456250
Recall_test: 0.359606
F1_test: 0.402204
 

Arquitectura: _2_6_1_
Semilla: 1788095392
Segundos: 49
NIteraciones: 100000

Costo_train: 0.249063
Precision_train: 0.538686
Recall_train: 0.462986
F1_train: 0.497976

Costo_test: 0.251250
Precision_test: 0.464706
Recall_test: 0.389163
F1_test: 0.423592
 

Arquitectura: _2_6_1_
Semilla: 1788095392
Segundos: 49
NIteraciones: 100000

Costo_train: 0.249607
Precision_train: 0.511596
Recall_train: 0.470514
F1_train: 0.490196

Costo_test: 0.250842
Precision_test: 0.483146
Recall_test: 0.423645
F1_test: 0.451444
 

Arquitectura: _2_6_1_
Semilla: 1788095392
Segundos: 49
NIteraciones: 100000

Costo_train: 0.249649
Precision_train: 0.516644
Recall_train: 0.486826
F1_train: 0.501292

Costo_test: 0.250820
Precision_test: 0.489011
Recall_test: 0.438424
F1_test: 0.462338
 

Arquitectura: _2_6_1_
Semilla: 1788095392
Segundos: 49
NIteraciones: 100000

Costo_train: 0.249306
Precision_train: 0.531746
Recall_train: 0.420326
F1_train: 0.469516

Costo_test: 0.251087
Precision_test: 0.475000
Recall_test: 0.374384
F1_test: 0.418733
 

Arquitectura: _2_6_1_
Semilla: 1788095392
Segundos: 49
NIteraciones: 100000

Costo_train: 0.249541
Precision_train: 0.512445
Recall_train: 0.439147
F1_train: 0.472973

Costo_test: 0.250890
Precision_test: 0.475000
Recall_test: 0.374384
F1_test: 0.418733
 

Arquitectura: _2_6_1_
Semilla: 1788095392
Segundos: 49
NIteraciones: 100000

Costo_train: 0.249640
Precision_train: 0.509943
Recall_train: 0.450439
F1_train: 0.478348

Costo_test: 0.250913
Precision_test: 0.476190
Recall_test: 0.394089
F1_test: 0.431267
 

Arquitectura: _2_6_1_
Semilla: 1788095392
Segundos: 49
NIteraciones: 100000

Costo_train: 0.249444
Precision_train: 0.528593
Recall_train: 0.429109
F1_train: 0.473684

Costo_test: 0.250945
Precision_test: 0.461538
Recall_test: 0.354680
F1_test: 0.401114
 

Arquitectura: _2_6_1_
Semilla: 1788095392
Segundos: 49
NIteraciones: 100000

Costo_train: 0.249241
Precision_train: 0.530120
Recall_train: 0.441656
F1_train: 0.481862

Costo_test: 0.250948
Precision_test: 0.485207
Recall_test: 0.403941
F1_test: 0.440860
 

Arquitectura: _2_6_1_
Semilla: 1788095392
Segundos: 49
NIteraciones: 100000

Costo_train: 0.249560
Precision_train: 0.512931
Recall_train: 0.447930
F1_train: 0.478232

Costo_test: 0.250932
Precision_test: 0.476190
Recall_test: 0.394089
F1_test: 0.431267
 

Arquitectura: _2_6_1_
Semilla: 1788095392
Segundos: 49
NIteraciones: 100000

Costo_train: 0.249654
Precision_train: 0.514986
Recall_train: 0.474279
F1_train: 0.493795

Costo_test: 0.250902
Precision_test: 0.488636
Recall_test: 0.423645
F1_test: 0.453826
 

Arquitectura: _2_6_1_
Semilla: 1788095392
Segundos: 49
NIteraciones: 100000

Costo_train: 0.249674
Precision_train: 0.516129
Recall_train: 0.461731
F1_train: 0.487417

Costo_test: 0.250927
Precision_test: 0.494048
Recall_test: 0.408867
F1_test: 0.447439
 

Arquitectura: _2_6_1_
Semilla: 1788095392
Segundos: 49
NIteraciones: 100000

Costo_train: 0.249562
Precision_train: 0.518127
Recall_train: 0.430364
F1_train: 0.470185

Costo_test: 0.251088
Precision_test: 0.470199
Recall_test: 0.349754
F1_test: 0.401130
 

Arquitectura: _2_6_1_
Semilla: 1788095392
Segundos: 49
NIteraciones: 100000

Costo_train: 0.249555
Precision_train: 0.509272
Recall_train: 0.447930
F1_train: 0.476636

Costo_test: 0.250888
Precision_test: 0.484663
Recall_test: 0.389163
F1_test: 0.431694
 

Arquitectura: _2_6_1_
Semilla: 1788095392
Segundos: 49
NIteraciones: 100000

Costo_train: 0.249100
Precision_train: 0.537202
Recall_train: 0.452949
F1_train: 0.491491

Costo_test: 0.251282
Precision_test: 0.482759
Recall_test: 0.413793
F1_test: 0.445623
 

Arquitectura: _2_6_1_
Semilla: 1788095392
Segundos: 49
NIteraciones: 100000

Costo_train: 0.249683
Precision_train: 0.515272
Recall_train: 0.486826
F1_train: 0.500645

Costo_test: 0.250783
Precision_test: 0.489011
Recall_test: 0.438424
F1_test: 0.462338
 

Arquitectura: _2_6_1_
Semilla: 1788095392
Segundos: 49
NIteraciones: 100000

Costo_train: 0.249664
Precision_train: 0.518072
Recall_train: 0.485571
F1_train: 0.501295

Costo_test: 0.250911
Precision_test: 0.480663
Recall_test: 0.428571
F1_test: 0.453125
 

Arquitectura: _2_6_1_
Semilla: 1788095392
Segundos: 49
NIteraciones: 100000

Costo_train: 0.249639
Precision_train: 0.516174
Recall_train: 0.460477
F1_train: 0.486737

Costo_test: 0.250922
Precision_test: 0.476744
Recall_test: 0.403941
F1_test: 0.437333
 

Arquitectura: _2_6_1_
Semilla: 1788095392
Segundos: 49
NIteraciones: 100000

Costo_train: 0.249481
Precision_train: 0.517883
Recall_train: 0.454203
F1_train: 0.483957

Costo_test: 0.250787
Precision_test: 0.482558
Recall_test: 0.408867
F1_test: 0.442667
 

Arquitectura: _2_6_1_
Semilla: 1788095392
Segundos: 49
NIteraciones: 100000

Costo_train: 0.249624
Precision_train: 0.513661
Recall_train: 0.471769
F1_train: 0.491825

Costo_test: 0.250855
Precision_test: 0.483333
Recall_test: 0.428571
F1_test: 0.454308
 

Arquitectura: _2_6_1_
Semilla: 1788095392
Segundos: 49
NIteraciones: 100000

Costo_train: 0.249621
Precision_train: 0.516304
Recall_train: 0.476788
F1_train: 0.495760

Costo_test: 0.250817
Precision_test: 0.485876
Recall_test: 0.423645
F1_test: 0.452632
 

Arquitectura: _2_6_1_
Semilla: 1788095392
Segundos: 49
NIteraciones: 100000

Costo_train: 0.249366
Precision_train: 0.530547
Recall_train: 0.414053
F1_train: 0.465116

Costo_test: 0.251212
Precision_test: 0.450980
Recall_test: 0.339901
F1_test: 0.387640
 

Arquitectura: _2_6_1_
Semilla: 1788095392
Segundos: 49
NIteraciones: 100000

Costo_train: 0.249366
Precision_train: 0.531056
Recall_train: 0.429109
F1_train: 0.474670

Costo_test: 0.250989
Precision_test: 0.459119
Recall_test: 0.359606
F1_test: 0.403315
 

Arquitectura: _2_6_1_
Semilla: 1788095392
Segundos: 49
NIteraciones: 100000

Costo_train: 0.249216
Precision_train: 0.528818
Recall_train: 0.460477
F1_train: 0.492287

Costo_test: 0.250813
Precision_test: 0.502959
Recall_test: 0.418719
F1_test: 0.456989
 

Arquitectura: _2_6_1_
Semilla: 1788095392
Segundos: 49
NIteraciones: 100000

Costo_train: 0.249297
Precision_train: 0.529070
Recall_train: 0.456713
F1_train: 0.490236

Costo_test: 0.250750
Precision_test: 0.485207
Recall_test: 0.403941
F1_test: 0.440860
 

Arquitectura: _2_6_1_
Semilla: 1788095392
Segundos: 49
NIteraciones: 100000

Costo_train: 0.249238
Precision_train: 0.533333
Recall_train: 0.451694
F1_train: 0.489130

Costo_test: 0.250967
Precision_test: 0.475904
Recall_test: 0.389163
F1_test: 0.428184
 

Arquitectura: _2_6_1_
Semilla: 1788095392
Segundos: 49
NIteraciones: 100000

Costo_train: 0.249665
Precision_train: 0.513591
Recall_train: 0.450439
F1_train: 0.479947

Costo_test: 0.251112
Precision_test: 0.467066
Recall_test: 0.384236
F1_test: 0.421622
 

Arquitectura: _2_6_1_
Semilla: 1788095392
Segundos: 49
NIteraciones: 100000

Costo_train: 0.249542
Precision_train: 0.514085
Recall_train: 0.457967
F1_train: 0.484406

Costo_test: 0.250773
Precision_test: 0.473988
Recall_test: 0.403941
F1_test: 0.436170
 

Arquitectura: _2_6_1_
Semilla: 1788095392
Segundos: 49
NIteraciones: 100000

Costo_train: 0.249530
Precision_train: 0.511660
Recall_train: 0.468005
F1_train: 0.488860

Costo_test: 0.250716
Precision_test: 0.476471
Recall_test: 0.399015
F1_test: 0.434316
 

Arquitectura: _2_6_1_
Semilla: 1788095392
Segundos: 49
NIteraciones: 100000

Costo_train: 0.249446
Precision_train: 0.526471
Recall_train: 0.449184
F1_train: 0.484766

Costo_test: 0.250852
Precision_test: 0.475904
Recall_test: 0.389163
F1_test: 0.428184
 

Arquitectura: _2_6_1_
Semilla: 1788095392
Segundos: 49
NIteraciones: 100000

Costo_train: 0.249685
Precision_train: 0.517615
Recall_train: 0.479297
F1_train: 0.497720

Costo_test: 0.250892
Precision_test: 0.480226
Recall_test: 0.418719
F1_test: 0.447368
 

Arquitectura: _2_6_1_
Semilla: 1788095392
Segundos: 49
NIteraciones: 100000

Costo_train: 0.249626
Precision_train: 0.515604
Recall_train: 0.476788
F1_train: 0.495437

Costo_test: 0.250793
Precision_test: 0.480663
Recall_test: 0.428571
F1_test: 0.453125
 

Arquitectura: _2_6_1_
Semilla: 1788095392
Segundos: 49
NIteraciones: 100000

Costo_train: 0.249471
Precision_train: 0.522059
Recall_train: 0.445420
F1_train: 0.480704

Costo_test: 0.250823
Precision_test: 0.466667
Recall_test: 0.379310
F1_test: 0.418478
 

Arquitectura: _2_6_1_
Semilla: 1788095392
Segundos: 49
NIteraciones: 100000

Costo_train: 0.249428
Precision_train: 0.528505
Recall_train: 0.430364
F1_train: 0.474412

Costo_test: 0.250936
Precision_test: 0.465409
Recall_test: 0.364532
F1_test: 0.408840
 

Arquitectura: _2_6_1_
Semilla: 1788095392
Segundos: 49
NIteraciones: 100000

Costo_train: 0.249355
Precision_train: 0.535406
Recall_train: 0.388959
F1_train: 0.450581

Costo_test: 0.251139
Precision_test: 0.443662
Recall_test: 0.310345
F1_test: 0.365217
 

Arquitectura: _2_6_1_
Semilla: 1788095392
Segundos: 49
NIteraciones: 100000

Costo_train: 0.249272
Precision_train: 0.530882
Recall_train: 0.452949
F1_train: 0.488829

Costo_test: 0.250942
Precision_test: 0.469136
Recall_test: 0.374384
F1_test: 0.416438
 

Arquitectura: _2_6_1_
Semilla: 1788095392
Segundos: 49
NIteraciones: 100000

Costo_train: 0.249112
Precision_train: 0.536513
Recall_train: 0.451694
F1_train: 0.490463

Costo_test: 0.251340
Precision_test: 0.479290
Recall_test: 0.399015
F1_test: 0.435484
 

Arquitectura: _2_6_1_
Semilla: 1788095392
Segundos: 49
NIteraciones: 100000

Costo_train: 0.249531
Precision_train: 0.516820
Recall_train: 0.424090
F1_train: 0.465886

Costo_test: 0.250945
Precision_test: 0.463576
Recall_test: 0.344828
F1_test: 0.395480
 

Arquitectura: _2_6_1_
Semilla: 1788095392
Segundos: 49
NIteraciones: 100000

Costo_train: 0.249688
Precision_train: 0.517380
Recall_train: 0.485571
F1_train: 0.500971

Costo_test: 0.250893
Precision_test: 0.486188
Recall_test: 0.433498
F1_test: 0.458333
 

Arquitectura: _2_6_1_
Semilla: 1788095392
Segundos: 49
NIteraciones: 100000

Costo_train: 0.249682
Precision_train: 0.518667
Recall_train: 0.488080
F1_train: 0.502909

Costo_test: 0.250909
Precision_test: 0.486188
Recall_test: 0.433498
F1_test: 0.458333
 

Arquitectura: _2_6_1_
Semilla: 1788095392
Segundos: 49
NIteraciones: 100000

Costo_train: 0.249304
Precision_train: 0.529240
Recall_train: 0.454203
F1_train: 0.488859

Costo_test: 0.250782
Precision_test: 0.475904
Recall_test: 0.389163
F1_test: 0.428184
 

Arquitectura: _2_6_1_
Semilla: 1788095392
Segundos: 49
NIteraciones: 100000

Costo_train: 0.249320
Precision_train: 0.530030
Recall_train: 0.442911
F1_train: 0.482570

Costo_test: 0.250987
Precision_test: 0.471338
Recall_test: 0.364532
F1_test: 0.411111
 

Arquitectura: _2_6_1_
Semilla: 1788095392
Segundos: 49
NIteraciones: 100000

Costo_train: 0.249407
Precision_train: 0.521127
Recall_train: 0.417817
F1_train: 0.463788

Costo_test: 0.251182
Precision_test: 0.464052
Recall_test: 0.349754
F1_test: 0.398876
 

Arquitectura: _2_6_1_
Semilla: 1788095392
Segundos: 49
NIteraciones: 100000

Costo_train: 0.249601
Precision_train: 0.511111
Recall_train: 0.461731
F1_train: 0.485168

Costo_test: 0.250816
Precision_test: 0.482955
Recall_test: 0.418719
F1_test: 0.448549
 

Arquitectura: _2_6_1_
Semilla: 1788095392
Segundos: 49
NIteraciones: 100000

Costo_train: 0.249691
Precision_train: 0.513333
Recall_train: 0.483061
F1_train: 0.497738

Costo_test: 0.250894
Precision_test: 0.491620
Recall_test: 0.433498
F1_test: 0.460733
 

Arquitectura: _2_6_1_
Semilla: 1788095392
Segundos: 49
NIteraciones: 100000

Costo_train: 0.249410
Precision_train: 0.522523
Recall_train: 0.436637
F1_train: 0.475735

Costo_test: 0.251245
Precision_test: 0.450000
Recall_test: 0.354680
F1_test: 0.396694
 

Arquitectura: _2_6_1_
Semilla: 1788095392
Segundos: 49
NIteraciones: 100000

Costo_train: 0.249661
Precision_train: 0.518569
Recall_train: 0.473024
F1_train: 0.494751

Costo_test: 0.250943
Precision_test: 0.470588
Recall_test: 0.394089
F1_test: 0.428954
 

Arquitectura: _2_6_1_
Semilla: 1788095392
Segundos: 49
NIteraciones: 100000

Costo_train: 0.249374
Precision_train: 0.525191
Recall_train: 0.431619
F1_train: 0.473829

Costo_test: 0.250814
Precision_test: 0.484663
Recall_test: 0.389163
F1_test: 0.431694
 

Arquitectura: _2_6_1_
Semilla: 1788095392
Segundos: 49
NIteraciones: 100000

Costo_train: 0.249166
Precision_train: 0.536082
Recall_train: 0.456713
F1_train: 0.493225

Costo_test: 0.251191
Precision_test: 0.485380
Recall_test: 0.408867
F1_test: 0.443850
 

Arquitectura: _2_6_1_
Semilla: 1788095392
Segundos: 49
NIteraciones: 100000

Costo_train: 0.249213
Precision_train: 0.532448
Recall_train: 0.452949
F1_train: 0.489492

Costo_test: 0.251030
Precision_test: 0.482353
Recall_test: 0.403941
F1_test: 0.439678
 

Arquitectura: _2_6_1_
Semilla: 1788095392
Segundos: 49
NIteraciones: 100000

Costo_train: 0.249432
Precision_train: 0.525526
Recall_train: 0.439147
F1_train: 0.478469

Costo_test: 0.250905
Precision_test: 0.462963
Recall_test: 0.369458
F1_test: 0.410959
 

Arquitectura: _2_6_1_
Semilla: 1788095392
Segundos: 49
NIteraciones: 100000

Costo_train: 0.249271
Precision_train: 0.531157
Recall_train: 0.449184
F1_train: 0.486744

Costo_test: 0.250875
Precision_test: 0.475000
Recall_test: 0.374384
F1_test: 0.418733
 

Arquitectura: _2_6_1_
Semilla: 1788095392
Segundos: 49
NIteraciones: 100000

Costo_train: 0.249535
Precision_train: 0.512329
Recall_train: 0.469260
F1_train: 0.489849

Costo_test: 0.250791
Precision_test: 0.479769
Recall_test: 0.408867
F1_test: 0.441489
 

Arquitectura: _2_6_1_
Semilla: 1788095392
Segundos: 49
NIteraciones: 100000

Costo_train: 0.249472
Precision_train: 0.521605
Recall_train: 0.424090
F1_train: 0.467820

Costo_test: 0.251325
Precision_test: 0.470588
Recall_test: 0.354680
F1_test: 0.404494
 

Arquitectura: _2_6_1_
Semilla: 1788095392
Segundos: 49
NIteraciones: 100000

Costo_train: 0.249523
Precision_train: 0.513158
Recall_train: 0.440401
F1_train: 0.474004

Costo_test: 0.250844
Precision_test: 0.487500
Recall_test: 0.384236
F1_test: 0.429752
 

Arquitectura: _2_6_1_
Semilla: 1788095392
Segundos: 49
NIteraciones: 100000

Costo_train: 0.249264
Precision_train: 0.534407
Recall_train: 0.457967
F1_train: 0.493243

Costo_test: 0.250761
Precision_test: 0.514451
Recall_test: 0.438424
F1_test: 0.473404
 

Arquitectura: _2_6_1_
Semilla: 1788095392
Segundos: 49
NIteraciones: 100000

Costo_train: 0.249276
Precision_train: 0.531343
Recall_train: 0.446675
F1_train: 0.485344

Costo_test: 0.250981
Precision_test: 0.481481
Recall_test: 0.384236
F1_test: 0.427397
 

Arquitectura: _2_6_1_
Semilla: 1788095392
Segundos: 49
NIteraciones: 100000

Costo_train: 0.249546
Precision_train: 0.509194
Recall_train: 0.451694
F1_train: 0.478723

Costo_test: 0.250819
Precision_test: 0.485030
Recall_test: 0.399015
F1_test: 0.437838
 

Arquitectura: _2_6_1_
Semilla: 1788095392
Segundos: 49
NIteraciones: 100000

Costo_train: 0.249315
Precision_train: 0.527190
Recall_train: 0.437892
F1_train: 0.478410

Costo_test: 0.251001
Precision_test: 0.450980
Recall_test: 0.339901
F1_test: 0.387640
 

Arquitectura: _2_6_1_
Semilla: 1788095392
Segundos: 49
NIteraciones: 100000

Costo_train: 0.249477
Precision_train: 0.517139
Recall_train: 0.435383
F1_train: 0.472752

Costo_test: 0.250927
Precision_test: 0.484277
Recall_test: 0.379310
F1_test: 0.425414
 

Arquitectura: _2_6_1_
Semilla: 1788095392
Segundos: 49
NIteraciones: 100000

Costo_train: 0.249396
Precision_train: 0.528571
Recall_train: 0.417817
F1_train: 0.466713

Costo_test: 0.251089
Precision_test: 0.458065
Recall_test: 0.349754
F1_test: 0.396648
 

Arquitectura: _2_6_1_
Semilla: 1788095392
Segundos: 49
NIteraciones: 100000

Costo_train: 0.249653
Precision_train: 0.511527
Recall_train: 0.445420
F1_train: 0.476190

Costo_test: 0.251041
Precision_test: 0.481707
Recall_test: 0.389163
F1_test: 0.430518
 

Arquitectura: _2_6_1_
Semilla: 1788095392
Segundos: 49
NIteraciones: 100000

Costo_train: 0.249184
Precision_train: 0.531627
Recall_train: 0.442911
F1_train: 0.483231

Costo_test: 0.251084
Precision_test: 0.479769
Recall_test: 0.408867
F1_test: 0.441489
 

Arquitectura: _2_6_1_
Semilla: 1788095392
Segundos: 49
NIteraciones: 100000

Costo_train: 0.249574
Precision_train: 0.519231
Recall_train: 0.440401
F1_train: 0.476578

Costo_test: 0.250967
Precision_test: 0.474684
Recall_test: 0.369458
F1_test: 0.415512
 

Arquitectura: _2_6_1_
Semilla: 1788095392
Segundos: 49
NIteraciones: 100000

Costo_train: 0.249669
Precision_train: 0.514644
Recall_train: 0.462986
F1_train: 0.487450

Costo_test: 0.250969
Precision_test: 0.491018
Recall_test: 0.403941
F1_test: 0.443243
 

Arquitectura: _2_6_1_
Semilla: 1788095392
Segundos: 49
NIteraciones: 100000

Costo_train: 0.249573
Precision_train: 0.509887
Recall_train: 0.452949
F1_train: 0.479734

Costo_test: 0.250828
Precision_test: 0.482143
Recall_test: 0.399015
F1_test: 0.436658
 

Arquitectura: _2_6_1_
Semilla: 1788095392
Segundos: 49
NIteraciones: 100000

Costo_train: 0.249694
Precision_train: 0.510638
Recall_train: 0.481807
F1_train: 0.495804

Costo_test: 0.250887
Precision_test: 0.494382
Recall_test: 0.433498
F1_test: 0.461942
 

Arquitectura: _2_6_1_
Semilla: 1788095392
Segundos: 49
NIteraciones: 100000

Costo_train: 0.249505
Precision_train: 0.513636
Recall_train: 0.425345
F1_train: 0.465340

Costo_test: 0.251091
Precision_test: 0.473684
Recall_test: 0.354680
F1_test: 0.405634
 

Arquitectura: _2_6_1_
Semilla: 1788095392
Segundos: 49
NIteraciones: 100000

Costo_train: 0.249664
Precision_train: 0.518248
Recall_train: 0.445420
F1_train: 0.479082

Costo_test: 0.251014
Precision_test: 0.478528
Recall_test: 0.384236
F1_test: 0.426230
 

Arquitectura: _2_6_1_
Semilla: 1788095392
Segundos: 49
NIteraciones: 100000

Costo_train: 0.249308
Precision_train: 0.528889
Recall_train: 0.447930
F1_train: 0.485054

Costo_test: 0.250997
Precision_test: 0.447368
Recall_test: 0.334975
F1_test: 0.383099
 

Arquitectura: _2_6_1_
Semilla: 1788095392
Segundos: 49
NIteraciones: 100000

Costo_train: 0.249282
Precision_train: 0.531157
Recall_train: 0.449184
F1_train: 0.486744

Costo_test: 0.250788
Precision_test: 0.482353
Recall_test: 0.403941
F1_test: 0.439678
 

Arquitectura: _2_6_1_
Semilla: 1788095392
Segundos: 49
NIteraciones: 100000

Costo_train: 0.249141
Precision_train: 0.537445
Recall_train: 0.459222
F1_train: 0.495264

Costo_test: 0.250996
Precision_test: 0.471264
Recall_test: 0.403941
F1_test: 0.435013
 

Arquitectura: _2_6_1_
Semilla: 1788095392
Segundos: 49
NIteraciones: 100000

Costo_train: 0.249386
Precision_train: 0.527473
Recall_train: 0.421581
F1_train: 0.468619

Costo_test: 0.251093
Precision_test: 0.455128
Recall_test: 0.349754
F1_test: 0.395543
 

Arquitectura: _2_6_1_
Semilla: 1788095392
Segundos: 49
NIteraciones: 100000

Costo_train: 0.249510
Precision_train: 0.517398
Recall_train: 0.429109
F1_train: 0.469136

Costo_test: 0.250918
Precision_test: 0.471338
Recall_test: 0.364532
F1_test: 0.411111
 

Arquitectura: _2_6_1_
Semilla: 1788095392
Segundos: 49
NIteraciones: 100000

Costo_train: 0.249580
Precision_train: 0.509246
Recall_train: 0.449184
F1_train: 0.477333

Costo_test: 0.250818
Precision_test: 0.482759
Recall_test: 0.413793
F1_test: 0.445623
 

Arquitectura: _2_6_1_
Semilla: 1788095392
Segundos: 49
NIteraciones: 100000

Costo_train: 0.249315
Precision_train: 0.527988
Recall_train: 0.437892
F1_train: 0.478738

Costo_test: 0.250979
Precision_test: 0.481481
Recall_test: 0.384236
F1_test: 0.427397
 

Arquitectura: _2_6_1_
Semilla: 1788095392
Segundos: 49
NIteraciones: 100000

Costo_train: 0.249618
Precision_train: 0.511471
Recall_train: 0.475533
F1_train: 0.492848

Costo_test: 0.250854
Precision_test: 0.486188
Recall_test: 0.433498
F1_test: 0.458333
 

Arquitectura: _2_6_1_
Semilla: 1788095392
Segundos: 49
NIteraciones: 100000

Costo_train: 0.249650
Precision_train: 0.513140
Recall_train: 0.465496
F1_train: 0.488158

Costo_test: 0.250851
Precision_test: 0.488095
Recall_test: 0.403941
F1_test: 0.442049
 

Arquitectura: _2_6_1_
Semilla: 1788095392
Segundos: 49
NIteraciones: 100000

Costo_train: 0.249164
Precision_train: 0.534431
Recall_train: 0.447930
F1_train: 0.487372

Costo_test: 0.251102
Precision_test: 0.477012
Recall_test: 0.408867
F1_test: 0.440318
 

Arquitectura: _2_6_1_
Semilla: 1788095392
Segundos: 49
NIteraciones: 100000

Costo_train: 0.249476
Precision_train: 0.518283
Recall_train: 0.409034
F1_train: 0.457223

Costo_test: 0.251240
Precision_test: 0.458904
Recall_test: 0.330049
F1_test: 0.383954
 

Arquitectura: _2_6_1_
Semilla: 1788095392
Segundos: 49
NIteraciones: 100000

Costo_train: 0.249454
Precision_train: 0.522070
Recall_train: 0.430364
F1_train: 0.471802

Costo_test: 0.250986
Precision_test: 0.463576
Recall_test: 0.344828
F1_test: 0.395480
 

Arquitectura: _2_6_1_
Semilla: 1788095392
Segundos: 49
NIteraciones: 100000

Costo_train: 0.249520
Precision_train: 0.514409
Recall_train: 0.447930
F1_train: 0.478873

Costo_test: 0.250856
Precision_test: 0.478788
Recall_test: 0.389163
F1_test: 0.429348
 

Arquitectura: _2_6_1_
Semilla: 1788095392
Segundos: 49
NIteraciones: 100000

Costo_train: 0.249243
Precision_train: 0.528467
Recall_train: 0.454203
F1_train: 0.488529

Costo_test: 0.250791
Precision_test: 0.488372
Recall_test: 0.413793
F1_test: 0.448000
 

Arquitectura: _2_6_1_
Semilla: 1788095392
Segundos: 49
NIteraciones: 100000

Costo_train: 0.249694
Precision_train: 0.510013
Recall_train: 0.479297
F1_train: 0.494179

Costo_test: 0.250866
Precision_test: 0.500000
Recall_test: 0.438424
F1_test: 0.467192
 

Arquitectura: _2_6_1_
Semilla: 1788095392
Segundos: 49
NIteraciones: 100000

Costo_train: 0.249432
Precision_train: 0.526080
Recall_train: 0.442911
F1_train: 0.480926

Costo_test: 0.250926
Precision_test: 0.470588
Recall_test: 0.394089
F1_test: 0.428954
 

Arquitectura: _2_6_1_
Semilla: 1788095392
Segundos: 49
NIteraciones: 100000

Costo_train: 0.249667
Precision_train: 0.515689
Recall_train: 0.474279
F1_train: 0.494118

Costo_test: 0.250844
Precision_test: 0.477528
Recall_test: 0.418719
F1_test: 0.446194
 

Arquitectura: _2_6_1_
Semilla: 1788095392
Segundos: 49
NIteraciones: 100000

Costo_train: 0.249654
Precision_train: 0.515278
Recall_train: 0.465496
F1_train: 0.489123

Costo_test: 0.250896
Precision_test: 0.482353
Recall_test: 0.403941
F1_test: 0.439678
 

Arquitectura: _2_6_1_
Semilla: 1788095392
Segundos: 49
NIteraciones: 100000

Costo_train: 0.249391
Precision_train: 0.529501
Recall_train: 0.439147
F1_train: 0.480110

Costo_test: 0.250819
Precision_test: 0.466258
Recall_test: 0.374384
F1_test: 0.415301
 

Arquitectura: _2_6_1_
Semilla: 1788095392
Segundos: 49
NIteraciones: 100000

Costo_train: 0.249182
Precision_train: 0.531627
Recall_train: 0.442911
F1_train: 0.483231

Costo_test: 0.251278
Precision_test: 0.469880
Recall_test: 0.384236
F1_test: 0.422764
 

Arquitectura: _2_6_1_
Semilla: 1788095392
Segundos: 49
NIteraciones: 100000

Costo_train: 0.249611
Precision_train: 0.510638
Recall_train: 0.451694
F1_train: 0.479361

Costo_test: 0.250931
Precision_test: 0.485380
Recall_test: 0.408867
F1_test: 0.443850
 

Arquitectura: _2_6_1_
Semilla: 1788095392
Segundos: 49
NIteraciones: 100000

Costo_train: 0.249080
Precision_train: 0.541298
Recall_train: 0.460477
F1_train: 0.497627

Costo_test: 0.251263
Precision_test: 0.471264
Recall_test: 0.403941
F1_test: 0.435013
 

Arquitectura: _2_6_1_
Semilla: 1788095392
Segundos: 49
NIteraciones: 100000

Costo_train: 0.249346
Precision_train: 0.528274
Recall_train: 0.445420
F1_train: 0.483322

Costo_test: 0.250844
Precision_test: 0.472393
Recall_test: 0.379310
F1_test: 0.420765
 

Arquitectura: _2_6_1_
Semilla: 1788095392
Segundos: 49
NIteraciones: 100000

Costo_train: 0.249273
Precision_train: 0.528551
Recall_train: 0.452949
F1_train: 0.487838

Costo_test: 0.250815
Precision_test: 0.476190
Recall_test: 0.394089
F1_test: 0.431267
 

Arquitectura: _2_6_1_
Semilla: 1788095392
Segundos: 49
NIteraciones: 100000

Costo_train: 0.249659
Precision_train: 0.516667
Recall_train: 0.466750
F1_train: 0.490442

Costo_test: 0.250940
Precision_test: 0.479290
Recall_test: 0.399015
F1_test: 0.435484
 


--- Test Profunda 2.0 ---
Iteración 10000
Costo: 0.249922
Iteración 20000
Costo: 0.249801
Iteración 30000
Costo: 0.249748
Iteración 40000
Costo: 0.249726
Iteración 50000
Costo: 0.249718
Iteración 60000
Costo: 0.249715
Iteración 70000
Costo: 0.249712
Iteración 80000
Costo: 0.249710
Iteración 90000
Costo: 0.249708

Arquitectura: _2_3_3_1_
Semilla: 1788095441
Segundos: 94
NIteraciones: 100000

Costo_train: 0.249705
Precision_train: 0.510608
Recall_train: 0.452949
F1_train: 0.480053

Costo_test: 0.251016
Precision_test: 0.476190
Recall_test: 0.394089
F1_test: 0.431267
 

Arquitectura: _2_3_3_1_
Semilla: 1788095441
Segundos: 94
NIteraciones: 100000

Costo_train: 0.249708
Precision_train: 0.512032
Recall_train: 0.480552
F1_train: 0.495793

Costo_test: 0.250862
Precision_test: 0.502793
Recall_test: 0.443350
F1_test: 0.471204
 

Arquitectura: _2_3_3_1_
Semilla: 1788095441
Segundos: 94
NIteraciones: 100000

Costo_train: 0.249699
Precision_train: 0.517832
Recall_train: 0.455458
F1_train: 0.484646

Costo_test: 0.251100
Precision_test: 0.484848
Recall_test: 0.394089
F1_test: 0.434783
 

Arquitectura: _2_3_3_1_
Semilla: 1788095441
Segundos: 94
NIteraciones: 100000

Costo_train: 0.249672
Precision_train: 0.510854
Recall_train: 0.442911
F1_train: 0.474462

Costo_test: 0.251127
Precision_test: 0.481707
Recall_test: 0.389163
F1_test: 0.430518
 

Arquitectura: _2_3_3_1_
Semilla: 1788095441
Segundos: 94
NIteraciones: 100000

Costo_train: 0.249725
Precision_train: 0.513103
Recall_train: 0.466750
F1_train: 0.488830

Costo_test: 0.250679
Precision_test: 0.477528
Recall_test: 0.418719
F1_test: 0.446194
 

Arquitectura: _2_3_3_1_
Semilla: 1788095441
Segundos: 94
NIteraciones: 100000

Costo_train: 0.249714
Precision_train: 0.514628
Recall_train: 0.485571
F1_train: 0.499677

Costo_test: 0.250812
Precision_test: 0.497207
Recall_test: 0.438424
F1_test: 0.465969
 

Arquitectura: _2_3_3_1_
Semilla: 1788095441
Segundos: 94
NIteraciones: 100000

Costo_train: 0.249718
Precision_train: 0.513798
Recall_train: 0.490590
F1_train: 0.501926

Costo_test: 0.250690
Precision_test: 0.497297
Recall_test: 0.453202
F1_test: 0.474227
 

Arquitectura: _2_3_3_1_
Semilla: 1788095441
Segundos: 94
NIteraciones: 100000

Costo_train: 0.249719
Precision_train: 0.518037
Recall_train: 0.450439
F1_train: 0.481879

Costo_test: 0.250968
Precision_test: 0.470588
Recall_test: 0.394089
F1_test: 0.428954
 

Arquitectura: _2_3_3_1_
Semilla: 1788095441
Segundos: 94
NIteraciones: 100000

Costo_train: 0.249720
Precision_train: 0.516760
Recall_train: 0.464241
F1_train: 0.489095

Costo_test: 0.250982
Precision_test: 0.488235
Recall_test: 0.408867
F1_test: 0.445040
 

Arquitectura: _2_3_3_1_
Semilla: 1788095441
Segundos: 94
NIteraciones: 100000

Costo_train: 0.249716
Precision_train: 0.517337
Recall_train: 0.468005
F1_train: 0.491436

Costo_test: 0.250897
Precision_test: 0.483333
Recall_test: 0.428571
F1_test: 0.454308
 

Arquitectura: _2_3_3_1_
Semilla: 1788095441
Segundos: 94
NIteraciones: 100000

Costo_train: 0.249714
Precision_train: 0.514563
Recall_train: 0.465496
F1_train: 0.488801

Costo_test: 0.250929
Precision_test: 0.485380
Recall_test: 0.408867
F1_test: 0.443850
 

Arquitectura: _2_3_3_1_
Semilla: 1788095441
Segundos: 94
NIteraciones: 100000

Costo_train: 0.249700
Precision_train: 0.515666
Recall_train: 0.495609
F1_train: 0.505438

Costo_test: 0.250735
Precision_test: 0.491803
Recall_test: 0.443350
F1_test: 0.466321
 

Arquitectura: _2_3_3_1_
Semilla: 1788095441
Segundos: 94
NIteraciones: 100000

Costo_train: 0.249681
Precision_train: 0.506934
Recall_train: 0.412798
F1_train: 0.455048

Costo_test: 0.251370
Precision_test: 0.460526
Recall_test: 0.344828
F1_test: 0.394366
 

Arquitectura: _2_3_3_1_
Semilla: 1788095441
Segundos: 94
NIteraciones: 100000

Costo_train: 0.249714
Precision_train: 0.513828
Recall_train: 0.442911
F1_train: 0.475741

Costo_test: 0.251110
Precision_test: 0.481707
Recall_test: 0.389163
F1_test: 0.430518
 

Arquitectura: _2_3_3_1_
Semilla: 1788095441
Segundos: 94
NIteraciones: 100000

Costo_train: 0.249689
Precision_train: 0.514936
Recall_train: 0.454203
F1_train: 0.482667

Costo_test: 0.251060
Precision_test: 0.479042
Recall_test: 0.394089
F1_test: 0.432432
 

Arquitectura: _2_3_3_1_
Semilla: 1788095441
Segundos: 94
NIteraciones: 100000

Costo_train: 0.249682
Precision_train: 0.513554
Recall_train: 0.427854
F1_train: 0.466804

Costo_test: 0.251176
Precision_test: 0.471338
Recall_test: 0.364532
F1_test: 0.411111
 

Arquitectura: _2_3_3_1_
Semilla: 1788095441
Segundos: 94
NIteraciones: 100000

Costo_train: 0.249723
Precision_train: 0.515027
Recall_train: 0.473024
F1_train: 0.493133

Costo_test: 0.250699
Precision_test: 0.491803
Recall_test: 0.443350
F1_test: 0.466321
 

Arquitectura: _2_3_3_1_
Semilla: 1788095441
Segundos: 94
NIteraciones: 100000

Costo_train: 0.249833
Precision_train: 0.514961
Recall_train: 0.410289
F1_train: 0.456704

Costo_test: 0.250262
Precision_test: 0.467105
Recall_test: 0.349754
F1_test: 0.400000
 

Arquitectura: _2_3_3_1_
Semilla: 1788095441
Segundos: 94
NIteraciones: 100000

Costo_train: 0.249724
Precision_train: 0.510204
Recall_train: 0.470514
F1_train: 0.489556

Costo_test: 0.250888
Precision_test: 0.497143
Recall_test: 0.428571
F1_test: 0.460317
 

Arquitectura: _2_3_3_1_
Semilla: 1788095441
Segundos: 94
NIteraciones: 100000

Costo_train: 0.249709
Precision_train: 0.512752
Recall_train: 0.479297
F1_train: 0.495460

Costo_test: 0.250867
Precision_test: 0.497175
Recall_test: 0.433498
F1_test: 0.463158
 

Arquitectura: _2_3_3_1_
Semilla: 1788095441
Segundos: 94
NIteraciones: 100000

Costo_train: 0.249739
Precision_train: 0.515478
Recall_train: 0.480552
F1_train: 0.497403

Costo_test: 0.250803
Precision_test: 0.483333
Recall_test: 0.428571
F1_test: 0.454308
 

Arquitectura: _2_3_3_1_
Semilla: 1788095441
Segundos: 94
NIteraciones: 100000

Costo_train: 0.249705
Precision_train: 0.514563
Recall_train: 0.465496
F1_train: 0.488801

Costo_test: 0.250972
Precision_test: 0.488235
Recall_test: 0.408867
F1_test: 0.445040
 

Arquitectura: _2_3_3_1_
Semilla: 1788095441
Segundos: 94
NIteraciones: 100000

Costo_train: 0.249701
Precision_train: 0.515406
Recall_train: 0.461731
F1_train: 0.487095

Costo_test: 0.250990
Precision_test: 0.491018
Recall_test: 0.403941
F1_test: 0.443243
 

Arquitectura: _2_3_3_1_
Semilla: 1788095441
Segundos: 94
NIteraciones: 100000

Costo_train: 0.249709
Precision_train: 0.514208
Recall_train: 0.476788
F1_train: 0.494792

Costo_test: 0.250883
Precision_test: 0.497143
Recall_test: 0.428571
F1_test: 0.460317
 

Arquitectura: _2_3_3_1_
Semilla: 1788095441
Segundos: 94
NIteraciones: 100000

Costo_train: 0.249686
Precision_train: 0.510116
Recall_train: 0.442911
F1_train: 0.474144

Costo_test: 0.250978
Precision_test: 0.475904
Recall_test: 0.389163
F1_test: 0.428184
 

Arquitectura: _2_3_3_1_
Semilla: 1788095441
Segundos: 94
NIteraciones: 100000

Costo_train: 0.249701
Precision_train: 0.511765
Recall_train: 0.436637
F1_train: 0.471225

Costo_test: 0.251033
Precision_test: 0.467066
Recall_test: 0.384236
F1_test: 0.421622
 

Arquitectura: _2_3_3_1_
Semilla: 1788095441
Segundos: 94
NIteraciones: 100000

Costo_train: 0.249700
Precision_train: 0.518841
Recall_train: 0.449184
F1_train: 0.481506

Costo_test: 0.251080
Precision_test: 0.484848
Recall_test: 0.394089
F1_test: 0.434783
 

Arquitectura: _2_3_3_1_
Semilla: 1788095441
Segundos: 94
NIteraciones: 100000

Costo_train: 0.249692
Precision_train: 0.515759
Recall_train: 0.451694
F1_train: 0.481605

Costo_test: 0.251045
Precision_test: 0.481707
Recall_test: 0.389163
F1_test: 0.430518
 

Arquitectura: _2_3_3_1_
Semilla: 1788095441
Segundos: 94
NIteraciones: 100000

Costo_train: 0.249701
Precision_train: 0.517532
Recall_train: 0.462986
F1_train: 0.488742

Costo_test: 0.251048
Precision_test: 0.491018
Recall_test: 0.403941
F1_test: 0.443243
 

Arquitectura: _2_3_3_1_
Semilla: 1788095441
Segundos: 94
NIteraciones: 100000

Costo_train: 0.249718
Precision_train: 0.513475
Recall_train: 0.454203
F1_train: 0.482024

Costo_test: 0.251078
Precision_test: 0.478528
Recall_test: 0.384236
F1_test: 0.426230
 

Arquitectura: _2_3_3_1_
Semilla: 1788095441
Segundos: 94
NIteraciones: 100000

Costo_train: 0.249626
Precision_train: 0.515862
Recall_train: 0.469260
F1_train: 0.491459

Costo_test: 0.250804
Precision_test: 0.480226
Recall_test: 0.418719
F1_test: 0.447368
 

Arquitectura: _2_3_3_1_
Semilla: 1788095441
Segundos: 94
NIteraciones: 100000

Costo_train: 0.249707
Precision_train: 0.515152
Recall_train: 0.469260
F1_train: 0.491136

Costo_test: 0.250969
Precision_test: 0.485714
Recall_test: 0.418719
F1_test: 0.449735
 

Arquitectura: _2_3_3_1_
Semilla: 1788095441
Segundos: 94
NIteraciones: 100000

Costo_train: 0.249715
Precision_train: 0.511229
Recall_train: 0.485571
F1_train: 0.498069

Costo_test: 0.250814
Precision_test: 0.502732
Recall_test: 0.453202
F1_test: 0.476684
 

Arquitectura: _2_3_3_1_
Semilla: 1788095441
Segundos: 94
NIteraciones: 100000

Costo_train: 0.249654
Precision_train: 0.512676
Recall_train: 0.456713
F1_train: 0.483079

Costo_test: 0.250987
Precision_test: 0.473373
Recall_test: 0.394089
F1_test: 0.430108
 

Arquitectura: _2_3_3_1_
Semilla: 1788095441
Segundos: 94
NIteraciones: 100000

Costo_train: 0.249678
Precision_train: 0.514074
Recall_train: 0.435383
F1_train: 0.471467

Costo_test: 0.251216
Precision_test: 0.478261
Recall_test: 0.379310
F1_test: 0.423077
 

Arquitectura: _2_3_3_1_
Semilla: 1788095441
Segundos: 94
NIteraciones: 100000

Costo_train: 0.249713
Precision_train: 0.512593
Recall_train: 0.434128
F1_train: 0.470109

Costo_test: 0.251056
Precision_test: 0.463415
Recall_test: 0.374384
F1_test: 0.414169
 

Arquitectura: _2_3_3_1_
Semilla: 1788095441
Segundos: 94
NIteraciones: 100000

Costo_train: 0.249709
Precision_train: 0.515994
Recall_train: 0.465496
F1_train: 0.489446

Costo_test: 0.250976
Precision_test: 0.479532
Recall_test: 0.403941
F1_test: 0.438503
 

Arquitectura: _2_3_3_1_
Semilla: 1788095441
Segundos: 94
NIteraciones: 100000

Costo_train: 0.249698
Precision_train: 0.515862
Recall_train: 0.469260
F1_train: 0.491459

Costo_test: 0.250914
Precision_test: 0.485380
Recall_test: 0.408867
F1_test: 0.443850
 

Arquitectura: _2_3_3_1_
Semilla: 1788095441
Segundos: 94
NIteraciones: 100000

Costo_train: 0.249704
Precision_train: 0.513361
Recall_train: 0.457967
F1_train: 0.484085

Costo_test: 0.251040
Precision_test: 0.479042
Recall_test: 0.394089
F1_test: 0.432432
 

Arquitectura: _2_3_3_1_
Semilla: 1788095441
Segundos: 94
NIteraciones: 100000

Costo_train: 0.249667
Precision_train: 0.515320
Recall_train: 0.464241
F1_train: 0.488449

Costo_test: 0.250878
Precision_test: 0.477273
Recall_test: 0.413793
F1_test: 0.443272
 

Arquitectura: _2_3_3_1_
Semilla: 1788095441
Segundos: 94
NIteraciones: 100000

Costo_train: 0.249714
Precision_train: 0.513043
Recall_train: 0.444166
F1_train: 0.476126

Costo_test: 0.251098
Precision_test: 0.481707
Recall_test: 0.389163
F1_test: 0.430518
 

Arquitectura: _2_3_3_1_
Semilla: 1788095441
Segundos: 94
NIteraciones: 100000

Costo_train: 0.249708
Precision_train: 0.516575
Recall_train: 0.469260
F1_train: 0.491782

Costo_test: 0.250755
Precision_test: 0.488235
Recall_test: 0.408867
F1_test: 0.445040
 

Arquitectura: _2_3_3_1_
Semilla: 1788095441
Segundos: 94
NIteraciones: 100000

Costo_train: 0.249707
Precision_train: 0.511471
Recall_train: 0.475533
F1_train: 0.492848

Costo_test: 0.250878
Precision_test: 0.497175
Recall_test: 0.433498
F1_test: 0.463158
 

Arquitectura: _2_3_3_1_
Semilla: 1788095441
Segundos: 94
NIteraciones: 100000

Costo_train: 0.249720
Precision_train: 0.512195
Recall_train: 0.474279
F1_train: 0.492508

Costo_test: 0.250893
Precision_test: 0.488636
Recall_test: 0.423645
F1_test: 0.453826
 

Arquitectura: _2_3_3_1_
Semilla: 1788095441
Segundos: 94
NIteraciones: 100000

Costo_train: 0.249723
Precision_train: 0.516713
Recall_train: 0.465496
F1_train: 0.489769

Costo_test: 0.250850
Precision_test: 0.485876
Recall_test: 0.423645
F1_test: 0.452632
 

Arquitectura: _2_3_3_1_
Semilla: 1788095441
Segundos: 94
NIteraciones: 100000

Costo_train: 0.249709
Precision_train: 0.512431
Recall_train: 0.465496
F1_train: 0.487837

Costo_test: 0.250963
Precision_test: 0.497076
Recall_test: 0.418719
F1_test: 0.454545
 

Arquitectura: _2_3_3_1_
Semilla: 1788095441
Segundos: 94
NIteraciones: 100000

Costo_train: 0.249703
Precision_train: 0.514443
Recall_train: 0.469260
F1_train: 0.490814

Costo_test: 0.250930
Precision_test: 0.477273
Recall_test: 0.413793
F1_test: 0.443272
 

Arquitectura: _2_3_3_1_
Semilla: 1788095441
Segundos: 94
NIteraciones: 100000

Costo_train: 0.249713
Precision_train: 0.515193
Recall_train: 0.468005
F1_train: 0.490467

Costo_test: 0.250942
Precision_test: 0.482955
Recall_test: 0.418719
F1_test: 0.448549
 

Arquitectura: _2_3_3_1_
Semilla: 1788095441
Segundos: 94
NIteraciones: 100000

Costo_train: 0.249687
Precision_train: 0.519537
Recall_train: 0.450439
F1_train: 0.482527

Costo_test: 0.251053
Precision_test: 0.484848
Recall_test: 0.394089
F1_test: 0.434783
 

Arquitectura: _2_3_3_1_
Semilla: 1788095441
Segundos: 94
NIteraciones: 100000

Costo_train: 0.249705
Precision_train: 0.516082
Recall_train: 0.442911
F1_train: 0.476705

Costo_test: 0.251092
Precision_test: 0.487952
Recall_test: 0.399015
F1_test: 0.439024
 

Arquitectura: _2_3_3_1_
Semilla: 1788095441
Segundos: 94
NIteraciones: 100000

Costo_train: 0.249705
Precision_train: 0.513441
Recall_train: 0.479297
F1_train: 0.495782

Costo_test: 0.250881
Precision_test: 0.491620
Recall_test: 0.433498
F1_test: 0.460733
 

Arquitectura: _2_3_3_1_
Semilla: 1788095441
Segundos: 94
NIteraciones: 100000

Costo_train: 0.249717
Precision_train: 0.514056
Recall_train: 0.481807
F1_train: 0.497409

Costo_test: 0.250843
Precision_test: 0.489011
Recall_test: 0.438424
F1_test: 0.462338
 

Arquitectura: _2_3_3_1_
Semilla: 1788095441
Segundos: 94
NIteraciones: 100000

Costo_train: 0.249711
Precision_train: 0.512855
Recall_train: 0.475533
F1_train: 0.493490

Costo_test: 0.250909
Precision_test: 0.494253
Recall_test: 0.423645
F1_test: 0.456233
 

Arquitectura: _2_3_3_1_
Semilla: 1788095441
Segundos: 94
NIteraciones: 100000

Costo_train: 0.249710
Precision_train: 0.512752
Recall_train: 0.479297
F1_train: 0.495460

Costo_test: 0.250847
Precision_test: 0.500000
Recall_test: 0.438424
F1_test: 0.467192
 

Arquitectura: _2_3_3_1_
Semilla: 1788095441
Segundos: 94
NIteraciones: 100000

Costo_train: 0.249696
Precision_train: 0.513176
Recall_train: 0.464241
F1_train: 0.487484

Costo_test: 0.250957
Precision_test: 0.482353
Recall_test: 0.403941
F1_test: 0.439678
 

Arquitectura: _2_3_3_1_
Semilla: 1788095441
Segundos: 94
NIteraciones: 100000

Costo_train: 0.249691
Precision_train: 0.514443
Recall_train: 0.469260
F1_train: 0.490814

Costo_test: 0.250834
Precision_test: 0.488235
Recall_test: 0.408867
F1_test: 0.445040
 

Arquitectura: _2_3_3_1_
Semilla: 1788095441
Segundos: 94
NIteraciones: 100000

Costo_train: 0.249704
Precision_train: 0.516869
Recall_train: 0.480552
F1_train: 0.498049

Costo_test: 0.250857
Precision_test: 0.491620
Recall_test: 0.433498
F1_test: 0.460733
 

Arquitectura: _2_3_3_1_
Semilla: 1788095441
Segundos: 94
NIteraciones: 100000

Costo_train: 0.249674
Precision_train: 0.512676
Recall_train: 0.456713
F1_train: 0.483079

Costo_test: 0.250941
Precision_test: 0.476190
Recall_test: 0.394089
F1_test: 0.431267
 

Arquitectura: _2_3_3_1_
Semilla: 1788095441
Segundos: 94
NIteraciones: 100000

Costo_train: 0.249692
Precision_train: 0.514523
Recall_train: 0.466750
F1_train: 0.489474

Costo_test: 0.251001
Precision_test: 0.476190
Recall_test: 0.394089
F1_test: 0.431267
 

Arquitectura: _2_3_3_1_
Semilla: 1788095441
Segundos: 94
NIteraciones: 100000

Costo_train: 0.249736
Precision_train: 0.517434
Recall_train: 0.465496
F1_train: 0.490092

Costo_test: 0.250930
Precision_test: 0.483333
Recall_test: 0.428571
F1_test: 0.454308
 

Arquitectura: _2_3_3_1_
Semilla: 1788095441
Segundos: 94
NIteraciones: 100000

Costo_train: 0.249716
Precision_train: 0.516513
Recall_train: 0.490590
F1_train: 0.503218

Costo_test: 0.250812
Precision_test: 0.489011
Recall_test: 0.438424
F1_test: 0.462338
 

Arquitectura: _2_3_3_1_
Semilla: 1788095441
Segundos: 94
NIteraciones: 100000

Costo_train: 0.249709
Precision_train: 0.516000
Recall_train: 0.485571
F1_train: 0.500323

Costo_test: 0.250883
Precision_test: 0.486188
Recall_test: 0.433498
F1_test: 0.458333
 

Arquitectura: _2_3_3_1_
Semilla: 1788095441
Segundos: 94
NIteraciones: 100000

Costo_train: 0.249716
Precision_train: 0.513774
Recall_train: 0.468005
F1_train: 0.489823

Costo_test: 0.250949
Precision_test: 0.485380
Recall_test: 0.408867
F1_test: 0.443850
 

Arquitectura: _2_3_3_1_
Semilla: 1788095441
Segundos: 94
NIteraciones: 100000

Costo_train: 0.249701
Precision_train: 0.512855
Recall_train: 0.475533
F1_train: 0.493490

Costo_test: 0.250913
Precision_test: 0.488636
Recall_test: 0.423645
F1_test: 0.453826
 

Arquitectura: _2_3_3_1_
Semilla: 1788095441
Segundos: 94
NIteraciones: 100000

Costo_train: 0.249712
Precision_train: 0.514483
Recall_train: 0.468005
F1_train: 0.490145

Costo_test: 0.250949
Precision_test: 0.491228
Recall_test: 0.413793
F1_test: 0.449198
 

Arquitectura: _2_3_3_1_
Semilla: 1788095441
Segundos: 94
NIteraciones: 100000

Costo_train: 0.249810
Precision_train: 0.501424
Recall_train: 0.441656
F1_train: 0.469646

Costo_test: 0.250569
Precision_test: 0.452381
Recall_test: 0.374384
F1_test: 0.409703
 

Arquitectura: _2_3_3_1_
Semilla: 1788095441
Segundos: 94
NIteraciones: 100000

Costo_train: 0.249712
Precision_train: 0.514205
Recall_train: 0.454203
F1_train: 0.482345

Costo_test: 0.251075
Precision_test: 0.479042
Recall_test: 0.394089
F1_test: 0.432432
 

Arquitectura: _2_3_3_1_
Semilla: 1788095441
Segundos: 94
NIteraciones: 100000

Costo_train: 0.249714
Precision_train: 0.517380
Recall_train: 0.485571
F1_train: 0.500971

Costo_test: 0.250862
Precision_test: 0.486188
Recall_test: 0.433498
F1_test: 0.458333
 

Arquitectura: _2_3_3_1_
Semilla: 1788095441
Segundos: 94
NIteraciones: 100000

Costo_train: 0.249703
Precision_train: 0.516854
Recall_train: 0.461731
F1_train: 0.487740

Costo_test: 0.250991
Precision_test: 0.482143
Recall_test: 0.399015
F1_test: 0.436658
 

Arquitectura: _2_3_3_1_
Semilla: 1788095441
Segundos: 94
NIteraciones: 100000

Costo_train: 0.249708
Precision_train: 0.517581
Recall_train: 0.461731
F1_train: 0.488064

Costo_test: 0.251014
Precision_test: 0.491018
Recall_test: 0.403941
F1_test: 0.443243
 

Arquitectura: _2_3_3_1_
Semilla: 1788095441
Segundos: 94
NIteraciones: 100000

Costo_train: 0.249702
Precision_train: 0.513812
Recall_train: 0.466750
F1_train: 0.489152

Costo_test: 0.250977
Precision_test: 0.494186
Recall_test: 0.418719
F1_test: 0.453333
 

Arquitectura: _2_3_3_1_
Semilla: 1788095441
Segundos: 94
NIteraciones: 100000

Costo_train: 0.249713
Precision_train: 0.511921
Recall_train: 0.457967
F1_train: 0.483444

Costo_test: 0.250975
Precision_test: 0.479290
Recall_test: 0.399015
F1_test: 0.435484
 

Arquitectura: _2_3_3_1_
Semilla: 1788095441
Segundos: 94
NIteraciones: 100000

Costo_train: 0.249698
Precision_train: 0.517520
Recall_train: 0.481807
F1_train: 0.499025

Costo_test: 0.250880
Precision_test: 0.488764
Recall_test: 0.428571
F1_test: 0.456693
 

Arquitectura: _2_3_3_1_
Semilla: 1788095441
Segundos: 94
NIteraciones: 100000

Costo_train: 0.249715
Precision_train: 0.513928
Recall_train: 0.462986
F1_train: 0.487129

Costo_test: 0.250965
Precision_test: 0.485207
Recall_test: 0.403941
F1_test: 0.440860
 

Arquitectura: _2_3_3_1_
Semilla: 1788095441
Segundos: 94
NIteraciones: 100000

Costo_train: 0.249687
Precision_train: 0.515449
Recall_train: 0.460477
F1_train: 0.486415

Costo_test: 0.251005
Precision_test: 0.482143
Recall_test: 0.399015
F1_test: 0.436658
 

Arquitectura: _2_3_3_1_
Semilla: 1788095441
Segundos: 94
NIteraciones: 100000

Costo_train: 0.249689
Precision_train: 0.519766
Recall_train: 0.445420
F1_train: 0.479730

Costo_test: 0.251102
Precision_test: 0.478528
Recall_test: 0.384236
F1_test: 0.426230
 

Arquitectura: _2_3_3_1_
Semilla: 1788095441
Segundos: 94
NIteraciones: 100000

Costo_train: 0.249722
Precision_train: 0.515646
Recall_train: 0.475533
F1_train: 0.494778

Costo_test: 0.250880
Precision_test: 0.480447
Recall_test: 0.423645
F1_test: 0.450262
 

Arquitectura: _2_3_3_1_
Semilla: 1788095441
Segundos: 94
NIteraciones: 100000

Costo_train: 0.249721
Precision_train: 0.517434
Recall_train: 0.465496
F1_train: 0.490092

Costo_test: 0.250747
Precision_test: 0.483333
Recall_test: 0.428571
F1_test: 0.454308
 

Arquitectura: _2_3_3_1_
Semilla: 1788095441
Segundos: 94
NIteraciones: 100000

Costo_train: 0.249725
Precision_train: 0.513812
Recall_train: 0.466750
F1_train: 0.489152

Costo_test: 0.250930
Precision_test: 0.485380
Recall_test: 0.408867
F1_test: 0.443850
 

Arquitectura: _2_3_3_1_
Semilla: 1788095441
Segundos: 94
NIteraciones: 100000

Costo_train: 0.249702
Precision_train: 0.517045
Recall_train: 0.456713
F1_train: 0.485010

Costo_test: 0.251066
Precision_test: 0.487952
Recall_test: 0.399015
F1_test: 0.439024
 

Arquitectura: _2_3_3_1_
Semilla: 1788095441
Segundos: 94
NIteraciones: 100000

Costo_train: 0.249696
Precision_train: 0.515493
Recall_train: 0.459222
F1_train: 0.485733

Costo_test: 0.251102
Precision_test: 0.479042
Recall_test: 0.394089
F1_test: 0.432432
 

Arquitectura: _2_3_3_1_
Semilla: 1788095441
Segundos: 94
NIteraciones: 100000

Costo_train: 0.249867
Precision_train: 0.507389
Recall_train: 0.387704
F1_train: 0.439545

Costo_test: 0.250287
Precision_test: 0.453901
Recall_test: 0.315271
F1_test: 0.372093
 

Arquitectura: _2_3_3_1_
Semilla: 1788095441
Segundos: 94
NIteraciones: 100000

Costo_train: 0.249710
Precision_train: 0.513441
Recall_train: 0.479297
F1_train: 0.495782

Costo_test: 0.250872
Precision_test: 0.500000
Recall_test: 0.433498
F1_test: 0.464380
 

Arquitectura: _2_3_3_1_
Semilla: 1788095441
Segundos: 94
NIteraciones: 100000

Costo_train: 0.249699
Precision_train: 0.520000
Recall_train: 0.456713
F1_train: 0.486306

Costo_test: 0.251041
Precision_test: 0.488095
Recall_test: 0.403941
F1_test: 0.442049
 

Arquitectura: _2_3_3_1_
Semilla: 1788095441
Segundos: 94
NIteraciones: 100000

Costo_train: 0.249712
Precision_train: 0.513399
Recall_train: 0.456713
F1_train: 0.483400

Costo_test: 0.251030
Precision_test: 0.494048
Recall_test: 0.408867
F1_test: 0.447439
 

Arquitectura: _2_3_3_1_
Semilla: 1788095441
Segundos: 94
NIteraciones: 100000

Costo_train: 0.249722
Precision_train: 0.513699
Recall_train: 0.470514
F1_train: 0.491159

Costo_test: 0.250933
Precision_test: 0.474576
Recall_test: 0.413793
F1_test: 0.442105
 

Arquitectura: _2_3_3_1_
Semilla: 1788095441
Segundos: 94
NIteraciones: 100000

Costo_train: 0.249692
Precision_train: 0.517883
Recall_train: 0.454203
F1_train: 0.483957

Costo_test: 0.251058
Precision_test: 0.487952
Recall_test: 0.399015
F1_test: 0.439024
 

Arquitectura: _2_3_3_1_
Semilla: 1788095441
Segundos: 94
NIteraciones: 100000

Costo_train: 0.249692
Precision_train: 0.517483
Recall_train: 0.464241
F1_train: 0.489418

Costo_test: 0.250958
Precision_test: 0.485207
Recall_test: 0.403941
F1_test: 0.440860
 

Arquitectura: _2_3_3_1_
Semilla: 1788095441
Segundos: 94
NIteraciones: 100000

Costo_train: 0.249707
Precision_train: 0.515027
Recall_train: 0.473024
F1_train: 0.493133

Costo_test: 0.250941
Precision_test: 0.491329
Recall_test: 0.418719
F1_test: 0.452128
 

Arquitectura: _2_3_3_1_
Semilla: 1788095441
Segundos: 94
NIteraciones: 100000

Costo_train: 0.249709
Precision_train: 0.512855
Recall_train: 0.475533
F1_train: 0.493490

Costo_test: 0.250892
Precision_test: 0.488636
Recall_test: 0.423645
F1_test: 0.453826
 

Arquitectura: _2_3_3_1_
Semilla: 1788095441
Segundos: 94
NIteraciones: 100000

Costo_train: 0.249722
Precision_train: 0.514604
Recall_train: 0.464241
F1_train: 0.488127

Costo_test: 0.250945
Precision_test: 0.482353
Recall_test: 0.403941
F1_test: 0.439678
 

Arquitectura: _2_3_3_1_
Semilla: 1788095441
Segundos: 94
NIteraciones: 100000

Costo_train: 0.249704
Precision_train: 0.515537
Recall_train: 0.457967
F1_train: 0.485050

Costo_test: 0.251078
Precision_test: 0.479042
Recall_test: 0.394089
F1_test: 0.432432
 

Arquitectura: _2_3_3_1_
Semilla: 1788095441
Segundos: 94
NIteraciones: 100000

Costo_train: 0.249672
Precision_train: 0.513909
Recall_train: 0.440401
F1_train: 0.474324

Costo_test: 0.251023
Precision_test: 0.481707
Recall_test: 0.389163
F1_test: 0.430518
 

Arquitectura: _2_3_3_1_
Semilla: 1788095441
Segundos: 94
NIteraciones: 100000

Costo_train: 0.249716
Precision_train: 0.516340
Recall_train: 0.495609
F1_train: 0.505762

Costo_test: 0.250761
Precision_test: 0.497297
Recall_test: 0.453202
F1_test: 0.474227
 

Arquitectura: _2_3_3_1_
Semilla: 1788095441
Segundos: 94
NIteraciones: 100000

Costo_train: 0.249700
Precision_train: 0.513587
Recall_train: 0.474279
F1_train: 0.493151

Costo_test: 0.250897
Precision_test: 0.491329
Recall_test: 0.418719
F1_test: 0.452128
 

Arquitectura: _2_3_3_1_
Semilla: 1788095441
Segundos: 94
NIteraciones: 100000

Costo_train: 0.249702
Precision_train: 0.513889
Recall_train: 0.464241
F1_train: 0.487805

Costo_test: 0.250987
Precision_test: 0.494118
Recall_test: 0.413793
F1_test: 0.450402
 

Arquitectura: _2_3_3_1_
Semilla: 1788095441
Segundos: 94
NIteraciones: 100000

Costo_train: 0.249688
Precision_train: 0.516807
Recall_train: 0.462986
F1_train: 0.488418

Costo_test: 0.251042
Precision_test: 0.479532
Recall_test: 0.403941
F1_test: 0.438503
 

Arquitectura: _2_3_3_1_
Semilla: 1788095441
Segundos: 94
NIteraciones: 100000

Costo_train: 0.249701
Precision_train: 0.517532
Recall_train: 0.462986
F1_train: 0.488742

Costo_test: 0.251029
Precision_test: 0.488095
Recall_test: 0.403941
F1_test: 0.442049
 

Arquitectura: _2_3_3_1_
Semilla: 1788095441
Segundos: 94
NIteraciones: 100000

Costo_train: 0.249720
Precision_train: 0.512650
Recall_train: 0.483061
F1_train: 0.497416

Costo_test: 0.250850
Precision_test: 0.500000
Recall_test: 0.443350
F1_test: 0.469974
 

Arquitectura: _2_3_3_1_
Semilla: 1788095441
Segundos: 94
NIteraciones: 100000

Costo_train: 0.249701
Precision_train: 0.512855
Recall_train: 0.475533
F1_train: 0.493490

Costo_test: 0.250867
Precision_test: 0.491429
Recall_test: 0.423645
F1_test: 0.455026
 


--- Test Angosta 3.0 ---
Iteración 10000
Costo: 0.249699
Iteración 20000
Costo: 0.249694
Iteración 30000
Costo: 0.249688
Iteración 40000
Costo: 0.249682
Iteración 50000
Costo: 0.249675
Iteración 60000
Costo: 0.249665
Iteración 70000
Costo: 0.249653
Iteración 80000
Costo: 0.249637
Iteración 90000
Costo: 0.249617

Arquitectura: _2_9_1_
Semilla: 1788095535
Segundos: 51
NIteraciones: 100000

Costo_train: 0.249590
Precision_train: 0.512023
Recall_train: 0.454203
F1_train: 0.481383

Costo_test: 0.250872
Precision_test: 0.485549
Recall_test: 0.413793
F1_test: 0.446809
 

Arquitectura: _2_9_1_
Semilla: 1788095535
Segundos: 51
NIteraciones: 100000

Costo_train: 0.249672
Precision_train: 0.517241
Recall_train: 0.489335
F1_train: 0.502901

Costo_test: 0.250812
Precision_test: 0.489011
Recall_test: 0.438424
F1_test: 0.462338
 

Arquitectura: _2_9_1_
Semilla: 1788095535
Segundos: 51
NIteraciones: 100000

Costo_train: 0.249175
Precision_train: 0.532042
Recall_train: 0.447930
F1_train: 0.486376

Costo_test: 0.251089
Precision_test: 0.476471
Recall_test: 0.399015
F1_test: 0.434316
 

Arquitectura: _2_9_1_
Semilla: 1788095535
Segundos: 51
NIteraciones: 100000

Costo_train: 0.249426
Precision_train: 0.523957
Recall_train: 0.425345
F1_train: 0.469529

Costo_test: 0.250884
Precision_test: 0.452830
Recall_test: 0.354680
F1_test: 0.397790
 

Arquitectura: _2_9_1_
Semilla: 1788095535
Segundos: 51
NIteraciones: 100000

Costo_train: 0.249597
Precision_train: 0.514810
Recall_train: 0.457967
F1_train: 0.484728

Costo_test: 0.250836
Precision_test: 0.488235
Recall_test: 0.408867
F1_test: 0.445040
 

Arquitectura: _2_9_1_
Semilla: 1788095535
Segundos: 51
NIteraciones: 100000

Costo_train: 0.249668
Precision_train: 0.518219
Recall_train: 0.481807
F1_train: 0.499350

Costo_test: 0.250857
Precision_test: 0.485876
Recall_test: 0.423645
F1_test: 0.452632
 

Arquitectura: _2_9_1_
Semilla: 1788095535
Segundos: 51
NIteraciones: 100000

Costo_train: 0.249514
Precision_train: 0.516768
Recall_train: 0.425345
F1_train: 0.466621

Costo_test: 0.250801
Precision_test: 0.484076
Recall_test: 0.374384
F1_test: 0.422222
 

Arquitectura: _2_9_1_
Semilla: 1788095535
Segundos: 51
NIteraciones: 100000

Costo_train: 0.249667
Precision_train: 0.511842
Recall_train: 0.488080
F1_train: 0.499679

Costo_test: 0.250774
Precision_test: 0.497238
Recall_test: 0.443350
F1_test: 0.468750
 

Arquitectura: _2_9_1_
Semilla: 1788095535
Segundos: 51
NIteraciones: 100000

Costo_train: 0.249488
Precision_train: 0.515328
Recall_train: 0.442911
F1_train: 0.476383

Costo_test: 0.250804
Precision_test: 0.481481
Recall_test: 0.384236
F1_test: 0.427397
 

Arquitectura: _2_9_1_
Semilla: 1788095535
Segundos: 51
NIteraciones: 100000

Costo_train: 0.249490
Precision_train: 0.515723
Recall_train: 0.411543
F1_train: 0.457781

Costo_test: 0.251179
Precision_test: 0.458904
Recall_test: 0.330049
F1_test: 0.383954
 

Arquitectura: _2_9_1_
Semilla: 1788095535
Segundos: 51
NIteraciones: 100000

Costo_train: 0.249242
Precision_train: 0.528551
Recall_train: 0.452949
F1_train: 0.487838

Costo_test: 0.250896
Precision_test: 0.482353
Recall_test: 0.403941
F1_test: 0.439678
 

Arquitectura: _2_9_1_
Semilla: 1788095535
Segundos: 51
NIteraciones: 100000

Costo_train: 0.249328
Precision_train: 0.530281
Recall_train: 0.450439
F1_train: 0.487110

Costo_test: 0.250803
Precision_test: 0.484848
Recall_test: 0.394089
F1_test: 0.434783
 

Arquitectura: _2_9_1_
Semilla: 1788095535
Segundos: 51
NIteraciones: 100000

Costo_train: 0.249589
Precision_train: 0.511204
Recall_train: 0.457967
F1_train: 0.483124

Costo_test: 0.250817
Precision_test: 0.488636
Recall_test: 0.423645
F1_test: 0.453826
 

Arquitectura: _2_9_1_
Semilla: 1788095535
Segundos: 51
NIteraciones: 100000

Costo_train: 0.249679
Precision_train: 0.518318
Recall_train: 0.479297
F1_train: 0.498044

Costo_test: 0.250904
Precision_test: 0.488764
Recall_test: 0.428571
F1_test: 0.456693
 

Arquitectura: _2_9_1_
Semilla: 1788095535
Segundos: 51
NIteraciones: 100000

Costo_train: 0.249607
Precision_train: 0.513333
Recall_train: 0.483061
F1_train: 0.497738

Costo_test: 0.250782
Precision_test: 0.486339
Recall_test: 0.438424
F1_test: 0.461140
 

Arquitectura: _2_9_1_
Semilla: 1788095535
Segundos: 51
NIteraciones: 100000

Costo_train: 0.249448
Precision_train: 0.526899
Recall_train: 0.417817
F1_train: 0.466060

Costo_test: 0.251267
Precision_test: 0.435374
Recall_test: 0.315271
F1_test: 0.365714
 

Arquitectura: _2_9_1_
Semilla: 1788095535
Segundos: 51
NIteraciones: 100000

Costo_train: 0.249595
Precision_train: 0.510989
Recall_train: 0.466750
F1_train: 0.487869

Costo_test: 0.250867
Precision_test: 0.485876
Recall_test: 0.423645
F1_test: 0.452632
 

Arquitectura: _2_9_1_
Semilla: 1788095535
Segundos: 51
NIteraciones: 100000

Costo_train: 0.249299
Precision_train: 0.532625
Recall_train: 0.440401
F1_train: 0.482143

Costo_test: 0.251045
Precision_test: 0.471698
Recall_test: 0.369458
F1_test: 0.414365
 

Arquitectura: _2_9_1_
Semilla: 1788095535
Segundos: 51
NIteraciones: 100000

Costo_train: 0.249484
Precision_train: 0.518950
Recall_train: 0.446675
F1_train: 0.480108

Costo_test: 0.250830
Precision_test: 0.475610
Recall_test: 0.384236
F1_test: 0.425068
 

Arquitectura: _2_9_1_
Semilla: 1788095535
Segundos: 51
NIteraciones: 100000

Costo_train: 0.249409
Precision_train: 0.516595
Recall_train: 0.449184
F1_train: 0.480537

Costo_test: 0.250773
Precision_test: 0.476190
Recall_test: 0.394089
F1_test: 0.431267
 

Arquitectura: _2_9_1_
Semilla: 1788095535
Segundos: 51
NIteraciones: 100000

Costo_train: 0.249200
Precision_train: 0.533733
Recall_train: 0.446675
F1_train: 0.486339

Costo_test: 0.251170
Precision_test: 0.470588
Recall_test: 0.394089
F1_test: 0.428954
 

Arquitectura: _2_9_1_
Semilla: 1788095535
Segundos: 51
NIteraciones: 100000

Costo_train: 0.249239
Precision_train: 0.535503
Recall_train: 0.454203
F1_train: 0.491514

Costo_test: 0.251014
Precision_test: 0.484848
Recall_test: 0.394089
F1_test: 0.434783
 

Arquitectura: _2_9_1_
Semilla: 1788095535
Segundos: 51
NIteraciones: 100000

Costo_train: 0.249336
Precision_train: 0.528358
Recall_train: 0.444166
F1_train: 0.482618

Costo_test: 0.251004
Precision_test: 0.453947
Recall_test: 0.339901
F1_test: 0.388732
 

Arquitectura: _2_9_1_
Semilla: 1788095535
Segundos: 51
NIteraciones: 100000

Costo_train: 0.249324
Precision_train: 0.527027
Recall_train: 0.440401
F1_train: 0.479836

Costo_test: 0.250733
Precision_test: 0.485030
Recall_test: 0.399015
F1_test: 0.437838
 

Arquitectura: _2_9_1_
Semilla: 1788095535
Segundos: 51
NIteraciones: 100000

Costo_train: 0.249388
Precision_train: 0.531298
Recall_train: 0.436637
F1_train: 0.479339

Costo_test: 0.250892
Precision_test: 0.459119
Recall_test: 0.359606
F1_test: 0.403315
 

Arquitectura: _2_9_1_
Semilla: 1788095535
Segundos: 51
NIteraciones: 100000

Costo_train: 0.249278
Precision_train: 0.532544
Recall_train: 0.451694
F1_train: 0.488798

Costo_test: 0.250914
Precision_test: 0.475309
Recall_test: 0.379310
F1_test: 0.421918
 

Arquitectura: _2_9_1_
Semilla: 1788095535
Segundos: 51
NIteraciones: 100000

Costo_train: 0.249125
Precision_train: 0.533835
Recall_train: 0.445420
F1_train: 0.485636

Costo_test: 0.251058
Precision_test: 0.458824
Recall_test: 0.384236
F1_test: 0.418231
 

Arquitectura: _2_9_1_
Semilla: 1788095535
Segundos: 51
NIteraciones: 100000

Costo_train: 0.249674
Precision_train: 0.520584
Recall_train: 0.491844
F1_train: 0.505806

Costo_test: 0.250810
Precision_test: 0.491803
Recall_test: 0.443350
F1_test: 0.466321
 

Arquitectura: _2_9_1_
Semilla: 1788095535
Segundos: 51
NIteraciones: 100000

Costo_train: 0.249392
Precision_train: 0.529771
Recall_train: 0.435383
F1_train: 0.477961

Costo_test: 0.250955
Precision_test: 0.465839
Recall_test: 0.369458
F1_test: 0.412088
 

Arquitectura: _2_9_1_
Semilla: 1788095535
Segundos: 51
NIteraciones: 100000

Costo_train: 0.249604
Precision_train: 0.515581
Recall_train: 0.456713
F1_train: 0.484365

Costo_test: 0.250913
Precision_test: 0.473054
Recall_test: 0.389163
F1_test: 0.427027
 

Arquitectura: _2_9_1_
Semilla: 1788095535
Segundos: 51
NIteraciones: 100000

Costo_train: 0.249642
Precision_train: 0.515193
Recall_train: 0.468005
F1_train: 0.490467

Costo_test: 0.250883
Precision_test: 0.473373
Recall_test: 0.394089
F1_test: 0.430108
 

Arquitectura: _2_9_1_
Semilla: 1788095535
Segundos: 51
NIteraciones: 100000

Costo_train: 0.249341
Precision_train: 0.526471
Recall_train: 0.449184
F1_train: 0.484766

Costo_test: 0.250825
Precision_test: 0.497006
Recall_test: 0.408867
F1_test: 0.448649
 

Arquitectura: _2_9_1_
Semilla: 1788095535
Segundos: 51
NIteraciones: 100000

Costo_train: 0.249498
Precision_train: 0.518678
Recall_train: 0.452949
F1_train: 0.483590

Costo_test: 0.250818
Precision_test: 0.478788
Recall_test: 0.389163
F1_test: 0.429348
 

Arquitectura: _2_9_1_
Semilla: 1788095535
Segundos: 51
NIteraciones: 100000

Costo_train: 0.249688
Precision_train: 0.511873
Recall_train: 0.486826
F1_train: 0.499035

Costo_test: 0.250827
Precision_test: 0.491803
Recall_test: 0.443350
F1_test: 0.466321
 

Arquitectura: _2_9_1_
Semilla: 1788095535
Segundos: 51
NIteraciones: 100000

Costo_train: 0.249331
Precision_train: 0.530281
Recall_train: 0.450439
F1_train: 0.487110

Costo_test: 0.250861
Precision_test: 0.462025
Recall_test: 0.359606
F1_test: 0.404432
 

Arquitectura: _2_9_1_
Semilla: 1788095535
Segundos: 51
NIteraciones: 100000

Costo_train: 0.249416
Precision_train: 0.524106
Recall_train: 0.422836
F1_train: 0.468056

Costo_test: 0.250977
Precision_test: 0.464968
Recall_test: 0.359606
F1_test: 0.405556
 

Arquitectura: _2_9_1_
Semilla: 1788095535
Segundos: 51
NIteraciones: 100000

Costo_train: 0.249505
Precision_train: 0.512482
Recall_train: 0.437892
F1_train: 0.472260

Costo_test: 0.250851
Precision_test: 0.484472
Recall_test: 0.384236
F1_test: 0.428571
 

Arquitectura: _2_9_1_
Semilla: 1788095535
Segundos: 51
NIteraciones: 100000

Costo_train: 0.249419
Precision_train: 0.523737
Recall_train: 0.429109
F1_train: 0.471724

Costo_test: 0.250977
Precision_test: 0.465409
Recall_test: 0.364532
F1_test: 0.408840
 

Arquitectura: _2_9_1_
Semilla: 1788095535
Segundos: 51
NIteraciones: 100000

Costo_train: 0.249238
Precision_train: 0.532934
Recall_train: 0.446675
F1_train: 0.486007

Costo_test: 0.250870
Precision_test: 0.479042
Recall_test: 0.394089
F1_test: 0.432432
 

Arquitectura: _2_9_1_
Semilla: 1788095535
Segundos: 51
NIteraciones: 100000

Costo_train: 0.249343
Precision_train: 0.529940
Recall_train: 0.444166
F1_train: 0.483276

Costo_test: 0.250945
Precision_test: 0.474684
Recall_test: 0.369458
F1_test: 0.415512
 

Arquitectura: _2_9_1_
Semilla: 1788095535
Segundos: 51
NIteraciones: 100000

Costo_train: 0.249427
Precision_train: 0.520362
Recall_train: 0.432873
F1_train: 0.472603

Costo_test: 0.250785
Precision_test: 0.487952
Recall_test: 0.399015
F1_test: 0.439024
 

Arquitectura: _2_9_1_
Semilla: 1788095535
Segundos: 51
NIteraciones: 100000

Costo_train: 0.249589
Precision_train: 0.512195
Recall_train: 0.474279
F1_train: 0.492508

Costo_test: 0.250806
Precision_test: 0.486034
Recall_test: 0.428571
F1_test: 0.455497
 

Arquitectura: _2_9_1_
Semilla: 1788095535
Segundos: 51
NIteraciones: 100000

Costo_train: 0.249672
Precision_train: 0.518817
Recall_train: 0.484316
F1_train: 0.500973

Costo_test: 0.250872
Precision_test: 0.486034
Recall_test: 0.428571
F1_test: 0.455497
 

Arquitectura: _2_9_1_
Semilla: 1788095535
Segundos: 51
NIteraciones: 100000

Costo_train: 0.249249
Precision_train: 0.529674
Recall_train: 0.447930
F1_train: 0.485384

Costo_test: 0.251061
Precision_test: 0.463415
Recall_test: 0.374384
F1_test: 0.414169
 

Arquitectura: _2_9_1_
Semilla: 1788095535
Segundos: 51
NIteraciones: 100000

Costo_train: 0.249638
Precision_train: 0.516349
Recall_train: 0.475533
F1_train: 0.495101

Costo_test: 0.250846
Precision_test: 0.477778
Recall_test: 0.423645
F1_test: 0.449086
 

Arquitectura: _2_9_1_
Semilla: 1788095535
Segundos: 51
NIteraciones: 100000

Costo_train: 0.249562
Precision_train: 0.512712
Recall_train: 0.455458
F1_train: 0.482392

Costo_test: 0.250869
Precision_test: 0.470588
Recall_test: 0.394089
F1_test: 0.428954
 

Arquitectura: _2_9_1_
Semilla: 1788095535
Segundos: 51
NIteraciones: 100000

Costo_train: 0.249580
Precision_train: 0.511396
Recall_train: 0.450439
F1_train: 0.478986

Costo_test: 0.250850
Precision_test: 0.485380
Recall_test: 0.408867
F1_test: 0.443850
 

Arquitectura: _2_9_1_
Semilla: 1788095535
Segundos: 51
NIteraciones: 100000

Costo_train: 0.249595
Precision_train: 0.509116
Recall_train: 0.455458
F1_train: 0.480795

Costo_test: 0.250855
Precision_test: 0.477012
Recall_test: 0.408867
F1_test: 0.440318
 

Arquitectura: _2_9_1_
Semilla: 1788095535
Segundos: 51
NIteraciones: 100000

Costo_train: 0.249260
Precision_train: 0.529851
Recall_train: 0.445420
F1_train: 0.483981

Costo_test: 0.251063
Precision_test: 0.462963
Recall_test: 0.369458
F1_test: 0.410959
 

Arquitectura: _2_9_1_
Semilla: 1788095535
Segundos: 51
NIteraciones: 100000

Costo_train: 0.249197
Precision_train: 0.536404
Recall_train: 0.452949
F1_train: 0.491156

Costo_test: 0.250935
Precision_test: 0.476190
Recall_test: 0.394089
F1_test: 0.431267
 

Arquitectura: _2_9_1_
Semilla: 1788095535
Segundos: 51
NIteraciones: 100000

Costo_train: 0.249324
Precision_train: 0.528614
Recall_train: 0.440401
F1_train: 0.480493

Costo_test: 0.250821
Precision_test: 0.470968
Recall_test: 0.359606
F1_test: 0.407821
 

Arquitectura: _2_9_1_
Semilla: 1788095535
Segundos: 51
NIteraciones: 100000

Costo_train: 0.249524
Precision_train: 0.514535
Recall_train: 0.444166
F1_train: 0.476768

Costo_test: 0.250899
Precision_test: 0.475904
Recall_test: 0.389163
F1_test: 0.428184
 

Arquitectura: _2_9_1_
Semilla: 1788095535
Segundos: 51
NIteraciones: 100000

Costo_train: 0.249265
Precision_train: 0.532353
Recall_train: 0.454203
F1_train: 0.490183

Costo_test: 0.250766
Precision_test: 0.473373
Recall_test: 0.394089
F1_test: 0.430108
 

Arquitectura: _2_9_1_
Semilla: 1788095535
Segundos: 51
NIteraciones: 100000

Costo_train: 0.249645
Precision_train: 0.519621
Recall_train: 0.481807
F1_train: 0.500000

Costo_test: 0.250824
Precision_test: 0.488764
Recall_test: 0.428571
F1_test: 0.456693
 

Arquitectura: _2_9_1_
Semilla: 1788095535
Segundos: 51
NIteraciones: 100000

Costo_train: 0.249197
Precision_train: 0.535127
Recall_train: 0.449184
F1_train: 0.488404

Costo_test: 0.251046
Precision_test: 0.479532
Recall_test: 0.403941
F1_test: 0.438503
 

Arquitectura: _2_9_1_
Semilla: 1788095535
Segundos: 51
NIteraciones: 100000

Costo_train: 0.249576
Precision_train: 0.510899
Recall_train: 0.470514
F1_train: 0.489876

Costo_test: 0.250784
Precision_test: 0.483146
Recall_test: 0.423645
F1_test: 0.451444
 

Arquitectura: _2_9_1_
Semilla: 1788095535
Segundos: 51
NIteraciones: 100000

Costo_train: 0.249381
Precision_train: 0.525547
Recall_train: 0.451694
F1_train: 0.485830

Costo_test: 0.250799
Precision_test: 0.479290
Recall_test: 0.399015
F1_test: 0.435484
 

Arquitectura: _2_9_1_
Semilla: 1788095535
Segundos: 51
NIteraciones: 100000

Costo_train: 0.249593
Precision_train: 0.510373
Recall_train: 0.462986
F1_train: 0.485526

Costo_test: 0.250803
Precision_test: 0.483146
Recall_test: 0.423645
F1_test: 0.451444
 

Arquitectura: _2_9_1_
Semilla: 1788095535
Segundos: 51
NIteraciones: 100000

Costo_train: 0.249613
Precision_train: 0.516667
Recall_train: 0.466750
F1_train: 0.490442

Costo_test: 0.250872
Precision_test: 0.479532
Recall_test: 0.403941
F1_test: 0.438503
 

Arquitectura: _2_9_1_
Semilla: 1788095535
Segundos: 51
NIteraciones: 100000

Costo_train: 0.249374
Precision_train: 0.532925
Recall_train: 0.436637
F1_train: 0.480000

Costo_test: 0.250877
Precision_test: 0.466258
Recall_test: 0.374384
F1_test: 0.415301
 

Arquitectura: _2_9_1_
Semilla: 1788095535
Segundos: 51
NIteraciones: 100000

Costo_train: 0.249322
Precision_train: 0.530347
Recall_train: 0.460477
F1_train: 0.492948

Costo_test: 0.250778
Precision_test: 0.491018
Recall_test: 0.403941
F1_test: 0.443243
 

Arquitectura: _2_9_1_
Semilla: 1788095535
Segundos: 51
NIteraciones: 100000

Costo_train: 0.249224
Precision_train: 0.534535
Recall_train: 0.446675
F1_train: 0.486671

Costo_test: 0.250878
Precision_test: 0.476471
Recall_test: 0.399015
F1_test: 0.434316
 

Arquitectura: _2_9_1_
Semilla: 1788095535
Segundos: 51
NIteraciones: 100000

Costo_train: 0.249321
Precision_train: 0.528384
Recall_train: 0.455458
F1_train: 0.489218

Costo_test: 0.250704
Precision_test: 0.502959
Recall_test: 0.418719
F1_test: 0.456989
 

Arquitectura: _2_9_1_
Semilla: 1788095535
Segundos: 51
NIteraciones: 100000

Costo_train: 0.249409
Precision_train: 0.524615
Recall_train: 0.427854
F1_train: 0.471320

Costo_test: 0.251054
Precision_test: 0.458065
Recall_test: 0.349754
F1_test: 0.396648
 

Arquitectura: _2_9_1_
Semilla: 1788095535
Segundos: 51
NIteraciones: 100000

Costo_train: 0.249577
Precision_train: 0.510823
Recall_train: 0.444166
F1_train: 0.475168

Costo_test: 0.250868
Precision_test: 0.478788
Recall_test: 0.389163
F1_test: 0.429348
 

Arquitectura: _2_9_1_
Semilla: 1788095535
Segundos: 51
NIteraciones: 100000

Costo_train: 0.249669
Precision_train: 0.517380
Recall_train: 0.485571
F1_train: 0.500971

Costo_test: 0.250869
Precision_test: 0.486188
Recall_test: 0.433498
F1_test: 0.458333
 

Arquitectura: _2_9_1_
Semilla: 1788095535
Segundos: 51
NIteraciones: 100000

Costo_train: 0.249637
Precision_train: 0.517760
Recall_train: 0.475533
F1_train: 0.495749

Costo_test: 0.250788
Precision_test: 0.479769
Recall_test: 0.408867
F1_test: 0.441489
 

Arquitectura: _2_9_1_
Semilla: 1788095535
Segundos: 51
NIteraciones: 100000

Costo_train: 0.249636
Precision_train: 0.519411
Recall_train: 0.486826
F1_train: 0.502591

Costo_test: 0.250823
Precision_test: 0.491525
Recall_test: 0.428571
F1_test: 0.457895
 

Arquitectura: _2_9_1_
Semilla: 1788095535
Segundos: 51
NIteraciones: 100000

Costo_train: 0.249295
Precision_train: 0.531065
Recall_train: 0.450439
F1_train: 0.487441

Costo_test: 0.251061
Precision_test: 0.466258
Recall_test: 0.374384
F1_test: 0.415301
 

Arquitectura: _2_9_1_
Semilla: 1788095535
Segundos: 51
NIteraciones: 100000

Costo_train: 0.249398
Precision_train: 0.523881
Recall_train: 0.440401
F1_train: 0.478528

Costo_test: 0.250793
Precision_test: 0.472727
Recall_test: 0.384236
F1_test: 0.423913
 

Arquitectura: _2_9_1_
Semilla: 1788095535
Segundos: 51
NIteraciones: 100000

Costo_train: 0.249135
Precision_train: 0.542222
Recall_train: 0.459222
F1_train: 0.497283

Costo_test: 0.251035
Precision_test: 0.476471
Recall_test: 0.399015
F1_test: 0.434316
 

Arquitectura: _2_9_1_
Semilla: 1788095535
Segundos: 51
NIteraciones: 100000

Costo_train: 0.249285
Precision_train: 0.531609
Recall_train: 0.464241
F1_train: 0.495646

Costo_test: 0.250788
Precision_test: 0.494186
Recall_test: 0.418719
F1_test: 0.453333
 

Arquitectura: _2_9_1_
Semilla: 1788095535
Segundos: 51
NIteraciones: 100000

Costo_train: 0.249273
Precision_train: 0.532641
Recall_train: 0.450439
F1_train: 0.488103

Costo_test: 0.251011
Precision_test: 0.490683
Recall_test: 0.389163
F1_test: 0.434066
 

Arquitectura: _2_9_1_
Semilla: 1788095535
Segundos: 51
NIteraciones: 100000

Costo_train: 0.249324
Precision_train: 0.527273
Recall_train: 0.436637
F1_train: 0.477694

Costo_test: 0.250886
Precision_test: 0.478528
Recall_test: 0.384236
F1_test: 0.426230
 

Arquitectura: _2_9_1_
Semilla: 1788095535
Segundos: 51
NIteraciones: 100000

Costo_train: 0.249650
Precision_train: 0.516266
Recall_train: 0.457967
F1_train: 0.485372

Costo_test: 0.250811
Precision_test: 0.488095
Recall_test: 0.403941
F1_test: 0.442049
 

Arquitectura: _2_9_1_
Semilla: 1788095535
Segundos: 51
NIteraciones: 100000

Costo_train: 0.249509
Precision_train: 0.513909
Recall_train: 0.440401
F1_train: 0.474324

Costo_test: 0.250837
Precision_test: 0.481707
Recall_test: 0.389163
F1_test: 0.430518
 

Arquitectura: _2_9_1_
Semilla: 1788095535
Segundos: 51
NIteraciones: 100000

Costo_train: 0.249484
Precision_train: 0.518462
Recall_train: 0.422836
F1_train: 0.465791

Costo_test: 0.250915
Precision_test: 0.473684
Recall_test: 0.354680
F1_test: 0.405634
 

Arquitectura: _2_9_1_
Semilla: 1788095535
Segundos: 51
NIteraciones: 100000

Costo_train: 0.249604
Precision_train: 0.517241
Recall_train: 0.470514
F1_train: 0.492773

Costo_test: 0.250853
Precision_test: 0.482955
Recall_test: 0.418719
F1_test: 0.448549
 

Arquitectura: _2_9_1_
Semilla: 1788095535
Segundos: 51
NIteraciones: 100000

Costo_train: 0.249411
Precision_train: 0.525000
Recall_train: 0.447930
F1_train: 0.483412

Costo_test: 0.250786
Precision_test: 0.476190
Recall_test: 0.394089
F1_test: 0.431267
 

Arquitectura: _2_9_1_
Semilla: 1788095535
Segundos: 51
NIteraciones: 100000

Costo_train: 0.249055
Precision_train: 0.538799
Recall_train: 0.461731
F1_train: 0.497297

Costo_test: 0.251350
Precision_test: 0.464706
Recall_test: 0.389163
F1_test: 0.423592
 

Arquitectura: _2_9_1_
Semilla: 1788095535
Segundos: 51
NIteraciones: 100000

Costo_train: 0.249684
Precision_train: 0.517473
Recall_train: 0.483061
F1_train: 0.499676

Costo_test: 0.250884
Precision_test: 0.483333
Recall_test: 0.428571
F1_test: 0.454308
 

Arquitectura: _2_9_1_
Semilla: 1788095535
Segundos: 51
NIteraciones: 100000

Costo_train: 0.249638
Precision_train: 0.519621
Recall_train: 0.481807
F1_train: 0.500000

Costo_test: 0.250796
Precision_test: 0.482955
Recall_test: 0.418719
F1_test: 0.448549
 

Arquitectura: _2_9_1_
Semilla: 1788095535
Segundos: 51
NIteraciones: 100000

Costo_train: 0.249424
Precision_train: 0.518409
Recall_train: 0.441656
F1_train: 0.476965

Costo_test: 0.250745
Precision_test: 0.481928
Recall_test: 0.394089
F1_test: 0.433604
 

Arquitectura: _2_9_1_
Semilla: 1788095535
Segundos: 51
NIteraciones: 100000

Costo_train: 0.249145
Precision_train: 0.538117
Recall_train: 0.451694
F1_train: 0.491132

Costo_test: 0.251081
Precision_test: 0.473684
Recall_test: 0.399015
F1_test: 0.433155
 

Arquitectura: _2_9_1_
Semilla: 1788095535
Segundos: 51
NIteraciones: 100000

Costo_train: 0.249583
Precision_train: 0.511236
Recall_train: 0.456713
F1_train: 0.482439

Costo_test: 0.250847
Precision_test: 0.479769
Recall_test: 0.408867
F1_test: 0.441489
 

Arquitectura: _2_9_1_
Semilla: 1788095535
Segundos: 51
NIteraciones: 100000

Costo_train: 0.249671
Precision_train: 0.518121
Recall_train: 0.484316
F1_train: 0.500648

Costo_test: 0.250818
Precision_test: 0.486188
Recall_test: 0.433498
F1_test: 0.458333
 

Arquitectura: _2_9_1_
Semilla: 1788095535
Segundos: 51
NIteraciones: 100000

Costo_train: 0.249655
Precision_train: 0.515625
Recall_train: 0.455458
F1_train: 0.483678

Costo_test: 0.251020
Precision_test: 0.478788
Recall_test: 0.389163
F1_test: 0.429348
 

Arquitectura: _2_9_1_
Semilla: 1788095535
Segundos: 51
NIteraciones: 100000

Costo_train: 0.249548
Precision_train: 0.510638
Recall_train: 0.451694
F1_train: 0.479361

Costo_test: 0.250827
Precision_test: 0.482143
Recall_test: 0.399015
F1_test: 0.436658
 

Arquitectura: _2_9_1_
Semilla: 1788095535
Segundos: 51
NIteraciones: 100000

Costo_train: 0.249181
Precision_train: 0.541667
Recall_train: 0.456713
F1_train: 0.495575

Costo_test: 0.250985
Precision_test: 0.476744
Recall_test: 0.403941
F1_test: 0.437333
 

Arquitectura: _2_9_1_
Semilla: 1788095535
Segundos: 51
NIteraciones: 100000

Costo_train: 0.249642
Precision_train: 0.516915
Recall_train: 0.479297
F1_train: 0.497396

Costo_test: 0.250871
Precision_test: 0.485876
Recall_test: 0.423645
F1_test: 0.452632
 

Arquitectura: _2_9_1_
Semilla: 1788095535
Segundos: 51
NIteraciones: 100000

Costo_train: 0.249525
Precision_train: 0.516452
Recall_train: 0.452949
F1_train: 0.482620

Costo_test: 0.250827
Precision_test: 0.475904
Recall_test: 0.389163
F1_test: 0.428184
 

Arquitectura: _2_9_1_
Semilla: 1788095535
Segundos: 51
NIteraciones: 100000

Costo_train: 0.249537
Precision_train: 0.512857
Recall_train: 0.450439
F1_train: 0.479626

Costo_test: 0.250886
Precision_test: 0.481481
Recall_test: 0.384236
F1_test: 0.427397
 

Arquitectura: _2_9_1_
Semilla: 1788095535
Segundos: 51
NIteraciones: 100000

Costo_train: 0.249129
Precision_train: 0.541973
Recall_train: 0.461731
F1_train: 0.498645

Costo_test: 0.251064
Precision_test: 0.479532
Recall_test: 0.403941
F1_test: 0.438503
 

Arquitectura: _2_9_1_
Semilla: 1788095535
Segundos: 51
NIteraciones: 100000

Costo_train: 0.249623
Precision_train: 0.510490
Recall_train: 0.457967
F1_train: 0.482804

Costo_test: 0.250857
Precision_test: 0.485549
Recall_test: 0.413793
F1_test: 0.446809
 

Arquitectura: _2_9_1_
Semilla: 1788095535
Segundos: 51
NIteraciones: 100000

Costo_train: 0.249464
Precision_train: 0.519424
Recall_train: 0.452949
F1_train: 0.483914

Costo_test: 0.250870
Precision_test: 0.485207
Recall_test: 0.403941
F1_test: 0.440860
 

Arquitectura: _2_9_1_
Semilla: 1788095535
Segundos: 51
NIteraciones: 100000

Costo_train: 0.249326
Precision_train: 0.528158
Recall_train: 0.435383
F1_train: 0.477304

Costo_test: 0.250859
Precision_test: 0.481250
Recall_test: 0.379310
F1_test: 0.424242
 

Arquitectura: _2_9_1_
Semilla: 1788095535
Segundos: 51
NIteraciones: 100000

Costo_train: 0.249645
Precision_train: 0.517053
Recall_train: 0.475533
F1_train: 0.495425

Costo_test: 0.250840
Precision_test: 0.485549
Recall_test: 0.413793
F1_test: 0.446809
 

Arquitectura: _2_9_1_
Semilla: 1788095535
Segundos: 51
NIteraciones: 100000

Costo_train: 0.249475
Precision_train: 0.516616
Recall_train: 0.429109
F1_train: 0.468814

Costo_test: 0.250867
Precision_test: 0.470968
Recall_test: 0.359606
F1_test: 0.407821
 

Arquitectura: _2_9_1_
Semilla: 1788095535
Segundos: 51
NIteraciones: 100000

Costo_train: 0.249490
Precision_train: 0.516693
Recall_train: 0.407779
F1_train: 0.455820

Costo_test: 0.251215
Precision_test: 0.462585
Recall_test: 0.334975
F1_test: 0.388571
 

Arquitectura: _2_9_1_
Semilla: 1788095535
Segundos: 51
NIteraciones: 100000

Costo_train: 0.249366
Precision_train: 0.529412
Recall_train: 0.451694
F1_train: 0.487475

Costo_test: 0.250758
Precision_test: 0.485207
Recall_test: 0.403941
F1_test: 0.440860
 


--- Test Profunda 3.0 ---
Iteración 10000
Costo: 0.250025
Iteración 20000
Costo: 0.250004
Iteración 30000
Costo: 0.249986
Iteración 40000
Costo: 0.249969
Iteración 50000
Costo: 0.249950
Iteración 60000
Costo: 0.249932
Iteración 70000
Costo: 0.249913
Iteración 80000
Costo: 0.249892
Iteración 90000
Costo: 0.249871

Arquitectura: _2_3_3_3_1_
Semilla: 1788095586
Segundos: 140
NIteraciones: 100000

Costo_train: 0.249848
Precision_train: 0.509202
Recall_train: 0.416562
F1_train: 0.458247

Costo_test: 0.250422
Precision_test: 0.450980
Recall_test: 0.339901
F1_test: 0.387640
 

Arquitectura: _2_3_3_3_1_
Semilla: 1788095586
Segundos: 140
NIteraciones: 100000

Costo_train: 0.249901
Precision_train: 0.516638
Recall_train: 0.370138
F1_train: 0.431287

Costo_test: 0.250377
Precision_test: 0.464286
Recall_test: 0.320197
F1_test: 0.379009
 

Arquitectura: _2_3_3_3_1_
Semilla: 1788095586
Segundos: 140
NIteraciones: 100000

Costo_train: 0.249903
Precision_train: 0.534066
Recall_train: 0.304893
F1_train: 0.388179

Costo_test: 0.250136
Precision_test: 0.449541
Recall_test: 0.241379
F1_test: 0.314103
 

Arquitectura: _2_3_3_3_1_
Semilla: 1788095586
Segundos: 140
NIteraciones: 100000

Costo_train: 0.249774
Precision_train: 0.512482
Recall_train: 0.437892
F1_train: 0.472260

Costo_test: 0.250353
Precision_test: 0.469880
Recall_test: 0.384236
F1_test: 0.422764
 

Arquitectura: _2_3_3_3_1_
Semilla: 1788095586
Segundos: 140
NIteraciones: 100000

Costo_train: 0.249850
Precision_train: 0.507937
Recall_train: 0.401506
F1_train: 0.448493

Costo_test: 0.250135
Precision_test: 0.487179
Recall_test: 0.374384
F1_test: 0.423398
 

Arquitectura: _2_3_3_3_1_
Semilla: 1788095586
Segundos: 140
NIteraciones: 100000

Costo_train: 0.249928
Precision_train: 0.517103
Recall_train: 0.322459
F1_train: 0.397218

Costo_test: 0.250240
Precision_test: 0.440678
Recall_test: 0.256158
F1_test: 0.323988
 

Arquitectura: _2_3_3_3_1_
Semilla: 1788095586
Segundos: 140
NIteraciones: 100000

Costo_train: 0.249986
Precision_train: -nan(ind)
Recall_train: 0.000000
F1_train: -nan(ind)

Costo_test: 0.250029
Precision_test: -nan(ind)
Recall_test: 0.000000
F1_test: -nan(ind)
 

Arquitectura: _2_3_3_3_1_
Semilla: 1788095586
Segundos: 140
NIteraciones: 100000

Costo_train: 0.249996
Precision_train: -nan(ind)
Recall_train: 0.000000
F1_train: -nan(ind)

Costo_test: 0.250024
Precision_test: -nan(ind)
Recall_test: 0.000000
F1_test: -nan(ind)
 

Arquitectura: _2_3_3_3_1_
Semilla: 1788095586
Segundos: 140
NIteraciones: 100000

Costo_train: 0.249800
Precision_train: 0.509985
Recall_train: 0.416562
F1_train: 0.458564

Costo_test: 0.250342
Precision_test: 0.467949
Recall_test: 0.359606
F1_test: 0.406685
 

Arquitectura: _2_3_3_3_1_
Semilla: 1788095586
Segundos: 140
NIteraciones: 100000

Costo_train: 0.249847
Precision_train: 0.512397
Recall_train: 0.388959
F1_train: 0.442225

Costo_test: 0.250270
Precision_test: 0.457746
Recall_test: 0.320197
F1_test: 0.376812
 

Arquitectura: _2_3_3_3_1_
Semilla: 1788095586
Segundos: 140
NIteraciones: 100000

Costo_train: 0.249788
Precision_train: 0.515198
Recall_train: 0.425345
F1_train: 0.465979

Costo_test: 0.250377
Precision_test: 0.478788
Recall_test: 0.389163
F1_test: 0.429348
 

Arquitectura: _2_3_3_3_1_
Semilla: 1788095586
Segundos: 140
NIteraciones: 100000

Costo_train: 0.249885
Precision_train: 0.514925
Recall_train: 0.346299
F1_train: 0.414104

Costo_test: 0.250261
Precision_test: 0.430769
Recall_test: 0.275862
F1_test: 0.336336
 

Arquitectura: _2_3_3_3_1_
Semilla: 1788095586
Segundos: 140
NIteraciones: 100000

Costo_train: 0.249962
Precision_train: 0.543210
Recall_train: 0.055207
F1_train: 0.100228

Costo_test: 0.250091
Precision_test: 0.421053
Recall_test: 0.039409
F1_test: 0.072072
 

Arquitectura: _2_3_3_3_1_
Semilla: 1788095586
Segundos: 140
NIteraciones: 100000

Costo_train: 0.249745
Precision_train: 0.518841
Recall_train: 0.449184
F1_train: 0.481506

Costo_test: 0.250663
Precision_test: 0.481707
Recall_test: 0.389163
F1_test: 0.430518
 

Arquitectura: _2_3_3_3_1_
Semilla: 1788095586
Segundos: 140
NIteraciones: 100000

Costo_train: 0.249981
Precision_train: 0.521429
Recall_train: 0.091593
F1_train: 0.155816

Costo_test: 0.249997
Precision_test: 0.560000
Recall_test: 0.068966
F1_test: 0.122807
 

Arquitectura: _2_3_3_3_1_
Semilla: 1788095586
Segundos: 140
NIteraciones: 100000

Costo_train: 0.249983
Precision_train: 0.551724
Recall_train: 0.020075
F1_train: 0.038741

Costo_test: 0.250009
Precision_test: 0.500000
Recall_test: 0.009852
F1_test: 0.019324
 

Arquitectura: _2_3_3_3_1_
Semilla: 1788095586
Segundos: 140
NIteraciones: 100000

Costo_train: 0.249957
Precision_train: 0.567686
Recall_train: 0.163112
F1_train: 0.253411

Costo_test: 0.250138
Precision_test: 0.410714
Recall_test: 0.113300
F1_test: 0.177606
 

Arquitectura: _2_3_3_3_1_
Semilla: 1788095586
Segundos: 140
NIteraciones: 100000

Costo_train: 0.249737
Precision_train: 0.514523
Recall_train: 0.466750
F1_train: 0.489474

Costo_test: 0.250631
Precision_test: 0.491124
Recall_test: 0.408867
F1_test: 0.446237
 

Arquitectura: _2_3_3_3_1_
Semilla: 1788095586
Segundos: 140
NIteraciones: 100000

Costo_train: 0.249864
Precision_train: 0.500835
Recall_train: 0.376412
F1_train: 0.429799

Costo_test: 0.250120
Precision_test: 0.496732
Recall_test: 0.374384
F1_test: 0.426966
 

Arquitectura: _2_3_3_3_1_
Semilla: 1788095586
Segundos: 140
NIteraciones: 100000

Costo_train: 0.249991
Precision_train: -nan(ind)
Recall_train: 0.000000
F1_train: -nan(ind)

Costo_test: 0.250079
Precision_test: -nan(ind)
Recall_test: 0.000000
F1_test: -nan(ind)
 

Arquitectura: _2_3_3_3_1_
Semilla: 1788095586
Segundos: 140
NIteraciones: 100000

Costo_train: 0.249726
Precision_train: 0.515950
Recall_train: 0.466750
F1_train: 0.490119

Costo_test: 0.250679
Precision_test: 0.483333
Recall_test: 0.428571
F1_test: 0.454308
 

Arquitectura: _2_3_3_3_1_
Semilla: 1788095586
Segundos: 140
NIteraciones: 100000

Costo_train: 0.249951
Precision_train: 0.581699
Recall_train: 0.111669
F1_train: 0.187368

Costo_test: 0.250096
Precision_test: 0.314286
Recall_test: 0.054187
F1_test: 0.092437
 

Arquitectura: _2_3_3_3_1_
Semilla: 1788095586
Segundos: 140
NIteraciones: 100000

Costo_train: 0.249718
Precision_train: 0.518207
Recall_train: 0.464241
F1_train: 0.489742

Costo_test: 0.250875
Precision_test: 0.474576
Recall_test: 0.413793
F1_test: 0.442105
 

Arquitectura: _2_3_3_3_1_
Semilla: 1788095586
Segundos: 140
NIteraciones: 100000

Costo_train: 0.249889
Precision_train: 0.519916
Recall_train: 0.311167
F1_train: 0.389325

Costo_test: 0.250166
Precision_test: 0.444444
Recall_test: 0.256158
F1_test: 0.325000
 

Arquitectura: _2_3_3_3_1_
Semilla: 1788095586
Segundos: 140
NIteraciones: 100000

Costo_train: 0.250012
Precision_train: -nan(ind)
Recall_train: 0.000000
F1_train: -nan(ind)

Costo_test: 0.250031
Precision_test: -nan(ind)
Recall_test: 0.000000
F1_test: -nan(ind)
 

Arquitectura: _2_3_3_3_1_
Semilla: 1788095586
Segundos: 140
NIteraciones: 100000

Costo_train: 0.249972
Precision_train: 0.555556
Recall_train: 0.106650
F1_train: 0.178947

Costo_test: 0.250012
Precision_test: 0.529412
Recall_test: 0.088670
F1_test: 0.151899
 

Arquitectura: _2_3_3_3_1_
Semilla: 1788095586
Segundos: 140
NIteraciones: 100000

Costo_train: 0.249887
Precision_train: 0.502664
Recall_train: 0.355082
F1_train: 0.416176

Costo_test: 0.250084
Precision_test: 0.500000
Recall_test: 0.344828
F1_test: 0.408163
 

Arquitectura: _2_3_3_3_1_
Semilla: 1788095586
Segundos: 140
NIteraciones: 100000

Costo_train: 0.250014
Precision_train: -nan(ind)
Recall_train: 0.000000
F1_train: -nan(ind)

Costo_test: 0.250009
Precision_test: -nan(ind)
Recall_test: 0.000000
F1_test: -nan(ind)
 

Arquitectura: _2_3_3_3_1_
Semilla: 1788095586
Segundos: 140
NIteraciones: 100000

Costo_train: 0.249935
Precision_train: 0.564189
Recall_train: 0.209536
F1_train: 0.305581

Costo_test: 0.250134
Precision_test: 0.407895
Recall_test: 0.152709
F1_test: 0.222222
 

Arquitectura: _2_3_3_3_1_
Semilla: 1788095586
Segundos: 140
NIteraciones: 100000

Costo_train: 0.249725
Precision_train: 0.518258
Recall_train: 0.462986
F1_train: 0.489066

Costo_test: 0.250825
Precision_test: 0.483146
Recall_test: 0.423645
F1_test: 0.451444
 

Arquitectura: _2_3_3_3_1_
Semilla: 1788095586
Segundos: 140
NIteraciones: 100000

Costo_train: 0.249985
Precision_train: -nan(ind)
Recall_train: 0.000000
F1_train: -nan(ind)

Costo_test: 0.250070
Precision_test: -nan(ind)
Recall_test: 0.000000
F1_test: -nan(ind)
 

Arquitectura: _2_3_3_3_1_
Semilla: 1788095586
Segundos: 140
NIteraciones: 100000

Costo_train: 0.249778
Precision_train: 0.512555
Recall_train: 0.435383
F1_train: 0.470828

Costo_test: 0.250619
Precision_test: 0.481481
Recall_test: 0.384236
F1_test: 0.427397
 

Arquitectura: _2_3_3_3_1_
Semilla: 1788095586
Segundos: 140
NIteraciones: 100000

Costo_train: 0.249788
Precision_train: 0.517557
Recall_train: 0.425345
F1_train: 0.466942

Costo_test: 0.250412
Precision_test: 0.493750
Recall_test: 0.389163
F1_test: 0.435262
 

Arquitectura: _2_3_3_3_1_
Semilla: 1788095586
Segundos: 140
NIteraciones: 100000

Costo_train: 0.249915
Precision_train: 0.511321
Recall_train: 0.340025
F1_train: 0.408440

Costo_test: 0.250242
Precision_test: 0.459677
Recall_test: 0.280788
F1_test: 0.348624
 

Arquitectura: _2_3_3_3_1_
Semilla: 1788095586
Segundos: 140
NIteraciones: 100000

Costo_train: 0.249883
Precision_train: 0.507799
Recall_train: 0.367629
F1_train: 0.426492

Costo_test: 0.250065
Precision_test: 0.489796
Recall_test: 0.354680
F1_test: 0.411429
 

Arquitectura: _2_3_3_3_1_
Semilla: 1788095586
Segundos: 140
NIteraciones: 100000

Costo_train: 0.250000
Precision_train: -nan(ind)
Recall_train: 0.000000
F1_train: -nan(ind)

Costo_test: 0.250007
Precision_test: -nan(ind)
Recall_test: 0.000000
F1_test: -nan(ind)
 

Arquitectura: _2_3_3_3_1_
Semilla: 1788095586
Segundos: 140
NIteraciones: 100000

Costo_train: 0.249871
Precision_train: 0.510204
Recall_train: 0.376412
F1_train: 0.433213

Costo_test: 0.250072
Precision_test: 0.493243
Recall_test: 0.359606
F1_test: 0.415954
 

Arquitectura: _2_3_3_3_1_
Semilla: 1788095586
Segundos: 140
NIteraciones: 100000

Costo_train: 0.249959
Precision_train: 0.541176
Recall_train: 0.057716
F1_train: 0.104308

Costo_test: 0.250052
Precision_test: 0.384615
Recall_test: 0.049261
F1_test: 0.087336
 

Arquitectura: _2_3_3_3_1_
Semilla: 1788095586
Segundos: 140
NIteraciones: 100000

Costo_train: 0.249922
Precision_train: 0.520988
Recall_train: 0.264743
F1_train: 0.351082

Costo_test: 0.250142
Precision_test: 0.404040
Recall_test: 0.197044
F1_test: 0.264901
 

Arquitectura: _2_3_3_3_1_
Semilla: 1788095586
Segundos: 140
NIteraciones: 100000

Costo_train: 0.249981
Precision_train: 0.625000
Recall_train: 0.006274
F1_train: 0.012422

Costo_test: 0.250075
Precision_test: -nan(ind)
Recall_test: 0.000000
F1_test: -nan(ind)
 

Arquitectura: _2_3_3_3_1_
Semilla: 1788095586
Segundos: 140
NIteraciones: 100000

Costo_train: 0.249973
Precision_train: 0.528736
Recall_train: 0.057716
F1_train: 0.104072

Costo_test: 0.250107
Precision_test: 0.450000
Recall_test: 0.044335
F1_test: 0.080717
 

Arquitectura: _2_3_3_3_1_
Semilla: 1788095586
Segundos: 140
NIteraciones: 100000

Costo_train: 0.249763
Precision_train: 0.516312
Recall_train: 0.456713
F1_train: 0.484687

Costo_test: 0.250529
Precision_test: 0.487952
Recall_test: 0.399015
F1_test: 0.439024
 

Arquitectura: _2_3_3_3_1_
Semilla: 1788095586
Segundos: 140
NIteraciones: 100000

Costo_train: 0.249933
Precision_train: 0.539936
Recall_train: 0.212045
F1_train: 0.304505

Costo_test: 0.250092
Precision_test: 0.389610
Recall_test: 0.147783
F1_test: 0.214286
 

Arquitectura: _2_3_3_3_1_
Semilla: 1788095586
Segundos: 140
NIteraciones: 100000

Costo_train: 0.249873
Precision_train: 0.506173
Recall_train: 0.360100
F1_train: 0.420821

Costo_test: 0.250355
Precision_test: 0.438462
Recall_test: 0.280788
F1_test: 0.342342
 

Arquitectura: _2_3_3_3_1_
Semilla: 1788095586
Segundos: 140
NIteraciones: 100000

Costo_train: 0.249777
Precision_train: 0.512301
Recall_train: 0.444166
F1_train: 0.475806

Costo_test: 0.250527
Precision_test: 0.471698
Recall_test: 0.369458
F1_test: 0.414365
 

Arquitectura: _2_3_3_3_1_
Semilla: 1788095586
Segundos: 140
NIteraciones: 100000

Costo_train: 0.249991
Precision_train: -nan(ind)
Recall_train: 0.000000
F1_train: -nan(ind)

Costo_test: 0.250036
Precision_test: -nan(ind)
Recall_test: 0.000000
F1_test: -nan(ind)
 

Arquitectura: _2_3_3_3_1_
Semilla: 1788095586
Segundos: 140
NIteraciones: 100000

Costo_train: 0.249988
Precision_train: -nan(ind)
Recall_train: 0.000000
F1_train: -nan(ind)

Costo_test: 0.250031
Precision_test: -nan(ind)
Recall_test: 0.000000
F1_test: -nan(ind)
 

Arquitectura: _2_3_3_3_1_
Semilla: 1788095586
Segundos: 140
NIteraciones: 100000

Costo_train: 0.249926
Precision_train: 0.532134
Recall_train: 0.259724
F1_train: 0.349073

Costo_test: 0.250099
Precision_test: 0.411111
Recall_test: 0.182266
F1_test: 0.252560
 

Arquitectura: _2_3_3_3_1_
Semilla: 1788095586
Segundos: 140
NIteraciones: 100000

Costo_train: 0.249927
Precision_train: 0.512150
Recall_train: 0.343789
F1_train: 0.411411

Costo_test: 0.250280
Precision_test: 0.452381
Recall_test: 0.280788
F1_test: 0.346505
 

Arquitectura: _2_3_3_3_1_
Semilla: 1788095586
Segundos: 140
NIteraciones: 100000

Costo_train: 0.249932
Precision_train: 0.548628
Recall_train: 0.276035
F1_train: 0.367279

Costo_test: 0.250187
Precision_test: 0.419355
Recall_test: 0.192118
F1_test: 0.263514
 

Arquitectura: _2_3_3_3_1_
Semilla: 1788095586
Segundos: 140
NIteraciones: 100000

Costo_train: 0.249948
Precision_train: 0.491892
Recall_train: 0.114178
F1_train: 0.185336

Costo_test: 0.250067
Precision_test: 0.425532
Recall_test: 0.098522
F1_test: 0.160000
 

Arquitectura: _2_3_3_3_1_
Semilla: 1788095586
Segundos: 140
NIteraciones: 100000

Costo_train: 0.249786
Precision_train: 0.512232
Recall_train: 0.420326
F1_train: 0.461751

Costo_test: 0.250350
Precision_test: 0.462500
Recall_test: 0.364532
F1_test: 0.407714
 

Arquitectura: _2_3_3_3_1_
Semilla: 1788095586
Segundos: 140
NIteraciones: 100000

Costo_train: 0.249958
Precision_train: 0.503356
Recall_train: 0.282309
F1_train: 0.361736

Costo_test: 0.249970
Precision_test: 0.476190
Recall_test: 0.246305
F1_test: 0.324675
 

Arquitectura: _2_3_3_3_1_
Semilla: 1788095586
Segundos: 140
NIteraciones: 100000

Costo_train: 0.249838
Precision_train: 0.513957
Recall_train: 0.392723
F1_train: 0.445235

Costo_test: 0.250255
Precision_test: 0.462069
Recall_test: 0.330049
F1_test: 0.385057
 

Arquitectura: _2_3_3_3_1_
Semilla: 1788095586
Segundos: 140
NIteraciones: 100000

Costo_train: 0.249875
Precision_train: 0.519553
Recall_train: 0.350063
F1_train: 0.418291

Costo_test: 0.250132
Precision_test: 0.470149
Recall_test: 0.310345
F1_test: 0.373887
 

Arquitectura: _2_3_3_3_1_
Semilla: 1788095586
Segundos: 140
NIteraciones: 100000

Costo_train: 0.249889
Precision_train: 0.519920
Recall_train: 0.327478
F1_train: 0.401848

Costo_test: 0.250090
Precision_test: 0.479339
Recall_test: 0.285714
F1_test: 0.358025
 

Arquitectura: _2_3_3_3_1_
Semilla: 1788095586
Segundos: 140
NIteraciones: 100000

Costo_train: 0.249995
Precision_train: -nan(ind)
Recall_train: 0.000000
F1_train: -nan(ind)

Costo_test: 0.250019
Precision_test: -nan(ind)
Recall_test: 0.000000
F1_test: -nan(ind)
 

Arquitectura: _2_3_3_3_1_
Semilla: 1788095586
Segundos: 140
NIteraciones: 100000

Costo_train: 0.249878
Precision_train: 0.517510
Recall_train: 0.333752
F1_train: 0.405797

Costo_test: 0.250207
Precision_test: 0.432000
Recall_test: 0.266010
F1_test: 0.329268
 

Arquitectura: _2_3_3_3_1_
Semilla: 1788095586
Segundos: 140
NIteraciones: 100000

Costo_train: 0.249964
Precision_train: 0.544304
Recall_train: 0.053952
F1_train: 0.098174

Costo_test: 0.250094
Precision_test: 0.444444
Recall_test: 0.039409
F1_test: 0.072398
 

Arquitectura: _2_3_3_3_1_
Semilla: 1788095586
Segundos: 140
NIteraciones: 100000

Costo_train: 0.249864
Precision_train: 0.510949
Recall_train: 0.351317
F1_train: 0.416357

Costo_test: 0.250248
Precision_test: 0.437500
Recall_test: 0.275862
F1_test: 0.338369
 

Arquitectura: _2_3_3_3_1_
Semilla: 1788095586
Segundos: 140
NIteraciones: 100000

Costo_train: 0.249969
Precision_train: 0.486111
Recall_train: 0.043915
F1_train: 0.080552

Costo_test: 0.250031
Precision_test: 0.428571
Recall_test: 0.029557
F1_test: 0.055300
 

Arquitectura: _2_3_3_3_1_
Semilla: 1788095586
Segundos: 140
NIteraciones: 100000

Costo_train: 0.249809
Precision_train: 0.511774
Recall_train: 0.409034
F1_train: 0.454672

Costo_test: 0.250310
Precision_test: 0.455696
Recall_test: 0.354680
F1_test: 0.398892
 

Arquitectura: _2_3_3_3_1_
Semilla: 1788095586
Segundos: 140
NIteraciones: 100000

Costo_train: 0.249947
Precision_train: 0.572000
Recall_train: 0.179423
F1_train: 0.273161

Costo_test: 0.250110
Precision_test: 0.417910
Recall_test: 0.137931
F1_test: 0.207407
 

Arquitectura: _2_3_3_3_1_
Semilla: 1788095586
Segundos: 140
NIteraciones: 100000

Costo_train: 0.249760
Precision_train: 0.510638
Recall_train: 0.421581
F1_train: 0.461856

Costo_test: 0.250573
Precision_test: 0.468354
Recall_test: 0.364532
F1_test: 0.409972
 

Arquitectura: _2_3_3_3_1_
Semilla: 1788095586
Segundos: 140
NIteraciones: 100000

Costo_train: 0.249988
Precision_train: -nan(ind)
Recall_train: 0.000000
F1_train: -nan(ind)

Costo_test: 0.250052
Precision_test: -nan(ind)
Recall_test: 0.000000
F1_test: -nan(ind)
 

Arquitectura: _2_3_3_3_1_
Semilla: 1788095586
Segundos: 140
NIteraciones: 100000

Costo_train: 0.249912
Precision_train: 0.531100
Recall_train: 0.278545
F1_train: 0.365432

Costo_test: 0.250156
Precision_test: 0.411765
Recall_test: 0.206897
F1_test: 0.275410
 

Arquitectura: _2_3_3_3_1_
Semilla: 1788095586
Segundos: 140
NIteraciones: 100000

Costo_train: 0.249976
Precision_train: -nan(ind)
Recall_train: 0.000000
F1_train: -nan(ind)

Costo_test: 0.250057
Precision_test: -nan(ind)
Recall_test: 0.000000
F1_test: -nan(ind)
 

Arquitectura: _2_3_3_3_1_
Semilla: 1788095586
Segundos: 140
NIteraciones: 100000

Costo_train: 0.249795
Precision_train: 0.510736
Recall_train: 0.417817
F1_train: 0.459627

Costo_test: 0.250368
Precision_test: 0.472050
Recall_test: 0.374384
F1_test: 0.417582
 

Arquitectura: _2_3_3_3_1_
Semilla: 1788095586
Segundos: 140
NIteraciones: 100000

Costo_train: 0.249941
Precision_train: 0.523573
Recall_train: 0.264743
F1_train: 0.351667

Costo_test: 0.250043
Precision_test: 0.504854
Recall_test: 0.256158
F1_test: 0.339869
 

Arquitectura: _2_3_3_3_1_
Semilla: 1788095586
Segundos: 140
NIteraciones: 100000

Costo_train: 0.250000
Precision_train: -nan(ind)
Recall_train: 0.000000
F1_train: -nan(ind)

Costo_test: 0.250025
Precision_test: -nan(ind)
Recall_test: 0.000000
F1_test: -nan(ind)
 

Arquitectura: _2_3_3_3_1_
Semilla: 1788095586
Segundos: 140
NIteraciones: 100000

Costo_train: 0.249966
Precision_train: 0.522727
Recall_train: 0.028858
F1_train: 0.054697

Costo_test: 0.250070
Precision_test: 0.416667
Recall_test: 0.024631
F1_test: 0.046512
 

Arquitectura: _2_3_3_3_1_
Semilla: 1788095586
Segundos: 140
NIteraciones: 100000

Costo_train: 0.249981
Precision_train: -nan(ind)
Recall_train: 0.000000
F1_train: -nan(ind)

Costo_test: 0.250051
Precision_test: -nan(ind)
Recall_test: 0.000000
F1_test: -nan(ind)
 

Arquitectura: _2_3_3_3_1_
Semilla: 1788095586
Segundos: 140
NIteraciones: 100000

Costo_train: 0.249991
Precision_train: -nan(ind)
Recall_train: 0.000000
F1_train: -nan(ind)

Costo_test: 0.250049
Precision_test: -nan(ind)
Recall_test: 0.000000
F1_test: -nan(ind)
 

Arquitectura: _2_3_3_3_1_
Semilla: 1788095586
Segundos: 140
NIteraciones: 100000

Costo_train: 0.249881
Precision_train: 0.510870
Recall_train: 0.353827
F1_train: 0.418087

Costo_test: 0.250263
Precision_test: 0.461538
Recall_test: 0.295566
F1_test: 0.360360
 

Arquitectura: _2_3_3_3_1_
Semilla: 1788095586
Segundos: 140
NIteraciones: 100000

Costo_train: 0.249769
Precision_train: 0.511078
Recall_train: 0.434128
F1_train: 0.469471

Costo_test: 0.250463
Precision_test: 0.478528
Recall_test: 0.384236
F1_test: 0.426230
 

Arquitectura: _2_3_3_3_1_
Semilla: 1788095586
Segundos: 140
NIteraciones: 100000

Costo_train: 0.249901
Precision_train: 0.512346
Recall_train: 0.312422
F1_train: 0.388153

Costo_test: 0.250076
Precision_test: 0.491935
Recall_test: 0.300493
F1_test: 0.373089
 

Arquitectura: _2_3_3_3_1_
Semilla: 1788095586
Segundos: 140
NIteraciones: 100000

Costo_train: 0.249725
Precision_train: 0.521739
Recall_train: 0.451694
F1_train: 0.484196

Costo_test: 0.250761
Precision_test: 0.487952
Recall_test: 0.399015
F1_test: 0.439024
 

Arquitectura: _2_3_3_3_1_
Semilla: 1788095586
Segundos: 140
NIteraciones: 100000

Costo_train: 0.249832
Precision_train: 0.517799
Recall_train: 0.401506
F1_train: 0.452297

Costo_test: 0.250229
Precision_test: 0.493421
Recall_test: 0.369458
F1_test: 0.422535
 

Arquitectura: _2_3_3_3_1_
Semilla: 1788095586
Segundos: 140
NIteraciones: 100000

Costo_train: 0.249806
Precision_train: 0.516820
Recall_train: 0.424090
F1_train: 0.465886

Costo_test: 0.250364
Precision_test: 0.475000
Recall_test: 0.374384
F1_test: 0.418733
 

Arquitectura: _2_3_3_3_1_
Semilla: 1788095586
Segundos: 140
NIteraciones: 100000

Costo_train: 0.249724
Precision_train: 0.514727
Recall_train: 0.460477
F1_train: 0.486093

Costo_test: 0.250708
Precision_test: 0.480000
Recall_test: 0.413793
F1_test: 0.444444
 

Arquitectura: _2_3_3_3_1_
Semilla: 1788095586
Segundos: 140
NIteraciones: 100000

Costo_train: 0.249970
Precision_train: 0.546667
Recall_train: 0.051443
F1_train: 0.094037

Costo_test: 0.250094
Precision_test: 0.411765
Recall_test: 0.034483
F1_test: 0.063636
 

Arquitectura: _2_3_3_3_1_
Semilla: 1788095586
Segundos: 140
NIteraciones: 100000

Costo_train: 0.249962
Precision_train: 0.530806
Recall_train: 0.140527
F1_train: 0.222222

Costo_test: 0.250030
Precision_test: 0.420000
Recall_test: 0.103448
F1_test: 0.166008
 

Arquitectura: _2_3_3_3_1_
Semilla: 1788095586
Segundos: 140
NIteraciones: 100000

Costo_train: 0.250008
Precision_train: -nan(ind)
Recall_train: 0.000000
F1_train: -nan(ind)

Costo_test: 0.249998
Precision_test: -nan(ind)
Recall_test: 0.000000
F1_test: -nan(ind)
 

Arquitectura: _2_3_3_3_1_
Semilla: 1788095586
Segundos: 140
NIteraciones: 100000

Costo_train: 0.249989
Precision_train: 0.666667
Recall_train: 0.002509
F1_train: 0.005000

Costo_test: 0.250008
Precision_test: -nan(ind)
Recall_test: 0.000000
F1_test: -nan(ind)
 

Arquitectura: _2_3_3_3_1_
Semilla: 1788095586
Segundos: 140
NIteraciones: 100000

Costo_train: 0.249884
Precision_train: 0.512153
Recall_train: 0.370138
F1_train: 0.429716

Costo_test: 0.250315
Precision_test: 0.451852
Recall_test: 0.300493
F1_test: 0.360947
 

Arquitectura: _2_3_3_3_1_
Semilla: 1788095586
Segundos: 140
NIteraciones: 100000

Costo_train: 0.250010
Precision_train: -nan(ind)
Recall_train: 0.000000
F1_train: -nan(ind)

Costo_test: 0.250030
Precision_test: -nan(ind)
Recall_test: 0.000000
F1_test: -nan(ind)
 

Arquitectura: _2_3_3_3_1_
Semilla: 1788095586
Segundos: 140
NIteraciones: 100000

Costo_train: 0.249969
Precision_train: 0.532847
Recall_train: 0.091593
F1_train: 0.156317

Costo_test: 0.250015
Precision_test: 0.500000
Recall_test: 0.068966
F1_test: 0.121212
 

Arquitectura: _2_3_3_3_1_
Semilla: 1788095586
Segundos: 140
NIteraciones: 100000

Costo_train: 0.249746
Precision_train: 0.510264
Recall_train: 0.436637
F1_train: 0.470588

Costo_test: 0.250552
Precision_test: 0.461538
Recall_test: 0.384236
F1_test: 0.419355
 

Arquitectura: _2_3_3_3_1_
Semilla: 1788095586
Segundos: 140
NIteraciones: 100000

Costo_train: 0.249941
Precision_train: 0.535211
Recall_train: 0.286073
F1_train: 0.372854

Costo_test: 0.250206
Precision_test: 0.451923
Recall_test: 0.231527
F1_test: 0.306189
 

Arquitectura: _2_3_3_3_1_
Semilla: 1788095586
Segundos: 140
NIteraciones: 100000

Costo_train: 0.249876
Precision_train: 0.514337
Recall_train: 0.360100
F1_train: 0.423616

Costo_test: 0.250118
Precision_test: 0.485915
Recall_test: 0.339901
F1_test: 0.400000
 

Arquitectura: _2_3_3_3_1_
Semilla: 1788095586
Segundos: 140
NIteraciones: 100000

Costo_train: 0.249980
Precision_train: -nan(ind)
Recall_train: 0.000000
F1_train: -nan(ind)

Costo_test: 0.250068
Precision_test: -nan(ind)
Recall_test: 0.000000
F1_test: -nan(ind)
 

Arquitectura: _2_3_3_3_1_
Semilla: 1788095586
Segundos: 140
NIteraciones: 100000

Costo_train: 0.249793
Precision_train: 0.503058
Recall_train: 0.412798
F1_train: 0.453480

Costo_test: 0.250496
Precision_test: 0.473684
Recall_test: 0.354680
F1_test: 0.405634
 

Arquitectura: _2_3_3_3_1_
Semilla: 1788095586
Segundos: 140
NIteraciones: 100000

Costo_train: 0.249961
Precision_train: 0.504566
Recall_train: 0.277290
F1_train: 0.357895

Costo_test: 0.249961
Precision_test: 0.484211
Recall_test: 0.226601
F1_test: 0.308725
 

Arquitectura: _2_3_3_3_1_
Semilla: 1788095586
Segundos: 140
NIteraciones: 100000

Costo_train: 0.249772
Precision_train: 0.507779
Recall_train: 0.450439
F1_train: 0.477394

Costo_test: 0.250606
Precision_test: 0.481250
Recall_test: 0.379310
F1_test: 0.424242
 

Arquitectura: _2_3_3_3_1_
Semilla: 1788095586
Segundos: 140
NIteraciones: 100000

Costo_train: 0.249858
Precision_train: 0.514184
Recall_train: 0.363864
F1_train: 0.426157

Costo_test: 0.250266
Precision_test: 0.445255
Recall_test: 0.300493
F1_test: 0.358824
 

Arquitectura: _2_3_3_3_1_
Semilla: 1788095586
Segundos: 140
NIteraciones: 100000

Costo_train: 0.249991
Precision_train: -nan(ind)
Recall_train: 0.000000
F1_train: -nan(ind)

Costo_test: 0.250062
Precision_test: -nan(ind)
Recall_test: 0.000000
F1_test: -nan(ind)
 

Arquitectura: _2_3_3_3_1_
Semilla: 1788095586
Segundos: 140
NIteraciones: 100000

Costo_train: 0.249934
Precision_train: 0.534535
Recall_train: 0.223338
F1_train: 0.315044

Costo_test: 0.250080
Precision_test: 0.407407
Recall_test: 0.162562
F1_test: 0.232394
 

Arquitectura: _2_3_3_3_1_
Semilla: 1788095586
Segundos: 140
NIteraciones: 100000

Costo_train: 0.249891
Precision_train: 0.503559
Recall_train: 0.355082
F1_train: 0.416483

Costo_test: 0.250047
Precision_test: 0.500000
Recall_test: 0.339901
F1_test: 0.404692
 

Arquitectura: _2_3_3_3_1_
Semilla: 1788095586
Segundos: 140
NIteraciones: 100000

Costo_train: 0.249819
Precision_train: 0.514803
Recall_train: 0.392723
F1_train: 0.445552

Costo_test: 0.250329
Precision_test: 0.479452
Recall_test: 0.344828
F1_test: 0.401146
 

Arquitectura: _2_3_3_3_1_
Semilla: 1788095586
Segundos: 140
NIteraciones: 100000

Costo_train: 0.250001
Precision_train: 0.559633
Recall_train: 0.076537
F1_train: 0.134658

Costo_test: 0.250072
Precision_test: 0.454545
Recall_test: 0.049261
F1_test: 0.088889
 


--- Test Angosta 4.0 ---
Iteración 10000
Costo: 0.249710
Iteración 20000
Costo: 0.249704
Iteración 30000
Costo: 0.249696
Iteración 40000
Costo: 0.249688
Iteración 50000
Costo: 0.249676
Iteración 60000
Costo: 0.249661
Iteración 70000
Costo: 0.249639
Iteración 80000
Costo: 0.249610
Iteración 90000
Costo: 0.249570

Arquitectura: _2_12_1_
Semilla: 1788095726
Segundos: 54
NIteraciones: 100000

Costo_train: 0.249520
Precision_train: 0.515152
Recall_train: 0.447930
F1_train: 0.479195

Costo_test: 0.250878
Precision_test: 0.481707
Recall_test: 0.389163
F1_test: 0.430518
 

Arquitectura: _2_12_1_
Semilla: 1788095726
Segundos: 54
NIteraciones: 100000

Costo_train: 0.249619
Precision_train: 0.517426
Recall_train: 0.484316
F1_train: 0.500324

Costo_test: 0.250777
Precision_test: 0.483333
Recall_test: 0.428571
F1_test: 0.454308
 

Arquitectura: _2_12_1_
Semilla: 1788095726
Segundos: 54
NIteraciones: 100000

Costo_train: 0.249614
Precision_train: 0.514443
Recall_train: 0.469260
F1_train: 0.490814

Costo_test: 0.250847
Precision_test: 0.482955
Recall_test: 0.418719
F1_test: 0.448549
 

Arquitectura: _2_12_1_
Semilla: 1788095726
Segundos: 54
NIteraciones: 100000

Costo_train: 0.249387
Precision_train: 0.530581
Recall_train: 0.435383
F1_train: 0.478291

Costo_test: 0.250785
Precision_test: 0.465839
Recall_test: 0.369458
F1_test: 0.412088
 

Arquitectura: _2_12_1_
Semilla: 1788095726
Segundos: 54
NIteraciones: 100000

Costo_train: 0.249228
Precision_train: 0.530612
Recall_train: 0.456713
F1_train: 0.490897

Costo_test: 0.250886
Precision_test: 0.497006
Recall_test: 0.408867
F1_test: 0.448649
 

Arquitectura: _2_12_1_
Semilla: 1788095726
Segundos: 54
NIteraciones: 100000

Costo_train: 0.249161
Precision_train: 0.541973
Recall_train: 0.461731
F1_train: 0.498645

Costo_test: 0.250975
Precision_test: 0.476744
Recall_test: 0.403941
F1_test: 0.437333
 

Arquitectura: _2_12_1_
Semilla: 1788095726
Segundos: 54
NIteraciones: 100000

Costo_train: 0.249337
Precision_train: 0.528804
Recall_train: 0.449184
F1_train: 0.485753

Costo_test: 0.250814
Precision_test: 0.496970
Recall_test: 0.403941
F1_test: 0.445652
 

Arquitectura: _2_12_1_
Semilla: 1788095726
Segundos: 54
NIteraciones: 100000

Costo_train: 0.249422
Precision_train: 0.527988
Recall_train: 0.437892
F1_train: 0.478738

Costo_test: 0.250833
Precision_test: 0.456250
Recall_test: 0.359606
F1_test: 0.402204
 

Arquitectura: _2_12_1_
Semilla: 1788095726
Segundos: 54
NIteraciones: 100000

Costo_train: 0.249664
Precision_train: 0.518024
Recall_train: 0.486826
F1_train: 0.501940

Costo_test: 0.250864
Precision_test: 0.480663
Recall_test: 0.428571
F1_test: 0.453125
 

Arquitectura: _2_12_1_
Semilla: 1788095726
Segundos: 54
NIteraciones: 100000

Costo_train: 0.249657
Precision_train: 0.516556
Recall_train: 0.489335
F1_train: 0.502577

Costo_test: 0.250754
Precision_test: 0.491803
Recall_test: 0.443350
F1_test: 0.466321
 

Arquitectura: _2_12_1_
Semilla: 1788095726
Segundos: 54
NIteraciones: 100000

Costo_train: 0.249475
Precision_train: 0.521545
Recall_train: 0.440401
F1_train: 0.477551

Costo_test: 0.250771
Precision_test: 0.477987
Recall_test: 0.374384
F1_test: 0.419890
 

Arquitectura: _2_12_1_
Semilla: 1788095726
Segundos: 54
NIteraciones: 100000

Costo_train: 0.249437
Precision_train: 0.524169
Recall_train: 0.435383
F1_train: 0.475668

Costo_test: 0.250781
Precision_test: 0.458599
Recall_test: 0.354680
F1_test: 0.400000
 

Arquitectura: _2_12_1_
Semilla: 1788095726
Segundos: 54
NIteraciones: 100000

Costo_train: 0.249499
Precision_train: 0.515896
Recall_train: 0.447930
F1_train: 0.479516

Costo_test: 0.250802
Precision_test: 0.475309
Recall_test: 0.379310
F1_test: 0.421918
 

Arquitectura: _2_12_1_
Semilla: 1788095726
Segundos: 54
NIteraciones: 100000

Costo_train: 0.249655
Precision_train: 0.520380
Recall_train: 0.480552
F1_train: 0.499674

Costo_test: 0.250906
Precision_test: 0.485876
Recall_test: 0.423645
F1_test: 0.452632
 

Arquitectura: _2_12_1_
Semilla: 1788095726
Segundos: 54
NIteraciones: 100000

Costo_train: 0.249510
Precision_train: 0.516643
Recall_train: 0.447930
F1_train: 0.479839

Costo_test: 0.250838
Precision_test: 0.475309
Recall_test: 0.379310
F1_test: 0.421918
 

Arquitectura: _2_12_1_
Semilla: 1788095726
Segundos: 54
NIteraciones: 100000

Costo_train: 0.249414
Precision_train: 0.526899
Recall_train: 0.417817
F1_train: 0.466060

Costo_test: 0.251132
Precision_test: 0.453947
Recall_test: 0.339901
F1_test: 0.388732
 

Arquitectura: _2_12_1_
Semilla: 1788095726
Segundos: 54
NIteraciones: 100000

Costo_train: 0.249546
Precision_train: 0.510549
Recall_train: 0.455458
F1_train: 0.481432

Costo_test: 0.250806
Precision_test: 0.476471
Recall_test: 0.399015
F1_test: 0.434316
 

Arquitectura: _2_12_1_
Semilla: 1788095726
Segundos: 54
NIteraciones: 100000

Costo_train: 0.249670
Precision_train: 0.512786
Recall_train: 0.478043
F1_train: 0.494805

Costo_test: 0.250847
Precision_test: 0.491429
Recall_test: 0.423645
F1_test: 0.455026
 

Arquitectura: _2_12_1_
Semilla: 1788095726
Segundos: 54
NIteraciones: 100000

Costo_train: 0.249621
Precision_train: 0.515520
Recall_train: 0.479297
F1_train: 0.496749

Costo_test: 0.250796
Precision_test: 0.480663
Recall_test: 0.428571
F1_test: 0.453125
 

Arquitectura: _2_12_1_
Semilla: 1788095726
Segundos: 54
NIteraciones: 100000

Costo_train: 0.249306
Precision_train: 0.531479
Recall_train: 0.455458
F1_train: 0.490541

Costo_test: 0.250801
Precision_test: 0.484663
Recall_test: 0.389163
F1_test: 0.431694
 

Arquitectura: _2_12_1_
Semilla: 1788095726
Segundos: 54
NIteraciones: 100000

Costo_train: 0.249561
Precision_train: 0.513591
Recall_train: 0.450439
F1_train: 0.479947

Costo_test: 0.250952
Precision_test: 0.469512
Recall_test: 0.379310
F1_test: 0.419619
 

Arquitectura: _2_12_1_
Semilla: 1788095726
Segundos: 54
NIteraciones: 100000

Costo_train: 0.249257
Precision_train: 0.531627
Recall_train: 0.442911
F1_train: 0.483231

Costo_test: 0.250903
Precision_test: 0.465839
Recall_test: 0.369458
F1_test: 0.412088
 

Arquitectura: _2_12_1_
Semilla: 1788095726
Segundos: 54
NIteraciones: 100000

Costo_train: 0.249609
Precision_train: 0.512960
Recall_train: 0.471769
F1_train: 0.491503

Costo_test: 0.250787
Precision_test: 0.480447
Recall_test: 0.423645
F1_test: 0.450262
 

Arquitectura: _2_12_1_
Semilla: 1788095726
Segundos: 54
NIteraciones: 100000

Costo_train: 0.249468
Precision_train: 0.519766
Recall_train: 0.445420
F1_train: 0.479730

Costo_test: 0.250815
Precision_test: 0.478528
Recall_test: 0.384236
F1_test: 0.426230
 

Arquitectura: _2_12_1_
Semilla: 1788095726
Segundos: 54
NIteraciones: 100000

Costo_train: 0.249524
Precision_train: 0.521395
Recall_train: 0.412798
F1_train: 0.460784

Costo_test: 0.251065
Precision_test: 0.462585
Recall_test: 0.334975
F1_test: 0.388571
 

Arquitectura: _2_12_1_
Semilla: 1788095726
Segundos: 54
NIteraciones: 100000

Costo_train: 0.249465
Precision_train: 0.517493
Recall_train: 0.445420
F1_train: 0.478759

Costo_test: 0.250823
Precision_test: 0.481928
Recall_test: 0.394089
F1_test: 0.433604
 

Arquitectura: _2_12_1_
Semilla: 1788095726
Segundos: 54
NIteraciones: 100000

Costo_train: 0.249682
Precision_train: 0.517976
Recall_train: 0.488080
F1_train: 0.502584

Costo_test: 0.250854
Precision_test: 0.489011
Recall_test: 0.438424
F1_test: 0.462338
 

Arquitectura: _2_12_1_
Semilla: 1788095726
Segundos: 54
NIteraciones: 100000

Costo_train: 0.249311
Precision_train: 0.528614
Recall_train: 0.440401
F1_train: 0.480493

Costo_test: 0.250904
Precision_test: 0.471698
Recall_test: 0.369458
F1_test: 0.414365
 

Arquitectura: _2_12_1_
Semilla: 1788095726
Segundos: 54
NIteraciones: 100000

Costo_train: 0.249403
Precision_train: 0.530920
Recall_train: 0.441656
F1_train: 0.482192

Costo_test: 0.250847
Precision_test: 0.469136
Recall_test: 0.374384
F1_test: 0.416438
 

Arquitectura: _2_12_1_
Semilla: 1788095726
Segundos: 54
NIteraciones: 100000

Costo_train: 0.249600
Precision_train: 0.514493
Recall_train: 0.445420
F1_train: 0.477471

Costo_test: 0.250936
Precision_test: 0.478261
Recall_test: 0.379310
F1_test: 0.423077
 

Arquitectura: _2_12_1_
Semilla: 1788095726
Segundos: 54
NIteraciones: 100000

Costo_train: 0.249211
Precision_train: 0.531343
Recall_train: 0.446675
F1_train: 0.485344

Costo_test: 0.251052
Precision_test: 0.482353
Recall_test: 0.403941
F1_test: 0.439678
 

Arquitectura: _2_12_1_
Semilla: 1788095726
Segundos: 54
NIteraciones: 100000

Costo_train: 0.249654
Precision_train: 0.520805
Recall_train: 0.486826
F1_train: 0.503243

Costo_test: 0.250860
Precision_test: 0.483333
Recall_test: 0.428571
F1_test: 0.454308
 

Arquitectura: _2_12_1_
Semilla: 1788095726
Segundos: 54
NIteraciones: 100000

Costo_train: 0.249328
Precision_train: 0.530758
Recall_train: 0.465496
F1_train: 0.495989

Costo_test: 0.250779
Precision_test: 0.497076
Recall_test: 0.418719
F1_test: 0.454545
 

Arquitectura: _2_12_1_
Semilla: 1788095726
Segundos: 54
NIteraciones: 100000

Costo_train: 0.249678
Precision_train: 0.510067
Recall_train: 0.476788
F1_train: 0.492866

Costo_test: 0.250856
Precision_test: 0.491429
Recall_test: 0.423645
F1_test: 0.455026
 

Arquitectura: _2_12_1_
Semilla: 1788095726
Segundos: 54
NIteraciones: 100000

Costo_train: 0.249570
Precision_train: 0.520119
Recall_train: 0.437892
F1_train: 0.475477

Costo_test: 0.251075
Precision_test: 0.468354
Recall_test: 0.364532
F1_test: 0.409972
 

Arquitectura: _2_12_1_
Semilla: 1788095726
Segundos: 54
NIteraciones: 100000

Costo_train: 0.249641
Precision_train: 0.514825
Recall_train: 0.479297
F1_train: 0.496426

Costo_test: 0.250876
Precision_test: 0.480663
Recall_test: 0.428571
F1_test: 0.453125
 

Arquitectura: _2_12_1_
Semilla: 1788095726
Segundos: 54
NIteraciones: 100000

Costo_train: 0.249216
Precision_train: 0.536842
Recall_train: 0.447930
F1_train: 0.488372

Costo_test: 0.250952
Precision_test: 0.484663
Recall_test: 0.389163
F1_test: 0.431694
 

Arquitectura: _2_12_1_
Semilla: 1788095726
Segundos: 54
NIteraciones: 100000

Costo_train: 0.249518
Precision_train: 0.514045
Recall_train: 0.459222
F1_train: 0.485089

Costo_test: 0.250746
Precision_test: 0.485030
Recall_test: 0.399015
F1_test: 0.437838
 

Arquitectura: _2_12_1_
Semilla: 1788095726
Segundos: 54
NIteraciones: 100000

Costo_train: 0.249473
Precision_train: 0.523592
Recall_train: 0.431619
F1_train: 0.473177

Costo_test: 0.251014
Precision_test: 0.467949
Recall_test: 0.359606
F1_test: 0.406685
 

Arquitectura: _2_12_1_
Semilla: 1788095726
Segundos: 54
NIteraciones: 100000

Costo_train: 0.249551
Precision_train: 0.520186
Recall_train: 0.420326
F1_train: 0.464955

Costo_test: 0.251017
Precision_test: 0.467105
Recall_test: 0.349754
F1_test: 0.400000
 

Arquitectura: _2_12_1_
Semilla: 1788095726
Segundos: 54
NIteraciones: 100000

Costo_train: 0.249631
Precision_train: 0.516824
Recall_train: 0.481807
F1_train: 0.498701

Costo_test: 0.250806
Precision_test: 0.480663
Recall_test: 0.428571
F1_test: 0.453125
 

Arquitectura: _2_12_1_
Semilla: 1788095726
Segundos: 54
NIteraciones: 100000

Costo_train: 0.249133
Precision_train: 0.543353
Recall_train: 0.471769
F1_train: 0.505037

Costo_test: 0.251092
Precision_test: 0.476744
Recall_test: 0.403941
F1_test: 0.437333
 

Arquitectura: _2_12_1_
Semilla: 1788095726
Segundos: 54
NIteraciones: 100000

Costo_train: 0.249623
Precision_train: 0.514946
Recall_train: 0.475533
F1_train: 0.494455

Costo_test: 0.250858
Precision_test: 0.483333
Recall_test: 0.428571
F1_test: 0.454308
 

Arquitectura: _2_12_1_
Semilla: 1788095726
Segundos: 54
NIteraciones: 100000

Costo_train: 0.249239
Precision_train: 0.533333
Recall_train: 0.451694
F1_train: 0.489130

Costo_test: 0.250980
Precision_test: 0.481707
Recall_test: 0.389163
F1_test: 0.430518
 

Arquitectura: _2_12_1_
Semilla: 1788095726
Segundos: 54
NIteraciones: 100000

Costo_train: 0.249292
Precision_train: 0.531758
Recall_train: 0.451694
F1_train: 0.488467

Costo_test: 0.250860
Precision_test: 0.487805
Recall_test: 0.394089
F1_test: 0.435967
 

Arquitectura: _2_12_1_
Semilla: 1788095726
Segundos: 54
NIteraciones: 100000

Costo_train: 0.249344
Precision_train: 0.529590
Recall_train: 0.437892
F1_train: 0.479396

Costo_test: 0.250832
Precision_test: 0.478528
Recall_test: 0.384236
F1_test: 0.426230
 

Arquitectura: _2_12_1_
Semilla: 1788095726
Segundos: 54
NIteraciones: 100000

Costo_train: 0.249678
Precision_train: 0.511199
Recall_train: 0.486826
F1_train: 0.498715

Costo_test: 0.250766
Precision_test: 0.502762
Recall_test: 0.448276
F1_test: 0.473958
 

Arquitectura: _2_12_1_
Semilla: 1788095726
Segundos: 54
NIteraciones: 100000

Costo_train: 0.249651
Precision_train: 0.512064
Recall_train: 0.479297
F1_train: 0.495139

Costo_test: 0.250780
Precision_test: 0.485714
Recall_test: 0.418719
F1_test: 0.449735
 

Arquitectura: _2_12_1_
Semilla: 1788095726
Segundos: 54
NIteraciones: 100000

Costo_train: 0.249489
Precision_train: 0.514451
Recall_train: 0.446675
F1_train: 0.478173

Costo_test: 0.250751
Precision_test: 0.484663
Recall_test: 0.389163
F1_test: 0.431694
 

Arquitectura: _2_12_1_
Semilla: 1788095726
Segundos: 54
NIteraciones: 100000

Costo_train: 0.249485
Precision_train: 0.518293
Recall_train: 0.426600
F1_train: 0.467997

Costo_test: 0.250971
Precision_test: 0.474359
Recall_test: 0.364532
F1_test: 0.412256
 

Arquitectura: _2_12_1_
Semilla: 1788095726
Segundos: 54
NIteraciones: 100000

Costo_train: 0.249266
Precision_train: 0.530735
Recall_train: 0.444166
F1_train: 0.483607

Costo_test: 0.250949
Precision_test: 0.469512
Recall_test: 0.379310
F1_test: 0.419619
 

Arquitectura: _2_12_1_
Semilla: 1788095726
Segundos: 54
NIteraciones: 100000

Costo_train: 0.249378
Precision_train: 0.522628
Recall_train: 0.449184
F1_train: 0.483131

Costo_test: 0.250723
Precision_test: 0.479290
Recall_test: 0.399015
F1_test: 0.435484
 

Arquitectura: _2_12_1_
Semilla: 1788095726
Segundos: 54
NIteraciones: 100000

Costo_train: 0.249494
Precision_train: 0.518950
Recall_train: 0.446675
F1_train: 0.480108

Costo_test: 0.250757
Precision_test: 0.475610
Recall_test: 0.384236
F1_test: 0.425068
 

Arquitectura: _2_12_1_
Semilla: 1788095726
Segundos: 54
NIteraciones: 100000

Costo_train: 0.249175
Precision_train: 0.538806
Recall_train: 0.452949
F1_train: 0.492161

Costo_test: 0.251083
Precision_test: 0.473684
Recall_test: 0.399015
F1_test: 0.433155
 

Arquitectura: _2_12_1_
Semilla: 1788095726
Segundos: 54
NIteraciones: 100000

Costo_train: 0.249429
Precision_train: 0.526158
Recall_train: 0.441656
F1_train: 0.480218

Costo_test: 0.250868
Precision_test: 0.456250
Recall_test: 0.359606
F1_test: 0.402204
 

Arquitectura: _2_12_1_
Semilla: 1788095726
Segundos: 54
NIteraciones: 100000

Costo_train: 0.249247
Precision_train: 0.533033
Recall_train: 0.445420
F1_train: 0.485304

Costo_test: 0.250915
Precision_test: 0.487654
Recall_test: 0.389163
F1_test: 0.432877
 

Arquitectura: _2_12_1_
Semilla: 1788095726
Segundos: 54
NIteraciones: 100000

Costo_train: 0.249582
Precision_train: 0.511461
Recall_train: 0.447930
F1_train: 0.477592

Costo_test: 0.250903
Precision_test: 0.482143
Recall_test: 0.399015
F1_test: 0.436658
 

Arquitectura: _2_12_1_
Semilla: 1788095726
Segundos: 54
NIteraciones: 100000

Costo_train: 0.249680
Precision_train: 0.512484
Recall_train: 0.489335
F1_train: 0.500642

Costo_test: 0.250823
Precision_test: 0.494505
Recall_test: 0.443350
F1_test: 0.467532
 

Arquitectura: _2_12_1_
Semilla: 1788095726
Segundos: 54
NIteraciones: 100000

Costo_train: 0.249417
Precision_train: 0.525581
Recall_train: 0.425345
F1_train: 0.470180

Costo_test: 0.250892
Precision_test: 0.458599
Recall_test: 0.354680
F1_test: 0.400000
 

Arquitectura: _2_12_1_
Semilla: 1788095726
Segundos: 54
NIteraciones: 100000

Costo_train: 0.249524
Precision_train: 0.514768
Recall_train: 0.459222
F1_train: 0.485411

Costo_test: 0.250733
Precision_test: 0.482143
Recall_test: 0.399015
F1_test: 0.436658
 

Arquitectura: _2_12_1_
Semilla: 1788095726
Segundos: 54
NIteraciones: 100000

Costo_train: 0.249541
Precision_train: 0.516901
Recall_train: 0.460477
F1_train: 0.487060

Costo_test: 0.250841
Precision_test: 0.479290
Recall_test: 0.399015
F1_test: 0.435484
 

Arquitectura: _2_12_1_
Semilla: 1788095726
Segundos: 54
NIteraciones: 100000

Costo_train: 0.249447
Precision_train: 0.528505
Recall_train: 0.430364
F1_train: 0.474412

Costo_test: 0.250867
Precision_test: 0.455696
Recall_test: 0.354680
F1_test: 0.398892
 

Arquitectura: _2_12_1_
Semilla: 1788095726
Segundos: 54
NIteraciones: 100000

Costo_train: 0.249669
Precision_train: 0.517615
Recall_train: 0.479297
F1_train: 0.497720

Costo_test: 0.250909
Precision_test: 0.482759
Recall_test: 0.413793
F1_test: 0.445623
 

Arquitectura: _2_12_1_
Semilla: 1788095726
Segundos: 54
NIteraciones: 100000

Costo_train: 0.249645
Precision_train: 0.518817
Recall_train: 0.484316
F1_train: 0.500973

Costo_test: 0.250783
Precision_test: 0.494444
Recall_test: 0.438424
F1_test: 0.464752
 

Arquitectura: _2_12_1_
Semilla: 1788095726
Segundos: 54
NIteraciones: 100000

Costo_train: 0.249682
Precision_train: 0.516216
Recall_train: 0.479297
F1_train: 0.497072

Costo_test: 0.250857
Precision_test: 0.491620
Recall_test: 0.433498
F1_test: 0.460733
 

Arquitectura: _2_12_1_
Semilla: 1788095726
Segundos: 54
NIteraciones: 100000

Costo_train: 0.249230
Precision_train: 0.530551
Recall_train: 0.446675
F1_train: 0.485014

Costo_test: 0.251000
Precision_test: 0.479290
Recall_test: 0.399015
F1_test: 0.435484
 

Arquitectura: _2_12_1_
Semilla: 1788095726
Segundos: 54
NIteraciones: 100000

Costo_train: 0.249298
Precision_train: 0.531977
Recall_train: 0.459222
F1_train: 0.492929

Costo_test: 0.250736
Precision_test: 0.502890
Recall_test: 0.428571
F1_test: 0.462766
 

Arquitectura: _2_12_1_
Semilla: 1788095726
Segundos: 54
NIteraciones: 100000

Costo_train: 0.249458
Precision_train: 0.523338
Recall_train: 0.464241
F1_train: 0.492021

Costo_test: 0.250769
Precision_test: 0.482558
Recall_test: 0.408867
F1_test: 0.442667
 

Arquitectura: _2_12_1_
Semilla: 1788095726
Segundos: 54
NIteraciones: 100000

Costo_train: 0.249649
Precision_train: 0.517857
Recall_train: 0.473024
F1_train: 0.494426

Costo_test: 0.250855
Precision_test: 0.473373
Recall_test: 0.394089
F1_test: 0.430108
 

Arquitectura: _2_12_1_
Semilla: 1788095726
Segundos: 54
NIteraciones: 100000

Costo_train: 0.249559
Precision_train: 0.507846
Recall_train: 0.446675
F1_train: 0.475300

Costo_test: 0.250807
Precision_test: 0.473054
Recall_test: 0.389163
F1_test: 0.427027
 

Arquitectura: _2_12_1_
Semilla: 1788095726
Segundos: 54
NIteraciones: 100000

Costo_train: 0.249307
Precision_train: 0.529148
Recall_train: 0.444166
F1_train: 0.482947

Costo_test: 0.250768
Precision_test: 0.500000
Recall_test: 0.408867
F1_test: 0.449865
 

Arquitectura: _2_12_1_
Semilla: 1788095726
Segundos: 54
NIteraciones: 100000

Costo_train: 0.249606
Precision_train: 0.515478
Recall_train: 0.480552
F1_train: 0.497403

Costo_test: 0.250745
Precision_test: 0.483333
Recall_test: 0.428571
F1_test: 0.454308
 

Arquitectura: _2_12_1_
Semilla: 1788095726
Segundos: 54
NIteraciones: 100000

Costo_train: 0.249392
Precision_train: 0.527489
Recall_train: 0.445420
F1_train: 0.482993

Costo_test: 0.250859
Precision_test: 0.475904
Recall_test: 0.389163
F1_test: 0.428184
 

Arquitectura: _2_12_1_
Semilla: 1788095726
Segundos: 54
NIteraciones: 100000

Costo_train: 0.249569
Precision_train: 0.511789
Recall_train: 0.462986
F1_train: 0.486166

Costo_test: 0.250747
Precision_test: 0.485876
Recall_test: 0.423645
F1_test: 0.452632
 

Arquitectura: _2_12_1_
Semilla: 1788095726
Segundos: 54
NIteraciones: 100000

Costo_train: 0.249481
Precision_train: 0.519062
Recall_train: 0.444166
F1_train: 0.478702

Costo_test: 0.250842
Precision_test: 0.475309
Recall_test: 0.379310
F1_test: 0.421918
 

Arquitectura: _2_12_1_
Semilla: 1788095726
Segundos: 54
NIteraciones: 100000

Costo_train: 0.249629
Precision_train: 0.516779
Recall_train: 0.483061
F1_train: 0.499352

Costo_test: 0.250768
Precision_test: 0.480447
Recall_test: 0.423645
F1_test: 0.450262
 

Arquitectura: _2_12_1_
Semilla: 1788095726
Segundos: 54
NIteraciones: 100000

Costo_train: 0.249612
Precision_train: 0.514247
Recall_train: 0.475533
F1_train: 0.494133

Costo_test: 0.250807
Precision_test: 0.483333
Recall_test: 0.428571
F1_test: 0.454308
 

Arquitectura: _2_12_1_
Semilla: 1788095726
Segundos: 54
NIteraciones: 100000

Costo_train: 0.249590
Precision_train: 0.512397
Recall_train: 0.466750
F1_train: 0.488510

Costo_test: 0.250777
Precision_test: 0.485876
Recall_test: 0.423645
F1_test: 0.452632
 

Arquitectura: _2_12_1_
Semilla: 1788095726
Segundos: 54
NIteraciones: 100000

Costo_train: 0.249154
Precision_train: 0.541973
Recall_train: 0.461731
F1_train: 0.498645

Costo_test: 0.250954
Precision_test: 0.473988
Recall_test: 0.403941
F1_test: 0.436170
 

Arquitectura: _2_12_1_
Semilla: 1788095726
Segundos: 54
NIteraciones: 100000

Costo_train: 0.249462
Precision_train: 0.521061
Recall_train: 0.419072
F1_train: 0.464534

Costo_test: 0.251063
Precision_test: 0.465753
Recall_test: 0.334975
F1_test: 0.389685
 

Arquitectura: _2_12_1_
Semilla: 1788095726
Segundos: 54
NIteraciones: 100000

Costo_train: 0.249209
Precision_train: 0.530120
Recall_train: 0.441656
F1_train: 0.481862

Costo_test: 0.251127
Precision_test: 0.479042
Recall_test: 0.394089
F1_test: 0.432432
 

Arquitectura: _2_12_1_
Semilla: 1788095726
Segundos: 54
NIteraciones: 100000

Costo_train: 0.249208
Precision_train: 0.529412
Recall_train: 0.440401
F1_train: 0.480822

Costo_test: 0.251043
Precision_test: 0.473373
Recall_test: 0.394089
F1_test: 0.430108
 

Arquitectura: _2_12_1_
Semilla: 1788095726
Segundos: 54
NIteraciones: 100000

Costo_train: 0.249617
Precision_train: 0.516734
Recall_train: 0.484316
F1_train: 0.500000

Costo_test: 0.250796
Precision_test: 0.486188
Recall_test: 0.433498
F1_test: 0.458333
 

Arquitectura: _2_12_1_
Semilla: 1788095726
Segundos: 54
NIteraciones: 100000

Costo_train: 0.249646
Precision_train: 0.513399
Recall_train: 0.456713
F1_train: 0.483400

Costo_test: 0.250990
Precision_test: 0.473373
Recall_test: 0.394089
F1_test: 0.430108
 

Arquitectura: _2_12_1_
Semilla: 1788095726
Segundos: 54
NIteraciones: 100000

Costo_train: 0.249566
Precision_train: 0.512630
Recall_train: 0.432873
F1_train: 0.469388

Costo_test: 0.250990
Precision_test: 0.475000
Recall_test: 0.374384
F1_test: 0.418733
 

Arquitectura: _2_12_1_
Semilla: 1788095726
Segundos: 54
NIteraciones: 100000

Costo_train: 0.249666
Precision_train: 0.516644
Recall_train: 0.486826
F1_train: 0.501292

Costo_test: 0.250876
Precision_test: 0.483516
Recall_test: 0.433498
F1_test: 0.457143
 

Arquitectura: _2_12_1_
Semilla: 1788095726
Segundos: 54
NIteraciones: 100000

Costo_train: 0.249687
Precision_train: 0.509960
Recall_train: 0.481807
F1_train: 0.495484

Costo_test: 0.250837
Precision_test: 0.497207
Recall_test: 0.438424
F1_test: 0.465969
 

Arquitectura: _2_12_1_
Semilla: 1788095726
Segundos: 54
NIteraciones: 100000

Costo_train: 0.249146
Precision_train: 0.543704
Recall_train: 0.460477
F1_train: 0.498641

Costo_test: 0.251079
Precision_test: 0.479290
Recall_test: 0.399015
F1_test: 0.435484
 

Arquitectura: _2_12_1_
Semilla: 1788095726
Segundos: 54
NIteraciones: 100000

Costo_train: 0.249676
Precision_train: 0.512550
Recall_train: 0.486826
F1_train: 0.499357

Costo_test: 0.250816
Precision_test: 0.494444
Recall_test: 0.438424
F1_test: 0.464752
 

Arquitectura: _2_12_1_
Semilla: 1788095726
Segundos: 54
NIteraciones: 100000

Costo_train: 0.249608
Precision_train: 0.510431
Recall_train: 0.460477
F1_train: 0.484169

Costo_test: 0.250840
Precision_test: 0.485714
Recall_test: 0.418719
F1_test: 0.449735
 

Arquitectura: _2_12_1_
Semilla: 1788095726
Segundos: 54
NIteraciones: 100000

Costo_train: 0.249572
Precision_train: 0.512968
Recall_train: 0.446675
F1_train: 0.477532

Costo_test: 0.250955
Precision_test: 0.478788
Recall_test: 0.389163
F1_test: 0.429348
 

Arquitectura: _2_12_1_
Semilla: 1788095726
Segundos: 54
NIteraciones: 100000

Costo_train: 0.249390
Precision_train: 0.528125
Recall_train: 0.424090
F1_train: 0.470424

Costo_test: 0.251056
Precision_test: 0.458065
Recall_test: 0.349754
F1_test: 0.396648
 

Arquitectura: _2_12_1_
Semilla: 1788095726
Segundos: 54
NIteraciones: 100000

Costo_train: 0.249627
Precision_train: 0.511331
Recall_train: 0.452949
F1_train: 0.480373

Costo_test: 0.250858
Precision_test: 0.470238
Recall_test: 0.389163
F1_test: 0.425876
 

Arquitectura: _2_12_1_
Semilla: 1788095726
Segundos: 54
NIteraciones: 100000

Costo_train: 0.249320
Precision_train: 0.532641
Recall_train: 0.450439
F1_train: 0.488103

Costo_test: 0.250961
Precision_test: 0.481013
Recall_test: 0.374384
F1_test: 0.421053
 

Arquitectura: _2_12_1_
Semilla: 1788095726
Segundos: 54
NIteraciones: 100000

Costo_train: 0.249561
Precision_train: 0.511268
Recall_train: 0.455458
F1_train: 0.481752

Costo_test: 0.250850
Precision_test: 0.469880
Recall_test: 0.384236
F1_test: 0.422764
 

Arquitectura: _2_12_1_
Semilla: 1788095726
Segundos: 54
NIteraciones: 100000

Costo_train: 0.249344
Precision_train: 0.528804
Recall_train: 0.449184
F1_train: 0.485753

Costo_test: 0.250939
Precision_test: 0.471338
Recall_test: 0.364532
F1_test: 0.411111
 

Arquitectura: _2_12_1_
Semilla: 1788095726
Segundos: 54
NIteraciones: 100000

Costo_train: 0.249294
Precision_train: 0.530973
Recall_train: 0.451694
F1_train: 0.488136

Costo_test: 0.250817
Precision_test: 0.478788
Recall_test: 0.389163
F1_test: 0.429348
 

Arquitectura: _2_12_1_
Semilla: 1788095726
Segundos: 54
NIteraciones: 100000

Costo_train: 0.249580
Precision_train: 0.518797
Recall_train: 0.432873
F1_train: 0.471956

Costo_test: 0.251044
Precision_test: 0.484076
Recall_test: 0.374384
F1_test: 0.422222
 

Arquitectura: _2_12_1_
Semilla: 1788095726
Segundos: 54
NIteraciones: 100000

Costo_train: 0.249456
Precision_train: 0.518950
Recall_train: 0.446675
F1_train: 0.480108

Costo_test: 0.250796
Precision_test: 0.482353
Recall_test: 0.403941
F1_test: 0.439678
 

Arquitectura: _2_12_1_
Semilla: 1788095726
Segundos: 54
NIteraciones: 100000

Costo_train: 0.249593
Precision_train: 0.510519
Recall_train: 0.456713
F1_train: 0.482119

Costo_test: 0.250896
Precision_test: 0.479290
Recall_test: 0.399015
F1_test: 0.435484
 


--- Test Profunda 4.0 ---
Iteración 10000
Costo: 0.249999
Iteración 20000
Costo: 0.249998
Iteración 30000
Costo: 0.249998
Iteración 40000
Costo: 0.249998
Iteración 50000
Costo: 0.249998
Iteración 60000
Costo: 0.249998
Iteración 70000
Costo: 0.249997
Iteración 80000
Costo: 0.249997
Iteración 90000
Costo: 0.249996

Arquitectura: _2_3_3_3_3_1_
Semilla: 1788095780
Segundos: 186
NIteraciones: 100000

Costo_train: 0.249996
Precision_train: -nan(ind)
Recall_train: 0.000000
F1_train: -nan(ind)

Costo_test: 0.250042
Precision_test: -nan(ind)
Recall_test: 0.000000
F1_test: -nan(ind)
 

Arquitectura: _2_3_3_3_3_1_
Semilla: 1788095780
Segundos: 186
NIteraciones: 100000

Costo_train: 0.249997
Precision_train: -nan(ind)
Recall_train: 0.000000
F1_train: -nan(ind)

Costo_test: 0.250026
Precision_test: -nan(ind)
Recall_test: 0.000000
F1_test: -nan(ind)
 

Arquitectura: _2_3_3_3_3_1_
Semilla: 1788095780
Segundos: 186
NIteraciones: 100000

Costo_train: 0.249993
Precision_train: -nan(ind)
Recall_train: 0.000000
F1_train: -nan(ind)

Costo_test: 0.250025
Precision_test: -nan(ind)
Recall_test: 0.000000
F1_test: -nan(ind)
 

Arquitectura: _2_3_3_3_3_1_
Semilla: 1788095780
Segundos: 186
NIteraciones: 100000

Costo_train: 0.249975
Precision_train: 0.525000
Recall_train: 0.026349
F1_train: 0.050179

Costo_test: 0.250086
Precision_test: 0.500000
Recall_test: 0.014778
F1_test: 0.028708
 

Arquitectura: _2_3_3_3_3_1_
Semilla: 1788095780
Segundos: 186
NIteraciones: 100000

Costo_train: 0.249998
Precision_train: -nan(ind)
Recall_train: 0.000000
F1_train: -nan(ind)

Costo_test: 0.250042
Precision_test: -nan(ind)
Recall_test: 0.000000
F1_test: -nan(ind)
 

Arquitectura: _2_3_3_3_3_1_
Semilla: 1788095780
Segundos: 186
NIteraciones: 100000

Costo_train: 0.249992
Precision_train: -nan(ind)
Recall_train: 0.000000
F1_train: -nan(ind)

Costo_test: 0.250031
Precision_test: -nan(ind)
Recall_test: 0.000000
F1_test: -nan(ind)
 

Arquitectura: _2_3_3_3_3_1_
Semilla: 1788095780
Segundos: 186
NIteraciones: 100000

Costo_train: 0.249999
Precision_train: -nan(ind)
Recall_train: 0.000000
F1_train: -nan(ind)

Costo_test: 0.250032
Precision_test: -nan(ind)
Recall_test: 0.000000
F1_test: -nan(ind)
 

Arquitectura: _2_3_3_3_3_1_
Semilla: 1788095780
Segundos: 186
NIteraciones: 100000

Costo_train: 0.249995
Precision_train: -nan(ind)
Recall_train: 0.000000
F1_train: -nan(ind)

Costo_test: 0.250024
Precision_test: -nan(ind)
Recall_test: 0.000000
F1_test: -nan(ind)
 

Arquitectura: _2_3_3_3_3_1_
Semilla: 1788095780
Segundos: 186
NIteraciones: 100000

Costo_train: 0.250009
Precision_train: -nan(ind)
Recall_train: 0.000000
F1_train: -nan(ind)

Costo_test: 0.249998
Precision_test: -nan(ind)
Recall_test: 0.000000
F1_test: -nan(ind)
 

Arquitectura: _2_3_3_3_3_1_
Semilla: 1788095780
Segundos: 186
NIteraciones: 100000

Costo_train: 0.249990
Precision_train: -nan(ind)
Recall_train: 0.000000
F1_train: -nan(ind)

Costo_test: 0.250042
Precision_test: -nan(ind)
Recall_test: 0.000000
F1_test: -nan(ind)
 

Arquitectura: _2_3_3_3_3_1_
Semilla: 1788095780
Segundos: 186
NIteraciones: 100000

Costo_train: 0.249983
Precision_train: 0.586207
Recall_train: 0.021330
F1_train: 0.041162

Costo_test: 0.250026
Precision_test: 0.500000
Recall_test: 0.009852
F1_test: 0.019324
 

Arquitectura: _2_3_3_3_3_1_
Semilla: 1788095780
Segundos: 186
NIteraciones: 100000

Costo_train: 0.250002
Precision_train: -nan(ind)
Recall_train: 0.000000
F1_train: -nan(ind)

Costo_test: 0.250049
Precision_test: -nan(ind)
Recall_test: 0.000000
F1_test: -nan(ind)
 

Arquitectura: _2_3_3_3_3_1_
Semilla: 1788095780
Segundos: 186
NIteraciones: 100000

Costo_train: 0.249997
Precision_train: -nan(ind)
Recall_train: 0.000000
F1_train: -nan(ind)

Costo_test: 0.250032
Precision_test: -nan(ind)
Recall_test: 0.000000
F1_test: -nan(ind)
 

Arquitectura: _2_3_3_3_3_1_
Semilla: 1788095780
Segundos: 186
NIteraciones: 100000

Costo_train: 0.249996
Precision_train: -nan(ind)
Recall_train: 0.000000
F1_train: -nan(ind)

Costo_test: 0.250038
Precision_test: -nan(ind)
Recall_test: 0.000000
F1_test: -nan(ind)
 

Arquitectura: _2_3_3_3_3_1_
Semilla: 1788095780
Segundos: 186
NIteraciones: 100000

Costo_train: 0.249983
Precision_train: -nan(ind)
Recall_train: 0.000000
F1_train: -nan(ind)

Costo_test: 0.250070
Precision_test: -nan(ind)
Recall_test: 0.000000
F1_test: -nan(ind)
 

Arquitectura: _2_3_3_3_3_1_
Semilla: 1788095780
Segundos: 186
NIteraciones: 100000

Costo_train: 0.249991
Precision_train: -nan(ind)
Recall_train: 0.000000
F1_train: -nan(ind)

Costo_test: 0.250040
Precision_test: -nan(ind)
Recall_test: 0.000000
F1_test: -nan(ind)
 

Arquitectura: _2_3_3_3_3_1_
Semilla: 1788095780
Segundos: 186
NIteraciones: 100000

Costo_train: 0.249994
Precision_train: -nan(ind)
Recall_train: 0.000000
F1_train: -nan(ind)

Costo_test: 0.250037
Precision_test: -nan(ind)
Recall_test: 0.000000
F1_test: -nan(ind)
 

Arquitectura: _2_3_3_3_3_1_
Semilla: 1788095780
Segundos: 186
NIteraciones: 100000

Costo_train: 0.249998
Precision_train: -nan(ind)
Recall_train: 0.000000
F1_train: -nan(ind)

Costo_test: 0.250032
Precision_test: -nan(ind)
Recall_test: 0.000000
F1_test: -nan(ind)
 

Arquitectura: _2_3_3_3_3_1_
Semilla: 1788095780
Segundos: 186
NIteraciones: 100000

Costo_train: 0.249983
Precision_train: -nan(ind)
Recall_train: 0.000000
F1_train: -nan(ind)

Costo_test: 0.250049
Precision_test: -nan(ind)
Recall_test: 0.000000
F1_test: -nan(ind)
 

Arquitectura: _2_3_3_3_3_1_
Semilla: 1788095780
Segundos: 186
NIteraciones: 100000

Costo_train: 0.249994
Precision_train: -nan(ind)
Recall_train: 0.000000
F1_train: -nan(ind)

Costo_test: 0.250032
Precision_test: -nan(ind)
Recall_test: 0.000000
F1_test: -nan(ind)
 

Arquitectura: _2_3_3_3_3_1_
Semilla: 1788095780
Segundos: 186
NIteraciones: 100000

Costo_train: 0.250001
Precision_train: -nan(ind)
Recall_train: 0.000000
F1_train: -nan(ind)

Costo_test: 0.250036
Precision_test: -nan(ind)
Recall_test: 0.000000
F1_test: -nan(ind)
 

Arquitectura: _2_3_3_3_3_1_
Semilla: 1788095780
Segundos: 186
NIteraciones: 100000

Costo_train: 0.249999
Precision_train: -nan(ind)
Recall_train: 0.000000
F1_train: -nan(ind)

Costo_test: 0.250000
Precision_test: -nan(ind)
Recall_test: 0.000000
F1_test: -nan(ind)
 

Arquitectura: _2_3_3_3_3_1_
Semilla: 1788095780
Segundos: 186
NIteraciones: 100000

Costo_train: 0.249999
Precision_train: -nan(ind)
Recall_train: 0.000000
F1_train: -nan(ind)

Costo_test: 0.250029
Precision_test: -nan(ind)
Recall_test: 0.000000
F1_test: -nan(ind)
 

Arquitectura: _2_3_3_3_3_1_
Semilla: 1788095780
Segundos: 186
NIteraciones: 100000

Costo_train: 0.249995
Precision_train: -nan(ind)
Recall_train: 0.000000
F1_train: -nan(ind)

Costo_test: 0.250033
Precision_test: -nan(ind)
Recall_test: 0.000000
F1_test: -nan(ind)
 

Arquitectura: _2_3_3_3_3_1_
Semilla: 1788095780
Segundos: 186
NIteraciones: 100000

Costo_train: 0.249987
Precision_train: -nan(ind)
Recall_train: 0.000000
F1_train: -nan(ind)

Costo_test: 0.250041
Precision_test: -nan(ind)
Recall_test: 0.000000
F1_test: -nan(ind)
 

Arquitectura: _2_3_3_3_3_1_
Semilla: 1788095780
Segundos: 186
NIteraciones: 100000

Costo_train: 0.250006
Precision_train: -nan(ind)
Recall_train: 0.000000
F1_train: -nan(ind)

Costo_test: 0.250035
Precision_test: -nan(ind)
Recall_test: 0.000000
F1_test: -nan(ind)
 

Arquitectura: _2_3_3_3_3_1_
Semilla: 1788095780
Segundos: 186
NIteraciones: 100000

Costo_train: 0.249977
Precision_train: -nan(ind)
Recall_train: 0.000000
F1_train: -nan(ind)

Costo_test: 0.250051
Precision_test: -nan(ind)
Recall_test: 0.000000
F1_test: -nan(ind)
 

Arquitectura: _2_3_3_3_3_1_
Semilla: 1788095780
Segundos: 186
NIteraciones: 100000

Costo_train: 0.249945
Precision_train: 0.526316
Recall_train: 0.163112
F1_train: 0.249042

Costo_test: 0.250083
Precision_test: 0.431034
Recall_test: 0.123153
F1_test: 0.191571
 

Arquitectura: _2_3_3_3_3_1_
Semilla: 1788095780
Segundos: 186
NIteraciones: 100000

Costo_train: 0.249997
Precision_train: -nan(ind)
Recall_train: 0.000000
F1_train: -nan(ind)

Costo_test: 0.250041
Precision_test: -nan(ind)
Recall_test: 0.000000
F1_test: -nan(ind)
 

Arquitectura: _2_3_3_3_3_1_
Semilla: 1788095780
Segundos: 186
NIteraciones: 100000

Costo_train: 0.249997
Precision_train: -nan(ind)
Recall_train: 0.000000
F1_train: -nan(ind)

Costo_test: 0.250030
Precision_test: -nan(ind)
Recall_test: 0.000000
F1_test: -nan(ind)
 

Arquitectura: _2_3_3_3_3_1_
Semilla: 1788095780
Segundos: 186
NIteraciones: 100000

Costo_train: 0.249995
Precision_train: -nan(ind)
Recall_train: 0.000000
F1_train: -nan(ind)

Costo_test: 0.250029
Precision_test: -nan(ind)
Recall_test: 0.000000
F1_test: -nan(ind)
 

Arquitectura: _2_3_3_3_3_1_
Semilla: 1788095780
Segundos: 186
NIteraciones: 100000

Costo_train: 0.249984
Precision_train: -nan(ind)
Recall_train: 0.000000
F1_train: -nan(ind)

Costo_test: 0.250023
Precision_test: -nan(ind)
Recall_test: 0.000000
F1_test: -nan(ind)
 

Arquitectura: _2_3_3_3_3_1_
Semilla: 1788095780
Segundos: 186
NIteraciones: 100000

Costo_train: 0.249988
Precision_train: -nan(ind)
Recall_train: 0.000000
F1_train: -nan(ind)

Costo_test: 0.250037
Precision_test: -nan(ind)
Recall_test: 0.000000
F1_test: -nan(ind)
 

Arquitectura: _2_3_3_3_3_1_
Semilla: 1788095780
Segundos: 186
NIteraciones: 100000

Costo_train: 0.249998
Precision_train: -nan(ind)
Recall_train: 0.000000
F1_train: -nan(ind)

Costo_test: 0.250029
Precision_test: -nan(ind)
Recall_test: 0.000000
F1_test: -nan(ind)
 

Arquitectura: _2_3_3_3_3_1_
Semilla: 1788095780
Segundos: 186
NIteraciones: 100000

Costo_train: 0.249988
Precision_train: -nan(ind)
Recall_train: 0.000000
F1_train: -nan(ind)

Costo_test: 0.250046
Precision_test: -nan(ind)
Recall_test: 0.000000
F1_test: -nan(ind)
 

Arquitectura: _2_3_3_3_3_1_
Semilla: 1788095780
Segundos: 186
NIteraciones: 100000

Costo_train: 0.249996
Precision_train: -nan(ind)
Recall_train: 0.000000
F1_train: -nan(ind)

Costo_test: 0.250010
Precision_test: -nan(ind)
Recall_test: 0.000000
F1_test: -nan(ind)
 

Arquitectura: _2_3_3_3_3_1_
Semilla: 1788095780
Segundos: 186
NIteraciones: 100000

Costo_train: 0.249994
Precision_train: -nan(ind)
Recall_train: 0.000000
F1_train: -nan(ind)

Costo_test: 0.250025
Precision_test: -nan(ind)
Recall_test: 0.000000
F1_test: -nan(ind)
 

Arquitectura: _2_3_3_3_3_1_
Semilla: 1788095780
Segundos: 186
NIteraciones: 100000

Costo_train: 0.249998
Precision_train: -nan(ind)
Recall_train: 0.000000
F1_train: -nan(ind)

Costo_test: 0.250029
Precision_test: -nan(ind)
Recall_test: 0.000000
F1_test: -nan(ind)
 

Arquitectura: _2_3_3_3_3_1_
Semilla: 1788095780
Segundos: 186
NIteraciones: 100000

Costo_train: 0.249993
Precision_train: -nan(ind)
Recall_train: 0.000000
F1_train: -nan(ind)

Costo_test: 0.250006
Precision_test: -nan(ind)
Recall_test: 0.000000
F1_test: -nan(ind)
 

Arquitectura: _2_3_3_3_3_1_
Semilla: 1788095780
Segundos: 186
NIteraciones: 100000

Costo_train: 0.249997
Precision_train: -nan(ind)
Recall_train: 0.000000
F1_train: -nan(ind)

Costo_test: 0.250029
Precision_test: -nan(ind)
Recall_test: 0.000000
F1_test: -nan(ind)
 

Arquitectura: _2_3_3_3_3_1_
Semilla: 1788095780
Segundos: 186
NIteraciones: 100000

Costo_train: 0.249967
Precision_train: 0.550847
Recall_train: 0.081556
F1_train: 0.142077

Costo_test: 0.250108
Precision_test: 0.428571
Recall_test: 0.059113
F1_test: 0.103896
 

Arquitectura: _2_3_3_3_3_1_
Semilla: 1788095780
Segundos: 186
NIteraciones: 100000

Costo_train: 0.249991
Precision_train: -nan(ind)
Recall_train: 0.000000
F1_train: -nan(ind)

Costo_test: 0.250038
Precision_test: -nan(ind)
Recall_test: 0.000000
F1_test: -nan(ind)
 

Arquitectura: _2_3_3_3_3_1_
Semilla: 1788095780
Segundos: 186
NIteraciones: 100000

Costo_train: 0.249976
Precision_train: 0.541936
Recall_train: 0.105395
F1_train: 0.176471

Costo_test: 0.250007
Precision_test: 0.545455
Recall_test: 0.088670
F1_test: 0.152542
 

Arquitectura: _2_3_3_3_3_1_
Semilla: 1788095780
Segundos: 186
NIteraciones: 100000

Costo_train: 0.249963
Precision_train: 0.573770
Recall_train: 0.043915
F1_train: 0.081585

Costo_test: 0.250064
Precision_test: 0.444444
Recall_test: 0.039409
F1_test: 0.072398
 

Arquitectura: _2_3_3_3_3_1_
Semilla: 1788095780
Segundos: 186
NIteraciones: 100000

Costo_train: 0.249996
Precision_train: -nan(ind)
Recall_train: 0.000000
F1_train: -nan(ind)

Costo_test: 0.250034
Precision_test: -nan(ind)
Recall_test: 0.000000
F1_test: -nan(ind)
 

Arquitectura: _2_3_3_3_3_1_
Semilla: 1788095780
Segundos: 186
NIteraciones: 100000

Costo_train: 0.250011
Precision_train: -nan(ind)
Recall_train: 0.000000
F1_train: -nan(ind)

Costo_test: 0.250022
Precision_test: -nan(ind)
Recall_test: 0.000000
F1_test: -nan(ind)
 

Arquitectura: _2_3_3_3_3_1_
Semilla: 1788095780
Segundos: 186
NIteraciones: 100000

Costo_train: 0.249984
Precision_train: -nan(ind)
Recall_train: 0.000000
F1_train: -nan(ind)

Costo_test: 0.250042
Precision_test: -nan(ind)
Recall_test: 0.000000
F1_test: -nan(ind)
 

Arquitectura: _2_3_3_3_3_1_
Semilla: 1788095780
Segundos: 186
NIteraciones: 100000

Costo_train: 0.249999
Precision_train: -nan(ind)
Recall_train: 0.000000
F1_train: -nan(ind)

Costo_test: 0.250025
Precision_test: -nan(ind)
Recall_test: 0.000000
F1_test: -nan(ind)
 

Arquitectura: _2_3_3_3_3_1_
Semilla: 1788095780
Segundos: 186
NIteraciones: 100000

Costo_train: 0.250002
Precision_train: -nan(ind)
Recall_train: 0.000000
F1_train: -nan(ind)

Costo_test: 0.250035
Precision_test: -nan(ind)
Recall_test: 0.000000
F1_test: -nan(ind)
 

Arquitectura: _2_3_3_3_3_1_
Semilla: 1788095780
Segundos: 186
NIteraciones: 100000

Costo_train: 0.250001
Precision_train: -nan(ind)
Recall_train: 0.000000
F1_train: -nan(ind)

Costo_test: 0.250022
Precision_test: -nan(ind)
Recall_test: 0.000000
F1_test: -nan(ind)
 

Arquitectura: _2_3_3_3_3_1_
Semilla: 1788095780
Segundos: 186
NIteraciones: 100000

Costo_train: 0.249977
Precision_train: 0.545455
Recall_train: 0.030113
F1_train: 0.057075

Costo_test: 0.250085
Precision_test: 0.600000
Recall_test: 0.014778
F1_test: 0.028846
 

Arquitectura: _2_3_3_3_3_1_
Semilla: 1788095780
Segundos: 186
NIteraciones: 100000

Costo_train: 0.250002
Precision_train: -nan(ind)
Recall_train: 0.000000
F1_train: -nan(ind)

Costo_test: 0.250019
Precision_test: -nan(ind)
Recall_test: 0.000000
F1_test: -nan(ind)
 

Arquitectura: _2_3_3_3_3_1_
Semilla: 1788095780
Segundos: 186
NIteraciones: 100000

Costo_train: 0.249990
Precision_train: -nan(ind)
Recall_train: 0.000000
F1_train: -nan(ind)

Costo_test: 0.250045
Precision_test: -nan(ind)
Recall_test: 0.000000
F1_test: -nan(ind)
 

Arquitectura: _2_3_3_3_3_1_
Semilla: 1788095780
Segundos: 186
NIteraciones: 100000

Costo_train: 0.249988
Precision_train: -nan(ind)
Recall_train: 0.000000
F1_train: -nan(ind)

Costo_test: 0.250092
Precision_test: -nan(ind)
Recall_test: 0.000000
F1_test: -nan(ind)
 

Arquitectura: _2_3_3_3_3_1_
Semilla: 1788095780
Segundos: 186
NIteraciones: 100000

Costo_train: 0.249998
Precision_train: -nan(ind)
Recall_train: 0.000000
F1_train: -nan(ind)

Costo_test: 0.250035
Precision_test: -nan(ind)
Recall_test: 0.000000
F1_test: -nan(ind)
 

Arquitectura: _2_3_3_3_3_1_
Semilla: 1788095780
Segundos: 186
NIteraciones: 100000

Costo_train: 0.249985
Precision_train: -nan(ind)
Recall_train: 0.000000
F1_train: -nan(ind)

Costo_test: 0.250055
Precision_test: -nan(ind)
Recall_test: 0.000000
F1_test: -nan(ind)
 

Arquitectura: _2_3_3_3_3_1_
Semilla: 1788095780
Segundos: 186
NIteraciones: 100000

Costo_train: 0.249988
Precision_train: -nan(ind)
Recall_train: 0.000000
F1_train: -nan(ind)

Costo_test: 0.250059
Precision_test: -nan(ind)
Recall_test: 0.000000
F1_test: -nan(ind)
 

Arquitectura: _2_3_3_3_3_1_
Semilla: 1788095780
Segundos: 186
NIteraciones: 100000

Costo_train: 0.249985
Precision_train: -nan(ind)
Recall_train: 0.000000
F1_train: -nan(ind)

Costo_test: 0.250046
Precision_test: -nan(ind)
Recall_test: 0.000000
F1_test: -nan(ind)
 

Arquitectura: _2_3_3_3_3_1_
Semilla: 1788095780
Segundos: 186
NIteraciones: 100000

Costo_train: 0.249998
Precision_train: -nan(ind)
Recall_train: 0.000000
F1_train: -nan(ind)

Costo_test: 0.250033
Precision_test: -nan(ind)
Recall_test: 0.000000
F1_test: -nan(ind)
 

Arquitectura: _2_3_3_3_3_1_
Semilla: 1788095780
Segundos: 186
NIteraciones: 100000

Costo_train: 0.249996
Precision_train: -nan(ind)
Recall_train: 0.000000
F1_train: -nan(ind)

Costo_test: 0.250027
Precision_test: -nan(ind)
Recall_test: 0.000000
F1_test: -nan(ind)
 

Arquitectura: _2_3_3_3_3_1_
Semilla: 1788095780
Segundos: 186
NIteraciones: 100000

Costo_train: 0.249996
Precision_train: -nan(ind)
Recall_train: 0.000000
F1_train: -nan(ind)

Costo_test: 0.250027
Precision_test: -nan(ind)
Recall_test: 0.000000
F1_test: -nan(ind)
 

Arquitectura: _2_3_3_3_3_1_
Semilla: 1788095780
Segundos: 186
NIteraciones: 100000

Costo_train: 0.249951
Precision_train: 0.500000
Recall_train: 0.189460
F1_train: 0.274795

Costo_test: 0.250017
Precision_test: 0.485294
Recall_test: 0.162562
F1_test: 0.243542
 

Arquitectura: _2_3_3_3_3_1_
Semilla: 1788095780
Segundos: 186
NIteraciones: 100000

Costo_train: 0.249958
Precision_train: 0.572165
Recall_train: 0.139272
F1_train: 0.224016

Costo_test: 0.250110
Precision_test: 0.408163
Recall_test: 0.098522
F1_test: 0.158730
 

Arquitectura: _2_3_3_3_3_1_
Semilla: 1788095780
Segundos: 186
NIteraciones: 100000

Costo_train: 0.249997
Precision_train: -nan(ind)
Recall_train: 0.000000
F1_train: -nan(ind)

Costo_test: 0.250025
Precision_test: -nan(ind)
Recall_test: 0.000000
F1_test: -nan(ind)
 

Arquitectura: _2_3_3_3_3_1_
Semilla: 1788095780
Segundos: 186
NIteraciones: 100000

Costo_train: 0.249965
Precision_train: 0.551515
Recall_train: 0.114178
F1_train: 0.189189

Costo_test: 0.250112
Precision_test: 0.444444
Recall_test: 0.078818
F1_test: 0.133891
 

Arquitectura: _2_3_3_3_3_1_
Semilla: 1788095780
Segundos: 186
NIteraciones: 100000

Costo_train: 0.249999
Precision_train: -nan(ind)
Recall_train: 0.000000
F1_train: -nan(ind)

Costo_test: 0.250030
Precision_test: -nan(ind)
Recall_test: 0.000000
F1_test: -nan(ind)
 

Arquitectura: _2_3_3_3_3_1_
Semilla: 1788095780
Segundos: 186
NIteraciones: 100000

Costo_train: 0.249988
Precision_train: -nan(ind)
Recall_train: 0.000000
F1_train: -nan(ind)

Costo_test: 0.250046
Precision_test: -nan(ind)
Recall_test: 0.000000
F1_test: -nan(ind)
 

Arquitectura: _2_3_3_3_3_1_
Semilla: 1788095780
Segundos: 186
NIteraciones: 100000

Costo_train: 0.250005
Precision_train: -nan(ind)
Recall_train: 0.000000
F1_train: -nan(ind)

Costo_test: 0.250034
Precision_test: -nan(ind)
Recall_test: 0.000000
F1_test: -nan(ind)
 

Arquitectura: _2_3_3_3_3_1_
Semilla: 1788095780
Segundos: 186
NIteraciones: 100000

Costo_train: 0.249988
Precision_train: -nan(ind)
Recall_train: 0.000000
F1_train: -nan(ind)

Costo_test: 0.250038
Precision_test: -nan(ind)
Recall_test: 0.000000
F1_test: -nan(ind)
 

Arquitectura: _2_3_3_3_3_1_
Semilla: 1788095780
Segundos: 186
NIteraciones: 100000

Costo_train: 0.250001
Precision_train: -nan(ind)
Recall_train: 0.000000
F1_train: -nan(ind)

Costo_test: 0.250029
Precision_test: -nan(ind)
Recall_test: 0.000000
F1_test: -nan(ind)
 

Arquitectura: _2_3_3_3_3_1_
Semilla: 1788095780
Segundos: 186
NIteraciones: 100000

Costo_train: 0.249991
Precision_train: -nan(ind)
Recall_train: 0.000000
F1_train: -nan(ind)

Costo_test: 0.250046
Precision_test: -nan(ind)
Recall_test: 0.000000
F1_test: -nan(ind)
 

Arquitectura: _2_3_3_3_3_1_
Semilla: 1788095780
Segundos: 186
NIteraciones: 100000

Costo_train: 0.249993
Precision_train: 0.500000
Recall_train: 0.138018
F1_train: 0.216323

Costo_test: 0.250127
Precision_test: 0.428571
Recall_test: 0.118227
F1_test: 0.185328
 

Arquitectura: _2_3_3_3_3_1_
Semilla: 1788095780
Segundos: 186
NIteraciones: 100000

Costo_train: 0.249995
Precision_train: -nan(ind)
Recall_train: 0.000000
F1_train: -nan(ind)

Costo_test: 0.250036
Precision_test: -nan(ind)
Recall_test: 0.000000
F1_test: -nan(ind)
 

Arquitectura: _2_3_3_3_3_1_
Semilla: 1788095780
Segundos: 186
NIteraciones: 100000

Costo_train: 0.249996
Precision_train: -nan(ind)
Recall_train: 0.000000
F1_train: -nan(ind)

Costo_test: 0.250035
Precision_test: -nan(ind)
Recall_test: 0.000000
F1_test: -nan(ind)
 

Arquitectura: _2_3_3_3_3_1_
Semilla: 1788095780
Segundos: 186
NIteraciones: 100000

Costo_train: 0.249988
Precision_train: -nan(ind)
Recall_train: 0.000000
F1_train: -nan(ind)

Costo_test: 0.250047
Precision_test: -nan(ind)
Recall_test: 0.000000
F1_test: -nan(ind)
 

Arquitectura: _2_3_3_3_3_1_
Semilla: 1788095780
Segundos: 186
NIteraciones: 100000

Costo_train: 0.249984
Precision_train: -nan(ind)
Recall_train: 0.000000
F1_train: -nan(ind)

Costo_test: 0.250033
Precision_test: -nan(ind)
Recall_test: 0.000000
F1_test: -nan(ind)
 

Arquitectura: _2_3_3_3_3_1_
Semilla: 1788095780
Segundos: 186
NIteraciones: 100000

Costo_train: 0.250000
Precision_train: -nan(ind)
Recall_train: 0.000000
F1_train: -nan(ind)

Costo_test: 0.250031
Precision_test: -nan(ind)
Recall_test: 0.000000
F1_test: -nan(ind)
 

Arquitectura: _2_3_3_3_3_1_
Semilla: 1788095780
Segundos: 186
NIteraciones: 100000

Costo_train: 0.249998
Precision_train: -nan(ind)
Recall_train: 0.000000
F1_train: -nan(ind)

Costo_test: 0.250039
Precision_test: -nan(ind)
Recall_test: 0.000000
F1_test: -nan(ind)
 

Arquitectura: _2_3_3_3_3_1_
Semilla: 1788095780
Segundos: 186
NIteraciones: 100000

Costo_train: 0.250024
Precision_train: -nan(ind)
Recall_train: 0.000000
F1_train: -nan(ind)

Costo_test: 0.250009
Precision_test: -nan(ind)
Recall_test: 0.000000
F1_test: -nan(ind)
 

Arquitectura: _2_3_3_3_3_1_
Semilla: 1788095780
Segundos: 186
NIteraciones: 100000

Costo_train: 0.249964
Precision_train: 0.555556
Recall_train: 0.037641
F1_train: 0.070505

Costo_test: 0.250059
Precision_test: 0.384615
Recall_test: 0.024631
F1_test: 0.046296
 

Arquitectura: _2_3_3_3_3_1_
Semilla: 1788095780
Segundos: 186
NIteraciones: 100000

Costo_train: 0.249951
Precision_train: 0.517730
Recall_train: 0.091593
F1_train: 0.155650

Costo_test: 0.250064
Precision_test: 0.416667
Recall_test: 0.073892
F1_test: 0.125523
 

Arquitectura: _2_3_3_3_3_1_
Semilla: 1788095780
Segundos: 186
NIteraciones: 100000

Costo_train: 0.249996
Precision_train: -nan(ind)
Recall_train: 0.000000
F1_train: -nan(ind)

Costo_test: 0.250031
Precision_test: -nan(ind)
Recall_test: 0.000000
F1_test: -nan(ind)
 

Arquitectura: _2_3_3_3_3_1_
Semilla: 1788095780
Segundos: 186
NIteraciones: 100000

Costo_train: 0.250010
Precision_train: -nan(ind)
Recall_train: 0.000000
F1_train: -nan(ind)

Costo_test: 0.250022
Precision_test: -nan(ind)
Recall_test: 0.000000
F1_test: -nan(ind)
 

Arquitectura: _2_3_3_3_3_1_
Semilla: 1788095780
Segundos: 186
NIteraciones: 100000

Costo_train: 0.249984
Precision_train: -nan(ind)
Recall_train: 0.000000
F1_train: -nan(ind)

Costo_test: 0.250047
Precision_test: -nan(ind)
Recall_test: 0.000000
F1_test: -nan(ind)
 

Arquitectura: _2_3_3_3_3_1_
Semilla: 1788095780
Segundos: 186
NIteraciones: 100000

Costo_train: 0.250006
Precision_train: -nan(ind)
Recall_train: 0.000000
F1_train: -nan(ind)

Costo_test: 0.250012
Precision_test: -nan(ind)
Recall_test: 0.000000
F1_test: -nan(ind)
 

Arquitectura: _2_3_3_3_3_1_
Semilla: 1788095780
Segundos: 186
NIteraciones: 100000

Costo_train: 0.250001
Precision_train: -nan(ind)
Recall_train: 0.000000
F1_train: -nan(ind)

Costo_test: 0.250057
Precision_test: -nan(ind)
Recall_test: 0.000000
F1_test: -nan(ind)
 

Arquitectura: _2_3_3_3_3_1_
Semilla: 1788095780
Segundos: 186
NIteraciones: 100000

Costo_train: 0.250001
Precision_train: -nan(ind)
Recall_train: 0.000000
F1_train: -nan(ind)

Costo_test: 0.249997
Precision_test: -nan(ind)
Recall_test: 0.000000
F1_test: -nan(ind)
 

Arquitectura: _2_3_3_3_3_1_
Semilla: 1788095780
Segundos: 186
NIteraciones: 100000

Costo_train: 0.249988
Precision_train: -nan(ind)
Recall_train: 0.000000
F1_train: -nan(ind)

Costo_test: 0.250039
Precision_test: -nan(ind)
Recall_test: 0.000000
F1_test: -nan(ind)
 

Arquitectura: _2_3_3_3_3_1_
Semilla: 1788095780
Segundos: 186
NIteraciones: 100000

Costo_train: 0.249994
Precision_train: -nan(ind)
Recall_train: 0.000000
F1_train: -nan(ind)

Costo_test: 0.250034
Precision_test: -nan(ind)
Recall_test: 0.000000
F1_test: -nan(ind)
 

Arquitectura: _2_3_3_3_3_1_
Semilla: 1788095780
Segundos: 186
NIteraciones: 100000

Costo_train: 0.249997
Precision_train: -nan(ind)
Recall_train: 0.000000
F1_train: -nan(ind)

Costo_test: 0.250029
Precision_test: -nan(ind)
Recall_test: 0.000000
F1_test: -nan(ind)
 

Arquitectura: _2_3_3_3_3_1_
Semilla: 1788095780
Segundos: 186
NIteraciones: 100000

Costo_train: 0.249993
Precision_train: -nan(ind)
Recall_train: 0.000000
F1_train: -nan(ind)

Costo_test: 0.250034
Precision_test: -nan(ind)
Recall_test: 0.000000
F1_test: -nan(ind)
 

Arquitectura: _2_3_3_3_3_1_
Semilla: 1788095780
Segundos: 186
NIteraciones: 100000

Costo_train: 0.249995
Precision_train: -nan(ind)
Recall_train: 0.000000
F1_train: -nan(ind)

Costo_test: 0.250050
Precision_test: -nan(ind)
Recall_test: 0.000000
F1_test: -nan(ind)
 

Arquitectura: _2_3_3_3_3_1_
Semilla: 1788095780
Segundos: 186
NIteraciones: 100000

Costo_train: 0.249975
Precision_train: -nan(ind)
Recall_train: 0.000000
F1_train: -nan(ind)

Costo_test: 0.250061
Precision_test: -nan(ind)
Recall_test: 0.000000
F1_test: -nan(ind)
 

Arquitectura: _2_3_3_3_3_1_
Semilla: 1788095780
Segundos: 186
NIteraciones: 100000

Costo_train: 0.250019
Precision_train: 0.483871
Recall_train: 0.018821
F1_train: 0.036232

Costo_test: 0.249985
Precision_test: 0.625000
Recall_test: 0.024631
F1_test: 0.047393
 

Arquitectura: _2_3_3_3_3_1_
Semilla: 1788095780
Segundos: 186
NIteraciones: 100000

Costo_train: 0.249996
Precision_train: -nan(ind)
Recall_train: 0.000000
F1_train: -nan(ind)

Costo_test: 0.250034
Precision_test: -nan(ind)
Recall_test: 0.000000
F1_test: -nan(ind)
 

Arquitectura: _2_3_3_3_3_1_
Semilla: 1788095780
Segundos: 186
NIteraciones: 100000

Costo_train: 0.249993
Precision_train: -nan(ind)
Recall_train: 0.000000
F1_train: -nan(ind)

Costo_test: 0.250028
Precision_test: -nan(ind)
Recall_test: 0.000000
F1_test: -nan(ind)
 

Arquitectura: _2_3_3_3_3_1_
Semilla: 1788095780
Segundos: 186
NIteraciones: 100000

Costo_train: 0.249974
Precision_train: 0.492958
Recall_train: 0.043915
F1_train: 0.080645

Costo_test: 0.250016
Precision_test: 0.500000
Recall_test: 0.029557
F1_test: 0.055814
 

Arquitectura: _2_3_3_3_3_1_
Semilla: 1788095780
Segundos: 186
NIteraciones: 100000

Costo_train: 0.249979
Precision_train: -nan(ind)
Recall_train: 0.000000
F1_train: -nan(ind)

Costo_test: 0.250067
Precision_test: -nan(ind)
Recall_test: 0.000000
F1_test: -nan(ind)
 

Arquitectura: _2_3_3_3_3_1_
Semilla: 1788095780
Segundos: 186
NIteraciones: 100000

Costo_train: 0.249984
Precision_train: -nan(ind)
Recall_train: 0.000000
F1_train: -nan(ind)

Costo_test: 0.250061
Precision_test: -nan(ind)
Recall_test: 0.000000
F1_test: -nan(ind)
 

Arquitectura: _2_3_3_3_3_1_
Semilla: 1788095780
Segundos: 186
NIteraciones: 100000

Costo_train: 0.249992
Precision_train: -nan(ind)
Recall_train: 0.000000
F1_train: -nan(ind)

Costo_test: 0.250033
Precision_test: -nan(ind)
Recall_test: 0.000000
F1_test: -nan(ind)
 


--- Test Angosta 5.0 ---
Iteración 10000
Costo: 0.249697
Iteración 20000
Costo: 0.249692
Iteración 30000
Costo: 0.249685
Iteración 40000
Costo: 0.249676
Iteración 50000
Costo: 0.249663
Iteración 60000
Costo: 0.249645
Iteración 70000
Costo: 0.249619
Iteración 80000
Costo: 0.249582
Iteración 90000
Costo: 0.249535

Arquitectura: _2_15_1_
Semilla: 1788095966
Segundos: 56
NIteraciones: 100000

Costo_train: 0.249477
Precision_train: 0.519708
Recall_train: 0.446675
F1_train: 0.480432

Costo_test: 0.250792
Precision_test: 0.481707
Recall_test: 0.389163
F1_test: 0.430518
 

Arquitectura: _2_15_1_
Semilla: 1788095966
Segundos: 56
NIteraciones: 100000

Costo_train: 0.249459
Precision_train: 0.521067
Recall_train: 0.465496
F1_train: 0.491716

Costo_test: 0.250791
Precision_test: 0.477012
Recall_test: 0.408867
F1_test: 0.440318
 

Arquitectura: _2_15_1_
Semilla: 1788095966
Segundos: 56
NIteraciones: 100000

Costo_train: 0.249595
Precision_train: 0.513788
Recall_train: 0.444166
F1_train: 0.476447

Costo_test: 0.250939
Precision_test: 0.479042
Recall_test: 0.394089
F1_test: 0.432432
 

Arquitectura: _2_15_1_
Semilla: 1788095966
Segundos: 56
NIteraciones: 100000

Costo_train: 0.249685
Precision_train: 0.514247
Recall_train: 0.475533
F1_train: 0.494133

Costo_test: 0.250927
Precision_test: 0.488506
Recall_test: 0.418719
F1_test: 0.450928
 

Arquitectura: _2_15_1_
Semilla: 1788095966
Segundos: 56
NIteraciones: 100000

Costo_train: 0.249355
Precision_train: 0.526786
Recall_train: 0.444166
F1_train: 0.481961

Costo_test: 0.250806
Precision_test: 0.478261
Recall_test: 0.379310
F1_test: 0.423077
 

Arquitectura: _2_15_1_
Semilla: 1788095966
Segundos: 56
NIteraciones: 100000

Costo_train: 0.249414
Precision_train: 0.526799
Recall_train: 0.431619
F1_train: 0.474483

Costo_test: 0.250889
Precision_test: 0.452830
Recall_test: 0.354680
F1_test: 0.397790
 

Arquitectura: _2_15_1_
Semilla: 1788095966
Segundos: 56
NIteraciones: 100000

Costo_train: 0.249641
Precision_train: 0.516043
Recall_train: 0.484316
F1_train: 0.499676

Costo_test: 0.250829
Precision_test: 0.480447
Recall_test: 0.423645
F1_test: 0.450262
 

Arquitectura: _2_15_1_
Semilla: 1788095966
Segundos: 56
NIteraciones: 100000

Costo_train: 0.249362
Precision_train: 0.522828
Recall_train: 0.445420
F1_train: 0.481030

Costo_test: 0.250786
Precision_test: 0.491018
Recall_test: 0.403941
F1_test: 0.443243
 

Arquitectura: _2_15_1_
Semilla: 1788095966
Segundos: 56
NIteraciones: 100000

Costo_train: 0.249535
Precision_train: 0.510760
Recall_train: 0.446675
F1_train: 0.476573

Costo_test: 0.250834
Precision_test: 0.481481
Recall_test: 0.384236
F1_test: 0.427397
 

Arquitectura: _2_15_1_
Semilla: 1788095966
Segundos: 56
NIteraciones: 100000

Costo_train: 0.249683
Precision_train: 0.517787
Recall_train: 0.493099
F1_train: 0.505141

Costo_test: 0.250857
Precision_test: 0.489011
Recall_test: 0.438424
F1_test: 0.462338
 

Arquitectura: _2_15_1_
Semilla: 1788095966
Segundos: 56
NIteraciones: 100000

Costo_train: 0.249309
Precision_train: 0.528467
Recall_train: 0.454203
F1_train: 0.488529

Costo_test: 0.250774
Precision_test: 0.481928
Recall_test: 0.394089
F1_test: 0.433604
 

Arquitectura: _2_15_1_
Semilla: 1788095966
Segundos: 56
NIteraciones: 100000

Costo_train: 0.249409
Precision_train: 0.529412
Recall_train: 0.440401
F1_train: 0.480822

Costo_test: 0.250764
Precision_test: 0.475904
Recall_test: 0.389163
F1_test: 0.428184
 

Arquitectura: _2_15_1_
Semilla: 1788095966
Segundos: 56
NIteraciones: 100000

Costo_train: 0.249321
Precision_train: 0.530015
Recall_train: 0.454203
F1_train: 0.489189

Costo_test: 0.250766
Precision_test: 0.478788
Recall_test: 0.389163
F1_test: 0.429348
 

Arquitectura: _2_15_1_
Semilla: 1788095966
Segundos: 56
NIteraciones: 100000

Costo_train: 0.249545
Precision_train: 0.513828
Recall_train: 0.442911
F1_train: 0.475741

Costo_test: 0.250836
Precision_test: 0.478261
Recall_test: 0.379310
F1_test: 0.423077
 

Arquitectura: _2_15_1_
Semilla: 1788095966
Segundos: 56
NIteraciones: 100000

Costo_train: 0.249572
Precision_train: 0.513067
Recall_train: 0.468005
F1_train: 0.489501

Costo_test: 0.250811
Precision_test: 0.477012
Recall_test: 0.408867
F1_test: 0.440318
 

Arquitectura: _2_15_1_
Semilla: 1788095966
Segundos: 56
NIteraciones: 100000

Costo_train: 0.249424
Precision_train: 0.529061
Recall_train: 0.445420
F1_train: 0.483651

Costo_test: 0.250818
Precision_test: 0.466258
Recall_test: 0.374384
F1_test: 0.415301
 

Arquitectura: _2_15_1_
Semilla: 1788095966
Segundos: 56
NIteraciones: 100000

Costo_train: 0.249622
Precision_train: 0.515604
Recall_train: 0.476788
F1_train: 0.495437

Costo_test: 0.250804
Precision_test: 0.483333
Recall_test: 0.428571
F1_test: 0.454308
 

Arquitectura: _2_15_1_
Semilla: 1788095966
Segundos: 56
NIteraciones: 100000

Costo_train: 0.249514
Precision_train: 0.515759
Recall_train: 0.451694
F1_train: 0.481605

Costo_test: 0.250800
Precision_test: 0.475904
Recall_test: 0.389163
F1_test: 0.428184
 

Arquitectura: _2_15_1_
Semilla: 1788095966
Segundos: 56
NIteraciones: 100000

Costo_train: 0.249520
Precision_train: 0.515759
Recall_train: 0.451694
F1_train: 0.481605

Costo_test: 0.250805
Precision_test: 0.475904
Recall_test: 0.389163
F1_test: 0.428184
 

Arquitectura: _2_15_1_
Semilla: 1788095966
Segundos: 56
NIteraciones: 100000

Costo_train: 0.249176
Precision_train: 0.540741
Recall_train: 0.457967
F1_train: 0.495924

Costo_test: 0.251056
Precision_test: 0.476471
Recall_test: 0.399015
F1_test: 0.434316
 

Arquitectura: _2_15_1_
Semilla: 1788095966
Segundos: 56
NIteraciones: 100000

Costo_train: 0.249633
Precision_train: 0.518767
Recall_train: 0.485571
F1_train: 0.501620

Costo_test: 0.250807
Precision_test: 0.480663
Recall_test: 0.428571
F1_test: 0.453125
 

Arquitectura: _2_15_1_
Semilla: 1788095966
Segundos: 56
NIteraciones: 100000

Costo_train: 0.249653
Precision_train: 0.520161
Recall_train: 0.485571
F1_train: 0.502271

Costo_test: 0.250819
Precision_test: 0.486034
Recall_test: 0.428571
F1_test: 0.455497
 

Arquitectura: _2_15_1_
Semilla: 1788095966
Segundos: 56
NIteraciones: 100000

Costo_train: 0.249656
Precision_train: 0.517976
Recall_train: 0.488080
F1_train: 0.502584

Costo_test: 0.250807
Precision_test: 0.483516
Recall_test: 0.433498
F1_test: 0.457143
 

Arquitectura: _2_15_1_
Semilla: 1788095966
Segundos: 56
NIteraciones: 100000

Costo_train: 0.249659
Precision_train: 0.518170
Recall_train: 0.483061
F1_train: 0.500000

Costo_test: 0.250823
Precision_test: 0.486034
Recall_test: 0.428571
F1_test: 0.455497
 

Arquitectura: _2_15_1_
Semilla: 1788095966
Segundos: 56
NIteraciones: 100000

Costo_train: 0.249581
Precision_train: 0.512784
Recall_train: 0.452949
F1_train: 0.481013

Costo_test: 0.250929
Precision_test: 0.476471
Recall_test: 0.399015
F1_test: 0.434316
 

Arquitectura: _2_15_1_
Semilla: 1788095966
Segundos: 56
NIteraciones: 100000

Costo_train: 0.249410
Precision_train: 0.530030
Recall_train: 0.442911
F1_train: 0.482570

Costo_test: 0.250772
Precision_test: 0.469136
Recall_test: 0.374384
F1_test: 0.416438
 

Arquitectura: _2_15_1_
Semilla: 1788095966
Segundos: 56
NIteraciones: 100000

Costo_train: 0.249626
Precision_train: 0.515646
Recall_train: 0.475533
F1_train: 0.494778

Costo_test: 0.250793
Precision_test: 0.480226
Recall_test: 0.418719
F1_test: 0.447368
 

Arquitectura: _2_15_1_
Semilla: 1788095966
Segundos: 56
NIteraciones: 100000

Costo_train: 0.249310
Precision_train: 0.529325
Recall_train: 0.452949
F1_train: 0.488168

Costo_test: 0.250743
Precision_test: 0.481707
Recall_test: 0.389163
F1_test: 0.430518
 

Arquitectura: _2_15_1_
Semilla: 1788095966
Segundos: 56
NIteraciones: 100000

Costo_train: 0.249373
Precision_train: 0.529412
Recall_train: 0.440401
F1_train: 0.480822

Costo_test: 0.250867
Precision_test: 0.472727
Recall_test: 0.384236
F1_test: 0.423913
 

Arquitectura: _2_15_1_
Semilla: 1788095966
Segundos: 56
NIteraciones: 100000

Costo_train: 0.249591
Precision_train: 0.512295
Recall_train: 0.470514
F1_train: 0.490517

Costo_test: 0.250784
Precision_test: 0.485549
Recall_test: 0.413793
F1_test: 0.446809
 

Arquitectura: _2_15_1_
Semilla: 1788095966
Segundos: 56
NIteraciones: 100000

Costo_train: 0.249295
Precision_train: 0.533333
Recall_train: 0.451694
F1_train: 0.489130

Costo_test: 0.250722
Precision_test: 0.478788
Recall_test: 0.389163
F1_test: 0.429348
 

Arquitectura: _2_15_1_
Semilla: 1788095966
Segundos: 56
NIteraciones: 100000

Costo_train: 0.249370
Precision_train: 0.522761
Recall_train: 0.446675
F1_train: 0.481732

Costo_test: 0.250757
Precision_test: 0.488095
Recall_test: 0.403941
F1_test: 0.442049
 

Arquitectura: _2_15_1_
Semilla: 1788095966
Segundos: 56
NIteraciones: 100000

Costo_train: 0.249417
Precision_train: 0.524922
Recall_train: 0.422836
F1_train: 0.468381

Costo_test: 0.250929
Precision_test: 0.459119
Recall_test: 0.359606
F1_test: 0.403315
 

Arquitectura: _2_15_1_
Semilla: 1788095966
Segundos: 56
NIteraciones: 100000

Costo_train: 0.249618
Precision_train: 0.513624
Recall_train: 0.473024
F1_train: 0.492489

Costo_test: 0.250855
Precision_test: 0.485876
Recall_test: 0.423645
F1_test: 0.452632
 

Arquitectura: _2_15_1_
Semilla: 1788095966
Segundos: 56
NIteraciones: 100000

Costo_train: 0.249556
Precision_train: 0.510885
Recall_train: 0.441656
F1_train: 0.473755

Costo_test: 0.250779
Precision_test: 0.481707
Recall_test: 0.389163
F1_test: 0.430518
 

Arquitectura: _2_15_1_
Semilla: 1788095966
Segundos: 56
NIteraciones: 100000

Costo_train: 0.249594
Precision_train: 0.512605
Recall_train: 0.459222
F1_train: 0.484447

Costo_test: 0.250830
Precision_test: 0.482955
Recall_test: 0.418719
F1_test: 0.448549
 

Arquitectura: _2_15_1_
Semilla: 1788095966
Segundos: 56
NIteraciones: 100000

Costo_train: 0.249627
Precision_train: 0.517426
Recall_train: 0.484316
F1_train: 0.500324

Costo_test: 0.250800
Precision_test: 0.480663
Recall_test: 0.428571
F1_test: 0.453125
 

Arquitectura: _2_15_1_
Semilla: 1788095966
Segundos: 56
NIteraciones: 100000

Costo_train: 0.249429
Precision_train: 0.517391
Recall_train: 0.447930
F1_train: 0.480161

Costo_test: 0.250759
Precision_test: 0.470588
Recall_test: 0.394089
F1_test: 0.428954
 

Arquitectura: _2_15_1_
Semilla: 1788095966
Segundos: 56
NIteraciones: 100000

Costo_train: 0.249481
Precision_train: 0.515493
Recall_train: 0.459222
F1_train: 0.485733

Costo_test: 0.250799
Precision_test: 0.482353
Recall_test: 0.403941
F1_test: 0.439678
 

Arquitectura: _2_15_1_
Semilla: 1788095966
Segundos: 56
NIteraciones: 100000

Costo_train: 0.249624
Precision_train: 0.513774
Recall_train: 0.468005
F1_train: 0.489823

Costo_test: 0.250866
Precision_test: 0.477528
Recall_test: 0.418719
F1_test: 0.446194
 

Arquitectura: _2_15_1_
Semilla: 1788095966
Segundos: 56
NIteraciones: 100000

Costo_train: 0.249473
Precision_train: 0.520408
Recall_train: 0.447930
F1_train: 0.481456

Costo_test: 0.250877
Precision_test: 0.484848
Recall_test: 0.394089
F1_test: 0.434783
 

Arquitectura: _2_15_1_
Semilla: 1788095966
Segundos: 56
NIteraciones: 100000

Costo_train: 0.249408
Precision_train: 0.530395
Recall_train: 0.437892
F1_train: 0.479725

Costo_test: 0.250785
Precision_test: 0.469512
Recall_test: 0.379310
F1_test: 0.419619
 

Arquitectura: _2_15_1_
Semilla: 1788095966
Segundos: 56
NIteraciones: 100000

Costo_train: 0.249663
Precision_train: 0.515604
Recall_train: 0.476788
F1_train: 0.495437

Costo_test: 0.250806
Precision_test: 0.485876
Recall_test: 0.423645
F1_test: 0.452632
 

Arquitectura: _2_15_1_
Semilla: 1788095966
Segundos: 56
NIteraciones: 100000

Costo_train: 0.249482
Precision_train: 0.519288
Recall_train: 0.439147
F1_train: 0.475867

Costo_test: 0.250887
Precision_test: 0.484277
Recall_test: 0.379310
F1_test: 0.425414
 

Arquitectura: _2_15_1_
Semilla: 1788095966
Segundos: 56
NIteraciones: 100000

Costo_train: 0.249625
Precision_train: 0.517615
Recall_train: 0.479297
F1_train: 0.497720

Costo_test: 0.250823
Precision_test: 0.483333
Recall_test: 0.428571
F1_test: 0.454308
 

Arquitectura: _2_15_1_
Semilla: 1788095966
Segundos: 56
NIteraciones: 100000

Costo_train: 0.249343
Precision_train: 0.531722
Recall_train: 0.441656
F1_train: 0.482522

Costo_test: 0.250845
Precision_test: 0.468750
Recall_test: 0.369458
F1_test: 0.413223
 

Arquitectura: _2_15_1_
Semilla: 1788095966
Segundos: 56
NIteraciones: 100000

Costo_train: 0.249292
Precision_train: 0.530702
Recall_train: 0.455458
F1_train: 0.490209

Costo_test: 0.250804
Precision_test: 0.475610
Recall_test: 0.384236
F1_test: 0.425068
 

Arquitectura: _2_15_1_
Semilla: 1788095966
Segundos: 56
NIteraciones: 100000

Costo_train: 0.249593
Precision_train: 0.512373
Recall_train: 0.441656
F1_train: 0.474393

Costo_test: 0.250985
Precision_test: 0.472393
Recall_test: 0.379310
F1_test: 0.420765
 

Arquitectura: _2_15_1_
Semilla: 1788095966
Segundos: 56
NIteraciones: 100000

Costo_train: 0.249575
Precision_train: 0.508427
Recall_train: 0.454203
F1_train: 0.479788

Costo_test: 0.250854
Precision_test: 0.470930
Recall_test: 0.399015
F1_test: 0.432000
 

Arquitectura: _2_15_1_
Semilla: 1788095966
Segundos: 56
NIteraciones: 100000

Costo_train: 0.249553
Precision_train: 0.515988
Recall_train: 0.445420
F1_train: 0.478114

Costo_test: 0.250868
Precision_test: 0.481481
Recall_test: 0.384236
F1_test: 0.427397
 

Arquitectura: _2_15_1_
Semilla: 1788095966
Segundos: 56
NIteraciones: 100000

Costo_train: 0.249584
Precision_train: 0.509777
Recall_train: 0.457967
F1_train: 0.482485

Costo_test: 0.250832
Precision_test: 0.485714
Recall_test: 0.418719
F1_test: 0.449735
 

Arquitectura: _2_15_1_
Semilla: 1788095966
Segundos: 56
NIteraciones: 100000

Costo_train: 0.249204
Precision_train: 0.538462
Recall_train: 0.456713
F1_train: 0.494229

Costo_test: 0.250995
Precision_test: 0.485030
Recall_test: 0.399015
F1_test: 0.437838
 

Arquitectura: _2_15_1_
Semilla: 1788095966
Segundos: 56
NIteraciones: 100000

Costo_train: 0.249681
Precision_train: 0.515152
Recall_train: 0.469260
F1_train: 0.491136

Costo_test: 0.250941
Precision_test: 0.485207
Recall_test: 0.403941
F1_test: 0.440860
 

Arquitectura: _2_15_1_
Semilla: 1788095966
Segundos: 56
NIteraciones: 100000

Costo_train: 0.249176
Precision_train: 0.537092
Recall_train: 0.454203
F1_train: 0.492182

Costo_test: 0.250982
Precision_test: 0.473684
Recall_test: 0.399015
F1_test: 0.433155
 

Arquitectura: _2_15_1_
Semilla: 1788095966
Segundos: 56
NIteraciones: 100000

Costo_train: 0.249594
Precision_train: 0.512397
Recall_train: 0.466750
F1_train: 0.488510

Costo_test: 0.250805
Precision_test: 0.482955
Recall_test: 0.418719
F1_test: 0.448549
 

Arquitectura: _2_15_1_
Semilla: 1788095966
Segundos: 56
NIteraciones: 100000

Costo_train: 0.249515
Precision_train: 0.514286
Recall_train: 0.451694
F1_train: 0.480962

Costo_test: 0.250775
Precision_test: 0.487654
Recall_test: 0.389163
F1_test: 0.432877
 

Arquitectura: _2_15_1_
Semilla: 1788095966
Segundos: 56
NIteraciones: 100000

Costo_train: 0.249638
Precision_train: 0.517976
Recall_train: 0.488080
F1_train: 0.502584

Costo_test: 0.250767
Precision_test: 0.477778
Recall_test: 0.423645
F1_test: 0.449086
 

Arquitectura: _2_15_1_
Semilla: 1788095966
Segundos: 56
NIteraciones: 100000

Costo_train: 0.249295
Precision_train: 0.530191
Recall_train: 0.451694
F1_train: 0.487805

Costo_test: 0.250760
Precision_test: 0.478788
Recall_test: 0.389163
F1_test: 0.429348
 

Arquitectura: _2_15_1_
Semilla: 1788095966
Segundos: 56
NIteraciones: 100000

Costo_train: 0.249679
Precision_train: 0.515152
Recall_train: 0.469260
F1_train: 0.491136

Costo_test: 0.250917
Precision_test: 0.491228
Recall_test: 0.413793
F1_test: 0.449198
 

Arquitectura: _2_15_1_
Semilla: 1788095966
Segundos: 56
NIteraciones: 100000

Costo_train: 0.249417
Precision_train: 0.527646
Recall_train: 0.419072
F1_train: 0.467133

Costo_test: 0.251020
Precision_test: 0.453947
Recall_test: 0.339901
F1_test: 0.388732
 

Arquitectura: _2_15_1_
Semilla: 1788095966
Segundos: 56
NIteraciones: 100000

Costo_train: 0.249362
Precision_train: 0.525114
Recall_train: 0.432873
F1_train: 0.474553

Costo_test: 0.250704
Precision_test: 0.475309
Recall_test: 0.379310
F1_test: 0.421918
 

Arquitectura: _2_15_1_
Semilla: 1788095966
Segundos: 56
NIteraciones: 100000

Costo_train: 0.249623
Precision_train: 0.515818
Recall_train: 0.470514
F1_train: 0.492126

Costo_test: 0.250817
Precision_test: 0.482759
Recall_test: 0.413793
F1_test: 0.445623
 

Arquitectura: _2_15_1_
Semilla: 1788095966
Segundos: 56
NIteraciones: 100000

Costo_train: 0.249541
Precision_train: 0.512126
Recall_train: 0.450439
F1_train: 0.479306

Costo_test: 0.250750
Precision_test: 0.481707
Recall_test: 0.389163
F1_test: 0.430518
 

Arquitectura: _2_15_1_
Semilla: 1788095966
Segundos: 56
NIteraciones: 100000

Costo_train: 0.249540
Precision_train: 0.509353
Recall_train: 0.444166
F1_train: 0.474531

Costo_test: 0.250887
Precision_test: 0.485030
Recall_test: 0.399015
F1_test: 0.437838
 

Arquitectura: _2_15_1_
Semilla: 1788095966
Segundos: 56
NIteraciones: 100000

Costo_train: 0.249441
Precision_train: 0.522431
Recall_train: 0.452949
F1_train: 0.485215

Costo_test: 0.250771
Precision_test: 0.473684
Recall_test: 0.399015
F1_test: 0.433155
 

Arquitectura: _2_15_1_
Semilla: 1788095966
Segundos: 56
NIteraciones: 100000

Costo_train: 0.249486
Precision_train: 0.514563
Recall_train: 0.465496
F1_train: 0.488801

Costo_test: 0.250748
Precision_test: 0.485380
Recall_test: 0.408867
F1_test: 0.443850
 

Arquitectura: _2_15_1_
Semilla: 1788095966
Segundos: 56
NIteraciones: 100000

Costo_train: 0.249427
Precision_train: 0.525758
Recall_train: 0.435383
F1_train: 0.476321

Costo_test: 0.250917
Precision_test: 0.459627
Recall_test: 0.364532
F1_test: 0.406593
 

Arquitectura: _2_15_1_
Semilla: 1788095966
Segundos: 56
NIteraciones: 100000

Costo_train: 0.249511
Precision_train: 0.513475
Recall_train: 0.454203
F1_train: 0.482024

Costo_test: 0.250764
Precision_test: 0.482143
Recall_test: 0.399015
F1_test: 0.436658
 

Arquitectura: _2_15_1_
Semilla: 1788095966
Segundos: 56
NIteraciones: 100000

Costo_train: 0.249222
Precision_train: 0.532042
Recall_train: 0.447930
F1_train: 0.486376

Costo_test: 0.251021
Precision_test: 0.487952
Recall_test: 0.399015
F1_test: 0.439024
 

Arquitectura: _2_15_1_
Semilla: 1788095966
Segundos: 56
NIteraciones: 100000

Costo_train: 0.249404
Precision_train: 0.527820
Recall_train: 0.440401
F1_train: 0.480164

Costo_test: 0.250830
Precision_test: 0.459627
Recall_test: 0.364532
F1_test: 0.406593
 

Arquitectura: _2_15_1_
Semilla: 1788095966
Segundos: 56
NIteraciones: 100000

Costo_train: 0.249596
Precision_train: 0.513624
Recall_train: 0.473024
F1_train: 0.492489

Costo_test: 0.250751
Precision_test: 0.483333
Recall_test: 0.428571
F1_test: 0.454308
 

Arquitectura: _2_15_1_
Semilla: 1788095966
Segundos: 56
NIteraciones: 100000

Costo_train: 0.249548
Precision_train: 0.509915
Recall_train: 0.451694
F1_train: 0.479042

Costo_test: 0.250790
Precision_test: 0.476471
Recall_test: 0.399015
F1_test: 0.434316
 

Arquitectura: _2_15_1_
Semilla: 1788095966
Segundos: 56
NIteraciones: 100000

Costo_train: 0.249607
Precision_train: 0.513736
Recall_train: 0.469260
F1_train: 0.490492

Costo_test: 0.250801
Precision_test: 0.485876
Recall_test: 0.423645
F1_test: 0.452632
 

Arquitectura: _2_15_1_
Semilla: 1788095966
Segundos: 56
NIteraciones: 100000

Costo_train: 0.249477
Precision_train: 0.521481
Recall_train: 0.441656
F1_train: 0.478261

Costo_test: 0.250839
Precision_test: 0.472393
Recall_test: 0.379310
F1_test: 0.420765
 

Arquitectura: _2_15_1_
Semilla: 1788095966
Segundos: 56
NIteraciones: 100000

Costo_train: 0.249224
Precision_train: 0.535398
Recall_train: 0.455458
F1_train: 0.492203

Costo_test: 0.250892
Precision_test: 0.487805
Recall_test: 0.394089
F1_test: 0.435967
 

Arquitectura: _2_15_1_
Semilla: 1788095966
Segundos: 56
NIteraciones: 100000

Costo_train: 0.249557
Precision_train: 0.512500
Recall_train: 0.462986
F1_train: 0.486487

Costo_test: 0.250734
Precision_test: 0.480000
Recall_test: 0.413793
F1_test: 0.444444
 

Arquitectura: _2_15_1_
Semilla: 1788095966
Segundos: 56
NIteraciones: 100000

Costo_train: 0.249469
Precision_train: 0.519941
Recall_train: 0.441656
F1_train: 0.477612

Costo_test: 0.250803
Precision_test: 0.475309
Recall_test: 0.379310
F1_test: 0.421918
 

Arquitectura: _2_15_1_
Semilla: 1788095966
Segundos: 56
NIteraciones: 100000

Costo_train: 0.249585
Precision_train: 0.508916
Recall_train: 0.465496
F1_train: 0.486239

Costo_test: 0.250749
Precision_test: 0.485714
Recall_test: 0.418719
F1_test: 0.449735
 

Arquitectura: _2_15_1_
Semilla: 1788095966
Segundos: 56
NIteraciones: 100000

Costo_train: 0.249466
Precision_train: 0.519882
Recall_train: 0.442911
F1_train: 0.478320

Costo_test: 0.250816
Precision_test: 0.481481
Recall_test: 0.384236
F1_test: 0.427397
 

Arquitectura: _2_15_1_
Semilla: 1788095966
Segundos: 56
NIteraciones: 100000

Costo_train: 0.249324
Precision_train: 0.532836
Recall_train: 0.447930
F1_train: 0.486708

Costo_test: 0.250857
Precision_test: 0.474684
Recall_test: 0.369458
F1_test: 0.415512
 

Arquitectura: _2_15_1_
Semilla: 1788095966
Segundos: 56
NIteraciones: 100000

Costo_train: 0.249413
Precision_train: 0.528244
Recall_train: 0.434128
F1_train: 0.476584

Costo_test: 0.250825
Precision_test: 0.456250
Recall_test: 0.359606
F1_test: 0.402204
 

Arquitectura: _2_15_1_
Semilla: 1788095966
Segundos: 56
NIteraciones: 100000

Costo_train: 0.249496
Precision_train: 0.517045
Recall_train: 0.456713
F1_train: 0.485010

Costo_test: 0.250794
Precision_test: 0.481928
Recall_test: 0.394089
F1_test: 0.433604
 

Arquitectura: _2_15_1_
Semilla: 1788095966
Segundos: 56
NIteraciones: 100000

Costo_train: 0.249628
Precision_train: 0.518219
Recall_train: 0.481807
F1_train: 0.499350

Costo_test: 0.250755
Precision_test: 0.482955
Recall_test: 0.418719
F1_test: 0.448549
 

Arquitectura: _2_15_1_
Semilla: 1788095966
Segundos: 56
NIteraciones: 100000

Costo_train: 0.249471
Precision_train: 0.520588
Recall_train: 0.444166
F1_train: 0.479350

Costo_test: 0.250830
Precision_test: 0.469512
Recall_test: 0.379310
F1_test: 0.419619
 

Arquitectura: _2_15_1_
Semilla: 1788095966
Segundos: 56
NIteraciones: 100000

Costo_train: 0.249330
Precision_train: 0.526158
Recall_train: 0.441656
F1_train: 0.480218

Costo_test: 0.250774
Precision_test: 0.488095
Recall_test: 0.403941
F1_test: 0.442049
 

Arquitectura: _2_15_1_
Semilla: 1788095966
Segundos: 56
NIteraciones: 100000

Costo_train: 0.249512
Precision_train: 0.513967
Recall_train: 0.461731
F1_train: 0.486451

Costo_test: 0.250729
Precision_test: 0.476471
Recall_test: 0.399015
F1_test: 0.434316
 

Arquitectura: _2_15_1_
Semilla: 1788095966
Segundos: 56
NIteraciones: 100000

Costo_train: 0.249309
Precision_train: 0.531479
Recall_train: 0.455458
F1_train: 0.490541

Costo_test: 0.250814
Precision_test: 0.487952
Recall_test: 0.399015
F1_test: 0.439024
 

Arquitectura: _2_15_1_
Semilla: 1788095966
Segundos: 56
NIteraciones: 100000

Costo_train: 0.249380
Precision_train: 0.531298
Recall_train: 0.436637
F1_train: 0.479339

Costo_test: 0.250832
Precision_test: 0.455696
Recall_test: 0.354680
F1_test: 0.398892
 

Arquitectura: _2_15_1_
Semilla: 1788095966
Segundos: 56
NIteraciones: 100000

Costo_train: 0.249526
Precision_train: 0.512605
Recall_train: 0.459222
F1_train: 0.484447

Costo_test: 0.250773
Precision_test: 0.479290
Recall_test: 0.399015
F1_test: 0.435484
 

Arquitectura: _2_15_1_
Semilla: 1788095966
Segundos: 56
NIteraciones: 100000

Costo_train: 0.249538
Precision_train: 0.510057
Recall_train: 0.445420
F1_train: 0.475553

Costo_test: 0.250837
Precision_test: 0.485030
Recall_test: 0.399015
F1_test: 0.437838
 

Arquitectura: _2_15_1_
Semilla: 1788095966
Segundos: 56
NIteraciones: 100000

Costo_train: 0.249516
Precision_train: 0.512057
Recall_train: 0.452949
F1_train: 0.480692

Costo_test: 0.250776
Precision_test: 0.475904
Recall_test: 0.389163
F1_test: 0.428184
 

Arquitectura: _2_15_1_
Semilla: 1788095966
Segundos: 56
NIteraciones: 100000

Costo_train: 0.249521
Precision_train: 0.512195
Recall_train: 0.447930
F1_train: 0.477912

Costo_test: 0.250849
Precision_test: 0.478788
Recall_test: 0.389163
F1_test: 0.429348
 

Arquitectura: _2_15_1_
Semilla: 1788095966
Segundos: 56
NIteraciones: 100000

Costo_train: 0.249645
Precision_train: 0.518919
Recall_train: 0.481807
F1_train: 0.499675

Costo_test: 0.250791
Precision_test: 0.485876
Recall_test: 0.423645
F1_test: 0.452632
 

Arquitectura: _2_15_1_
Semilla: 1788095966
Segundos: 56
NIteraciones: 100000

Costo_train: 0.249617
Precision_train: 0.516529
Recall_train: 0.470514
F1_train: 0.492449

Costo_test: 0.250830
Precision_test: 0.485714
Recall_test: 0.418719
F1_test: 0.449735
 

Arquitectura: _2_15_1_
Semilla: 1788095966
Segundos: 56
NIteraciones: 100000

Costo_train: 0.249193
Precision_train: 0.538806
Recall_train: 0.452949
F1_train: 0.492161

Costo_test: 0.250899
Precision_test: 0.473988
Recall_test: 0.403941
F1_test: 0.436170
 

Arquitectura: _2_15_1_
Semilla: 1788095966
Segundos: 56
NIteraciones: 100000

Costo_train: 0.249525
Precision_train: 0.522551
Recall_train: 0.421581
F1_train: 0.466667

Costo_test: 0.251017
Precision_test: 0.470199
Recall_test: 0.349754
F1_test: 0.401130
 

Arquitectura: _2_15_1_
Semilla: 1788095966
Segundos: 56
NIteraciones: 100000

Costo_train: 0.249392
Precision_train: 0.527439
Recall_train: 0.434128
F1_train: 0.476256

Costo_test: 0.250805
Precision_test: 0.456790
Recall_test: 0.364532
F1_test: 0.405479
 

Arquitectura: _2_15_1_
Semilla: 1788095966
Segundos: 56
NIteraciones: 100000

Costo_train: 0.249561
Precision_train: 0.514368
Recall_train: 0.449184
F1_train: 0.479571

Costo_test: 0.250853
Precision_test: 0.479042
Recall_test: 0.394089
F1_test: 0.432432
 

Arquitectura: _2_15_1_
Semilla: 1788095966
Segundos: 56
NIteraciones: 100000

Costo_train: 0.249599
Precision_train: 0.512535
Recall_train: 0.461731
F1_train: 0.485809

Costo_test: 0.250790
Precision_test: 0.485876
Recall_test: 0.423645
F1_test: 0.452632
 

Arquitectura: _2_15_1_
Semilla: 1788095966
Segundos: 56
NIteraciones: 100000

Costo_train: 0.249476
Precision_train: 0.517241
Recall_train: 0.451694
F1_train: 0.482250

Costo_test: 0.250766
Precision_test: 0.488095
Recall_test: 0.403941
F1_test: 0.442049
 


--- Test Profunda 5.0 ---
Iteración 10000
Costo: 0.249997
Iteración 20000
Costo: 0.249997
Iteración 30000
Costo: 0.249997
Iteración 40000
Costo: 0.249997
Iteración 50000
Costo: 0.249997
Iteración 60000
Costo: 0.249997
Iteración 70000
Costo: 0.249997
Iteración 80000
Costo: 0.249997
Iteración 90000
Costo: 0.249997

Arquitectura: _2_3_3_3_3_3_1_
Semilla: 1788096022
Segundos: 231
NIteraciones: 100000

Costo_train: 0.249997
Precision_train: -nan(ind)
Recall_train: 0.000000
F1_train: -nan(ind)

Costo_test: 0.250030
Precision_test: -nan(ind)
Recall_test: 0.000000
F1_test: -nan(ind)
 

Arquitectura: _2_3_3_3_3_3_1_
Semilla: 1788096022
Segundos: 231
NIteraciones: 100000

Costo_train: 0.249995
Precision_train: -nan(ind)
Recall_train: 0.000000
F1_train: -nan(ind)

Costo_test: 0.250030
Precision_test: -nan(ind)
Recall_test: 0.000000
F1_test: -nan(ind)
 

Arquitectura: _2_3_3_3_3_3_1_
Semilla: 1788096022
Segundos: 231
NIteraciones: 100000

Costo_train: 0.249994
Precision_train: -nan(ind)
Recall_train: 0.000000
F1_train: -nan(ind)

Costo_test: 0.250036
Precision_test: -nan(ind)
Recall_test: 0.000000
F1_test: -nan(ind)
 

Arquitectura: _2_3_3_3_3_3_1_
Semilla: 1788096022
Segundos: 231
NIteraciones: 100000

Costo_train: 0.249995
Precision_train: -nan(ind)
Recall_train: 0.000000
F1_train: -nan(ind)

Costo_test: 0.250032
Precision_test: -nan(ind)
Recall_test: 0.000000
F1_test: -nan(ind)
 

Arquitectura: _2_3_3_3_3_3_1_
Semilla: 1788096022
Segundos: 231
NIteraciones: 100000

Costo_train: 0.249993
Precision_train: -nan(ind)
Recall_train: 0.000000
F1_train: -nan(ind)

Costo_test: 0.250042
Precision_test: -nan(ind)
Recall_test: 0.000000
F1_test: -nan(ind)
 

Arquitectura: _2_3_3_3_3_3_1_
Semilla: 1788096022
Segundos: 231
NIteraciones: 100000

Costo_train: 0.249996
Precision_train: -nan(ind)
Recall_train: 0.000000
F1_train: -nan(ind)

Costo_test: 0.250029
Precision_test: -nan(ind)
Recall_test: 0.000000
F1_test: -nan(ind)
 

Arquitectura: _2_3_3_3_3_3_1_
Semilla: 1788096022
Segundos: 231
NIteraciones: 100000

Costo_train: 0.249995
Precision_train: -nan(ind)
Recall_train: 0.000000
F1_train: -nan(ind)

Costo_test: 0.250031
Precision_test: -nan(ind)
Recall_test: 0.000000
F1_test: -nan(ind)
 

Arquitectura: _2_3_3_3_3_3_1_
Semilla: 1788096022
Segundos: 231
NIteraciones: 100000

Costo_train: 0.249999
Precision_train: -nan(ind)
Recall_train: 0.000000
F1_train: -nan(ind)

Costo_test: 0.250032
Precision_test: -nan(ind)
Recall_test: 0.000000
F1_test: -nan(ind)
 

Arquitectura: _2_3_3_3_3_3_1_
Semilla: 1788096022
Segundos: 231
NIteraciones: 100000

Costo_train: 0.249997
Precision_train: -nan(ind)
Recall_train: 0.000000
F1_train: -nan(ind)

Costo_test: 0.250032
Precision_test: -nan(ind)
Recall_test: 0.000000
F1_test: -nan(ind)
 

Arquitectura: _2_3_3_3_3_3_1_
Semilla: 1788096022
Segundos: 231
NIteraciones: 100000

Costo_train: 0.249997
Precision_train: -nan(ind)
Recall_train: 0.000000
F1_train: -nan(ind)

Costo_test: 0.250035
Precision_test: -nan(ind)
Recall_test: 0.000000
F1_test: -nan(ind)
 

Arquitectura: _2_3_3_3_3_3_1_
Semilla: 1788096022
Segundos: 231
NIteraciones: 100000

Costo_train: 0.249997
Precision_train: -nan(ind)
Recall_train: 0.000000
F1_train: -nan(ind)

Costo_test: 0.250031
Precision_test: -nan(ind)
Recall_test: 0.000000
F1_test: -nan(ind)
 

Arquitectura: _2_3_3_3_3_3_1_
Semilla: 1788096022
Segundos: 231
NIteraciones: 100000

Costo_train: 0.249996
Precision_train: -nan(ind)
Recall_train: 0.000000
F1_train: -nan(ind)

Costo_test: 0.250033
Precision_test: -nan(ind)
Recall_test: 0.000000
F1_test: -nan(ind)
 

Arquitectura: _2_3_3_3_3_3_1_
Semilla: 1788096022
Segundos: 231
NIteraciones: 100000

Costo_train: 0.249996
Precision_train: -nan(ind)
Recall_train: 0.000000
F1_train: -nan(ind)

Costo_test: 0.250033
Precision_test: -nan(ind)
Recall_test: 0.000000
F1_test: -nan(ind)
 

Arquitectura: _2_3_3_3_3_3_1_
Semilla: 1788096022
Segundos: 231
NIteraciones: 100000

Costo_train: 0.250003
Precision_train: -nan(ind)
Recall_train: 0.000000
F1_train: -nan(ind)

Costo_test: 0.250032
Precision_test: -nan(ind)
Recall_test: 0.000000
F1_test: -nan(ind)
 

Arquitectura: _2_3_3_3_3_3_1_
Semilla: 1788096022
Segundos: 231
NIteraciones: 100000

Costo_train: 0.249995
Precision_train: -nan(ind)
Recall_train: 0.000000
F1_train: -nan(ind)

Costo_test: 0.250033
Precision_test: -nan(ind)
Recall_test: 0.000000
F1_test: -nan(ind)
 

Arquitectura: _2_3_3_3_3_3_1_
Semilla: 1788096022
Segundos: 231
NIteraciones: 100000

Costo_train: 0.249995
Precision_train: -nan(ind)
Recall_train: 0.000000
F1_train: -nan(ind)

Costo_test: 0.250034
Precision_test: -nan(ind)
Recall_test: 0.000000
F1_test: -nan(ind)
 

Arquitectura: _2_3_3_3_3_3_1_
Semilla: 1788096022
Segundos: 231
NIteraciones: 100000

Costo_train: 0.249998
Precision_train: -nan(ind)
Recall_train: 0.000000
F1_train: -nan(ind)

Costo_test: 0.250033
Precision_test: -nan(ind)
Recall_test: 0.000000
F1_test: -nan(ind)
 

Arquitectura: _2_3_3_3_3_3_1_
Semilla: 1788096022
Segundos: 231
NIteraciones: 100000

Costo_train: 0.249995
Precision_train: -nan(ind)
Recall_train: 0.000000
F1_train: -nan(ind)

Costo_test: 0.250036
Precision_test: -nan(ind)
Recall_test: 0.000000
F1_test: -nan(ind)
 

Arquitectura: _2_3_3_3_3_3_1_
Semilla: 1788096022
Segundos: 231
NIteraciones: 100000

Costo_train: 0.249996
Precision_train: -nan(ind)
Recall_train: 0.000000
F1_train: -nan(ind)

Costo_test: 0.250031
Precision_test: -nan(ind)
Recall_test: 0.000000
F1_test: -nan(ind)
 

Arquitectura: _2_3_3_3_3_3_1_
Semilla: 1788096022
Segundos: 231
NIteraciones: 100000

Costo_train: 0.249991
Precision_train: -nan(ind)
Recall_train: 0.000000
F1_train: -nan(ind)

Costo_test: 0.250041
Precision_test: -nan(ind)
Recall_test: 0.000000
F1_test: -nan(ind)
 

Arquitectura: _2_3_3_3_3_3_1_
Semilla: 1788096022
Segundos: 231
NIteraciones: 100000

Costo_train: 0.249996
Precision_train: -nan(ind)
Recall_train: 0.000000
F1_train: -nan(ind)

Costo_test: 0.250032
Precision_test: -nan(ind)
Recall_test: 0.000000
F1_test: -nan(ind)
 

Arquitectura: _2_3_3_3_3_3_1_
Semilla: 1788096022
Segundos: 231
NIteraciones: 100000

Costo_train: 0.249995
Precision_train: -nan(ind)
Recall_train: 0.000000
F1_train: -nan(ind)

Costo_test: 0.250035
Precision_test: -nan(ind)
Recall_test: 0.000000
F1_test: -nan(ind)
 

Arquitectura: _2_3_3_3_3_3_1_
Semilla: 1788096022
Segundos: 231
NIteraciones: 100000

Costo_train: 0.250002
Precision_train: -nan(ind)
Recall_train: 0.000000
F1_train: -nan(ind)

Costo_test: 0.250028
Precision_test: -nan(ind)
Recall_test: 0.000000
F1_test: -nan(ind)
 

Arquitectura: _2_3_3_3_3_3_1_
Semilla: 1788096022
Segundos: 231
NIteraciones: 100000

Costo_train: 0.249996
Precision_train: -nan(ind)
Recall_train: 0.000000
F1_train: -nan(ind)

Costo_test: 0.250033
Precision_test: -nan(ind)
Recall_test: 0.000000
F1_test: -nan(ind)
 

Arquitectura: _2_3_3_3_3_3_1_
Semilla: 1788096022
Segundos: 231
NIteraciones: 100000

Costo_train: 0.249997
Precision_train: -nan(ind)
Recall_train: 0.000000
F1_train: -nan(ind)

Costo_test: 0.250031
Precision_test: -nan(ind)
Recall_test: 0.000000
F1_test: -nan(ind)
 

Arquitectura: _2_3_3_3_3_3_1_
Semilla: 1788096022
Segundos: 231
NIteraciones: 100000

Costo_train: 0.249994
Precision_train: -nan(ind)
Recall_train: 0.000000
F1_train: -nan(ind)

Costo_test: 0.250033
Precision_test: -nan(ind)
Recall_test: 0.000000
F1_test: -nan(ind)
 

Arquitectura: _2_3_3_3_3_3_1_
Semilla: 1788096022
Segundos: 231
NIteraciones: 100000

Costo_train: 0.249999
Precision_train: -nan(ind)
Recall_train: 0.000000
F1_train: -nan(ind)

Costo_test: 0.250028
Precision_test: -nan(ind)
Recall_test: 0.000000
F1_test: -nan(ind)
 

Arquitectura: _2_3_3_3_3_3_1_
Semilla: 1788096022
Segundos: 231
NIteraciones: 100000

Costo_train: 0.249997
Precision_train: -nan(ind)
Recall_train: 0.000000
F1_train: -nan(ind)

Costo_test: 0.250030
Precision_test: -nan(ind)
Recall_test: 0.000000
F1_test: -nan(ind)
 

Arquitectura: _2_3_3_3_3_3_1_
Semilla: 1788096022
Segundos: 231
NIteraciones: 100000

Costo_train: 0.249996
Precision_train: -nan(ind)
Recall_train: 0.000000
F1_train: -nan(ind)

Costo_test: 0.250033
Precision_test: -nan(ind)
Recall_test: 0.000000
F1_test: -nan(ind)
 

Arquitectura: _2_3_3_3_3_3_1_
Semilla: 1788096022
Segundos: 231
NIteraciones: 100000

Costo_train: 0.249998
Precision_train: -nan(ind)
Recall_train: 0.000000
F1_train: -nan(ind)

Costo_test: 0.250030
Precision_test: -nan(ind)
Recall_test: 0.000000
F1_test: -nan(ind)
 

Arquitectura: _2_3_3_3_3_3_1_
Semilla: 1788096022
Segundos: 231
NIteraciones: 100000

Costo_train: 0.249998
Precision_train: -nan(ind)
Recall_train: 0.000000
F1_train: -nan(ind)

Costo_test: 0.250032
Precision_test: -nan(ind)
Recall_test: 0.000000
F1_test: -nan(ind)
 

Arquitectura: _2_3_3_3_3_3_1_
Semilla: 1788096022
Segundos: 231
NIteraciones: 100000

Costo_train: 0.249997
Precision_train: -nan(ind)
Recall_train: 0.000000
F1_train: -nan(ind)

Costo_test: 0.250031
Precision_test: -nan(ind)
Recall_test: 0.000000
F1_test: -nan(ind)
 

Arquitectura: _2_3_3_3_3_3_1_
Semilla: 1788096022
Segundos: 231
NIteraciones: 100000

Costo_train: 0.249996
Precision_train: -nan(ind)
Recall_train: 0.000000
F1_train: -nan(ind)

Costo_test: 0.250034
Precision_test: -nan(ind)
Recall_test: 0.000000
F1_test: -nan(ind)
 

Arquitectura: _2_3_3_3_3_3_1_
Semilla: 1788096022
Segundos: 231
NIteraciones: 100000

Costo_train: 0.249996
Precision_train: -nan(ind)
Recall_train: 0.000000
F1_train: -nan(ind)

Costo_test: 0.250026
Precision_test: -nan(ind)
Recall_test: 0.000000
F1_test: -nan(ind)
 

Arquitectura: _2_3_3_3_3_3_1_
Semilla: 1788096022
Segundos: 231
NIteraciones: 100000

Costo_train: 0.249996
Precision_train: -nan(ind)
Recall_train: 0.000000
F1_train: -nan(ind)

Costo_test: 0.250033
Precision_test: -nan(ind)
Recall_test: 0.000000
F1_test: -nan(ind)
 

Arquitectura: _2_3_3_3_3_3_1_
Semilla: 1788096022
Segundos: 231
NIteraciones: 100000

Costo_train: 0.249996
Precision_train: -nan(ind)
Recall_train: 0.000000
F1_train: -nan(ind)

Costo_test: 0.250032
Precision_test: -nan(ind)
Recall_test: 0.000000
F1_test: -nan(ind)
 

Arquitectura: _2_3_3_3_3_3_1_
Semilla: 1788096022
Segundos: 231
NIteraciones: 100000

Costo_train: 0.249997
Precision_train: -nan(ind)
Recall_train: 0.000000
F1_train: -nan(ind)

Costo_test: 0.250032
Precision_test: -nan(ind)
Recall_test: 0.000000
F1_test: -nan(ind)
 

Arquitectura: _2_3_3_3_3_3_1_
Semilla: 1788096022
Segundos: 231
NIteraciones: 100000

Costo_train: 0.249996
Precision_train: -nan(ind)
Recall_train: 0.000000
F1_train: -nan(ind)

Costo_test: 0.250035
Precision_test: -nan(ind)
Recall_test: 0.000000
F1_test: -nan(ind)
 

Arquitectura: _2_3_3_3_3_3_1_
Semilla: 1788096022
Segundos: 231
NIteraciones: 100000

Costo_train: 0.249993
Precision_train: -nan(ind)
Recall_train: 0.000000
F1_train: -nan(ind)

Costo_test: 0.250034
Precision_test: -nan(ind)
Recall_test: 0.000000
F1_test: -nan(ind)
 

Arquitectura: _2_3_3_3_3_3_1_
Semilla: 1788096022
Segundos: 231
NIteraciones: 100000

Costo_train: 0.249999
Precision_train: -nan(ind)
Recall_train: 0.000000
F1_train: -nan(ind)

Costo_test: 0.250029
Precision_test: -nan(ind)
Recall_test: 0.000000
F1_test: -nan(ind)
 

Arquitectura: _2_3_3_3_3_3_1_
Semilla: 1788096022
Segundos: 231
NIteraciones: 100000

Costo_train: 0.249997
Precision_train: -nan(ind)
Recall_train: 0.000000
F1_train: -nan(ind)

Costo_test: 0.250037
Precision_test: -nan(ind)
Recall_test: 0.000000
F1_test: -nan(ind)
 

Arquitectura: _2_3_3_3_3_3_1_
Semilla: 1788096022
Segundos: 231
NIteraciones: 100000

Costo_train: 0.249999
Precision_train: -nan(ind)
Recall_train: 0.000000
F1_train: -nan(ind)

Costo_test: 0.250019
Precision_test: -nan(ind)
Recall_test: 0.000000
F1_test: -nan(ind)
 

Arquitectura: _2_3_3_3_3_3_1_
Semilla: 1788096022
Segundos: 231
NIteraciones: 100000

Costo_train: 0.249997
Precision_train: -nan(ind)
Recall_train: 0.000000
F1_train: -nan(ind)

Costo_test: 0.250030
Precision_test: -nan(ind)
Recall_test: 0.000000
F1_test: -nan(ind)
 

Arquitectura: _2_3_3_3_3_3_1_
Semilla: 1788096022
Segundos: 231
NIteraciones: 100000

Costo_train: 0.249998
Precision_train: -nan(ind)
Recall_train: 0.000000
F1_train: -nan(ind)

Costo_test: 0.250030
Precision_test: -nan(ind)
Recall_test: 0.000000
F1_test: -nan(ind)
 

Arquitectura: _2_3_3_3_3_3_1_
Semilla: 1788096022
Segundos: 231
NIteraciones: 100000

Costo_train: 0.249997
Precision_train: -nan(ind)
Recall_train: 0.000000
F1_train: -nan(ind)

Costo_test: 0.250030
Precision_test: -nan(ind)
Recall_test: 0.000000
F1_test: -nan(ind)
 

Arquitectura: _2_3_3_3_3_3_1_
Semilla: 1788096022
Segundos: 231
NIteraciones: 100000

Costo_train: 0.249995
Precision_train: -nan(ind)
Recall_train: 0.000000
F1_train: -nan(ind)

Costo_test: 0.250032
Precision_test: -nan(ind)
Recall_test: 0.000000
F1_test: -nan(ind)
 

Arquitectura: _2_3_3_3_3_3_1_
Semilla: 1788096022
Segundos: 231
NIteraciones: 100000

Costo_train: 0.249999
Precision_train: -nan(ind)
Recall_train: 0.000000
F1_train: -nan(ind)

Costo_test: 0.250035
Precision_test: -nan(ind)
Recall_test: 0.000000
F1_test: -nan(ind)
 

Arquitectura: _2_3_3_3_3_3_1_
Semilla: 1788096022
Segundos: 231
NIteraciones: 100000

Costo_train: 0.249997
Precision_train: -nan(ind)
Recall_train: 0.000000
F1_train: -nan(ind)

Costo_test: 0.250031
Precision_test: -nan(ind)
Recall_test: 0.000000
F1_test: -nan(ind)
 

Arquitectura: _2_3_3_3_3_3_1_
Semilla: 1788096022
Segundos: 231
NIteraciones: 100000

Costo_train: 0.249998
Precision_train: -nan(ind)
Recall_train: 0.000000
F1_train: -nan(ind)

Costo_test: 0.250033
Precision_test: -nan(ind)
Recall_test: 0.000000
F1_test: -nan(ind)
 

Arquitectura: _2_3_3_3_3_3_1_
Semilla: 1788096022
Segundos: 231
NIteraciones: 100000

Costo_train: 0.249997
Precision_train: -nan(ind)
Recall_train: 0.000000
F1_train: -nan(ind)

Costo_test: 0.250033
Precision_test: -nan(ind)
Recall_test: 0.000000
F1_test: -nan(ind)
 

Arquitectura: _2_3_3_3_3_3_1_
Semilla: 1788096022
Segundos: 231
NIteraciones: 100000

Costo_train: 0.250001
Precision_train: -nan(ind)
Recall_train: 0.000000
F1_train: -nan(ind)

Costo_test: 0.250022
Precision_test: -nan(ind)
Recall_test: 0.000000
F1_test: -nan(ind)
 

Arquitectura: _2_3_3_3_3_3_1_
Semilla: 1788096022
Segundos: 231
NIteraciones: 100000

Costo_train: 0.249997
Precision_train: -nan(ind)
Recall_train: 0.000000
F1_train: -nan(ind)

Costo_test: 0.250029
Precision_test: -nan(ind)
Recall_test: 0.000000
F1_test: -nan(ind)
 

Arquitectura: _2_3_3_3_3_3_1_
Semilla: 1788096022
Segundos: 231
NIteraciones: 100000

Costo_train: 0.249998
Precision_train: -nan(ind)
Recall_train: 0.000000
F1_train: -nan(ind)

Costo_test: 0.250032
Precision_test: -nan(ind)
Recall_test: 0.000000
F1_test: -nan(ind)
 

Arquitectura: _2_3_3_3_3_3_1_
Semilla: 1788096022
Segundos: 231
NIteraciones: 100000

Costo_train: 0.250000
Precision_train: -nan(ind)
Recall_train: 0.000000
F1_train: -nan(ind)

Costo_test: 0.250023
Precision_test: -nan(ind)
Recall_test: 0.000000
F1_test: -nan(ind)
 

Arquitectura: _2_3_3_3_3_3_1_
Semilla: 1788096022
Segundos: 231
NIteraciones: 100000

Costo_train: 0.249996
Precision_train: -nan(ind)
Recall_train: 0.000000
F1_train: -nan(ind)

Costo_test: 0.250032
Precision_test: -nan(ind)
Recall_test: 0.000000
F1_test: -nan(ind)
 

Arquitectura: _2_3_3_3_3_3_1_
Semilla: 1788096022
Segundos: 231
NIteraciones: 100000

Costo_train: 0.249997
Precision_train: -nan(ind)
Recall_train: 0.000000
F1_train: -nan(ind)

Costo_test: 0.250032
Precision_test: -nan(ind)
Recall_test: 0.000000
F1_test: -nan(ind)
 

Arquitectura: _2_3_3_3_3_3_1_
Semilla: 1788096022
Segundos: 231
NIteraciones: 100000

Costo_train: 0.249996
Precision_train: -nan(ind)
Recall_train: 0.000000
F1_train: -nan(ind)

Costo_test: 0.250038
Precision_test: -nan(ind)
Recall_test: 0.000000
F1_test: -nan(ind)
 

Arquitectura: _2_3_3_3_3_3_1_
Semilla: 1788096022
Segundos: 231
NIteraciones: 100000

Costo_train: 0.249997
Precision_train: -nan(ind)
Recall_train: 0.000000
F1_train: -nan(ind)

Costo_test: 0.250021
Precision_test: -nan(ind)
Recall_test: 0.000000
F1_test: -nan(ind)
 

Arquitectura: _2_3_3_3_3_3_1_
Semilla: 1788096022
Segundos: 231
NIteraciones: 100000

Costo_train: 0.249993
Precision_train: -nan(ind)
Recall_train: 0.000000
F1_train: -nan(ind)

Costo_test: 0.250032
Precision_test: -nan(ind)
Recall_test: 0.000000
F1_test: -nan(ind)
 

Arquitectura: _2_3_3_3_3_3_1_
Semilla: 1788096022
Segundos: 231
NIteraciones: 100000

Costo_train: 0.249996
Precision_train: -nan(ind)
Recall_train: 0.000000
F1_train: -nan(ind)

Costo_test: 0.250034
Precision_test: -nan(ind)
Recall_test: 0.000000
F1_test: -nan(ind)
 

Arquitectura: _2_3_3_3_3_3_1_
Semilla: 1788096022
Segundos: 231
NIteraciones: 100000

Costo_train: 0.249997
Precision_train: -nan(ind)
Recall_train: 0.000000
F1_train: -nan(ind)

Costo_test: 0.250034
Precision_test: -nan(ind)
Recall_test: 0.000000
F1_test: -nan(ind)
 

Arquitectura: _2_3_3_3_3_3_1_
Semilla: 1788096022
Segundos: 231
NIteraciones: 100000

Costo_train: 0.249996
Precision_train: -nan(ind)
Recall_train: 0.000000
F1_train: -nan(ind)

Costo_test: 0.250033
Precision_test: -nan(ind)
Recall_test: 0.000000
F1_test: -nan(ind)
 

Arquitectura: _2_3_3_3_3_3_1_
Semilla: 1788096022
Segundos: 231
NIteraciones: 100000

Costo_train: 0.249999
Precision_train: -nan(ind)
Recall_train: 0.000000
F1_train: -nan(ind)

Costo_test: 0.250032
Precision_test: -nan(ind)
Recall_test: 0.000000
F1_test: -nan(ind)
 

Arquitectura: _2_3_3_3_3_3_1_
Semilla: 1788096022
Segundos: 231
NIteraciones: 100000

Costo_train: 0.249992
Precision_train: -nan(ind)
Recall_train: 0.000000
F1_train: -nan(ind)

Costo_test: 0.250036
Precision_test: -nan(ind)
Recall_test: 0.000000
F1_test: -nan(ind)
 

Arquitectura: _2_3_3_3_3_3_1_
Semilla: 1788096022
Segundos: 231
NIteraciones: 100000

Costo_train: 0.249996
Precision_train: -nan(ind)
Recall_train: 0.000000
F1_train: -nan(ind)

Costo_test: 0.250030
Precision_test: -nan(ind)
Recall_test: 0.000000
F1_test: -nan(ind)
 

Arquitectura: _2_3_3_3_3_3_1_
Semilla: 1788096022
Segundos: 231
NIteraciones: 100000

Costo_train: 0.249998
Precision_train: -nan(ind)
Recall_train: 0.000000
F1_train: -nan(ind)

Costo_test: 0.250029
Precision_test: -nan(ind)
Recall_test: 0.000000
F1_test: -nan(ind)
 

Arquitectura: _2_3_3_3_3_3_1_
Semilla: 1788096022
Segundos: 231
NIteraciones: 100000

Costo_train: 0.249996
Precision_train: -nan(ind)
Recall_train: 0.000000
F1_train: -nan(ind)

Costo_test: 0.250032
Precision_test: -nan(ind)
Recall_test: 0.000000
F1_test: -nan(ind)
 

Arquitectura: _2_3_3_3_3_3_1_
Semilla: 1788096022
Segundos: 231
NIteraciones: 100000

Costo_train: 0.249994
Precision_train: -nan(ind)
Recall_train: 0.000000
F1_train: -nan(ind)

Costo_test: 0.250039
Precision_test: -nan(ind)
Recall_test: 0.000000
F1_test: -nan(ind)
 

Arquitectura: _2_3_3_3_3_3_1_
Semilla: 1788096022
Segundos: 231
NIteraciones: 100000

Costo_train: 0.250004
Precision_train: -nan(ind)
Recall_train: 0.000000
F1_train: -nan(ind)

Costo_test: 0.250045
Precision_test: -nan(ind)
Recall_test: 0.000000
F1_test: -nan(ind)
 

Arquitectura: _2_3_3_3_3_3_1_
Semilla: 1788096022
Segundos: 231
NIteraciones: 100000

Costo_train: 0.249996
Precision_train: -nan(ind)
Recall_train: 0.000000
F1_train: -nan(ind)

Costo_test: 0.250033
Precision_test: -nan(ind)
Recall_test: 0.000000
F1_test: -nan(ind)
 

Arquitectura: _2_3_3_3_3_3_1_
Semilla: 1788096022
Segundos: 231
NIteraciones: 100000

Costo_train: 0.249996
Precision_train: -nan(ind)
Recall_train: 0.000000
F1_train: -nan(ind)

Costo_test: 0.250030
Precision_test: -nan(ind)
Recall_test: 0.000000
F1_test: -nan(ind)
 

Arquitectura: _2_3_3_3_3_3_1_
Semilla: 1788096022
Segundos: 231
NIteraciones: 100000

Costo_train: 0.249996
Precision_train: -nan(ind)
Recall_train: 0.000000
F1_train: -nan(ind)

Costo_test: 0.250030
Precision_test: -nan(ind)
Recall_test: 0.000000
F1_test: -nan(ind)
 

Arquitectura: _2_3_3_3_3_3_1_
Semilla: 1788096022
Segundos: 231
NIteraciones: 100000

Costo_train: 0.249995
Precision_train: -nan(ind)
Recall_train: 0.000000
F1_train: -nan(ind)

Costo_test: 0.250028
Precision_test: -nan(ind)
Recall_test: 0.000000
F1_test: -nan(ind)
 

Arquitectura: _2_3_3_3_3_3_1_
Semilla: 1788096022
Segundos: 231
NIteraciones: 100000

Costo_train: 0.249998
Precision_train: -nan(ind)
Recall_train: 0.000000
F1_train: -nan(ind)

Costo_test: 0.250030
Precision_test: -nan(ind)
Recall_test: 0.000000
F1_test: -nan(ind)
 

Arquitectura: _2_3_3_3_3_3_1_
Semilla: 1788096022
Segundos: 231
NIteraciones: 100000

Costo_train: 0.249994
Precision_train: -nan(ind)
Recall_train: 0.000000
F1_train: -nan(ind)

Costo_test: 0.250029
Precision_test: -nan(ind)
Recall_test: 0.000000
F1_test: -nan(ind)
 

Arquitectura: _2_3_3_3_3_3_1_
Semilla: 1788096022
Segundos: 231
NIteraciones: 100000

Costo_train: 0.249998
Precision_train: -nan(ind)
Recall_train: 0.000000
F1_train: -nan(ind)

Costo_test: 0.250030
Precision_test: -nan(ind)
Recall_test: 0.000000
F1_test: -nan(ind)
 

Arquitectura: _2_3_3_3_3_3_1_
Semilla: 1788096022
Segundos: 231
NIteraciones: 100000

Costo_train: 0.249995
Precision_train: -nan(ind)
Recall_train: 0.000000
F1_train: -nan(ind)

Costo_test: 0.250033
Precision_test: -nan(ind)
Recall_test: 0.000000
F1_test: -nan(ind)
 

Arquitectura: _2_3_3_3_3_3_1_
Semilla: 1788096022
Segundos: 231
NIteraciones: 100000

Costo_train: 0.249997
Precision_train: -nan(ind)
Recall_train: 0.000000
F1_train: -nan(ind)

Costo_test: 0.250035
Precision_test: -nan(ind)
Recall_test: 0.000000
F1_test: -nan(ind)
 

Arquitectura: _2_3_3_3_3_3_1_
Semilla: 1788096022
Segundos: 231
NIteraciones: 100000

Costo_train: 0.249994
Precision_train: -nan(ind)
Recall_train: 0.000000
F1_train: -nan(ind)

Costo_test: 0.250034
Precision_test: -nan(ind)
Recall_test: 0.000000
F1_test: -nan(ind)
 

Arquitectura: _2_3_3_3_3_3_1_
Semilla: 1788096022
Segundos: 231
NIteraciones: 100000

Costo_train: 0.249999
Precision_train: -nan(ind)
Recall_train: 0.000000
F1_train: -nan(ind)

Costo_test: 0.250034
Precision_test: -nan(ind)
Recall_test: 0.000000
F1_test: -nan(ind)
 

Arquitectura: _2_3_3_3_3_3_1_
Semilla: 1788096022
Segundos: 231
NIteraciones: 100000

Costo_train: 0.249993
Precision_train: -nan(ind)
Recall_train: 0.000000
F1_train: -nan(ind)

Costo_test: 0.250033
Precision_test: -nan(ind)
Recall_test: 0.000000
F1_test: -nan(ind)
 

Arquitectura: _2_3_3_3_3_3_1_
Semilla: 1788096022
Segundos: 231
NIteraciones: 100000

Costo_train: 0.249997
Precision_train: -nan(ind)
Recall_train: 0.000000
F1_train: -nan(ind)

Costo_test: 0.250031
Precision_test: -nan(ind)
Recall_test: 0.000000
F1_test: -nan(ind)
 

Arquitectura: _2_3_3_3_3_3_1_
Semilla: 1788096022
Segundos: 231
NIteraciones: 100000

Costo_train: 0.249997
Precision_train: -nan(ind)
Recall_train: 0.000000
F1_train: -nan(ind)

Costo_test: 0.250032
Precision_test: -nan(ind)
Recall_test: 0.000000
F1_test: -nan(ind)
 

Arquitectura: _2_3_3_3_3_3_1_
Semilla: 1788096022
Segundos: 231
NIteraciones: 100000

Costo_train: 0.249993
Precision_train: -nan(ind)
Recall_train: 0.000000
F1_train: -nan(ind)

Costo_test: 0.250036
Precision_test: -nan(ind)
Recall_test: 0.000000
F1_test: -nan(ind)
 

Arquitectura: _2_3_3_3_3_3_1_
Semilla: 1788096022
Segundos: 231
NIteraciones: 100000

Costo_train: 0.249997
Precision_train: -nan(ind)
Recall_train: 0.000000
F1_train: -nan(ind)

Costo_test: 0.250028
Precision_test: -nan(ind)
Recall_test: 0.000000
F1_test: -nan(ind)
 

Arquitectura: _2_3_3_3_3_3_1_
Semilla: 1788096022
Segundos: 231
NIteraciones: 100000

Costo_train: 0.249998
Precision_train: -nan(ind)
Recall_train: 0.000000
F1_train: -nan(ind)

Costo_test: 0.250031
Precision_test: -nan(ind)
Recall_test: 0.000000
F1_test: -nan(ind)
 

Arquitectura: _2_3_3_3_3_3_1_
Semilla: 1788096022
Segundos: 231
NIteraciones: 100000

Costo_train: 0.249992
Precision_train: -nan(ind)
Recall_train: 0.000000
F1_train: -nan(ind)

Costo_test: 0.250033
Precision_test: -nan(ind)
Recall_test: 0.000000
F1_test: -nan(ind)
 

Arquitectura: _2_3_3_3_3_3_1_
Semilla: 1788096022
Segundos: 231
NIteraciones: 100000

Costo_train: 0.249997
Precision_train: -nan(ind)
Recall_train: 0.000000
F1_train: -nan(ind)

Costo_test: 0.250031
Precision_test: -nan(ind)
Recall_test: 0.000000
F1_test: -nan(ind)
 

Arquitectura: _2_3_3_3_3_3_1_
Semilla: 1788096022
Segundos: 231
NIteraciones: 100000

Costo_train: 0.249998
Precision_train: -nan(ind)
Recall_train: 0.000000
F1_train: -nan(ind)

Costo_test: 0.250031
Precision_test: -nan(ind)
Recall_test: 0.000000
F1_test: -nan(ind)
 

Arquitectura: _2_3_3_3_3_3_1_
Semilla: 1788096022
Segundos: 231
NIteraciones: 100000

Costo_train: 0.249996
Precision_train: -nan(ind)
Recall_train: 0.000000
F1_train: -nan(ind)

Costo_test: 0.250020
Precision_test: -nan(ind)
Recall_test: 0.000000
F1_test: -nan(ind)
 

Arquitectura: _2_3_3_3_3_3_1_
Semilla: 1788096022
Segundos: 231
NIteraciones: 100000

Costo_train: 0.249991
Precision_train: -nan(ind)
Recall_train: 0.000000
F1_train: -nan(ind)

Costo_test: 0.250029
Precision_test: -nan(ind)
Recall_test: 0.000000
F1_test: -nan(ind)
 

Arquitectura: _2_3_3_3_3_3_1_
Semilla: 1788096022
Segundos: 231
NIteraciones: 100000

Costo_train: 0.249995
Precision_train: -nan(ind)
Recall_train: 0.000000
F1_train: -nan(ind)

Costo_test: 0.250033
Precision_test: -nan(ind)
Recall_test: 0.000000
F1_test: -nan(ind)
 

Arquitectura: _2_3_3_3_3_3_1_
Semilla: 1788096022
Segundos: 231
NIteraciones: 100000

Costo_train: 0.249997
Precision_train: -nan(ind)
Recall_train: 0.000000
F1_train: -nan(ind)

Costo_test: 0.250032
Precision_test: -nan(ind)
Recall_test: 0.000000
F1_test: -nan(ind)
 

Arquitectura: _2_3_3_3_3_3_1_
Semilla: 1788096022
Segundos: 231
NIteraciones: 100000

Costo_train: 0.249992
Precision_train: -nan(ind)
Recall_train: 0.000000
F1_train: -nan(ind)

Costo_test: 0.250035
Precision_test: -nan(ind)
Recall_test: 0.000000
F1_test: -nan(ind)
 

Arquitectura: _2_3_3_3_3_3_1_
Semilla: 1788096022
Segundos: 231
NIteraciones: 100000

Costo_train: 0.249992
Precision_train: -nan(ind)
Recall_train: 0.000000
F1_train: -nan(ind)

Costo_test: 0.250034
Precision_test: -nan(ind)
Recall_test: 0.000000
F1_test: -nan(ind)
 

Arquitectura: _2_3_3_3_3_3_1_
Semilla: 1788096022
Segundos: 231
NIteraciones: 100000

Costo_train: 0.249999
Precision_train: -nan(ind)
Recall_train: 0.000000
F1_train: -nan(ind)

Costo_test: 0.250027
Precision_test: -nan(ind)
Recall_test: 0.000000
F1_test: -nan(ind)
 

Arquitectura: _2_3_3_3_3_3_1_
Semilla: 1788096022
Segundos: 231
NIteraciones: 100000

Costo_train: 0.249992
Precision_train: -nan(ind)
Recall_train: 0.000000
F1_train: -nan(ind)

Costo_test: 0.250043
Precision_test: -nan(ind)
Recall_test: 0.000000
F1_test: -nan(ind)
 

Arquitectura: _2_3_3_3_3_3_1_
Semilla: 1788096022
Segundos: 231
NIteraciones: 100000

Costo_train: 0.249995
Precision_train: -nan(ind)
Recall_train: 0.000000
F1_train: -nan(ind)

Costo_test: 0.250036
Precision_test: -nan(ind)
Recall_test: 0.000000
F1_test: -nan(ind)
 

Arquitectura: _2_3_3_3_3_3_1_
Semilla: 1788096022
Segundos: 231
NIteraciones: 100000

Costo_train: 0.249996
Precision_train: -nan(ind)
Recall_train: 0.000000
F1_train: -nan(ind)

Costo_test: 0.250030
Precision_test: -nan(ind)
Recall_test: 0.000000
F1_test: -nan(ind)
 

Arquitectura: _2_3_3_3_3_3_1_
Semilla: 1788096022
Segundos: 231
NIteraciones: 100000

Costo_train: 0.249996
Precision_train: -nan(ind)
Recall_train: 0.000000
F1_train: -nan(ind)

Costo_test: 0.250034
Precision_test: -nan(ind)
Recall_test: 0.000000
F1_test: -nan(ind)
 
