--- Configuración Actual ---
Paso: 0.200000
Gamma: 0.000000
Parada: 0.100000
Iteraciones: 100000
CapasDesde: 2
CapasHasta: 5
Repeticiones: 1
Intervalo: 10000
Batch: 100
MultiplicadorProfunda: 0.700000
Tarjeta: NVIDIA GeForce RTX 3090 Ti
----------------------------
Dimensiones Datos
trainx: 2x1600 
trainy: 1x1600 
test_x: 2x400 


--- Test Angosta 2.0 ---
Iteración 10000
Costo: 0.248397
Iteración 20000
Costo: 0.247427
Iteración 30000
Costo: 0.246913
Iteración 40000
Costo: 0.246665
Iteración 50000
Costo: 0.246506
Iteración 60000
Costo: 0.246375
Iteración 70000
Costo: 0.246249
Iteración 80000
Costo: 0.246129
Iteración 90000
Costo: 0.246024

Arquitectura: _2_6_1_
Semilla: 1788092303
Segundos: 49
NIteraciones: 100000

Costo_train: 0.245939
Precision_train: 0.551971
Recall_train: 0.566176
F1_train: 0.558984

Costo_test: 0.258644
Precision_test: 0.466667
Recall_test: 0.570652
F1_test: 0.513447
 

Arquitectura: _2_6_1_
Semilla: 1788092303
Segundos: 49
NIteraciones: 100000

Costo_train: 0.246174
Precision_train: 0.557279
Recall_train: 0.572304
F1_train: 0.564692

Costo_test: 0.258588
Precision_test: 0.466667
Recall_test: 0.570652
F1_test: 0.513447
 

Arquitectura: _2_6_1_
Semilla: 1788092303
Segundos: 49
NIteraciones: 100000

Costo_train: 0.247109
Precision_train: 0.549356
Recall_train: 0.470588
F1_train: 0.506931

Costo_test: 0.260932
Precision_test: 0.365269
Recall_test: 0.331522
F1_test: 0.347578
 

Arquitectura: _2_6_1_
Semilla: 1788092303
Segundos: 49
NIteraciones: 100000

Costo_train: 0.246439
Precision_train: 0.546838
Recall_train: 0.572304
F1_train: 0.559281

Costo_test: 0.260364
Precision_test: 0.447368
Recall_test: 0.554348
F1_test: 0.495146
 

Arquitectura: _2_6_1_
Semilla: 1788092303
Segundos: 49
NIteraciones: 100000

Costo_train: 0.247862
Precision_train: 0.526946
Recall_train: 0.647059
F1_train: 0.580858

Costo_test: 0.255085
Precision_test: 0.467480
Recall_test: 0.625000
F1_test: 0.534884
 

Arquitectura: _2_6_1_
Semilla: 1788092303
Segundos: 49
NIteraciones: 100000

Costo_train: 0.245841
Precision_train: 0.551522
Recall_train: 0.577206
F1_train: 0.564072

Costo_test: 0.260915
Precision_test: 0.462185
Recall_test: 0.597826
F1_test: 0.521327
 

Arquitectura: _2_6_1_
Semilla: 1788092303
Segundos: 49
NIteraciones: 100000

Costo_train: 0.246587
Precision_train: 0.550640
Recall_train: 0.579657
F1_train: 0.564776

Costo_test: 0.259863
Precision_test: 0.445455
Recall_test: 0.532609
F1_test: 0.485148
 

Arquitectura: _2_6_1_
Semilla: 1788092303
Segundos: 49
NIteraciones: 100000

Costo_train: 0.246173
Precision_train: 0.547404
Recall_train: 0.594363
F1_train: 0.569918

Costo_test: 0.259772
Precision_test: 0.453441
Recall_test: 0.608696
F1_test: 0.519722
 

Arquitectura: _2_6_1_
Semilla: 1788092303
Segundos: 49
NIteraciones: 100000

Costo_train: 0.246239
Precision_train: 0.546485
Recall_train: 0.590686
F1_train: 0.567727

Costo_test: 0.259156
Precision_test: 0.465517
Recall_test: 0.586957
F1_test: 0.519231
 

Arquitectura: _2_6_1_
Semilla: 1788092303
Segundos: 49
NIteraciones: 100000

Costo_train: 0.246596
Precision_train: 0.550493
Recall_train: 0.547794
F1_train: 0.549140

Costo_test: 0.258426
Precision_test: 0.470852
Recall_test: 0.570652
F1_test: 0.515971
 

Arquitectura: _2_6_1_
Semilla: 1788092303
Segundos: 49
NIteraciones: 100000

Costo_train: 0.245919
Precision_train: 0.549645
Recall_train: 0.569853
F1_train: 0.559567

Costo_test: 0.258229
Precision_test: 0.466667
Recall_test: 0.570652
F1_test: 0.513447
 

Arquitectura: _2_6_1_
Semilla: 1788092303
Segundos: 49
NIteraciones: 100000

Costo_train: 0.245974
Precision_train: 0.549199
Recall_train: 0.588235
F1_train: 0.568047

Costo_test: 0.258683
Precision_test: 0.467811
Recall_test: 0.592391
F1_test: 0.522782
 

Arquitectura: _2_6_1_
Semilla: 1788092303
Segundos: 49
NIteraciones: 100000

Costo_train: 0.246761
Precision_train: 0.543427
Recall_train: 0.567402
F1_train: 0.555156

Costo_test: 0.256762
Precision_test: 0.465217
Recall_test: 0.581522
F1_test: 0.516908
 

Arquitectura: _2_6_1_
Semilla: 1788092303
Segundos: 49
NIteraciones: 100000

Costo_train: 0.246426
Precision_train: 0.552356
Recall_train: 0.517157
F1_train: 0.534177

Costo_test: 0.259551
Precision_test: 0.449735
Recall_test: 0.461957
F1_test: 0.455764
 

Arquitectura: _2_6_1_
Semilla: 1788092303
Segundos: 49
NIteraciones: 100000

Costo_train: 0.245467
Precision_train: 0.553790
Recall_train: 0.555147
F1_train: 0.554468

Costo_test: 0.260133
Precision_test: 0.464789
Recall_test: 0.538043
F1_test: 0.498741
 

Arquitectura: _2_6_1_
Semilla: 1788092303
Segundos: 49
NIteraciones: 100000

Costo_train: 0.246077
Precision_train: 0.554172
Recall_train: 0.545343
F1_train: 0.549722

Costo_test: 0.259118
Precision_test: 0.467890
Recall_test: 0.554348
F1_test: 0.507463
 

Arquitectura: _2_6_1_
Semilla: 1788092303
Segundos: 49
NIteraciones: 100000

Costo_train: 0.247549
Precision_train: 0.535569
Recall_train: 0.645833
F1_train: 0.585556

Costo_test: 0.256273
Precision_test: 0.477178
Recall_test: 0.625000
F1_test: 0.541176
 

Arquitectura: _2_6_1_
Semilla: 1788092303
Segundos: 49
NIteraciones: 100000

Costo_train: 0.245540
Precision_train: 0.551971
Recall_train: 0.566176
F1_train: 0.558984

Costo_test: 0.259845
Precision_test: 0.460829
Recall_test: 0.543478
F1_test: 0.498753
 

Arquitectura: _2_6_1_
Semilla: 1788092303
Segundos: 49
NIteraciones: 100000

Costo_train: 0.246110
Precision_train: 0.532083
Recall_train: 0.660539
F1_train: 0.589393

Costo_test: 0.260304
Precision_test: 0.425620
Recall_test: 0.559783
F1_test: 0.483568
 

Arquitectura: _2_6_1_
Semilla: 1788092303
Segundos: 49
NIteraciones: 100000

Costo_train: 0.247594
Precision_train: 0.535044
Recall_train: 0.664216
F1_train: 0.592674

Costo_test: 0.255578
Precision_test: 0.470356
Recall_test: 0.646739
F1_test: 0.544622
 

Arquitectura: _2_6_1_
Semilla: 1788092303
Segundos: 49
NIteraciones: 100000

Costo_train: 0.245944
Precision_train: 0.552180
Recall_train: 0.512255
F1_train: 0.531469

Costo_test: 0.258679
Precision_test: 0.462687
Recall_test: 0.505435
F1_test: 0.483117
 

Arquitectura: _2_6_1_
Semilla: 1788092303
Segundos: 49
NIteraciones: 100000

Costo_train: 0.245647
Precision_train: 0.546341
Recall_train: 0.549020
F1_train: 0.547677

Costo_test: 0.259159
Precision_test: 0.470046
Recall_test: 0.554348
F1_test: 0.508728
 

Arquitectura: _2_6_1_
Semilla: 1788092303
Segundos: 49
NIteraciones: 100000

Costo_train: 0.245934
Precision_train: 0.555427
Recall_train: 0.589461
F1_train: 0.571938

Costo_test: 0.258344
Precision_test: 0.455752
Recall_test: 0.559783
F1_test: 0.502439
 

Arquitectura: _2_6_1_
Semilla: 1788092303
Segundos: 49
NIteraciones: 100000

Costo_train: 0.245933
Precision_train: 0.554202
Recall_train: 0.557598
F1_train: 0.555895

Costo_test: 0.260536
Precision_test: 0.452915
Recall_test: 0.548913
F1_test: 0.496315
 

Arquitectura: _2_6_1_
Semilla: 1788092303
Segundos: 49
NIteraciones: 100000

Costo_train: 0.245927
Precision_train: 0.550114
Recall_train: 0.591912
F1_train: 0.570248

Costo_test: 0.259462
Precision_test: 0.449339
Recall_test: 0.554348
F1_test: 0.496350
 

Arquitectura: _2_6_1_
Semilla: 1788092303
Segundos: 49
NIteraciones: 100000

Costo_train: 0.246993
Precision_train: 0.534653
Recall_train: 0.529412
F1_train: 0.532020

Costo_test: 0.259058
Precision_test: 0.447619
Recall_test: 0.510870
F1_test: 0.477157
 

Arquitectura: _2_6_1_
Semilla: 1788092303
Segundos: 49
NIteraciones: 100000

Costo_train: 0.245911
Precision_train: 0.547826
Recall_train: 0.540441
F1_train: 0.544109

Costo_test: 0.258697
Precision_test: 0.461905
Recall_test: 0.527174
F1_test: 0.492386
 

Arquitectura: _2_6_1_
Semilla: 1788092303
Segundos: 49
NIteraciones: 100000

Costo_train: 0.247906
Precision_train: 0.536831
Recall_train: 0.651961
F1_train: 0.588821

Costo_test: 0.256363
Precision_test: 0.457143
Recall_test: 0.608696
F1_test: 0.522144
 

Arquitectura: _2_6_1_
Semilla: 1788092303
Segundos: 49
NIteraciones: 100000

Costo_train: 0.245927
Precision_train: 0.550181
Recall_train: 0.557598
F1_train: 0.553865

Costo_test: 0.260563
Precision_test: 0.443946
Recall_test: 0.538043
F1_test: 0.486486
 

Arquitectura: _2_6_1_
Semilla: 1788092303
Segundos: 49
NIteraciones: 100000

Costo_train: 0.246343
Precision_train: 0.558195
Recall_train: 0.575980
F1_train: 0.566948

Costo_test: 0.260769
Precision_test: 0.446009
Recall_test: 0.516304
F1_test: 0.478589
 

Arquitectura: _2_6_1_
Semilla: 1788092303
Segundos: 49
NIteraciones: 100000

Costo_train: 0.247753
Precision_train: 0.536748
Recall_train: 0.590686
F1_train: 0.562427

Costo_test: 0.255021
Precision_test: 0.470852
Recall_test: 0.570652
F1_test: 0.515971
 

Arquitectura: _2_6_1_
Semilla: 1788092303
Segundos: 49
NIteraciones: 100000

Costo_train: 0.247190
Precision_train: 0.527533
Recall_train: 0.587010
F1_train: 0.555685

Costo_test: 0.257986
Precision_test: 0.442623
Recall_test: 0.586957
F1_test: 0.504673
 

Arquitectura: _2_6_1_
Semilla: 1788092303
Segundos: 49
NIteraciones: 100000

Costo_train: 0.246176
Precision_train: 0.548673
Recall_train: 0.531863
F1_train: 0.540137

Costo_test: 0.258648
Precision_test: 0.476415
Recall_test: 0.548913
F1_test: 0.510101
 

Arquitectura: _2_6_1_
Semilla: 1788092303
Segundos: 49
NIteraciones: 100000

Costo_train: 0.245632
Precision_train: 0.550920
Recall_train: 0.550245
F1_train: 0.550583

Costo_test: 0.259304
Precision_test: 0.468599
Recall_test: 0.527174
F1_test: 0.496164
 

Arquitectura: _2_6_1_
Semilla: 1788092303
Segundos: 49
NIteraciones: 100000

Costo_train: 0.247771
Precision_train: 0.536489
Recall_train: 0.666667
F1_train: 0.594536

Costo_test: 0.257845
Precision_test: 0.453815
Recall_test: 0.614130
F1_test: 0.521940
 

Arquitectura: _2_6_1_
Semilla: 1788092303
Segundos: 49
NIteraciones: 100000

Costo_train: 0.245559
Precision_train: 0.559840
Recall_train: 0.515931
F1_train: 0.536990

Costo_test: 0.259282
Precision_test: 0.460317
Recall_test: 0.472826
F1_test: 0.466488
 

Arquitectura: _2_6_1_
Semilla: 1788092303
Segundos: 49
NIteraciones: 100000

Costo_train: 0.246542
Precision_train: 0.550459
Recall_train: 0.588235
F1_train: 0.568720

Costo_test: 0.260291
Precision_test: 0.455696
Recall_test: 0.586957
F1_test: 0.513064
 

Arquitectura: _2_6_1_
Semilla: 1788092303
Segundos: 49
NIteraciones: 100000

Costo_train: 0.246015
Precision_train: 0.553073
Recall_train: 0.606618
F1_train: 0.578609

Costo_test: 0.258005
Precision_test: 0.456897
Recall_test: 0.576087
F1_test: 0.509615
 

Arquitectura: _2_6_1_
Semilla: 1788092303
Segundos: 49
NIteraciones: 100000

Costo_train: 0.245751
Precision_train: 0.550369
Recall_train: 0.549020
F1_train: 0.549693

Costo_test: 0.259069
Precision_test: 0.462617
Recall_test: 0.538043
F1_test: 0.497487
 

Arquitectura: _2_6_1_
Semilla: 1788092303
Segundos: 49
NIteraciones: 100000

Costo_train: 0.246042
Precision_train: 0.554878
Recall_train: 0.557598
F1_train: 0.556235

Costo_test: 0.259572
Precision_test: 0.484305
Recall_test: 0.586957
F1_test: 0.530713
 

Arquitectura: _2_6_1_
Semilla: 1788092303
Segundos: 49
NIteraciones: 100000

Costo_train: 0.246986
Precision_train: 0.545154
Recall_train: 0.606618
F1_train: 0.574246

Costo_test: 0.256088
Precision_test: 0.461864
Recall_test: 0.592391
F1_test: 0.519048
 

Arquitectura: _2_6_1_
Semilla: 1788092303
Segundos: 49
NIteraciones: 100000

Costo_train: 0.246051
Precision_train: 0.550725
Recall_train: 0.605392
F1_train: 0.576766

Costo_test: 0.257778
Precision_test: 0.454167
Recall_test: 0.592391
F1_test: 0.514151
 

Arquitectura: _2_6_1_
Semilla: 1788092303
Segundos: 49
NIteraciones: 100000

Costo_train: 0.245988
Precision_train: 0.548098
Recall_train: 0.600490
F1_train: 0.573099

Costo_test: 0.259018
Precision_test: 0.451064
Recall_test: 0.576087
F1_test: 0.505967
 

Arquitectura: _2_6_1_
Semilla: 1788092303
Segundos: 49
NIteraciones: 100000

Costo_train: 0.246771
Precision_train: 0.541295
Recall_train: 0.594363
F1_train: 0.566589

Costo_test: 0.260169
Precision_test: 0.468000
Recall_test: 0.635870
F1_test: 0.539171
 

Arquitectura: _2_6_1_
Semilla: 1788092303
Segundos: 49
NIteraciones: 100000

Costo_train: 0.246855
Precision_train: 0.545024
Recall_train: 0.422794
F1_train: 0.476190

Costo_test: 0.260409
Precision_test: 0.363014
Recall_test: 0.288043
F1_test: 0.321212
 

Arquitectura: _2_6_1_
Semilla: 1788092303
Segundos: 49
NIteraciones: 100000

Costo_train: 0.245476
Precision_train: 0.551508
Recall_train: 0.537990
F1_train: 0.544665

Costo_test: 0.259895
Precision_test: 0.473430
Recall_test: 0.532609
F1_test: 0.501279
 

Arquitectura: _2_6_1_
Semilla: 1788092303
Segundos: 49
NIteraciones: 100000

Costo_train: 0.246103
Precision_train: 0.543919
Recall_train: 0.591912
F1_train: 0.566901

Costo_test: 0.259030
Precision_test: 0.461864
Recall_test: 0.592391
F1_test: 0.519048
 

Arquitectura: _2_6_1_
Semilla: 1788092303
Segundos: 49
NIteraciones: 100000

Costo_train: 0.246523
Precision_train: 0.547889
Recall_train: 0.651961
F1_train: 0.595411

Costo_test: 0.256952
Precision_test: 0.454545
Recall_test: 0.625000
F1_test: 0.526316
 

Arquitectura: _2_6_1_
Semilla: 1788092303
Segundos: 49
NIteraciones: 100000

Costo_train: 0.247695
Precision_train: 0.524528
Recall_train: 0.681373
F1_train: 0.592751

Costo_test: 0.255448
Precision_test: 0.456693
Recall_test: 0.630435
F1_test: 0.529680
 

Arquitectura: _2_6_1_
Semilla: 1788092303
Segundos: 49
NIteraciones: 100000

Costo_train: 0.246138
Precision_train: 0.547930
Recall_train: 0.616422
F1_train: 0.580161

Costo_test: 0.258281
Precision_test: 0.445833
Recall_test: 0.581522
F1_test: 0.504717
 

Arquitectura: _2_6_1_
Semilla: 1788092303
Segundos: 49
NIteraciones: 100000

Costo_train: 0.246578
Precision_train: 0.547537
Recall_train: 0.585784
F1_train: 0.566015

Costo_test: 0.255615
Precision_test: 0.442982
Recall_test: 0.548913
F1_test: 0.490291
 

Arquitectura: _2_6_1_
Semilla: 1788092303
Segundos: 49
NIteraciones: 100000

Costo_train: 0.245998
Precision_train: 0.543039
Recall_train: 0.626225
F1_train: 0.581673

Costo_test: 0.260182
Precision_test: 0.456790
Recall_test: 0.603261
F1_test: 0.519906
 

Arquitectura: _2_6_1_
Semilla: 1788092303
Segundos: 49
NIteraciones: 100000

Costo_train: 0.245851
Precision_train: 0.543840
Recall_train: 0.600490
F1_train: 0.570763

Costo_test: 0.258817
Precision_test: 0.447699
Recall_test: 0.581522
F1_test: 0.505910
 

Arquitectura: _2_6_1_
Semilla: 1788092303
Segundos: 49
NIteraciones: 100000

Costo_train: 0.245838
Precision_train: 0.552632
Recall_train: 0.540441
F1_train: 0.546468

Costo_test: 0.258026
Precision_test: 0.458937
Recall_test: 0.516304
F1_test: 0.485934
 

Arquitectura: _2_6_1_
Semilla: 1788092303
Segundos: 49
NIteraciones: 100000

Costo_train: 0.245812
Precision_train: 0.554802
Recall_train: 0.601716
F1_train: 0.577307

Costo_test: 0.259121
Precision_test: 0.462882
Recall_test: 0.576087
F1_test: 0.513317
 

Arquitectura: _2_6_1_
Semilla: 1788092303
Segundos: 49
NIteraciones: 100000

Costo_train: 0.245993
Precision_train: 0.545767
Recall_train: 0.584559
F1_train: 0.564497

Costo_test: 0.260266
Precision_test: 0.459016
Recall_test: 0.608696
F1_test: 0.523364
 

Arquitectura: _2_6_1_
Semilla: 1788092303
Segundos: 49
NIteraciones: 100000

Costo_train: 0.246929
Precision_train: 0.541667
Recall_train: 0.446078
F1_train: 0.489247

Costo_test: 0.261206
Precision_test: 0.367089
Recall_test: 0.315217
F1_test: 0.339181
 

Arquitectura: _2_6_1_
Semilla: 1788092303
Segundos: 49
NIteraciones: 100000

Costo_train: 0.246255
Precision_train: 0.554245
Recall_train: 0.575980
F1_train: 0.564904

Costo_test: 0.260865
Precision_test: 0.448598
Recall_test: 0.521739
F1_test: 0.482412
 

Arquitectura: _2_6_1_
Semilla: 1788092303
Segundos: 49
NIteraciones: 100000

Costo_train: 0.245606
Precision_train: 0.547334
Recall_train: 0.616422
F1_train: 0.579827

Costo_test: 0.259788
Precision_test: 0.457265
Recall_test: 0.581522
F1_test: 0.511962
 

Arquitectura: _2_6_1_
Semilla: 1788092303
Segundos: 49
NIteraciones: 100000

Costo_train: 0.245813
Precision_train: 0.554147
Recall_train: 0.589461
F1_train: 0.571259

Costo_test: 0.258992
Precision_test: 0.464602
Recall_test: 0.570652
F1_test: 0.512195
 

Arquitectura: _2_6_1_
Semilla: 1788092303
Segundos: 49
NIteraciones: 100000

Costo_train: 0.245938
Precision_train: 0.543527
Recall_train: 0.596814
F1_train: 0.568925

Costo_test: 0.258059
Precision_test: 0.447257
Recall_test: 0.576087
F1_test: 0.503563
 

Arquitectura: _2_6_1_
Semilla: 1788092303
Segundos: 49
NIteraciones: 100000

Costo_train: 0.245947
Precision_train: 0.550548
Recall_train: 0.553922
F1_train: 0.552230

Costo_test: 0.258716
Precision_test: 0.467890
Recall_test: 0.554348
F1_test: 0.507463
 

Arquitectura: _2_6_1_
Semilla: 1788092303
Segundos: 49
NIteraciones: 100000

Costo_train: 0.245653
Precision_train: 0.549539
Recall_train: 0.584559
F1_train: 0.566508

Costo_test: 0.259399
Precision_test: 0.455752
Recall_test: 0.559783
F1_test: 0.502439
 

Arquitectura: _2_6_1_
Semilla: 1788092303
Segundos: 49
NIteraciones: 100000

Costo_train: 0.245712
Precision_train: 0.546347
Recall_train: 0.613971
F1_train: 0.578188

Costo_test: 0.260769
Precision_test: 0.428571
Recall_test: 0.521739
F1_test: 0.470588
 

Arquitectura: _2_6_1_
Semilla: 1788092303
Segundos: 49
NIteraciones: 100000

Costo_train: 0.246094
Precision_train: 0.546999
Recall_train: 0.591912
F1_train: 0.568570

Costo_test: 0.257672
Precision_test: 0.439655
Recall_test: 0.554348
F1_test: 0.490385
 

Arquitectura: _2_6_1_
Semilla: 1788092303
Segundos: 49
NIteraciones: 100000

Costo_train: 0.246531
Precision_train: 0.547855
Recall_train: 0.610294
F1_train: 0.577391

Costo_test: 0.260213
Precision_test: 0.451613
Recall_test: 0.608696
F1_test: 0.518519
 

Arquitectura: _2_6_1_
Semilla: 1788092303
Segundos: 49
NIteraciones: 100000

Costo_train: 0.245922
Precision_train: 0.555556
Recall_train: 0.520833
F1_train: 0.537634

Costo_test: 0.258866
Precision_test: 0.461929
Recall_test: 0.494565
F1_test: 0.477690
 

Arquitectura: _2_6_1_
Semilla: 1788092303
Segundos: 49
NIteraciones: 100000

Costo_train: 0.246121
Precision_train: 0.552506
Recall_train: 0.567402
F1_train: 0.559855

Costo_test: 0.258994
Precision_test: 0.471111
Recall_test: 0.576087
F1_test: 0.518337
 

Arquitectura: _2_6_1_
Semilla: 1788092303
Segundos: 49
NIteraciones: 100000

Costo_train: 0.246712
Precision_train: 0.527919
Recall_train: 0.509804
F1_train: 0.518703

Costo_test: 0.260077
Precision_test: 0.409091
Recall_test: 0.440217
F1_test: 0.424084
 

Arquitectura: _2_6_1_
Semilla: 1788092303
Segundos: 49
NIteraciones: 100000

Costo_train: 0.245794
Precision_train: 0.551072
Recall_train: 0.535539
F1_train: 0.543195

Costo_test: 0.258737
Precision_test: 0.473171
Recall_test: 0.527174
F1_test: 0.498715
 

Arquitectura: _2_6_1_
Semilla: 1788092303
Segundos: 49
NIteraciones: 100000

Costo_train: 0.247232
Precision_train: 0.538889
Recall_train: 0.594363
F1_train: 0.565268

Costo_test: 0.258006
Precision_test: 0.448430
Recall_test: 0.543478
F1_test: 0.491400
 

Arquitectura: _2_6_1_
Semilla: 1788092303
Segundos: 49
NIteraciones: 100000

Costo_train: 0.246055
Precision_train: 0.549824
Recall_train: 0.574755
F1_train: 0.562013

Costo_test: 0.259015
Precision_test: 0.467249
Recall_test: 0.581522
F1_test: 0.518160
 

Arquitectura: _2_6_1_
Semilla: 1788092303
Segundos: 49
NIteraciones: 100000

Costo_train: 0.245632
Precision_train: 0.546441
Recall_train: 0.555147
F1_train: 0.550760

Costo_test: 0.259457
Precision_test: 0.453704
Recall_test: 0.532609
F1_test: 0.490000
 

Arquitectura: _2_6_1_
Semilla: 1788092303
Segundos: 49
NIteraciones: 100000

Costo_train: 0.245983
Precision_train: 0.544643
Recall_train: 0.598039
F1_train: 0.570093

Costo_test: 0.258271
Precision_test: 0.449580
Recall_test: 0.581522
F1_test: 0.507109
 

Arquitectura: _2_6_1_
Semilla: 1788092303
Segundos: 49
NIteraciones: 100000

Costo_train: 0.246454
Precision_train: 0.550708
Recall_train: 0.572304
F1_train: 0.561298

Costo_test: 0.260759
Precision_test: 0.452489
Recall_test: 0.543478
F1_test: 0.493827
 

Arquitectura: _2_6_1_
Semilla: 1788092303
Segundos: 49
NIteraciones: 100000

Costo_train: 0.247484
Precision_train: 0.534838
Recall_train: 0.667892
F1_train: 0.594005

Costo_test: 0.256053
Precision_test: 0.458498
Recall_test: 0.630435
F1_test: 0.530892
 

Arquitectura: _2_6_1_
Semilla: 1788092303
Segundos: 49
NIteraciones: 100000

Costo_train: 0.246180
Precision_train: 0.552661
Recall_train: 0.598039
F1_train: 0.574455

Costo_test: 0.260299
Precision_test: 0.457265
Recall_test: 0.581522
F1_test: 0.511962
 

Arquitectura: _2_6_1_
Semilla: 1788092303
Segundos: 49
NIteraciones: 100000

Costo_train: 0.246749
Precision_train: 0.552534
Recall_train: 0.547794
F1_train: 0.550154

Costo_test: 0.254836
Precision_test: 0.457399
Recall_test: 0.554348
F1_test: 0.501229
 

Arquitectura: _2_6_1_
Semilla: 1788092303
Segundos: 49
NIteraciones: 100000

Costo_train: 0.246029
Precision_train: 0.546392
Recall_train: 0.584559
F1_train: 0.564831

Costo_test: 0.258916
Precision_test: 0.456897
Recall_test: 0.576087
F1_test: 0.509615
 

Arquitectura: _2_6_1_
Semilla: 1788092303
Segundos: 49
NIteraciones: 100000

Costo_train: 0.245575
Precision_train: 0.550000
Recall_train: 0.579657
F1_train: 0.564439

Costo_test: 0.258668
Precision_test: 0.456522
Recall_test: 0.570652
F1_test: 0.507246
 

Arquitectura: _2_6_1_
Semilla: 1788092303
Segundos: 49
NIteraciones: 100000

Costo_train: 0.246457
Precision_train: 0.549217
Recall_train: 0.601716
F1_train: 0.574269

Costo_test: 0.256566
Precision_test: 0.468354
Recall_test: 0.603261
F1_test: 0.527316
 

Arquitectura: _2_6_1_
Semilla: 1788092303
Segundos: 49
NIteraciones: 100000

Costo_train: 0.245481
Precision_train: 0.548177
Recall_train: 0.515931
F1_train: 0.531566

Costo_test: 0.260107
Precision_test: 0.484848
Recall_test: 0.521739
F1_test: 0.502618
 

Arquitectura: _2_6_1_
Semilla: 1788092303
Segundos: 49
NIteraciones: 100000

Costo_train: 0.245551
Precision_train: 0.547914
Recall_train: 0.595588
F1_train: 0.570758

Costo_test: 0.259827
Precision_test: 0.452174
Recall_test: 0.565217
F1_test: 0.502415
 

Arquitectura: _2_6_1_
Semilla: 1788092303
Segundos: 49
NIteraciones: 100000

Costo_train: 0.245784
Precision_train: 0.559947
Recall_train: 0.520833
F1_train: 0.539683

Costo_test: 0.259197
Precision_test: 0.462312
Recall_test: 0.500000
F1_test: 0.480418
 

Arquitectura: _2_6_1_
Semilla: 1788092303
Segundos: 49
NIteraciones: 100000

Costo_train: 0.245785
Precision_train: 0.548206
Recall_train: 0.599265
F1_train: 0.572600

Costo_test: 0.259193
Precision_test: 0.471861
Recall_test: 0.592391
F1_test: 0.525301
 

Arquitectura: _2_6_1_
Semilla: 1788092303
Segundos: 49
NIteraciones: 100000

Costo_train: 0.245748
Precision_train: 0.565046
Recall_train: 0.526961
F1_train: 0.545339

Costo_test: 0.259366
Precision_test: 0.450000
Recall_test: 0.489130
F1_test: 0.468750
 

Arquitectura: _2_6_1_
Semilla: 1788092303
Segundos: 49
NIteraciones: 100000

Costo_train: 0.246468
Precision_train: 0.550796
Recall_train: 0.551471
F1_train: 0.551133

Costo_test: 0.258492
Precision_test: 0.472222
Recall_test: 0.554348
F1_test: 0.510000
 

Arquitectura: _2_6_1_
Semilla: 1788092303
Segundos: 49
NIteraciones: 100000

Costo_train: 0.246642
Precision_train: 0.548881
Recall_train: 0.571078
F1_train: 0.559760

Costo_test: 0.260319
Precision_test: 0.469027
Recall_test: 0.576087
F1_test: 0.517073
 

Arquitectura: _2_6_1_
Semilla: 1788092303
Segundos: 49
NIteraciones: 100000

Costo_train: 0.246624
Precision_train: 0.555556
Recall_train: 0.545343
F1_train: 0.550402

Costo_test: 0.257328
Precision_test: 0.445946
Recall_test: 0.538043
F1_test: 0.487685
 

Arquitectura: _2_6_1_
Semilla: 1788092303
Segundos: 49
NIteraciones: 100000

Costo_train: 0.245934
Precision_train: 0.550276
Recall_train: 0.610294
F1_train: 0.578733

Costo_test: 0.258702
Precision_test: 0.450000
Recall_test: 0.586957
F1_test: 0.509434
 

Arquitectura: _2_6_1_
Semilla: 1788092303
Segundos: 49
NIteraciones: 100000

Costo_train: 0.246643
Precision_train: 0.550234
Recall_train: 0.577206
F1_train: 0.563397

Costo_test: 0.260399
Precision_test: 0.446429
Recall_test: 0.543478
F1_test: 0.490196
 

Arquitectura: _2_6_1_
Semilla: 1788092303
Segundos: 49
NIteraciones: 100000

Costo_train: 0.245881
Precision_train: 0.544393
Recall_train: 0.571078
F1_train: 0.557416

Costo_test: 0.259350
Precision_test: 0.475113
Recall_test: 0.570652
F1_test: 0.518519
 

Arquitectura: _2_6_1_
Semilla: 1788092303
Segundos: 49
NIteraciones: 100000

Costo_train: 0.246005
Precision_train: 0.547074
Recall_train: 0.526961
F1_train: 0.536829

Costo_test: 0.257380
Precision_test: 0.468293
Recall_test: 0.521739
F1_test: 0.493573
 

Arquitectura: _2_6_1_
Semilla: 1788092303
Segundos: 49
NIteraciones: 100000

Costo_train: 0.245833
Precision_train: 0.547927
Recall_train: 0.518382
F1_train: 0.532746

Costo_test: 0.257829
Precision_test: 0.461538
Recall_test: 0.489130
F1_test: 0.474934
 

Arquitectura: _2_6_1_
Semilla: 1788092303
Segundos: 49
NIteraciones: 100000

Costo_train: 0.245874
Precision_train: 0.553288
Recall_train: 0.598039
F1_train: 0.574794

Costo_test: 0.258602
Precision_test: 0.459227
Recall_test: 0.581522
F1_test: 0.513189
 

Arquitectura: _2_6_1_
Semilla: 1788092303
Segundos: 49
NIteraciones: 100000

Costo_train: 0.245679
Precision_train: 0.550169
Recall_train: 0.598039
F1_train: 0.573106

Costo_test: 0.259936
Precision_test: 0.454955
Recall_test: 0.548913
F1_test: 0.497537
 

Arquitectura: _2_6_1_
Semilla: 1788092303
Segundos: 49
NIteraciones: 100000

Costo_train: 0.245716
Precision_train: 0.547429
Recall_train: 0.587010
F1_train: 0.566529

Costo_test: 0.259799
Precision_test: 0.457399
Recall_test: 0.554348
F1_test: 0.501229
 

Arquitectura: _2_6_1_
Semilla: 1788092303
Segundos: 49
NIteraciones: 100000

Costo_train: 0.246225
Precision_train: 0.555556
Recall_train: 0.569853
F1_train: 0.562613

Costo_test: 0.261331
Precision_test: 0.441315
Recall_test: 0.510870
F1_test: 0.473552
 

Arquitectura: _2_6_1_
Semilla: 1788092303
Segundos: 49
NIteraciones: 100000

Costo_train: 0.245892
Precision_train: 0.554533
Recall_train: 0.517157
F1_train: 0.535193

Costo_test: 0.258316
Precision_test: 0.462687
Recall_test: 0.505435
F1_test: 0.483117
 

Arquitectura: _2_6_1_
Semilla: 1788092303
Segundos: 49
NIteraciones: 100000

Costo_train: 0.246129
Precision_train: 0.547619
Recall_train: 0.620098
F1_train: 0.581609

Costo_test: 0.260118
Precision_test: 0.466942
Recall_test: 0.614130
F1_test: 0.530516
 


--- Test Profunda 2.0 ---
Iteración 10000
Costo: 0.249602
Iteración 20000
Costo: 0.249433
Iteración 30000
Costo: 0.249330
Iteración 40000
Costo: 0.249255
Iteración 50000
Costo: 0.249194
Iteración 60000
Costo: 0.249128
Iteración 70000
Costo: 0.249001
Iteración 80000
Costo: 0.248694
Iteración 90000
Costo: 0.248347

Arquitectura: _2_3_3_1_
Semilla: 1788092352
Segundos: 94
NIteraciones: 100000

Costo_train: 0.248084
Precision_train: 0.530319
Recall_train: 0.632353
F1_train: 0.576859

Costo_test: 0.256423
Precision_test: 0.453782
Recall_test: 0.586957
F1_test: 0.511848
 

Arquitectura: _2_3_3_1_
Semilla: 1788092352
Segundos: 94
NIteraciones: 100000

Costo_train: 0.248962
Precision_train: 0.529307
Recall_train: 0.730392
F1_train: 0.613800

Costo_test: 0.252448
Precision_test: 0.450704
Recall_test: 0.695652
F1_test: 0.547009
 

Arquitectura: _2_3_3_1_
Semilla: 1788092352
Segundos: 94
NIteraciones: 100000

Costo_train: 0.249314
Precision_train: 0.524055
Recall_train: 0.747549
F1_train: 0.616162

Costo_test: 0.251864
Precision_test: 0.453925
Recall_test: 0.722826
F1_test: 0.557652
 

Arquitectura: _2_3_3_1_
Semilla: 1788092352
Segundos: 94
NIteraciones: 100000

Costo_train: 0.248961
Precision_train: 0.520819
Recall_train: 0.904412
F1_train: 0.660994

Costo_test: 0.254633
Precision_test: 0.445104
Recall_test: 0.815217
F1_test: 0.575816
 

Arquitectura: _2_3_3_1_
Semilla: 1788092352
Segundos: 94
NIteraciones: 100000

Costo_train: 0.249759
Precision_train: 0.515670
Recall_train: 0.887255
F1_train: 0.652252

Costo_test: 0.251472
Precision_test: 0.463014
Recall_test: 0.918478
F1_test: 0.615665
 

Arquitectura: _2_3_3_1_
Semilla: 1788092352
Segundos: 94
NIteraciones: 100000

Costo_train: 0.249471
Precision_train: 0.521600
Recall_train: 0.799020
F1_train: 0.631171

Costo_test: 0.251805
Precision_test: 0.459375
Recall_test: 0.798913
F1_test: 0.583333
 

Arquitectura: _2_3_3_1_
Semilla: 1788092352
Segundos: 94
NIteraciones: 100000

Costo_train: 0.249643
Precision_train: 0.508544
Recall_train: 0.765931
F1_train: 0.611247

Costo_test: 0.252514
Precision_test: 0.463023
Recall_test: 0.782609
F1_test: 0.581818
 

Arquitectura: _2_3_3_1_
Semilla: 1788092352
Segundos: 94
NIteraciones: 100000

Costo_train: 0.249747
Precision_train: 0.509091
Recall_train: 0.789216
F1_train: 0.618933

Costo_test: 0.251810
Precision_test: 0.461538
Recall_test: 0.815217
F1_test: 0.589391
 

Arquitectura: _2_3_3_1_
Semilla: 1788092352
Segundos: 94
NIteraciones: 100000

Costo_train: 0.249743
Precision_train: 0.509464
Recall_train: 0.791667
F1_train: 0.619962

Costo_test: 0.252005
Precision_test: 0.462963
Recall_test: 0.815217
F1_test: 0.590551
 

Arquitectura: _2_3_3_1_
Semilla: 1788092352
Segundos: 94
NIteraciones: 100000

Costo_train: 0.247915
Precision_train: 0.547535
Recall_train: 0.381127
F1_train: 0.449422

Costo_test: 0.257607
Precision_test: 0.389706
Recall_test: 0.288043
F1_test: 0.331250
 

Arquitectura: _2_3_3_1_
Semilla: 1788092352
Segundos: 94
NIteraciones: 100000

Costo_train: 0.248455
Precision_train: 0.526718
Recall_train: 0.676471
F1_train: 0.592275

Costo_test: 0.252837
Precision_test: 0.467681
Recall_test: 0.668478
F1_test: 0.550336
 

Arquitectura: _2_3_3_1_
Semilla: 1788092352
Segundos: 94
NIteraciones: 100000

Costo_train: 0.249685
Precision_train: 0.507667
Recall_train: 0.770833
F1_train: 0.612165

Costo_test: 0.252199
Precision_test: 0.464744
Recall_test: 0.788043
F1_test: 0.584677
 

Arquitectura: _2_3_3_1_
Semilla: 1788092352
Segundos: 94
NIteraciones: 100000

Costo_train: 0.249292
Precision_train: 0.526119
Recall_train: 0.691176
F1_train: 0.597458

Costo_test: 0.253281
Precision_test: 0.409836
Recall_test: 0.543478
F1_test: 0.467290
 

Arquitectura: _2_3_3_1_
Semilla: 1788092352
Segundos: 94
NIteraciones: 100000

Costo_train: 0.249123
Precision_train: 0.526753
Recall_train: 0.699755
F1_train: 0.601053

Costo_test: 0.252385
Precision_test: 0.456522
Recall_test: 0.684783
F1_test: 0.547826
 

Arquitectura: _2_3_3_1_
Semilla: 1788092352
Segundos: 94
NIteraciones: 100000

Costo_train: 0.249723
Precision_train: 0.507287
Recall_train: 0.895833
F1_train: 0.647762

Costo_test: 0.252319
Precision_test: 0.463483
Recall_test: 0.896739
F1_test: 0.611111
 

Arquitectura: _2_3_3_1_
Semilla: 1788092352
Segundos: 94
NIteraciones: 100000

Costo_train: 0.248345
Precision_train: 0.526108
Recall_train: 0.654412
F1_train: 0.583288

Costo_test: 0.253157
Precision_test: 0.467181
Recall_test: 0.657609
F1_test: 0.546275
 

Arquitectura: _2_3_3_1_
Semilla: 1788092352
Segundos: 94
NIteraciones: 100000

Costo_train: 0.248816
Precision_train: 0.537234
Recall_train: 0.618873
F1_train: 0.575171

Costo_test: 0.251114
Precision_test: 0.465021
Recall_test: 0.614130
F1_test: 0.529274
 

Arquitectura: _2_3_3_1_
Semilla: 1788092352
Segundos: 94
NIteraciones: 100000

Costo_train: 0.248612
Precision_train: 0.525299
Recall_train: 0.699755
F1_train: 0.600105

Costo_test: 0.253569
Precision_test: 0.465035
Recall_test: 0.722826
F1_test: 0.565957
 

Arquitectura: _2_3_3_1_
Semilla: 1788092352
Segundos: 94
NIteraciones: 100000

Costo_train: 0.248220
Precision_train: 0.535422
Recall_train: 0.481618
F1_train: 0.507097

Costo_test: 0.256036
Precision_test: 0.382022
Recall_test: 0.369565
F1_test: 0.375691
 

Arquitectura: _2_3_3_1_
Semilla: 1788092352
Segundos: 94
NIteraciones: 100000

Costo_train: 0.249225
Precision_train: 0.520919
Recall_train: 0.778186
F1_train: 0.624079

Costo_test: 0.251918
Precision_test: 0.468354
Recall_test: 0.804348
F1_test: 0.592000
 

Arquitectura: _2_3_3_1_
Semilla: 1788092352
Segundos: 94
NIteraciones: 100000

Costo_train: 0.249663
Precision_train: 0.507534
Recall_train: 0.784314
F1_train: 0.616274

Costo_test: 0.252189
Precision_test: 0.461300
Recall_test: 0.809783
F1_test: 0.587771
 

Arquitectura: _2_3_3_1_
Semilla: 1788092352
Segundos: 94
NIteraciones: 100000

Costo_train: 0.248174
Precision_train: 0.523810
Recall_train: 0.754902
F1_train: 0.618474

Costo_test: 0.255759
Precision_test: 0.454545
Recall_test: 0.733696
F1_test: 0.561331
 

Arquitectura: _2_3_3_1_
Semilla: 1788092352
Segundos: 94
NIteraciones: 100000

Costo_train: 0.248092
Precision_train: 0.532886
Recall_train: 0.486520
F1_train: 0.508648

Costo_test: 0.256544
Precision_test: 0.401070
Recall_test: 0.407609
F1_test: 0.404313
 

Arquitectura: _2_3_3_1_
Semilla: 1788092352
Segundos: 94
NIteraciones: 100000

Costo_train: 0.248386
Precision_train: 0.533435
Recall_train: 0.430147
F1_train: 0.476255

Costo_test: 0.257058
Precision_test: 0.401316
Recall_test: 0.331522
F1_test: 0.363095
 

Arquitectura: _2_3_3_1_
Semilla: 1788092352
Segundos: 94
NIteraciones: 100000

Costo_train: 0.248640
Precision_train: 0.524779
Recall_train: 0.726716
F1_train: 0.609455

Costo_test: 0.254441
Precision_test: 0.477663
Recall_test: 0.755435
F1_test: 0.585263
 

Arquitectura: _2_3_3_1_
Semilla: 1788092352
Segundos: 94
NIteraciones: 100000

Costo_train: 0.249645
Precision_train: 0.506093
Recall_train: 0.763480
F1_train: 0.608696

Costo_test: 0.252522
Precision_test: 0.464516
Recall_test: 0.782609
F1_test: 0.582996
 

Arquitectura: _2_3_3_1_
Semilla: 1788092352
Segundos: 94
NIteraciones: 100000

Costo_train: 0.248398
Precision_train: 0.541371
Recall_train: 0.561275
F1_train: 0.551143

Costo_test: 0.252321
Precision_test: 0.464286
Recall_test: 0.565217
F1_test: 0.509804
 

Arquitectura: _2_3_3_1_
Semilla: 1788092352
Segundos: 94
NIteraciones: 100000

Costo_train: 0.248994
Precision_train: 0.527523
Recall_train: 0.704657
F1_train: 0.603358

Costo_test: 0.253053
Precision_test: 0.445255
Recall_test: 0.663043
F1_test: 0.532751
 

Arquitectura: _2_3_3_1_
Semilla: 1788092352
Segundos: 94
NIteraciones: 100000

Costo_train: 0.248491
Precision_train: 0.530019
Recall_train: 0.692402
F1_train: 0.600425

Costo_test: 0.253686
Precision_test: 0.464945
Recall_test: 0.684783
F1_test: 0.553846
 

Arquitectura: _2_3_3_1_
Semilla: 1788092352
Segundos: 94
NIteraciones: 100000

Costo_train: 0.249404
Precision_train: 0.513889
Recall_train: 0.952206
F1_train: 0.667526

Costo_test: 0.251711
Precision_test: 0.453581
Recall_test: 0.929348
F1_test: 0.609626
 

Arquitectura: _2_3_3_1_
Semilla: 1788092352
Segundos: 94
NIteraciones: 100000

Costo_train: 0.249720
Precision_train: 0.512674
Recall_train: 0.768382
F1_train: 0.615007

Costo_test: 0.250612
Precision_test: 0.459283
Recall_test: 0.766304
F1_test: 0.574338
 

Arquitectura: _2_3_3_1_
Semilla: 1788092352
Segundos: 94
NIteraciones: 100000

Costo_train: 0.248440
Precision_train: 0.528210
Recall_train: 0.665441
F1_train: 0.588937

Costo_test: 0.252790
Precision_test: 0.467181
Recall_test: 0.657609
F1_test: 0.546275
 

Arquitectura: _2_3_3_1_
Semilla: 1788092352
Segundos: 94
NIteraciones: 100000

Costo_train: 0.248472
Precision_train: 0.529858
Recall_train: 0.685049
F1_train: 0.597541

Costo_test: 0.252821
Precision_test: 0.469466
Recall_test: 0.668478
F1_test: 0.551570
 

Arquitectura: _2_3_3_1_
Semilla: 1788092352
Segundos: 94
NIteraciones: 100000

Costo_train: 0.249626
Precision_train: 0.509202
Recall_train: 0.813725
F1_train: 0.626415

Costo_test: 0.252236
Precision_test: 0.462462
Recall_test: 0.836957
F1_test: 0.595745
 

Arquitectura: _2_3_3_1_
Semilla: 1788092352
Segundos: 94
NIteraciones: 100000

Costo_train: 0.247775
Precision_train: 0.530059
Recall_train: 0.767157
F1_train: 0.626940

Costo_test: 0.256673
Precision_test: 0.442953
Recall_test: 0.717391
F1_test: 0.547718
 

Arquitectura: _2_3_3_1_
Semilla: 1788092352
Segundos: 94
NIteraciones: 100000

Costo_train: 0.248834
Precision_train: 0.539545
Recall_train: 0.610294
F1_train: 0.572743

Costo_test: 0.251203
Precision_test: 0.452991
Recall_test: 0.576087
F1_test: 0.507177
 

Arquitectura: _2_3_3_1_
Semilla: 1788092352
Segundos: 94
NIteraciones: 100000

Costo_train: 0.248143
Precision_train: 0.558773
Recall_train: 0.401961
F1_train: 0.467569

Costo_test: 0.258030
Precision_test: 0.375000
Recall_test: 0.293478
F1_test: 0.329268
 

Arquitectura: _2_3_3_1_
Semilla: 1788092352
Segundos: 94
NIteraciones: 100000

Costo_train: 0.249013
Precision_train: 0.519492
Recall_train: 0.702206
F1_train: 0.597186

Costo_test: 0.252812
Precision_test: 0.476510
Recall_test: 0.771739
F1_test: 0.589212
 

Arquitectura: _2_3_3_1_
Semilla: 1788092352
Segundos: 94
NIteraciones: 100000

Costo_train: 0.247562
Precision_train: 0.545752
Recall_train: 0.409314
F1_train: 0.467787

Costo_test: 0.259771
Precision_test: 0.365385
Recall_test: 0.309783
F1_test: 0.335294
 

Arquitectura: _2_3_3_1_
Semilla: 1788092352
Segundos: 94
NIteraciones: 100000

Costo_train: 0.249169
Precision_train: 0.523381
Recall_train: 0.713235
F1_train: 0.603734

Costo_test: 0.252484
Precision_test: 0.468085
Recall_test: 0.717391
F1_test: 0.566524
 

Arquitectura: _2_3_3_1_
Semilla: 1788092352
Segundos: 94
NIteraciones: 100000

Costo_train: 0.249555
Precision_train: 0.516862
Recall_train: 0.863971
F1_train: 0.646789

Costo_test: 0.251601
Precision_test: 0.449857
Recall_test: 0.853261
F1_test: 0.589118
 

Arquitectura: _2_3_3_1_
Semilla: 1788092352
Segundos: 94
NIteraciones: 100000

Costo_train: 0.247527
Precision_train: 0.545305
Recall_train: 0.405637
F1_train: 0.465214

Costo_test: 0.259676
Precision_test: 0.369427
Recall_test: 0.315217
F1_test: 0.340176
 

Arquitectura: _2_3_3_1_
Semilla: 1788092352
Segundos: 94
NIteraciones: 100000

Costo_train: 0.247779
Precision_train: 0.527801
Recall_train: 0.779412
F1_train: 0.629391

Costo_test: 0.256321
Precision_test: 0.447712
Recall_test: 0.744565
F1_test: 0.559184
 

Arquitectura: _2_3_3_1_
Semilla: 1788092352
Segundos: 94
NIteraciones: 100000

Costo_train: 0.249513
Precision_train: 0.520715
Recall_train: 0.785539
F1_train: 0.626282

Costo_test: 0.251552
Precision_test: 0.459627
Recall_test: 0.804348
F1_test: 0.584980
 

Arquitectura: _2_3_3_1_
Semilla: 1788092352
Segundos: 94
NIteraciones: 100000

Costo_train: 0.249113
Precision_train: 0.528059
Recall_train: 0.703431
F1_train: 0.603258

Costo_test: 0.253136
Precision_test: 0.441948
Recall_test: 0.641304
F1_test: 0.523282
 

Arquitectura: _2_3_3_1_
Semilla: 1788092352
Segundos: 94
NIteraciones: 100000

Costo_train: 0.249259
Precision_train: 0.518858
Recall_train: 0.623775
F1_train: 0.566500

Costo_test: 0.251715
Precision_test: 0.470833
Recall_test: 0.614130
F1_test: 0.533019
 

Arquitectura: _2_3_3_1_
Semilla: 1788092352
Segundos: 94
NIteraciones: 100000

Costo_train: 0.247698
Precision_train: 0.514377
Recall_train: 0.789216
F1_train: 0.622824

Costo_test: 0.258313
Precision_test: 0.455975
Recall_test: 0.788043
F1_test: 0.577689
 

Arquitectura: _2_3_3_1_
Semilla: 1788092352
Segundos: 94
NIteraciones: 100000

Costo_train: 0.249009
Precision_train: 0.528646
Recall_train: 0.746324
F1_train: 0.618902

Costo_test: 0.252276
Precision_test: 0.458904
Recall_test: 0.728261
F1_test: 0.563025
 

Arquitectura: _2_3_3_1_
Semilla: 1788092352
Segundos: 94
NIteraciones: 100000

Costo_train: 0.248727
Precision_train: 0.527746
Recall_train: 0.571078
F1_train: 0.548558

Costo_test: 0.251970
Precision_test: 0.472973
Recall_test: 0.570652
F1_test: 0.517241
 

Arquitectura: _2_3_3_1_
Semilla: 1788092352
Segundos: 94
NIteraciones: 100000

Costo_train: 0.248220
Precision_train: 0.534343
Recall_train: 0.648284
F1_train: 0.585825

Costo_test: 0.254119
Precision_test: 0.475000
Recall_test: 0.619565
F1_test: 0.537736
 

Arquitectura: _2_3_3_1_
Semilla: 1788092352
Segundos: 94
NIteraciones: 100000

Costo_train: 0.249059
Precision_train: 0.514656
Recall_train: 0.925245
F1_train: 0.661410

Costo_test: 0.253302
Precision_test: 0.460055
Recall_test: 0.907609
F1_test: 0.610603
 

Arquitectura: _2_3_3_1_
Semilla: 1788092352
Segundos: 94
NIteraciones: 100000

Costo_train: 0.249448
Precision_train: 0.515737
Recall_train: 0.883578
F1_train: 0.651310

Costo_test: 0.250315
Precision_test: 0.452096
Recall_test: 0.820652
F1_test: 0.583012
 

Arquitectura: _2_3_3_1_
Semilla: 1788092352
Segundos: 94
NIteraciones: 100000

Costo_train: 0.247729
Precision_train: 0.545727
Recall_train: 0.446078
F1_train: 0.490897

Costo_test: 0.258690
Precision_test: 0.380952
Recall_test: 0.347826
F1_test: 0.363636
 

Arquitectura: _2_3_3_1_
Semilla: 1788092352
Segundos: 94
NIteraciones: 100000

Costo_train: 0.248081
Precision_train: 0.535193
Recall_train: 0.493873
F1_train: 0.513703

Costo_test: 0.256210
Precision_test: 0.391304
Recall_test: 0.391304
F1_test: 0.391304
 

Arquitectura: _2_3_3_1_
Semilla: 1788092352
Segundos: 94
NIteraciones: 100000

Costo_train: 0.249772
Precision_train: 0.508021
Recall_train: 0.814951
F1_train: 0.625882

Costo_test: 0.251764
Precision_test: 0.461310
Recall_test: 0.842391
F1_test: 0.596154
 

Arquitectura: _2_3_3_1_
Semilla: 1788092352
Segundos: 94
NIteraciones: 100000

Costo_train: 0.249091
Precision_train: 0.517574
Recall_train: 0.920343
F1_train: 0.662550

Costo_test: 0.253636
Precision_test: 0.453258
Recall_test: 0.869565
F1_test: 0.595903
 

Arquitectura: _2_3_3_1_
Semilla: 1788092352
Segundos: 94
NIteraciones: 100000

Costo_train: 0.249210
Precision_train: 0.513858
Recall_train: 0.840686
F1_train: 0.637843

Costo_test: 0.252110
Precision_test: 0.468023
Recall_test: 0.875000
F1_test: 0.609848
 

Arquitectura: _2_3_3_1_
Semilla: 1788092352
Segundos: 94
NIteraciones: 100000

Costo_train: 0.249263
Precision_train: 0.517720
Recall_train: 0.823529
F1_train: 0.635762

Costo_test: 0.252025
Precision_test: 0.467836
Recall_test: 0.869565
F1_test: 0.608365
 

Arquitectura: _2_3_3_1_
Semilla: 1788092352
Segundos: 94
NIteraciones: 100000

Costo_train: 0.249360
Precision_train: 0.512853
Recall_train: 0.977941
F1_train: 0.672850

Costo_test: 0.252178
Precision_test: 0.458015
Recall_test: 0.978261
F1_test: 0.623917
 

Arquitectura: _2_3_3_1_
Semilla: 1788092352
Segundos: 94
NIteraciones: 100000

Costo_train: 0.249212
Precision_train: 0.521455
Recall_train: 0.685049
F1_train: 0.592161

Costo_test: 0.251567
Precision_test: 0.456929
Recall_test: 0.663043
F1_test: 0.541020
 

Arquitectura: _2_3_3_1_
Semilla: 1788092352
Segundos: 94
NIteraciones: 100000

Costo_train: 0.249042
Precision_train: 0.521286
Recall_train: 0.735294
F1_train: 0.610066

Costo_test: 0.254549
Precision_test: 0.447552
Recall_test: 0.695652
F1_test: 0.544681
 

Arquitectura: _2_3_3_1_
Semilla: 1788092352
Segundos: 94
NIteraciones: 100000

Costo_train: 0.248779
Precision_train: 0.524412
Recall_train: 0.710784
F1_train: 0.603538

Costo_test: 0.252810
Precision_test: 0.474048
Recall_test: 0.744565
F1_test: 0.579281
 

Arquitectura: _2_3_3_1_
Semilla: 1788092352
Segundos: 94
NIteraciones: 100000

Costo_train: 0.247738
Precision_train: 0.526403
Recall_train: 0.781863
F1_train: 0.629191

Costo_test: 0.256354
Precision_test: 0.447712
Recall_test: 0.744565
F1_test: 0.559184
 

Arquitectura: _2_3_3_1_
Semilla: 1788092352
Segundos: 94
NIteraciones: 100000

Costo_train: 0.248723
Precision_train: 0.526457
Recall_train: 0.719363
F1_train: 0.607975

Costo_test: 0.254254
Precision_test: 0.456835
Recall_test: 0.690217
F1_test: 0.549784
 

Arquitectura: _2_3_3_1_
Semilla: 1788092352
Segundos: 94
NIteraciones: 100000

Costo_train: 0.248648
Precision_train: 0.524862
Recall_train: 0.698529
F1_train: 0.599369

Costo_test: 0.252965
Precision_test: 0.465704
Recall_test: 0.701087
F1_test: 0.559653
 

Arquitectura: _2_3_3_1_
Semilla: 1788092352
Segundos: 94
NIteraciones: 100000

Costo_train: 0.249373
Precision_train: 0.516923
Recall_train: 0.823529
F1_train: 0.635161

Costo_test: 0.251827
Precision_test: 0.466276
Recall_test: 0.864130
F1_test: 0.605714
 

Arquitectura: _2_3_3_1_
Semilla: 1788092352
Segundos: 94
NIteraciones: 100000

Costo_train: 0.249194
Precision_train: 0.516932
Recall_train: 0.916667
F1_train: 0.661069

Costo_test: 0.252975
Precision_test: 0.456338
Recall_test: 0.880435
F1_test: 0.601113
 

Arquitectura: _2_3_3_1_
Semilla: 1788092352
Segundos: 94
NIteraciones: 100000

Costo_train: 0.248364
Precision_train: 0.525490
Recall_train: 0.656863
F1_train: 0.583878

Costo_test: 0.253329
Precision_test: 0.460630
Recall_test: 0.635870
F1_test: 0.534247
 

Arquitectura: _2_3_3_1_
Semilla: 1788092352
Segundos: 94
NIteraciones: 100000

Costo_train: 0.249409
Precision_train: 0.517967
Recall_train: 0.724265
F1_train: 0.603986

Costo_test: 0.252953
Precision_test: 0.440860
Recall_test: 0.668478
F1_test: 0.531317
 

Arquitectura: _2_3_3_1_
Semilla: 1788092352
Segundos: 94
NIteraciones: 100000

Costo_train: 0.249169
Precision_train: 0.531220
Recall_train: 0.677696
F1_train: 0.595584

Costo_test: 0.252692
Precision_test: 0.466418
Recall_test: 0.679348
F1_test: 0.553097
 

Arquitectura: _2_3_3_1_
Semilla: 1788092352
Segundos: 94
NIteraciones: 100000

Costo_train: 0.249689
Precision_train: 0.508951
Recall_train: 0.975490
F1_train: 0.668908

Costo_test: 0.252112
Precision_test: 0.459391
Recall_test: 0.983696
F1_test: 0.626298
 

Arquitectura: _2_3_3_1_
Semilla: 1788092352
Segundos: 94
NIteraciones: 100000

Costo_train: 0.248300
Precision_train: 0.528875
Recall_train: 0.639706
F1_train: 0.579035

Costo_test: 0.253626
Precision_test: 0.473029
Recall_test: 0.619565
F1_test: 0.536471
 

Arquitectura: _2_3_3_1_
Semilla: 1788092352
Segundos: 94
NIteraciones: 100000

Costo_train: 0.247669
Precision_train: 0.541864
Recall_train: 0.420343
F1_train: 0.473430

Costo_test: 0.259226
Precision_test: 0.380368
Recall_test: 0.336957
F1_test: 0.357349
 

Arquitectura: _2_3_3_1_
Semilla: 1788092352
Segundos: 94
NIteraciones: 100000

Costo_train: 0.248480
Precision_train: 0.526510
Recall_train: 0.523284
F1_train: 0.524892

Costo_test: 0.255472
Precision_test: 0.416244
Recall_test: 0.445652
F1_test: 0.430446
 

Arquitectura: _2_3_3_1_
Semilla: 1788092352
Segundos: 94
NIteraciones: 100000

Costo_train: 0.249485
Precision_train: 0.512438
Recall_train: 0.883578
F1_train: 0.648673

Costo_test: 0.250232
Precision_test: 0.457726
Recall_test: 0.853261
F1_test: 0.595825
 

Arquitectura: _2_3_3_1_
Semilla: 1788092352
Segundos: 94
NIteraciones: 100000

Costo_train: 0.249181
Precision_train: 0.521479
Recall_train: 0.639706
F1_train: 0.574573

Costo_test: 0.251129
Precision_test: 0.466926
Recall_test: 0.652174
F1_test: 0.544218
 

Arquitectura: _2_3_3_1_
Semilla: 1788092352
Segundos: 94
NIteraciones: 100000

Costo_train: 0.249890
Precision_train: 0.510000
Recall_train: 1.000000
F1_train: 0.675497

Costo_test: 0.250826
Precision_test: 0.460000
Recall_test: 1.000000
F1_test: 0.630137
 

Arquitectura: _2_3_3_1_
Semilla: 1788092352
Segundos: 94
NIteraciones: 100000

Costo_train: 0.249079
Precision_train: 0.519920
Recall_train: 0.639706
F1_train: 0.573626

Costo_test: 0.253562
Precision_test: 0.415966
Recall_test: 0.538043
F1_test: 0.469194
 

Arquitectura: _2_3_3_1_
Semilla: 1788092352
Segundos: 94
NIteraciones: 100000

Costo_train: 0.249421
Precision_train: 0.524055
Recall_train: 0.747549
F1_train: 0.616162

Costo_test: 0.250588
Precision_test: 0.459459
Recall_test: 0.739130
F1_test: 0.566667
 

Arquitectura: _2_3_3_1_
Semilla: 1788092352
Segundos: 94
NIteraciones: 100000

Costo_train: 0.248864
Precision_train: 0.529565
Recall_train: 0.746324
F1_train: 0.619532

Costo_test: 0.252623
Precision_test: 0.464164
Recall_test: 0.739130
F1_test: 0.570231
 

Arquitectura: _2_3_3_1_
Semilla: 1788092352
Segundos: 94
NIteraciones: 100000

Costo_train: 0.249443
Precision_train: 0.516468
Recall_train: 0.903186
F1_train: 0.657156

Costo_test: 0.253062
Precision_test: 0.446377
Recall_test: 0.836957
F1_test: 0.582231
 

Arquitectura: _2_3_3_1_
Semilla: 1788092352
Segundos: 94
NIteraciones: 100000

Costo_train: 0.248292
Precision_train: 0.528373
Recall_train: 0.513480
F1_train: 0.520820

Costo_test: 0.256187
Precision_test: 0.407216
Recall_test: 0.429348
F1_test: 0.417989
 

Arquitectura: _2_3_3_1_
Semilla: 1788092352
Segundos: 94
NIteraciones: 100000

Costo_train: 0.248216
Precision_train: 0.528000
Recall_train: 0.647059
F1_train: 0.581498

Costo_test: 0.253842
Precision_test: 0.466926
Recall_test: 0.652174
F1_test: 0.544218
 

Arquitectura: _2_3_3_1_
Semilla: 1788092352
Segundos: 94
NIteraciones: 100000

Costo_train: 0.249680
Precision_train: 0.515212
Recall_train: 0.954657
F1_train: 0.669244

Costo_test: 0.251359
Precision_test: 0.451187
Recall_test: 0.929348
F1_test: 0.607460
 

Arquitectura: _2_3_3_1_
Semilla: 1788092352
Segundos: 94
NIteraciones: 100000

Costo_train: 0.248504
Precision_train: 0.539528
Recall_train: 0.476716
F1_train: 0.506181

Costo_test: 0.256422
Precision_test: 0.387640
Recall_test: 0.375000
F1_test: 0.381215
 

Arquitectura: _2_3_3_1_
Semilla: 1788092352
Segundos: 94
NIteraciones: 100000

Costo_train: 0.248485
Precision_train: 0.530045
Recall_train: 0.724265
F1_train: 0.612118

Costo_test: 0.254511
Precision_test: 0.474227
Recall_test: 0.750000
F1_test: 0.581053
 

Arquitectura: _2_3_3_1_
Semilla: 1788092352
Segundos: 94
NIteraciones: 100000

Costo_train: 0.249274
Precision_train: 0.515728
Recall_train: 0.863971
F1_train: 0.645900

Costo_test: 0.250163
Precision_test: 0.445402
Recall_test: 0.842391
F1_test: 0.582707
 

Arquitectura: _2_3_3_1_
Semilla: 1788092352
Segundos: 94
NIteraciones: 100000

Costo_train: 0.249097
Precision_train: 0.526745
Recall_train: 0.712010
F1_train: 0.605524

Costo_test: 0.253314
Precision_test: 0.433824
Recall_test: 0.641304
F1_test: 0.517544
 

Arquitectura: _2_3_3_1_
Semilla: 1788092352
Segundos: 94
NIteraciones: 100000

Costo_train: 0.249251
Precision_train: 0.517375
Recall_train: 0.656863
F1_train: 0.578834

Costo_test: 0.250834
Precision_test: 0.465950
Recall_test: 0.706522
F1_test: 0.561555
 

Arquitectura: _2_3_3_1_
Semilla: 1788092352
Segundos: 94
NIteraciones: 100000

Costo_train: 0.248270
Precision_train: 0.538084
Recall_train: 0.536765
F1_train: 0.537423

Costo_test: 0.252678
Precision_test: 0.484582
Recall_test: 0.597826
F1_test: 0.535280
 

Arquitectura: _2_3_3_1_
Semilla: 1788092352
Segundos: 94
NIteraciones: 100000

Costo_train: 0.248753
Precision_train: 0.531308
Recall_train: 0.707108
F1_train: 0.606730

Costo_test: 0.253727
Precision_test: 0.445283
Recall_test: 0.641304
F1_test: 0.525612
 

Arquitectura: _2_3_3_1_
Semilla: 1788092352
Segundos: 94
NIteraciones: 100000

Costo_train: 0.249229
Precision_train: 0.509383
Recall_train: 0.698529
F1_train: 0.589147

Costo_test: 0.252445
Precision_test: 0.476510
Recall_test: 0.771739
F1_test: 0.589212
 

Arquitectura: _2_3_3_1_
Semilla: 1788092352
Segundos: 94
NIteraciones: 100000

Costo_train: 0.249683
Precision_train: 0.509346
Recall_train: 0.801471
F1_train: 0.622857

Costo_test: 0.252022
Precision_test: 0.464832
Recall_test: 0.826087
F1_test: 0.594912
 

Arquitectura: _2_3_3_1_
Semilla: 1788092352
Segundos: 94
NIteraciones: 100000

Costo_train: 0.249322
Precision_train: 0.519070
Recall_train: 0.683824
F1_train: 0.590164

Costo_test: 0.251173
Precision_test: 0.465704
Recall_test: 0.701087
F1_test: 0.559653
 

Arquitectura: _2_3_3_1_
Semilla: 1788092352
Segundos: 94
NIteraciones: 100000

Costo_train: 0.248481
Precision_train: 0.523721
Recall_train: 0.689951
F1_train: 0.595452

Costo_test: 0.254778
Precision_test: 0.457249
Recall_test: 0.668478
F1_test: 0.543046
 

Arquitectura: _2_3_3_1_
Semilla: 1788092352
Segundos: 94
NIteraciones: 100000

Costo_train: 0.248206
Precision_train: 0.530531
Recall_train: 0.649510
F1_train: 0.584022

Costo_test: 0.253848
Precision_test: 0.463710
Recall_test: 0.625000
F1_test: 0.532407
 

Arquitectura: _2_3_3_1_
Semilla: 1788092352
Segundos: 94
NIteraciones: 100000

Costo_train: 0.248527
Precision_train: 0.526123
Recall_train: 0.703431
F1_train: 0.601993

Costo_test: 0.255067
Precision_test: 0.480702
Recall_test: 0.744565
F1_test: 0.584222
 

Arquitectura: _2_3_3_1_
Semilla: 1788092352
Segundos: 94
NIteraciones: 100000

Costo_train: 0.249284
Precision_train: 0.517817
Recall_train: 0.837010
F1_train: 0.639813

Costo_test: 0.252069
Precision_test: 0.445428
Recall_test: 0.820652
F1_test: 0.577438
 

Arquitectura: _2_3_3_1_
Semilla: 1788092352
Segundos: 94
NIteraciones: 100000

Costo_train: 0.248965
Precision_train: 0.524576
Recall_train: 0.719363
F1_train: 0.606718

Costo_test: 0.253524
Precision_test: 0.440860
Recall_test: 0.668478
F1_test: 0.531317
 

Arquitectura: _2_3_3_1_
Semilla: 1788092352
Segundos: 94
NIteraciones: 100000

Costo_train: 0.249527
Precision_train: 0.512704
Recall_train: 0.692402
F1_train: 0.589155

Costo_test: 0.253104
Precision_test: 0.434615
Recall_test: 0.614130
F1_test: 0.509009
 


--- Test Angosta 3.0 ---
Iteración 10000
Costo: 0.248643
Iteración 20000
Costo: 0.248136
Iteración 30000
Costo: 0.247211
Iteración 40000
Costo: 0.246643
Iteración 50000
Costo: 0.246359
Iteración 60000
Costo: 0.246167
Iteración 70000
Costo: 0.246029
Iteración 80000
Costo: 0.245921
Iteración 90000
Costo: 0.245827

Arquitectura: _2_9_1_
Semilla: 1788092446
Segundos: 52
NIteraciones: 100000

Costo_train: 0.245740
Precision_train: 0.549112
Recall_train: 0.568627
F1_train: 0.558700

Costo_test: 0.258872
Precision_test: 0.472727
Recall_test: 0.565217
F1_test: 0.514851
 

Arquitectura: _2_9_1_
Semilla: 1788092446
Segundos: 52
NIteraciones: 100000

Costo_train: 0.245841
Precision_train: 0.551282
Recall_train: 0.579657
F1_train: 0.565113

Costo_test: 0.259103
Precision_test: 0.457014
Recall_test: 0.548913
F1_test: 0.498765
 

Arquitectura: _2_9_1_
Semilla: 1788092446
Segundos: 52
NIteraciones: 100000

Costo_train: 0.245756
Precision_train: 0.547537
Recall_train: 0.585784
F1_train: 0.566015

Costo_test: 0.260266
Precision_test: 0.468750
Recall_test: 0.570652
F1_test: 0.514706
 

Arquitectura: _2_9_1_
Semilla: 1788092446
Segundos: 52
NIteraciones: 100000

Costo_train: 0.244855
Precision_train: 0.556174
Recall_train: 0.612745
F1_train: 0.583090

Costo_test: 0.260597
Precision_test: 0.438596
Recall_test: 0.543478
F1_test: 0.485437
 

Arquitectura: _2_9_1_
Semilla: 1788092446
Segundos: 52
NIteraciones: 100000

Costo_train: 0.245814
Precision_train: 0.553288
Recall_train: 0.598039
F1_train: 0.574794

Costo_test: 0.258988
Precision_test: 0.466063
Recall_test: 0.559783
F1_test: 0.508642
 

Arquitectura: _2_9_1_
Semilla: 1788092446
Segundos: 52
NIteraciones: 100000

Costo_train: 0.245754
Precision_train: 0.548349
Recall_train: 0.569853
F1_train: 0.558894

Costo_test: 0.259339
Precision_test: 0.472727
Recall_test: 0.565217
F1_test: 0.514851
 

Arquitectura: _2_9_1_
Semilla: 1788092446
Segundos: 52
NIteraciones: 100000

Costo_train: 0.245374
Precision_train: 0.549171
Recall_train: 0.609069
F1_train: 0.577571

Costo_test: 0.260004
Precision_test: 0.458874
Recall_test: 0.576087
F1_test: 0.510843
 

Arquitectura: _2_9_1_
Semilla: 1788092446
Segundos: 52
NIteraciones: 100000

Costo_train: 0.245134
Precision_train: 0.574409
Recall_train: 0.506127
F1_train: 0.538111

Costo_test: 0.260792
Precision_test: 0.453608
Recall_test: 0.478261
F1_test: 0.465608
 

Arquitectura: _2_9_1_
Semilla: 1788092446
Segundos: 52
NIteraciones: 100000

Costo_train: 0.245329
Precision_train: 0.544332
Recall_train: 0.594363
F1_train: 0.568248

Costo_test: 0.259816
Precision_test: 0.470588
Recall_test: 0.565217
F1_test: 0.513580
 

Arquitectura: _2_9_1_
Semilla: 1788092446
Segundos: 52
NIteraciones: 100000

Costo_train: 0.245202
Precision_train: 0.552803
Recall_train: 0.519608
F1_train: 0.535692

Costo_test: 0.259554
Precision_test: 0.454545
Recall_test: 0.489130
F1_test: 0.471204
 

Arquitectura: _2_9_1_
Semilla: 1788092446
Segundos: 52
NIteraciones: 100000

Costo_train: 0.245165
Precision_train: 0.560910
Recall_train: 0.513480
F1_train: 0.536148

Costo_test: 0.259207
Precision_test: 0.465347
Recall_test: 0.510870
F1_test: 0.487047
 

Arquitectura: _2_9_1_
Semilla: 1788092446
Segundos: 52
NIteraciones: 100000

Costo_train: 0.245659
Precision_train: 0.550761
Recall_train: 0.531863
F1_train: 0.541147

Costo_test: 0.259405
Precision_test: 0.454106
Recall_test: 0.510870
F1_test: 0.480818
 

Arquitectura: _2_9_1_
Semilla: 1788092446
Segundos: 52
NIteraciones: 100000

Costo_train: 0.245291
Precision_train: 0.562500
Recall_train: 0.507353
F1_train: 0.533505

Costo_test: 0.259612
Precision_test: 0.463158
Recall_test: 0.478261
F1_test: 0.470588
 

Arquitectura: _2_9_1_
Semilla: 1788092446
Segundos: 52
NIteraciones: 100000

Costo_train: 0.245502
Precision_train: 0.558788
Recall_train: 0.564951
F1_train: 0.561853

Costo_test: 0.258804
Precision_test: 0.441860
Recall_test: 0.516304
F1_test: 0.476191
 

Arquitectura: _2_9_1_
Semilla: 1788092446
Segundos: 52
NIteraciones: 100000

Costo_train: 0.245586
Precision_train: 0.542035
Recall_train: 0.600490
F1_train: 0.569767

Costo_test: 0.259065
Precision_test: 0.468085
Recall_test: 0.597826
F1_test: 0.525060
 

Arquitectura: _2_9_1_
Semilla: 1788092446
Segundos: 52
NIteraciones: 100000

Costo_train: 0.245244
Precision_train: 0.552318
Recall_train: 0.511029
F1_train: 0.530872

Costo_test: 0.260028
Precision_test: 0.457286
Recall_test: 0.494565
F1_test: 0.475196
 

Arquitectura: _2_9_1_
Semilla: 1788092446
Segundos: 52
NIteraciones: 100000

Costo_train: 0.245073
Precision_train: 0.549945
Recall_train: 0.613971
F1_train: 0.580197

Costo_test: 0.258859
Precision_test: 0.433476
Recall_test: 0.548913
F1_test: 0.484412
 

Arquitectura: _2_9_1_
Semilla: 1788092446
Segundos: 52
NIteraciones: 100000

Costo_train: 0.245468
Precision_train: 0.557807
Recall_train: 0.573529
F1_train: 0.565559

Costo_test: 0.261004
Precision_test: 0.448113
Recall_test: 0.516304
F1_test: 0.479798
 

Arquitectura: _2_9_1_
Semilla: 1788092446
Segundos: 52
NIteraciones: 100000

Costo_train: 0.245775
Precision_train: 0.550996
Recall_train: 0.575980
F1_train: 0.563211

Costo_test: 0.259848
Precision_test: 0.465753
Recall_test: 0.554348
F1_test: 0.506203
 

Arquitectura: _2_9_1_
Semilla: 1788092446
Segundos: 52
NIteraciones: 100000

Costo_train: 0.247220
Precision_train: 0.536318
Recall_train: 0.660539
F1_train: 0.591982

Costo_test: 0.256621
Precision_test: 0.461224
Recall_test: 0.614130
F1_test: 0.526807
 

Arquitectura: _2_9_1_
Semilla: 1788092446
Segundos: 52
NIteraciones: 100000

Costo_train: 0.244882
Precision_train: 0.548533
Recall_train: 0.595588
F1_train: 0.571093

Costo_test: 0.259514
Precision_test: 0.441964
Recall_test: 0.538043
F1_test: 0.485294
 

Arquitectura: _2_9_1_
Semilla: 1788092446
Segundos: 52
NIteraciones: 100000

Costo_train: 0.244871
Precision_train: 0.562674
Recall_train: 0.495098
F1_train: 0.526727

Costo_test: 0.260305
Precision_test: 0.468085
Recall_test: 0.478261
F1_test: 0.473118
 

Arquitectura: _2_9_1_
Semilla: 1788092446
Segundos: 52
NIteraciones: 100000

Costo_train: 0.245756
Precision_train: 0.557233
Recall_train: 0.542892
F1_train: 0.549969

Costo_test: 0.259053
Precision_test: 0.467290
Recall_test: 0.543478
F1_test: 0.502513
 

Arquitectura: _2_9_1_
Semilla: 1788092446
Segundos: 52
NIteraciones: 100000

Costo_train: 0.245199
Precision_train: 0.559113
Recall_train: 0.556373
F1_train: 0.557740

Costo_test: 0.259851
Precision_test: 0.444976
Recall_test: 0.505435
F1_test: 0.473282
 

Arquitectura: _2_9_1_
Semilla: 1788092446
Segundos: 52
NIteraciones: 100000

Costo_train: 0.245159
Precision_train: 0.553965
Recall_train: 0.616422
F1_train: 0.583527

Costo_test: 0.260143
Precision_test: 0.465217
Recall_test: 0.581522
F1_test: 0.516908
 

Arquitectura: _2_9_1_
Semilla: 1788092446
Segundos: 52
NIteraciones: 100000

Costo_train: 0.245146
Precision_train: 0.550588
Recall_train: 0.573529
F1_train: 0.561825

Costo_test: 0.261891
Precision_test: 0.443439
Recall_test: 0.532609
F1_test: 0.483951
 

Arquitectura: _2_9_1_
Semilla: 1788092446
Segundos: 52
NIteraciones: 100000

Costo_train: 0.245549
Precision_train: 0.547038
Recall_train: 0.577206
F1_train: 0.561717

Costo_test: 0.258771
Precision_test: 0.443946
Recall_test: 0.538043
F1_test: 0.486486
 

Arquitectura: _2_9_1_
Semilla: 1788092446
Segundos: 52
NIteraciones: 100000

Costo_train: 0.245914
Precision_train: 0.549133
Recall_train: 0.582108
F1_train: 0.565140

Costo_test: 0.259288
Precision_test: 0.457778
Recall_test: 0.559783
F1_test: 0.503668
 

Arquitectura: _2_9_1_
Semilla: 1788092446
Segundos: 52
NIteraciones: 100000

Costo_train: 0.247279
Precision_train: 0.538385
Recall_train: 0.661765
F1_train: 0.593733

Costo_test: 0.256535
Precision_test: 0.461224
Recall_test: 0.614130
F1_test: 0.526807
 

Arquitectura: _2_9_1_
Semilla: 1788092446
Segundos: 52
NIteraciones: 100000

Costo_train: 0.245136
Precision_train: 0.557867
Recall_train: 0.525735
F1_train: 0.541325

Costo_test: 0.259683
Precision_test: 0.460000
Recall_test: 0.500000
F1_test: 0.479167
 

Arquitectura: _2_9_1_
Semilla: 1788092446
Segundos: 52
NIteraciones: 100000

Costo_train: 0.244692
Precision_train: 0.552752
Recall_train: 0.590686
F1_train: 0.571090

Costo_test: 0.260676
Precision_test: 0.452915
Recall_test: 0.548913
F1_test: 0.496315
 

Arquitectura: _2_9_1_
Semilla: 1788092446
Segundos: 52
NIteraciones: 100000

Costo_train: 0.245563
Precision_train: 0.550228
Recall_train: 0.590686
F1_train: 0.569740

Costo_test: 0.259138
Precision_test: 0.473214
Recall_test: 0.576087
F1_test: 0.519608
 

Arquitectura: _2_9_1_
Semilla: 1788092446
Segundos: 52
NIteraciones: 100000

Costo_train: 0.245109
Precision_train: 0.560248
Recall_train: 0.552696
F1_train: 0.556447

Costo_test: 0.260023
Precision_test: 0.444976
Recall_test: 0.505435
F1_test: 0.473282
 

Arquitectura: _2_9_1_
Semilla: 1788092446
Segundos: 52
NIteraciones: 100000

Costo_train: 0.245644
Precision_train: 0.557089
Recall_train: 0.544118
F1_train: 0.550527

Costo_test: 0.259302
Precision_test: 0.452381
Recall_test: 0.516304
F1_test: 0.482234
 

Arquitectura: _2_9_1_
Semilla: 1788092446
Segundos: 52
NIteraciones: 100000

Costo_train: 0.244408
Precision_train: 0.567702
Recall_train: 0.560049
F1_train: 0.563849

Costo_test: 0.259347
Precision_test: 0.441860
Recall_test: 0.516304
F1_test: 0.476191
 

Arquitectura: _2_9_1_
Semilla: 1788092446
Segundos: 52
NIteraciones: 100000

Costo_train: 0.245358
Precision_train: 0.550607
Recall_train: 0.500000
F1_train: 0.524085

Costo_test: 0.260115
Precision_test: 0.468421
Recall_test: 0.483696
F1_test: 0.475936
 

Arquitectura: _2_9_1_
Semilla: 1788092446
Segundos: 52
NIteraciones: 100000

Costo_train: 0.245718
Precision_train: 0.559850
Recall_train: 0.550245
F1_train: 0.555006

Costo_test: 0.259295
Precision_test: 0.466667
Recall_test: 0.532609
F1_test: 0.497462
 

Arquitectura: _2_9_1_
Semilla: 1788092446
Segundos: 52
NIteraciones: 100000

Costo_train: 0.245334
Precision_train: 0.557592
Recall_train: 0.522059
F1_train: 0.539241

Costo_test: 0.259622
Precision_test: 0.474747
Recall_test: 0.510870
F1_test: 0.492147
 

Arquitectura: _2_9_1_
Semilla: 1788092446
Segundos: 52
NIteraciones: 100000

Costo_train: 0.245350
Precision_train: 0.550838
Recall_train: 0.604167
F1_train: 0.576271

Costo_test: 0.260142
Precision_test: 0.460526
Recall_test: 0.570652
F1_test: 0.509709
 

Arquitectura: _2_9_1_
Semilla: 1788092446
Segundos: 52
NIteraciones: 100000

Costo_train: 0.245956
Precision_train: 0.549757
Recall_train: 0.555147
F1_train: 0.552439

Costo_test: 0.259572
Precision_test: 0.479070
Recall_test: 0.559783
F1_test: 0.516291
 

Arquitectura: _2_9_1_
Semilla: 1788092446
Segundos: 52
NIteraciones: 100000

Costo_train: 0.245198
Precision_train: 0.564069
Recall_train: 0.523284
F1_train: 0.542912

Costo_test: 0.260052
Precision_test: 0.469697
Recall_test: 0.505435
F1_test: 0.486911
 

Arquitectura: _2_9_1_
Semilla: 1788092446
Segundos: 52
NIteraciones: 100000

Costo_train: 0.244936
Precision_train: 0.549539
Recall_train: 0.584559
F1_train: 0.566508

Costo_test: 0.259517
Precision_test: 0.440000
Recall_test: 0.538043
F1_test: 0.484108
 

Arquitectura: _2_9_1_
Semilla: 1788092446
Segundos: 52
NIteraciones: 100000

Costo_train: 0.245586
Precision_train: 0.552239
Recall_train: 0.544118
F1_train: 0.548148

Costo_test: 0.260141
Precision_test: 0.470874
Recall_test: 0.527174
F1_test: 0.497436
 

Arquitectura: _2_9_1_
Semilla: 1788092446
Segundos: 52
NIteraciones: 100000

Costo_train: 0.245366
Precision_train: 0.554162
Recall_train: 0.595588
F1_train: 0.574129

Costo_test: 0.261124
Precision_test: 0.458515
Recall_test: 0.570652
F1_test: 0.508475
 

Arquitectura: _2_9_1_
Semilla: 1788092446
Segundos: 52
NIteraciones: 100000

Costo_train: 0.245453
Precision_train: 0.550276
Recall_train: 0.610294
F1_train: 0.578733

Costo_test: 0.260017
Precision_test: 0.457265
Recall_test: 0.581522
F1_test: 0.511962
 

Arquitectura: _2_9_1_
Semilla: 1788092446
Segundos: 52
NIteraciones: 100000

Costo_train: 0.245669
Precision_train: 0.555291
Recall_train: 0.572304
F1_train: 0.563669

Costo_test: 0.259245
Precision_test: 0.464789
Recall_test: 0.538043
F1_test: 0.498741
 

Arquitectura: _2_9_1_
Semilla: 1788092446
Segundos: 52
NIteraciones: 100000

Costo_train: 0.245626
Precision_train: 0.547059
Recall_train: 0.569853
F1_train: 0.558223

Costo_test: 0.259421
Precision_test: 0.465753
Recall_test: 0.554348
F1_test: 0.506203
 

Arquitectura: _2_9_1_
Semilla: 1788092446
Segundos: 52
NIteraciones: 100000

Costo_train: 0.245674
Precision_train: 0.557807
Recall_train: 0.573529
F1_train: 0.565559

Costo_test: 0.260477
Precision_test: 0.443925
Recall_test: 0.516304
F1_test: 0.477387
 

Arquitectura: _2_9_1_
Semilla: 1788092446
Segundos: 52
NIteraciones: 100000

Costo_train: 0.245354
Precision_train: 0.554855
Recall_train: 0.539216
F1_train: 0.546924

Costo_test: 0.260561
Precision_test: 0.466019
Recall_test: 0.521739
F1_test: 0.492308
 

Arquitectura: _2_9_1_
Semilla: 1788092446
Segundos: 52
NIteraciones: 100000

Costo_train: 0.245197
Precision_train: 0.565452
Recall_train: 0.513480
F1_train: 0.538215

Costo_test: 0.259975
Precision_test: 0.455497
Recall_test: 0.472826
F1_test: 0.464000
 

Arquitectura: _2_9_1_
Semilla: 1788092446
Segundos: 52
NIteraciones: 100000

Costo_train: 0.245115
Precision_train: 0.557457
Recall_train: 0.558824
F1_train: 0.558140

Costo_test: 0.259709
Precision_test: 0.458937
Recall_test: 0.516304
F1_test: 0.485934
 

Arquitectura: _2_9_1_
Semilla: 1788092446
Segundos: 52
NIteraciones: 100000

Costo_train: 0.245756
Precision_train: 0.552542
Recall_train: 0.599265
F1_train: 0.574956

Costo_test: 0.260051
Precision_test: 0.448889
Recall_test: 0.548913
F1_test: 0.493888
 

Arquitectura: _2_9_1_
Semilla: 1788092446
Segundos: 52
NIteraciones: 100000

Costo_train: 0.247331
Precision_train: 0.537938
Recall_train: 0.677696
F1_train: 0.599783

Costo_test: 0.256837
Precision_test: 0.463415
Recall_test: 0.619565
F1_test: 0.530233
 

Arquitectura: _2_9_1_
Semilla: 1788092446
Segundos: 52
NIteraciones: 100000

Costo_train: 0.244565
Precision_train: 0.558140
Recall_train: 0.558824
F1_train: 0.558481

Costo_test: 0.260489
Precision_test: 0.462617
Recall_test: 0.538043
F1_test: 0.497487
 

Arquitectura: _2_9_1_
Semilla: 1788092446
Segundos: 52
NIteraciones: 100000

Costo_train: 0.245834
Precision_train: 0.556086
Recall_train: 0.571078
F1_train: 0.563482

Costo_test: 0.259736
Precision_test: 0.472222
Recall_test: 0.554348
F1_test: 0.510000
 

Arquitectura: _2_9_1_
Semilla: 1788092446
Segundos: 52
NIteraciones: 100000

Costo_train: 0.246852
Precision_train: 0.547380
Recall_train: 0.601716
F1_train: 0.573263

Costo_test: 0.255697
Precision_test: 0.466667
Recall_test: 0.570652
F1_test: 0.513447
 

Arquitectura: _2_9_1_
Semilla: 1788092446
Segundos: 52
NIteraciones: 100000

Costo_train: 0.245270
Precision_train: 0.561608
Recall_train: 0.530637
F1_train: 0.545684

Costo_test: 0.259586
Precision_test: 0.460000
Recall_test: 0.500000
F1_test: 0.479167
 

Arquitectura: _2_9_1_
Semilla: 1788092446
Segundos: 52
NIteraciones: 100000

Costo_train: 0.245443
Precision_train: 0.551925
Recall_train: 0.579657
F1_train: 0.565451

Costo_test: 0.259689
Precision_test: 0.467890
Recall_test: 0.554348
F1_test: 0.507463
 

Arquitectura: _2_9_1_
Semilla: 1788092446
Segundos: 52
NIteraciones: 100000

Costo_train: 0.245131
Precision_train: 0.553030
Recall_train: 0.626225
F1_train: 0.587356

Costo_test: 0.259806
Precision_test: 0.445378
Recall_test: 0.576087
F1_test: 0.502370
 

Arquitectura: _2_9_1_
Semilla: 1788092446
Segundos: 52
NIteraciones: 100000

Costo_train: 0.245458
Precision_train: 0.552119
Recall_train: 0.590686
F1_train: 0.570752

Costo_test: 0.259919
Precision_test: 0.466667
Recall_test: 0.570652
F1_test: 0.513447
 

Arquitectura: _2_9_1_
Semilla: 1788092446
Segundos: 52
NIteraciones: 100000

Costo_train: 0.244590
Precision_train: 0.553899
Recall_train: 0.591912
F1_train: 0.572275

Costo_test: 0.260509
Precision_test: 0.445946
Recall_test: 0.538043
F1_test: 0.487685
 

Arquitectura: _2_9_1_
Semilla: 1788092446
Segundos: 52
NIteraciones: 100000

Costo_train: 0.245305
Precision_train: 0.563260
Recall_train: 0.567402
F1_train: 0.565324

Costo_test: 0.259287
Precision_test: 0.441315
Recall_test: 0.510870
F1_test: 0.473552
 

Arquitectura: _2_9_1_
Semilla: 1788092446
Segundos: 52
NIteraciones: 100000

Costo_train: 0.245448
Precision_train: 0.543956
Recall_train: 0.606618
F1_train: 0.573580

Costo_test: 0.260604
Precision_test: 0.476596
Recall_test: 0.608696
F1_test: 0.534606
 

Arquitectura: _2_9_1_
Semilla: 1788092446
Segundos: 52
NIteraciones: 100000

Costo_train: 0.245871
Precision_train: 0.547085
Recall_train: 0.598039
F1_train: 0.571429

Costo_test: 0.258558
Precision_test: 0.478632
Recall_test: 0.608696
F1_test: 0.535885
 

Arquitectura: _2_9_1_
Semilla: 1788092446
Segundos: 52
NIteraciones: 100000

Costo_train: 0.245080
Precision_train: 0.568000
Recall_train: 0.522059
F1_train: 0.544061

Costo_test: 0.260372
Precision_test: 0.474747
Recall_test: 0.510870
F1_test: 0.492147
 

Arquitectura: _2_9_1_
Semilla: 1788092446
Segundos: 52
NIteraciones: 100000

Costo_train: 0.245365
Precision_train: 0.550111
Recall_train: 0.605392
F1_train: 0.576429

Costo_test: 0.260221
Precision_test: 0.458150
Recall_test: 0.565217
F1_test: 0.506083
 

Arquitectura: _2_9_1_
Semilla: 1788092446
Segundos: 52
NIteraciones: 100000

Costo_train: 0.245900
Precision_train: 0.546307
Recall_train: 0.571078
F1_train: 0.558418

Costo_test: 0.259818
Precision_test: 0.472727
Recall_test: 0.565217
F1_test: 0.514851
 

Arquitectura: _2_9_1_
Semilla: 1788092446
Segundos: 52
NIteraciones: 100000

Costo_train: 0.244634
Precision_train: 0.553882
Recall_train: 0.585784
F1_train: 0.569387

Costo_test: 0.260907
Precision_test: 0.433628
Recall_test: 0.532609
F1_test: 0.478049
 

Arquitectura: _2_9_1_
Semilla: 1788092446
Segundos: 52
NIteraciones: 100000

Costo_train: 0.244951
Precision_train: 0.566887
Recall_train: 0.524510
F1_train: 0.544876

Costo_test: 0.261032
Precision_test: 0.451456
Recall_test: 0.505435
F1_test: 0.476923
 

Arquitectura: _2_9_1_
Semilla: 1788092446
Segundos: 52
NIteraciones: 100000

Costo_train: 0.245041
Precision_train: 0.563144
Recall_train: 0.535539
F1_train: 0.548995

Costo_test: 0.260906
Precision_test: 0.446602
Recall_test: 0.500000
F1_test: 0.471795
 

Arquitectura: _2_9_1_
Semilla: 1788092446
Segundos: 52
NIteraciones: 100000

Costo_train: 0.245754
Precision_train: 0.555834
Recall_train: 0.542892
F1_train: 0.549287

Costo_test: 0.259542
Precision_test: 0.462617
Recall_test: 0.538043
F1_test: 0.497487
 

Arquitectura: _2_9_1_
Semilla: 1788092446
Segundos: 52
NIteraciones: 100000

Costo_train: 0.245351
Precision_train: 0.562972
Recall_train: 0.547794
F1_train: 0.555279

Costo_test: 0.259319
Precision_test: 0.447761
Recall_test: 0.489130
F1_test: 0.467532
 

Arquitectura: _2_9_1_
Semilla: 1788092446
Segundos: 52
NIteraciones: 100000

Costo_train: 0.245785
Precision_train: 0.551763
Recall_train: 0.594363
F1_train: 0.572271

Costo_test: 0.258754
Precision_test: 0.455752
Recall_test: 0.559783
F1_test: 0.502439
 

Arquitectura: _2_9_1_
Semilla: 1788092446
Segundos: 52
NIteraciones: 100000

Costo_train: 0.244441
Precision_train: 0.549499
Recall_train: 0.605392
F1_train: 0.576093

Costo_test: 0.260195
Precision_test: 0.433036
Recall_test: 0.527174
F1_test: 0.475490
 

Arquitectura: _2_9_1_
Semilla: 1788092446
Segundos: 52
NIteraciones: 100000

Costo_train: 0.245744
Precision_train: 0.547836
Recall_train: 0.589461
F1_train: 0.567887

Costo_test: 0.259892
Precision_test: 0.467249
Recall_test: 0.581522
F1_test: 0.518160
 

Arquitectura: _2_9_1_
Semilla: 1788092446
Segundos: 52
NIteraciones: 100000

Costo_train: 0.245999
Precision_train: 0.546787
Recall_train: 0.594363
F1_train: 0.569583

Costo_test: 0.258049
Precision_test: 0.469828
Recall_test: 0.592391
F1_test: 0.524038
 

Arquitectura: _2_9_1_
Semilla: 1788092446
Segundos: 52
NIteraciones: 100000

Costo_train: 0.245360
Precision_train: 0.549887
Recall_train: 0.594363
F1_train: 0.571260

Costo_test: 0.258958
Precision_test: 0.457983
Recall_test: 0.592391
F1_test: 0.516588
 

Arquitectura: _2_9_1_
Semilla: 1788092446
Segundos: 52
NIteraciones: 100000

Costo_train: 0.244796
Precision_train: 0.558894
Recall_train: 0.569853
F1_train: 0.564320

Costo_test: 0.259656
Precision_test: 0.439252
Recall_test: 0.510870
F1_test: 0.472362
 

Arquitectura: _2_9_1_
Semilla: 1788092446
Segundos: 52
NIteraciones: 100000

Costo_train: 0.245790
Precision_train: 0.557807
Recall_train: 0.573529
F1_train: 0.565559

Costo_test: 0.260599
Precision_test: 0.451163
Recall_test: 0.527174
F1_test: 0.486216
 

Arquitectura: _2_9_1_
Semilla: 1788092446
Segundos: 52
NIteraciones: 100000

Costo_train: 0.245670
Precision_train: 0.558673
Recall_train: 0.536765
F1_train: 0.547500

Costo_test: 0.259466
Precision_test: 0.454545
Recall_test: 0.516304
F1_test: 0.483461
 

Arquitectura: _2_9_1_
Semilla: 1788092446
Segundos: 52
NIteraciones: 100000

Costo_train: 0.245804
Precision_train: 0.555689
Recall_train: 0.568627
F1_train: 0.562084

Costo_test: 0.259756
Precision_test: 0.467532
Recall_test: 0.586957
F1_test: 0.520482
 

Arquitectura: _2_9_1_
Semilla: 1788092446
Segundos: 52
NIteraciones: 100000

Costo_train: 0.245316
Precision_train: 0.547960
Recall_train: 0.609069
F1_train: 0.576901

Costo_test: 0.259954
Precision_test: 0.461207
Recall_test: 0.581522
F1_test: 0.514423
 

Arquitectura: _2_9_1_
Semilla: 1788092446
Segundos: 52
NIteraciones: 100000

Costo_train: 0.247248
Precision_train: 0.541623
Recall_train: 0.629902
F1_train: 0.582436

Costo_test: 0.256283
Precision_test: 0.464435
Recall_test: 0.603261
F1_test: 0.524823
 

Arquitectura: _2_9_1_
Semilla: 1788092446
Segundos: 52
NIteraciones: 100000

Costo_train: 0.247212
Precision_train: 0.537981
Recall_train: 0.633578
F1_train: 0.581880

Costo_test: 0.256649
Precision_test: 0.465021
Recall_test: 0.614130
F1_test: 0.529274
 

Arquitectura: _2_9_1_
Semilla: 1788092446
Segundos: 52
NIteraciones: 100000

Costo_train: 0.247497
Precision_train: 0.532030
Recall_train: 0.600490
F1_train: 0.564191

Costo_test: 0.256419
Precision_test: 0.473684
Recall_test: 0.586957
F1_test: 0.524272
 

Arquitectura: _2_9_1_
Semilla: 1788092446
Segundos: 52
NIteraciones: 100000

Costo_train: 0.245309
Precision_train: 0.556833
Recall_train: 0.534314
F1_train: 0.545341

Costo_test: 0.259133
Precision_test: 0.451456
Recall_test: 0.505435
F1_test: 0.476923
 

Arquitectura: _2_9_1_
Semilla: 1788092446
Segundos: 52
NIteraciones: 100000

Costo_train: 0.247391
Precision_train: 0.537056
Recall_train: 0.648284
F1_train: 0.587451

Costo_test: 0.255759
Precision_test: 0.457983
Recall_test: 0.592391
F1_test: 0.516588
 

Arquitectura: _2_9_1_
Semilla: 1788092446
Segundos: 52
NIteraciones: 100000

Costo_train: 0.247292
Precision_train: 0.534519
Recall_train: 0.626225
F1_train: 0.576749

Costo_test: 0.256031
Precision_test: 0.470339
Recall_test: 0.603261
F1_test: 0.528571
 

Arquitectura: _2_9_1_
Semilla: 1788092446
Segundos: 52
NIteraciones: 100000

Costo_train: 0.245304
Precision_train: 0.545556
Recall_train: 0.601716
F1_train: 0.572261

Costo_test: 0.259351
Precision_test: 0.463203
Recall_test: 0.581522
F1_test: 0.515663
 

Arquitectura: _2_9_1_
Semilla: 1788092446
Segundos: 52
NIteraciones: 100000

Costo_train: 0.245220
Precision_train: 0.557487
Recall_train: 0.511029
F1_train: 0.533248

Costo_test: 0.259882
Precision_test: 0.469072
Recall_test: 0.494565
F1_test: 0.481481
 

Arquitectura: _2_9_1_
Semilla: 1788092446
Segundos: 52
NIteraciones: 100000

Costo_train: 0.245527
Precision_train: 0.550369
Recall_train: 0.549020
F1_train: 0.549693

Costo_test: 0.258830
Precision_test: 0.459330
Recall_test: 0.521739
F1_test: 0.488550
 

Arquitectura: _2_9_1_
Semilla: 1788092446
Segundos: 52
NIteraciones: 100000

Costo_train: 0.245812
Precision_train: 0.545349
Recall_train: 0.574755
F1_train: 0.559666

Costo_test: 0.260067
Precision_test: 0.466368
Recall_test: 0.565217
F1_test: 0.511056
 

Arquitectura: _2_9_1_
Semilla: 1788092446
Segundos: 52
NIteraciones: 100000

Costo_train: 0.245726
Precision_train: 0.549937
Recall_train: 0.533088
F1_train: 0.541381

Costo_test: 0.258678
Precision_test: 0.462687
Recall_test: 0.505435
F1_test: 0.483117
 

Arquitectura: _2_9_1_
Semilla: 1788092446
Segundos: 52
NIteraciones: 100000

Costo_train: 0.245741
Precision_train: 0.563399
Recall_train: 0.528186
F1_train: 0.545225

Costo_test: 0.259425
Precision_test: 0.465000
Recall_test: 0.505435
F1_test: 0.484375
 

Arquitectura: _2_9_1_
Semilla: 1788092446
Segundos: 52
NIteraciones: 100000

Costo_train: 0.245370
Precision_train: 0.554430
Recall_train: 0.536765
F1_train: 0.545455

Costo_test: 0.260031
Precision_test: 0.458128
Recall_test: 0.505435
F1_test: 0.480620
 

Arquitectura: _2_9_1_
Semilla: 1788092446
Segundos: 52
NIteraciones: 100000

Costo_train: 0.245652
Precision_train: 0.547533
Recall_train: 0.557598
F1_train: 0.552520

Costo_test: 0.259757
Precision_test: 0.456221
Recall_test: 0.538043
F1_test: 0.493766
 

Arquitectura: _2_9_1_
Semilla: 1788092446
Segundos: 52
NIteraciones: 100000

Costo_train: 0.244834
Precision_train: 0.545657
Recall_train: 0.600490
F1_train: 0.571762

Costo_test: 0.259205
Precision_test: 0.447826
Recall_test: 0.559783
F1_test: 0.497585
 

Arquitectura: _2_9_1_
Semilla: 1788092446
Segundos: 52
NIteraciones: 100000

Costo_train: 0.245155
Precision_train: 0.566062
Recall_train: 0.535539
F1_train: 0.550378

Costo_test: 0.260136
Precision_test: 0.451777
Recall_test: 0.483696
F1_test: 0.467192
 

Arquitectura: _2_9_1_
Semilla: 1788092446
Segundos: 52
NIteraciones: 100000

Costo_train: 0.245734
Precision_train: 0.562100
Recall_train: 0.537990
F1_train: 0.549781

Costo_test: 0.259686
Precision_test: 0.450495
Recall_test: 0.494565
F1_test: 0.471503
 

Arquitectura: _2_9_1_
Semilla: 1788092446
Segundos: 52
NIteraciones: 100000

Costo_train: 0.246254
Precision_train: 0.551847
Recall_train: 0.567402
F1_train: 0.559517

Costo_test: 0.258792
Precision_test: 0.479638
Recall_test: 0.576087
F1_test: 0.523457
 


--- Test Profunda 3.0 ---
Iteración 10000
Costo: 0.249890
Iteración 20000
Costo: 0.249868
Iteración 30000
Costo: 0.249853
Iteración 40000
Costo: 0.249840
Iteración 50000
Costo: 0.249828
Iteración 60000
Costo: 0.249816
Iteración 70000
Costo: 0.249804
Iteración 80000
Costo: 0.249793
Iteración 90000
Costo: 0.249781

Arquitectura: _2_3_3_3_1_
Semilla: 1788092498
Segundos: 140
NIteraciones: 100000

Costo_train: 0.249769
Precision_train: 0.509184
Recall_train: 0.849265
F1_train: 0.636656

Costo_test: 0.251641
Precision_test: 0.463977
Recall_test: 0.875000
F1_test: 0.606403
 

Arquitectura: _2_3_3_3_1_
Semilla: 1788092498
Segundos: 140
NIteraciones: 100000

Costo_train: 0.249862
Precision_train: 0.510000
Recall_train: 1.000000
F1_train: 0.675497

Costo_test: 0.251038
Precision_test: 0.460000
Recall_test: 1.000000
F1_test: 0.630137
 

Arquitectura: _2_3_3_3_1_
Semilla: 1788092498
Segundos: 140
NIteraciones: 100000

Costo_train: 0.249783
Precision_train: 0.509530
Recall_train: 0.982843
F1_train: 0.671130

Costo_test: 0.251366
Precision_test: 0.458438
Recall_test: 0.989130
F1_test: 0.626506
 

Arquitectura: _2_3_3_3_1_
Semilla: 1788092498
Segundos: 140
NIteraciones: 100000

Costo_train: 0.249878
Precision_train: 0.510000
Recall_train: 1.000000
F1_train: 0.675497

Costo_test: 0.250972
Precision_test: 0.460000
Recall_test: 1.000000
F1_test: 0.630137
 

Arquitectura: _2_3_3_3_1_
Semilla: 1788092498
Segundos: 140
NIteraciones: 100000

Costo_train: 0.249862
Precision_train: 0.510000
Recall_train: 1.000000
F1_train: 0.675497

Costo_test: 0.250998
Precision_test: 0.460000
Recall_test: 1.000000
F1_test: 0.630137
 

Arquitectura: _2_3_3_3_1_
Semilla: 1788092498
Segundos: 140
NIteraciones: 100000

Costo_train: 0.249822
Precision_train: 0.510000
Recall_train: 1.000000
F1_train: 0.675497

Costo_test: 0.251320
Precision_test: 0.460000
Recall_test: 1.000000
F1_test: 0.630137
 

Arquitectura: _2_3_3_3_1_
Semilla: 1788092498
Segundos: 140
NIteraciones: 100000

Costo_train: 0.249805
Precision_train: 0.510439
Recall_train: 0.868873
F1_train: 0.643084

Costo_test: 0.251443
Precision_test: 0.461756
Recall_test: 0.885870
F1_test: 0.607076
 

Arquitectura: _2_3_3_3_1_
Semilla: 1788092498
Segundos: 140
NIteraciones: 100000

Costo_train: 0.249836
Precision_train: 0.510000
Recall_train: 1.000000
F1_train: 0.675497

Costo_test: 0.251350
Precision_test: 0.460000
Recall_test: 1.000000
F1_test: 0.630137
 

Arquitectura: _2_3_3_3_1_
Semilla: 1788092498
Segundos: 140
NIteraciones: 100000

Costo_train: 0.249842
Precision_train: 0.510814
Recall_train: 0.984069
F1_train: 0.672529

Costo_test: 0.250879
Precision_test: 0.453608
Recall_test: 0.956522
F1_test: 0.615385
 

Arquitectura: _2_3_3_3_1_
Semilla: 1788092498
Segundos: 140
NIteraciones: 100000

Costo_train: 0.249846
Precision_train: 0.510000
Recall_train: 1.000000
F1_train: 0.675497

Costo_test: 0.251363
Precision_test: 0.460000
Recall_test: 1.000000
F1_test: 0.630137
 

Arquitectura: _2_3_3_3_1_
Semilla: 1788092498
Segundos: 140
NIteraciones: 100000

Costo_train: 0.249774
Precision_train: 0.521033
Recall_train: 0.865196
F1_train: 0.650392

Costo_test: 0.251050
Precision_test: 0.457971
Recall_test: 0.858696
F1_test: 0.597354
 

Arquitectura: _2_3_3_3_1_
Semilla: 1788092498
Segundos: 140
NIteraciones: 100000

Costo_train: 0.249842
Precision_train: 0.510000
Recall_train: 1.000000
F1_train: 0.675497

Costo_test: 0.251498
Precision_test: 0.460000
Recall_test: 1.000000
F1_test: 0.630137
 

Arquitectura: _2_3_3_3_1_
Semilla: 1788092498
Segundos: 140
NIteraciones: 100000

Costo_train: 0.249728
Precision_train: 0.508355
Recall_train: 0.969363
F1_train: 0.666948

Costo_test: 0.251458
Precision_test: 0.460560
Recall_test: 0.983696
F1_test: 0.627383
 

Arquitectura: _2_3_3_3_1_
Semilla: 1788092498
Segundos: 140
NIteraciones: 100000

Costo_train: 0.249777
Precision_train: 0.516019
Recall_train: 0.927696
F1_train: 0.663163

Costo_test: 0.251090
Precision_test: 0.468085
Recall_test: 0.956522
F1_test: 0.628571
 

Arquitectura: _2_3_3_3_1_
Semilla: 1788092498
Segundos: 140
NIteraciones: 100000

Costo_train: 0.249867
Precision_train: 0.510000
Recall_train: 1.000000
F1_train: 0.675497

Costo_test: 0.250926
Precision_test: 0.460000
Recall_test: 1.000000
F1_test: 0.630137
 

Arquitectura: _2_3_3_3_1_
Semilla: 1788092498
Segundos: 140
NIteraciones: 100000

Costo_train: 0.249863
Precision_train: 0.510000
Recall_train: 1.000000
F1_train: 0.675497

Costo_test: 0.251187
Precision_test: 0.460000
Recall_test: 1.000000
F1_test: 0.630137
 

Arquitectura: _2_3_3_3_1_
Semilla: 1788092498
Segundos: 140
NIteraciones: 100000

Costo_train: 0.249899
Precision_train: 0.510000
Recall_train: 1.000000
F1_train: 0.675497

Costo_test: 0.250887
Precision_test: 0.460000
Recall_test: 1.000000
F1_test: 0.630137
 

Arquitectura: _2_3_3_3_1_
Semilla: 1788092498
Segundos: 140
NIteraciones: 100000

Costo_train: 0.249896
Precision_train: 0.510000
Recall_train: 1.000000
F1_train: 0.675497

Costo_test: 0.250959
Precision_test: 0.460000
Recall_test: 1.000000
F1_test: 0.630137
 

Arquitectura: _2_3_3_3_1_
Semilla: 1788092498
Segundos: 140
NIteraciones: 100000

Costo_train: 0.249854
Precision_train: 0.510000
Recall_train: 1.000000
F1_train: 0.675497

Costo_test: 0.251223
Precision_test: 0.460000
Recall_test: 1.000000
F1_test: 0.630137
 

Arquitectura: _2_3_3_3_1_
Semilla: 1788092498
Segundos: 140
NIteraciones: 100000

Costo_train: 0.249776
Precision_train: 0.507742
Recall_train: 0.964461
F1_train: 0.665258

Costo_test: 0.251618
Precision_test: 0.461538
Recall_test: 0.978261
F1_test: 0.627178
 

Arquitectura: _2_3_3_3_1_
Semilla: 1788092498
Segundos: 140
NIteraciones: 100000

Costo_train: 0.249867
Precision_train: 0.510000
Recall_train: 1.000000
F1_train: 0.675497

Costo_test: 0.251253
Precision_test: 0.460000
Recall_test: 1.000000
F1_test: 0.630137
 

Arquitectura: _2_3_3_3_1_
Semilla: 1788092498
Segundos: 140
NIteraciones: 100000

Costo_train: 0.249824
Precision_train: 0.508784
Recall_train: 0.887255
F1_train: 0.646717

Costo_test: 0.251170
Precision_test: 0.462396
Recall_test: 0.902174
F1_test: 0.611418
 

Arquitectura: _2_3_3_3_1_
Semilla: 1788092498
Segundos: 140
NIteraciones: 100000

Costo_train: 0.249859
Precision_train: 0.510000
Recall_train: 1.000000
F1_train: 0.675497

Costo_test: 0.250794
Precision_test: 0.460000
Recall_test: 1.000000
F1_test: 0.630137
 

Arquitectura: _2_3_3_3_1_
Semilla: 1788092498
Segundos: 140
NIteraciones: 100000

Costo_train: 0.249871
Precision_train: 0.510000
Recall_train: 1.000000
F1_train: 0.675497

Costo_test: 0.251088
Precision_test: 0.460000
Recall_test: 1.000000
F1_test: 0.630137
 

Arquitectura: _2_3_3_3_1_
Semilla: 1788092498
Segundos: 140
NIteraciones: 100000

Costo_train: 0.249625
Precision_train: 0.517217
Recall_train: 0.901961
F1_train: 0.657436

Costo_test: 0.251668
Precision_test: 0.464387
Recall_test: 0.885870
F1_test: 0.609346
 

Arquitectura: _2_3_3_3_1_
Semilla: 1788092498
Segundos: 140
NIteraciones: 100000

Costo_train: 0.249893
Precision_train: 0.510000
Recall_train: 1.000000
F1_train: 0.675497

Costo_test: 0.250963
Precision_test: 0.460000
Recall_test: 1.000000
F1_test: 0.630137
 

Arquitectura: _2_3_3_3_1_
Semilla: 1788092498
Segundos: 140
NIteraciones: 100000

Costo_train: 0.249897
Precision_train: 0.510000
Recall_train: 1.000000
F1_train: 0.675497

Costo_test: 0.250860
Precision_test: 0.460000
Recall_test: 1.000000
F1_test: 0.630137
 

Arquitectura: _2_3_3_3_1_
Semilla: 1788092498
Segundos: 140
NIteraciones: 100000

Costo_train: 0.249705
Precision_train: 0.508248
Recall_train: 0.792892
F1_train: 0.619435

Costo_test: 0.251889
Precision_test: 0.464615
Recall_test: 0.820652
F1_test: 0.593320
 

Arquitectura: _2_3_3_3_1_
Semilla: 1788092498
Segundos: 140
NIteraciones: 100000

Costo_train: 0.249891
Precision_train: 0.510000
Recall_train: 1.000000
F1_train: 0.675497

Costo_test: 0.251007
Precision_test: 0.460000
Recall_test: 1.000000
F1_test: 0.630137
 

Arquitectura: _2_3_3_3_1_
Semilla: 1788092498
Segundos: 140
NIteraciones: 100000

Costo_train: 0.249832
Precision_train: 0.510000
Recall_train: 1.000000
F1_train: 0.675497

Costo_test: 0.251168
Precision_test: 0.460000
Recall_test: 1.000000
F1_test: 0.630137
 

Arquitectura: _2_3_3_3_1_
Semilla: 1788092498
Segundos: 140
NIteraciones: 100000

Costo_train: 0.249889
Precision_train: 0.510000
Recall_train: 1.000000
F1_train: 0.675497

Costo_test: 0.250941
Precision_test: 0.460000
Recall_test: 1.000000
F1_test: 0.630137
 

Arquitectura: _2_3_3_3_1_
Semilla: 1788092498
Segundos: 140
NIteraciones: 100000

Costo_train: 0.249893
Precision_train: 0.510000
Recall_train: 1.000000
F1_train: 0.675497

Costo_test: 0.250930
Precision_test: 0.460000
Recall_test: 1.000000
F1_test: 0.630137
 

Arquitectura: _2_3_3_3_1_
Semilla: 1788092498
Segundos: 140
NIteraciones: 100000

Costo_train: 0.249899
Precision_train: 0.510000
Recall_train: 1.000000
F1_train: 0.675497

Costo_test: 0.250789
Precision_test: 0.460000
Recall_test: 1.000000
F1_test: 0.630137
 

Arquitectura: _2_3_3_3_1_
Semilla: 1788092498
Segundos: 140
NIteraciones: 100000

Costo_train: 0.249791
Precision_train: 0.508523
Recall_train: 0.877451
F1_train: 0.643885

Costo_test: 0.251484
Precision_test: 0.457865
Recall_test: 0.885870
F1_test: 0.603704
 

Arquitectura: _2_3_3_3_1_
Semilla: 1788092498
Segundos: 140
NIteraciones: 100000

Costo_train: 0.249902
Precision_train: 0.510000
Recall_train: 1.000000
F1_train: 0.675497

Costo_test: 0.250862
Precision_test: 0.460000
Recall_test: 1.000000
F1_test: 0.630137
 

Arquitectura: _2_3_3_3_1_
Semilla: 1788092498
Segundos: 140
NIteraciones: 100000

Costo_train: 0.249829
Precision_train: 0.510000
Recall_train: 1.000000
F1_train: 0.675497

Costo_test: 0.251213
Precision_test: 0.460000
Recall_test: 1.000000
F1_test: 0.630137
 

Arquitectura: _2_3_3_3_1_
Semilla: 1788092498
Segundos: 140
NIteraciones: 100000

Costo_train: 0.249839
Precision_train: 0.510000
Recall_train: 1.000000
F1_train: 0.675497

Costo_test: 0.251169
Precision_test: 0.460000
Recall_test: 1.000000
F1_test: 0.630137
 

Arquitectura: _2_3_3_3_1_
Semilla: 1788092498
Segundos: 140
NIteraciones: 100000

Costo_train: 0.249829
Precision_train: 0.510862
Recall_train: 0.950980
F1_train: 0.664668

Costo_test: 0.251348
Precision_test: 0.456919
Recall_test: 0.951087
F1_test: 0.617284
 

Arquitectura: _2_3_3_3_1_
Semilla: 1788092498
Segundos: 140
NIteraciones: 100000

Costo_train: 0.249791
Precision_train: 0.510000
Recall_train: 1.000000
F1_train: 0.675497

Costo_test: 0.251384
Precision_test: 0.460000
Recall_test: 1.000000
F1_test: 0.630137
 

Arquitectura: _2_3_3_3_1_
Semilla: 1788092498
Segundos: 140
NIteraciones: 100000

Costo_train: 0.249829
Precision_train: 0.510759
Recall_train: 0.988971
F1_train: 0.673623

Costo_test: 0.251087
Precision_test: 0.458438
Recall_test: 0.989130
F1_test: 0.626506
 

Arquitectura: _2_3_3_3_1_
Semilla: 1788092498
Segundos: 140
NIteraciones: 100000

Costo_train: 0.249863
Precision_train: 0.510000
Recall_train: 1.000000
F1_train: 0.675497

Costo_test: 0.250829
Precision_test: 0.460000
Recall_test: 1.000000
F1_test: 0.630137
 

Arquitectura: _2_3_3_3_1_
Semilla: 1788092498
Segundos: 140
NIteraciones: 100000

Costo_train: 0.249749
Precision_train: 0.514247
Recall_train: 0.928922
F1_train: 0.662009

Costo_test: 0.251641
Precision_test: 0.459016
Recall_test: 0.913043
F1_test: 0.610909
 

Arquitectura: _2_3_3_3_1_
Semilla: 1788092498
Segundos: 140
NIteraciones: 100000

Costo_train: 0.249821
Precision_train: 0.510000
Recall_train: 1.000000
F1_train: 0.675497

Costo_test: 0.250830
Precision_test: 0.460000
Recall_test: 1.000000
F1_test: 0.630137
 

Arquitectura: _2_3_3_3_1_
Semilla: 1788092498
Segundos: 140
NIteraciones: 100000

Costo_train: 0.249521
Precision_train: 0.507800
Recall_train: 0.797794
F1_train: 0.620591

Costo_test: 0.251236
Precision_test: 0.469697
Recall_test: 0.842391
F1_test: 0.603113
 

Arquitectura: _2_3_3_3_1_
Semilla: 1788092498
Segundos: 140
NIteraciones: 100000

Costo_train: 0.249820
Precision_train: 0.510000
Recall_train: 1.000000
F1_train: 0.675497

Costo_test: 0.251375
Precision_test: 0.460000
Recall_test: 1.000000
F1_test: 0.630137
 

Arquitectura: _2_3_3_3_1_
Semilla: 1788092498
Segundos: 140
NIteraciones: 100000

Costo_train: 0.249878
Precision_train: 0.510000
Recall_train: 1.000000
F1_train: 0.675497

Costo_test: 0.251192
Precision_test: 0.460000
Recall_test: 1.000000
F1_test: 0.630137
 

Arquitectura: _2_3_3_3_1_
Semilla: 1788092498
Segundos: 140
NIteraciones: 100000

Costo_train: 0.249865
Precision_train: 0.510000
Recall_train: 1.000000
F1_train: 0.675497

Costo_test: 0.251103
Precision_test: 0.460000
Recall_test: 1.000000
F1_test: 0.630137
 

Arquitectura: _2_3_3_3_1_
Semilla: 1788092498
Segundos: 140
NIteraciones: 100000

Costo_train: 0.249891
Precision_train: 0.510000
Recall_train: 1.000000
F1_train: 0.675497

Costo_test: 0.251000
Precision_test: 0.460000
Recall_test: 1.000000
F1_test: 0.630137
 

Arquitectura: _2_3_3_3_1_
Semilla: 1788092498
Segundos: 140
NIteraciones: 100000

Costo_train: 0.249851
Precision_train: 0.510000
Recall_train: 1.000000
F1_train: 0.675497

Costo_test: 0.251049
Precision_test: 0.460000
Recall_test: 1.000000
F1_test: 0.630137
 

Arquitectura: _2_3_3_3_1_
Semilla: 1788092498
Segundos: 140
NIteraciones: 100000

Costo_train: 0.249840
Precision_train: 0.510000
Recall_train: 1.000000
F1_train: 0.675497

Costo_test: 0.250993
Precision_test: 0.460000
Recall_test: 1.000000
F1_test: 0.630137
 

Arquitectura: _2_3_3_3_1_
Semilla: 1788092498
Segundos: 140
NIteraciones: 100000

Costo_train: 0.249706
Precision_train: 0.508344
Recall_train: 0.970588
F1_train: 0.667228

Costo_test: 0.252050
Precision_test: 0.460358
Recall_test: 0.978261
F1_test: 0.626087
 

Arquitectura: _2_3_3_3_1_
Semilla: 1788092498
Segundos: 140
NIteraciones: 100000

Costo_train: 0.249821
Precision_train: 0.508464
Recall_train: 0.993873
F1_train: 0.672750

Costo_test: 0.251371
Precision_test: 0.460000
Recall_test: 1.000000
F1_test: 0.630137
 

Arquitectura: _2_3_3_3_1_
Semilla: 1788092498
Segundos: 140
NIteraciones: 100000

Costo_train: 0.249902
Precision_train: 0.510000
Recall_train: 1.000000
F1_train: 0.675497

Costo_test: 0.250771
Precision_test: 0.460000
Recall_test: 1.000000
F1_test: 0.630137
 

Arquitectura: _2_3_3_3_1_
Semilla: 1788092498
Segundos: 140
NIteraciones: 100000

Costo_train: 0.249824
Precision_train: 0.510000
Recall_train: 1.000000
F1_train: 0.675497

Costo_test: 0.251474
Precision_test: 0.460000
Recall_test: 1.000000
F1_test: 0.630137
 

Arquitectura: _2_3_3_3_1_
Semilla: 1788092498
Segundos: 140
NIteraciones: 100000

Costo_train: 0.249708
Precision_train: 0.510000
Recall_train: 1.000000
F1_train: 0.675497

Costo_test: 0.251306
Precision_test: 0.460000
Recall_test: 1.000000
F1_test: 0.630137
 

Arquitectura: _2_3_3_3_1_
Semilla: 1788092498
Segundos: 140
NIteraciones: 100000

Costo_train: 0.249880
Precision_train: 0.510000
Recall_train: 1.000000
F1_train: 0.675497

Costo_test: 0.250943
Precision_test: 0.460000
Recall_test: 1.000000
F1_test: 0.630137
 

Arquitectura: _2_3_3_3_1_
Semilla: 1788092498
Segundos: 140
NIteraciones: 100000

Costo_train: 0.249818
Precision_train: 0.510000
Recall_train: 1.000000
F1_train: 0.675497

Costo_test: 0.251178
Precision_test: 0.460000
Recall_test: 1.000000
F1_test: 0.630137
 

Arquitectura: _2_3_3_3_1_
Semilla: 1788092498
Segundos: 140
NIteraciones: 100000

Costo_train: 0.249826
Precision_train: 0.510000
Recall_train: 1.000000
F1_train: 0.675497

Costo_test: 0.251230
Precision_test: 0.460000
Recall_test: 1.000000
F1_test: 0.630137
 

Arquitectura: _2_3_3_3_1_
Semilla: 1788092498
Segundos: 140
NIteraciones: 100000

Costo_train: 0.249825
Precision_train: 0.509102
Recall_train: 0.993873
F1_train: 0.673308

Costo_test: 0.251377
Precision_test: 0.461153
Recall_test: 1.000000
F1_test: 0.631218
 

Arquitectura: _2_3_3_3_1_
Semilla: 1788092498
Segundos: 140
NIteraciones: 100000

Costo_train: 0.249749
Precision_train: 0.506849
Recall_train: 0.952206
F1_train: 0.661558

Costo_test: 0.251951
Precision_test: 0.465789
Recall_test: 0.961957
F1_test: 0.627660
 

Arquitectura: _2_3_3_3_1_
Semilla: 1788092498
Segundos: 140
NIteraciones: 100000

Costo_train: 0.249900
Precision_train: 0.510000
Recall_train: 1.000000
F1_train: 0.675497

Costo_test: 0.250892
Precision_test: 0.460000
Recall_test: 1.000000
F1_test: 0.630137
 

Arquitectura: _2_3_3_3_1_
Semilla: 1788092498
Segundos: 140
NIteraciones: 100000

Costo_train: 0.249873
Precision_train: 0.510000
Recall_train: 1.000000
F1_train: 0.675497

Costo_test: 0.251008
Precision_test: 0.460000
Recall_test: 1.000000
F1_test: 0.630137
 

Arquitectura: _2_3_3_3_1_
Semilla: 1788092498
Segundos: 140
NIteraciones: 100000

Costo_train: 0.249630
Precision_train: 0.503306
Recall_train: 0.839461
F1_train: 0.629306

Costo_test: 0.251257
Precision_test: 0.462857
Recall_test: 0.880435
F1_test: 0.606742
 

Arquitectura: _2_3_3_3_1_
Semilla: 1788092498
Segundos: 140
NIteraciones: 100000

Costo_train: 0.249903
Precision_train: 0.510000
Recall_train: 1.000000
F1_train: 0.675497

Costo_test: 0.250817
Precision_test: 0.460000
Recall_test: 1.000000
F1_test: 0.630137
 

Arquitectura: _2_3_3_3_1_
Semilla: 1788092498
Segundos: 140
NIteraciones: 100000

Costo_train: 0.249878
Precision_train: 0.510000
Recall_train: 1.000000
F1_train: 0.675497

Costo_test: 0.251155
Precision_test: 0.460000
Recall_test: 1.000000
F1_test: 0.630137
 

Arquitectura: _2_3_3_3_1_
Semilla: 1788092498
Segundos: 140
NIteraciones: 100000

Costo_train: 0.249747
Precision_train: 0.510678
Recall_train: 0.996324
F1_train: 0.675249

Costo_test: 0.251510
Precision_test: 0.460000
Recall_test: 1.000000
F1_test: 0.630137
 

Arquitectura: _2_3_3_3_1_
Semilla: 1788092498
Segundos: 140
NIteraciones: 100000

Costo_train: 0.249906
Precision_train: 0.510000
Recall_train: 1.000000
F1_train: 0.675497

Costo_test: 0.250941
Precision_test: 0.460000
Recall_test: 1.000000
F1_test: 0.630137
 

Arquitectura: _2_3_3_3_1_
Semilla: 1788092498
Segundos: 140
NIteraciones: 100000

Costo_train: 0.249875
Precision_train: 0.510000
Recall_train: 1.000000
F1_train: 0.675497

Costo_test: 0.250984
Precision_test: 0.460000
Recall_test: 1.000000
F1_test: 0.630137
 

Arquitectura: _2_3_3_3_1_
Semilla: 1788092498
Segundos: 140
NIteraciones: 100000

Costo_train: 0.249845
Precision_train: 0.510000
Recall_train: 1.000000
F1_train: 0.675497

Costo_test: 0.251264
Precision_test: 0.460000
Recall_test: 1.000000
F1_test: 0.630137
 

Arquitectura: _2_3_3_3_1_
Semilla: 1788092498
Segundos: 140
NIteraciones: 100000

Costo_train: 0.249897
Precision_train: 0.510000
Recall_train: 1.000000
F1_train: 0.675497

Costo_test: 0.250920
Precision_test: 0.460000
Recall_test: 1.000000
F1_test: 0.630137
 

Arquitectura: _2_3_3_3_1_
Semilla: 1788092498
Segundos: 140
NIteraciones: 100000

Costo_train: 0.249867
Precision_train: 0.510000
Recall_train: 1.000000
F1_train: 0.675497

Costo_test: 0.251110
Precision_test: 0.460000
Recall_test: 1.000000
F1_test: 0.630137
 

Arquitectura: _2_3_3_3_1_
Semilla: 1788092498
Segundos: 140
NIteraciones: 100000

Costo_train: 0.249909
Precision_train: 0.510000
Recall_train: 1.000000
F1_train: 0.675497

Costo_test: 0.250911
Precision_test: 0.460000
Recall_test: 1.000000
F1_test: 0.630137
 

Arquitectura: _2_3_3_3_1_
Semilla: 1788092498
Segundos: 140
NIteraciones: 100000

Costo_train: 0.249830
Precision_train: 0.510000
Recall_train: 1.000000
F1_train: 0.675497

Costo_test: 0.251340
Precision_test: 0.460000
Recall_test: 1.000000
F1_test: 0.630137
 

Arquitectura: _2_3_3_3_1_
Semilla: 1788092498
Segundos: 140
NIteraciones: 100000

Costo_train: 0.249882
Precision_train: 0.510000
Recall_train: 1.000000
F1_train: 0.675497

Costo_test: 0.250865
Precision_test: 0.460000
Recall_test: 1.000000
F1_test: 0.630137
 

Arquitectura: _2_3_3_3_1_
Semilla: 1788092498
Segundos: 140
NIteraciones: 100000

Costo_train: 0.249864
Precision_train: 0.510000
Recall_train: 1.000000
F1_train: 0.675497

Costo_test: 0.251157
Precision_test: 0.460000
Recall_test: 1.000000
F1_test: 0.630137
 

Arquitectura: _2_3_3_3_1_
Semilla: 1788092498
Segundos: 140
NIteraciones: 100000

Costo_train: 0.249869
Precision_train: 0.510000
Recall_train: 1.000000
F1_train: 0.675497

Costo_test: 0.251002
Precision_test: 0.460000
Recall_test: 1.000000
F1_test: 0.630137
 

Arquitectura: _2_3_3_3_1_
Semilla: 1788092498
Segundos: 140
NIteraciones: 100000

Costo_train: 0.249866
Precision_train: 0.510000
Recall_train: 1.000000
F1_train: 0.675497

Costo_test: 0.251194
Precision_test: 0.460000
Recall_test: 1.000000
F1_test: 0.630137
 

Arquitectura: _2_3_3_3_1_
Semilla: 1788092498
Segundos: 140
NIteraciones: 100000

Costo_train: 0.249885
Precision_train: 0.510000
Recall_train: 1.000000
F1_train: 0.675497

Costo_test: 0.250971
Precision_test: 0.460000
Recall_test: 1.000000
F1_test: 0.630137
 

Arquitectura: _2_3_3_3_1_
Semilla: 1788092498
Segundos: 140
NIteraciones: 100000

Costo_train: 0.249548
Precision_train: 0.506474
Recall_train: 0.814951
F1_train: 0.624706

Costo_test: 0.251735
Precision_test: 0.465672
Recall_test: 0.847826
F1_test: 0.601156
 

Arquitectura: _2_3_3_3_1_
Semilla: 1788092498
Segundos: 140
NIteraciones: 100000

Costo_train: 0.249772
Precision_train: 0.503397
Recall_train: 0.908088
F1_train: 0.647727

Costo_test: 0.251799
Precision_test: 0.460055
Recall_test: 0.907609
F1_test: 0.610603
 

Arquitectura: _2_3_3_3_1_
Semilla: 1788092498
Segundos: 140
NIteraciones: 100000

Costo_train: 0.249714
Precision_train: 0.508296
Recall_train: 0.825980
F1_train: 0.629318

Costo_test: 0.251757
Precision_test: 0.466472
Recall_test: 0.869565
F1_test: 0.607211
 

Arquitectura: _2_3_3_3_1_
Semilla: 1788092498
Segundos: 140
NIteraciones: 100000

Costo_train: 0.249860
Precision_train: 0.510000
Recall_train: 1.000000
F1_train: 0.675497

Costo_test: 0.251185
Precision_test: 0.460000
Recall_test: 1.000000
F1_test: 0.630137
 

Arquitectura: _2_3_3_3_1_
Semilla: 1788092498
Segundos: 140
NIteraciones: 100000

Costo_train: 0.249851
Precision_train: 0.510000
Recall_train: 1.000000
F1_train: 0.675497

Costo_test: 0.250943
Precision_test: 0.460000
Recall_test: 1.000000
F1_test: 0.630137
 

Arquitectura: _2_3_3_3_1_
Semilla: 1788092498
Segundos: 140
NIteraciones: 100000

Costo_train: 0.249863
Precision_train: 0.510000
Recall_train: 1.000000
F1_train: 0.675497

Costo_test: 0.251220
Precision_test: 0.460000
Recall_test: 1.000000
F1_test: 0.630137
 

Arquitectura: _2_3_3_3_1_
Semilla: 1788092498
Segundos: 140
NIteraciones: 100000

Costo_train: 0.249705
Precision_train: 0.506144
Recall_train: 0.807598
F1_train: 0.622285

Costo_test: 0.251873
Precision_test: 0.462236
Recall_test: 0.831522
F1_test: 0.594175
 

Arquitectura: _2_3_3_3_1_
Semilla: 1788092498
Segundos: 140
NIteraciones: 100000

Costo_train: 0.249322
Precision_train: 0.513913
Recall_train: 0.724265
F1_train: 0.601221

Costo_test: 0.251236
Precision_test: 0.473510
Recall_test: 0.777174
F1_test: 0.588477
 

Arquitectura: _2_3_3_3_1_
Semilla: 1788092498
Segundos: 140
NIteraciones: 100000

Costo_train: 0.249782
Precision_train: 0.515030
Recall_train: 0.944853
F1_train: 0.666667

Costo_test: 0.250829
Precision_test: 0.454787
Recall_test: 0.929348
F1_test: 0.610714
 

Arquitectura: _2_3_3_3_1_
Semilla: 1788092498
Segundos: 140
NIteraciones: 100000

Costo_train: 0.249806
Precision_train: 0.513329
Recall_train: 0.920343
F1_train: 0.659061

Costo_test: 0.251297
Precision_test: 0.464674
Recall_test: 0.929348
F1_test: 0.619565
 

Arquitectura: _2_3_3_3_1_
Semilla: 1788092498
Segundos: 140
NIteraciones: 100000

Costo_train: 0.249789
Precision_train: 0.509878
Recall_train: 0.822304
F1_train: 0.629456

Costo_test: 0.251199
Precision_test: 0.457680
Recall_test: 0.793478
F1_test: 0.580517
 

Arquitectura: _2_3_3_3_1_
Semilla: 1788092498
Segundos: 140
NIteraciones: 100000

Costo_train: 0.249697
Precision_train: 0.510013
Recall_train: 0.998775
F1_train: 0.675228

Costo_test: 0.251476
Precision_test: 0.460000
Recall_test: 1.000000
F1_test: 0.630137
 

Arquitectura: _2_3_3_3_1_
Semilla: 1788092498
Segundos: 140
NIteraciones: 100000

Costo_train: 0.249844
Precision_train: 0.510000
Recall_train: 1.000000
F1_train: 0.675497

Costo_test: 0.251406
Precision_test: 0.460000
Recall_test: 1.000000
F1_test: 0.630137
 

Arquitectura: _2_3_3_3_1_
Semilla: 1788092498
Segundos: 140
NIteraciones: 100000

Costo_train: 0.249756
Precision_train: 0.514037
Recall_train: 0.942402
F1_train: 0.665225

Costo_test: 0.251657
Precision_test: 0.465969
Recall_test: 0.967391
F1_test: 0.628975
 

Arquitectura: _2_3_3_3_1_
Semilla: 1788092498
Segundos: 140
NIteraciones: 100000

Costo_train: 0.249876
Precision_train: 0.510000
Recall_train: 1.000000
F1_train: 0.675497

Costo_test: 0.250958
Precision_test: 0.460000
Recall_test: 1.000000
F1_test: 0.630137
 

Arquitectura: _2_3_3_3_1_
Semilla: 1788092498
Segundos: 140
NIteraciones: 100000

Costo_train: 0.249696
Precision_train: 0.518201
Recall_train: 0.889706
F1_train: 0.654939

Costo_test: 0.251299
Precision_test: 0.462604
Recall_test: 0.907609
F1_test: 0.612844
 

Arquitectura: _2_3_3_3_1_
Semilla: 1788092498
Segundos: 140
NIteraciones: 100000

Costo_train: 0.249854
Precision_train: 0.510000
Recall_train: 1.000000
F1_train: 0.675497

Costo_test: 0.251281
Precision_test: 0.460000
Recall_test: 1.000000
F1_test: 0.630137
 

Arquitectura: _2_3_3_3_1_
Semilla: 1788092498
Segundos: 140
NIteraciones: 100000

Costo_train: 0.249834
Precision_train: 0.510000
Recall_train: 1.000000
F1_train: 0.675497

Costo_test: 0.251226
Precision_test: 0.460000
Recall_test: 1.000000
F1_test: 0.630137
 

Arquitectura: _2_3_3_3_1_
Semilla: 1788092498
Segundos: 140
NIteraciones: 100000

Costo_train: 0.249841
Precision_train: 0.510000
Recall_train: 1.000000
F1_train: 0.675497

Costo_test: 0.251164
Precision_test: 0.460000
Recall_test: 1.000000
F1_test: 0.630137
 

Arquitectura: _2_3_3_3_1_
Semilla: 1788092498
Segundos: 140
NIteraciones: 100000

Costo_train: 0.249801
Precision_train: 0.510665
Recall_train: 0.997549
F1_train: 0.675519

Costo_test: 0.251589
Precision_test: 0.460000
Recall_test: 1.000000
F1_test: 0.630137
 

Arquitectura: _2_3_3_3_1_
Semilla: 1788092498
Segundos: 140
NIteraciones: 100000

Costo_train: 0.249897
Precision_train: 0.510000
Recall_train: 1.000000
F1_train: 0.675497

Costo_test: 0.250845
Precision_test: 0.460000
Recall_test: 1.000000
F1_test: 0.630137
 

Arquitectura: _2_3_3_3_1_
Semilla: 1788092498
Segundos: 140
NIteraciones: 100000

Costo_train: 0.249808
Precision_train: 0.510000
Recall_train: 1.000000
F1_train: 0.675497

Costo_test: 0.251686
Precision_test: 0.460000
Recall_test: 1.000000
F1_test: 0.630137
 


--- Test Angosta 4.0 ---
Iteración 10000
Costo: 0.248093
Iteración 20000
Costo: 0.246904
Iteración 30000
Costo: 0.246325
Iteración 40000
Costo: 0.246097
Iteración 50000
Costo: 0.245949
Iteración 60000
Costo: 0.245804
Iteración 70000
Costo: 0.245638
Iteración 80000
Costo: 0.245494
Iteración 90000
Costo: 0.245369

Arquitectura: _2_12_1_
Semilla: 1788092638
Segundos: 54
NIteraciones: 100000

Costo_train: 0.245260
Precision_train: 0.557764
Recall_train: 0.550245
F1_train: 0.553979

Costo_test: 0.259330
Precision_test: 0.456311
Recall_test: 0.510870
F1_test: 0.482051
 

Arquitectura: _2_12_1_
Semilla: 1788092638
Segundos: 54
NIteraciones: 100000

Costo_train: 0.245863
Precision_train: 0.562423
Recall_train: 0.557598
F1_train: 0.560000

Costo_test: 0.260629
Precision_test: 0.461187
Recall_test: 0.548913
F1_test: 0.501241
 

Arquitectura: _2_12_1_
Semilla: 1788092638
Segundos: 54
NIteraciones: 100000

Costo_train: 0.244667
Precision_train: 0.550282
Recall_train: 0.596814
F1_train: 0.572604

Costo_test: 0.259021
Precision_test: 0.430493
Recall_test: 0.521739
F1_test: 0.471744
 

Arquitectura: _2_12_1_
Semilla: 1788092638
Segundos: 54
NIteraciones: 100000

Costo_train: 0.244618
Precision_train: 0.551463
Recall_train: 0.623775
F1_train: 0.585394

Costo_test: 0.259417
Precision_test: 0.433476
Recall_test: 0.548913
F1_test: 0.484412
 

Arquitectura: _2_12_1_
Semilla: 1788092638
Segundos: 54
NIteraciones: 100000

Costo_train: 0.245254
Precision_train: 0.554745
Recall_train: 0.558824
F1_train: 0.556777

Costo_test: 0.259412
Precision_test: 0.461905
Recall_test: 0.527174
F1_test: 0.492386
 

Arquitectura: _2_12_1_
Semilla: 1788092638
Segundos: 54
NIteraciones: 100000

Costo_train: 0.245265
Precision_train: 0.564885
Recall_train: 0.544118
F1_train: 0.554307

Costo_test: 0.259604
Precision_test: 0.453202
Recall_test: 0.500000
F1_test: 0.475452
 

Arquitectura: _2_12_1_
Semilla: 1788092638
Segundos: 54
NIteraciones: 100000

Costo_train: 0.245162
Precision_train: 0.551807
Recall_train: 0.561275
F1_train: 0.556501

Costo_test: 0.259816
Precision_test: 0.446009
Recall_test: 0.516304
F1_test: 0.478589
 

Arquitectura: _2_12_1_
Semilla: 1788092638
Segundos: 54
NIteraciones: 100000

Costo_train: 0.245198
Precision_train: 0.551181
Recall_train: 0.600490
F1_train: 0.574780

Costo_test: 0.260295
Precision_test: 0.469298
Recall_test: 0.581522
F1_test: 0.519417
 

Arquitectura: _2_12_1_
Semilla: 1788092638
Segundos: 54
NIteraciones: 100000

Costo_train: 0.245067
Precision_train: 0.556650
Recall_train: 0.553922
F1_train: 0.555283

Costo_test: 0.260575
Precision_test: 0.456731
Recall_test: 0.516304
F1_test: 0.484694
 

Arquitectura: _2_12_1_
Semilla: 1788092638
Segundos: 54
NIteraciones: 100000

Costo_train: 0.245196
Precision_train: 0.548881
Recall_train: 0.571078
F1_train: 0.559760

Costo_test: 0.259912
Precision_test: 0.450704
Recall_test: 0.521739
F1_test: 0.483627
 

Arquitectura: _2_12_1_
Semilla: 1788092638
Segundos: 54
NIteraciones: 100000

Costo_train: 0.244130
Precision_train: 0.551807
Recall_train: 0.561275
F1_train: 0.556501

Costo_test: 0.260674
Precision_test: 0.454976
Recall_test: 0.521739
F1_test: 0.486076
 

Arquitectura: _2_12_1_
Semilla: 1788092638
Segundos: 54
NIteraciones: 100000

Costo_train: 0.245589
Precision_train: 0.552480
Recall_train: 0.587010
F1_train: 0.569222

Costo_test: 0.259134
Precision_test: 0.446429
Recall_test: 0.543478
F1_test: 0.490196
 

Arquitectura: _2_12_1_
Semilla: 1788092638
Segundos: 54
NIteraciones: 100000

Costo_train: 0.244414
Precision_train: 0.545872
Recall_train: 0.583333
F1_train: 0.563981

Costo_test: 0.259878
Precision_test: 0.440367
Recall_test: 0.521739
F1_test: 0.477612
 

Arquitectura: _2_12_1_
Semilla: 1788092638
Segundos: 54
NIteraciones: 100000

Costo_train: 0.245058
Precision_train: 0.557814
Recall_train: 0.537990
F1_train: 0.547723

Costo_test: 0.259888
Precision_test: 0.454545
Recall_test: 0.489130
F1_test: 0.471204
 

Arquitectura: _2_12_1_
Semilla: 1788092638
Segundos: 54
NIteraciones: 100000

Costo_train: 0.245323
Precision_train: 0.552863
Recall_train: 0.615196
F1_train: 0.582367

Costo_test: 0.260086
Precision_test: 0.457265
Recall_test: 0.581522
F1_test: 0.511962
 

Arquitectura: _2_12_1_
Semilla: 1788092638
Segundos: 54
NIteraciones: 100000

Costo_train: 0.244777
Precision_train: 0.563081
Recall_train: 0.519608
F1_train: 0.540472

Costo_test: 0.260146
Precision_test: 0.462687
Recall_test: 0.505435
F1_test: 0.483117
 

Arquitectura: _2_12_1_
Semilla: 1788092638
Segundos: 54
NIteraciones: 100000

Costo_train: 0.244224
Precision_train: 0.555420
Recall_train: 0.558824
F1_train: 0.557117

Costo_test: 0.260036
Precision_test: 0.433333
Recall_test: 0.494565
F1_test: 0.461929
 

Arquitectura: _2_12_1_
Semilla: 1788092638
Segundos: 54
NIteraciones: 100000

Costo_train: 0.245018
Precision_train: 0.566166
Recall_train: 0.508578
F1_train: 0.535830

Costo_test: 0.260642
Precision_test: 0.468085
Recall_test: 0.478261
F1_test: 0.473118
 

Arquitectura: _2_12_1_
Semilla: 1788092638
Segundos: 54
NIteraciones: 100000

Costo_train: 0.245100
Precision_train: 0.559406
Recall_train: 0.553922
F1_train: 0.556650

Costo_test: 0.259714
Precision_test: 0.458128
Recall_test: 0.505435
F1_test: 0.480620
 

Arquitectura: _2_12_1_
Semilla: 1788092638
Segundos: 54
NIteraciones: 100000

Costo_train: 0.244465
Precision_train: 0.555940
Recall_train: 0.590686
F1_train: 0.572787

Costo_test: 0.259587
Precision_test: 0.438356
Recall_test: 0.521739
F1_test: 0.476427
 

Arquitectura: _2_12_1_
Semilla: 1788092638
Segundos: 54
NIteraciones: 100000

Costo_train: 0.245351
Precision_train: 0.547778
Recall_train: 0.604167
F1_train: 0.574592

Costo_test: 0.259716
Precision_test: 0.456140
Recall_test: 0.565217
F1_test: 0.504854
 

Arquitectura: _2_12_1_
Semilla: 1788092638
Segundos: 54
NIteraciones: 100000

Costo_train: 0.244811
Precision_train: 0.565807
Recall_train: 0.511029
F1_train: 0.537025

Costo_test: 0.260440
Precision_test: 0.455497
Recall_test: 0.472826
F1_test: 0.464000
 

Arquitectura: _2_12_1_
Semilla: 1788092638
Segundos: 54
NIteraciones: 100000

Costo_train: 0.245510
Precision_train: 0.542373
Recall_train: 0.588235
F1_train: 0.564374

Costo_test: 0.259042
Precision_test: 0.458150
Recall_test: 0.565217
F1_test: 0.506083
 

Arquitectura: _2_12_1_
Semilla: 1788092638
Segundos: 54
NIteraciones: 100000

Costo_train: 0.245087
Precision_train: 0.547404
Recall_train: 0.594363
F1_train: 0.569918

Costo_test: 0.260382
Precision_test: 0.470852
Recall_test: 0.570652
F1_test: 0.515971
 

Arquitectura: _2_12_1_
Semilla: 1788092638
Segundos: 54
NIteraciones: 100000

Costo_train: 0.244448
Precision_train: 0.556490
Recall_train: 0.567402
F1_train: 0.561893

Costo_test: 0.259549
Precision_test: 0.438679
Recall_test: 0.505435
F1_test: 0.469697
 

Arquitectura: _2_12_1_
Semilla: 1788092638
Segundos: 54
NIteraciones: 100000

Costo_train: 0.245329
Precision_train: 0.556962
Recall_train: 0.539216
F1_train: 0.547945

Costo_test: 0.259069
Precision_test: 0.462687
Recall_test: 0.505435
F1_test: 0.483117
 

Arquitectura: _2_12_1_
Semilla: 1788092638
Segundos: 54
NIteraciones: 100000

Costo_train: 0.245285
Precision_train: 0.551963
Recall_train: 0.585784
F1_train: 0.568371

Costo_test: 0.260209
Precision_test: 0.475336
Recall_test: 0.576087
F1_test: 0.520884
 

Arquitectura: _2_12_1_
Semilla: 1788092638
Segundos: 54
NIteraciones: 100000

Costo_train: 0.245145
Precision_train: 0.547170
Recall_train: 0.604167
F1_train: 0.574257

Costo_test: 0.260254
Precision_test: 0.469298
Recall_test: 0.581522
F1_test: 0.519417
 

Arquitectura: _2_12_1_
Semilla: 1788092638
Segundos: 54
NIteraciones: 100000

Costo_train: 0.244620
Precision_train: 0.568895
Recall_train: 0.511029
F1_train: 0.538412

Costo_test: 0.259974
Precision_test: 0.456989
Recall_test: 0.461957
F1_test: 0.459459
 

Arquitectura: _2_12_1_
Semilla: 1788092638
Segundos: 54
NIteraciones: 100000

Costo_train: 0.245284
Precision_train: 0.550676
Recall_train: 0.599265
F1_train: 0.573944

Costo_test: 0.259979
Precision_test: 0.461883
Recall_test: 0.559783
F1_test: 0.506142
 

Arquitectura: _2_12_1_
Semilla: 1788092638
Segundos: 54
NIteraciones: 100000

Costo_train: 0.245025
Precision_train: 0.555000
Recall_train: 0.544118
F1_train: 0.549505

Costo_test: 0.260319
Precision_test: 0.458537
Recall_test: 0.510870
F1_test: 0.483291
 

Arquitectura: _2_12_1_
Semilla: 1788092638
Segundos: 54
NIteraciones: 100000

Costo_train: 0.245280
Precision_train: 0.552826
Recall_train: 0.551471
F1_train: 0.552147

Costo_test: 0.259007
Precision_test: 0.466667
Recall_test: 0.532609
F1_test: 0.497462
 

Arquitectura: _2_12_1_
Semilla: 1788092638
Segundos: 54
NIteraciones: 100000

Costo_train: 0.245072
Precision_train: 0.559748
Recall_train: 0.545343
F1_train: 0.552452

Costo_test: 0.260045
Precision_test: 0.458128
Recall_test: 0.505435
F1_test: 0.480620
 

Arquitectura: _2_12_1_
Semilla: 1788092638
Segundos: 54
NIteraciones: 100000

Costo_train: 0.245147
Precision_train: 0.557457
Recall_train: 0.558824
F1_train: 0.558140

Costo_test: 0.259688
Precision_test: 0.456731
Recall_test: 0.516304
F1_test: 0.484694
 

Arquitectura: _2_12_1_
Semilla: 1788092638
Segundos: 54
NIteraciones: 100000

Costo_train: 0.245207
Precision_train: 0.556978
Recall_train: 0.533088
F1_train: 0.544771

Costo_test: 0.259630
Precision_test: 0.450000
Recall_test: 0.489130
F1_test: 0.468750
 

Arquitectura: _2_12_1_
Semilla: 1788092638
Segundos: 54
NIteraciones: 100000

Costo_train: 0.245303
Precision_train: 0.548998
Recall_train: 0.604167
F1_train: 0.575263

Costo_test: 0.260278
Precision_test: 0.460526
Recall_test: 0.570652
F1_test: 0.509709
 

Arquitectura: _2_12_1_
Semilla: 1788092638
Segundos: 54
NIteraciones: 100000

Costo_train: 0.244249
Precision_train: 0.560386
Recall_train: 0.568627
F1_train: 0.564477

Costo_test: 0.259912
Precision_test: 0.431925
Recall_test: 0.500000
F1_test: 0.463476
 

Arquitectura: _2_12_1_
Semilla: 1788092638
Segundos: 54
NIteraciones: 100000

Costo_train: 0.245300
Precision_train: 0.548544
Recall_train: 0.553922
F1_train: 0.551219

Costo_test: 0.259275
Precision_test: 0.457143
Recall_test: 0.521739
F1_test: 0.487310
 

Arquitectura: _2_12_1_
Semilla: 1788092638
Segundos: 54
NIteraciones: 100000

Costo_train: 0.245724
Precision_train: 0.554745
Recall_train: 0.558824
F1_train: 0.556777

Costo_test: 0.258196
Precision_test: 0.458537
Recall_test: 0.510870
F1_test: 0.483291
 

Arquitectura: _2_12_1_
Semilla: 1788092638
Segundos: 54
NIteraciones: 100000

Costo_train: 0.244143
Precision_train: 0.555422
Recall_train: 0.564951
F1_train: 0.560146

Costo_test: 0.259869
Precision_test: 0.430622
Recall_test: 0.489130
F1_test: 0.458015
 

Arquitectura: _2_12_1_
Semilla: 1788092638
Segundos: 54
NIteraciones: 100000

Costo_train: 0.245308
Precision_train: 0.551282
Recall_train: 0.579657
F1_train: 0.565113

Costo_test: 0.259541
Precision_test: 0.472973
Recall_test: 0.570652
F1_test: 0.517241
 

Arquitectura: _2_12_1_
Semilla: 1788092638
Segundos: 54
NIteraciones: 100000

Costo_train: 0.245081
Precision_train: 0.562905
Recall_train: 0.531863
F1_train: 0.546944

Costo_test: 0.260674
Precision_test: 0.461929
Recall_test: 0.494565
F1_test: 0.477690
 

Arquitectura: _2_12_1_
Semilla: 1788092638
Segundos: 54
NIteraciones: 100000

Costo_train: 0.244703
Precision_train: 0.552511
Recall_train: 0.593137
F1_train: 0.572104

Costo_test: 0.260785
Precision_test: 0.438356
Recall_test: 0.521739
F1_test: 0.476427
 

Arquitectura: _2_12_1_
Semilla: 1788092638
Segundos: 54
NIteraciones: 100000

Costo_train: 0.245282
Precision_train: 0.554871
Recall_train: 0.551471
F1_train: 0.553165

Costo_test: 0.259446
Precision_test: 0.468900
Recall_test: 0.532609
F1_test: 0.498728
 

Arquitectura: _2_12_1_
Semilla: 1788092638
Segundos: 54
NIteraciones: 100000

Costo_train: 0.245094
Precision_train: 0.555417
Recall_train: 0.546569
F1_train: 0.550957

Costo_test: 0.259822
Precision_test: 0.454106
Recall_test: 0.510870
F1_test: 0.480818
 

Arquitectura: _2_12_1_
Semilla: 1788092638
Segundos: 54
NIteraciones: 100000

Costo_train: 0.245359
Precision_train: 0.562350
Recall_train: 0.574755
F1_train: 0.568485

Costo_test: 0.261300
Precision_test: 0.449761
Recall_test: 0.510870
F1_test: 0.478372
 

Arquitectura: _2_12_1_
Semilla: 1788092638
Segundos: 54
NIteraciones: 100000

Costo_train: 0.244613
Precision_train: 0.554039
Recall_train: 0.596814
F1_train: 0.574631

Costo_test: 0.260415
Precision_test: 0.461538
Recall_test: 0.554348
F1_test: 0.503704
 

Arquitectura: _2_12_1_
Semilla: 1788092638
Segundos: 54
NIteraciones: 100000

Costo_train: 0.245054
Precision_train: 0.566667
Recall_train: 0.541667
F1_train: 0.553885

Costo_test: 0.260429
Precision_test: 0.444444
Recall_test: 0.478261
F1_test: 0.460733
 

Arquitectura: _2_12_1_
Semilla: 1788092638
Segundos: 54
NIteraciones: 100000

Costo_train: 0.244206
Precision_train: 0.559406
Recall_train: 0.553922
F1_train: 0.556650

Costo_test: 0.260509
Precision_test: 0.452381
Recall_test: 0.516304
F1_test: 0.482234
 

Arquitectura: _2_12_1_
Semilla: 1788092638
Segundos: 54
NIteraciones: 100000

Costo_train: 0.244283
Precision_train: 0.565657
Recall_train: 0.549020
F1_train: 0.557214

Costo_test: 0.259562
Precision_test: 0.437500
Recall_test: 0.494565
F1_test: 0.464286
 

Arquitectura: _2_12_1_
Semilla: 1788092638
Segundos: 54
NIteraciones: 100000

Costo_train: 0.245450
Precision_train: 0.546199
Recall_train: 0.572304
F1_train: 0.558947

Costo_test: 0.259468
Precision_test: 0.459459
Recall_test: 0.554348
F1_test: 0.502463
 

Arquitectura: _2_12_1_
Semilla: 1788092638
Segundos: 54
NIteraciones: 100000

Costo_train: 0.245000
Precision_train: 0.566327
Recall_train: 0.544118
F1_train: 0.555000

Costo_test: 0.260491
Precision_test: 0.447761
Recall_test: 0.489130
F1_test: 0.467532
 

Arquitectura: _2_12_1_
Semilla: 1788092638
Segundos: 54
NIteraciones: 100000

Costo_train: 0.245389
Precision_train: 0.547699
Recall_train: 0.598039
F1_train: 0.571763

Costo_test: 0.259589
Precision_test: 0.462555
Recall_test: 0.570652
F1_test: 0.510949
 

Arquitectura: _2_12_1_
Semilla: 1788092638
Segundos: 54
NIteraciones: 100000

Costo_train: 0.245490
Precision_train: 0.547235
Recall_train: 0.582108
F1_train: 0.564133

Costo_test: 0.259231
Precision_test: 0.457014
Recall_test: 0.548913
F1_test: 0.498765
 

Arquitectura: _2_12_1_
Semilla: 1788092638
Segundos: 54
NIteraciones: 100000

Costo_train: 0.245170
Precision_train: 0.567639
Recall_train: 0.524510
F1_train: 0.545223

Costo_test: 0.260405
Precision_test: 0.465000
Recall_test: 0.505435
F1_test: 0.484375
 

Arquitectura: _2_12_1_
Semilla: 1788092638
Segundos: 54
NIteraciones: 100000

Costo_train: 0.245324
Precision_train: 0.550725
Recall_train: 0.605392
F1_train: 0.576766

Costo_test: 0.259524
Precision_test: 0.457399
Recall_test: 0.554348
F1_test: 0.501229
 

Arquitectura: _2_12_1_
Semilla: 1788092638
Segundos: 54
NIteraciones: 100000

Costo_train: 0.244876
Precision_train: 0.563636
Recall_train: 0.569853
F1_train: 0.566728

Costo_test: 0.260182
Precision_test: 0.454106
Recall_test: 0.510870
F1_test: 0.480818
 

Arquitectura: _2_12_1_
Semilla: 1788092638
Segundos: 54
NIteraciones: 100000

Costo_train: 0.245034
Precision_train: 0.548499
Recall_train: 0.582108
F1_train: 0.564804

Costo_test: 0.261737
Precision_test: 0.455357
Recall_test: 0.554348
F1_test: 0.500000
 

Arquitectura: _2_12_1_
Semilla: 1788092638
Segundos: 54
NIteraciones: 100000

Costo_train: 0.245249
Precision_train: 0.543860
Recall_train: 0.607843
F1_train: 0.574074

Costo_test: 0.260070
Precision_test: 0.467249
Recall_test: 0.581522
F1_test: 0.518160
 

Arquitectura: _2_12_1_
Semilla: 1788092638
Segundos: 54
NIteraciones: 100000

Costo_train: 0.245036
Precision_train: 0.563492
Recall_train: 0.522059
F1_train: 0.541985

Costo_test: 0.260532
Precision_test: 0.459596
Recall_test: 0.494565
F1_test: 0.476440
 

Arquitectura: _2_12_1_
Semilla: 1788092638
Segundos: 54
NIteraciones: 100000

Costo_train: 0.245090
Precision_train: 0.555556
Recall_train: 0.533088
F1_train: 0.544090

Costo_test: 0.260304
Precision_test: 0.457711
Recall_test: 0.500000
F1_test: 0.477922
 

Arquitectura: _2_12_1_
Semilla: 1788092638
Segundos: 54
NIteraciones: 100000

Costo_train: 0.244225
Precision_train: 0.560386
Recall_train: 0.568627
F1_train: 0.564477

Costo_test: 0.259258
Precision_test: 0.431280
Recall_test: 0.494565
F1_test: 0.460759
 

Arquitectura: _2_12_1_
Semilla: 1788092638
Segundos: 54
NIteraciones: 100000

Costo_train: 0.245166
Precision_train: 0.563069
Recall_train: 0.530637
F1_train: 0.546372

Costo_test: 0.260833
Precision_test: 0.447761
Recall_test: 0.489130
F1_test: 0.467532
 

Arquitectura: _2_12_1_
Semilla: 1788092638
Segundos: 54
NIteraciones: 100000

Costo_train: 0.247199
Precision_train: 0.536926
Recall_train: 0.659314
F1_train: 0.591859

Costo_test: 0.256536
Precision_test: 0.460905
Recall_test: 0.608696
F1_test: 0.524590
 

Arquitectura: _2_12_1_
Semilla: 1788092638
Segundos: 54
NIteraciones: 100000

Costo_train: 0.244454
Precision_train: 0.557583
Recall_train: 0.599265
F1_train: 0.577673

Costo_test: 0.259647
Precision_test: 0.421525
Recall_test: 0.510870
F1_test: 0.461916
 

Arquitectura: _2_12_1_
Semilla: 1788092638
Segundos: 54
NIteraciones: 100000

Costo_train: 0.245156
Precision_train: 0.548724
Recall_train: 0.579657
F1_train: 0.563766

Costo_test: 0.259435
Precision_test: 0.444954
Recall_test: 0.527174
F1_test: 0.482587
 

Arquitectura: _2_12_1_
Semilla: 1788092638
Segundos: 54
NIteraciones: 100000

Costo_train: 0.245731
Precision_train: 0.543900
Recall_train: 0.584559
F1_train: 0.563497

Costo_test: 0.260202
Precision_test: 0.466960
Recall_test: 0.576087
F1_test: 0.515815
 

Arquitectura: _2_12_1_
Semilla: 1788092638
Segundos: 54
NIteraciones: 100000

Costo_train: 0.245176
Precision_train: 0.567259
Recall_train: 0.547794
F1_train: 0.557357

Costo_test: 0.259900
Precision_test: 0.466019
Recall_test: 0.521739
F1_test: 0.492308
 

Arquitectura: _2_12_1_
Semilla: 1788092638
Segundos: 54
NIteraciones: 100000

Costo_train: 0.245060
Precision_train: 0.550599
Recall_train: 0.620098
F1_train: 0.583285

Costo_test: 0.259793
Precision_test: 0.450644
Recall_test: 0.570652
F1_test: 0.503597
 

Arquitectura: _2_12_1_
Semilla: 1788092638
Segundos: 54
NIteraciones: 100000

Costo_train: 0.244569
Precision_train: 0.557831
Recall_train: 0.567402
F1_train: 0.562576

Costo_test: 0.260163
Precision_test: 0.447115
Recall_test: 0.505435
F1_test: 0.474490
 

Arquitectura: _2_12_1_
Semilla: 1788092638
Segundos: 54
NIteraciones: 100000

Costo_train: 0.245468
Precision_train: 0.546893
Recall_train: 0.593137
F1_train: 0.569077

Costo_test: 0.259332
Precision_test: 0.464912
Recall_test: 0.576087
F1_test: 0.514563
 

Arquitectura: _2_12_1_
Semilla: 1788092638
Segundos: 54
NIteraciones: 100000

Costo_train: 0.247483
Precision_train: 0.532045
Recall_train: 0.640931
F1_train: 0.581434

Costo_test: 0.256173
Precision_test: 0.476596
Recall_test: 0.608696
F1_test: 0.534606
 

Arquitectura: _2_12_1_
Semilla: 1788092638
Segundos: 54
NIteraciones: 100000

Costo_train: 0.245090
Precision_train: 0.558897
Recall_train: 0.546569
F1_train: 0.552664

Costo_test: 0.259726
Precision_test: 0.461165
Recall_test: 0.516304
F1_test: 0.487179
 

Arquitectura: _2_12_1_
Semilla: 1788092638
Segundos: 54
NIteraciones: 100000

Costo_train: 0.245437
Precision_train: 0.547297
Recall_train: 0.595588
F1_train: 0.570423

Costo_test: 0.259359
Precision_test: 0.471366
Recall_test: 0.581522
F1_test: 0.520681
 

Arquitectura: _2_12_1_
Semilla: 1788092638
Segundos: 54
NIteraciones: 100000

Costo_train: 0.245166
Precision_train: 0.556129
Recall_train: 0.528186
F1_train: 0.541798

Costo_test: 0.259883
Precision_test: 0.457711
Recall_test: 0.500000
F1_test: 0.477922
 

Arquitectura: _2_12_1_
Semilla: 1788092638
Segundos: 54
NIteraciones: 100000

Costo_train: 0.245303
Precision_train: 0.544248
Recall_train: 0.602941
F1_train: 0.572093

Costo_test: 0.259909
Precision_test: 0.462882
Recall_test: 0.576087
F1_test: 0.513317
 

Arquitectura: _2_12_1_
Semilla: 1788092638
Segundos: 54
NIteraciones: 100000

Costo_train: 0.245290
Precision_train: 0.555831
Recall_train: 0.549020
F1_train: 0.552404

Costo_test: 0.259228
Precision_test: 0.468900
Recall_test: 0.532609
F1_test: 0.498728
 

Arquitectura: _2_12_1_
Semilla: 1788092638
Segundos: 54
NIteraciones: 100000

Costo_train: 0.244984
Precision_train: 0.558259
Recall_train: 0.534314
F1_train: 0.546024

Costo_test: 0.260470
Precision_test: 0.475962
Recall_test: 0.538043
F1_test: 0.505102
 

Arquitectura: _2_12_1_
Semilla: 1788092638
Segundos: 54
NIteraciones: 100000

Costo_train: 0.245174
Precision_train: 0.552632
Recall_train: 0.566176
F1_train: 0.559322

Costo_test: 0.260016
Precision_test: 0.462617
Recall_test: 0.538043
F1_test: 0.497487
 

Arquitectura: _2_12_1_
Semilla: 1788092638
Segundos: 54
NIteraciones: 100000

Costo_train: 0.244542
Precision_train: 0.566138
Recall_train: 0.524510
F1_train: 0.544529

Costo_test: 0.259686
Precision_test: 0.455000
Recall_test: 0.494565
F1_test: 0.473958
 

Arquitectura: _2_12_1_
Semilla: 1788092638
Segundos: 54
NIteraciones: 100000

Costo_train: 0.245149
Precision_train: 0.551313
Recall_train: 0.566176
F1_train: 0.558646

Costo_test: 0.259564
Precision_test: 0.462264
Recall_test: 0.532609
F1_test: 0.494949
 

Arquitectura: _2_12_1_
Semilla: 1788092638
Segundos: 54
NIteraciones: 100000

Costo_train: 0.245519
Precision_train: 0.552693
Recall_train: 0.578431
F1_train: 0.565269

Costo_test: 0.260412
Precision_test: 0.452830
Recall_test: 0.521739
F1_test: 0.484848
 

Arquitectura: _2_12_1_
Semilla: 1788092638
Segundos: 54
NIteraciones: 100000

Costo_train: 0.245694
Precision_train: 0.561097
Recall_train: 0.551471
F1_train: 0.556242

Costo_test: 0.259400
Precision_test: 0.463768
Recall_test: 0.521739
F1_test: 0.491049
 

Arquitectura: _2_12_1_
Semilla: 1788092638
Segundos: 54
NIteraciones: 100000

Costo_train: 0.245327
Precision_train: 0.548781
Recall_train: 0.551471
F1_train: 0.550122

Costo_test: 0.259289
Precision_test: 0.471429
Recall_test: 0.538043
F1_test: 0.502538
 

Arquitectura: _2_12_1_
Semilla: 1788092638
Segundos: 54
NIteraciones: 100000

Costo_train: 0.245339
Precision_train: 0.552369
Recall_train: 0.542892
F1_train: 0.547590

Costo_test: 0.259381
Precision_test: 0.459330
Recall_test: 0.521739
F1_test: 0.488550
 

Arquitectura: _2_12_1_
Semilla: 1788092638
Segundos: 54
NIteraciones: 100000

Costo_train: 0.245712
Precision_train: 0.550790
Recall_train: 0.598039
F1_train: 0.573443

Costo_test: 0.258699
Precision_test: 0.460870
Recall_test: 0.576087
F1_test: 0.512077
 

Arquitectura: _2_12_1_
Semilla: 1788092638
Segundos: 54
NIteraciones: 100000

Costo_train: 0.245515
Precision_train: 0.555811
Recall_train: 0.591912
F1_train: 0.573294

Costo_test: 0.258573
Precision_test: 0.456140
Recall_test: 0.565217
F1_test: 0.504854
 

Arquitectura: _2_12_1_
Semilla: 1788092638
Segundos: 54
NIteraciones: 100000

Costo_train: 0.245507
Precision_train: 0.542825
Recall_train: 0.598039
F1_train: 0.569096

Costo_test: 0.259374
Precision_test: 0.466387
Recall_test: 0.603261
F1_test: 0.526066
 

Arquitectura: _2_12_1_
Semilla: 1788092638
Segundos: 54
NIteraciones: 100000

Costo_train: 0.244924
Precision_train: 0.566802
Recall_train: 0.514706
F1_train: 0.539499

Costo_test: 0.259801
Precision_test: 0.461538
Recall_test: 0.489130
F1_test: 0.474934
 

Arquitectura: _2_12_1_
Semilla: 1788092638
Segundos: 54
NIteraciones: 100000

Costo_train: 0.244360
Precision_train: 0.557261
Recall_train: 0.578431
F1_train: 0.567649

Costo_test: 0.259699
Precision_test: 0.441860
Recall_test: 0.516304
F1_test: 0.476191
 

Arquitectura: _2_12_1_
Semilla: 1788092638
Segundos: 54
NIteraciones: 100000

Costo_train: 0.245129
Precision_train: 0.553299
Recall_train: 0.534314
F1_train: 0.543641

Costo_test: 0.259885
Precision_test: 0.458537
Recall_test: 0.510870
F1_test: 0.483291
 

Arquitectura: _2_12_1_
Semilla: 1788092638
Segundos: 54
NIteraciones: 100000

Costo_train: 0.245364
Precision_train: 0.554087
Recall_train: 0.564951
F1_train: 0.559466

Costo_test: 0.259609
Precision_test: 0.469194
Recall_test: 0.538043
F1_test: 0.501266
 

Arquitectura: _2_12_1_
Semilla: 1788092638
Segundos: 54
NIteraciones: 100000

Costo_train: 0.245319
Precision_train: 0.550523
Recall_train: 0.580882
F1_train: 0.565295

Costo_test: 0.259288
Precision_test: 0.475556
Recall_test: 0.581522
F1_test: 0.523227
 

Arquitectura: _2_12_1_
Semilla: 1788092638
Segundos: 54
NIteraciones: 100000

Costo_train: 0.245176
Precision_train: 0.548847
Recall_train: 0.612745
F1_train: 0.579039

Costo_test: 0.260465
Precision_test: 0.463203
Recall_test: 0.581522
F1_test: 0.515663
 

Arquitectura: _2_12_1_
Semilla: 1788092638
Segundos: 54
NIteraciones: 100000

Costo_train: 0.244832
Precision_train: 0.550974
Recall_train: 0.589461
F1_train: 0.569568

Costo_test: 0.259696
Precision_test: 0.438914
Recall_test: 0.527174
F1_test: 0.479012
 

Arquitectura: _2_12_1_
Semilla: 1788092638
Segundos: 54
NIteraciones: 100000

Costo_train: 0.245281
Precision_train: 0.555006
Recall_train: 0.550245
F1_train: 0.552615

Costo_test: 0.260275
Precision_test: 0.443439
Recall_test: 0.532609
F1_test: 0.483951
 

Arquitectura: _2_12_1_
Semilla: 1788092638
Segundos: 54
NIteraciones: 100000

Costo_train: 0.245271
Precision_train: 0.557272
Recall_train: 0.530637
F1_train: 0.543628

Costo_test: 0.259785
Precision_test: 0.449275
Recall_test: 0.505435
F1_test: 0.475703
 

Arquitectura: _2_12_1_
Semilla: 1788092638
Segundos: 54
NIteraciones: 100000

Costo_train: 0.245268
Precision_train: 0.568602
Recall_train: 0.528186
F1_train: 0.547649

Costo_test: 0.259798
Precision_test: 0.460396
Recall_test: 0.505435
F1_test: 0.481865
 

Arquitectura: _2_12_1_
Semilla: 1788092638
Segundos: 54
NIteraciones: 100000

Costo_train: 0.244305
Precision_train: 0.552846
Recall_train: 0.583333
F1_train: 0.567680

Costo_test: 0.260301
Precision_test: 0.440367
Recall_test: 0.521739
F1_test: 0.477612
 

Arquitectura: _2_12_1_
Semilla: 1788092638
Segundos: 54
NIteraciones: 100000

Costo_train: 0.244437
Precision_train: 0.557358
Recall_train: 0.589461
F1_train: 0.572960

Costo_test: 0.259782
Precision_test: 0.435185
Recall_test: 0.510870
F1_test: 0.470000
 


--- Test Profunda 4.0 ---
Iteración 10000
Costo: 0.249901
Iteración 20000
Costo: 0.249898
Iteración 30000
Costo: 0.249896
Iteración 40000
Costo: 0.249894
Iteración 50000
Costo: 0.249893
Iteración 60000
Costo: 0.249891
Iteración 70000
Costo: 0.249890
Iteración 80000
Costo: 0.249888
Iteración 90000
Costo: 0.249886

Arquitectura: _2_3_3_3_3_1_
Semilla: 1788092692
Segundos: 186
NIteraciones: 100000

Costo_train: 0.249885
Precision_train: 0.510000
Recall_train: 1.000000
F1_train: 0.675497

Costo_test: 0.250878
Precision_test: 0.460000
Recall_test: 1.000000
F1_test: 0.630137
 

Arquitectura: _2_3_3_3_3_1_
Semilla: 1788092692
Segundos: 186
NIteraciones: 100000

Costo_train: 0.249908
Precision_train: 0.510000
Recall_train: 1.000000
F1_train: 0.675497

Costo_test: 0.250774
Precision_test: 0.460000
Recall_test: 1.000000
F1_test: 0.630137
 

Arquitectura: _2_3_3_3_3_1_
Semilla: 1788092692
Segundos: 186
NIteraciones: 100000

Costo_train: 0.249884
Precision_train: 0.510000
Recall_train: 1.000000
F1_train: 0.675497

Costo_test: 0.251011
Precision_test: 0.460000
Recall_test: 1.000000
F1_test: 0.630137
 

Arquitectura: _2_3_3_3_3_1_
Semilla: 1788092692
Segundos: 186
NIteraciones: 100000

Costo_train: 0.249902
Precision_train: 0.510000
Recall_train: 1.000000
F1_train: 0.675497

Costo_test: 0.250892
Precision_test: 0.460000
Recall_test: 1.000000
F1_test: 0.630137
 

Arquitectura: _2_3_3_3_3_1_
Semilla: 1788092692
Segundos: 186
NIteraciones: 100000

Costo_train: 0.249902
Precision_train: 0.510000
Recall_train: 1.000000
F1_train: 0.675497

Costo_test: 0.250886
Precision_test: 0.460000
Recall_test: 1.000000
F1_test: 0.630137
 

Arquitectura: _2_3_3_3_3_1_
Semilla: 1788092692
Segundos: 186
NIteraciones: 100000

Costo_train: 0.249901
Precision_train: 0.510000
Recall_train: 1.000000
F1_train: 0.675497

Costo_test: 0.250897
Precision_test: 0.460000
Recall_test: 1.000000
F1_test: 0.630137
 

Arquitectura: _2_3_3_3_3_1_
Semilla: 1788092692
Segundos: 186
NIteraciones: 100000

Costo_train: 0.249889
Precision_train: 0.510000
Recall_train: 1.000000
F1_train: 0.675497

Costo_test: 0.251074
Precision_test: 0.460000
Recall_test: 1.000000
F1_test: 0.630137
 

Arquitectura: _2_3_3_3_3_1_
Semilla: 1788092692
Segundos: 186
NIteraciones: 100000

Costo_train: 0.249904
Precision_train: 0.510000
Recall_train: 1.000000
F1_train: 0.675497

Costo_test: 0.250950
Precision_test: 0.460000
Recall_test: 1.000000
F1_test: 0.630137
 

Arquitectura: _2_3_3_3_3_1_
Semilla: 1788092692
Segundos: 186
NIteraciones: 100000

Costo_train: 0.249900
Precision_train: 0.510000
Recall_train: 1.000000
F1_train: 0.675497

Costo_test: 0.250901
Precision_test: 0.460000
Recall_test: 1.000000
F1_test: 0.630137
 

Arquitectura: _2_3_3_3_3_1_
Semilla: 1788092692
Segundos: 186
NIteraciones: 100000

Costo_train: 0.249886
Precision_train: 0.510000
Recall_train: 1.000000
F1_train: 0.675497

Costo_test: 0.250862
Precision_test: 0.460000
Recall_test: 1.000000
F1_test: 0.630137
 

Arquitectura: _2_3_3_3_3_1_
Semilla: 1788092692
Segundos: 186
NIteraciones: 100000

Costo_train: 0.249900
Precision_train: 0.510000
Recall_train: 1.000000
F1_train: 0.675497

Costo_test: 0.250907
Precision_test: 0.460000
Recall_test: 1.000000
F1_test: 0.630137
 

Arquitectura: _2_3_3_3_3_1_
Semilla: 1788092692
Segundos: 186
NIteraciones: 100000

Costo_train: 0.249899
Precision_train: 0.510000
Recall_train: 1.000000
F1_train: 0.675497

Costo_test: 0.250908
Precision_test: 0.460000
Recall_test: 1.000000
F1_test: 0.630137
 

Arquitectura: _2_3_3_3_3_1_
Semilla: 1788092692
Segundos: 186
NIteraciones: 100000

Costo_train: 0.249901
Precision_train: 0.510000
Recall_train: 1.000000
F1_train: 0.675497

Costo_test: 0.250871
Precision_test: 0.460000
Recall_test: 1.000000
F1_test: 0.630137
 

Arquitectura: _2_3_3_3_3_1_
Semilla: 1788092692
Segundos: 186
NIteraciones: 100000

Costo_train: 0.249903
Precision_train: 0.510000
Recall_train: 1.000000
F1_train: 0.675497

Costo_test: 0.250874
Precision_test: 0.460000
Recall_test: 1.000000
F1_test: 0.630137
 

Arquitectura: _2_3_3_3_3_1_
Semilla: 1788092692
Segundos: 186
NIteraciones: 100000

Costo_train: 0.249902
Precision_train: 0.510000
Recall_train: 1.000000
F1_train: 0.675497

Costo_test: 0.250863
Precision_test: 0.460000
Recall_test: 1.000000
F1_test: 0.630137
 

Arquitectura: _2_3_3_3_3_1_
Semilla: 1788092692
Segundos: 186
NIteraciones: 100000

Costo_train: 0.249900
Precision_train: 0.510000
Recall_train: 1.000000
F1_train: 0.675497

Costo_test: 0.250895
Precision_test: 0.460000
Recall_test: 1.000000
F1_test: 0.630137
 

Arquitectura: _2_3_3_3_3_1_
Semilla: 1788092692
Segundos: 186
NIteraciones: 100000

Costo_train: 0.249901
Precision_train: 0.510000
Recall_train: 1.000000
F1_train: 0.675497

Costo_test: 0.250904
Precision_test: 0.460000
Recall_test: 1.000000
F1_test: 0.630137
 

Arquitectura: _2_3_3_3_3_1_
Semilla: 1788092692
Segundos: 186
NIteraciones: 100000

Costo_train: 0.249898
Precision_train: 0.510000
Recall_train: 1.000000
F1_train: 0.675497

Costo_test: 0.250902
Precision_test: 0.460000
Recall_test: 1.000000
F1_test: 0.630137
 

Arquitectura: _2_3_3_3_3_1_
Semilla: 1788092692
Segundos: 186
NIteraciones: 100000

Costo_train: 0.249905
Precision_train: 0.510000
Recall_train: 1.000000
F1_train: 0.675497

Costo_test: 0.250899
Precision_test: 0.460000
Recall_test: 1.000000
F1_test: 0.630137
 

Arquitectura: _2_3_3_3_3_1_
Semilla: 1788092692
Segundos: 186
NIteraciones: 100000

Costo_train: 0.249902
Precision_train: 0.510000
Recall_train: 1.000000
F1_train: 0.675497

Costo_test: 0.250918
Precision_test: 0.460000
Recall_test: 1.000000
F1_test: 0.630137
 

Arquitectura: _2_3_3_3_3_1_
Semilla: 1788092692
Segundos: 186
NIteraciones: 100000

Costo_train: 0.249904
Precision_train: 0.510000
Recall_train: 1.000000
F1_train: 0.675497

Costo_test: 0.250856
Precision_test: 0.460000
Recall_test: 1.000000
F1_test: 0.630137
 

Arquitectura: _2_3_3_3_3_1_
Semilla: 1788092692
Segundos: 186
NIteraciones: 100000

Costo_train: 0.249893
Precision_train: 0.510000
Recall_train: 1.000000
F1_train: 0.675497

Costo_test: 0.250931
Precision_test: 0.460000
Recall_test: 1.000000
F1_test: 0.630137
 

Arquitectura: _2_3_3_3_3_1_
Semilla: 1788092692
Segundos: 186
NIteraciones: 100000

Costo_train: 0.249900
Precision_train: 0.510000
Recall_train: 1.000000
F1_train: 0.675497

Costo_test: 0.250904
Precision_test: 0.460000
Recall_test: 1.000000
F1_test: 0.630137
 

Arquitectura: _2_3_3_3_3_1_
Semilla: 1788092692
Segundos: 186
NIteraciones: 100000

Costo_train: 0.249897
Precision_train: 0.510000
Recall_train: 1.000000
F1_train: 0.675497

Costo_test: 0.250870
Precision_test: 0.460000
Recall_test: 1.000000
F1_test: 0.630137
 

Arquitectura: _2_3_3_3_3_1_
Semilla: 1788092692
Segundos: 186
NIteraciones: 100000

Costo_train: 0.249900
Precision_train: 0.510000
Recall_train: 1.000000
F1_train: 0.675497

Costo_test: 0.250869
Precision_test: 0.460000
Recall_test: 1.000000
F1_test: 0.630137
 

Arquitectura: _2_3_3_3_3_1_
Semilla: 1788092692
Segundos: 186
NIteraciones: 100000

Costo_train: 0.249901
Precision_train: 0.510000
Recall_train: 1.000000
F1_train: 0.675497

Costo_test: 0.250901
Precision_test: 0.460000
Recall_test: 1.000000
F1_test: 0.630137
 

Arquitectura: _2_3_3_3_3_1_
Semilla: 1788092692
Segundos: 186
NIteraciones: 100000

Costo_train: 0.249862
Precision_train: 0.510000
Recall_train: 1.000000
F1_train: 0.675497

Costo_test: 0.251108
Precision_test: 0.460000
Recall_test: 1.000000
F1_test: 0.630137
 

Arquitectura: _2_3_3_3_3_1_
Semilla: 1788092692
Segundos: 186
NIteraciones: 100000

Costo_train: 0.249900
Precision_train: 0.510000
Recall_train: 1.000000
F1_train: 0.675497

Costo_test: 0.250899
Precision_test: 0.460000
Recall_test: 1.000000
F1_test: 0.630137
 

Arquitectura: _2_3_3_3_3_1_
Semilla: 1788092692
Segundos: 186
NIteraciones: 100000

Costo_train: 0.249889
Precision_train: 0.510000
Recall_train: 1.000000
F1_train: 0.675497

Costo_test: 0.250920
Precision_test: 0.460000
Recall_test: 1.000000
F1_test: 0.630137
 

Arquitectura: _2_3_3_3_3_1_
Semilla: 1788092692
Segundos: 186
NIteraciones: 100000

Costo_train: 0.249899
Precision_train: 0.510000
Recall_train: 1.000000
F1_train: 0.675497

Costo_test: 0.250877
Precision_test: 0.460000
Recall_test: 1.000000
F1_test: 0.630137
 

Arquitectura: _2_3_3_3_3_1_
Semilla: 1788092692
Segundos: 186
NIteraciones: 100000

Costo_train: 0.249904
Precision_train: 0.510000
Recall_train: 1.000000
F1_train: 0.675497

Costo_test: 0.250860
Precision_test: 0.460000
Recall_test: 1.000000
F1_test: 0.630137
 

Arquitectura: _2_3_3_3_3_1_
Semilla: 1788092692
Segundos: 186
NIteraciones: 100000

Costo_train: 0.249898
Precision_train: 0.510000
Recall_train: 1.000000
F1_train: 0.675497

Costo_test: 0.250912
Precision_test: 0.460000
Recall_test: 1.000000
F1_test: 0.630137
 

Arquitectura: _2_3_3_3_3_1_
Semilla: 1788092692
Segundos: 186
NIteraciones: 100000

Costo_train: 0.249897
Precision_train: 0.510000
Recall_train: 1.000000
F1_train: 0.675497

Costo_test: 0.250898
Precision_test: 0.460000
Recall_test: 1.000000
F1_test: 0.630137
 

Arquitectura: _2_3_3_3_3_1_
Semilla: 1788092692
Segundos: 186
NIteraciones: 100000

Costo_train: 0.249899
Precision_train: 0.510000
Recall_train: 1.000000
F1_train: 0.675497

Costo_test: 0.250916
Precision_test: 0.460000
Recall_test: 1.000000
F1_test: 0.630137
 

Arquitectura: _2_3_3_3_3_1_
Semilla: 1788092692
Segundos: 186
NIteraciones: 100000

Costo_train: 0.249900
Precision_train: 0.510000
Recall_train: 1.000000
F1_train: 0.675497

Costo_test: 0.250884
Precision_test: 0.460000
Recall_test: 1.000000
F1_test: 0.630137
 

Arquitectura: _2_3_3_3_3_1_
Semilla: 1788092692
Segundos: 186
NIteraciones: 100000

Costo_train: 0.249895
Precision_train: 0.510000
Recall_train: 1.000000
F1_train: 0.675497

Costo_test: 0.250931
Precision_test: 0.460000
Recall_test: 1.000000
F1_test: 0.630137
 

Arquitectura: _2_3_3_3_3_1_
Semilla: 1788092692
Segundos: 186
NIteraciones: 100000

Costo_train: 0.249895
Precision_train: 0.510000
Recall_train: 1.000000
F1_train: 0.675497

Costo_test: 0.250905
Precision_test: 0.460000
Recall_test: 1.000000
F1_test: 0.630137
 

Arquitectura: _2_3_3_3_3_1_
Semilla: 1788092692
Segundos: 186
NIteraciones: 100000

Costo_train: 0.249903
Precision_train: 0.510000
Recall_train: 1.000000
F1_train: 0.675497

Costo_test: 0.250895
Precision_test: 0.460000
Recall_test: 1.000000
F1_test: 0.630137
 

Arquitectura: _2_3_3_3_3_1_
Semilla: 1788092692
Segundos: 186
NIteraciones: 100000

Costo_train: 0.249895
Precision_train: 0.510000
Recall_train: 1.000000
F1_train: 0.675497

Costo_test: 0.250967
Precision_test: 0.460000
Recall_test: 1.000000
F1_test: 0.630137
 

Arquitectura: _2_3_3_3_3_1_
Semilla: 1788092692
Segundos: 186
NIteraciones: 100000

Costo_train: 0.249907
Precision_train: 0.510000
Recall_train: 1.000000
F1_train: 0.675497

Costo_test: 0.250912
Precision_test: 0.460000
Recall_test: 1.000000
F1_test: 0.630137
 

Arquitectura: _2_3_3_3_3_1_
Semilla: 1788092692
Segundos: 186
NIteraciones: 100000

Costo_train: 0.249896
Precision_train: 0.510000
Recall_train: 1.000000
F1_train: 0.675497

Costo_test: 0.250907
Precision_test: 0.460000
Recall_test: 1.000000
F1_test: 0.630137
 

Arquitectura: _2_3_3_3_3_1_
Semilla: 1788092692
Segundos: 186
NIteraciones: 100000

Costo_train: 0.249902
Precision_train: 0.510000
Recall_train: 1.000000
F1_train: 0.675497

Costo_test: 0.250887
Precision_test: 0.460000
Recall_test: 1.000000
F1_test: 0.630137
 

Arquitectura: _2_3_3_3_3_1_
Semilla: 1788092692
Segundos: 186
NIteraciones: 100000

Costo_train: 0.249913
Precision_train: 0.510000
Recall_train: 1.000000
F1_train: 0.675497

Costo_test: 0.250747
Precision_test: 0.460000
Recall_test: 1.000000
F1_test: 0.630137
 

Arquitectura: _2_3_3_3_3_1_
Semilla: 1788092692
Segundos: 186
NIteraciones: 100000

Costo_train: 0.249901
Precision_train: 0.510000
Recall_train: 1.000000
F1_train: 0.675497

Costo_test: 0.250917
Precision_test: 0.460000
Recall_test: 1.000000
F1_test: 0.630137
 

Arquitectura: _2_3_3_3_3_1_
Semilla: 1788092692
Segundos: 186
NIteraciones: 100000

Costo_train: 0.249904
Precision_train: 0.510000
Recall_train: 1.000000
F1_train: 0.675497

Costo_test: 0.250802
Precision_test: 0.460000
Recall_test: 1.000000
F1_test: 0.630137
 

Arquitectura: _2_3_3_3_3_1_
Semilla: 1788092692
Segundos: 186
NIteraciones: 100000

Costo_train: 0.249892
Precision_train: 0.510000
Recall_train: 1.000000
F1_train: 0.675497

Costo_test: 0.250946
Precision_test: 0.460000
Recall_test: 1.000000
F1_test: 0.630137
 

Arquitectura: _2_3_3_3_3_1_
Semilla: 1788092692
Segundos: 186
NIteraciones: 100000

Costo_train: 0.249886
Precision_train: 0.510000
Recall_train: 1.000000
F1_train: 0.675497

Costo_test: 0.251014
Precision_test: 0.460000
Recall_test: 1.000000
F1_test: 0.630137
 

Arquitectura: _2_3_3_3_3_1_
Semilla: 1788092692
Segundos: 186
NIteraciones: 100000

Costo_train: 0.249908
Precision_train: 0.510000
Recall_train: 1.000000
F1_train: 0.675497

Costo_test: 0.250876
Precision_test: 0.460000
Recall_test: 1.000000
F1_test: 0.630137
 

Arquitectura: _2_3_3_3_3_1_
Semilla: 1788092692
Segundos: 186
NIteraciones: 100000

Costo_train: 0.249904
Precision_train: 0.510000
Recall_train: 1.000000
F1_train: 0.675497

Costo_test: 0.250840
Precision_test: 0.460000
Recall_test: 1.000000
F1_test: 0.630137
 

Arquitectura: _2_3_3_3_3_1_
Semilla: 1788092692
Segundos: 186
NIteraciones: 100000

Costo_train: 0.249874
Precision_train: 0.510000
Recall_train: 1.000000
F1_train: 0.675497

Costo_test: 0.251037
Precision_test: 0.460000
Recall_test: 1.000000
F1_test: 0.630137
 

Arquitectura: _2_3_3_3_3_1_
Semilla: 1788092692
Segundos: 186
NIteraciones: 100000

Costo_train: 0.249895
Precision_train: 0.510000
Recall_train: 1.000000
F1_train: 0.675497

Costo_test: 0.250922
Precision_test: 0.460000
Recall_test: 1.000000
F1_test: 0.630137
 

Arquitectura: _2_3_3_3_3_1_
Semilla: 1788092692
Segundos: 186
NIteraciones: 100000

Costo_train: 0.249906
Precision_train: 0.510000
Recall_train: 1.000000
F1_train: 0.675497

Costo_test: 0.250877
Precision_test: 0.460000
Recall_test: 1.000000
F1_test: 0.630137
 

Arquitectura: _2_3_3_3_3_1_
Semilla: 1788092692
Segundos: 186
NIteraciones: 100000

Costo_train: 0.249884
Precision_train: 0.510000
Recall_train: 1.000000
F1_train: 0.675497

Costo_test: 0.251017
Precision_test: 0.460000
Recall_test: 1.000000
F1_test: 0.630137
 

Arquitectura: _2_3_3_3_3_1_
Semilla: 1788092692
Segundos: 186
NIteraciones: 100000

Costo_train: 0.249905
Precision_train: 0.510000
Recall_train: 1.000000
F1_train: 0.675497

Costo_test: 0.250869
Precision_test: 0.460000
Recall_test: 1.000000
F1_test: 0.630137
 

Arquitectura: _2_3_3_3_3_1_
Semilla: 1788092692
Segundos: 186
NIteraciones: 100000

Costo_train: 0.249904
Precision_train: 0.510000
Recall_train: 1.000000
F1_train: 0.675497

Costo_test: 0.250872
Precision_test: 0.460000
Recall_test: 1.000000
F1_test: 0.630137
 

Arquitectura: _2_3_3_3_3_1_
Semilla: 1788092692
Segundos: 186
NIteraciones: 100000

Costo_train: 0.249902
Precision_train: 0.510000
Recall_train: 1.000000
F1_train: 0.675497

Costo_test: 0.250855
Precision_test: 0.460000
Recall_test: 1.000000
F1_test: 0.630137
 

Arquitectura: _2_3_3_3_3_1_
Semilla: 1788092692
Segundos: 186
NIteraciones: 100000

Costo_train: 0.249889
Precision_train: 0.510000
Recall_train: 1.000000
F1_train: 0.675497

Costo_test: 0.251001
Precision_test: 0.460000
Recall_test: 1.000000
F1_test: 0.630137
 

Arquitectura: _2_3_3_3_3_1_
Semilla: 1788092692
Segundos: 186
NIteraciones: 100000

Costo_train: 0.249877
Precision_train: 0.510000
Recall_train: 1.000000
F1_train: 0.675497

Costo_test: 0.250991
Precision_test: 0.460000
Recall_test: 1.000000
F1_test: 0.630137
 

Arquitectura: _2_3_3_3_3_1_
Semilla: 1788092692
Segundos: 186
NIteraciones: 100000

Costo_train: 0.249899
Precision_train: 0.510000
Recall_train: 1.000000
F1_train: 0.675497

Costo_test: 0.250901
Precision_test: 0.460000
Recall_test: 1.000000
F1_test: 0.630137
 

Arquitectura: _2_3_3_3_3_1_
Semilla: 1788092692
Segundos: 186
NIteraciones: 100000

Costo_train: 0.249899
Precision_train: 0.510000
Recall_train: 1.000000
F1_train: 0.675497

Costo_test: 0.250906
Precision_test: 0.460000
Recall_test: 1.000000
F1_test: 0.630137
 

Arquitectura: _2_3_3_3_3_1_
Semilla: 1788092692
Segundos: 186
NIteraciones: 100000

Costo_train: 0.249900
Precision_train: 0.510000
Recall_train: 1.000000
F1_train: 0.675497

Costo_test: 0.250879
Precision_test: 0.460000
Recall_test: 1.000000
F1_test: 0.630137
 

Arquitectura: _2_3_3_3_3_1_
Semilla: 1788092692
Segundos: 186
NIteraciones: 100000

Costo_train: 0.249894
Precision_train: 0.510000
Recall_train: 1.000000
F1_train: 0.675497

Costo_test: 0.250928
Precision_test: 0.460000
Recall_test: 1.000000
F1_test: 0.630137
 

Arquitectura: _2_3_3_3_3_1_
Semilla: 1788092692
Segundos: 186
NIteraciones: 100000

Costo_train: 0.249827
Precision_train: 0.510000
Recall_train: 1.000000
F1_train: 0.675497

Costo_test: 0.251368
Precision_test: 0.460000
Recall_test: 1.000000
F1_test: 0.630137
 

Arquitectura: _2_3_3_3_3_1_
Semilla: 1788092692
Segundos: 186
NIteraciones: 100000

Costo_train: 0.249901
Precision_train: 0.510000
Recall_train: 1.000000
F1_train: 0.675497

Costo_test: 0.250893
Precision_test: 0.460000
Recall_test: 1.000000
F1_test: 0.630137
 

Arquitectura: _2_3_3_3_3_1_
Semilla: 1788092692
Segundos: 186
NIteraciones: 100000

Costo_train: 0.249883
Precision_train: 0.510000
Recall_train: 1.000000
F1_train: 0.675497

Costo_test: 0.250994
Precision_test: 0.460000
Recall_test: 1.000000
F1_test: 0.630137
 

Arquitectura: _2_3_3_3_3_1_
Semilla: 1788092692
Segundos: 186
NIteraciones: 100000

Costo_train: 0.249900
Precision_train: 0.510000
Recall_train: 1.000000
F1_train: 0.675497

Costo_test: 0.250892
Precision_test: 0.460000
Recall_test: 1.000000
F1_test: 0.630137
 

Arquitectura: _2_3_3_3_3_1_
Semilla: 1788092692
Segundos: 186
NIteraciones: 100000

Costo_train: 0.249898
Precision_train: 0.510000
Recall_train: 1.000000
F1_train: 0.675497

Costo_test: 0.250902
Precision_test: 0.460000
Recall_test: 1.000000
F1_test: 0.630137
 

Arquitectura: _2_3_3_3_3_1_
Semilla: 1788092692
Segundos: 186
NIteraciones: 100000

Costo_train: 0.249895
Precision_train: 0.510000
Recall_train: 1.000000
F1_train: 0.675497

Costo_test: 0.250942
Precision_test: 0.460000
Recall_test: 1.000000
F1_test: 0.630137
 

Arquitectura: _2_3_3_3_3_1_
Semilla: 1788092692
Segundos: 186
NIteraciones: 100000

Costo_train: 0.249905
Precision_train: 0.510000
Recall_train: 1.000000
F1_train: 0.675497

Costo_test: 0.250890
Precision_test: 0.460000
Recall_test: 1.000000
F1_test: 0.630137
 

Arquitectura: _2_3_3_3_3_1_
Semilla: 1788092692
Segundos: 186
NIteraciones: 100000

Costo_train: 0.249895
Precision_train: 0.510000
Recall_train: 1.000000
F1_train: 0.675497

Costo_test: 0.250955
Precision_test: 0.460000
Recall_test: 1.000000
F1_test: 0.630137
 

Arquitectura: _2_3_3_3_3_1_
Semilla: 1788092692
Segundos: 186
NIteraciones: 100000

Costo_train: 0.249903
Precision_train: 0.510000
Recall_train: 1.000000
F1_train: 0.675497

Costo_test: 0.250878
Precision_test: 0.460000
Recall_test: 1.000000
F1_test: 0.630137
 

Arquitectura: _2_3_3_3_3_1_
Semilla: 1788092692
Segundos: 186
NIteraciones: 100000

Costo_train: 0.249888
Precision_train: 0.510000
Recall_train: 1.000000
F1_train: 0.675497

Costo_test: 0.250954
Precision_test: 0.460000
Recall_test: 1.000000
F1_test: 0.630137
 

Arquitectura: _2_3_3_3_3_1_
Semilla: 1788092692
Segundos: 186
NIteraciones: 100000

Costo_train: 0.249897
Precision_train: 0.510000
Recall_train: 1.000000
F1_train: 0.675497

Costo_test: 0.250898
Precision_test: 0.460000
Recall_test: 1.000000
F1_test: 0.630137
 

Arquitectura: _2_3_3_3_3_1_
Semilla: 1788092692
Segundos: 186
NIteraciones: 100000

Costo_train: 0.249885
Precision_train: 0.510000
Recall_train: 1.000000
F1_train: 0.675497

Costo_test: 0.251134
Precision_test: 0.460000
Recall_test: 1.000000
F1_test: 0.630137
 

Arquitectura: _2_3_3_3_3_1_
Semilla: 1788092692
Segundos: 186
NIteraciones: 100000

Costo_train: 0.249895
Precision_train: 0.510000
Recall_train: 1.000000
F1_train: 0.675497

Costo_test: 0.250903
Precision_test: 0.460000
Recall_test: 1.000000
F1_test: 0.630137
 

Arquitectura: _2_3_3_3_3_1_
Semilla: 1788092692
Segundos: 186
NIteraciones: 100000

Costo_train: 0.249899
Precision_train: 0.510000
Recall_train: 1.000000
F1_train: 0.675497

Costo_test: 0.250916
Precision_test: 0.460000
Recall_test: 1.000000
F1_test: 0.630137
 

Arquitectura: _2_3_3_3_3_1_
Semilla: 1788092692
Segundos: 186
NIteraciones: 100000

Costo_train: 0.249870
Precision_train: 0.510000
Recall_train: 1.000000
F1_train: 0.675497

Costo_test: 0.251040
Precision_test: 0.460000
Recall_test: 1.000000
F1_test: 0.630137
 

Arquitectura: _2_3_3_3_3_1_
Semilla: 1788092692
Segundos: 186
NIteraciones: 100000

Costo_train: 0.249908
Precision_train: 0.510000
Recall_train: 1.000000
F1_train: 0.675497

Costo_test: 0.250861
Precision_test: 0.460000
Recall_test: 1.000000
F1_test: 0.630137
 

Arquitectura: _2_3_3_3_3_1_
Semilla: 1788092692
Segundos: 186
NIteraciones: 100000

Costo_train: 0.249888
Precision_train: 0.510000
Recall_train: 1.000000
F1_train: 0.675497

Costo_test: 0.250981
Precision_test: 0.460000
Recall_test: 1.000000
F1_test: 0.630137
 

Arquitectura: _2_3_3_3_3_1_
Semilla: 1788092692
Segundos: 186
NIteraciones: 100000

Costo_train: 0.249877
Precision_train: 0.510000
Recall_train: 1.000000
F1_train: 0.675497

Costo_test: 0.250985
Precision_test: 0.460000
Recall_test: 1.000000
F1_test: 0.630137
 

Arquitectura: _2_3_3_3_3_1_
Semilla: 1788092692
Segundos: 186
NIteraciones: 100000

Costo_train: 0.249894
Precision_train: 0.510000
Recall_train: 1.000000
F1_train: 0.675497

Costo_test: 0.250900
Precision_test: 0.460000
Recall_test: 1.000000
F1_test: 0.630137
 

Arquitectura: _2_3_3_3_3_1_
Semilla: 1788092692
Segundos: 186
NIteraciones: 100000

Costo_train: 0.249869
Precision_train: 0.510000
Recall_train: 1.000000
F1_train: 0.675497

Costo_test: 0.251116
Precision_test: 0.460000
Recall_test: 1.000000
F1_test: 0.630137
 

Arquitectura: _2_3_3_3_3_1_
Semilla: 1788092692
Segundos: 186
NIteraciones: 100000

Costo_train: 0.249867
Precision_train: 0.510000
Recall_train: 1.000000
F1_train: 0.675497

Costo_test: 0.251179
Precision_test: 0.460000
Recall_test: 1.000000
F1_test: 0.630137
 

Arquitectura: _2_3_3_3_3_1_
Semilla: 1788092692
Segundos: 186
NIteraciones: 100000

Costo_train: 0.249907
Precision_train: 0.510000
Recall_train: 1.000000
F1_train: 0.675497

Costo_test: 0.250868
Precision_test: 0.460000
Recall_test: 1.000000
F1_test: 0.630137
 

Arquitectura: _2_3_3_3_3_1_
Semilla: 1788092692
Segundos: 186
NIteraciones: 100000

Costo_train: 0.249868
Precision_train: 0.510000
Recall_train: 1.000000
F1_train: 0.675497

Costo_test: 0.251076
Precision_test: 0.460000
Recall_test: 1.000000
F1_test: 0.630137
 

Arquitectura: _2_3_3_3_3_1_
Semilla: 1788092692
Segundos: 186
NIteraciones: 100000

Costo_train: 0.249888
Precision_train: 0.510000
Recall_train: 1.000000
F1_train: 0.675497

Costo_test: 0.250966
Precision_test: 0.460000
Recall_test: 1.000000
F1_test: 0.630137
 

Arquitectura: _2_3_3_3_3_1_
Semilla: 1788092692
Segundos: 186
NIteraciones: 100000

Costo_train: 0.249900
Precision_train: 0.510000
Recall_train: 1.000000
F1_train: 0.675497

Costo_test: 0.250902
Precision_test: 0.460000
Recall_test: 1.000000
F1_test: 0.630137
 

Arquitectura: _2_3_3_3_3_1_
Semilla: 1788092692
Segundos: 186
NIteraciones: 100000

Costo_train: 0.249884
Precision_train: 0.510000
Recall_train: 1.000000
F1_train: 0.675497

Costo_test: 0.251010
Precision_test: 0.460000
Recall_test: 1.000000
F1_test: 0.630137
 

Arquitectura: _2_3_3_3_3_1_
Semilla: 1788092692
Segundos: 186
NIteraciones: 100000

Costo_train: 0.249904
Precision_train: 0.510000
Recall_train: 1.000000
F1_train: 0.675497

Costo_test: 0.250852
Precision_test: 0.460000
Recall_test: 1.000000
F1_test: 0.630137
 

Arquitectura: _2_3_3_3_3_1_
Semilla: 1788092692
Segundos: 186
NIteraciones: 100000

Costo_train: 0.249902
Precision_train: 0.510000
Recall_train: 1.000000
F1_train: 0.675497

Costo_test: 0.250848
Precision_test: 0.460000
Recall_test: 1.000000
F1_test: 0.630137
 

Arquitectura: _2_3_3_3_3_1_
Semilla: 1788092692
Segundos: 186
NIteraciones: 100000

Costo_train: 0.249903
Precision_train: 0.510000
Recall_train: 1.000000
F1_train: 0.675497

Costo_test: 0.250840
Precision_test: 0.460000
Recall_test: 1.000000
F1_test: 0.630137
 

Arquitectura: _2_3_3_3_3_1_
Semilla: 1788092692
Segundos: 186
NIteraciones: 100000

Costo_train: 0.249902
Precision_train: 0.510000
Recall_train: 1.000000
F1_train: 0.675497

Costo_test: 0.250827
Precision_test: 0.460000
Recall_test: 1.000000
F1_test: 0.630137
 

Arquitectura: _2_3_3_3_3_1_
Semilla: 1788092692
Segundos: 186
NIteraciones: 100000

Costo_train: 0.249886
Precision_train: 0.510000
Recall_train: 1.000000
F1_train: 0.675497

Costo_test: 0.250977
Precision_test: 0.460000
Recall_test: 1.000000
F1_test: 0.630137
 

Arquitectura: _2_3_3_3_3_1_
Semilla: 1788092692
Segundos: 186
NIteraciones: 100000

Costo_train: 0.249894
Precision_train: 0.510000
Recall_train: 1.000000
F1_train: 0.675497

Costo_test: 0.250859
Precision_test: 0.460000
Recall_test: 1.000000
F1_test: 0.630137
 

Arquitectura: _2_3_3_3_3_1_
Semilla: 1788092692
Segundos: 186
NIteraciones: 100000

Costo_train: 0.249894
Precision_train: 0.510000
Recall_train: 1.000000
F1_train: 0.675497

Costo_test: 0.250898
Precision_test: 0.460000
Recall_test: 1.000000
F1_test: 0.630137
 

Arquitectura: _2_3_3_3_3_1_
Semilla: 1788092692
Segundos: 186
NIteraciones: 100000

Costo_train: 0.249901
Precision_train: 0.510000
Recall_train: 1.000000
F1_train: 0.675497

Costo_test: 0.250889
Precision_test: 0.460000
Recall_test: 1.000000
F1_test: 0.630137
 

Arquitectura: _2_3_3_3_3_1_
Semilla: 1788092692
Segundos: 186
NIteraciones: 100000

Costo_train: 0.249903
Precision_train: 0.510000
Recall_train: 1.000000
F1_train: 0.675497

Costo_test: 0.250874
Precision_test: 0.460000
Recall_test: 1.000000
F1_test: 0.630137
 

Arquitectura: _2_3_3_3_3_1_
Semilla: 1788092692
Segundos: 186
NIteraciones: 100000

Costo_train: 0.249899
Precision_train: 0.510000
Recall_train: 1.000000
F1_train: 0.675497

Costo_test: 0.250938
Precision_test: 0.460000
Recall_test: 1.000000
F1_test: 0.630137
 

Arquitectura: _2_3_3_3_3_1_
Semilla: 1788092692
Segundos: 186
NIteraciones: 100000

Costo_train: 0.249899
Precision_train: 0.510000
Recall_train: 1.000000
F1_train: 0.675497

Costo_test: 0.250889
Precision_test: 0.460000
Recall_test: 1.000000
F1_test: 0.630137
 

Arquitectura: _2_3_3_3_3_1_
Semilla: 1788092692
Segundos: 186
NIteraciones: 100000

Costo_train: 0.249900
Precision_train: 0.510000
Recall_train: 1.000000
F1_train: 0.675497

Costo_test: 0.250893
Precision_test: 0.460000
Recall_test: 1.000000
F1_test: 0.630137
 


--- Test Angosta 5.0 ---
Iteración 10000
Costo: 0.248330
Iteración 20000
Costo: 0.247077
Iteración 30000
Costo: 0.246450
Iteración 40000
Costo: 0.246136
Iteración 50000
Costo: 0.245925
Iteración 60000
Costo: 0.245767
Iteración 70000
Costo: 0.245634
Iteración 80000
Costo: 0.245509
Iteración 90000
Costo: 0.245393

Arquitectura: _2_15_1_
Semilla: 1788092878
Segundos: 57
NIteraciones: 100000

Costo_train: 0.245283
Precision_train: 0.561250
Recall_train: 0.550245
F1_train: 0.555693

Costo_test: 0.260703
Precision_test: 0.463054
Recall_test: 0.510870
F1_test: 0.485788
 

Arquitectura: _2_15_1_
Semilla: 1788092878
Segundos: 57
NIteraciones: 100000

Costo_train: 0.244494
Precision_train: 0.550000
Recall_train: 0.579657
F1_train: 0.564439

Costo_test: 0.260326
Precision_test: 0.439252
Recall_test: 0.510870
F1_test: 0.472362
 

Arquitectura: _2_15_1_
Semilla: 1788092878
Segundos: 57
NIteraciones: 100000

Costo_train: 0.245260
Precision_train: 0.553679
Recall_train: 0.562500
F1_train: 0.558055

Costo_test: 0.259458
Precision_test: 0.464115
Recall_test: 0.527174
F1_test: 0.493639
 

Arquitectura: _2_15_1_
Semilla: 1788092878
Segundos: 57
NIteraciones: 100000

Costo_train: 0.244996
Precision_train: 0.554087
Recall_train: 0.564951
F1_train: 0.559466

Costo_test: 0.259665
Precision_test: 0.454976
Recall_test: 0.521739
F1_test: 0.486076
 

Arquitectura: _2_15_1_
Semilla: 1788092878
Segundos: 57
NIteraciones: 100000

Costo_train: 0.245093
Precision_train: 0.560102
Recall_train: 0.536765
F1_train: 0.548185

Costo_test: 0.260285
Precision_test: 0.463415
Recall_test: 0.516304
F1_test: 0.488432
 

Arquitectura: _2_15_1_
Semilla: 1788092878
Segundos: 57
NIteraciones: 100000

Costo_train: 0.244372
Precision_train: 0.559203
Recall_train: 0.584559
F1_train: 0.571600

Costo_test: 0.260053
Precision_test: 0.425926
Recall_test: 0.500000
F1_test: 0.460000
 

Arquitectura: _2_15_1_
Semilla: 1788092878
Segundos: 57
NIteraciones: 100000

Costo_train: 0.244994
Precision_train: 0.560819
Recall_train: 0.536765
F1_train: 0.548528

Costo_test: 0.260462
Precision_test: 0.457286
Recall_test: 0.494565
F1_test: 0.475196
 

Arquitectura: _2_15_1_
Semilla: 1788092878
Segundos: 57
NIteraciones: 100000

Costo_train: 0.245281
Precision_train: 0.551515
Recall_train: 0.557598
F1_train: 0.554540

Costo_test: 0.259985
Precision_test: 0.459716
Recall_test: 0.527174
F1_test: 0.491139
 

Arquitectura: _2_15_1_
Semilla: 1788092878
Segundos: 57
NIteraciones: 100000

Costo_train: 0.244532
Precision_train: 0.560680
Recall_train: 0.566176
F1_train: 0.563415

Costo_test: 0.259475
Precision_test: 0.438095
Recall_test: 0.500000
F1_test: 0.467005
 

Arquitectura: _2_15_1_
Semilla: 1788092878
Segundos: 57
NIteraciones: 100000

Costo_train: 0.245099
Precision_train: 0.554374
Recall_train: 0.574755
F1_train: 0.564380

Costo_test: 0.259924
Precision_test: 0.455399
Recall_test: 0.527174
F1_test: 0.488665
 

Arquitectura: _2_15_1_
Semilla: 1788092878
Segundos: 57
NIteraciones: 100000

Costo_train: 0.244944
Precision_train: 0.555556
Recall_train: 0.588235
F1_train: 0.571429

Costo_test: 0.260205
Precision_test: 0.455752
Recall_test: 0.559783
F1_test: 0.502439
 

Arquitectura: _2_15_1_
Semilla: 1788092878
Segundos: 57
NIteraciones: 100000

Costo_train: 0.245223
Precision_train: 0.556777
Recall_train: 0.558824
F1_train: 0.557798

Costo_test: 0.259849
Precision_test: 0.459330
Recall_test: 0.521739
F1_test: 0.488550
 

Arquitectura: _2_15_1_
Semilla: 1788092878
Segundos: 57
NIteraciones: 100000

Costo_train: 0.245133
Precision_train: 0.552009
Recall_train: 0.572304
F1_train: 0.561974

Costo_test: 0.260062
Precision_test: 0.458333
Recall_test: 0.538043
F1_test: 0.495000
 

Arquitectura: _2_15_1_
Semilla: 1788092878
Segundos: 57
NIteraciones: 100000

Costo_train: 0.245129
Precision_train: 0.548652
Recall_train: 0.573529
F1_train: 0.560815

Costo_test: 0.259603
Precision_test: 0.453271
Recall_test: 0.527174
F1_test: 0.487437
 

Arquitectura: _2_15_1_
Semilla: 1788092878
Segundos: 57
NIteraciones: 100000

Costo_train: 0.244761
Precision_train: 0.563482
Recall_train: 0.571078
F1_train: 0.567255

Costo_test: 0.260442
Precision_test: 0.459716
Recall_test: 0.527174
F1_test: 0.491139
 

Arquitectura: _2_15_1_
Semilla: 1788092878
Segundos: 57
NIteraciones: 100000

Costo_train: 0.245165
Precision_train: 0.555164
Recall_train: 0.579657
F1_train: 0.567146

Costo_test: 0.259501
Precision_test: 0.460465
Recall_test: 0.538043
F1_test: 0.496241
 

Arquitectura: _2_15_1_
Semilla: 1788092878
Segundos: 57
NIteraciones: 100000

Costo_train: 0.244335
Precision_train: 0.558603
Recall_train: 0.549020
F1_train: 0.553770

Costo_test: 0.259360
Precision_test: 0.433498
Recall_test: 0.478261
F1_test: 0.454780
 

Arquitectura: _2_15_1_
Semilla: 1788092878
Segundos: 57
NIteraciones: 100000

Costo_train: 0.244505
Precision_train: 0.550459
Recall_train: 0.588235
F1_train: 0.568720

Costo_test: 0.260548
Precision_test: 0.444954
Recall_test: 0.527174
F1_test: 0.482587
 

Arquitectura: _2_15_1_
Semilla: 1788092878
Segundos: 57
NIteraciones: 100000

Costo_train: 0.244592
Precision_train: 0.564706
Recall_train: 0.529412
F1_train: 0.546490

Costo_test: 0.259943
Precision_test: 0.455000
Recall_test: 0.494565
F1_test: 0.473958
 

Arquitectura: _2_15_1_
Semilla: 1788092878
Segundos: 57
NIteraciones: 100000

Costo_train: 0.244819
Precision_train: 0.556962
Recall_train: 0.539216
F1_train: 0.547945

Costo_test: 0.260265
Precision_test: 0.473934
Recall_test: 0.543478
F1_test: 0.506329
 

Arquitectura: _2_15_1_
Semilla: 1788092878
Segundos: 57
NIteraciones: 100000

Costo_train: 0.245304
Precision_train: 0.545254
Recall_train: 0.605392
F1_train: 0.573752

Costo_test: 0.260196
Precision_test: 0.463830
Recall_test: 0.592391
F1_test: 0.520286
 

Arquitectura: _2_15_1_
Semilla: 1788092878
Segundos: 57
NIteraciones: 100000

Costo_train: 0.244430
Precision_train: 0.551564
Recall_train: 0.583333
F1_train: 0.567004

Costo_test: 0.259922
Precision_test: 0.436937
Recall_test: 0.527174
F1_test: 0.477833
 

Arquitectura: _2_15_1_
Semilla: 1788092878
Segundos: 57
NIteraciones: 100000

Costo_train: 0.245125
Precision_train: 0.554580
Recall_train: 0.541667
F1_train: 0.548047

Costo_test: 0.259651
Precision_test: 0.456311
Recall_test: 0.510870
F1_test: 0.482051
 

Arquitectura: _2_15_1_
Semilla: 1788092878
Segundos: 57
NIteraciones: 100000

Costo_train: 0.245159
Precision_train: 0.556675
Recall_train: 0.541667
F1_train: 0.549068

Costo_test: 0.260179
Precision_test: 0.463768
Recall_test: 0.521739
F1_test: 0.491049
 

Arquitectura: _2_15_1_
Semilla: 1788092878
Segundos: 57
NIteraciones: 100000

Costo_train: 0.245021
Precision_train: 0.558252
Recall_train: 0.563725
F1_train: 0.560976

Costo_test: 0.259982
Precision_test: 0.451456
Recall_test: 0.505435
F1_test: 0.476923
 

Arquitectura: _2_15_1_
Semilla: 1788092878
Segundos: 57
NIteraciones: 100000

Costo_train: 0.244271
Precision_train: 0.553846
Recall_train: 0.573529
F1_train: 0.563516

Costo_test: 0.260055
Precision_test: 0.439252
Recall_test: 0.510870
F1_test: 0.472362
 

Arquitectura: _2_15_1_
Semilla: 1788092878
Segundos: 57
NIteraciones: 100000

Costo_train: 0.244545
Precision_train: 0.567423
Recall_train: 0.520833
F1_train: 0.543131

Costo_test: 0.260149
Precision_test: 0.455959
Recall_test: 0.478261
F1_test: 0.466844
 

Arquitectura: _2_15_1_
Semilla: 1788092878
Segundos: 57
NIteraciones: 100000

Costo_train: 0.244316
Precision_train: 0.553466
Recall_train: 0.577206
F1_train: 0.565087

Costo_test: 0.259867
Precision_test: 0.446512
Recall_test: 0.521739
F1_test: 0.481203
 

Arquitectura: _2_15_1_
Semilla: 1788092878
Segundos: 57
NIteraciones: 100000

Costo_train: 0.244380
Precision_train: 0.551163
Recall_train: 0.580882
F1_train: 0.565632

Costo_test: 0.259907
Precision_test: 0.439815
Recall_test: 0.516304
F1_test: 0.475000
 

Arquitectura: _2_15_1_
Semilla: 1788092878
Segundos: 57
NIteraciones: 100000

Costo_train: 0.245679
Precision_train: 0.559711
Recall_train: 0.568627
F1_train: 0.564134

Costo_test: 0.259754
Precision_test: 0.462617
Recall_test: 0.538043
F1_test: 0.497487
 

Arquitectura: _2_15_1_
Semilla: 1788092878
Segundos: 57
NIteraciones: 100000

Costo_train: 0.244208
Precision_train: 0.553974
Recall_train: 0.572304
F1_train: 0.562990

Costo_test: 0.260294
Precision_test: 0.446512
Recall_test: 0.521739
F1_test: 0.481203
 

Arquitectura: _2_15_1_
Semilla: 1788092878
Segundos: 57
NIteraciones: 100000

Costo_train: 0.244645
Precision_train: 0.572200
Recall_train: 0.519608
F1_train: 0.544637

Costo_test: 0.260023
Precision_test: 0.469388
Recall_test: 0.500000
F1_test: 0.484211
 

Arquitectura: _2_15_1_
Semilla: 1788092878
Segundos: 57
NIteraciones: 100000

Costo_train: 0.244064
Precision_train: 0.552538
Recall_train: 0.573529
F1_train: 0.562838

Costo_test: 0.260207
Precision_test: 0.450704
Recall_test: 0.521739
F1_test: 0.483627
 

Arquitectura: _2_15_1_
Semilla: 1788092878
Segundos: 57
NIteraciones: 100000

Costo_train: 0.244300
Precision_train: 0.561160
Recall_train: 0.545343
F1_train: 0.553139

Costo_test: 0.259753
Precision_test: 0.446078
Recall_test: 0.494565
F1_test: 0.469072
 

Arquitectura: _2_15_1_
Semilla: 1788092878
Segundos: 57
NIteraciones: 100000

Costo_train: 0.245089
Precision_train: 0.553114
Recall_train: 0.555147
F1_train: 0.554128

Costo_test: 0.259625
Precision_test: 0.451923
Recall_test: 0.510870
F1_test: 0.479592
 

Arquitectura: _2_15_1_
Semilla: 1788092878
Segundos: 57
NIteraciones: 100000

Costo_train: 0.245069
Precision_train: 0.555419
Recall_train: 0.552696
F1_train: 0.554054

Costo_test: 0.259798
Precision_test: 0.459716
Recall_test: 0.527174
F1_test: 0.491139
 

Arquitectura: _2_15_1_
Semilla: 1788092878
Segundos: 57
NIteraciones: 100000

Costo_train: 0.244432
Precision_train: 0.555814
Recall_train: 0.585784
F1_train: 0.570406

Costo_test: 0.259441
Precision_test: 0.432558
Recall_test: 0.505435
F1_test: 0.466165
 

Arquitectura: _2_15_1_
Semilla: 1788092878
Segundos: 57
NIteraciones: 100000

Costo_train: 0.245240
Precision_train: 0.554736
Recall_train: 0.552696
F1_train: 0.553714

Costo_test: 0.259613
Precision_test: 0.461905
Recall_test: 0.527174
F1_test: 0.492386
 

Arquitectura: _2_15_1_
Semilla: 1788092878
Segundos: 57
NIteraciones: 100000

Costo_train: 0.245230
Precision_train: 0.545952
Recall_train: 0.611520
F1_train: 0.576879

Costo_test: 0.260024
Precision_test: 0.467249
Recall_test: 0.581522
F1_test: 0.518160
 

Arquitectura: _2_15_1_
Semilla: 1788092878
Segundos: 57
NIteraciones: 100000

Costo_train: 0.244842
Precision_train: 0.555283
Recall_train: 0.553922
F1_train: 0.554601

Costo_test: 0.260979
Precision_test: 0.460094
Recall_test: 0.532609
F1_test: 0.493703
 

Arquitectura: _2_15_1_
Semilla: 1788092878
Segundos: 57
NIteraciones: 100000

Costo_train: 0.245053
Precision_train: 0.559113
Recall_train: 0.556373
F1_train: 0.557740

Costo_test: 0.259924
Precision_test: 0.464455
Recall_test: 0.532609
F1_test: 0.496203
 

Arquitectura: _2_15_1_
Semilla: 1788092878
Segundos: 57
NIteraciones: 100000

Costo_train: 0.245623
Precision_train: 0.544018
Recall_train: 0.590686
F1_train: 0.566392

Costo_test: 0.259158
Precision_test: 0.449782
Recall_test: 0.559783
F1_test: 0.498789
 

Arquitectura: _2_15_1_
Semilla: 1788092878
Segundos: 57
NIteraciones: 100000

Costo_train: 0.245100
Precision_train: 0.552901
Recall_train: 0.595588
F1_train: 0.573451

Costo_test: 0.260956
Precision_test: 0.466960
Recall_test: 0.576087
F1_test: 0.515815
 

Arquitectura: _2_15_1_
Semilla: 1788092878
Segundos: 57
NIteraciones: 100000

Costo_train: 0.245317
Precision_train: 0.545554
Recall_train: 0.609069
F1_train: 0.575565

Costo_test: 0.259851
Precision_test: 0.468085
Recall_test: 0.597826
F1_test: 0.525060
 

Arquitectura: _2_15_1_
Semilla: 1788092878
Segundos: 57
NIteraciones: 100000

Costo_train: 0.245015
Precision_train: 0.555961
Recall_train: 0.560049
F1_train: 0.557998

Costo_test: 0.259909
Precision_test: 0.452381
Recall_test: 0.516304
F1_test: 0.482234
 

Arquitectura: _2_15_1_
Semilla: 1788092878
Segundos: 57
NIteraciones: 100000

Costo_train: 0.245984
Precision_train: 0.553341
Recall_train: 0.578431
F1_train: 0.565608

Costo_test: 0.256572
Precision_test: 0.452830
Recall_test: 0.521739
F1_test: 0.484848
 

Arquitectura: _2_15_1_
Semilla: 1788092878
Segundos: 57
NIteraciones: 100000

Costo_train: 0.244464
Precision_train: 0.550741
Recall_train: 0.591912
F1_train: 0.570585

Costo_test: 0.260632
Precision_test: 0.433790
Recall_test: 0.516304
F1_test: 0.471464
 

Arquitectura: _2_15_1_
Semilla: 1788092878
Segundos: 57
NIteraciones: 100000

Costo_train: 0.245212
Precision_train: 0.548931
Recall_train: 0.598039
F1_train: 0.572434

Costo_test: 0.260166
Precision_test: 0.464602
Recall_test: 0.570652
F1_test: 0.512195
 

Arquitectura: _2_15_1_
Semilla: 1788092878
Segundos: 57
NIteraciones: 100000

Costo_train: 0.244948
Precision_train: 0.560947
Recall_train: 0.580882
F1_train: 0.570741

Costo_test: 0.260091
Precision_test: 0.454128
Recall_test: 0.538043
F1_test: 0.492537
 

Arquitectura: _2_15_1_
Semilla: 1788092878
Segundos: 57
NIteraciones: 100000

Costo_train: 0.245216
Precision_train: 0.551046
Recall_train: 0.549020
F1_train: 0.550031

Costo_test: 0.259370
Precision_test: 0.468599
Recall_test: 0.527174
F1_test: 0.496164
 

Arquitectura: _2_15_1_
Semilla: 1788092878
Segundos: 57
NIteraciones: 100000

Costo_train: 0.245235
Precision_train: 0.555422
Recall_train: 0.564951
F1_train: 0.560146

Costo_test: 0.259838
Precision_test: 0.461905
Recall_test: 0.527174
F1_test: 0.492386
 

Arquitectura: _2_15_1_
Semilla: 1788092878
Segundos: 57
NIteraciones: 100000

Costo_train: 0.245074
Precision_train: 0.550000
Recall_train: 0.552696
F1_train: 0.551345

Costo_test: 0.261058
Precision_test: 0.462264
Recall_test: 0.532609
F1_test: 0.494949
 

Arquitectura: _2_15_1_
Semilla: 1788092878
Segundos: 57
NIteraciones: 100000

Costo_train: 0.245025
Precision_train: 0.554054
Recall_train: 0.552696
F1_train: 0.553374

Costo_test: 0.259758
Precision_test: 0.448780
Recall_test: 0.500000
F1_test: 0.473008
 

Arquitectura: _2_15_1_
Semilla: 1788092878
Segundos: 57
NIteraciones: 100000

Costo_train: 0.245005
Precision_train: 0.563636
Recall_train: 0.531863
F1_train: 0.547289

Costo_test: 0.260298
Precision_test: 0.460000
Recall_test: 0.500000
F1_test: 0.479167
 

Arquitectura: _2_15_1_
Semilla: 1788092878
Segundos: 57
NIteraciones: 100000

Costo_train: 0.244329
Precision_train: 0.556355
Recall_train: 0.568627
F1_train: 0.562424

Costo_test: 0.259926
Precision_test: 0.447115
Recall_test: 0.505435
F1_test: 0.474490
 

Arquitectura: _2_15_1_
Semilla: 1788092878
Segundos: 57
NIteraciones: 100000

Costo_train: 0.245292
Precision_train: 0.549280
Recall_train: 0.607843
F1_train: 0.577080

Costo_test: 0.260050
Precision_test: 0.467532
Recall_test: 0.586957
F1_test: 0.520482
 

Arquitectura: _2_15_1_
Semilla: 1788092878
Segundos: 57
NIteraciones: 100000

Costo_train: 0.245024
Precision_train: 0.555957
Recall_train: 0.566176
F1_train: 0.561020

Costo_test: 0.259896
Precision_test: 0.452381
Recall_test: 0.516304
F1_test: 0.482234
 

Arquitectura: _2_15_1_
Semilla: 1788092878
Segundos: 57
NIteraciones: 100000

Costo_train: 0.244558
Precision_train: 0.558140
Recall_train: 0.558824
F1_train: 0.558481

Costo_test: 0.258963
Precision_test: 0.442308
Recall_test: 0.500000
F1_test: 0.469388
 

Arquitectura: _2_15_1_
Semilla: 1788092878
Segundos: 57
NIteraciones: 100000

Costo_train: 0.245103
Precision_train: 0.553679
Recall_train: 0.562500
F1_train: 0.558055

Costo_test: 0.259577
Precision_test: 0.454545
Recall_test: 0.516304
F1_test: 0.483461
 

Arquitectura: _2_15_1_
Semilla: 1788092878
Segundos: 57
NIteraciones: 100000

Costo_train: 0.245324
Precision_train: 0.555957
Recall_train: 0.566176
F1_train: 0.561020

Costo_test: 0.259047
Precision_test: 0.457547
Recall_test: 0.527174
F1_test: 0.489899
 

Arquitectura: _2_15_1_
Semilla: 1788092878
Segundos: 57
NIteraciones: 100000

Costo_train: 0.245335
Precision_train: 0.544053
Recall_train: 0.605392
F1_train: 0.573086

Costo_test: 0.259699
Precision_test: 0.457265
Recall_test: 0.581522
F1_test: 0.511962
 

Arquitectura: _2_15_1_
Semilla: 1788092878
Segundos: 57
NIteraciones: 100000

Costo_train: 0.245111
Precision_train: 0.558442
Recall_train: 0.579657
F1_train: 0.568851

Costo_test: 0.259742
Precision_test: 0.444444
Recall_test: 0.521739
F1_test: 0.480000
 

Arquitectura: _2_15_1_
Semilla: 1788092878
Segundos: 57
NIteraciones: 100000

Costo_train: 0.245299
Precision_train: 0.542354
Recall_train: 0.604167
F1_train: 0.571594

Costo_test: 0.259835
Precision_test: 0.460526
Recall_test: 0.570652
F1_test: 0.509709
 

Arquitectura: _2_15_1_
Semilla: 1788092878
Segundos: 57
NIteraciones: 100000

Costo_train: 0.245051
Precision_train: 0.559855
Recall_train: 0.567402
F1_train: 0.563603

Costo_test: 0.259961
Precision_test: 0.454976
Recall_test: 0.521739
F1_test: 0.486076
 

Arquitectura: _2_15_1_
Semilla: 1788092878
Segundos: 57
NIteraciones: 100000

Costo_train: 0.244952
Precision_train: 0.554187
Recall_train: 0.551471
F1_train: 0.552826

Costo_test: 0.260313
Precision_test: 0.470874
Recall_test: 0.527174
F1_test: 0.497436
 

Arquitectura: _2_15_1_
Semilla: 1788092878
Segundos: 57
NIteraciones: 100000

Costo_train: 0.245061
Precision_train: 0.554622
Recall_train: 0.566176
F1_train: 0.560340

Costo_test: 0.259970
Precision_test: 0.455399
Recall_test: 0.527174
F1_test: 0.488665
 

Arquitectura: _2_15_1_
Semilla: 1788092878
Segundos: 57
NIteraciones: 100000

Costo_train: 0.245132
Precision_train: 0.555006
Recall_train: 0.550245
F1_train: 0.552615

Costo_test: 0.260221
Precision_test: 0.459716
Recall_test: 0.527174
F1_test: 0.491139
 

Arquitectura: _2_15_1_
Semilla: 1788092878
Segundos: 57
NIteraciones: 100000

Costo_train: 0.245176
Precision_train: 0.545554
Recall_train: 0.609069
F1_train: 0.575565

Costo_test: 0.260189
Precision_test: 0.469298
Recall_test: 0.581522
F1_test: 0.519417
 

Arquitectura: _2_15_1_
Semilla: 1788092878
Segundos: 57
NIteraciones: 100000

Costo_train: 0.244617
Precision_train: 0.555687
Recall_train: 0.574755
F1_train: 0.565060

Costo_test: 0.260111
Precision_test: 0.431280
Recall_test: 0.494565
F1_test: 0.460759
 

Arquitectura: _2_15_1_
Semilla: 1788092878
Segundos: 57
NIteraciones: 100000

Costo_train: 0.244980
Precision_train: 0.561212
Recall_train: 0.567402
F1_train: 0.564290

Costo_test: 0.260016
Precision_test: 0.446602
Recall_test: 0.500000
F1_test: 0.471795
 

Arquitectura: _2_15_1_
Semilla: 1788092878
Segundos: 57
NIteraciones: 100000

Costo_train: 0.245026
Precision_train: 0.558018
Recall_train: 0.524510
F1_train: 0.540745

Costo_test: 0.260482
Precision_test: 0.455882
Recall_test: 0.505435
F1_test: 0.479381
 

Arquitectura: _2_15_1_
Semilla: 1788092878
Segundos: 57
NIteraciones: 100000

Costo_train: 0.245129
Precision_train: 0.554770
Recall_train: 0.577206
F1_train: 0.565766

Costo_test: 0.259614
Precision_test: 0.462963
Recall_test: 0.543478
F1_test: 0.500000
 

Arquitectura: _2_15_1_
Semilla: 1788092878
Segundos: 57
NIteraciones: 100000

Costo_train: 0.245099
Precision_train: 0.561097
Recall_train: 0.551471
F1_train: 0.556242

Costo_test: 0.259838
Precision_test: 0.453659
Recall_test: 0.505435
F1_test: 0.478149
 

Arquitectura: _2_15_1_
Semilla: 1788092878
Segundos: 57
NIteraciones: 100000

Costo_train: 0.245215
Precision_train: 0.553719
Recall_train: 0.574755
F1_train: 0.564041

Costo_test: 0.259470
Precision_test: 0.462617
Recall_test: 0.538043
F1_test: 0.497487
 

Arquitectura: _2_15_1_
Semilla: 1788092878
Segundos: 57
NIteraciones: 100000

Costo_train: 0.245203
Precision_train: 0.553318
Recall_train: 0.572304
F1_train: 0.562651

Costo_test: 0.259403
Precision_test: 0.454976
Recall_test: 0.521739
F1_test: 0.486076
 

Arquitectura: _2_15_1_
Semilla: 1788092878
Segundos: 57
NIteraciones: 100000

Costo_train: 0.245104
Precision_train: 0.556638
Recall_train: 0.560049
F1_train: 0.558338

Costo_test: 0.259735
Precision_test: 0.461538
Recall_test: 0.521739
F1_test: 0.489796
 

Arquitectura: _2_15_1_
Semilla: 1788092878
Segundos: 57
NIteraciones: 100000

Costo_train: 0.245005
Precision_train: 0.555825
Recall_train: 0.561275
F1_train: 0.558537

Costo_test: 0.260212
Precision_test: 0.474419
Recall_test: 0.554348
F1_test: 0.511278
 

Arquitectura: _2_15_1_
Semilla: 1788092878
Segundos: 57
NIteraciones: 100000

Costo_train: 0.245057
Precision_train: 0.557576
Recall_train: 0.563725
F1_train: 0.560634

Costo_test: 0.259915
Precision_test: 0.477064
Recall_test: 0.565217
F1_test: 0.517413
 

Arquitectura: _2_15_1_
Semilla: 1788092878
Segundos: 57
NIteraciones: 100000

Costo_train: 0.245011
Precision_train: 0.557337
Recall_train: 0.553922
F1_train: 0.555624

Costo_test: 0.260109
Precision_test: 0.453659
Recall_test: 0.505435
F1_test: 0.478149
 

Arquitectura: _2_15_1_
Semilla: 1788092878
Segundos: 57
NIteraciones: 100000

Costo_train: 0.245324
Precision_train: 0.550282
Recall_train: 0.596814
F1_train: 0.572604

Costo_test: 0.260254
Precision_test: 0.462555
Recall_test: 0.570652
F1_test: 0.510949
 

Arquitectura: _2_15_1_
Semilla: 1788092878
Segundos: 57
NIteraciones: 100000

Costo_train: 0.245609
Precision_train: 0.550459
Recall_train: 0.588235
F1_train: 0.568720

Costo_test: 0.260673
Precision_test: 0.473913
Recall_test: 0.592391
F1_test: 0.526570
 

Arquitectura: _2_15_1_
Semilla: 1788092878
Segundos: 57
NIteraciones: 100000

Costo_train: 0.244817
Precision_train: 0.567532
Recall_train: 0.535539
F1_train: 0.551072

Costo_test: 0.259563
Precision_test: 0.454106
Recall_test: 0.510870
F1_test: 0.480818
 

Arquitectura: _2_15_1_
Semilla: 1788092878
Segundos: 57
NIteraciones: 100000

Costo_train: 0.245049
Precision_train: 0.556373
Recall_train: 0.556373
F1_train: 0.556373

Costo_test: 0.259712
Precision_test: 0.461165
Recall_test: 0.516304
F1_test: 0.487179
 

Arquitectura: _2_15_1_
Semilla: 1788092878
Segundos: 57
NIteraciones: 100000

Costo_train: 0.244858
Precision_train: 0.555294
Recall_train: 0.578431
F1_train: 0.566627

Costo_test: 0.259673
Precision_test: 0.447489
Recall_test: 0.532609
F1_test: 0.486352
 

Arquitectura: _2_15_1_
Semilla: 1788092878
Segundos: 57
NIteraciones: 100000

Costo_train: 0.245236
Precision_train: 0.550511
Recall_train: 0.594363
F1_train: 0.571597

Costo_test: 0.259911
Precision_test: 0.461883
Recall_test: 0.559783
F1_test: 0.506142
 

Arquitectura: _2_15_1_
Semilla: 1788092878
Segundos: 57
NIteraciones: 100000

Costo_train: 0.245506
Precision_train: 0.550656
Recall_train: 0.566176
F1_train: 0.558308

Costo_test: 0.258877
Precision_test: 0.464789
Recall_test: 0.538043
F1_test: 0.498741
 

Arquitectura: _2_15_1_
Semilla: 1788092878
Segundos: 57
NIteraciones: 100000

Costo_train: 0.245211
Precision_train: 0.555684
Recall_train: 0.587010
F1_train: 0.570918

Costo_test: 0.259664
Precision_test: 0.459091
Recall_test: 0.548913
F1_test: 0.500000
 

Arquitectura: _2_15_1_
Semilla: 1788092878
Segundos: 57
NIteraciones: 100000

Costo_train: 0.245066
Precision_train: 0.556638
Recall_train: 0.560049
F1_train: 0.558338

Costo_test: 0.259825
Precision_test: 0.457143
Recall_test: 0.521739
F1_test: 0.487310
 

Arquitectura: _2_15_1_
Semilla: 1788092878
Segundos: 57
NIteraciones: 100000

Costo_train: 0.245237
Precision_train: 0.557023
Recall_train: 0.568627
F1_train: 0.562765

Costo_test: 0.259242
Precision_test: 0.459716
Recall_test: 0.527174
F1_test: 0.491139
 

Arquitectura: _2_15_1_
Semilla: 1788092878
Segundos: 57
NIteraciones: 100000

Costo_train: 0.244917
Precision_train: 0.549361
Recall_train: 0.579657
F1_train: 0.564103

Costo_test: 0.259531
Precision_test: 0.442922
Recall_test: 0.527174
F1_test: 0.481390
 

Arquitectura: _2_15_1_
Semilla: 1788092878
Segundos: 57
NIteraciones: 100000

Costo_train: 0.244695
Precision_train: 0.555294
Recall_train: 0.578431
F1_train: 0.566627

Costo_test: 0.259855
Precision_test: 0.439462
Recall_test: 0.532609
F1_test: 0.481573
 

Arquitectura: _2_15_1_
Semilla: 1788092878
Segundos: 57
NIteraciones: 100000

Costo_train: 0.245026
Precision_train: 0.557039
Recall_train: 0.562500
F1_train: 0.559756

Costo_test: 0.259917
Precision_test: 0.449275
Recall_test: 0.505435
F1_test: 0.475703
 

Arquitectura: _2_15_1_
Semilla: 1788092878
Segundos: 57
NIteraciones: 100000

Costo_train: 0.244197
Precision_train: 0.564369
Recall_train: 0.531863
F1_train: 0.547634

Costo_test: 0.259842
Precision_test: 0.435000
Recall_test: 0.472826
F1_test: 0.453125
 

Arquitectura: _2_15_1_
Semilla: 1788092878
Segundos: 57
NIteraciones: 100000

Costo_train: 0.245104
Precision_train: 0.556086
Recall_train: 0.571078
F1_train: 0.563482

Costo_test: 0.259628
Precision_test: 0.457143
Recall_test: 0.521739
F1_test: 0.487310
 

Arquitectura: _2_15_1_
Semilla: 1788092878
Segundos: 57
NIteraciones: 100000

Costo_train: 0.245297
Precision_train: 0.548352
Recall_train: 0.611520
F1_train: 0.578216

Costo_test: 0.259787
Precision_test: 0.467532
Recall_test: 0.586957
F1_test: 0.520482
 

Arquitectura: _2_15_1_
Semilla: 1788092878
Segundos: 57
NIteraciones: 100000

Costo_train: 0.244312
Precision_train: 0.551963
Recall_train: 0.585784
F1_train: 0.568371

Costo_test: 0.260312
Precision_test: 0.439252
Recall_test: 0.510870
F1_test: 0.472362
 

Arquitectura: _2_15_1_
Semilla: 1788092878
Segundos: 57
NIteraciones: 100000

Costo_train: 0.247406
Precision_train: 0.532787
Recall_train: 0.637255
F1_train: 0.580357

Costo_test: 0.256318
Precision_test: 0.473029
Recall_test: 0.619565
F1_test: 0.536471
 

Arquitectura: _2_15_1_
Semilla: 1788092878
Segundos: 57
NIteraciones: 100000

Costo_train: 0.244975
Precision_train: 0.559036
Recall_train: 0.568627
F1_train: 0.563791

Costo_test: 0.260137
Precision_test: 0.451456
Recall_test: 0.505435
F1_test: 0.476923
 

Arquitectura: _2_15_1_
Semilla: 1788092878
Segundos: 57
NIteraciones: 100000

Costo_train: 0.244528
Precision_train: 0.555286
Recall_train: 0.560049
F1_train: 0.557657

Costo_test: 0.259427
Precision_test: 0.436019
Recall_test: 0.500000
F1_test: 0.465823
 

Arquitectura: _2_15_1_
Semilla: 1788092878
Segundos: 57
NIteraciones: 100000

Costo_train: 0.244742
Precision_train: 0.557554
Recall_train: 0.569853
F1_train: 0.563636

Costo_test: 0.259072
Precision_test: 0.435780
Recall_test: 0.516304
F1_test: 0.472637
 


--- Test Profunda 5.0 ---
Iteración 10000
Costo: 0.249899
Iteración 20000
Costo: 0.249899
Iteración 30000
Costo: 0.249899
Iteración 40000
Costo: 0.249899
Iteración 50000
Costo: 0.249899
Iteración 60000
Costo: 0.249899
Iteración 70000
Costo: 0.249899
Iteración 80000
Costo: 0.249899
Iteración 90000
Costo: 0.249899

Arquitectura: _2_3_3_3_3_3_1_
Semilla: 1788092935
Segundos: 232
NIteraciones: 100000

Costo_train: 0.249899
Precision_train: 0.510000
Recall_train: 1.000000
F1_train: 0.675497

Costo_test: 0.250899
Precision_test: 0.460000
Recall_test: 1.000000
F1_test: 0.630137
 

Arquitectura: _2_3_3_3_3_3_1_
Semilla: 1788092935
Segundos: 232
NIteraciones: 100000

Costo_train: 0.249898
Precision_train: 0.510000
Recall_train: 1.000000
F1_train: 0.675497

Costo_test: 0.250909
Precision_test: 0.460000
Recall_test: 1.000000
F1_test: 0.630137
 

Arquitectura: _2_3_3_3_3_3_1_
Semilla: 1788092935
Segundos: 232
NIteraciones: 100000

Costo_train: 0.249900
Precision_train: 0.510000
Recall_train: 1.000000
F1_train: 0.675497

Costo_test: 0.250899
Precision_test: 0.460000
Recall_test: 1.000000
F1_test: 0.630137
 

Arquitectura: _2_3_3_3_3_3_1_
Semilla: 1788092935
Segundos: 232
NIteraciones: 100000

Costo_train: 0.249900
Precision_train: 0.510000
Recall_train: 1.000000
F1_train: 0.675497

Costo_test: 0.250930
Precision_test: 0.460000
Recall_test: 1.000000
F1_test: 0.630137
 

Arquitectura: _2_3_3_3_3_3_1_
Semilla: 1788092935
Segundos: 232
NIteraciones: 100000

Costo_train: 0.249901
Precision_train: 0.510000
Recall_train: 1.000000
F1_train: 0.675497

Costo_test: 0.250906
Precision_test: 0.460000
Recall_test: 1.000000
F1_test: 0.630137
 

Arquitectura: _2_3_3_3_3_3_1_
Semilla: 1788092935
Segundos: 232
NIteraciones: 100000

Costo_train: 0.249900
Precision_train: 0.510000
Recall_train: 1.000000
F1_train: 0.675497

Costo_test: 0.250860
Precision_test: 0.460000
Recall_test: 1.000000
F1_test: 0.630137
 

Arquitectura: _2_3_3_3_3_3_1_
Semilla: 1788092935
Segundos: 232
NIteraciones: 100000

Costo_train: 0.249900
Precision_train: 0.510000
Recall_train: 1.000000
F1_train: 0.675497

Costo_test: 0.250903
Precision_test: 0.460000
Recall_test: 1.000000
F1_test: 0.630137
 

Arquitectura: _2_3_3_3_3_3_1_
Semilla: 1788092935
Segundos: 232
NIteraciones: 100000

Costo_train: 0.249901
Precision_train: 0.510000
Recall_train: 1.000000
F1_train: 0.675497

Costo_test: 0.250886
Precision_test: 0.460000
Recall_test: 1.000000
F1_test: 0.630137
 

Arquitectura: _2_3_3_3_3_3_1_
Semilla: 1788092935
Segundos: 232
NIteraciones: 100000

Costo_train: 0.249900
Precision_train: 0.510000
Recall_train: 1.000000
F1_train: 0.675497

Costo_test: 0.250882
Precision_test: 0.460000
Recall_test: 1.000000
F1_test: 0.630137
 

Arquitectura: _2_3_3_3_3_3_1_
Semilla: 1788092935
Segundos: 232
NIteraciones: 100000

Costo_train: 0.249892
Precision_train: 0.510000
Recall_train: 1.000000
F1_train: 0.675497

Costo_test: 0.250954
Precision_test: 0.460000
Recall_test: 1.000000
F1_test: 0.630137
 

Arquitectura: _2_3_3_3_3_3_1_
Semilla: 1788092935
Segundos: 232
NIteraciones: 100000

Costo_train: 0.249900
Precision_train: 0.510000
Recall_train: 1.000000
F1_train: 0.675497

Costo_test: 0.250895
Precision_test: 0.460000
Recall_test: 1.000000
F1_test: 0.630137
 

Arquitectura: _2_3_3_3_3_3_1_
Semilla: 1788092935
Segundos: 232
NIteraciones: 100000

Costo_train: 0.249898
Precision_train: 0.510000
Recall_train: 1.000000
F1_train: 0.675497

Costo_test: 0.250912
Precision_test: 0.460000
Recall_test: 1.000000
F1_test: 0.630137
 

Arquitectura: _2_3_3_3_3_3_1_
Semilla: 1788092935
Segundos: 232
NIteraciones: 100000

Costo_train: 0.249898
Precision_train: 0.510000
Recall_train: 1.000000
F1_train: 0.675497

Costo_test: 0.250913
Precision_test: 0.460000
Recall_test: 1.000000
F1_test: 0.630137
 

Arquitectura: _2_3_3_3_3_3_1_
Semilla: 1788092935
Segundos: 232
NIteraciones: 100000

Costo_train: 0.249902
Precision_train: 0.510000
Recall_train: 1.000000
F1_train: 0.675497

Costo_test: 0.250924
Precision_test: 0.460000
Recall_test: 1.000000
F1_test: 0.630137
 

Arquitectura: _2_3_3_3_3_3_1_
Semilla: 1788092935
Segundos: 232
NIteraciones: 100000

Costo_train: 0.249902
Precision_train: 0.510000
Recall_train: 1.000000
F1_train: 0.675497

Costo_test: 0.250902
Precision_test: 0.460000
Recall_test: 1.000000
F1_test: 0.630137
 

Arquitectura: _2_3_3_3_3_3_1_
Semilla: 1788092935
Segundos: 232
NIteraciones: 100000

Costo_train: 0.249901
Precision_train: 0.510000
Recall_train: 1.000000
F1_train: 0.675497

Costo_test: 0.250900
Precision_test: 0.460000
Recall_test: 1.000000
F1_test: 0.630137
 

Arquitectura: _2_3_3_3_3_3_1_
Semilla: 1788092935
Segundos: 232
NIteraciones: 100000

Costo_train: 0.249898
Precision_train: 0.510000
Recall_train: 1.000000
F1_train: 0.675497

Costo_test: 0.250929
Precision_test: 0.460000
Recall_test: 1.000000
F1_test: 0.630137
 

Arquitectura: _2_3_3_3_3_3_1_
Semilla: 1788092935
Segundos: 232
NIteraciones: 100000

Costo_train: 0.249900
Precision_train: 0.510000
Recall_train: 1.000000
F1_train: 0.675497

Costo_test: 0.250872
Precision_test: 0.460000
Recall_test: 1.000000
F1_test: 0.630137
 

Arquitectura: _2_3_3_3_3_3_1_
Semilla: 1788092935
Segundos: 232
NIteraciones: 100000

Costo_train: 0.249899
Precision_train: 0.510000
Recall_train: 1.000000
F1_train: 0.675497

Costo_test: 0.250903
Precision_test: 0.460000
Recall_test: 1.000000
F1_test: 0.630137
 

Arquitectura: _2_3_3_3_3_3_1_
Semilla: 1788092935
Segundos: 232
NIteraciones: 100000

Costo_train: 0.249901
Precision_train: 0.510000
Recall_train: 1.000000
F1_train: 0.675497

Costo_test: 0.250911
Precision_test: 0.460000
Recall_test: 1.000000
F1_test: 0.630137
 

Arquitectura: _2_3_3_3_3_3_1_
Semilla: 1788092935
Segundos: 232
NIteraciones: 100000

Costo_train: 0.249900
Precision_train: 0.510000
Recall_train: 1.000000
F1_train: 0.675497

Costo_test: 0.250904
Precision_test: 0.460000
Recall_test: 1.000000
F1_test: 0.630137
 

Arquitectura: _2_3_3_3_3_3_1_
Semilla: 1788092935
Segundos: 232
NIteraciones: 100000

Costo_train: 0.249902
Precision_train: 0.510000
Recall_train: 1.000000
F1_train: 0.675497

Costo_test: 0.250908
Precision_test: 0.460000
Recall_test: 1.000000
F1_test: 0.630137
 

Arquitectura: _2_3_3_3_3_3_1_
Semilla: 1788092935
Segundos: 232
NIteraciones: 100000

Costo_train: 0.249899
Precision_train: 0.510000
Recall_train: 1.000000
F1_train: 0.675497

Costo_test: 0.250905
Precision_test: 0.460000
Recall_test: 1.000000
F1_test: 0.630137
 

Arquitectura: _2_3_3_3_3_3_1_
Semilla: 1788092935
Segundos: 232
NIteraciones: 100000

Costo_train: 0.249900
Precision_train: 0.510000
Recall_train: 1.000000
F1_train: 0.675497

Costo_test: 0.250906
Precision_test: 0.460000
Recall_test: 1.000000
F1_test: 0.630137
 

Arquitectura: _2_3_3_3_3_3_1_
Semilla: 1788092935
Segundos: 232
NIteraciones: 100000

Costo_train: 0.249900
Precision_train: 0.510000
Recall_train: 1.000000
F1_train: 0.675497

Costo_test: 0.250894
Precision_test: 0.460000
Recall_test: 1.000000
F1_test: 0.630137
 

Arquitectura: _2_3_3_3_3_3_1_
Semilla: 1788092935
Segundos: 232
NIteraciones: 100000

Costo_train: 0.249898
Precision_train: 0.510000
Recall_train: 1.000000
F1_train: 0.675497

Costo_test: 0.250902
Precision_test: 0.460000
Recall_test: 1.000000
F1_test: 0.630137
 

Arquitectura: _2_3_3_3_3_3_1_
Semilla: 1788092935
Segundos: 232
NIteraciones: 100000

Costo_train: 0.249899
Precision_train: 0.510000
Recall_train: 1.000000
F1_train: 0.675497

Costo_test: 0.250867
Precision_test: 0.460000
Recall_test: 1.000000
F1_test: 0.630137
 

Arquitectura: _2_3_3_3_3_3_1_
Semilla: 1788092935
Segundos: 232
NIteraciones: 100000

Costo_train: 0.249899
Precision_train: 0.510000
Recall_train: 1.000000
F1_train: 0.675497

Costo_test: 0.250913
Precision_test: 0.460000
Recall_test: 1.000000
F1_test: 0.630137
 

Arquitectura: _2_3_3_3_3_3_1_
Semilla: 1788092935
Segundos: 232
NIteraciones: 100000

Costo_train: 0.249901
Precision_train: 0.510000
Recall_train: 1.000000
F1_train: 0.675497

Costo_test: 0.250896
Precision_test: 0.460000
Recall_test: 1.000000
F1_test: 0.630137
 

Arquitectura: _2_3_3_3_3_3_1_
Semilla: 1788092935
Segundos: 232
NIteraciones: 100000

Costo_train: 0.249896
Precision_train: 0.510000
Recall_train: 1.000000
F1_train: 0.675497

Costo_test: 0.251020
Precision_test: 0.460000
Recall_test: 1.000000
F1_test: 0.630137
 

Arquitectura: _2_3_3_3_3_3_1_
Semilla: 1788092935
Segundos: 232
NIteraciones: 100000

Costo_train: 0.249901
Precision_train: 0.510000
Recall_train: 1.000000
F1_train: 0.675497

Costo_test: 0.250878
Precision_test: 0.460000
Recall_test: 1.000000
F1_test: 0.630137
 

Arquitectura: _2_3_3_3_3_3_1_
Semilla: 1788092935
Segundos: 232
NIteraciones: 100000

Costo_train: 0.249898
Precision_train: 0.510000
Recall_train: 1.000000
F1_train: 0.675497

Costo_test: 0.250908
Precision_test: 0.460000
Recall_test: 1.000000
F1_test: 0.630137
 

Arquitectura: _2_3_3_3_3_3_1_
Semilla: 1788092935
Segundos: 232
NIteraciones: 100000

Costo_train: 0.249899
Precision_train: 0.510000
Recall_train: 1.000000
F1_train: 0.675497

Costo_test: 0.250904
Precision_test: 0.460000
Recall_test: 1.000000
F1_test: 0.630137
 

Arquitectura: _2_3_3_3_3_3_1_
Semilla: 1788092935
Segundos: 232
NIteraciones: 100000

Costo_train: 0.249904
Precision_train: 0.510000
Recall_train: 1.000000
F1_train: 0.675497

Costo_test: 0.250866
Precision_test: 0.460000
Recall_test: 1.000000
F1_test: 0.630137
 

Arquitectura: _2_3_3_3_3_3_1_
Semilla: 1788092935
Segundos: 232
NIteraciones: 100000

Costo_train: 0.249897
Precision_train: 0.510000
Recall_train: 1.000000
F1_train: 0.675497

Costo_test: 0.250927
Precision_test: 0.460000
Recall_test: 1.000000
F1_test: 0.630137
 

Arquitectura: _2_3_3_3_3_3_1_
Semilla: 1788092935
Segundos: 232
NIteraciones: 100000

Costo_train: 0.249900
Precision_train: 0.510000
Recall_train: 1.000000
F1_train: 0.675497

Costo_test: 0.250900
Precision_test: 0.460000
Recall_test: 1.000000
F1_test: 0.630137
 

Arquitectura: _2_3_3_3_3_3_1_
Semilla: 1788092935
Segundos: 232
NIteraciones: 100000

Costo_train: 0.249899
Precision_train: 0.510000
Recall_train: 1.000000
F1_train: 0.675497

Costo_test: 0.250904
Precision_test: 0.460000
Recall_test: 1.000000
F1_test: 0.630137
 

Arquitectura: _2_3_3_3_3_3_1_
Semilla: 1788092935
Segundos: 232
NIteraciones: 100000

Costo_train: 0.249899
Precision_train: 0.510000
Recall_train: 1.000000
F1_train: 0.675497

Costo_test: 0.250904
Precision_test: 0.460000
Recall_test: 1.000000
F1_test: 0.630137
 

Arquitectura: _2_3_3_3_3_3_1_
Semilla: 1788092935
Segundos: 232
NIteraciones: 100000

Costo_train: 0.249900
Precision_train: 0.510000
Recall_train: 1.000000
F1_train: 0.675497

Costo_test: 0.250899
Precision_test: 0.460000
Recall_test: 1.000000
F1_test: 0.630137
 

Arquitectura: _2_3_3_3_3_3_1_
Semilla: 1788092935
Segundos: 232
NIteraciones: 100000

Costo_train: 0.249900
Precision_train: 0.510000
Recall_train: 1.000000
F1_train: 0.675497

Costo_test: 0.250876
Precision_test: 0.460000
Recall_test: 1.000000
F1_test: 0.630137
 

Arquitectura: _2_3_3_3_3_3_1_
Semilla: 1788092935
Segundos: 232
NIteraciones: 100000

Costo_train: 0.249901
Precision_train: 0.510000
Recall_train: 1.000000
F1_train: 0.675497

Costo_test: 0.250886
Precision_test: 0.460000
Recall_test: 1.000000
F1_test: 0.630137
 

Arquitectura: _2_3_3_3_3_3_1_
Semilla: 1788092935
Segundos: 232
NIteraciones: 100000

Costo_train: 0.249899
Precision_train: 0.510000
Recall_train: 1.000000
F1_train: 0.675497

Costo_test: 0.250911
Precision_test: 0.460000
Recall_test: 1.000000
F1_test: 0.630137
 

Arquitectura: _2_3_3_3_3_3_1_
Semilla: 1788092935
Segundos: 232
NIteraciones: 100000

Costo_train: 0.249902
Precision_train: 0.510000
Recall_train: 1.000000
F1_train: 0.675497

Costo_test: 0.250900
Precision_test: 0.460000
Recall_test: 1.000000
F1_test: 0.630137
 

Arquitectura: _2_3_3_3_3_3_1_
Semilla: 1788092935
Segundos: 232
NIteraciones: 100000

Costo_train: 0.249901
Precision_train: 0.510000
Recall_train: 1.000000
F1_train: 0.675497

Costo_test: 0.250898
Precision_test: 0.460000
Recall_test: 1.000000
F1_test: 0.630137
 

Arquitectura: _2_3_3_3_3_3_1_
Semilla: 1788092935
Segundos: 232
NIteraciones: 100000

Costo_train: 0.249901
Precision_train: 0.510000
Recall_train: 1.000000
F1_train: 0.675497

Costo_test: 0.250891
Precision_test: 0.460000
Recall_test: 1.000000
F1_test: 0.630137
 

Arquitectura: _2_3_3_3_3_3_1_
Semilla: 1788092935
Segundos: 232
NIteraciones: 100000

Costo_train: 0.249899
Precision_train: 0.510000
Recall_train: 1.000000
F1_train: 0.675497

Costo_test: 0.250913
Precision_test: 0.460000
Recall_test: 1.000000
F1_test: 0.630137
 

Arquitectura: _2_3_3_3_3_3_1_
Semilla: 1788092935
Segundos: 232
NIteraciones: 100000

Costo_train: 0.249900
Precision_train: 0.510000
Recall_train: 1.000000
F1_train: 0.675497

Costo_test: 0.250893
Precision_test: 0.460000
Recall_test: 1.000000
F1_test: 0.630137
 

Arquitectura: _2_3_3_3_3_3_1_
Semilla: 1788092935
Segundos: 232
NIteraciones: 100000

Costo_train: 0.249899
Precision_train: 0.510000
Recall_train: 1.000000
F1_train: 0.675497

Costo_test: 0.250918
Precision_test: 0.460000
Recall_test: 1.000000
F1_test: 0.630137
 

Arquitectura: _2_3_3_3_3_3_1_
Semilla: 1788092935
Segundos: 232
NIteraciones: 100000

Costo_train: 0.249900
Precision_train: 0.510000
Recall_train: 1.000000
F1_train: 0.675497

Costo_test: 0.250917
Precision_test: 0.460000
Recall_test: 1.000000
F1_test: 0.630137
 

Arquitectura: _2_3_3_3_3_3_1_
Semilla: 1788092935
Segundos: 232
NIteraciones: 100000

Costo_train: 0.249901
Precision_train: 0.510000
Recall_train: 1.000000
F1_train: 0.675497

Costo_test: 0.250892
Precision_test: 0.460000
Recall_test: 1.000000
F1_test: 0.630137
 

Arquitectura: _2_3_3_3_3_3_1_
Semilla: 1788092935
Segundos: 232
NIteraciones: 100000

Costo_train: 0.249901
Precision_train: 0.510000
Recall_train: 1.000000
F1_train: 0.675497

Costo_test: 0.250893
Precision_test: 0.460000
Recall_test: 1.000000
F1_test: 0.630137
 

Arquitectura: _2_3_3_3_3_3_1_
Semilla: 1788092935
Segundos: 232
NIteraciones: 100000

Costo_train: 0.249900
Precision_train: 0.510000
Recall_train: 1.000000
F1_train: 0.675497

Costo_test: 0.250900
Precision_test: 0.460000
Recall_test: 1.000000
F1_test: 0.630137
 

Arquitectura: _2_3_3_3_3_3_1_
Semilla: 1788092935
Segundos: 232
NIteraciones: 100000

Costo_train: 0.249901
Precision_train: 0.510000
Recall_train: 1.000000
F1_train: 0.675497

Costo_test: 0.250866
Precision_test: 0.460000
Recall_test: 1.000000
F1_test: 0.630137
 

Arquitectura: _2_3_3_3_3_3_1_
Semilla: 1788092935
Segundos: 232
NIteraciones: 100000

Costo_train: 0.249899
Precision_train: 0.510000
Recall_train: 1.000000
F1_train: 0.675497

Costo_test: 0.250911
Precision_test: 0.460000
Recall_test: 1.000000
F1_test: 0.630137
 

Arquitectura: _2_3_3_3_3_3_1_
Semilla: 1788092935
Segundos: 232
NIteraciones: 100000

Costo_train: 0.249900
Precision_train: 0.510000
Recall_train: 1.000000
F1_train: 0.675497

Costo_test: 0.250894
Precision_test: 0.460000
Recall_test: 1.000000
F1_test: 0.630137
 

Arquitectura: _2_3_3_3_3_3_1_
Semilla: 1788092935
Segundos: 232
NIteraciones: 100000

Costo_train: 0.249897
Precision_train: 0.510000
Recall_train: 1.000000
F1_train: 0.675497

Costo_test: 0.250916
Precision_test: 0.460000
Recall_test: 1.000000
F1_test: 0.630137
 

Arquitectura: _2_3_3_3_3_3_1_
Semilla: 1788092935
Segundos: 232
NIteraciones: 100000

Costo_train: 0.249900
Precision_train: 0.510000
Recall_train: 1.000000
F1_train: 0.675497

Costo_test: 0.250902
Precision_test: 0.460000
Recall_test: 1.000000
F1_test: 0.630137
 

Arquitectura: _2_3_3_3_3_3_1_
Semilla: 1788092935
Segundos: 232
NIteraciones: 100000

Costo_train: 0.249898
Precision_train: 0.510000
Recall_train: 1.000000
F1_train: 0.675497

Costo_test: 0.250897
Precision_test: 0.460000
Recall_test: 1.000000
F1_test: 0.630137
 

Arquitectura: _2_3_3_3_3_3_1_
Semilla: 1788092935
Segundos: 232
NIteraciones: 100000

Costo_train: 0.249901
Precision_train: 0.510000
Recall_train: 1.000000
F1_train: 0.675497

Costo_test: 0.250902
Precision_test: 0.460000
Recall_test: 1.000000
F1_test: 0.630137
 

Arquitectura: _2_3_3_3_3_3_1_
Semilla: 1788092935
Segundos: 232
NIteraciones: 100000

Costo_train: 0.249900
Precision_train: 0.510000
Recall_train: 1.000000
F1_train: 0.675497

Costo_test: 0.250879
Precision_test: 0.460000
Recall_test: 1.000000
F1_test: 0.630137
 

Arquitectura: _2_3_3_3_3_3_1_
Semilla: 1788092935
Segundos: 232
NIteraciones: 100000

Costo_train: 0.249901
Precision_train: 0.510000
Recall_train: 1.000000
F1_train: 0.675497

Costo_test: 0.250886
Precision_test: 0.460000
Recall_test: 1.000000
F1_test: 0.630137
 

Arquitectura: _2_3_3_3_3_3_1_
Semilla: 1788092935
Segundos: 232
NIteraciones: 100000

Costo_train: 0.249896
Precision_train: 0.510000
Recall_train: 1.000000
F1_train: 0.675497

Costo_test: 0.250919
Precision_test: 0.460000
Recall_test: 1.000000
F1_test: 0.630137
 

Arquitectura: _2_3_3_3_3_3_1_
Semilla: 1788092935
Segundos: 232
NIteraciones: 100000

Costo_train: 0.249894
Precision_train: 0.510000
Recall_train: 1.000000
F1_train: 0.675497

Costo_test: 0.250923
Precision_test: 0.460000
Recall_test: 1.000000
F1_test: 0.630137
 

Arquitectura: _2_3_3_3_3_3_1_
Semilla: 1788092935
Segundos: 232
NIteraciones: 100000

Costo_train: 0.249900
Precision_train: 0.510000
Recall_train: 1.000000
F1_train: 0.675497

Costo_test: 0.250902
Precision_test: 0.460000
Recall_test: 1.000000
F1_test: 0.630137
 

Arquitectura: _2_3_3_3_3_3_1_
Semilla: 1788092935
Segundos: 232
NIteraciones: 100000

Costo_train: 0.249903
Precision_train: 0.510000
Recall_train: 1.000000
F1_train: 0.675497

Costo_test: 0.250861
Precision_test: 0.460000
Recall_test: 1.000000
F1_test: 0.630137
 

Arquitectura: _2_3_3_3_3_3_1_
Semilla: 1788092935
Segundos: 232
NIteraciones: 100000

Costo_train: 0.249902
Precision_train: 0.510000
Recall_train: 1.000000
F1_train: 0.675497

Costo_test: 0.250894
Precision_test: 0.460000
Recall_test: 1.000000
F1_test: 0.630137
 

Arquitectura: _2_3_3_3_3_3_1_
Semilla: 1788092935
Segundos: 232
NIteraciones: 100000

Costo_train: 0.249901
Precision_train: 0.510000
Recall_train: 1.000000
F1_train: 0.675497

Costo_test: 0.250910
Precision_test: 0.460000
Recall_test: 1.000000
F1_test: 0.630137
 

Arquitectura: _2_3_3_3_3_3_1_
Semilla: 1788092935
Segundos: 232
NIteraciones: 100000

Costo_train: 0.249900
Precision_train: 0.510000
Recall_train: 1.000000
F1_train: 0.675497

Costo_test: 0.250898
Precision_test: 0.460000
Recall_test: 1.000000
F1_test: 0.630137
 

Arquitectura: _2_3_3_3_3_3_1_
Semilla: 1788092935
Segundos: 232
NIteraciones: 100000

Costo_train: 0.249899
Precision_train: 0.510000
Recall_train: 1.000000
F1_train: 0.675497

Costo_test: 0.250900
Precision_test: 0.460000
Recall_test: 1.000000
F1_test: 0.630137
 

Arquitectura: _2_3_3_3_3_3_1_
Semilla: 1788092935
Segundos: 232
NIteraciones: 100000

Costo_train: 0.249899
Precision_train: 0.510000
Recall_train: 1.000000
F1_train: 0.675497

Costo_test: 0.250902
Precision_test: 0.460000
Recall_test: 1.000000
F1_test: 0.630137
 

Arquitectura: _2_3_3_3_3_3_1_
Semilla: 1788092935
Segundos: 232
NIteraciones: 100000

Costo_train: 0.249904
Precision_train: 0.510000
Recall_train: 1.000000
F1_train: 0.675497

Costo_test: 0.250880
Precision_test: 0.460000
Recall_test: 1.000000
F1_test: 0.630137
 

Arquitectura: _2_3_3_3_3_3_1_
Semilla: 1788092935
Segundos: 232
NIteraciones: 100000

Costo_train: 0.249900
Precision_train: 0.510000
Recall_train: 1.000000
F1_train: 0.675497

Costo_test: 0.250901
Precision_test: 0.460000
Recall_test: 1.000000
F1_test: 0.630137
 

Arquitectura: _2_3_3_3_3_3_1_
Semilla: 1788092935
Segundos: 232
NIteraciones: 100000

Costo_train: 0.249902
Precision_train: 0.510000
Recall_train: 1.000000
F1_train: 0.675497

Costo_test: 0.250895
Precision_test: 0.460000
Recall_test: 1.000000
F1_test: 0.630137
 

Arquitectura: _2_3_3_3_3_3_1_
Semilla: 1788092935
Segundos: 232
NIteraciones: 100000

Costo_train: 0.249902
Precision_train: 0.510000
Recall_train: 1.000000
F1_train: 0.675497

Costo_test: 0.250880
Precision_test: 0.460000
Recall_test: 1.000000
F1_test: 0.630137
 

Arquitectura: _2_3_3_3_3_3_1_
Semilla: 1788092935
Segundos: 232
NIteraciones: 100000

Costo_train: 0.249900
Precision_train: 0.510000
Recall_train: 1.000000
F1_train: 0.675497

Costo_test: 0.250899
Precision_test: 0.460000
Recall_test: 1.000000
F1_test: 0.630137
 

Arquitectura: _2_3_3_3_3_3_1_
Semilla: 1788092935
Segundos: 232
NIteraciones: 100000

Costo_train: 0.249900
Precision_train: 0.510000
Recall_train: 1.000000
F1_train: 0.675497

Costo_test: 0.250904
Precision_test: 0.460000
Recall_test: 1.000000
F1_test: 0.630137
 

Arquitectura: _2_3_3_3_3_3_1_
Semilla: 1788092935
Segundos: 232
NIteraciones: 100000

Costo_train: 0.249899
Precision_train: 0.510000
Recall_train: 1.000000
F1_train: 0.675497

Costo_test: 0.250917
Precision_test: 0.460000
Recall_test: 1.000000
F1_test: 0.630137
 

Arquitectura: _2_3_3_3_3_3_1_
Semilla: 1788092935
Segundos: 232
NIteraciones: 100000

Costo_train: 0.249900
Precision_train: 0.510000
Recall_train: 1.000000
F1_train: 0.675497

Costo_test: 0.250892
Precision_test: 0.460000
Recall_test: 1.000000
F1_test: 0.630137
 

Arquitectura: _2_3_3_3_3_3_1_
Semilla: 1788092935
Segundos: 232
NIteraciones: 100000

Costo_train: 0.249903
Precision_train: 0.510000
Recall_train: 1.000000
F1_train: 0.675497

Costo_test: 0.250897
Precision_test: 0.460000
Recall_test: 1.000000
F1_test: 0.630137
 

Arquitectura: _2_3_3_3_3_3_1_
Semilla: 1788092935
Segundos: 232
NIteraciones: 100000

Costo_train: 0.249903
Precision_train: 0.510000
Recall_train: 1.000000
F1_train: 0.675497

Costo_test: 0.250899
Precision_test: 0.460000
Recall_test: 1.000000
F1_test: 0.630137
 

Arquitectura: _2_3_3_3_3_3_1_
Semilla: 1788092935
Segundos: 232
NIteraciones: 100000

Costo_train: 0.249900
Precision_train: 0.510000
Recall_train: 1.000000
F1_train: 0.675497

Costo_test: 0.250901
Precision_test: 0.460000
Recall_test: 1.000000
F1_test: 0.630137
 

Arquitectura: _2_3_3_3_3_3_1_
Semilla: 1788092935
Segundos: 232
NIteraciones: 100000

Costo_train: 0.249897
Precision_train: 0.510000
Recall_train: 1.000000
F1_train: 0.675497

Costo_test: 0.250910
Precision_test: 0.460000
Recall_test: 1.000000
F1_test: 0.630137
 

Arquitectura: _2_3_3_3_3_3_1_
Semilla: 1788092935
Segundos: 232
NIteraciones: 100000

Costo_train: 0.249902
Precision_train: 0.510000
Recall_train: 1.000000
F1_train: 0.675497

Costo_test: 0.250900
Precision_test: 0.460000
Recall_test: 1.000000
F1_test: 0.630137
 

Arquitectura: _2_3_3_3_3_3_1_
Semilla: 1788092935
Segundos: 232
NIteraciones: 100000

Costo_train: 0.249897
Precision_train: 0.510000
Recall_train: 1.000000
F1_train: 0.675497

Costo_test: 0.250911
Precision_test: 0.460000
Recall_test: 1.000000
F1_test: 0.630137
 

Arquitectura: _2_3_3_3_3_3_1_
Semilla: 1788092935
Segundos: 232
NIteraciones: 100000

Costo_train: 0.249899
Precision_train: 0.510000
Recall_train: 1.000000
F1_train: 0.675497

Costo_test: 0.250896
Precision_test: 0.460000
Recall_test: 1.000000
F1_test: 0.630137
 

Arquitectura: _2_3_3_3_3_3_1_
Semilla: 1788092935
Segundos: 232
NIteraciones: 100000

Costo_train: 0.249894
Precision_train: 0.510000
Recall_train: 1.000000
F1_train: 0.675497

Costo_test: 0.250905
Precision_test: 0.460000
Recall_test: 1.000000
F1_test: 0.630137
 

Arquitectura: _2_3_3_3_3_3_1_
Semilla: 1788092935
Segundos: 232
NIteraciones: 100000

Costo_train: 0.249902
Precision_train: 0.510000
Recall_train: 1.000000
F1_train: 0.675497

Costo_test: 0.250898
Precision_test: 0.460000
Recall_test: 1.000000
F1_test: 0.630137
 

Arquitectura: _2_3_3_3_3_3_1_
Semilla: 1788092935
Segundos: 232
NIteraciones: 100000

Costo_train: 0.249900
Precision_train: 0.510000
Recall_train: 1.000000
F1_train: 0.675497

Costo_test: 0.250895
Precision_test: 0.460000
Recall_test: 1.000000
F1_test: 0.630137
 

Arquitectura: _2_3_3_3_3_3_1_
Semilla: 1788092935
Segundos: 232
NIteraciones: 100000

Costo_train: 0.249902
Precision_train: 0.510000
Recall_train: 1.000000
F1_train: 0.675497

Costo_test: 0.250905
Precision_test: 0.460000
Recall_test: 1.000000
F1_test: 0.630137
 

Arquitectura: _2_3_3_3_3_3_1_
Semilla: 1788092935
Segundos: 232
NIteraciones: 100000

Costo_train: 0.249897
Precision_train: 0.510000
Recall_train: 1.000000
F1_train: 0.675497

Costo_test: 0.250902
Precision_test: 0.460000
Recall_test: 1.000000
F1_test: 0.630137
 

Arquitectura: _2_3_3_3_3_3_1_
Semilla: 1788092935
Segundos: 232
NIteraciones: 100000

Costo_train: 0.249900
Precision_train: 0.510000
Recall_train: 1.000000
F1_train: 0.675497

Costo_test: 0.250902
Precision_test: 0.460000
Recall_test: 1.000000
F1_test: 0.630137
 

Arquitectura: _2_3_3_3_3_3_1_
Semilla: 1788092935
Segundos: 232
NIteraciones: 100000

Costo_train: 0.249898
Precision_train: 0.510000
Recall_train: 1.000000
F1_train: 0.675497

Costo_test: 0.250897
Precision_test: 0.460000
Recall_test: 1.000000
F1_test: 0.630137
 

Arquitectura: _2_3_3_3_3_3_1_
Semilla: 1788092935
Segundos: 232
NIteraciones: 100000

Costo_train: 0.249899
Precision_train: 0.510000
Recall_train: 1.000000
F1_train: 0.675497

Costo_test: 0.250891
Precision_test: 0.460000
Recall_test: 1.000000
F1_test: 0.630137
 

Arquitectura: _2_3_3_3_3_3_1_
Semilla: 1788092935
Segundos: 232
NIteraciones: 100000

Costo_train: 0.249894
Precision_train: 0.510000
Recall_train: 1.000000
F1_train: 0.675497

Costo_test: 0.250938
Precision_test: 0.460000
Recall_test: 1.000000
F1_test: 0.630137
 

Arquitectura: _2_3_3_3_3_3_1_
Semilla: 1788092935
Segundos: 232
NIteraciones: 100000

Costo_train: 0.249899
Precision_train: 0.510000
Recall_train: 1.000000
F1_train: 0.675497

Costo_test: 0.250906
Precision_test: 0.460000
Recall_test: 1.000000
F1_test: 0.630137
 

Arquitectura: _2_3_3_3_3_3_1_
Semilla: 1788092935
Segundos: 232
NIteraciones: 100000

Costo_train: 0.249901
Precision_train: 0.510000
Recall_train: 1.000000
F1_train: 0.675497

Costo_test: 0.250881
Precision_test: 0.460000
Recall_test: 1.000000
F1_test: 0.630137
 

Arquitectura: _2_3_3_3_3_3_1_
Semilla: 1788092935
Segundos: 232
NIteraciones: 100000

Costo_train: 0.249901
Precision_train: 0.510000
Recall_train: 1.000000
F1_train: 0.675497

Costo_test: 0.250901
Precision_test: 0.460000
Recall_test: 1.000000
F1_test: 0.630137
 

Arquitectura: _2_3_3_3_3_3_1_
Semilla: 1788092935
Segundos: 232
NIteraciones: 100000

Costo_train: 0.249899
Precision_train: 0.510000
Recall_train: 1.000000
F1_train: 0.675497

Costo_test: 0.250901
Precision_test: 0.460000
Recall_test: 1.000000
F1_test: 0.630137
 

Arquitectura: _2_3_3_3_3_3_1_
Semilla: 1788092935
Segundos: 232
NIteraciones: 100000

Costo_train: 0.249903
Precision_train: 0.510000
Recall_train: 1.000000
F1_train: 0.675497

Costo_test: 0.250883
Precision_test: 0.460000
Recall_test: 1.000000
F1_test: 0.630137
 

Arquitectura: _2_3_3_3_3_3_1_
Semilla: 1788092935
Segundos: 232
NIteraciones: 100000

Costo_train: 0.249902
Precision_train: 0.510000
Recall_train: 1.000000
F1_train: 0.675497

Costo_test: 0.250875
Precision_test: 0.460000
Recall_test: 1.000000
F1_test: 0.630137
 
