--- Configuración Actual ---
Paso: 0.200000
Gamma: 0.000000
Parada: 0.100000
Iteraciones: 100000
CapasDesde: 2
CapasHasta: 5
Repeticiones: 1
Intervalo: 10000
Batch: 100
MultiplicadorProfunda: 0.700000
Tarjeta: NVIDIA GeForce RTX 3090 Ti
----------------------------
Dimensiones Datos
trainx: 2x1600 
trainy: 1x1600 
test_x: 2x400 


--- Test Angosta 2.0 ---
Iteración 10000
Costo: 0.001288
Iteración 20000
Costo: 0.000994
Iteración 30000
Costo: 0.000868
Iteración 40000
Costo: 0.000792
Iteración 50000
Costo: 0.000740
Iteración 60000
Costo: 0.000701
Iteración 70000
Costo: 0.000672
Iteración 80000
Costo: 0.000647
Iteración 90000
Costo: 0.000627

Arquitectura: _2_6_1_
Semilla: 1788086263
Segundos: 49
NIteraciones: 100000

Costo_train: 0.000609
Precision_train: 1.000000
Recall_train: 0.998775
F1_train: 0.999387

Costo_test: 0.000086
Precision_test: 1.000000
Recall_test: 1.000000
F1_test: 1.000000
 

Arquitectura: _2_6_1_
Semilla: 1788086263
Segundos: 49
NIteraciones: 100000

Costo_train: 0.000609
Precision_train: 1.000000
Recall_train: 0.998775
F1_train: 0.999387

Costo_test: 0.000086
Precision_test: 1.000000
Recall_test: 1.000000
F1_test: 1.000000
 

Arquitectura: _2_6_1_
Semilla: 1788086263
Segundos: 49
NIteraciones: 100000

Costo_train: 0.000601
Precision_train: 1.000000
Recall_train: 0.998775
F1_train: 0.999387

Costo_test: 0.000087
Precision_test: 1.000000
Recall_test: 1.000000
F1_test: 1.000000
 

Arquitectura: _2_6_1_
Semilla: 1788086263
Segundos: 49
NIteraciones: 100000

Costo_train: 0.000600
Precision_train: 1.000000
Recall_train: 0.998775
F1_train: 0.999387

Costo_test: 0.000091
Precision_test: 1.000000
Recall_test: 1.000000
F1_test: 1.000000
 

Arquitectura: _2_6_1_
Semilla: 1788086263
Segundos: 49
NIteraciones: 100000

Costo_train: 0.000608
Precision_train: 1.000000
Recall_train: 0.998775
F1_train: 0.999387

Costo_test: 0.000088
Precision_test: 1.000000
Recall_test: 1.000000
F1_test: 1.000000
 

Arquitectura: _2_6_1_
Semilla: 1788086263
Segundos: 49
NIteraciones: 100000

Costo_train: 0.000598
Precision_train: 1.000000
Recall_train: 0.998775
F1_train: 0.999387

Costo_test: 0.000095
Precision_test: 1.000000
Recall_test: 1.000000
F1_test: 1.000000
 

Arquitectura: _2_6_1_
Semilla: 1788086263
Segundos: 49
NIteraciones: 100000

Costo_train: 0.000607
Precision_train: 1.000000
Recall_train: 0.998775
F1_train: 0.999387

Costo_test: 0.000088
Precision_test: 1.000000
Recall_test: 1.000000
F1_test: 1.000000
 

Arquitectura: _2_6_1_
Semilla: 1788086263
Segundos: 49
NIteraciones: 100000

Costo_train: 0.000606
Precision_train: 1.000000
Recall_train: 0.998775
F1_train: 0.999387

Costo_test: 0.000089
Precision_test: 1.000000
Recall_test: 1.000000
F1_test: 1.000000
 

Arquitectura: _2_6_1_
Semilla: 1788086263
Segundos: 49
NIteraciones: 100000

Costo_train: 0.000617
Precision_train: 1.000000
Recall_train: 0.998775
F1_train: 0.999387

Costo_test: 0.000086
Precision_test: 1.000000
Recall_test: 1.000000
F1_test: 1.000000
 

Arquitectura: _2_6_1_
Semilla: 1788086263
Segundos: 49
NIteraciones: 100000

Costo_train: 0.000619
Precision_train: 1.000000
Recall_train: 0.998775
F1_train: 0.999387

Costo_test: 0.000086
Precision_test: 1.000000
Recall_test: 1.000000
F1_test: 1.000000
 

Arquitectura: _2_6_1_
Semilla: 1788086263
Segundos: 49
NIteraciones: 100000

Costo_train: 0.000617
Precision_train: 1.000000
Recall_train: 0.998775
F1_train: 0.999387

Costo_test: 0.000084
Precision_test: 1.000000
Recall_test: 1.000000
F1_test: 1.000000
 

Arquitectura: _2_6_1_
Semilla: 1788086263
Segundos: 49
NIteraciones: 100000

Costo_train: 0.000615
Precision_train: 1.000000
Recall_train: 0.998775
F1_train: 0.999387

Costo_test: 0.000085
Precision_test: 1.000000
Recall_test: 1.000000
F1_test: 1.000000
 

Arquitectura: _2_6_1_
Semilla: 1788086263
Segundos: 49
NIteraciones: 100000

Costo_train: 0.000616
Precision_train: 1.000000
Recall_train: 0.998775
F1_train: 0.999387

Costo_test: 0.000092
Precision_test: 1.000000
Recall_test: 1.000000
F1_test: 1.000000
 

Arquitectura: _2_6_1_
Semilla: 1788086263
Segundos: 49
NIteraciones: 100000

Costo_train: 0.000613
Precision_train: 1.000000
Recall_train: 0.998775
F1_train: 0.999387

Costo_test: 0.000086
Precision_test: 1.000000
Recall_test: 1.000000
F1_test: 1.000000
 

Arquitectura: _2_6_1_
Semilla: 1788086263
Segundos: 49
NIteraciones: 100000

Costo_train: 0.000602
Precision_train: 1.000000
Recall_train: 0.998775
F1_train: 0.999387

Costo_test: 0.000095
Precision_test: 1.000000
Recall_test: 1.000000
F1_test: 1.000000
 

Arquitectura: _2_6_1_
Semilla: 1788086263
Segundos: 49
NIteraciones: 100000

Costo_train: 0.000599
Precision_train: 1.000000
Recall_train: 0.998775
F1_train: 0.999387

Costo_test: 0.000086
Precision_test: 1.000000
Recall_test: 1.000000
F1_test: 1.000000
 

Arquitectura: _2_6_1_
Semilla: 1788086263
Segundos: 49
NIteraciones: 100000

Costo_train: 0.000614
Precision_train: 1.000000
Recall_train: 0.998775
F1_train: 0.999387

Costo_test: 0.000085
Precision_test: 1.000000
Recall_test: 1.000000
F1_test: 1.000000
 

Arquitectura: _2_6_1_
Semilla: 1788086263
Segundos: 49
NIteraciones: 100000

Costo_train: 0.000607
Precision_train: 1.000000
Recall_train: 0.998775
F1_train: 0.999387

Costo_test: 0.000087
Precision_test: 1.000000
Recall_test: 1.000000
F1_test: 1.000000
 

Arquitectura: _2_6_1_
Semilla: 1788086263
Segundos: 49
NIteraciones: 100000

Costo_train: 0.000606
Precision_train: 1.000000
Recall_train: 0.998775
F1_train: 0.999387

Costo_test: 0.000087
Precision_test: 1.000000
Recall_test: 1.000000
F1_test: 1.000000
 

Arquitectura: _2_6_1_
Semilla: 1788086263
Segundos: 49
NIteraciones: 100000

Costo_train: 0.000607
Precision_train: 1.000000
Recall_train: 0.998775
F1_train: 0.999387

Costo_test: 0.000085
Precision_test: 1.000000
Recall_test: 1.000000
F1_test: 1.000000
 

Arquitectura: _2_6_1_
Semilla: 1788086263
Segundos: 49
NIteraciones: 100000

Costo_train: 0.000607
Precision_train: 1.000000
Recall_train: 0.998775
F1_train: 0.999387

Costo_test: 0.000090
Precision_test: 1.000000
Recall_test: 1.000000
F1_test: 1.000000
 

Arquitectura: _2_6_1_
Semilla: 1788086263
Segundos: 49
NIteraciones: 100000

Costo_train: 0.000620
Precision_train: 1.000000
Recall_train: 0.998775
F1_train: 0.999387

Costo_test: 0.000084
Precision_test: 1.000000
Recall_test: 1.000000
F1_test: 1.000000
 

Arquitectura: _2_6_1_
Semilla: 1788086263
Segundos: 49
NIteraciones: 100000

Costo_train: 0.000594
Precision_train: 1.000000
Recall_train: 0.998775
F1_train: 0.999387

Costo_test: 0.000096
Precision_test: 1.000000
Recall_test: 1.000000
F1_test: 1.000000
 

Arquitectura: _2_6_1_
Semilla: 1788086263
Segundos: 49
NIteraciones: 100000

Costo_train: 0.000619
Precision_train: 1.000000
Recall_train: 0.998775
F1_train: 0.999387

Costo_test: 0.000085
Precision_test: 1.000000
Recall_test: 1.000000
F1_test: 1.000000
 

Arquitectura: _2_6_1_
Semilla: 1788086263
Segundos: 49
NIteraciones: 100000

Costo_train: 0.000625
Precision_train: 1.000000
Recall_train: 0.998775
F1_train: 0.999387

Costo_test: 0.000089
Precision_test: 1.000000
Recall_test: 1.000000
F1_test: 1.000000
 

Arquitectura: _2_6_1_
Semilla: 1788086263
Segundos: 49
NIteraciones: 100000

Costo_train: 0.000615
Precision_train: 1.000000
Recall_train: 0.998775
F1_train: 0.999387

Costo_test: 0.000084
Precision_test: 1.000000
Recall_test: 1.000000
F1_test: 1.000000
 

Arquitectura: _2_6_1_
Semilla: 1788086263
Segundos: 49
NIteraciones: 100000

Costo_train: 0.000621
Precision_train: 1.000000
Recall_train: 0.998775
F1_train: 0.999387

Costo_test: 0.000084
Precision_test: 1.000000
Recall_test: 1.000000
F1_test: 1.000000
 

Arquitectura: _2_6_1_
Semilla: 1788086263
Segundos: 49
NIteraciones: 100000

Costo_train: 0.000606
Precision_train: 1.000000
Recall_train: 0.998775
F1_train: 0.999387

Costo_test: 0.000086
Precision_test: 1.000000
Recall_test: 1.000000
F1_test: 1.000000
 

Arquitectura: _2_6_1_
Semilla: 1788086263
Segundos: 49
NIteraciones: 100000

Costo_train: 0.000605
Precision_train: 1.000000
Recall_train: 0.998775
F1_train: 0.999387

Costo_test: 0.000088
Precision_test: 1.000000
Recall_test: 1.000000
F1_test: 1.000000
 

Arquitectura: _2_6_1_
Semilla: 1788086263
Segundos: 49
NIteraciones: 100000

Costo_train: 0.000621
Precision_train: 1.000000
Recall_train: 0.998775
F1_train: 0.999387

Costo_test: 0.000086
Precision_test: 1.000000
Recall_test: 1.000000
F1_test: 1.000000
 

Arquitectura: _2_6_1_
Semilla: 1788086263
Segundos: 49
NIteraciones: 100000

Costo_train: 0.000595
Precision_train: 1.000000
Recall_train: 0.998775
F1_train: 0.999387

Costo_test: 0.000090
Precision_test: 1.000000
Recall_test: 1.000000
F1_test: 1.000000
 

Arquitectura: _2_6_1_
Semilla: 1788086263
Segundos: 49
NIteraciones: 100000

Costo_train: 0.000599
Precision_train: 1.000000
Recall_train: 0.998775
F1_train: 0.999387

Costo_test: 0.000089
Precision_test: 1.000000
Recall_test: 1.000000
F1_test: 1.000000
 

Arquitectura: _2_6_1_
Semilla: 1788086263
Segundos: 49
NIteraciones: 100000

Costo_train: 0.000617
Precision_train: 1.000000
Recall_train: 0.998775
F1_train: 0.999387

Costo_test: 0.000090
Precision_test: 1.000000
Recall_test: 1.000000
F1_test: 1.000000
 

Arquitectura: _2_6_1_
Semilla: 1788086263
Segundos: 49
NIteraciones: 100000

Costo_train: 0.000609
Precision_train: 1.000000
Recall_train: 0.998775
F1_train: 0.999387

Costo_test: 0.000085
Precision_test: 1.000000
Recall_test: 1.000000
F1_test: 1.000000
 

Arquitectura: _2_6_1_
Semilla: 1788086263
Segundos: 49
NIteraciones: 100000

Costo_train: 0.000602
Precision_train: 1.000000
Recall_train: 0.998775
F1_train: 0.999387

Costo_test: 0.000087
Precision_test: 1.000000
Recall_test: 1.000000
F1_test: 1.000000
 

Arquitectura: _2_6_1_
Semilla: 1788086263
Segundos: 49
NIteraciones: 100000

Costo_train: 0.000611
Precision_train: 1.000000
Recall_train: 0.998775
F1_train: 0.999387

Costo_test: 0.000088
Precision_test: 1.000000
Recall_test: 1.000000
F1_test: 1.000000
 

Arquitectura: _2_6_1_
Semilla: 1788086263
Segundos: 49
NIteraciones: 100000

Costo_train: 0.000603
Precision_train: 1.000000
Recall_train: 0.998775
F1_train: 0.999387

Costo_test: 0.000090
Precision_test: 1.000000
Recall_test: 1.000000
F1_test: 1.000000
 

Arquitectura: _2_6_1_
Semilla: 1788086263
Segundos: 49
NIteraciones: 100000

Costo_train: 0.000600
Precision_train: 1.000000
Recall_train: 0.998775
F1_train: 0.999387

Costo_test: 0.000092
Precision_test: 1.000000
Recall_test: 1.000000
F1_test: 1.000000
 

Arquitectura: _2_6_1_
Semilla: 1788086263
Segundos: 49
NIteraciones: 100000

Costo_train: 0.000599
Precision_train: 1.000000
Recall_train: 0.998775
F1_train: 0.999387

Costo_test: 0.000089
Precision_test: 1.000000
Recall_test: 1.000000
F1_test: 1.000000
 

Arquitectura: _2_6_1_
Semilla: 1788086263
Segundos: 49
NIteraciones: 100000

Costo_train: 0.000614
Precision_train: 1.000000
Recall_train: 0.998775
F1_train: 0.999387

Costo_test: 0.000087
Precision_test: 1.000000
Recall_test: 1.000000
F1_test: 1.000000
 

Arquitectura: _2_6_1_
Semilla: 1788086263
Segundos: 49
NIteraciones: 100000

Costo_train: 0.000631
Precision_train: 1.000000
Recall_train: 0.998775
F1_train: 0.999387

Costo_test: 0.000087
Precision_test: 1.000000
Recall_test: 1.000000
F1_test: 1.000000
 

Arquitectura: _2_6_1_
Semilla: 1788086263
Segundos: 49
NIteraciones: 100000

Costo_train: 0.000604
Precision_train: 1.000000
Recall_train: 0.998775
F1_train: 0.999387

Costo_test: 0.000088
Precision_test: 1.000000
Recall_test: 1.000000
F1_test: 1.000000
 

Arquitectura: _2_6_1_
Semilla: 1788086263
Segundos: 49
NIteraciones: 100000

Costo_train: 0.000619
Precision_train: 1.000000
Recall_train: 0.998775
F1_train: 0.999387

Costo_test: 0.000081
Precision_test: 1.000000
Recall_test: 1.000000
F1_test: 1.000000
 

Arquitectura: _2_6_1_
Semilla: 1788086263
Segundos: 49
NIteraciones: 100000

Costo_train: 0.000606
Precision_train: 1.000000
Recall_train: 0.998775
F1_train: 0.999387

Costo_test: 0.000089
Precision_test: 1.000000
Recall_test: 1.000000
F1_test: 1.000000
 

Arquitectura: _2_6_1_
Semilla: 1788086263
Segundos: 49
NIteraciones: 100000

Costo_train: 0.000596
Precision_train: 1.000000
Recall_train: 0.998775
F1_train: 0.999387

Costo_test: 0.000089
Precision_test: 1.000000
Recall_test: 1.000000
F1_test: 1.000000
 

Arquitectura: _2_6_1_
Semilla: 1788086263
Segundos: 49
NIteraciones: 100000

Costo_train: 0.000618
Precision_train: 1.000000
Recall_train: 0.998775
F1_train: 0.999387

Costo_test: 0.000087
Precision_test: 1.000000
Recall_test: 1.000000
F1_test: 1.000000
 

Arquitectura: _2_6_1_
Semilla: 1788086263
Segundos: 49
NIteraciones: 100000

Costo_train: 0.000616
Precision_train: 1.000000
Recall_train: 0.998775
F1_train: 0.999387

Costo_test: 0.000085
Precision_test: 1.000000
Recall_test: 1.000000
F1_test: 1.000000
 

Arquitectura: _2_6_1_
Semilla: 1788086263
Segundos: 49
NIteraciones: 100000

Costo_train: 0.000613
Precision_train: 1.000000
Recall_train: 0.998775
F1_train: 0.999387

Costo_test: 0.000086
Precision_test: 1.000000
Recall_test: 1.000000
F1_test: 1.000000
 

Arquitectura: _2_6_1_
Semilla: 1788086263
Segundos: 49
NIteraciones: 100000

Costo_train: 0.000617
Precision_train: 1.000000
Recall_train: 0.998775
F1_train: 0.999387

Costo_test: 0.000085
Precision_test: 1.000000
Recall_test: 1.000000
F1_test: 1.000000
 

Arquitectura: _2_6_1_
Semilla: 1788086263
Segundos: 49
NIteraciones: 100000

Costo_train: 0.000607
Precision_train: 1.000000
Recall_train: 0.998775
F1_train: 0.999387

Costo_test: 0.000086
Precision_test: 1.000000
Recall_test: 1.000000
F1_test: 1.000000
 

Arquitectura: _2_6_1_
Semilla: 1788086263
Segundos: 49
NIteraciones: 100000

Costo_train: 0.000616
Precision_train: 1.000000
Recall_train: 0.998775
F1_train: 0.999387

Costo_test: 0.000088
Precision_test: 1.000000
Recall_test: 1.000000
F1_test: 1.000000
 

Arquitectura: _2_6_1_
Semilla: 1788086263
Segundos: 49
NIteraciones: 100000

Costo_train: 0.000597
Precision_train: 1.000000
Recall_train: 0.998775
F1_train: 0.999387

Costo_test: 0.000092
Precision_test: 1.000000
Recall_test: 1.000000
F1_test: 1.000000
 

Arquitectura: _2_6_1_
Semilla: 1788086263
Segundos: 49
NIteraciones: 100000

Costo_train: 0.000603
Precision_train: 1.000000
Recall_train: 0.998775
F1_train: 0.999387

Costo_test: 0.000087
Precision_test: 1.000000
Recall_test: 1.000000
F1_test: 1.000000
 

Arquitectura: _2_6_1_
Semilla: 1788086263
Segundos: 49
NIteraciones: 100000

Costo_train: 0.000608
Precision_train: 1.000000
Recall_train: 0.998775
F1_train: 0.999387

Costo_test: 0.000091
Precision_test: 1.000000
Recall_test: 1.000000
F1_test: 1.000000
 

Arquitectura: _2_6_1_
Semilla: 1788086263
Segundos: 49
NIteraciones: 100000

Costo_train: 0.000614
Precision_train: 1.000000
Recall_train: 0.998775
F1_train: 0.999387

Costo_test: 0.000087
Precision_test: 1.000000
Recall_test: 1.000000
F1_test: 1.000000
 

Arquitectura: _2_6_1_
Semilla: 1788086263
Segundos: 49
NIteraciones: 100000

Costo_train: 0.000600
Precision_train: 1.000000
Recall_train: 0.998775
F1_train: 0.999387

Costo_test: 0.000087
Precision_test: 1.000000
Recall_test: 1.000000
F1_test: 1.000000
 

Arquitectura: _2_6_1_
Semilla: 1788086263
Segundos: 49
NIteraciones: 100000

Costo_train: 0.000605
Precision_train: 1.000000
Recall_train: 0.998775
F1_train: 0.999387

Costo_test: 0.000090
Precision_test: 1.000000
Recall_test: 1.000000
F1_test: 1.000000
 

Arquitectura: _2_6_1_
Semilla: 1788086263
Segundos: 49
NIteraciones: 100000

Costo_train: 0.000598
Precision_train: 1.000000
Recall_train: 0.998775
F1_train: 0.999387

Costo_test: 0.000087
Precision_test: 1.000000
Recall_test: 1.000000
F1_test: 1.000000
 

Arquitectura: _2_6_1_
Semilla: 1788086263
Segundos: 49
NIteraciones: 100000

Costo_train: 0.000590
Precision_train: 1.000000
Recall_train: 0.998775
F1_train: 0.999387

Costo_test: 0.000082
Precision_test: 1.000000
Recall_test: 1.000000
F1_test: 1.000000
 

Arquitectura: _2_6_1_
Semilla: 1788086263
Segundos: 49
NIteraciones: 100000

Costo_train: 0.000614
Precision_train: 1.000000
Recall_train: 0.998775
F1_train: 0.999387

Costo_test: 0.000084
Precision_test: 1.000000
Recall_test: 1.000000
F1_test: 1.000000
 

Arquitectura: _2_6_1_
Semilla: 1788086263
Segundos: 49
NIteraciones: 100000

Costo_train: 0.000618
Precision_train: 1.000000
Recall_train: 0.998775
F1_train: 0.999387

Costo_test: 0.000092
Precision_test: 1.000000
Recall_test: 1.000000
F1_test: 1.000000
 

Arquitectura: _2_6_1_
Semilla: 1788086263
Segundos: 49
NIteraciones: 100000

Costo_train: 0.000598
Precision_train: 1.000000
Recall_train: 0.998775
F1_train: 0.999387

Costo_test: 0.000088
Precision_test: 1.000000
Recall_test: 1.000000
F1_test: 1.000000
 

Arquitectura: _2_6_1_
Semilla: 1788086263
Segundos: 49
NIteraciones: 100000

Costo_train: 0.000619
Precision_train: 1.000000
Recall_train: 0.998775
F1_train: 0.999387

Costo_test: 0.000085
Precision_test: 1.000000
Recall_test: 1.000000
F1_test: 1.000000
 

Arquitectura: _2_6_1_
Semilla: 1788086263
Segundos: 49
NIteraciones: 100000

Costo_train: 0.000593
Precision_train: 1.000000
Recall_train: 0.998775
F1_train: 0.999387

Costo_test: 0.000089
Precision_test: 1.000000
Recall_test: 1.000000
F1_test: 1.000000
 

Arquitectura: _2_6_1_
Semilla: 1788086263
Segundos: 49
NIteraciones: 100000

Costo_train: 0.000604
Precision_train: 1.000000
Recall_train: 0.998775
F1_train: 0.999387

Costo_test: 0.000091
Precision_test: 1.000000
Recall_test: 1.000000
F1_test: 1.000000
 

Arquitectura: _2_6_1_
Semilla: 1788086263
Segundos: 49
NIteraciones: 100000

Costo_train: 0.000608
Precision_train: 1.000000
Recall_train: 0.998775
F1_train: 0.999387

Costo_test: 0.000086
Precision_test: 1.000000
Recall_test: 1.000000
F1_test: 1.000000
 

Arquitectura: _2_6_1_
Semilla: 1788086263
Segundos: 49
NIteraciones: 100000

Costo_train: 0.000649
Precision_train: 1.000000
Recall_train: 0.998775
F1_train: 0.999387

Costo_test: 0.000120
Precision_test: 1.000000
Recall_test: 1.000000
F1_test: 1.000000
 

Arquitectura: _2_6_1_
Semilla: 1788086263
Segundos: 49
NIteraciones: 100000

Costo_train: 0.000599
Precision_train: 1.000000
Recall_train: 0.998775
F1_train: 0.999387

Costo_test: 0.000087
Precision_test: 1.000000
Recall_test: 1.000000
F1_test: 1.000000
 

Arquitectura: _2_6_1_
Semilla: 1788086263
Segundos: 49
NIteraciones: 100000

Costo_train: 0.000617
Precision_train: 1.000000
Recall_train: 0.998775
F1_train: 0.999387

Costo_test: 0.000085
Precision_test: 1.000000
Recall_test: 1.000000
F1_test: 1.000000
 

Arquitectura: _2_6_1_
Semilla: 1788086263
Segundos: 49
NIteraciones: 100000

Costo_train: 0.000636
Precision_train: 1.000000
Recall_train: 0.998775
F1_train: 0.999387

Costo_test: 0.000087
Precision_test: 1.000000
Recall_test: 1.000000
F1_test: 1.000000
 

Arquitectura: _2_6_1_
Semilla: 1788086263
Segundos: 49
NIteraciones: 100000

Costo_train: 0.000610
Precision_train: 1.000000
Recall_train: 0.998775
F1_train: 0.999387

Costo_test: 0.000088
Precision_test: 1.000000
Recall_test: 1.000000
F1_test: 1.000000
 

Arquitectura: _2_6_1_
Semilla: 1788086263
Segundos: 49
NIteraciones: 100000

Costo_train: 0.000606
Precision_train: 1.000000
Recall_train: 0.998775
F1_train: 0.999387

Costo_test: 0.000089
Precision_test: 1.000000
Recall_test: 1.000000
F1_test: 1.000000
 

Arquitectura: _2_6_1_
Semilla: 1788086263
Segundos: 49
NIteraciones: 100000

Costo_train: 0.000591
Precision_train: 1.000000
Recall_train: 0.998775
F1_train: 0.999387

Costo_test: 0.000089
Precision_test: 1.000000
Recall_test: 1.000000
F1_test: 1.000000
 

Arquitectura: _2_6_1_
Semilla: 1788086263
Segundos: 49
NIteraciones: 100000

Costo_train: 0.000612
Precision_train: 1.000000
Recall_train: 0.998775
F1_train: 0.999387

Costo_test: 0.000087
Precision_test: 1.000000
Recall_test: 1.000000
F1_test: 1.000000
 

Arquitectura: _2_6_1_
Semilla: 1788086263
Segundos: 49
NIteraciones: 100000

Costo_train: 0.000623
Precision_train: 1.000000
Recall_train: 0.998775
F1_train: 0.999387

Costo_test: 0.000086
Precision_test: 1.000000
Recall_test: 1.000000
F1_test: 1.000000
 

Arquitectura: _2_6_1_
Semilla: 1788086263
Segundos: 49
NIteraciones: 100000

Costo_train: 0.000604
Precision_train: 1.000000
Recall_train: 0.998775
F1_train: 0.999387

Costo_test: 0.000090
Precision_test: 1.000000
Recall_test: 1.000000
F1_test: 1.000000
 

Arquitectura: _2_6_1_
Semilla: 1788086263
Segundos: 49
NIteraciones: 100000

Costo_train: 0.000603
Precision_train: 1.000000
Recall_train: 0.998775
F1_train: 0.999387

Costo_test: 0.000088
Precision_test: 1.000000
Recall_test: 1.000000
F1_test: 1.000000
 

Arquitectura: _2_6_1_
Semilla: 1788086263
Segundos: 49
NIteraciones: 100000

Costo_train: 0.000638
Precision_train: 1.000000
Recall_train: 0.998775
F1_train: 0.999387

Costo_test: 0.000084
Precision_test: 1.000000
Recall_test: 1.000000
F1_test: 1.000000
 

Arquitectura: _2_6_1_
Semilla: 1788086263
Segundos: 49
NIteraciones: 100000

Costo_train: 0.000615
Precision_train: 1.000000
Recall_train: 0.998775
F1_train: 0.999387

Costo_test: 0.000086
Precision_test: 1.000000
Recall_test: 1.000000
F1_test: 1.000000
 

Arquitectura: _2_6_1_
Semilla: 1788086263
Segundos: 49
NIteraciones: 100000

Costo_train: 0.000600
Precision_train: 1.000000
Recall_train: 0.998775
F1_train: 0.999387

Costo_test: 0.000095
Precision_test: 1.000000
Recall_test: 1.000000
F1_test: 1.000000
 

Arquitectura: _2_6_1_
Semilla: 1788086263
Segundos: 49
NIteraciones: 100000

Costo_train: 0.000604
Precision_train: 1.000000
Recall_train: 0.998775
F1_train: 0.999387

Costo_test: 0.000086
Precision_test: 1.000000
Recall_test: 1.000000
F1_test: 1.000000
 

Arquitectura: _2_6_1_
Semilla: 1788086263
Segundos: 49
NIteraciones: 100000

Costo_train: 0.000602
Precision_train: 1.000000
Recall_train: 0.998775
F1_train: 0.999387

Costo_test: 0.000089
Precision_test: 1.000000
Recall_test: 1.000000
F1_test: 1.000000
 

Arquitectura: _2_6_1_
Semilla: 1788086263
Segundos: 49
NIteraciones: 100000

Costo_train: 0.000607
Precision_train: 1.000000
Recall_train: 0.998775
F1_train: 0.999387

Costo_test: 0.000089
Precision_test: 1.000000
Recall_test: 1.000000
F1_test: 1.000000
 

Arquitectura: _2_6_1_
Semilla: 1788086263
Segundos: 49
NIteraciones: 100000

Costo_train: 0.000604
Precision_train: 1.000000
Recall_train: 0.998775
F1_train: 0.999387

Costo_test: 0.000088
Precision_test: 1.000000
Recall_test: 1.000000
F1_test: 1.000000
 

Arquitectura: _2_6_1_
Semilla: 1788086263
Segundos: 49
NIteraciones: 100000

Costo_train: 0.000590
Precision_train: 1.000000
Recall_train: 0.998775
F1_train: 0.999387

Costo_test: 0.000089
Precision_test: 1.000000
Recall_test: 1.000000
F1_test: 1.000000
 

Arquitectura: _2_6_1_
Semilla: 1788086263
Segundos: 49
NIteraciones: 100000

Costo_train: 0.000600
Precision_train: 1.000000
Recall_train: 0.998775
F1_train: 0.999387

Costo_test: 0.000088
Precision_test: 1.000000
Recall_test: 1.000000
F1_test: 1.000000
 

Arquitectura: _2_6_1_
Semilla: 1788086263
Segundos: 49
NIteraciones: 100000

Costo_train: 0.000598
Precision_train: 1.000000
Recall_train: 0.998775
F1_train: 0.999387

Costo_test: 0.000087
Precision_test: 1.000000
Recall_test: 1.000000
F1_test: 1.000000
 

Arquitectura: _2_6_1_
Semilla: 1788086263
Segundos: 49
NIteraciones: 100000

Costo_train: 0.000608
Precision_train: 1.000000
Recall_train: 0.998775
F1_train: 0.999387

Costo_test: 0.000088
Precision_test: 1.000000
Recall_test: 1.000000
F1_test: 1.000000
 

Arquitectura: _2_6_1_
Semilla: 1788086263
Segundos: 49
NIteraciones: 100000

Costo_train: 0.000596
Precision_train: 1.000000
Recall_train: 0.998775
F1_train: 0.999387

Costo_test: 0.000086
Precision_test: 1.000000
Recall_test: 1.000000
F1_test: 1.000000
 

Arquitectura: _2_6_1_
Semilla: 1788086263
Segundos: 49
NIteraciones: 100000

Costo_train: 0.000605
Precision_train: 1.000000
Recall_train: 0.998775
F1_train: 0.999387

Costo_test: 0.000086
Precision_test: 1.000000
Recall_test: 1.000000
F1_test: 1.000000
 

Arquitectura: _2_6_1_
Semilla: 1788086263
Segundos: 49
NIteraciones: 100000

Costo_train: 0.000616
Precision_train: 1.000000
Recall_train: 0.998775
F1_train: 0.999387

Costo_test: 0.000084
Precision_test: 1.000000
Recall_test: 1.000000
F1_test: 1.000000
 

Arquitectura: _2_6_1_
Semilla: 1788086263
Segundos: 49
NIteraciones: 100000

Costo_train: 0.000672
Precision_train: 1.000000
Recall_train: 0.998775
F1_train: 0.999387

Costo_test: 0.000091
Precision_test: 1.000000
Recall_test: 1.000000
F1_test: 1.000000
 

Arquitectura: _2_6_1_
Semilla: 1788086263
Segundos: 49
NIteraciones: 100000

Costo_train: 0.000611
Precision_train: 1.000000
Recall_train: 0.998775
F1_train: 0.999387

Costo_test: 0.000086
Precision_test: 1.000000
Recall_test: 1.000000
F1_test: 1.000000
 

Arquitectura: _2_6_1_
Semilla: 1788086263
Segundos: 49
NIteraciones: 100000

Costo_train: 0.000617
Precision_train: 1.000000
Recall_train: 0.998775
F1_train: 0.999387

Costo_test: 0.000085
Precision_test: 1.000000
Recall_test: 1.000000
F1_test: 1.000000
 

Arquitectura: _2_6_1_
Semilla: 1788086263
Segundos: 49
NIteraciones: 100000

Costo_train: 0.000625
Precision_train: 1.000000
Recall_train: 0.998775
F1_train: 0.999387

Costo_test: 0.000086
Precision_test: 1.000000
Recall_test: 1.000000
F1_test: 1.000000
 

Arquitectura: _2_6_1_
Semilla: 1788086263
Segundos: 49
NIteraciones: 100000

Costo_train: 0.000594
Precision_train: 1.000000
Recall_train: 0.998775
F1_train: 0.999387

Costo_test: 0.000084
Precision_test: 1.000000
Recall_test: 1.000000
F1_test: 1.000000
 

Arquitectura: _2_6_1_
Semilla: 1788086263
Segundos: 49
NIteraciones: 100000

Costo_train: 0.000597
Precision_train: 1.000000
Recall_train: 0.998775
F1_train: 0.999387

Costo_test: 0.000094
Precision_test: 1.000000
Recall_test: 1.000000
F1_test: 1.000000
 

Arquitectura: _2_6_1_
Semilla: 1788086263
Segundos: 49
NIteraciones: 100000

Costo_train: 0.000623
Precision_train: 1.000000
Recall_train: 0.998775
F1_train: 0.999387

Costo_test: 0.000087
Precision_test: 1.000000
Recall_test: 1.000000
F1_test: 1.000000
 

Arquitectura: _2_6_1_
Semilla: 1788086263
Segundos: 49
NIteraciones: 100000

Costo_train: 0.000594
Precision_train: 1.000000
Recall_train: 0.998775
F1_train: 0.999387

Costo_test: 0.000090
Precision_test: 1.000000
Recall_test: 1.000000
F1_test: 1.000000
 

Arquitectura: _2_6_1_
Semilla: 1788086263
Segundos: 49
NIteraciones: 100000

Costo_train: 0.000605
Precision_train: 1.000000
Recall_train: 0.998775
F1_train: 0.999387

Costo_test: 0.000086
Precision_test: 1.000000
Recall_test: 1.000000
F1_test: 1.000000
 


--- Test Profunda 2.0 ---
Iteración 10000
Costo: 0.001958
Iteración 20000
Costo: 0.001300
Iteración 30000
Costo: 0.001054
Iteración 40000
Costo: 0.000916
Iteración 50000
Costo: 0.000830
Iteración 60000
Costo: 0.000773
Iteración 70000
Costo: 0.000733
Iteración 80000
Costo: 0.000703
Iteración 90000
Costo: 0.000680

Arquitectura: _2_3_3_1_
Semilla: 1788086312
Segundos: 94
NIteraciones: 100000

Costo_train: 0.000661
Precision_train: 1.000000
Recall_train: 0.998775
F1_train: 0.999387

Costo_test: 0.000094
Precision_test: 1.000000
Recall_test: 1.000000
F1_test: 1.000000
 

Arquitectura: _2_3_3_1_
Semilla: 1788086312
Segundos: 94
NIteraciones: 100000

Costo_train: 0.000700
Precision_train: 1.000000
Recall_train: 0.998775
F1_train: 0.999387

Costo_test: 0.000133
Precision_test: 1.000000
Recall_test: 1.000000
F1_test: 1.000000
 

Arquitectura: _2_3_3_1_
Semilla: 1788086312
Segundos: 94
NIteraciones: 100000

Costo_train: 0.000650
Precision_train: 1.000000
Recall_train: 0.998775
F1_train: 0.999387

Costo_test: 0.000089
Precision_test: 1.000000
Recall_test: 1.000000
F1_test: 1.000000
 

Arquitectura: _2_3_3_1_
Semilla: 1788086312
Segundos: 94
NIteraciones: 100000

Costo_train: 0.000620
Precision_train: 1.000000
Recall_train: 0.998775
F1_train: 0.999387

Costo_test: 0.000103
Precision_test: 1.000000
Recall_test: 1.000000
F1_test: 1.000000
 

Arquitectura: _2_3_3_1_
Semilla: 1788086312
Segundos: 94
NIteraciones: 100000

Costo_train: 0.000652
Precision_train: 1.000000
Recall_train: 0.998775
F1_train: 0.999387

Costo_test: 0.000094
Precision_test: 1.000000
Recall_test: 1.000000
F1_test: 1.000000
 

Arquitectura: _2_3_3_1_
Semilla: 1788086312
Segundos: 94
NIteraciones: 100000

Costo_train: 0.000652
Precision_train: 1.000000
Recall_train: 0.998775
F1_train: 0.999387

Costo_test: 0.000088
Precision_test: 1.000000
Recall_test: 1.000000
F1_test: 1.000000
 

Arquitectura: _2_3_3_1_
Semilla: 1788086312
Segundos: 94
NIteraciones: 100000

Costo_train: 0.000671
Precision_train: 1.000000
Recall_train: 0.998775
F1_train: 0.999387

Costo_test: 0.000093
Precision_test: 1.000000
Recall_test: 1.000000
F1_test: 1.000000
 

Arquitectura: _2_3_3_1_
Semilla: 1788086312
Segundos: 94
NIteraciones: 100000

Costo_train: 0.000658
Precision_train: 1.000000
Recall_train: 0.998775
F1_train: 0.999387

Costo_test: 0.000089
Precision_test: 1.000000
Recall_test: 1.000000
F1_test: 1.000000
 

Arquitectura: _2_3_3_1_
Semilla: 1788086312
Segundos: 94
NIteraciones: 100000

Costo_train: 0.000689
Precision_train: 1.000000
Recall_train: 0.998775
F1_train: 0.999387

Costo_test: 0.000104
Precision_test: 1.000000
Recall_test: 1.000000
F1_test: 1.000000
 

Arquitectura: _2_3_3_1_
Semilla: 1788086312
Segundos: 94
NIteraciones: 100000

Costo_train: 0.000708
Precision_train: 1.000000
Recall_train: 0.998775
F1_train: 0.999387

Costo_test: 0.000141
Precision_test: 1.000000
Recall_test: 1.000000
F1_test: 1.000000
 

Arquitectura: _2_3_3_1_
Semilla: 1788086312
Segundos: 94
NIteraciones: 100000

Costo_train: 0.000642
Precision_train: 1.000000
Recall_train: 0.998775
F1_train: 0.999387

Costo_test: 0.000091
Precision_test: 1.000000
Recall_test: 1.000000
F1_test: 1.000000
 

Arquitectura: _2_3_3_1_
Semilla: 1788086312
Segundos: 94
NIteraciones: 100000

Costo_train: 0.000642
Precision_train: 1.000000
Recall_train: 0.998775
F1_train: 0.999387

Costo_test: 0.000085
Precision_test: 1.000000
Recall_test: 1.000000
F1_test: 1.000000
 

Arquitectura: _2_3_3_1_
Semilla: 1788086312
Segundos: 94
NIteraciones: 100000

Costo_train: 0.000638
Precision_train: 1.000000
Recall_train: 0.998775
F1_train: 0.999387

Costo_test: 0.000097
Precision_test: 1.000000
Recall_test: 1.000000
F1_test: 1.000000
 

Arquitectura: _2_3_3_1_
Semilla: 1788086312
Segundos: 94
NIteraciones: 100000

Costo_train: 0.000636
Precision_train: 1.000000
Recall_train: 0.998775
F1_train: 0.999387

Costo_test: 0.000090
Precision_test: 1.000000
Recall_test: 1.000000
F1_test: 1.000000
 

Arquitectura: _2_3_3_1_
Semilla: 1788086312
Segundos: 94
NIteraciones: 100000

Costo_train: 0.000674
Precision_train: 1.000000
Recall_train: 0.998775
F1_train: 0.999387

Costo_test: 0.000084
Precision_test: 1.000000
Recall_test: 1.000000
F1_test: 1.000000
 

Arquitectura: _2_3_3_1_
Semilla: 1788086312
Segundos: 94
NIteraciones: 100000

Costo_train: 0.000667
Precision_train: 1.000000
Recall_train: 0.998775
F1_train: 0.999387

Costo_test: 0.000106
Precision_test: 1.000000
Recall_test: 1.000000
F1_test: 1.000000
 

Arquitectura: _2_3_3_1_
Semilla: 1788086312
Segundos: 94
NIteraciones: 100000

Costo_train: 0.000612
Precision_train: 1.000000
Recall_train: 0.998775
F1_train: 0.999387

Costo_test: 0.000091
Precision_test: 1.000000
Recall_test: 1.000000
F1_test: 1.000000
 

Arquitectura: _2_3_3_1_
Semilla: 1788086312
Segundos: 94
NIteraciones: 100000

Costo_train: 0.000673
Precision_train: 1.000000
Recall_train: 0.998775
F1_train: 0.999387

Costo_test: 0.000095
Precision_test: 1.000000
Recall_test: 1.000000
F1_test: 1.000000
 

Arquitectura: _2_3_3_1_
Semilla: 1788086312
Segundos: 94
NIteraciones: 100000

Costo_train: 0.000661
Precision_train: 1.000000
Recall_train: 0.998775
F1_train: 0.999387

Costo_test: 0.000102
Precision_test: 1.000000
Recall_test: 1.000000
F1_test: 1.000000
 

Arquitectura: _2_3_3_1_
Semilla: 1788086312
Segundos: 94
NIteraciones: 100000

Costo_train: 0.000660
Precision_train: 1.000000
Recall_train: 0.998775
F1_train: 0.999387

Costo_test: 0.000093
Precision_test: 1.000000
Recall_test: 1.000000
F1_test: 1.000000
 

Arquitectura: _2_3_3_1_
Semilla: 1788086312
Segundos: 94
NIteraciones: 100000

Costo_train: 0.000659
Precision_train: 1.000000
Recall_train: 0.998775
F1_train: 0.999387

Costo_test: 0.000089
Precision_test: 1.000000
Recall_test: 1.000000
F1_test: 1.000000
 

Arquitectura: _2_3_3_1_
Semilla: 1788086312
Segundos: 94
NIteraciones: 100000

Costo_train: 0.000686
Precision_train: 1.000000
Recall_train: 0.998775
F1_train: 0.999387

Costo_test: 0.000117
Precision_test: 1.000000
Recall_test: 1.000000
F1_test: 1.000000
 

Arquitectura: _2_3_3_1_
Semilla: 1788086312
Segundos: 94
NIteraciones: 100000

Costo_train: 0.000697
Precision_train: 1.000000
Recall_train: 0.998775
F1_train: 0.999387

Costo_test: 0.000127
Precision_test: 1.000000
Recall_test: 1.000000
F1_test: 1.000000
 

Arquitectura: _2_3_3_1_
Semilla: 1788086312
Segundos: 94
NIteraciones: 100000

Costo_train: 0.000655
Precision_train: 1.000000
Recall_train: 0.998775
F1_train: 0.999387

Costo_test: 0.000091
Precision_test: 1.000000
Recall_test: 1.000000
F1_test: 1.000000
 

Arquitectura: _2_3_3_1_
Semilla: 1788086312
Segundos: 94
NIteraciones: 100000

Costo_train: 0.000649
Precision_train: 1.000000
Recall_train: 0.998775
F1_train: 0.999387

Costo_test: 0.000103
Precision_test: 1.000000
Recall_test: 1.000000
F1_test: 1.000000
 

Arquitectura: _2_3_3_1_
Semilla: 1788086312
Segundos: 94
NIteraciones: 100000

Costo_train: 0.000660
Precision_train: 1.000000
Recall_train: 0.998775
F1_train: 0.999387

Costo_test: 0.000097
Precision_test: 1.000000
Recall_test: 1.000000
F1_test: 1.000000
 

Arquitectura: _2_3_3_1_
Semilla: 1788086312
Segundos: 94
NIteraciones: 100000

Costo_train: 0.000639
Precision_train: 1.000000
Recall_train: 0.998775
F1_train: 0.999387

Costo_test: 0.000089
Precision_test: 1.000000
Recall_test: 1.000000
F1_test: 1.000000
 

Arquitectura: _2_3_3_1_
Semilla: 1788086312
Segundos: 94
NIteraciones: 100000

Costo_train: 0.000633
Precision_train: 1.000000
Recall_train: 0.998775
F1_train: 0.999387

Costo_test: 0.000092
Precision_test: 1.000000
Recall_test: 1.000000
F1_test: 1.000000
 

Arquitectura: _2_3_3_1_
Semilla: 1788086312
Segundos: 94
NIteraciones: 100000

Costo_train: 0.000637
Precision_train: 1.000000
Recall_train: 0.998775
F1_train: 0.999387

Costo_test: 0.000095
Precision_test: 1.000000
Recall_test: 1.000000
F1_test: 1.000000
 

Arquitectura: _2_3_3_1_
Semilla: 1788086312
Segundos: 94
NIteraciones: 100000

Costo_train: 0.000660
Precision_train: 1.000000
Recall_train: 0.998775
F1_train: 0.999387

Costo_test: 0.000104
Precision_test: 1.000000
Recall_test: 1.000000
F1_test: 1.000000
 

Arquitectura: _2_3_3_1_
Semilla: 1788086312
Segundos: 94
NIteraciones: 100000

Costo_train: 0.000673
Precision_train: 1.000000
Recall_train: 0.998775
F1_train: 0.999387

Costo_test: 0.000085
Precision_test: 1.000000
Recall_test: 1.000000
F1_test: 1.000000
 

Arquitectura: _2_3_3_1_
Semilla: 1788086312
Segundos: 94
NIteraciones: 100000

Costo_train: 0.000643
Precision_train: 1.000000
Recall_train: 0.998775
F1_train: 0.999387

Costo_test: 0.000090
Precision_test: 1.000000
Recall_test: 1.000000
F1_test: 1.000000
 

Arquitectura: _2_3_3_1_
Semilla: 1788086312
Segundos: 94
NIteraciones: 100000

Costo_train: 0.000636
Precision_train: 1.000000
Recall_train: 0.998775
F1_train: 0.999387

Costo_test: 0.000098
Precision_test: 1.000000
Recall_test: 1.000000
F1_test: 1.000000
 

Arquitectura: _2_3_3_1_
Semilla: 1788086312
Segundos: 94
NIteraciones: 100000

Costo_train: 0.000638
Precision_train: 1.000000
Recall_train: 0.998775
F1_train: 0.999387

Costo_test: 0.000087
Precision_test: 1.000000
Recall_test: 1.000000
F1_test: 1.000000
 

Arquitectura: _2_3_3_1_
Semilla: 1788086312
Segundos: 94
NIteraciones: 100000

Costo_train: 0.000667
Precision_train: 1.000000
Recall_train: 0.998775
F1_train: 0.999387

Costo_test: 0.000108
Precision_test: 1.000000
Recall_test: 1.000000
F1_test: 1.000000
 

Arquitectura: _2_3_3_1_
Semilla: 1788086312
Segundos: 94
NIteraciones: 100000

Costo_train: 0.000624
Precision_train: 1.000000
Recall_train: 0.998775
F1_train: 0.999387

Costo_test: 0.000094
Precision_test: 1.000000
Recall_test: 1.000000
F1_test: 1.000000
 

Arquitectura: _2_3_3_1_
Semilla: 1788086312
Segundos: 94
NIteraciones: 100000

Costo_train: 0.000648
Precision_train: 1.000000
Recall_train: 0.998775
F1_train: 0.999387

Costo_test: 0.000082
Precision_test: 1.000000
Recall_test: 1.000000
F1_test: 1.000000
 

Arquitectura: _2_3_3_1_
Semilla: 1788086312
Segundos: 94
NIteraciones: 100000

Costo_train: 0.000657
Precision_train: 1.000000
Recall_train: 0.998775
F1_train: 0.999387

Costo_test: 0.000112
Precision_test: 1.000000
Recall_test: 1.000000
F1_test: 1.000000
 

Arquitectura: _2_3_3_1_
Semilla: 1788086312
Segundos: 94
NIteraciones: 100000

Costo_train: 0.000621
Precision_train: 1.000000
Recall_train: 0.998775
F1_train: 0.999387

Costo_test: 0.000087
Precision_test: 1.000000
Recall_test: 1.000000
F1_test: 1.000000
 

Arquitectura: _2_3_3_1_
Semilla: 1788086312
Segundos: 94
NIteraciones: 100000

Costo_train: 0.000654
Precision_train: 1.000000
Recall_train: 0.998775
F1_train: 0.999387

Costo_test: 0.000090
Precision_test: 1.000000
Recall_test: 1.000000
F1_test: 1.000000
 

Arquitectura: _2_3_3_1_
Semilla: 1788086312
Segundos: 94
NIteraciones: 100000

Costo_train: 0.000652
Precision_train: 1.000000
Recall_train: 0.998775
F1_train: 0.999387

Costo_test: 0.000096
Precision_test: 1.000000
Recall_test: 1.000000
F1_test: 1.000000
 

Arquitectura: _2_3_3_1_
Semilla: 1788086312
Segundos: 94
NIteraciones: 100000

Costo_train: 0.000631
Precision_train: 1.000000
Recall_train: 0.998775
F1_train: 0.999387

Costo_test: 0.000092
Precision_test: 1.000000
Recall_test: 1.000000
F1_test: 1.000000
 

Arquitectura: _2_3_3_1_
Semilla: 1788086312
Segundos: 94
NIteraciones: 100000

Costo_train: 0.000672
Precision_train: 1.000000
Recall_train: 0.998775
F1_train: 0.999387

Costo_test: 0.000106
Precision_test: 1.000000
Recall_test: 1.000000
F1_test: 1.000000
 

Arquitectura: _2_3_3_1_
Semilla: 1788086312
Segundos: 94
NIteraciones: 100000

Costo_train: 0.000649
Precision_train: 1.000000
Recall_train: 0.998775
F1_train: 0.999387

Costo_test: 0.000090
Precision_test: 1.000000
Recall_test: 1.000000
F1_test: 1.000000
 

Arquitectura: _2_3_3_1_
Semilla: 1788086312
Segundos: 94
NIteraciones: 100000

Costo_train: 0.000626
Precision_train: 1.000000
Recall_train: 0.998775
F1_train: 0.999387

Costo_test: 0.000107
Precision_test: 1.000000
Recall_test: 1.000000
F1_test: 1.000000
 

Arquitectura: _2_3_3_1_
Semilla: 1788086312
Segundos: 94
NIteraciones: 100000

Costo_train: 0.000708
Precision_train: 1.000000
Recall_train: 0.998775
F1_train: 0.999387

Costo_test: 0.000161
Precision_test: 1.000000
Recall_test: 1.000000
F1_test: 1.000000
 

Arquitectura: _2_3_3_1_
Semilla: 1788086312
Segundos: 94
NIteraciones: 100000

Costo_train: 0.000649
Precision_train: 1.000000
Recall_train: 0.998775
F1_train: 0.999387

Costo_test: 0.000090
Precision_test: 1.000000
Recall_test: 1.000000
F1_test: 1.000000
 

Arquitectura: _2_3_3_1_
Semilla: 1788086312
Segundos: 94
NIteraciones: 100000

Costo_train: 0.000636
Precision_train: 1.000000
Recall_train: 0.998775
F1_train: 0.999387

Costo_test: 0.000097
Precision_test: 1.000000
Recall_test: 1.000000
F1_test: 1.000000
 

Arquitectura: _2_3_3_1_
Semilla: 1788086312
Segundos: 94
NIteraciones: 100000

Costo_train: 0.000648
Precision_train: 1.000000
Recall_train: 0.998775
F1_train: 0.999387

Costo_test: 0.000091
Precision_test: 1.000000
Recall_test: 1.000000
F1_test: 1.000000
 

Arquitectura: _2_3_3_1_
Semilla: 1788086312
Segundos: 94
NIteraciones: 100000

Costo_train: 0.000690
Precision_train: 1.000000
Recall_train: 0.998775
F1_train: 0.999387

Costo_test: 0.000119
Precision_test: 1.000000
Recall_test: 1.000000
F1_test: 1.000000
 

Arquitectura: _2_3_3_1_
Semilla: 1788086312
Segundos: 94
NIteraciones: 100000

Costo_train: 0.000653
Precision_train: 1.000000
Recall_train: 0.998775
F1_train: 0.999387

Costo_test: 0.000087
Precision_test: 1.000000
Recall_test: 1.000000
F1_test: 1.000000
 

Arquitectura: _2_3_3_1_
Semilla: 1788086312
Segundos: 94
NIteraciones: 100000

Costo_train: 0.000664
Precision_train: 1.000000
Recall_train: 0.998775
F1_train: 0.999387

Costo_test: 0.000097
Precision_test: 1.000000
Recall_test: 1.000000
F1_test: 1.000000
 

Arquitectura: _2_3_3_1_
Semilla: 1788086312
Segundos: 94
NIteraciones: 100000

Costo_train: 0.000659
Precision_train: 1.000000
Recall_train: 0.998775
F1_train: 0.999387

Costo_test: 0.000107
Precision_test: 1.000000
Recall_test: 1.000000
F1_test: 1.000000
 

Arquitectura: _2_3_3_1_
Semilla: 1788086312
Segundos: 94
NIteraciones: 100000

Costo_train: 0.000649
Precision_train: 1.000000
Recall_train: 0.998775
F1_train: 0.999387

Costo_test: 0.000090
Precision_test: 1.000000
Recall_test: 1.000000
F1_test: 1.000000
 

Arquitectura: _2_3_3_1_
Semilla: 1788086312
Segundos: 94
NIteraciones: 100000

Costo_train: 0.000644
Precision_train: 1.000000
Recall_train: 0.998775
F1_train: 0.999387

Costo_test: 0.000093
Precision_test: 1.000000
Recall_test: 1.000000
F1_test: 1.000000
 

Arquitectura: _2_3_3_1_
Semilla: 1788086312
Segundos: 94
NIteraciones: 100000

Costo_train: 0.000649
Precision_train: 1.000000
Recall_train: 0.998775
F1_train: 0.999387

Costo_test: 0.000095
Precision_test: 1.000000
Recall_test: 1.000000
F1_test: 1.000000
 

Arquitectura: _2_3_3_1_
Semilla: 1788086312
Segundos: 94
NIteraciones: 100000

Costo_train: 0.000601
Precision_train: 1.000000
Recall_train: 0.998775
F1_train: 0.999387

Costo_test: 0.000131
Precision_test: 1.000000
Recall_test: 1.000000
F1_test: 1.000000
 

Arquitectura: _2_3_3_1_
Semilla: 1788086312
Segundos: 94
NIteraciones: 100000

Costo_train: 0.000666
Precision_train: 1.000000
Recall_train: 0.998775
F1_train: 0.999387

Costo_test: 0.000103
Precision_test: 1.000000
Recall_test: 1.000000
F1_test: 1.000000
 

Arquitectura: _2_3_3_1_
Semilla: 1788086312
Segundos: 94
NIteraciones: 100000

Costo_train: 0.000694
Precision_train: 1.000000
Recall_train: 0.998775
F1_train: 0.999387

Costo_test: 0.000133
Precision_test: 1.000000
Recall_test: 1.000000
F1_test: 1.000000
 

Arquitectura: _2_3_3_1_
Semilla: 1788086312
Segundos: 94
NIteraciones: 100000

Costo_train: 0.000638
Precision_train: 1.000000
Recall_train: 0.998775
F1_train: 0.999387

Costo_test: 0.000093
Precision_test: 1.000000
Recall_test: 1.000000
F1_test: 1.000000
 

Arquitectura: _2_3_3_1_
Semilla: 1788086312
Segundos: 94
NIteraciones: 100000

Costo_train: 0.000640
Precision_train: 1.000000
Recall_train: 0.998775
F1_train: 0.999387

Costo_test: 0.000106
Precision_test: 1.000000
Recall_test: 1.000000
F1_test: 1.000000
 

Arquitectura: _2_3_3_1_
Semilla: 1788086312
Segundos: 94
NIteraciones: 100000

Costo_train: 0.000654
Precision_train: 1.000000
Recall_train: 0.998775
F1_train: 0.999387

Costo_test: 0.000092
Precision_test: 1.000000
Recall_test: 1.000000
F1_test: 1.000000
 

Arquitectura: _2_3_3_1_
Semilla: 1788086312
Segundos: 94
NIteraciones: 100000

Costo_train: 0.000651
Precision_train: 1.000000
Recall_train: 0.998775
F1_train: 0.999387

Costo_test: 0.000096
Precision_test: 1.000000
Recall_test: 1.000000
F1_test: 1.000000
 

Arquitectura: _2_3_3_1_
Semilla: 1788086312
Segundos: 94
NIteraciones: 100000

Costo_train: 0.000681
Precision_train: 1.000000
Recall_train: 0.998775
F1_train: 0.999387

Costo_test: 0.000099
Precision_test: 1.000000
Recall_test: 1.000000
F1_test: 1.000000
 

Arquitectura: _2_3_3_1_
Semilla: 1788086312
Segundos: 94
NIteraciones: 100000

Costo_train: 0.000638
Precision_train: 1.000000
Recall_train: 0.998775
F1_train: 0.999387

Costo_test: 0.000091
Precision_test: 1.000000
Recall_test: 1.000000
F1_test: 1.000000
 

Arquitectura: _2_3_3_1_
Semilla: 1788086312
Segundos: 94
NIteraciones: 100000

Costo_train: 0.000669
Precision_train: 1.000000
Recall_train: 0.998775
F1_train: 0.999387

Costo_test: 0.000102
Precision_test: 1.000000
Recall_test: 1.000000
F1_test: 1.000000
 

Arquitectura: _2_3_3_1_
Semilla: 1788086312
Segundos: 94
NIteraciones: 100000

Costo_train: 0.000681
Precision_train: 1.000000
Recall_train: 0.998775
F1_train: 0.999387

Costo_test: 0.000102
Precision_test: 1.000000
Recall_test: 1.000000
F1_test: 1.000000
 

Arquitectura: _2_3_3_1_
Semilla: 1788086312
Segundos: 94
NIteraciones: 100000

Costo_train: 0.000694
Precision_train: 1.000000
Recall_train: 0.998775
F1_train: 0.999387

Costo_test: 0.000120
Precision_test: 1.000000
Recall_test: 1.000000
F1_test: 1.000000
 

Arquitectura: _2_3_3_1_
Semilla: 1788086312
Segundos: 94
NIteraciones: 100000

Costo_train: 0.000643
Precision_train: 1.000000
Recall_train: 0.998775
F1_train: 0.999387

Costo_test: 0.000098
Precision_test: 1.000000
Recall_test: 1.000000
F1_test: 1.000000
 

Arquitectura: _2_3_3_1_
Semilla: 1788086312
Segundos: 94
NIteraciones: 100000

Costo_train: 0.000698
Precision_train: 1.000000
Recall_train: 0.998775
F1_train: 0.999387

Costo_test: 0.000098
Precision_test: 1.000000
Recall_test: 1.000000
F1_test: 1.000000
 

Arquitectura: _2_3_3_1_
Semilla: 1788086312
Segundos: 94
NIteraciones: 100000

Costo_train: 0.000616
Precision_train: 1.000000
Recall_train: 0.998775
F1_train: 0.999387

Costo_test: 0.000101
Precision_test: 1.000000
Recall_test: 1.000000
F1_test: 1.000000
 

Arquitectura: _2_3_3_1_
Semilla: 1788086312
Segundos: 94
NIteraciones: 100000

Costo_train: 0.000716
Precision_train: 1.000000
Recall_train: 0.998775
F1_train: 0.999387

Costo_test: 0.000144
Precision_test: 1.000000
Recall_test: 1.000000
F1_test: 1.000000
 

Arquitectura: _2_3_3_1_
Semilla: 1788086312
Segundos: 94
NIteraciones: 100000

Costo_train: 0.000655
Precision_train: 1.000000
Recall_train: 0.998775
F1_train: 0.999387

Costo_test: 0.000098
Precision_test: 1.000000
Recall_test: 1.000000
F1_test: 1.000000
 

Arquitectura: _2_3_3_1_
Semilla: 1788086312
Segundos: 94
NIteraciones: 100000

Costo_train: 0.000665
Precision_train: 1.000000
Recall_train: 0.998775
F1_train: 0.999387

Costo_test: 0.000110
Precision_test: 1.000000
Recall_test: 1.000000
F1_test: 1.000000
 

Arquitectura: _2_3_3_1_
Semilla: 1788086312
Segundos: 94
NIteraciones: 100000

Costo_train: 0.000661
Precision_train: 1.000000
Recall_train: 0.998775
F1_train: 0.999387

Costo_test: 0.000080
Precision_test: 1.000000
Recall_test: 1.000000
F1_test: 1.000000
 

Arquitectura: _2_3_3_1_
Semilla: 1788086312
Segundos: 94
NIteraciones: 100000

Costo_train: 0.000634
Precision_train: 1.000000
Recall_train: 0.998775
F1_train: 0.999387

Costo_test: 0.000092
Precision_test: 1.000000
Recall_test: 1.000000
F1_test: 1.000000
 

Arquitectura: _2_3_3_1_
Semilla: 1788086312
Segundos: 94
NIteraciones: 100000

Costo_train: 0.000663
Precision_train: 1.000000
Recall_train: 0.998775
F1_train: 0.999387

Costo_test: 0.000105
Precision_test: 1.000000
Recall_test: 1.000000
F1_test: 1.000000
 

Arquitectura: _2_3_3_1_
Semilla: 1788086312
Segundos: 94
NIteraciones: 100000

Costo_train: 0.000677
Precision_train: 1.000000
Recall_train: 0.998775
F1_train: 0.999387

Costo_test: 0.000119
Precision_test: 1.000000
Recall_test: 1.000000
F1_test: 1.000000
 

Arquitectura: _2_3_3_1_
Semilla: 1788086312
Segundos: 94
NIteraciones: 100000

Costo_train: 0.000769
Precision_train: 1.000000
Recall_train: 0.998775
F1_train: 0.999387

Costo_test: 0.000191
Precision_test: 1.000000
Recall_test: 1.000000
F1_test: 1.000000
 

Arquitectura: _2_3_3_1_
Semilla: 1788086312
Segundos: 94
NIteraciones: 100000

Costo_train: 0.000657
Precision_train: 1.000000
Recall_train: 0.998775
F1_train: 0.999387

Costo_test: 0.000087
Precision_test: 1.000000
Recall_test: 1.000000
F1_test: 1.000000
 

Arquitectura: _2_3_3_1_
Semilla: 1788086312
Segundos: 94
NIteraciones: 100000

Costo_train: 0.000672
Precision_train: 1.000000
Recall_train: 0.998775
F1_train: 0.999387

Costo_test: 0.000098
Precision_test: 1.000000
Recall_test: 1.000000
F1_test: 1.000000
 

Arquitectura: _2_3_3_1_
Semilla: 1788086312
Segundos: 94
NIteraciones: 100000

Costo_train: 0.000649
Precision_train: 1.000000
Recall_train: 0.998775
F1_train: 0.999387

Costo_test: 0.000087
Precision_test: 1.000000
Recall_test: 1.000000
F1_test: 1.000000
 

Arquitectura: _2_3_3_1_
Semilla: 1788086312
Segundos: 94
NIteraciones: 100000

Costo_train: 0.000627
Precision_train: 1.000000
Recall_train: 0.998775
F1_train: 0.999387

Costo_test: 0.000091
Precision_test: 1.000000
Recall_test: 1.000000
F1_test: 1.000000
 

Arquitectura: _2_3_3_1_
Semilla: 1788086312
Segundos: 94
NIteraciones: 100000

Costo_train: 0.000619
Precision_train: 1.000000
Recall_train: 0.998775
F1_train: 0.999387

Costo_test: 0.000094
Precision_test: 1.000000
Recall_test: 1.000000
F1_test: 1.000000
 

Arquitectura: _2_3_3_1_
Semilla: 1788086312
Segundos: 94
NIteraciones: 100000

Costo_train: 0.000656
Precision_train: 1.000000
Recall_train: 0.998775
F1_train: 0.999387

Costo_test: 0.000101
Precision_test: 1.000000
Recall_test: 1.000000
F1_test: 1.000000
 

Arquitectura: _2_3_3_1_
Semilla: 1788086312
Segundos: 94
NIteraciones: 100000

Costo_train: 0.000640
Precision_train: 1.000000
Recall_train: 0.998775
F1_train: 0.999387

Costo_test: 0.000088
Precision_test: 1.000000
Recall_test: 1.000000
F1_test: 1.000000
 

Arquitectura: _2_3_3_1_
Semilla: 1788086312
Segundos: 94
NIteraciones: 100000

Costo_train: 0.000669
Precision_train: 1.000000
Recall_train: 0.998775
F1_train: 0.999387

Costo_test: 0.000106
Precision_test: 1.000000
Recall_test: 1.000000
F1_test: 1.000000
 

Arquitectura: _2_3_3_1_
Semilla: 1788086312
Segundos: 94
NIteraciones: 100000

Costo_train: 0.000656
Precision_train: 1.000000
Recall_train: 0.998775
F1_train: 0.999387

Costo_test: 0.000095
Precision_test: 1.000000
Recall_test: 1.000000
F1_test: 1.000000
 

Arquitectura: _2_3_3_1_
Semilla: 1788086312
Segundos: 94
NIteraciones: 100000

Costo_train: 0.000674
Precision_train: 1.000000
Recall_train: 0.998775
F1_train: 0.999387

Costo_test: 0.000095
Precision_test: 1.000000
Recall_test: 1.000000
F1_test: 1.000000
 

Arquitectura: _2_3_3_1_
Semilla: 1788086312
Segundos: 94
NIteraciones: 100000

Costo_train: 0.000682
Precision_train: 1.000000
Recall_train: 0.998775
F1_train: 0.999387

Costo_test: 0.000099
Precision_test: 1.000000
Recall_test: 1.000000
F1_test: 1.000000
 

Arquitectura: _2_3_3_1_
Semilla: 1788086312
Segundos: 94
NIteraciones: 100000

Costo_train: 0.000676
Precision_train: 1.000000
Recall_train: 0.998775
F1_train: 0.999387

Costo_test: 0.000107
Precision_test: 1.000000
Recall_test: 1.000000
F1_test: 1.000000
 

Arquitectura: _2_3_3_1_
Semilla: 1788086312
Segundos: 94
NIteraciones: 100000

Costo_train: 0.000668
Precision_train: 1.000000
Recall_train: 0.998775
F1_train: 0.999387

Costo_test: 0.000111
Precision_test: 1.000000
Recall_test: 1.000000
F1_test: 1.000000
 

Arquitectura: _2_3_3_1_
Semilla: 1788086312
Segundos: 94
NIteraciones: 100000

Costo_train: 0.000666
Precision_train: 1.000000
Recall_train: 0.998775
F1_train: 0.999387

Costo_test: 0.000098
Precision_test: 1.000000
Recall_test: 1.000000
F1_test: 1.000000
 

Arquitectura: _2_3_3_1_
Semilla: 1788086312
Segundos: 94
NIteraciones: 100000

Costo_train: 0.000652
Precision_train: 1.000000
Recall_train: 0.998775
F1_train: 0.999387

Costo_test: 0.000094
Precision_test: 1.000000
Recall_test: 1.000000
F1_test: 1.000000
 

Arquitectura: _2_3_3_1_
Semilla: 1788086312
Segundos: 94
NIteraciones: 100000

Costo_train: 0.000678
Precision_train: 1.000000
Recall_train: 0.998775
F1_train: 0.999387

Costo_test: 0.000099
Precision_test: 1.000000
Recall_test: 1.000000
F1_test: 1.000000
 

Arquitectura: _2_3_3_1_
Semilla: 1788086312
Segundos: 94
NIteraciones: 100000

Costo_train: 0.000663
Precision_train: 1.000000
Recall_train: 0.998775
F1_train: 0.999387

Costo_test: 0.000092
Precision_test: 1.000000
Recall_test: 1.000000
F1_test: 1.000000
 

Arquitectura: _2_3_3_1_
Semilla: 1788086312
Segundos: 94
NIteraciones: 100000

Costo_train: 0.000650
Precision_train: 1.000000
Recall_train: 0.998775
F1_train: 0.999387

Costo_test: 0.000102
Precision_test: 1.000000
Recall_test: 1.000000
F1_test: 1.000000
 

Arquitectura: _2_3_3_1_
Semilla: 1788086312
Segundos: 94
NIteraciones: 100000

Costo_train: 0.000602
Precision_train: 1.000000
Recall_train: 0.998775
F1_train: 0.999387

Costo_test: 0.000109
Precision_test: 1.000000
Recall_test: 1.000000
F1_test: 1.000000
 

Arquitectura: _2_3_3_1_
Semilla: 1788086312
Segundos: 94
NIteraciones: 100000

Costo_train: 0.000648
Precision_train: 1.000000
Recall_train: 0.998775
F1_train: 0.999387

Costo_test: 0.000091
Precision_test: 1.000000
Recall_test: 1.000000
F1_test: 1.000000
 

Arquitectura: _2_3_3_1_
Semilla: 1788086312
Segundos: 94
NIteraciones: 100000

Costo_train: 0.000652
Precision_train: 1.000000
Recall_train: 0.998775
F1_train: 0.999387

Costo_test: 0.000089
Precision_test: 1.000000
Recall_test: 1.000000
F1_test: 1.000000
 


--- Test Angosta 3.0 ---
Iteración 10000
Costo: 0.001345
Iteración 20000
Costo: 0.001038
Iteración 30000
Costo: 0.000902
Iteración 40000
Costo: 0.000820
Iteración 50000
Costo: 0.000763
Iteración 60000
Costo: 0.000721
Iteración 70000
Costo: 0.000689
Iteración 80000
Costo: 0.000663
Iteración 90000
Costo: 0.000641

Arquitectura: _2_9_1_
Semilla: 1788086406
Segundos: 51
NIteraciones: 100000

Costo_train: 0.000622
Precision_train: 1.000000
Recall_train: 0.998775
F1_train: 0.999387

Costo_test: 0.000084
Precision_test: 1.000000
Recall_test: 1.000000
F1_test: 1.000000
 

Arquitectura: _2_9_1_
Semilla: 1788086406
Segundos: 51
NIteraciones: 100000

Costo_train: 0.000591
Precision_train: 1.000000
Recall_train: 0.998775
F1_train: 0.999387

Costo_test: 0.000086
Precision_test: 1.000000
Recall_test: 1.000000
F1_test: 1.000000
 

Arquitectura: _2_9_1_
Semilla: 1788086406
Segundos: 51
NIteraciones: 100000

Costo_train: 0.000591
Precision_train: 1.000000
Recall_train: 0.998775
F1_train: 0.999387

Costo_test: 0.000086
Precision_test: 1.000000
Recall_test: 1.000000
F1_test: 1.000000
 

Arquitectura: _2_9_1_
Semilla: 1788086406
Segundos: 51
NIteraciones: 100000

Costo_train: 0.000592
Precision_train: 1.000000
Recall_train: 0.998775
F1_train: 0.999387

Costo_test: 0.000089
Precision_test: 1.000000
Recall_test: 1.000000
F1_test: 1.000000
 

Arquitectura: _2_9_1_
Semilla: 1788086406
Segundos: 51
NIteraciones: 100000

Costo_train: 0.000585
Precision_train: 1.000000
Recall_train: 0.998775
F1_train: 0.999387

Costo_test: 0.000086
Precision_test: 1.000000
Recall_test: 1.000000
F1_test: 1.000000
 

Arquitectura: _2_9_1_
Semilla: 1788086406
Segundos: 51
NIteraciones: 100000

Costo_train: 0.000587
Precision_train: 1.000000
Recall_train: 0.998775
F1_train: 0.999387

Costo_test: 0.000089
Precision_test: 1.000000
Recall_test: 1.000000
F1_test: 1.000000
 

Arquitectura: _2_9_1_
Semilla: 1788086406
Segundos: 51
NIteraciones: 100000

Costo_train: 0.000601
Precision_train: 1.000000
Recall_train: 0.998775
F1_train: 0.999387

Costo_test: 0.000086
Precision_test: 1.000000
Recall_test: 1.000000
F1_test: 1.000000
 

Arquitectura: _2_9_1_
Semilla: 1788086406
Segundos: 51
NIteraciones: 100000

Costo_train: 0.000606
Precision_train: 1.000000
Recall_train: 0.998775
F1_train: 0.999387

Costo_test: 0.000086
Precision_test: 1.000000
Recall_test: 1.000000
F1_test: 1.000000
 

Arquitectura: _2_9_1_
Semilla: 1788086406
Segundos: 51
NIteraciones: 100000

Costo_train: 0.000595
Precision_train: 1.000000
Recall_train: 0.998775
F1_train: 0.999387

Costo_test: 0.000086
Precision_test: 1.000000
Recall_test: 1.000000
F1_test: 1.000000
 

Arquitectura: _2_9_1_
Semilla: 1788086406
Segundos: 51
NIteraciones: 100000

Costo_train: 0.000580
Precision_train: 1.000000
Recall_train: 0.998775
F1_train: 0.999387

Costo_test: 0.000088
Precision_test: 1.000000
Recall_test: 1.000000
F1_test: 1.000000
 

Arquitectura: _2_9_1_
Semilla: 1788086406
Segundos: 51
NIteraciones: 100000

Costo_train: 0.000599
Precision_train: 1.000000
Recall_train: 0.998775
F1_train: 0.999387

Costo_test: 0.000084
Precision_test: 1.000000
Recall_test: 1.000000
F1_test: 1.000000
 

Arquitectura: _2_9_1_
Semilla: 1788086406
Segundos: 51
NIteraciones: 100000

Costo_train: 0.000604
Precision_train: 1.000000
Recall_train: 0.998775
F1_train: 0.999387

Costo_test: 0.000085
Precision_test: 1.000000
Recall_test: 1.000000
F1_test: 1.000000
 

Arquitectura: _2_9_1_
Semilla: 1788086406
Segundos: 51
NIteraciones: 100000

Costo_train: 0.000590
Precision_train: 1.000000
Recall_train: 0.998775
F1_train: 0.999387

Costo_test: 0.000088
Precision_test: 1.000000
Recall_test: 1.000000
F1_test: 1.000000
 

Arquitectura: _2_9_1_
Semilla: 1788086406
Segundos: 51
NIteraciones: 100000

Costo_train: 0.000588
Precision_train: 1.000000
Recall_train: 0.998775
F1_train: 0.999387

Costo_test: 0.000090
Precision_test: 1.000000
Recall_test: 1.000000
F1_test: 1.000000
 

Arquitectura: _2_9_1_
Semilla: 1788086406
Segundos: 51
NIteraciones: 100000

Costo_train: 0.000594
Precision_train: 1.000000
Recall_train: 0.998775
F1_train: 0.999387

Costo_test: 0.000087
Precision_test: 1.000000
Recall_test: 1.000000
F1_test: 1.000000
 

Arquitectura: _2_9_1_
Semilla: 1788086406
Segundos: 51
NIteraciones: 100000

Costo_train: 0.000595
Precision_train: 1.000000
Recall_train: 0.998775
F1_train: 0.999387

Costo_test: 0.000088
Precision_test: 1.000000
Recall_test: 1.000000
F1_test: 1.000000
 

Arquitectura: _2_9_1_
Semilla: 1788086406
Segundos: 51
NIteraciones: 100000

Costo_train: 0.000597
Precision_train: 1.000000
Recall_train: 0.998775
F1_train: 0.999387

Costo_test: 0.000087
Precision_test: 1.000000
Recall_test: 1.000000
F1_test: 1.000000
 

Arquitectura: _2_9_1_
Semilla: 1788086406
Segundos: 51
NIteraciones: 100000

Costo_train: 0.000596
Precision_train: 1.000000
Recall_train: 0.998775
F1_train: 0.999387

Costo_test: 0.000086
Precision_test: 1.000000
Recall_test: 1.000000
F1_test: 1.000000
 

Arquitectura: _2_9_1_
Semilla: 1788086406
Segundos: 51
NIteraciones: 100000

Costo_train: 0.000582
Precision_train: 1.000000
Recall_train: 0.998775
F1_train: 0.999387

Costo_test: 0.000087
Precision_test: 1.000000
Recall_test: 1.000000
F1_test: 1.000000
 

Arquitectura: _2_9_1_
Semilla: 1788086406
Segundos: 51
NIteraciones: 100000

Costo_train: 0.000602
Precision_train: 1.000000
Recall_train: 0.998775
F1_train: 0.999387

Costo_test: 0.000088
Precision_test: 1.000000
Recall_test: 1.000000
F1_test: 1.000000
 

Arquitectura: _2_9_1_
Semilla: 1788086406
Segundos: 51
NIteraciones: 100000

Costo_train: 0.000606
Precision_train: 1.000000
Recall_train: 0.998775
F1_train: 0.999387

Costo_test: 0.000087
Precision_test: 1.000000
Recall_test: 1.000000
F1_test: 1.000000
 

Arquitectura: _2_9_1_
Semilla: 1788086406
Segundos: 51
NIteraciones: 100000

Costo_train: 0.000606
Precision_train: 1.000000
Recall_train: 0.998775
F1_train: 0.999387

Costo_test: 0.000085
Precision_test: 1.000000
Recall_test: 1.000000
F1_test: 1.000000
 

Arquitectura: _2_9_1_
Semilla: 1788086406
Segundos: 51
NIteraciones: 100000

Costo_train: 0.000606
Precision_train: 1.000000
Recall_train: 0.998775
F1_train: 0.999387

Costo_test: 0.000085
Precision_test: 1.000000
Recall_test: 1.000000
F1_test: 1.000000
 

Arquitectura: _2_9_1_
Semilla: 1788086406
Segundos: 51
NIteraciones: 100000

Costo_train: 0.000602
Precision_train: 1.000000
Recall_train: 0.998775
F1_train: 0.999387

Costo_test: 0.000086
Precision_test: 1.000000
Recall_test: 1.000000
F1_test: 1.000000
 

Arquitectura: _2_9_1_
Semilla: 1788086406
Segundos: 51
NIteraciones: 100000

Costo_train: 0.000602
Precision_train: 1.000000
Recall_train: 0.998775
F1_train: 0.999387

Costo_test: 0.000087
Precision_test: 1.000000
Recall_test: 1.000000
F1_test: 1.000000
 

Arquitectura: _2_9_1_
Semilla: 1788086406
Segundos: 51
NIteraciones: 100000

Costo_train: 0.000595
Precision_train: 1.000000
Recall_train: 0.998775
F1_train: 0.999387

Costo_test: 0.000087
Precision_test: 1.000000
Recall_test: 1.000000
F1_test: 1.000000
 

Arquitectura: _2_9_1_
Semilla: 1788086406
Segundos: 51
NIteraciones: 100000

Costo_train: 0.000593
Precision_train: 1.000000
Recall_train: 0.998775
F1_train: 0.999387

Costo_test: 0.000087
Precision_test: 1.000000
Recall_test: 1.000000
F1_test: 1.000000
 

Arquitectura: _2_9_1_
Semilla: 1788086406
Segundos: 51
NIteraciones: 100000

Costo_train: 0.000588
Precision_train: 1.000000
Recall_train: 0.998775
F1_train: 0.999387

Costo_test: 0.000087
Precision_test: 1.000000
Recall_test: 1.000000
F1_test: 1.000000
 

Arquitectura: _2_9_1_
Semilla: 1788086406
Segundos: 51
NIteraciones: 100000

Costo_train: 0.000586
Precision_train: 1.000000
Recall_train: 0.998775
F1_train: 0.999387

Costo_test: 0.000086
Precision_test: 1.000000
Recall_test: 1.000000
F1_test: 1.000000
 

Arquitectura: _2_9_1_
Semilla: 1788086406
Segundos: 51
NIteraciones: 100000

Costo_train: 0.000600
Precision_train: 1.000000
Recall_train: 0.998775
F1_train: 0.999387

Costo_test: 0.000087
Precision_test: 1.000000
Recall_test: 1.000000
F1_test: 1.000000
 

Arquitectura: _2_9_1_
Semilla: 1788086406
Segundos: 51
NIteraciones: 100000

Costo_train: 0.000591
Precision_train: 1.000000
Recall_train: 0.998775
F1_train: 0.999387

Costo_test: 0.000088
Precision_test: 1.000000
Recall_test: 1.000000
F1_test: 1.000000
 

Arquitectura: _2_9_1_
Semilla: 1788086406
Segundos: 51
NIteraciones: 100000

Costo_train: 0.000604
Precision_train: 1.000000
Recall_train: 0.998775
F1_train: 0.999387

Costo_test: 0.000086
Precision_test: 1.000000
Recall_test: 1.000000
F1_test: 1.000000
 

Arquitectura: _2_9_1_
Semilla: 1788086406
Segundos: 51
NIteraciones: 100000

Costo_train: 0.000590
Precision_train: 1.000000
Recall_train: 0.998775
F1_train: 0.999387

Costo_test: 0.000086
Precision_test: 1.000000
Recall_test: 1.000000
F1_test: 1.000000
 

Arquitectura: _2_9_1_
Semilla: 1788086406
Segundos: 51
NIteraciones: 100000

Costo_train: 0.000582
Precision_train: 1.000000
Recall_train: 0.998775
F1_train: 0.999387

Costo_test: 0.000090
Precision_test: 1.000000
Recall_test: 1.000000
F1_test: 1.000000
 

Arquitectura: _2_9_1_
Semilla: 1788086406
Segundos: 51
NIteraciones: 100000

Costo_train: 0.000614
Precision_train: 1.000000
Recall_train: 0.998775
F1_train: 0.999387

Costo_test: 0.000084
Precision_test: 1.000000
Recall_test: 1.000000
F1_test: 1.000000
 

Arquitectura: _2_9_1_
Semilla: 1788086406
Segundos: 51
NIteraciones: 100000

Costo_train: 0.000592
Precision_train: 1.000000
Recall_train: 0.998775
F1_train: 0.999387

Costo_test: 0.000087
Precision_test: 1.000000
Recall_test: 1.000000
F1_test: 1.000000
 

Arquitectura: _2_9_1_
Semilla: 1788086406
Segundos: 51
NIteraciones: 100000

Costo_train: 0.000598
Precision_train: 1.000000
Recall_train: 0.998775
F1_train: 0.999387

Costo_test: 0.000086
Precision_test: 1.000000
Recall_test: 1.000000
F1_test: 1.000000
 

Arquitectura: _2_9_1_
Semilla: 1788086406
Segundos: 51
NIteraciones: 100000

Costo_train: 0.000599
Precision_train: 1.000000
Recall_train: 0.998775
F1_train: 0.999387

Costo_test: 0.000087
Precision_test: 1.000000
Recall_test: 1.000000
F1_test: 1.000000
 

Arquitectura: _2_9_1_
Semilla: 1788086406
Segundos: 51
NIteraciones: 100000

Costo_train: 0.000591
Precision_train: 1.000000
Recall_train: 0.998775
F1_train: 0.999387

Costo_test: 0.000086
Precision_test: 1.000000
Recall_test: 1.000000
F1_test: 1.000000
 

Arquitectura: _2_9_1_
Semilla: 1788086406
Segundos: 51
NIteraciones: 100000

Costo_train: 0.000589
Precision_train: 1.000000
Recall_train: 0.998775
F1_train: 0.999387

Costo_test: 0.000088
Precision_test: 1.000000
Recall_test: 1.000000
F1_test: 1.000000
 

Arquitectura: _2_9_1_
Semilla: 1788086406
Segundos: 51
NIteraciones: 100000

Costo_train: 0.000585
Precision_train: 1.000000
Recall_train: 0.998775
F1_train: 0.999387

Costo_test: 0.000088
Precision_test: 1.000000
Recall_test: 1.000000
F1_test: 1.000000
 

Arquitectura: _2_9_1_
Semilla: 1788086406
Segundos: 51
NIteraciones: 100000

Costo_train: 0.000598
Precision_train: 1.000000
Recall_train: 0.998775
F1_train: 0.999387

Costo_test: 0.000085
Precision_test: 1.000000
Recall_test: 1.000000
F1_test: 1.000000
 

Arquitectura: _2_9_1_
Semilla: 1788086406
Segundos: 51
NIteraciones: 100000

Costo_train: 0.000580
Precision_train: 1.000000
Recall_train: 0.998775
F1_train: 0.999387

Costo_test: 0.000086
Precision_test: 1.000000
Recall_test: 1.000000
F1_test: 1.000000
 

Arquitectura: _2_9_1_
Semilla: 1788086406
Segundos: 51
NIteraciones: 100000

Costo_train: 0.000588
Precision_train: 1.000000
Recall_train: 0.998775
F1_train: 0.999387

Costo_test: 0.000087
Precision_test: 1.000000
Recall_test: 1.000000
F1_test: 1.000000
 

Arquitectura: _2_9_1_
Semilla: 1788086406
Segundos: 51
NIteraciones: 100000

Costo_train: 0.000577
Precision_train: 1.000000
Recall_train: 0.998775
F1_train: 0.999387

Costo_test: 0.000090
Precision_test: 1.000000
Recall_test: 1.000000
F1_test: 1.000000
 

Arquitectura: _2_9_1_
Semilla: 1788086406
Segundos: 51
NIteraciones: 100000

Costo_train: 0.000598
Precision_train: 1.000000
Recall_train: 0.998775
F1_train: 0.999387

Costo_test: 0.000087
Precision_test: 1.000000
Recall_test: 1.000000
F1_test: 1.000000
 

Arquitectura: _2_9_1_
Semilla: 1788086406
Segundos: 51
NIteraciones: 100000

Costo_train: 0.000586
Precision_train: 1.000000
Recall_train: 0.998775
F1_train: 0.999387

Costo_test: 0.000087
Precision_test: 1.000000
Recall_test: 1.000000
F1_test: 1.000000
 

Arquitectura: _2_9_1_
Semilla: 1788086406
Segundos: 51
NIteraciones: 100000

Costo_train: 0.000587
Precision_train: 1.000000
Recall_train: 0.998775
F1_train: 0.999387

Costo_test: 0.000090
Precision_test: 1.000000
Recall_test: 1.000000
F1_test: 1.000000
 

Arquitectura: _2_9_1_
Semilla: 1788086406
Segundos: 51
NIteraciones: 100000

Costo_train: 0.000590
Precision_train: 1.000000
Recall_train: 0.998775
F1_train: 0.999387

Costo_test: 0.000089
Precision_test: 1.000000
Recall_test: 1.000000
F1_test: 1.000000
 

Arquitectura: _2_9_1_
Semilla: 1788086406
Segundos: 51
NIteraciones: 100000

Costo_train: 0.000594
Precision_train: 1.000000
Recall_train: 0.998775
F1_train: 0.999387

Costo_test: 0.000087
Precision_test: 1.000000
Recall_test: 1.000000
F1_test: 1.000000
 

Arquitectura: _2_9_1_
Semilla: 1788086406
Segundos: 51
NIteraciones: 100000

Costo_train: 0.000599
Precision_train: 1.000000
Recall_train: 0.998775
F1_train: 0.999387

Costo_test: 0.000089
Precision_test: 1.000000
Recall_test: 1.000000
F1_test: 1.000000
 

Arquitectura: _2_9_1_
Semilla: 1788086406
Segundos: 51
NIteraciones: 100000

Costo_train: 0.000590
Precision_train: 1.000000
Recall_train: 0.998775
F1_train: 0.999387

Costo_test: 0.000087
Precision_test: 1.000000
Recall_test: 1.000000
F1_test: 1.000000
 

Arquitectura: _2_9_1_
Semilla: 1788086406
Segundos: 51
NIteraciones: 100000

Costo_train: 0.000582
Precision_train: 1.000000
Recall_train: 0.998775
F1_train: 0.999387

Costo_test: 0.000090
Precision_test: 1.000000
Recall_test: 1.000000
F1_test: 1.000000
 

Arquitectura: _2_9_1_
Semilla: 1788086406
Segundos: 51
NIteraciones: 100000

Costo_train: 0.000606
Precision_train: 1.000000
Recall_train: 0.998775
F1_train: 0.999387

Costo_test: 0.000087
Precision_test: 1.000000
Recall_test: 1.000000
F1_test: 1.000000
 

Arquitectura: _2_9_1_
Semilla: 1788086406
Segundos: 51
NIteraciones: 100000

Costo_train: 0.000583
Precision_train: 1.000000
Recall_train: 0.998775
F1_train: 0.999387

Costo_test: 0.000089
Precision_test: 1.000000
Recall_test: 1.000000
F1_test: 1.000000
 

Arquitectura: _2_9_1_
Semilla: 1788086406
Segundos: 51
NIteraciones: 100000

Costo_train: 0.000590
Precision_train: 1.000000
Recall_train: 0.998775
F1_train: 0.999387

Costo_test: 0.000088
Precision_test: 1.000000
Recall_test: 1.000000
F1_test: 1.000000
 

Arquitectura: _2_9_1_
Semilla: 1788086406
Segundos: 51
NIteraciones: 100000

Costo_train: 0.000603
Precision_train: 1.000000
Recall_train: 0.998775
F1_train: 0.999387

Costo_test: 0.000088
Precision_test: 1.000000
Recall_test: 1.000000
F1_test: 1.000000
 

Arquitectura: _2_9_1_
Semilla: 1788086406
Segundos: 51
NIteraciones: 100000

Costo_train: 0.000591
Precision_train: 1.000000
Recall_train: 0.998775
F1_train: 0.999387

Costo_test: 0.000083
Precision_test: 1.000000
Recall_test: 1.000000
F1_test: 1.000000
 

Arquitectura: _2_9_1_
Semilla: 1788086406
Segundos: 51
NIteraciones: 100000

Costo_train: 0.000611
Precision_train: 1.000000
Recall_train: 0.998775
F1_train: 0.999387

Costo_test: 0.000088
Precision_test: 1.000000
Recall_test: 1.000000
F1_test: 1.000000
 

Arquitectura: _2_9_1_
Semilla: 1788086406
Segundos: 51
NIteraciones: 100000

Costo_train: 0.000597
Precision_train: 1.000000
Recall_train: 0.998775
F1_train: 0.999387

Costo_test: 0.000085
Precision_test: 1.000000
Recall_test: 1.000000
F1_test: 1.000000
 

Arquitectura: _2_9_1_
Semilla: 1788086406
Segundos: 51
NIteraciones: 100000

Costo_train: 0.000592
Precision_train: 1.000000
Recall_train: 0.998775
F1_train: 0.999387

Costo_test: 0.000086
Precision_test: 1.000000
Recall_test: 1.000000
F1_test: 1.000000
 

Arquitectura: _2_9_1_
Semilla: 1788086406
Segundos: 51
NIteraciones: 100000

Costo_train: 0.000583
Precision_train: 1.000000
Recall_train: 0.998775
F1_train: 0.999387

Costo_test: 0.000088
Precision_test: 1.000000
Recall_test: 1.000000
F1_test: 1.000000
 

Arquitectura: _2_9_1_
Semilla: 1788086406
Segundos: 51
NIteraciones: 100000

Costo_train: 0.000602
Precision_train: 1.000000
Recall_train: 0.998775
F1_train: 0.999387

Costo_test: 0.000087
Precision_test: 1.000000
Recall_test: 1.000000
F1_test: 1.000000
 

Arquitectura: _2_9_1_
Semilla: 1788086406
Segundos: 51
NIteraciones: 100000

Costo_train: 0.000603
Precision_train: 1.000000
Recall_train: 0.998775
F1_train: 0.999387

Costo_test: 0.000088
Precision_test: 1.000000
Recall_test: 1.000000
F1_test: 1.000000
 

Arquitectura: _2_9_1_
Semilla: 1788086406
Segundos: 51
NIteraciones: 100000

Costo_train: 0.000579
Precision_train: 1.000000
Recall_train: 0.998775
F1_train: 0.999387

Costo_test: 0.000087
Precision_test: 1.000000
Recall_test: 1.000000
F1_test: 1.000000
 

Arquitectura: _2_9_1_
Semilla: 1788086406
Segundos: 51
NIteraciones: 100000

Costo_train: 0.000586
Precision_train: 1.000000
Recall_train: 0.998775
F1_train: 0.999387

Costo_test: 0.000090
Precision_test: 1.000000
Recall_test: 1.000000
F1_test: 1.000000
 

Arquitectura: _2_9_1_
Semilla: 1788086406
Segundos: 51
NIteraciones: 100000

Costo_train: 0.000597
Precision_train: 1.000000
Recall_train: 0.998775
F1_train: 0.999387

Costo_test: 0.000084
Precision_test: 1.000000
Recall_test: 1.000000
F1_test: 1.000000
 

Arquitectura: _2_9_1_
Semilla: 1788086406
Segundos: 51
NIteraciones: 100000

Costo_train: 0.000585
Precision_train: 1.000000
Recall_train: 0.998775
F1_train: 0.999387

Costo_test: 0.000089
Precision_test: 1.000000
Recall_test: 1.000000
F1_test: 1.000000
 

Arquitectura: _2_9_1_
Semilla: 1788086406
Segundos: 51
NIteraciones: 100000

Costo_train: 0.000596
Precision_train: 1.000000
Recall_train: 0.998775
F1_train: 0.999387

Costo_test: 0.000085
Precision_test: 1.000000
Recall_test: 1.000000
F1_test: 1.000000
 

Arquitectura: _2_9_1_
Semilla: 1788086406
Segundos: 51
NIteraciones: 100000

Costo_train: 0.000616
Precision_train: 1.000000
Recall_train: 0.998775
F1_train: 0.999387

Costo_test: 0.000086
Precision_test: 1.000000
Recall_test: 1.000000
F1_test: 1.000000
 

Arquitectura: _2_9_1_
Semilla: 1788086406
Segundos: 51
NIteraciones: 100000

Costo_train: 0.000600
Precision_train: 1.000000
Recall_train: 0.998775
F1_train: 0.999387

Costo_test: 0.000088
Precision_test: 1.000000
Recall_test: 1.000000
F1_test: 1.000000
 

Arquitectura: _2_9_1_
Semilla: 1788086406
Segundos: 51
NIteraciones: 100000

Costo_train: 0.000587
Precision_train: 1.000000
Recall_train: 0.998775
F1_train: 0.999387

Costo_test: 0.000086
Precision_test: 1.000000
Recall_test: 1.000000
F1_test: 1.000000
 

Arquitectura: _2_9_1_
Semilla: 1788086406
Segundos: 51
NIteraciones: 100000

Costo_train: 0.000617
Precision_train: 1.000000
Recall_train: 0.998775
F1_train: 0.999387

Costo_test: 0.000089
Precision_test: 1.000000
Recall_test: 1.000000
F1_test: 1.000000
 

Arquitectura: _2_9_1_
Semilla: 1788086406
Segundos: 51
NIteraciones: 100000

Costo_train: 0.000592
Precision_train: 1.000000
Recall_train: 0.998775
F1_train: 0.999387

Costo_test: 0.000087
Precision_test: 1.000000
Recall_test: 1.000000
F1_test: 1.000000
 

Arquitectura: _2_9_1_
Semilla: 1788086406
Segundos: 51
NIteraciones: 100000

Costo_train: 0.000584
Precision_train: 1.000000
Recall_train: 0.998775
F1_train: 0.999387

Costo_test: 0.000088
Precision_test: 1.000000
Recall_test: 1.000000
F1_test: 1.000000
 

Arquitectura: _2_9_1_
Semilla: 1788086406
Segundos: 51
NIteraciones: 100000

Costo_train: 0.000587
Precision_train: 1.000000
Recall_train: 0.998775
F1_train: 0.999387

Costo_test: 0.000087
Precision_test: 1.000000
Recall_test: 1.000000
F1_test: 1.000000
 

Arquitectura: _2_9_1_
Semilla: 1788086406
Segundos: 51
NIteraciones: 100000

Costo_train: 0.000593
Precision_train: 1.000000
Recall_train: 0.998775
F1_train: 0.999387

Costo_test: 0.000088
Precision_test: 1.000000
Recall_test: 1.000000
F1_test: 1.000000
 

Arquitectura: _2_9_1_
Semilla: 1788086406
Segundos: 51
NIteraciones: 100000

Costo_train: 0.000597
Precision_train: 1.000000
Recall_train: 0.998775
F1_train: 0.999387

Costo_test: 0.000084
Precision_test: 1.000000
Recall_test: 1.000000
F1_test: 1.000000
 

Arquitectura: _2_9_1_
Semilla: 1788086406
Segundos: 51
NIteraciones: 100000

Costo_train: 0.000594
Precision_train: 1.000000
Recall_train: 0.998775
F1_train: 0.999387

Costo_test: 0.000089
Precision_test: 1.000000
Recall_test: 1.000000
F1_test: 1.000000
 

Arquitectura: _2_9_1_
Semilla: 1788086406
Segundos: 51
NIteraciones: 100000

Costo_train: 0.000602
Precision_train: 1.000000
Recall_train: 0.998775
F1_train: 0.999387

Costo_test: 0.000087
Precision_test: 1.000000
Recall_test: 1.000000
F1_test: 1.000000
 

Arquitectura: _2_9_1_
Semilla: 1788086406
Segundos: 51
NIteraciones: 100000

Costo_train: 0.000588
Precision_train: 1.000000
Recall_train: 0.998775
F1_train: 0.999387

Costo_test: 0.000087
Precision_test: 1.000000
Recall_test: 1.000000
F1_test: 1.000000
 

Arquitectura: _2_9_1_
Semilla: 1788086406
Segundos: 51
NIteraciones: 100000

Costo_train: 0.000581
Precision_train: 1.000000
Recall_train: 0.998775
F1_train: 0.999387

Costo_test: 0.000089
Precision_test: 1.000000
Recall_test: 1.000000
F1_test: 1.000000
 

Arquitectura: _2_9_1_
Semilla: 1788086406
Segundos: 51
NIteraciones: 100000

Costo_train: 0.000635
Precision_train: 1.000000
Recall_train: 0.998775
F1_train: 0.999387

Costo_test: 0.000081
Precision_test: 1.000000
Recall_test: 1.000000
F1_test: 1.000000
 

Arquitectura: _2_9_1_
Semilla: 1788086406
Segundos: 51
NIteraciones: 100000

Costo_train: 0.000601
Precision_train: 1.000000
Recall_train: 0.998775
F1_train: 0.999387

Costo_test: 0.000086
Precision_test: 1.000000
Recall_test: 1.000000
F1_test: 1.000000
 

Arquitectura: _2_9_1_
Semilla: 1788086406
Segundos: 51
NIteraciones: 100000

Costo_train: 0.000601
Precision_train: 1.000000
Recall_train: 0.998775
F1_train: 0.999387

Costo_test: 0.000089
Precision_test: 1.000000
Recall_test: 1.000000
F1_test: 1.000000
 

Arquitectura: _2_9_1_
Semilla: 1788086406
Segundos: 51
NIteraciones: 100000

Costo_train: 0.000599
Precision_train: 1.000000
Recall_train: 0.998775
F1_train: 0.999387

Costo_test: 0.000085
Precision_test: 1.000000
Recall_test: 1.000000
F1_test: 1.000000
 

Arquitectura: _2_9_1_
Semilla: 1788086406
Segundos: 51
NIteraciones: 100000

Costo_train: 0.000587
Precision_train: 1.000000
Recall_train: 0.998775
F1_train: 0.999387

Costo_test: 0.000087
Precision_test: 1.000000
Recall_test: 1.000000
F1_test: 1.000000
 

Arquitectura: _2_9_1_
Semilla: 1788086406
Segundos: 51
NIteraciones: 100000

Costo_train: 0.000595
Precision_train: 1.000000
Recall_train: 0.998775
F1_train: 0.999387

Costo_test: 0.000089
Precision_test: 1.000000
Recall_test: 1.000000
F1_test: 1.000000
 

Arquitectura: _2_9_1_
Semilla: 1788086406
Segundos: 51
NIteraciones: 100000

Costo_train: 0.000586
Precision_train: 1.000000
Recall_train: 0.998775
F1_train: 0.999387

Costo_test: 0.000089
Precision_test: 1.000000
Recall_test: 1.000000
F1_test: 1.000000
 

Arquitectura: _2_9_1_
Semilla: 1788086406
Segundos: 51
NIteraciones: 100000

Costo_train: 0.000584
Precision_train: 1.000000
Recall_train: 0.998775
F1_train: 0.999387

Costo_test: 0.000087
Precision_test: 1.000000
Recall_test: 1.000000
F1_test: 1.000000
 

Arquitectura: _2_9_1_
Semilla: 1788086406
Segundos: 51
NIteraciones: 100000

Costo_train: 0.000603
Precision_train: 1.000000
Recall_train: 0.998775
F1_train: 0.999387

Costo_test: 0.000086
Precision_test: 1.000000
Recall_test: 1.000000
F1_test: 1.000000
 

Arquitectura: _2_9_1_
Semilla: 1788086406
Segundos: 51
NIteraciones: 100000

Costo_train: 0.000606
Precision_train: 1.000000
Recall_train: 0.998775
F1_train: 0.999387

Costo_test: 0.000087
Precision_test: 1.000000
Recall_test: 1.000000
F1_test: 1.000000
 

Arquitectura: _2_9_1_
Semilla: 1788086406
Segundos: 51
NIteraciones: 100000

Costo_train: 0.000613
Precision_train: 1.000000
Recall_train: 0.998775
F1_train: 0.999387

Costo_test: 0.000083
Precision_test: 1.000000
Recall_test: 1.000000
F1_test: 1.000000
 

Arquitectura: _2_9_1_
Semilla: 1788086406
Segundos: 51
NIteraciones: 100000

Costo_train: 0.000595
Precision_train: 1.000000
Recall_train: 0.998775
F1_train: 0.999387

Costo_test: 0.000086
Precision_test: 1.000000
Recall_test: 1.000000
F1_test: 1.000000
 

Arquitectura: _2_9_1_
Semilla: 1788086406
Segundos: 51
NIteraciones: 100000

Costo_train: 0.000590
Precision_train: 1.000000
Recall_train: 0.998775
F1_train: 0.999387

Costo_test: 0.000088
Precision_test: 1.000000
Recall_test: 1.000000
F1_test: 1.000000
 

Arquitectura: _2_9_1_
Semilla: 1788086406
Segundos: 51
NIteraciones: 100000

Costo_train: 0.000596
Precision_train: 1.000000
Recall_train: 0.998775
F1_train: 0.999387

Costo_test: 0.000088
Precision_test: 1.000000
Recall_test: 1.000000
F1_test: 1.000000
 

Arquitectura: _2_9_1_
Semilla: 1788086406
Segundos: 51
NIteraciones: 100000

Costo_train: 0.000603
Precision_train: 1.000000
Recall_train: 0.998775
F1_train: 0.999387

Costo_test: 0.000088
Precision_test: 1.000000
Recall_test: 1.000000
F1_test: 1.000000
 

Arquitectura: _2_9_1_
Semilla: 1788086406
Segundos: 51
NIteraciones: 100000

Costo_train: 0.000584
Precision_train: 1.000000
Recall_train: 0.998775
F1_train: 0.999387

Costo_test: 0.000087
Precision_test: 1.000000
Recall_test: 1.000000
F1_test: 1.000000
 

Arquitectura: _2_9_1_
Semilla: 1788086406
Segundos: 51
NIteraciones: 100000

Costo_train: 0.000582
Precision_train: 1.000000
Recall_train: 0.998775
F1_train: 0.999387

Costo_test: 0.000086
Precision_test: 1.000000
Recall_test: 1.000000
F1_test: 1.000000
 

Arquitectura: _2_9_1_
Semilla: 1788086406
Segundos: 51
NIteraciones: 100000

Costo_train: 0.000608
Precision_train: 1.000000
Recall_train: 0.998775
F1_train: 0.999387

Costo_test: 0.000084
Precision_test: 1.000000
Recall_test: 1.000000
F1_test: 1.000000
 


--- Test Profunda 3.0 ---
Iteración 10000
Costo: 0.004100
Iteración 20000
Costo: 0.001837
Iteración 30000
Costo: 0.001334
Iteración 40000
Costo: 0.001091
Iteración 50000
Costo: 0.000952
Iteración 60000
Costo: 0.000867
Iteración 70000
Costo: 0.000811
Iteración 80000
Costo: 0.000772
Iteración 90000
Costo: 0.000743

Arquitectura: _2_3_3_3_1_
Semilla: 1788086457
Segundos: 140
NIteraciones: 100000

Costo_train: 0.000721
Precision_train: 1.000000
Recall_train: 0.998775
F1_train: 0.999387

Costo_test: 0.000134
Precision_test: 1.000000
Recall_test: 1.000000
F1_test: 1.000000
 

Arquitectura: _2_3_3_3_1_
Semilla: 1788086457
Segundos: 140
NIteraciones: 100000

Costo_train: 0.000688
Precision_train: 1.000000
Recall_train: 0.998775
F1_train: 0.999387

Costo_test: 0.000107
Precision_test: 1.000000
Recall_test: 1.000000
F1_test: 1.000000
 

Arquitectura: _2_3_3_3_1_
Semilla: 1788086457
Segundos: 140
NIteraciones: 100000

Costo_train: 0.000669
Precision_train: 1.000000
Recall_train: 0.998775
F1_train: 0.999387

Costo_test: 0.000104
Precision_test: 1.000000
Recall_test: 1.000000
F1_test: 1.000000
 

Arquitectura: _2_3_3_3_1_
Semilla: 1788086457
Segundos: 140
NIteraciones: 100000

Costo_train: 0.000703
Precision_train: 1.000000
Recall_train: 0.998775
F1_train: 0.999387

Costo_test: 0.000133
Precision_test: 1.000000
Recall_test: 1.000000
F1_test: 1.000000
 

Arquitectura: _2_3_3_3_1_
Semilla: 1788086457
Segundos: 140
NIteraciones: 100000

Costo_train: 0.000714
Precision_train: 1.000000
Recall_train: 0.998775
F1_train: 0.999387

Costo_test: 0.000125
Precision_test: 1.000000
Recall_test: 1.000000
F1_test: 1.000000
 

Arquitectura: _2_3_3_3_1_
Semilla: 1788086457
Segundos: 140
NIteraciones: 100000

Costo_train: 0.000712
Precision_train: 1.000000
Recall_train: 0.998775
F1_train: 0.999387

Costo_test: 0.000115
Precision_test: 1.000000
Recall_test: 1.000000
F1_test: 1.000000
 

Arquitectura: _2_3_3_3_1_
Semilla: 1788086457
Segundos: 140
NIteraciones: 100000

Costo_train: 0.000721
Precision_train: 1.000000
Recall_train: 0.998775
F1_train: 0.999387

Costo_test: 0.000129
Precision_test: 1.000000
Recall_test: 1.000000
F1_test: 1.000000
 

Arquitectura: _2_3_3_3_1_
Semilla: 1788086457
Segundos: 140
NIteraciones: 100000

Costo_train: 0.000690
Precision_train: 1.000000
Recall_train: 0.998775
F1_train: 0.999387

Costo_test: 0.000107
Precision_test: 1.000000
Recall_test: 1.000000
F1_test: 1.000000
 

Arquitectura: _2_3_3_3_1_
Semilla: 1788086457
Segundos: 140
NIteraciones: 100000

Costo_train: 0.000729
Precision_train: 1.000000
Recall_train: 0.998775
F1_train: 0.999387

Costo_test: 0.000134
Precision_test: 1.000000
Recall_test: 1.000000
F1_test: 1.000000
 

Arquitectura: _2_3_3_3_1_
Semilla: 1788086457
Segundos: 140
NIteraciones: 100000

Costo_train: 0.000689
Precision_train: 1.000000
Recall_train: 0.998775
F1_train: 0.999387

Costo_test: 0.000107
Precision_test: 1.000000
Recall_test: 1.000000
F1_test: 1.000000
 

Arquitectura: _2_3_3_3_1_
Semilla: 1788086457
Segundos: 140
NIteraciones: 100000

Costo_train: 0.000711
Precision_train: 1.000000
Recall_train: 0.998775
F1_train: 0.999387

Costo_test: 0.000118
Precision_test: 1.000000
Recall_test: 1.000000
F1_test: 1.000000
 

Arquitectura: _2_3_3_3_1_
Semilla: 1788086457
Segundos: 140
NIteraciones: 100000

Costo_train: 0.000691
Precision_train: 1.000000
Recall_train: 0.998775
F1_train: 0.999387

Costo_test: 0.000108
Precision_test: 1.000000
Recall_test: 1.000000
F1_test: 1.000000
 

Arquitectura: _2_3_3_3_1_
Semilla: 1788086457
Segundos: 140
NIteraciones: 100000

Costo_train: 0.000707
Precision_train: 1.000000
Recall_train: 0.998775
F1_train: 0.999387

Costo_test: 0.000123
Precision_test: 1.000000
Recall_test: 1.000000
F1_test: 1.000000
 

Arquitectura: _2_3_3_3_1_
Semilla: 1788086457
Segundos: 140
NIteraciones: 100000

Costo_train: 0.000691
Precision_train: 1.000000
Recall_train: 0.998775
F1_train: 0.999387

Costo_test: 0.000111
Precision_test: 1.000000
Recall_test: 1.000000
F1_test: 1.000000
 

Arquitectura: _2_3_3_3_1_
Semilla: 1788086457
Segundos: 140
NIteraciones: 100000

Costo_train: 0.000742
Precision_train: 1.000000
Recall_train: 0.998775
F1_train: 0.999387

Costo_test: 0.000136
Precision_test: 1.000000
Recall_test: 1.000000
F1_test: 1.000000
 

Arquitectura: _2_3_3_3_1_
Semilla: 1788086457
Segundos: 140
NIteraciones: 100000

Costo_train: 0.000717
Precision_train: 1.000000
Recall_train: 0.998775
F1_train: 0.999387

Costo_test: 0.000126
Precision_test: 1.000000
Recall_test: 1.000000
F1_test: 1.000000
 

Arquitectura: _2_3_3_3_1_
Semilla: 1788086457
Segundos: 140
NIteraciones: 100000

Costo_train: 0.000705
Precision_train: 1.000000
Recall_train: 0.998775
F1_train: 0.999387

Costo_test: 0.000126
Precision_test: 1.000000
Recall_test: 1.000000
F1_test: 1.000000
 

Arquitectura: _2_3_3_3_1_
Semilla: 1788086457
Segundos: 140
NIteraciones: 100000

Costo_train: 0.000697
Precision_train: 1.000000
Recall_train: 0.998775
F1_train: 0.999387

Costo_test: 0.000109
Precision_test: 1.000000
Recall_test: 1.000000
F1_test: 1.000000
 

Arquitectura: _2_3_3_3_1_
Semilla: 1788086457
Segundos: 140
NIteraciones: 100000

Costo_train: 0.000751
Precision_train: 1.000000
Recall_train: 0.998775
F1_train: 0.999387

Costo_test: 0.000169
Precision_test: 1.000000
Recall_test: 1.000000
F1_test: 1.000000
 

Arquitectura: _2_3_3_3_1_
Semilla: 1788086457
Segundos: 140
NIteraciones: 100000

Costo_train: 0.000713
Precision_train: 1.000000
Recall_train: 0.998775
F1_train: 0.999387

Costo_test: 0.000133
Precision_test: 1.000000
Recall_test: 1.000000
F1_test: 1.000000
 

Arquitectura: _2_3_3_3_1_
Semilla: 1788086457
Segundos: 140
NIteraciones: 100000

Costo_train: 0.000704
Precision_train: 1.000000
Recall_train: 0.998775
F1_train: 0.999387

Costo_test: 0.000122
Precision_test: 1.000000
Recall_test: 1.000000
F1_test: 1.000000
 

Arquitectura: _2_3_3_3_1_
Semilla: 1788086457
Segundos: 140
NIteraciones: 100000

Costo_train: 0.000688
Precision_train: 1.000000
Recall_train: 0.998775
F1_train: 0.999387

Costo_test: 0.000106
Precision_test: 1.000000
Recall_test: 1.000000
F1_test: 1.000000
 

Arquitectura: _2_3_3_3_1_
Semilla: 1788086457
Segundos: 140
NIteraciones: 100000

Costo_train: 0.000722
Precision_train: 1.000000
Recall_train: 0.998775
F1_train: 0.999387

Costo_test: 0.000135
Precision_test: 1.000000
Recall_test: 1.000000
F1_test: 1.000000
 

Arquitectura: _2_3_3_3_1_
Semilla: 1788086457
Segundos: 140
NIteraciones: 100000

Costo_train: 0.000693
Precision_train: 1.000000
Recall_train: 0.998775
F1_train: 0.999387

Costo_test: 0.000112
Precision_test: 1.000000
Recall_test: 1.000000
F1_test: 1.000000
 

Arquitectura: _2_3_3_3_1_
Semilla: 1788086457
Segundos: 140
NIteraciones: 100000

Costo_train: 0.000705
Precision_train: 1.000000
Recall_train: 0.998775
F1_train: 0.999387

Costo_test: 0.000116
Precision_test: 1.000000
Recall_test: 1.000000
F1_test: 1.000000
 

Arquitectura: _2_3_3_3_1_
Semilla: 1788086457
Segundos: 140
NIteraciones: 100000

Costo_train: 0.000735
Precision_train: 1.000000
Recall_train: 0.998775
F1_train: 0.999387

Costo_test: 0.000125
Precision_test: 1.000000
Recall_test: 1.000000
F1_test: 1.000000
 

Arquitectura: _2_3_3_3_1_
Semilla: 1788086457
Segundos: 140
NIteraciones: 100000

Costo_train: 0.000706
Precision_train: 1.000000
Recall_train: 0.998775
F1_train: 0.999387

Costo_test: 0.000109
Precision_test: 1.000000
Recall_test: 1.000000
F1_test: 1.000000
 

Arquitectura: _2_3_3_3_1_
Semilla: 1788086457
Segundos: 140
NIteraciones: 100000

Costo_train: 0.000680
Precision_train: 1.000000
Recall_train: 0.998775
F1_train: 0.999387

Costo_test: 0.000107
Precision_test: 1.000000
Recall_test: 1.000000
F1_test: 1.000000
 

Arquitectura: _2_3_3_3_1_
Semilla: 1788086457
Segundos: 140
NIteraciones: 100000

Costo_train: 0.000703
Precision_train: 1.000000
Recall_train: 0.998775
F1_train: 0.999387

Costo_test: 0.000122
Precision_test: 1.000000
Recall_test: 1.000000
F1_test: 1.000000
 

Arquitectura: _2_3_3_3_1_
Semilla: 1788086457
Segundos: 140
NIteraciones: 100000

Costo_train: 0.000702
Precision_train: 1.000000
Recall_train: 0.998775
F1_train: 0.999387

Costo_test: 0.000111
Precision_test: 1.000000
Recall_test: 1.000000
F1_test: 1.000000
 

Arquitectura: _2_3_3_3_1_
Semilla: 1788086457
Segundos: 140
NIteraciones: 100000

Costo_train: 0.000690
Precision_train: 1.000000
Recall_train: 0.998775
F1_train: 0.999387

Costo_test: 0.000108
Precision_test: 1.000000
Recall_test: 1.000000
F1_test: 1.000000
 

Arquitectura: _2_3_3_3_1_
Semilla: 1788086457
Segundos: 140
NIteraciones: 100000

Costo_train: 0.000690
Precision_train: 1.000000
Recall_train: 0.998775
F1_train: 0.999387

Costo_test: 0.000110
Precision_test: 1.000000
Recall_test: 1.000000
F1_test: 1.000000
 

Arquitectura: _2_3_3_3_1_
Semilla: 1788086457
Segundos: 140
NIteraciones: 100000

Costo_train: 0.000724
Precision_train: 1.000000
Recall_train: 0.998775
F1_train: 0.999387

Costo_test: 0.000128
Precision_test: 1.000000
Recall_test: 1.000000
F1_test: 1.000000
 

Arquitectura: _2_3_3_3_1_
Semilla: 1788086457
Segundos: 140
NIteraciones: 100000

Costo_train: 0.000706
Precision_train: 1.000000
Recall_train: 0.998775
F1_train: 0.999387

Costo_test: 0.000118
Precision_test: 1.000000
Recall_test: 1.000000
F1_test: 1.000000
 

Arquitectura: _2_3_3_3_1_
Semilla: 1788086457
Segundos: 140
NIteraciones: 100000

Costo_train: 0.000723
Precision_train: 1.000000
Recall_train: 0.998775
F1_train: 0.999387

Costo_test: 0.000138
Precision_test: 1.000000
Recall_test: 1.000000
F1_test: 1.000000
 

Arquitectura: _2_3_3_3_1_
Semilla: 1788086457
Segundos: 140
NIteraciones: 100000

Costo_train: 0.000758
Precision_train: 1.000000
Recall_train: 0.998775
F1_train: 0.999387

Costo_test: 0.000145
Precision_test: 1.000000
Recall_test: 1.000000
F1_test: 1.000000
 

Arquitectura: _2_3_3_3_1_
Semilla: 1788086457
Segundos: 140
NIteraciones: 100000

Costo_train: 0.000706
Precision_train: 1.000000
Recall_train: 0.998775
F1_train: 0.999387

Costo_test: 0.000126
Precision_test: 1.000000
Recall_test: 1.000000
F1_test: 1.000000
 

Arquitectura: _2_3_3_3_1_
Semilla: 1788086457
Segundos: 140
NIteraciones: 100000

Costo_train: 0.000722
Precision_train: 1.000000
Recall_train: 0.998775
F1_train: 0.999387

Costo_test: 0.000124
Precision_test: 1.000000
Recall_test: 1.000000
F1_test: 1.000000
 

Arquitectura: _2_3_3_3_1_
Semilla: 1788086457
Segundos: 140
NIteraciones: 100000

Costo_train: 0.000702
Precision_train: 1.000000
Recall_train: 0.998775
F1_train: 0.999387

Costo_test: 0.000110
Precision_test: 1.000000
Recall_test: 1.000000
F1_test: 1.000000
 

Arquitectura: _2_3_3_3_1_
Semilla: 1788086457
Segundos: 140
NIteraciones: 100000

Costo_train: 0.000804
Precision_train: 1.000000
Recall_train: 0.998775
F1_train: 0.999387

Costo_test: 0.000212
Precision_test: 1.000000
Recall_test: 1.000000
F1_test: 1.000000
 

Arquitectura: _2_3_3_3_1_
Semilla: 1788086457
Segundos: 140
NIteraciones: 100000

Costo_train: 0.000715
Precision_train: 1.000000
Recall_train: 0.998775
F1_train: 0.999387

Costo_test: 0.000123
Precision_test: 1.000000
Recall_test: 1.000000
F1_test: 1.000000
 

Arquitectura: _2_3_3_3_1_
Semilla: 1788086457
Segundos: 140
NIteraciones: 100000

Costo_train: 0.000691
Precision_train: 1.000000
Recall_train: 0.998775
F1_train: 0.999387

Costo_test: 0.000101
Precision_test: 1.000000
Recall_test: 1.000000
F1_test: 1.000000
 

Arquitectura: _2_3_3_3_1_
Semilla: 1788086457
Segundos: 140
NIteraciones: 100000

Costo_train: 0.000696
Precision_train: 1.000000
Recall_train: 0.998775
F1_train: 0.999387

Costo_test: 0.000111
Precision_test: 1.000000
Recall_test: 1.000000
F1_test: 1.000000
 

Arquitectura: _2_3_3_3_1_
Semilla: 1788086457
Segundos: 140
NIteraciones: 100000

Costo_train: 0.000718
Precision_train: 1.000000
Recall_train: 0.998775
F1_train: 0.999387

Costo_test: 0.000134
Precision_test: 1.000000
Recall_test: 1.000000
F1_test: 1.000000
 

Arquitectura: _2_3_3_3_1_
Semilla: 1788086457
Segundos: 140
NIteraciones: 100000

Costo_train: 0.000701
Precision_train: 1.000000
Recall_train: 0.998775
F1_train: 0.999387

Costo_test: 0.000112
Precision_test: 1.000000
Recall_test: 1.000000
F1_test: 1.000000
 

Arquitectura: _2_3_3_3_1_
Semilla: 1788086457
Segundos: 140
NIteraciones: 100000

Costo_train: 0.000694
Precision_train: 1.000000
Recall_train: 0.998775
F1_train: 0.999387

Costo_test: 0.000112
Precision_test: 1.000000
Recall_test: 1.000000
F1_test: 1.000000
 

Arquitectura: _2_3_3_3_1_
Semilla: 1788086457
Segundos: 140
NIteraciones: 100000

Costo_train: 0.000702
Precision_train: 1.000000
Recall_train: 0.998775
F1_train: 0.999387

Costo_test: 0.000105
Precision_test: 1.000000
Recall_test: 1.000000
F1_test: 1.000000
 

Arquitectura: _2_3_3_3_1_
Semilla: 1788086457
Segundos: 140
NIteraciones: 100000

Costo_train: 0.000702
Precision_train: 1.000000
Recall_train: 0.998775
F1_train: 0.999387

Costo_test: 0.000113
Precision_test: 1.000000
Recall_test: 1.000000
F1_test: 1.000000
 

Arquitectura: _2_3_3_3_1_
Semilla: 1788086457
Segundos: 140
NIteraciones: 100000

Costo_train: 0.000715
Precision_train: 1.000000
Recall_train: 0.998775
F1_train: 0.999387

Costo_test: 0.000135
Precision_test: 1.000000
Recall_test: 1.000000
F1_test: 1.000000
 

Arquitectura: _2_3_3_3_1_
Semilla: 1788086457
Segundos: 140
NIteraciones: 100000

Costo_train: 0.000704
Precision_train: 1.000000
Recall_train: 0.998775
F1_train: 0.999387

Costo_test: 0.000129
Precision_test: 1.000000
Recall_test: 1.000000
F1_test: 1.000000
 

Arquitectura: _2_3_3_3_1_
Semilla: 1788086457
Segundos: 140
NIteraciones: 100000

Costo_train: 0.000714
Precision_train: 1.000000
Recall_train: 0.998775
F1_train: 0.999387

Costo_test: 0.000129
Precision_test: 1.000000
Recall_test: 1.000000
F1_test: 1.000000
 

Arquitectura: _2_3_3_3_1_
Semilla: 1788086457
Segundos: 140
NIteraciones: 100000

Costo_train: 0.000719
Precision_train: 1.000000
Recall_train: 0.998775
F1_train: 0.999387

Costo_test: 0.000126
Precision_test: 1.000000
Recall_test: 1.000000
F1_test: 1.000000
 

Arquitectura: _2_3_3_3_1_
Semilla: 1788086457
Segundos: 140
NIteraciones: 100000

Costo_train: 0.000705
Precision_train: 1.000000
Recall_train: 0.998775
F1_train: 0.999387

Costo_test: 0.000120
Precision_test: 1.000000
Recall_test: 1.000000
F1_test: 1.000000
 

Arquitectura: _2_3_3_3_1_
Semilla: 1788086457
Segundos: 140
NIteraciones: 100000

Costo_train: 0.000718
Precision_train: 1.000000
Recall_train: 0.998775
F1_train: 0.999387

Costo_test: 0.000127
Precision_test: 1.000000
Recall_test: 1.000000
F1_test: 1.000000
 

Arquitectura: _2_3_3_3_1_
Semilla: 1788086457
Segundos: 140
NIteraciones: 100000

Costo_train: 0.000711
Precision_train: 1.000000
Recall_train: 0.998775
F1_train: 0.999387

Costo_test: 0.000126
Precision_test: 1.000000
Recall_test: 1.000000
F1_test: 1.000000
 

Arquitectura: _2_3_3_3_1_
Semilla: 1788086457
Segundos: 140
NIteraciones: 100000

Costo_train: 0.000714
Precision_train: 1.000000
Recall_train: 0.998775
F1_train: 0.999387

Costo_test: 0.000121
Precision_test: 1.000000
Recall_test: 1.000000
F1_test: 1.000000
 

Arquitectura: _2_3_3_3_1_
Semilla: 1788086457
Segundos: 140
NIteraciones: 100000

Costo_train: 0.000710
Precision_train: 1.000000
Recall_train: 0.998775
F1_train: 0.999387

Costo_test: 0.000122
Precision_test: 1.000000
Recall_test: 1.000000
F1_test: 1.000000
 

Arquitectura: _2_3_3_3_1_
Semilla: 1788086457
Segundos: 140
NIteraciones: 100000

Costo_train: 0.000709
Precision_train: 1.000000
Recall_train: 0.998775
F1_train: 0.999387

Costo_test: 0.000130
Precision_test: 1.000000
Recall_test: 1.000000
F1_test: 1.000000
 

Arquitectura: _2_3_3_3_1_
Semilla: 1788086457
Segundos: 140
NIteraciones: 100000

Costo_train: 0.000706
Precision_train: 1.000000
Recall_train: 0.998775
F1_train: 0.999387

Costo_test: 0.000121
Precision_test: 1.000000
Recall_test: 1.000000
F1_test: 1.000000
 

Arquitectura: _2_3_3_3_1_
Semilla: 1788086457
Segundos: 140
NIteraciones: 100000

Costo_train: 0.000699
Precision_train: 1.000000
Recall_train: 0.998775
F1_train: 0.999387

Costo_test: 0.000114
Precision_test: 1.000000
Recall_test: 1.000000
F1_test: 1.000000
 

Arquitectura: _2_3_3_3_1_
Semilla: 1788086457
Segundos: 140
NIteraciones: 100000

Costo_train: 0.000699
Precision_train: 1.000000
Recall_train: 0.998775
F1_train: 0.999387

Costo_test: 0.000114
Precision_test: 1.000000
Recall_test: 1.000000
F1_test: 1.000000
 

Arquitectura: _2_3_3_3_1_
Semilla: 1788086457
Segundos: 140
NIteraciones: 100000

Costo_train: 0.000728
Precision_train: 1.000000
Recall_train: 0.998775
F1_train: 0.999387

Costo_test: 0.000130
Precision_test: 1.000000
Recall_test: 1.000000
F1_test: 1.000000
 

Arquitectura: _2_3_3_3_1_
Semilla: 1788086457
Segundos: 140
NIteraciones: 100000

Costo_train: 0.000695
Precision_train: 1.000000
Recall_train: 0.998775
F1_train: 0.999387

Costo_test: 0.000111
Precision_test: 1.000000
Recall_test: 1.000000
F1_test: 1.000000
 

Arquitectura: _2_3_3_3_1_
Semilla: 1788086457
Segundos: 140
NIteraciones: 100000

Costo_train: 0.000719
Precision_train: 1.000000
Recall_train: 0.998775
F1_train: 0.999387

Costo_test: 0.000124
Precision_test: 1.000000
Recall_test: 1.000000
F1_test: 1.000000
 

Arquitectura: _2_3_3_3_1_
Semilla: 1788086457
Segundos: 140
NIteraciones: 100000

Costo_train: 0.000723
Precision_train: 1.000000
Recall_train: 0.998775
F1_train: 0.999387

Costo_test: 0.000139
Precision_test: 1.000000
Recall_test: 1.000000
F1_test: 1.000000
 

Arquitectura: _2_3_3_3_1_
Semilla: 1788086457
Segundos: 140
NIteraciones: 100000

Costo_train: 0.000702
Precision_train: 1.000000
Recall_train: 0.998775
F1_train: 0.999387

Costo_test: 0.000123
Precision_test: 1.000000
Recall_test: 1.000000
F1_test: 1.000000
 

Arquitectura: _2_3_3_3_1_
Semilla: 1788086457
Segundos: 140
NIteraciones: 100000

Costo_train: 0.000683
Precision_train: 1.000000
Recall_train: 0.998775
F1_train: 0.999387

Costo_test: 0.000106
Precision_test: 1.000000
Recall_test: 1.000000
F1_test: 1.000000
 

Arquitectura: _2_3_3_3_1_
Semilla: 1788086457
Segundos: 140
NIteraciones: 100000

Costo_train: 0.000717
Precision_train: 1.000000
Recall_train: 0.998775
F1_train: 0.999387

Costo_test: 0.000120
Precision_test: 1.000000
Recall_test: 1.000000
F1_test: 1.000000
 

Arquitectura: _2_3_3_3_1_
Semilla: 1788086457
Segundos: 140
NIteraciones: 100000

Costo_train: 0.000719
Precision_train: 1.000000
Recall_train: 0.998775
F1_train: 0.999387

Costo_test: 0.000137
Precision_test: 1.000000
Recall_test: 1.000000
F1_test: 1.000000
 

Arquitectura: _2_3_3_3_1_
Semilla: 1788086457
Segundos: 140
NIteraciones: 100000

Costo_train: 0.000698
Precision_train: 1.000000
Recall_train: 0.998775
F1_train: 0.999387

Costo_test: 0.000118
Precision_test: 1.000000
Recall_test: 1.000000
F1_test: 1.000000
 

Arquitectura: _2_3_3_3_1_
Semilla: 1788086457
Segundos: 140
NIteraciones: 100000

Costo_train: 0.000715
Precision_train: 1.000000
Recall_train: 0.998775
F1_train: 0.999387

Costo_test: 0.000106
Precision_test: 1.000000
Recall_test: 1.000000
F1_test: 1.000000
 

Arquitectura: _2_3_3_3_1_
Semilla: 1788086457
Segundos: 140
NIteraciones: 100000

Costo_train: 0.000751
Precision_train: 1.000000
Recall_train: 0.998775
F1_train: 0.999387

Costo_test: 0.000165
Precision_test: 1.000000
Recall_test: 1.000000
F1_test: 1.000000
 

Arquitectura: _2_3_3_3_1_
Semilla: 1788086457
Segundos: 140
NIteraciones: 100000

Costo_train: 0.000739
Precision_train: 1.000000
Recall_train: 0.998775
F1_train: 0.999387

Costo_test: 0.000145
Precision_test: 1.000000
Recall_test: 1.000000
F1_test: 1.000000
 

Arquitectura: _2_3_3_3_1_
Semilla: 1788086457
Segundos: 140
NIteraciones: 100000

Costo_train: 0.000710
Precision_train: 1.000000
Recall_train: 0.998775
F1_train: 0.999387

Costo_test: 0.000124
Precision_test: 1.000000
Recall_test: 1.000000
F1_test: 1.000000
 

Arquitectura: _2_3_3_3_1_
Semilla: 1788086457
Segundos: 140
NIteraciones: 100000

Costo_train: 0.000689
Precision_train: 1.000000
Recall_train: 0.998775
F1_train: 0.999387

Costo_test: 0.000103
Precision_test: 1.000000
Recall_test: 1.000000
F1_test: 1.000000
 

Arquitectura: _2_3_3_3_1_
Semilla: 1788086457
Segundos: 140
NIteraciones: 100000

Costo_train: 0.000706
Precision_train: 1.000000
Recall_train: 0.998775
F1_train: 0.999387

Costo_test: 0.000108
Precision_test: 1.000000
Recall_test: 1.000000
F1_test: 1.000000
 

Arquitectura: _2_3_3_3_1_
Semilla: 1788086457
Segundos: 140
NIteraciones: 100000

Costo_train: 0.000691
Precision_train: 1.000000
Recall_train: 0.998775
F1_train: 0.999387

Costo_test: 0.000105
Precision_test: 1.000000
Recall_test: 1.000000
F1_test: 1.000000
 

Arquitectura: _2_3_3_3_1_
Semilla: 1788086457
Segundos: 140
NIteraciones: 100000

Costo_train: 0.000713
Precision_train: 1.000000
Recall_train: 0.998775
F1_train: 0.999387

Costo_test: 0.000125
Precision_test: 1.000000
Recall_test: 1.000000
F1_test: 1.000000
 

Arquitectura: _2_3_3_3_1_
Semilla: 1788086457
Segundos: 140
NIteraciones: 100000

Costo_train: 0.000691
Precision_train: 1.000000
Recall_train: 0.998775
F1_train: 0.999387

Costo_test: 0.000110
Precision_test: 1.000000
Recall_test: 1.000000
F1_test: 1.000000
 

Arquitectura: _2_3_3_3_1_
Semilla: 1788086457
Segundos: 140
NIteraciones: 100000

Costo_train: 0.000743
Precision_train: 1.000000
Recall_train: 0.998775
F1_train: 0.999387

Costo_test: 0.000149
Precision_test: 1.000000
Recall_test: 1.000000
F1_test: 1.000000
 

Arquitectura: _2_3_3_3_1_
Semilla: 1788086457
Segundos: 140
NIteraciones: 100000

Costo_train: 0.000712
Precision_train: 1.000000
Recall_train: 0.998775
F1_train: 0.999387

Costo_test: 0.000121
Precision_test: 1.000000
Recall_test: 1.000000
F1_test: 1.000000
 

Arquitectura: _2_3_3_3_1_
Semilla: 1788086457
Segundos: 140
NIteraciones: 100000

Costo_train: 0.000708
Precision_train: 1.000000
Recall_train: 0.998775
F1_train: 0.999387

Costo_test: 0.000130
Precision_test: 1.000000
Recall_test: 1.000000
F1_test: 1.000000
 

Arquitectura: _2_3_3_3_1_
Semilla: 1788086457
Segundos: 140
NIteraciones: 100000

Costo_train: 0.000736
Precision_train: 1.000000
Recall_train: 0.998775
F1_train: 0.999387

Costo_test: 0.000129
Precision_test: 1.000000
Recall_test: 1.000000
F1_test: 1.000000
 

Arquitectura: _2_3_3_3_1_
Semilla: 1788086457
Segundos: 140
NIteraciones: 100000

Costo_train: 0.000698
Precision_train: 1.000000
Recall_train: 0.998775
F1_train: 0.999387

Costo_test: 0.000115
Precision_test: 1.000000
Recall_test: 1.000000
F1_test: 1.000000
 

Arquitectura: _2_3_3_3_1_
Semilla: 1788086457
Segundos: 140
NIteraciones: 100000

Costo_train: 0.000716
Precision_train: 1.000000
Recall_train: 0.998775
F1_train: 0.999387

Costo_test: 0.000133
Precision_test: 1.000000
Recall_test: 1.000000
F1_test: 1.000000
 

Arquitectura: _2_3_3_3_1_
Semilla: 1788086457
Segundos: 140
NIteraciones: 100000

Costo_train: 0.000687
Precision_train: 1.000000
Recall_train: 0.998775
F1_train: 0.999387

Costo_test: 0.000113
Precision_test: 1.000000
Recall_test: 1.000000
F1_test: 1.000000
 

Arquitectura: _2_3_3_3_1_
Semilla: 1788086457
Segundos: 140
NIteraciones: 100000

Costo_train: 0.000743
Precision_train: 1.000000
Recall_train: 0.998775
F1_train: 0.999387

Costo_test: 0.000147
Precision_test: 1.000000
Recall_test: 1.000000
F1_test: 1.000000
 

Arquitectura: _2_3_3_3_1_
Semilla: 1788086457
Segundos: 140
NIteraciones: 100000

Costo_train: 0.000722
Precision_train: 1.000000
Recall_train: 0.998775
F1_train: 0.999387

Costo_test: 0.000116
Precision_test: 1.000000
Recall_test: 1.000000
F1_test: 1.000000
 

Arquitectura: _2_3_3_3_1_
Semilla: 1788086457
Segundos: 140
NIteraciones: 100000

Costo_train: 0.000741
Precision_train: 1.000000
Recall_train: 0.998775
F1_train: 0.999387

Costo_test: 0.000145
Precision_test: 1.000000
Recall_test: 1.000000
F1_test: 1.000000
 

Arquitectura: _2_3_3_3_1_
Semilla: 1788086457
Segundos: 140
NIteraciones: 100000

Costo_train: 0.000699
Precision_train: 1.000000
Recall_train: 0.998775
F1_train: 0.999387

Costo_test: 0.000105
Precision_test: 1.000000
Recall_test: 1.000000
F1_test: 1.000000
 

Arquitectura: _2_3_3_3_1_
Semilla: 1788086457
Segundos: 140
NIteraciones: 100000

Costo_train: 0.000698
Precision_train: 1.000000
Recall_train: 0.998775
F1_train: 0.999387

Costo_test: 0.000110
Precision_test: 1.000000
Recall_test: 1.000000
F1_test: 1.000000
 

Arquitectura: _2_3_3_3_1_
Semilla: 1788086457
Segundos: 140
NIteraciones: 100000

Costo_train: 0.000687
Precision_train: 1.000000
Recall_train: 0.998775
F1_train: 0.999387

Costo_test: 0.000113
Precision_test: 1.000000
Recall_test: 1.000000
F1_test: 1.000000
 

Arquitectura: _2_3_3_3_1_
Semilla: 1788086457
Segundos: 140
NIteraciones: 100000

Costo_train: 0.000688
Precision_train: 1.000000
Recall_train: 0.998775
F1_train: 0.999387

Costo_test: 0.000110
Precision_test: 1.000000
Recall_test: 1.000000
F1_test: 1.000000
 

Arquitectura: _2_3_3_3_1_
Semilla: 1788086457
Segundos: 140
NIteraciones: 100000

Costo_train: 0.000685
Precision_train: 1.000000
Recall_train: 0.998775
F1_train: 0.999387

Costo_test: 0.000109
Precision_test: 1.000000
Recall_test: 1.000000
F1_test: 1.000000
 

Arquitectura: _2_3_3_3_1_
Semilla: 1788086457
Segundos: 140
NIteraciones: 100000

Costo_train: 0.000704
Precision_train: 1.000000
Recall_train: 0.998775
F1_train: 0.999387

Costo_test: 0.000118
Precision_test: 1.000000
Recall_test: 1.000000
F1_test: 1.000000
 

Arquitectura: _2_3_3_3_1_
Semilla: 1788086457
Segundos: 140
NIteraciones: 100000

Costo_train: 0.000702
Precision_train: 1.000000
Recall_train: 0.998775
F1_train: 0.999387

Costo_test: 0.000118
Precision_test: 1.000000
Recall_test: 1.000000
F1_test: 1.000000
 

Arquitectura: _2_3_3_3_1_
Semilla: 1788086457
Segundos: 140
NIteraciones: 100000

Costo_train: 0.000723
Precision_train: 1.000000
Recall_train: 0.998775
F1_train: 0.999387

Costo_test: 0.000130
Precision_test: 1.000000
Recall_test: 1.000000
F1_test: 1.000000
 

Arquitectura: _2_3_3_3_1_
Semilla: 1788086457
Segundos: 140
NIteraciones: 100000

Costo_train: 0.000769
Precision_train: 1.000000
Recall_train: 0.998775
F1_train: 0.999387

Costo_test: 0.000163
Precision_test: 1.000000
Recall_test: 1.000000
F1_test: 1.000000
 

Arquitectura: _2_3_3_3_1_
Semilla: 1788086457
Segundos: 140
NIteraciones: 100000

Costo_train: 0.000736
Precision_train: 1.000000
Recall_train: 0.998775
F1_train: 0.999387

Costo_test: 0.000152
Precision_test: 1.000000
Recall_test: 1.000000
F1_test: 1.000000
 

Arquitectura: _2_3_3_3_1_
Semilla: 1788086457
Segundos: 140
NIteraciones: 100000

Costo_train: 0.000807
Precision_train: 1.000000
Recall_train: 0.998775
F1_train: 0.999387

Costo_test: 0.000216
Precision_test: 1.000000
Recall_test: 1.000000
F1_test: 1.000000
 


--- Test Angosta 4.0 ---
Iteración 10000
Costo: 0.001061
Iteración 20000
Costo: 0.000847
Iteración 30000
Costo: 0.000757
Iteración 40000
Costo: 0.000704
Iteración 50000
Costo: 0.000667
Iteración 60000
Costo: 0.000641
Iteración 70000
Costo: 0.000619
Iteración 80000
Costo: 0.000602
Iteración 90000
Costo: 0.000587

Arquitectura: _2_12_1_
Semilla: 1788086597
Segundos: 54
NIteraciones: 100000

Costo_train: 0.000573
Precision_train: 1.000000
Recall_train: 0.998775
F1_train: 0.999387

Costo_test: 0.000088
Precision_test: 1.000000
Recall_test: 1.000000
F1_test: 1.000000
 

Arquitectura: _2_12_1_
Semilla: 1788086597
Segundos: 54
NIteraciones: 100000

Costo_train: 0.000576
Precision_train: 1.000000
Recall_train: 0.998775
F1_train: 0.999387

Costo_test: 0.000087
Precision_test: 1.000000
Recall_test: 1.000000
F1_test: 1.000000
 

Arquitectura: _2_12_1_
Semilla: 1788086597
Segundos: 54
NIteraciones: 100000

Costo_train: 0.000574
Precision_train: 1.000000
Recall_train: 0.998775
F1_train: 0.999387

Costo_test: 0.000090
Precision_test: 1.000000
Recall_test: 1.000000
F1_test: 1.000000
 

Arquitectura: _2_12_1_
Semilla: 1788086597
Segundos: 54
NIteraciones: 100000

Costo_train: 0.000585
Precision_train: 1.000000
Recall_train: 0.998775
F1_train: 0.999387

Costo_test: 0.000087
Precision_test: 1.000000
Recall_test: 1.000000
F1_test: 1.000000
 

Arquitectura: _2_12_1_
Semilla: 1788086597
Segundos: 54
NIteraciones: 100000

Costo_train: 0.000586
Precision_train: 1.000000
Recall_train: 0.998775
F1_train: 0.999387

Costo_test: 0.000087
Precision_test: 1.000000
Recall_test: 1.000000
F1_test: 1.000000
 

Arquitectura: _2_12_1_
Semilla: 1788086597
Segundos: 54
NIteraciones: 100000

Costo_train: 0.000585
Precision_train: 1.000000
Recall_train: 0.998775
F1_train: 0.999387

Costo_test: 0.000088
Precision_test: 1.000000
Recall_test: 1.000000
F1_test: 1.000000
 

Arquitectura: _2_12_1_
Semilla: 1788086597
Segundos: 54
NIteraciones: 100000

Costo_train: 0.000572
Precision_train: 1.000000
Recall_train: 0.998775
F1_train: 0.999387

Costo_test: 0.000090
Precision_test: 1.000000
Recall_test: 1.000000
F1_test: 1.000000
 

Arquitectura: _2_12_1_
Semilla: 1788086597
Segundos: 54
NIteraciones: 100000

Costo_train: 0.000584
Precision_train: 1.000000
Recall_train: 0.998775
F1_train: 0.999387

Costo_test: 0.000087
Precision_test: 1.000000
Recall_test: 1.000000
F1_test: 1.000000
 

Arquitectura: _2_12_1_
Semilla: 1788086597
Segundos: 54
NIteraciones: 100000

Costo_train: 0.000583
Precision_train: 1.000000
Recall_train: 0.998775
F1_train: 0.999387

Costo_test: 0.000088
Precision_test: 1.000000
Recall_test: 1.000000
F1_test: 1.000000
 

Arquitectura: _2_12_1_
Semilla: 1788086597
Segundos: 54
NIteraciones: 100000

Costo_train: 0.000590
Precision_train: 1.000000
Recall_train: 0.998775
F1_train: 0.999387

Costo_test: 0.000085
Precision_test: 1.000000
Recall_test: 1.000000
F1_test: 1.000000
 

Arquitectura: _2_12_1_
Semilla: 1788086597
Segundos: 54
NIteraciones: 100000

Costo_train: 0.000591
Precision_train: 1.000000
Recall_train: 0.998775
F1_train: 0.999387

Costo_test: 0.000087
Precision_test: 1.000000
Recall_test: 1.000000
F1_test: 1.000000
 

Arquitectura: _2_12_1_
Semilla: 1788086597
Segundos: 54
NIteraciones: 100000

Costo_train: 0.000586
Precision_train: 1.000000
Recall_train: 0.998775
F1_train: 0.999387

Costo_test: 0.000085
Precision_test: 1.000000
Recall_test: 1.000000
F1_test: 1.000000
 

Arquitectura: _2_12_1_
Semilla: 1788086597
Segundos: 54
NIteraciones: 100000

Costo_train: 0.000577
Precision_train: 1.000000
Recall_train: 0.998775
F1_train: 0.999387

Costo_test: 0.000089
Precision_test: 1.000000
Recall_test: 1.000000
F1_test: 1.000000
 

Arquitectura: _2_12_1_
Semilla: 1788086597
Segundos: 54
NIteraciones: 100000

Costo_train: 0.000581
Precision_train: 1.000000
Recall_train: 0.998775
F1_train: 0.999387

Costo_test: 0.000087
Precision_test: 1.000000
Recall_test: 1.000000
F1_test: 1.000000
 

Arquitectura: _2_12_1_
Semilla: 1788086597
Segundos: 54
NIteraciones: 100000

Costo_train: 0.000572
Precision_train: 1.000000
Recall_train: 0.998775
F1_train: 0.999387

Costo_test: 0.000089
Precision_test: 1.000000
Recall_test: 1.000000
F1_test: 1.000000
 

Arquitectura: _2_12_1_
Semilla: 1788086597
Segundos: 54
NIteraciones: 100000

Costo_train: 0.000574
Precision_train: 1.000000
Recall_train: 0.998775
F1_train: 0.999387

Costo_test: 0.000086
Precision_test: 1.000000
Recall_test: 1.000000
F1_test: 1.000000
 

Arquitectura: _2_12_1_
Semilla: 1788086597
Segundos: 54
NIteraciones: 100000

Costo_train: 0.000585
Precision_train: 1.000000
Recall_train: 0.998775
F1_train: 0.999387

Costo_test: 0.000088
Precision_test: 1.000000
Recall_test: 1.000000
F1_test: 1.000000
 

Arquitectura: _2_12_1_
Semilla: 1788086597
Segundos: 54
NIteraciones: 100000

Costo_train: 0.000583
Precision_train: 1.000000
Recall_train: 0.998775
F1_train: 0.999387

Costo_test: 0.000088
Precision_test: 1.000000
Recall_test: 1.000000
F1_test: 1.000000
 

Arquitectura: _2_12_1_
Semilla: 1788086597
Segundos: 54
NIteraciones: 100000

Costo_train: 0.000569
Precision_train: 1.000000
Recall_train: 0.998775
F1_train: 0.999387

Costo_test: 0.000087
Precision_test: 1.000000
Recall_test: 1.000000
F1_test: 1.000000
 

Arquitectura: _2_12_1_
Semilla: 1788086597
Segundos: 54
NIteraciones: 100000

Costo_train: 0.000591
Precision_train: 1.000000
Recall_train: 0.998775
F1_train: 0.999387

Costo_test: 0.000087
Precision_test: 1.000000
Recall_test: 1.000000
F1_test: 1.000000
 

Arquitectura: _2_12_1_
Semilla: 1788086597
Segundos: 54
NIteraciones: 100000

Costo_train: 0.000579
Precision_train: 1.000000
Recall_train: 0.998775
F1_train: 0.999387

Costo_test: 0.000086
Precision_test: 1.000000
Recall_test: 1.000000
F1_test: 1.000000
 

Arquitectura: _2_12_1_
Semilla: 1788086597
Segundos: 54
NIteraciones: 100000

Costo_train: 0.000581
Precision_train: 1.000000
Recall_train: 0.998775
F1_train: 0.999387

Costo_test: 0.000087
Precision_test: 1.000000
Recall_test: 1.000000
F1_test: 1.000000
 

Arquitectura: _2_12_1_
Semilla: 1788086597
Segundos: 54
NIteraciones: 100000

Costo_train: 0.000585
Precision_train: 1.000000
Recall_train: 0.998775
F1_train: 0.999387

Costo_test: 0.000087
Precision_test: 1.000000
Recall_test: 1.000000
F1_test: 1.000000
 

Arquitectura: _2_12_1_
Semilla: 1788086597
Segundos: 54
NIteraciones: 100000

Costo_train: 0.000592
Precision_train: 1.000000
Recall_train: 0.998775
F1_train: 0.999387

Costo_test: 0.000087
Precision_test: 1.000000
Recall_test: 1.000000
F1_test: 1.000000
 

Arquitectura: _2_12_1_
Semilla: 1788086597
Segundos: 54
NIteraciones: 100000

Costo_train: 0.000589
Precision_train: 1.000000
Recall_train: 0.998775
F1_train: 0.999387

Costo_test: 0.000087
Precision_test: 1.000000
Recall_test: 1.000000
F1_test: 1.000000
 

Arquitectura: _2_12_1_
Semilla: 1788086597
Segundos: 54
NIteraciones: 100000

Costo_train: 0.000582
Precision_train: 1.000000
Recall_train: 0.998775
F1_train: 0.999387

Costo_test: 0.000087
Precision_test: 1.000000
Recall_test: 1.000000
F1_test: 1.000000
 

Arquitectura: _2_12_1_
Semilla: 1788086597
Segundos: 54
NIteraciones: 100000

Costo_train: 0.000607
Precision_train: 1.000000
Recall_train: 0.998775
F1_train: 0.999387

Costo_test: 0.000088
Precision_test: 1.000000
Recall_test: 1.000000
F1_test: 1.000000
 

Arquitectura: _2_12_1_
Semilla: 1788086597
Segundos: 54
NIteraciones: 100000

Costo_train: 0.000574
Precision_train: 1.000000
Recall_train: 0.998775
F1_train: 0.999387

Costo_test: 0.000091
Precision_test: 1.000000
Recall_test: 1.000000
F1_test: 1.000000
 

Arquitectura: _2_12_1_
Semilla: 1788086597
Segundos: 54
NIteraciones: 100000

Costo_train: 0.000603
Precision_train: 1.000000
Recall_train: 0.998775
F1_train: 0.999387

Costo_test: 0.000085
Precision_test: 1.000000
Recall_test: 1.000000
F1_test: 1.000000
 

Arquitectura: _2_12_1_
Semilla: 1788086597
Segundos: 54
NIteraciones: 100000

Costo_train: 0.000578
Precision_train: 1.000000
Recall_train: 0.998775
F1_train: 0.999387

Costo_test: 0.000088
Precision_test: 1.000000
Recall_test: 1.000000
F1_test: 1.000000
 

Arquitectura: _2_12_1_
Semilla: 1788086597
Segundos: 54
NIteraciones: 100000

Costo_train: 0.000580
Precision_train: 1.000000
Recall_train: 0.998775
F1_train: 0.999387

Costo_test: 0.000087
Precision_test: 1.000000
Recall_test: 1.000000
F1_test: 1.000000
 

Arquitectura: _2_12_1_
Semilla: 1788086597
Segundos: 54
NIteraciones: 100000

Costo_train: 0.000579
Precision_train: 1.000000
Recall_train: 0.998775
F1_train: 0.999387

Costo_test: 0.000086
Precision_test: 1.000000
Recall_test: 1.000000
F1_test: 1.000000
 

Arquitectura: _2_12_1_
Semilla: 1788086597
Segundos: 54
NIteraciones: 100000

Costo_train: 0.000596
Precision_train: 1.000000
Recall_train: 0.998775
F1_train: 0.999387

Costo_test: 0.000087
Precision_test: 1.000000
Recall_test: 1.000000
F1_test: 1.000000
 

Arquitectura: _2_12_1_
Semilla: 1788086597
Segundos: 54
NIteraciones: 100000

Costo_train: 0.000585
Precision_train: 1.000000
Recall_train: 0.998775
F1_train: 0.999387

Costo_test: 0.000087
Precision_test: 1.000000
Recall_test: 1.000000
F1_test: 1.000000
 

Arquitectura: _2_12_1_
Semilla: 1788086597
Segundos: 54
NIteraciones: 100000

Costo_train: 0.000570
Precision_train: 1.000000
Recall_train: 0.998775
F1_train: 0.999387

Costo_test: 0.000088
Precision_test: 1.000000
Recall_test: 1.000000
F1_test: 1.000000
 

Arquitectura: _2_12_1_
Semilla: 1788086597
Segundos: 54
NIteraciones: 100000

Costo_train: 0.000587
Precision_train: 1.000000
Recall_train: 0.998775
F1_train: 0.999387

Costo_test: 0.000085
Precision_test: 1.000000
Recall_test: 1.000000
F1_test: 1.000000
 

Arquitectura: _2_12_1_
Semilla: 1788086597
Segundos: 54
NIteraciones: 100000

Costo_train: 0.000574
Precision_train: 1.000000
Recall_train: 0.998775
F1_train: 0.999387

Costo_test: 0.000089
Precision_test: 1.000000
Recall_test: 1.000000
F1_test: 1.000000
 

Arquitectura: _2_12_1_
Semilla: 1788086597
Segundos: 54
NIteraciones: 100000

Costo_train: 0.000576
Precision_train: 1.000000
Recall_train: 0.998775
F1_train: 0.999387

Costo_test: 0.000090
Precision_test: 1.000000
Recall_test: 1.000000
F1_test: 1.000000
 

Arquitectura: _2_12_1_
Semilla: 1788086597
Segundos: 54
NIteraciones: 100000

Costo_train: 0.000591
Precision_train: 1.000000
Recall_train: 0.998775
F1_train: 0.999387

Costo_test: 0.000088
Precision_test: 1.000000
Recall_test: 1.000000
F1_test: 1.000000
 

Arquitectura: _2_12_1_
Semilla: 1788086597
Segundos: 54
NIteraciones: 100000

Costo_train: 0.000590
Precision_train: 1.000000
Recall_train: 0.998775
F1_train: 0.999387

Costo_test: 0.000086
Precision_test: 1.000000
Recall_test: 1.000000
F1_test: 1.000000
 

Arquitectura: _2_12_1_
Semilla: 1788086597
Segundos: 54
NIteraciones: 100000

Costo_train: 0.000598
Precision_train: 1.000000
Recall_train: 0.998775
F1_train: 0.999387

Costo_test: 0.000088
Precision_test: 1.000000
Recall_test: 1.000000
F1_test: 1.000000
 

Arquitectura: _2_12_1_
Semilla: 1788086597
Segundos: 54
NIteraciones: 100000

Costo_train: 0.000588
Precision_train: 1.000000
Recall_train: 0.998775
F1_train: 0.999387

Costo_test: 0.000086
Precision_test: 1.000000
Recall_test: 1.000000
F1_test: 1.000000
 

Arquitectura: _2_12_1_
Semilla: 1788086597
Segundos: 54
NIteraciones: 100000

Costo_train: 0.000576
Precision_train: 1.000000
Recall_train: 0.998775
F1_train: 0.999387

Costo_test: 0.000088
Precision_test: 1.000000
Recall_test: 1.000000
F1_test: 1.000000
 

Arquitectura: _2_12_1_
Semilla: 1788086597
Segundos: 54
NIteraciones: 100000

Costo_train: 0.000575
Precision_train: 1.000000
Recall_train: 0.998775
F1_train: 0.999387

Costo_test: 0.000090
Precision_test: 1.000000
Recall_test: 1.000000
F1_test: 1.000000
 

Arquitectura: _2_12_1_
Semilla: 1788086597
Segundos: 54
NIteraciones: 100000

Costo_train: 0.000590
Precision_train: 1.000000
Recall_train: 0.998775
F1_train: 0.999387

Costo_test: 0.000089
Precision_test: 1.000000
Recall_test: 1.000000
F1_test: 1.000000
 

Arquitectura: _2_12_1_
Semilla: 1788086597
Segundos: 54
NIteraciones: 100000

Costo_train: 0.000570
Precision_train: 1.000000
Recall_train: 0.998775
F1_train: 0.999387

Costo_test: 0.000088
Precision_test: 1.000000
Recall_test: 1.000000
F1_test: 1.000000
 

Arquitectura: _2_12_1_
Semilla: 1788086597
Segundos: 54
NIteraciones: 100000

Costo_train: 0.000581
Precision_train: 1.000000
Recall_train: 0.998775
F1_train: 0.999387

Costo_test: 0.000089
Precision_test: 1.000000
Recall_test: 1.000000
F1_test: 1.000000
 

Arquitectura: _2_12_1_
Semilla: 1788086597
Segundos: 54
NIteraciones: 100000

Costo_train: 0.000585
Precision_train: 1.000000
Recall_train: 0.998775
F1_train: 0.999387

Costo_test: 0.000087
Precision_test: 1.000000
Recall_test: 1.000000
F1_test: 1.000000
 

Arquitectura: _2_12_1_
Semilla: 1788086597
Segundos: 54
NIteraciones: 100000

Costo_train: 0.000597
Precision_train: 1.000000
Recall_train: 0.998775
F1_train: 0.999387

Costo_test: 0.000089
Precision_test: 1.000000
Recall_test: 1.000000
F1_test: 1.000000
 

Arquitectura: _2_12_1_
Semilla: 1788086597
Segundos: 54
NIteraciones: 100000

Costo_train: 0.000589
Precision_train: 1.000000
Recall_train: 0.998775
F1_train: 0.999387

Costo_test: 0.000088
Precision_test: 1.000000
Recall_test: 1.000000
F1_test: 1.000000
 

Arquitectura: _2_12_1_
Semilla: 1788086597
Segundos: 54
NIteraciones: 100000

Costo_train: 0.000588
Precision_train: 1.000000
Recall_train: 0.998775
F1_train: 0.999387

Costo_test: 0.000088
Precision_test: 1.000000
Recall_test: 1.000000
F1_test: 1.000000
 

Arquitectura: _2_12_1_
Semilla: 1788086597
Segundos: 54
NIteraciones: 100000

Costo_train: 0.000582
Precision_train: 1.000000
Recall_train: 0.998775
F1_train: 0.999387

Costo_test: 0.000089
Precision_test: 1.000000
Recall_test: 1.000000
F1_test: 1.000000
 

Arquitectura: _2_12_1_
Semilla: 1788086597
Segundos: 54
NIteraciones: 100000

Costo_train: 0.000582
Precision_train: 1.000000
Recall_train: 0.998775
F1_train: 0.999387

Costo_test: 0.000086
Precision_test: 1.000000
Recall_test: 1.000000
F1_test: 1.000000
 

Arquitectura: _2_12_1_
Semilla: 1788086597
Segundos: 54
NIteraciones: 100000

Costo_train: 0.000593
Precision_train: 1.000000
Recall_train: 0.998775
F1_train: 0.999387

Costo_test: 0.000085
Precision_test: 1.000000
Recall_test: 1.000000
F1_test: 1.000000
 

Arquitectura: _2_12_1_
Semilla: 1788086597
Segundos: 54
NIteraciones: 100000

Costo_train: 0.000585
Precision_train: 1.000000
Recall_train: 0.998775
F1_train: 0.999387

Costo_test: 0.000089
Precision_test: 1.000000
Recall_test: 1.000000
F1_test: 1.000000
 

Arquitectura: _2_12_1_
Semilla: 1788086597
Segundos: 54
NIteraciones: 100000

Costo_train: 0.000582
Precision_train: 1.000000
Recall_train: 0.998775
F1_train: 0.999387

Costo_test: 0.000092
Precision_test: 1.000000
Recall_test: 1.000000
F1_test: 1.000000
 

Arquitectura: _2_12_1_
Semilla: 1788086597
Segundos: 54
NIteraciones: 100000

Costo_train: 0.000580
Precision_train: 1.000000
Recall_train: 0.998775
F1_train: 0.999387

Costo_test: 0.000087
Precision_test: 1.000000
Recall_test: 1.000000
F1_test: 1.000000
 

Arquitectura: _2_12_1_
Semilla: 1788086597
Segundos: 54
NIteraciones: 100000

Costo_train: 0.000590
Precision_train: 1.000000
Recall_train: 0.998775
F1_train: 0.999387

Costo_test: 0.000086
Precision_test: 1.000000
Recall_test: 1.000000
F1_test: 1.000000
 

Arquitectura: _2_12_1_
Semilla: 1788086597
Segundos: 54
NIteraciones: 100000

Costo_train: 0.000570
Precision_train: 1.000000
Recall_train: 0.998775
F1_train: 0.999387

Costo_test: 0.000089
Precision_test: 1.000000
Recall_test: 1.000000
F1_test: 1.000000
 

Arquitectura: _2_12_1_
Semilla: 1788086597
Segundos: 54
NIteraciones: 100000

Costo_train: 0.000579
Precision_train: 1.000000
Recall_train: 0.998775
F1_train: 0.999387

Costo_test: 0.000085
Precision_test: 1.000000
Recall_test: 1.000000
F1_test: 1.000000
 

Arquitectura: _2_12_1_
Semilla: 1788086597
Segundos: 54
NIteraciones: 100000

Costo_train: 0.000577
Precision_train: 1.000000
Recall_train: 0.998775
F1_train: 0.999387

Costo_test: 0.000086
Precision_test: 1.000000
Recall_test: 1.000000
F1_test: 1.000000
 

Arquitectura: _2_12_1_
Semilla: 1788086597
Segundos: 54
NIteraciones: 100000

Costo_train: 0.000572
Precision_train: 1.000000
Recall_train: 0.998775
F1_train: 0.999387

Costo_test: 0.000090
Precision_test: 1.000000
Recall_test: 1.000000
F1_test: 1.000000
 

Arquitectura: _2_12_1_
Semilla: 1788086597
Segundos: 54
NIteraciones: 100000

Costo_train: 0.000579
Precision_train: 1.000000
Recall_train: 0.998775
F1_train: 0.999387

Costo_test: 0.000088
Precision_test: 1.000000
Recall_test: 1.000000
F1_test: 1.000000
 

Arquitectura: _2_12_1_
Semilla: 1788086597
Segundos: 54
NIteraciones: 100000

Costo_train: 0.000592
Precision_train: 1.000000
Recall_train: 0.998775
F1_train: 0.999387

Costo_test: 0.000088
Precision_test: 1.000000
Recall_test: 1.000000
F1_test: 1.000000
 

Arquitectura: _2_12_1_
Semilla: 1788086597
Segundos: 54
NIteraciones: 100000

Costo_train: 0.000568
Precision_train: 1.000000
Recall_train: 0.998775
F1_train: 0.999387

Costo_test: 0.000086
Precision_test: 1.000000
Recall_test: 1.000000
F1_test: 1.000000
 

Arquitectura: _2_12_1_
Semilla: 1788086597
Segundos: 54
NIteraciones: 100000

Costo_train: 0.000585
Precision_train: 1.000000
Recall_train: 0.998775
F1_train: 0.999387

Costo_test: 0.000087
Precision_test: 1.000000
Recall_test: 1.000000
F1_test: 1.000000
 

Arquitectura: _2_12_1_
Semilla: 1788086597
Segundos: 54
NIteraciones: 100000

Costo_train: 0.000577
Precision_train: 1.000000
Recall_train: 0.998775
F1_train: 0.999387

Costo_test: 0.000089
Precision_test: 1.000000
Recall_test: 1.000000
F1_test: 1.000000
 

Arquitectura: _2_12_1_
Semilla: 1788086597
Segundos: 54
NIteraciones: 100000

Costo_train: 0.000590
Precision_train: 1.000000
Recall_train: 0.998775
F1_train: 0.999387

Costo_test: 0.000083
Precision_test: 1.000000
Recall_test: 1.000000
F1_test: 1.000000
 

Arquitectura: _2_12_1_
Semilla: 1788086597
Segundos: 54
NIteraciones: 100000

Costo_train: 0.000579
Precision_train: 1.000000
Recall_train: 0.998775
F1_train: 0.999387

Costo_test: 0.000088
Precision_test: 1.000000
Recall_test: 1.000000
F1_test: 1.000000
 

Arquitectura: _2_12_1_
Semilla: 1788086597
Segundos: 54
NIteraciones: 100000

Costo_train: 0.000594
Precision_train: 1.000000
Recall_train: 0.998775
F1_train: 0.999387

Costo_test: 0.000086
Precision_test: 1.000000
Recall_test: 1.000000
F1_test: 1.000000
 

Arquitectura: _2_12_1_
Semilla: 1788086597
Segundos: 54
NIteraciones: 100000

Costo_train: 0.000584
Precision_train: 1.000000
Recall_train: 0.998775
F1_train: 0.999387

Costo_test: 0.000086
Precision_test: 1.000000
Recall_test: 1.000000
F1_test: 1.000000
 

Arquitectura: _2_12_1_
Semilla: 1788086597
Segundos: 54
NIteraciones: 100000

Costo_train: 0.000594
Precision_train: 1.000000
Recall_train: 0.998775
F1_train: 0.999387

Costo_test: 0.000087
Precision_test: 1.000000
Recall_test: 1.000000
F1_test: 1.000000
 

Arquitectura: _2_12_1_
Semilla: 1788086597
Segundos: 54
NIteraciones: 100000

Costo_train: 0.000587
Precision_train: 1.000000
Recall_train: 0.998775
F1_train: 0.999387

Costo_test: 0.000088
Precision_test: 1.000000
Recall_test: 1.000000
F1_test: 1.000000
 

Arquitectura: _2_12_1_
Semilla: 1788086597
Segundos: 54
NIteraciones: 100000

Costo_train: 0.000575
Precision_train: 1.000000
Recall_train: 0.998775
F1_train: 0.999387

Costo_test: 0.000085
Precision_test: 1.000000
Recall_test: 1.000000
F1_test: 1.000000
 

Arquitectura: _2_12_1_
Semilla: 1788086597
Segundos: 54
NIteraciones: 100000

Costo_train: 0.000583
Precision_train: 1.000000
Recall_train: 0.998775
F1_train: 0.999387

Costo_test: 0.000087
Precision_test: 1.000000
Recall_test: 1.000000
F1_test: 1.000000
 

Arquitectura: _2_12_1_
Semilla: 1788086597
Segundos: 54
NIteraciones: 100000

Costo_train: 0.000569
Precision_train: 1.000000
Recall_train: 0.998775
F1_train: 0.999387

Costo_test: 0.000090
Precision_test: 1.000000
Recall_test: 1.000000
F1_test: 1.000000
 

Arquitectura: _2_12_1_
Semilla: 1788086597
Segundos: 54
NIteraciones: 100000

Costo_train: 0.000569
Precision_train: 1.000000
Recall_train: 0.998775
F1_train: 0.999387

Costo_test: 0.000089
Precision_test: 1.000000
Recall_test: 1.000000
F1_test: 1.000000
 

Arquitectura: _2_12_1_
Semilla: 1788086597
Segundos: 54
NIteraciones: 100000

Costo_train: 0.000572
Precision_train: 1.000000
Recall_train: 0.998775
F1_train: 0.999387

Costo_test: 0.000087
Precision_test: 1.000000
Recall_test: 1.000000
F1_test: 1.000000
 

Arquitectura: _2_12_1_
Semilla: 1788086597
Segundos: 54
NIteraciones: 100000

Costo_train: 0.000581
Precision_train: 1.000000
Recall_train: 0.998775
F1_train: 0.999387

Costo_test: 0.000089
Precision_test: 1.000000
Recall_test: 1.000000
F1_test: 1.000000
 

Arquitectura: _2_12_1_
Semilla: 1788086597
Segundos: 54
NIteraciones: 100000

Costo_train: 0.000572
Precision_train: 1.000000
Recall_train: 0.998775
F1_train: 0.999387

Costo_test: 0.000087
Precision_test: 1.000000
Recall_test: 1.000000
F1_test: 1.000000
 

Arquitectura: _2_12_1_
Semilla: 1788086597
Segundos: 54
NIteraciones: 100000

Costo_train: 0.000583
Precision_train: 1.000000
Recall_train: 0.998775
F1_train: 0.999387

Costo_test: 0.000087
Precision_test: 1.000000
Recall_test: 1.000000
F1_test: 1.000000
 

Arquitectura: _2_12_1_
Semilla: 1788086597
Segundos: 54
NIteraciones: 100000

Costo_train: 0.000574
Precision_train: 1.000000
Recall_train: 0.998775
F1_train: 0.999387

Costo_test: 0.000087
Precision_test: 1.000000
Recall_test: 1.000000
F1_test: 1.000000
 

Arquitectura: _2_12_1_
Semilla: 1788086597
Segundos: 54
NIteraciones: 100000

Costo_train: 0.000580
Precision_train: 1.000000
Recall_train: 0.998775
F1_train: 0.999387

Costo_test: 0.000086
Precision_test: 1.000000
Recall_test: 1.000000
F1_test: 1.000000
 

Arquitectura: _2_12_1_
Semilla: 1788086597
Segundos: 54
NIteraciones: 100000

Costo_train: 0.000591
Precision_train: 1.000000
Recall_train: 0.998775
F1_train: 0.999387

Costo_test: 0.000084
Precision_test: 1.000000
Recall_test: 1.000000
F1_test: 1.000000
 

Arquitectura: _2_12_1_
Semilla: 1788086597
Segundos: 54
NIteraciones: 100000

Costo_train: 0.000569
Precision_train: 1.000000
Recall_train: 0.998775
F1_train: 0.999387

Costo_test: 0.000086
Precision_test: 1.000000
Recall_test: 1.000000
F1_test: 1.000000
 

Arquitectura: _2_12_1_
Semilla: 1788086597
Segundos: 54
NIteraciones: 100000

Costo_train: 0.000587
Precision_train: 1.000000
Recall_train: 0.998775
F1_train: 0.999387

Costo_test: 0.000087
Precision_test: 1.000000
Recall_test: 1.000000
F1_test: 1.000000
 

Arquitectura: _2_12_1_
Semilla: 1788086597
Segundos: 54
NIteraciones: 100000

Costo_train: 0.000568
Precision_train: 1.000000
Recall_train: 0.998775
F1_train: 0.999387

Costo_test: 0.000087
Precision_test: 1.000000
Recall_test: 1.000000
F1_test: 1.000000
 

Arquitectura: _2_12_1_
Semilla: 1788086597
Segundos: 54
NIteraciones: 100000

Costo_train: 0.000586
Precision_train: 1.000000
Recall_train: 0.998775
F1_train: 0.999387

Costo_test: 0.000088
Precision_test: 1.000000
Recall_test: 1.000000
F1_test: 1.000000
 

Arquitectura: _2_12_1_
Semilla: 1788086597
Segundos: 54
NIteraciones: 100000

Costo_train: 0.000573
Precision_train: 1.000000
Recall_train: 0.998775
F1_train: 0.999387

Costo_test: 0.000090
Precision_test: 1.000000
Recall_test: 1.000000
F1_test: 1.000000
 

Arquitectura: _2_12_1_
Semilla: 1788086597
Segundos: 54
NIteraciones: 100000

Costo_train: 0.000583
Precision_train: 1.000000
Recall_train: 0.998775
F1_train: 0.999387

Costo_test: 0.000087
Precision_test: 1.000000
Recall_test: 1.000000
F1_test: 1.000000
 

Arquitectura: _2_12_1_
Semilla: 1788086597
Segundos: 54
NIteraciones: 100000

Costo_train: 0.000589
Precision_train: 1.000000
Recall_train: 0.998775
F1_train: 0.999387

Costo_test: 0.000087
Precision_test: 1.000000
Recall_test: 1.000000
F1_test: 1.000000
 

Arquitectura: _2_12_1_
Semilla: 1788086597
Segundos: 54
NIteraciones: 100000

Costo_train: 0.000577
Precision_train: 1.000000
Recall_train: 0.998775
F1_train: 0.999387

Costo_test: 0.000088
Precision_test: 1.000000
Recall_test: 1.000000
F1_test: 1.000000
 

Arquitectura: _2_12_1_
Semilla: 1788086597
Segundos: 54
NIteraciones: 100000

Costo_train: 0.000586
Precision_train: 1.000000
Recall_train: 0.998775
F1_train: 0.999387

Costo_test: 0.000087
Precision_test: 1.000000
Recall_test: 1.000000
F1_test: 1.000000
 

Arquitectura: _2_12_1_
Semilla: 1788086597
Segundos: 54
NIteraciones: 100000

Costo_train: 0.000601
Precision_train: 1.000000
Recall_train: 0.998775
F1_train: 0.999387

Costo_test: 0.000088
Precision_test: 1.000000
Recall_test: 1.000000
F1_test: 1.000000
 

Arquitectura: _2_12_1_
Semilla: 1788086597
Segundos: 54
NIteraciones: 100000

Costo_train: 0.000570
Precision_train: 1.000000
Recall_train: 0.998775
F1_train: 0.999387

Costo_test: 0.000088
Precision_test: 1.000000
Recall_test: 1.000000
F1_test: 1.000000
 

Arquitectura: _2_12_1_
Semilla: 1788086597
Segundos: 54
NIteraciones: 100000

Costo_train: 0.000573
Precision_train: 1.000000
Recall_train: 0.998775
F1_train: 0.999387

Costo_test: 0.000089
Precision_test: 1.000000
Recall_test: 1.000000
F1_test: 1.000000
 

Arquitectura: _2_12_1_
Semilla: 1788086597
Segundos: 54
NIteraciones: 100000

Costo_train: 0.000580
Precision_train: 1.000000
Recall_train: 0.998775
F1_train: 0.999387

Costo_test: 0.000086
Precision_test: 1.000000
Recall_test: 1.000000
F1_test: 1.000000
 

Arquitectura: _2_12_1_
Semilla: 1788086597
Segundos: 54
NIteraciones: 100000

Costo_train: 0.000574
Precision_train: 1.000000
Recall_train: 0.998775
F1_train: 0.999387

Costo_test: 0.000087
Precision_test: 1.000000
Recall_test: 1.000000
F1_test: 1.000000
 

Arquitectura: _2_12_1_
Semilla: 1788086597
Segundos: 54
NIteraciones: 100000

Costo_train: 0.000569
Precision_train: 1.000000
Recall_train: 0.998775
F1_train: 0.999387

Costo_test: 0.000088
Precision_test: 1.000000
Recall_test: 1.000000
F1_test: 1.000000
 

Arquitectura: _2_12_1_
Semilla: 1788086597
Segundos: 54
NIteraciones: 100000

Costo_train: 0.000573
Precision_train: 1.000000
Recall_train: 0.998775
F1_train: 0.999387

Costo_test: 0.000087
Precision_test: 1.000000
Recall_test: 1.000000
F1_test: 1.000000
 


--- Test Profunda 4.0 ---
Iteración 10000
Costo: 0.247472
Iteración 20000
Costo: 0.010373
Iteración 30000
Costo: 0.002537
Iteración 40000
Costo: 0.001659
Iteración 50000
Costo: 0.001293
Iteración 60000
Costo: 0.001095
Iteración 70000
Costo: 0.000978
Iteración 80000
Costo: 0.000902
Iteración 90000
Costo: 0.000850

Arquitectura: _2_3_3_3_3_1_
Semilla: 1788086651
Segundos: 186
NIteraciones: 100000

Costo_train: 0.000813
Precision_train: 1.000000
Recall_train: 0.998775
F1_train: 0.999387

Costo_test: 0.000202
Precision_test: 1.000000
Recall_test: 1.000000
F1_test: 1.000000
 

Arquitectura: _2_3_3_3_3_1_
Semilla: 1788086651
Segundos: 186
NIteraciones: 100000

Costo_train: 0.000776
Precision_train: 1.000000
Recall_train: 0.998775
F1_train: 0.999387

Costo_test: 0.000182
Precision_test: 1.000000
Recall_test: 1.000000
F1_test: 1.000000
 

Arquitectura: _2_3_3_3_3_1_
Semilla: 1788086651
Segundos: 186
NIteraciones: 100000

Costo_train: 0.000757
Precision_train: 1.000000
Recall_train: 0.998775
F1_train: 0.999387

Costo_test: 0.000164
Precision_test: 1.000000
Recall_test: 1.000000
F1_test: 1.000000
 

Arquitectura: _2_3_3_3_3_1_
Semilla: 1788086651
Segundos: 186
NIteraciones: 100000

Costo_train: 0.000796
Precision_train: 1.000000
Recall_train: 0.998775
F1_train: 0.999387

Costo_test: 0.000199
Precision_test: 1.000000
Recall_test: 1.000000
F1_test: 1.000000
 

Arquitectura: _2_3_3_3_3_1_
Semilla: 1788086651
Segundos: 186
NIteraciones: 100000

Costo_train: 0.000799
Precision_train: 1.000000
Recall_train: 0.998775
F1_train: 0.999387

Costo_test: 0.000197
Precision_test: 1.000000
Recall_test: 1.000000
F1_test: 1.000000
 

Arquitectura: _2_3_3_3_3_1_
Semilla: 1788086651
Segundos: 186
NIteraciones: 100000

Costo_train: 0.000780
Precision_train: 1.000000
Recall_train: 0.998775
F1_train: 0.999387

Costo_test: 0.000178
Precision_test: 1.000000
Recall_test: 1.000000
F1_test: 1.000000
 

Arquitectura: _2_3_3_3_3_1_
Semilla: 1788086651
Segundos: 186
NIteraciones: 100000

Costo_train: 0.000807
Precision_train: 1.000000
Recall_train: 0.998775
F1_train: 0.999387

Costo_test: 0.000201
Precision_test: 1.000000
Recall_test: 1.000000
F1_test: 1.000000
 

Arquitectura: _2_3_3_3_3_1_
Semilla: 1788086651
Segundos: 186
NIteraciones: 100000

Costo_train: 0.000773
Precision_train: 1.000000
Recall_train: 0.998775
F1_train: 0.999387

Costo_test: 0.000166
Precision_test: 1.000000
Recall_test: 1.000000
F1_test: 1.000000
 

Arquitectura: _2_3_3_3_3_1_
Semilla: 1788086651
Segundos: 186
NIteraciones: 100000

Costo_train: 0.000780
Precision_train: 1.000000
Recall_train: 0.998775
F1_train: 0.999387

Costo_test: 0.000171
Precision_test: 1.000000
Recall_test: 1.000000
F1_test: 1.000000
 

Arquitectura: _2_3_3_3_3_1_
Semilla: 1788086651
Segundos: 186
NIteraciones: 100000

Costo_train: 0.000792
Precision_train: 1.000000
Recall_train: 0.998775
F1_train: 0.999387

Costo_test: 0.000174
Precision_test: 1.000000
Recall_test: 1.000000
F1_test: 1.000000
 

Arquitectura: _2_3_3_3_3_1_
Semilla: 1788086651
Segundos: 186
NIteraciones: 100000

Costo_train: 0.000788
Precision_train: 1.000000
Recall_train: 0.998775
F1_train: 0.999387

Costo_test: 0.000201
Precision_test: 1.000000
Recall_test: 1.000000
F1_test: 1.000000
 

Arquitectura: _2_3_3_3_3_1_
Semilla: 1788086651
Segundos: 186
NIteraciones: 100000

Costo_train: 0.000777
Precision_train: 1.000000
Recall_train: 0.998775
F1_train: 0.999387

Costo_test: 0.000172
Precision_test: 1.000000
Recall_test: 1.000000
F1_test: 1.000000
 

Arquitectura: _2_3_3_3_3_1_
Semilla: 1788086651
Segundos: 186
NIteraciones: 100000

Costo_train: 0.000760
Precision_train: 1.000000
Recall_train: 0.998775
F1_train: 0.999387

Costo_test: 0.000170
Precision_test: 1.000000
Recall_test: 1.000000
F1_test: 1.000000
 

Arquitectura: _2_3_3_3_3_1_
Semilla: 1788086651
Segundos: 186
NIteraciones: 100000

Costo_train: 0.000792
Precision_train: 1.000000
Recall_train: 0.998775
F1_train: 0.999387

Costo_test: 0.000193
Precision_test: 1.000000
Recall_test: 1.000000
F1_test: 1.000000
 

Arquitectura: _2_3_3_3_3_1_
Semilla: 1788086651
Segundos: 186
NIteraciones: 100000

Costo_train: 0.000779
Precision_train: 1.000000
Recall_train: 0.998775
F1_train: 0.999387

Costo_test: 0.000175
Precision_test: 1.000000
Recall_test: 1.000000
F1_test: 1.000000
 

Arquitectura: _2_3_3_3_3_1_
Semilla: 1788086651
Segundos: 186
NIteraciones: 100000

Costo_train: 0.000792
Precision_train: 1.000000
Recall_train: 0.998775
F1_train: 0.999387

Costo_test: 0.000192
Precision_test: 1.000000
Recall_test: 1.000000
F1_test: 1.000000
 

Arquitectura: _2_3_3_3_3_1_
Semilla: 1788086651
Segundos: 186
NIteraciones: 100000

Costo_train: 0.000766
Precision_train: 1.000000
Recall_train: 0.998775
F1_train: 0.999387

Costo_test: 0.000172
Precision_test: 1.000000
Recall_test: 1.000000
F1_test: 1.000000
 

Arquitectura: _2_3_3_3_3_1_
Semilla: 1788086651
Segundos: 186
NIteraciones: 100000

Costo_train: 0.000808
Precision_train: 1.000000
Recall_train: 0.998775
F1_train: 0.999387

Costo_test: 0.000204
Precision_test: 1.000000
Recall_test: 1.000000
F1_test: 1.000000
 

Arquitectura: _2_3_3_3_3_1_
Semilla: 1788086651
Segundos: 186
NIteraciones: 100000

Costo_train: 0.000794
Precision_train: 1.000000
Recall_train: 0.998775
F1_train: 0.999387

Costo_test: 0.000183
Precision_test: 1.000000
Recall_test: 1.000000
F1_test: 1.000000
 

Arquitectura: _2_3_3_3_3_1_
Semilla: 1788086651
Segundos: 186
NIteraciones: 100000

Costo_train: 0.000810
Precision_train: 1.000000
Recall_train: 0.998775
F1_train: 0.999387

Costo_test: 0.000216
Precision_test: 1.000000
Recall_test: 1.000000
F1_test: 1.000000
 

Arquitectura: _2_3_3_3_3_1_
Semilla: 1788086651
Segundos: 186
NIteraciones: 100000

Costo_train: 0.000827
Precision_train: 1.000000
Recall_train: 0.998775
F1_train: 0.999387

Costo_test: 0.000214
Precision_test: 1.000000
Recall_test: 1.000000
F1_test: 1.000000
 

Arquitectura: _2_3_3_3_3_1_
Semilla: 1788086651
Segundos: 186
NIteraciones: 100000

Costo_train: 0.000791
Precision_train: 1.000000
Recall_train: 0.998775
F1_train: 0.999387

Costo_test: 0.000176
Precision_test: 1.000000
Recall_test: 1.000000
F1_test: 1.000000
 

Arquitectura: _2_3_3_3_3_1_
Semilla: 1788086651
Segundos: 186
NIteraciones: 100000

Costo_train: 0.000839
Precision_train: 1.000000
Recall_train: 0.998775
F1_train: 0.999387

Costo_test: 0.000230
Precision_test: 1.000000
Recall_test: 1.000000
F1_test: 1.000000
 

Arquitectura: _2_3_3_3_3_1_
Semilla: 1788086651
Segundos: 186
NIteraciones: 100000

Costo_train: 0.000894
Precision_train: 1.000000
Recall_train: 0.998775
F1_train: 0.999387

Costo_test: 0.000261
Precision_test: 1.000000
Recall_test: 1.000000
F1_test: 1.000000
 

Arquitectura: _2_3_3_3_3_1_
Semilla: 1788086651
Segundos: 186
NIteraciones: 100000

Costo_train: 0.000767
Precision_train: 1.000000
Recall_train: 0.998775
F1_train: 0.999387

Costo_test: 0.000169
Precision_test: 1.000000
Recall_test: 1.000000
F1_test: 1.000000
 

Arquitectura: _2_3_3_3_3_1_
Semilla: 1788086651
Segundos: 186
NIteraciones: 100000

Costo_train: 0.000774
Precision_train: 1.000000
Recall_train: 0.998775
F1_train: 0.999387

Costo_test: 0.000174
Precision_test: 1.000000
Recall_test: 1.000000
F1_test: 1.000000
 

Arquitectura: _2_3_3_3_3_1_
Semilla: 1788086651
Segundos: 186
NIteraciones: 100000

Costo_train: 0.000831
Precision_train: 1.000000
Recall_train: 0.998775
F1_train: 0.999387

Costo_test: 0.000208
Precision_test: 1.000000
Recall_test: 1.000000
F1_test: 1.000000
 

Arquitectura: _2_3_3_3_3_1_
Semilla: 1788086651
Segundos: 186
NIteraciones: 100000

Costo_train: 0.000795
Precision_train: 1.000000
Recall_train: 0.998775
F1_train: 0.999387

Costo_test: 0.000198
Precision_test: 1.000000
Recall_test: 1.000000
F1_test: 1.000000
 

Arquitectura: _2_3_3_3_3_1_
Semilla: 1788086651
Segundos: 186
NIteraciones: 100000

Costo_train: 0.000762
Precision_train: 1.000000
Recall_train: 0.998775
F1_train: 0.999387

Costo_test: 0.000162
Precision_test: 1.000000
Recall_test: 1.000000
F1_test: 1.000000
 

Arquitectura: _2_3_3_3_3_1_
Semilla: 1788086651
Segundos: 186
NIteraciones: 100000

Costo_train: 0.000773
Precision_train: 1.000000
Recall_train: 0.998775
F1_train: 0.999387

Costo_test: 0.000160
Precision_test: 1.000000
Recall_test: 1.000000
F1_test: 1.000000
 

Arquitectura: _2_3_3_3_3_1_
Semilla: 1788086651
Segundos: 186
NIteraciones: 100000

Costo_train: 0.000814
Precision_train: 1.000000
Recall_train: 0.998775
F1_train: 0.999387

Costo_test: 0.000203
Precision_test: 1.000000
Recall_test: 1.000000
F1_test: 1.000000
 

Arquitectura: _2_3_3_3_3_1_
Semilla: 1788086651
Segundos: 186
NIteraciones: 100000

Costo_train: 0.000789
Precision_train: 1.000000
Recall_train: 0.998775
F1_train: 0.999387

Costo_test: 0.000177
Precision_test: 1.000000
Recall_test: 1.000000
F1_test: 1.000000
 

Arquitectura: _2_3_3_3_3_1_
Semilla: 1788086651
Segundos: 186
NIteraciones: 100000

Costo_train: 0.000833
Precision_train: 1.000000
Recall_train: 0.998775
F1_train: 0.999387

Costo_test: 0.000223
Precision_test: 1.000000
Recall_test: 1.000000
F1_test: 1.000000
 

Arquitectura: _2_3_3_3_3_1_
Semilla: 1788086651
Segundos: 186
NIteraciones: 100000

Costo_train: 0.000814
Precision_train: 1.000000
Recall_train: 0.998775
F1_train: 0.999387

Costo_test: 0.000177
Precision_test: 1.000000
Recall_test: 1.000000
F1_test: 1.000000
 

Arquitectura: _2_3_3_3_3_1_
Semilla: 1788086651
Segundos: 186
NIteraciones: 100000

Costo_train: 0.000827
Precision_train: 1.000000
Recall_train: 0.998775
F1_train: 0.999387

Costo_test: 0.000232
Precision_test: 1.000000
Recall_test: 1.000000
F1_test: 1.000000
 

Arquitectura: _2_3_3_3_3_1_
Semilla: 1788086651
Segundos: 186
NIteraciones: 100000

Costo_train: 0.000812
Precision_train: 1.000000
Recall_train: 0.998775
F1_train: 0.999387

Costo_test: 0.000206
Precision_test: 1.000000
Recall_test: 1.000000
F1_test: 1.000000
 

Arquitectura: _2_3_3_3_3_1_
Semilla: 1788086651
Segundos: 186
NIteraciones: 100000

Costo_train: 0.000798
Precision_train: 1.000000
Recall_train: 0.998775
F1_train: 0.999387

Costo_test: 0.000193
Precision_test: 1.000000
Recall_test: 1.000000
F1_test: 1.000000
 

Arquitectura: _2_3_3_3_3_1_
Semilla: 1788086651
Segundos: 186
NIteraciones: 100000

Costo_train: 0.000851
Precision_train: 1.000000
Recall_train: 0.998775
F1_train: 0.999387

Costo_test: 0.000250
Precision_test: 1.000000
Recall_test: 1.000000
F1_test: 1.000000
 

Arquitectura: _2_3_3_3_3_1_
Semilla: 1788086651
Segundos: 186
NIteraciones: 100000

Costo_train: 0.000813
Precision_train: 1.000000
Recall_train: 0.998775
F1_train: 0.999387

Costo_test: 0.000206
Precision_test: 1.000000
Recall_test: 1.000000
F1_test: 1.000000
 

Arquitectura: _2_3_3_3_3_1_
Semilla: 1788086651
Segundos: 186
NIteraciones: 100000

Costo_train: 0.000828
Precision_train: 1.000000
Recall_train: 0.998775
F1_train: 0.999387

Costo_test: 0.000233
Precision_test: 1.000000
Recall_test: 1.000000
F1_test: 1.000000
 

Arquitectura: _2_3_3_3_3_1_
Semilla: 1788086651
Segundos: 186
NIteraciones: 100000

Costo_train: 0.000796
Precision_train: 1.000000
Recall_train: 0.998775
F1_train: 0.999387

Costo_test: 0.000191
Precision_test: 1.000000
Recall_test: 1.000000
F1_test: 1.000000
 

Arquitectura: _2_3_3_3_3_1_
Semilla: 1788086651
Segundos: 186
NIteraciones: 100000

Costo_train: 0.000772
Precision_train: 1.000000
Recall_train: 0.998775
F1_train: 0.999387

Costo_test: 0.000176
Precision_test: 1.000000
Recall_test: 1.000000
F1_test: 1.000000
 

Arquitectura: _2_3_3_3_3_1_
Semilla: 1788086651
Segundos: 186
NIteraciones: 100000

Costo_train: 0.001038
Precision_train: 1.000000
Recall_train: 0.998775
F1_train: 0.999387

Costo_test: 0.000418
Precision_test: 1.000000
Recall_test: 1.000000
F1_test: 1.000000
 

Arquitectura: _2_3_3_3_3_1_
Semilla: 1788086651
Segundos: 186
NIteraciones: 100000

Costo_train: 0.000810
Precision_train: 1.000000
Recall_train: 0.998775
F1_train: 0.999387

Costo_test: 0.000212
Precision_test: 1.000000
Recall_test: 1.000000
F1_test: 1.000000
 

Arquitectura: _2_3_3_3_3_1_
Semilla: 1788086651
Segundos: 186
NIteraciones: 100000

Costo_train: 0.000777
Precision_train: 1.000000
Recall_train: 0.998775
F1_train: 0.999387

Costo_test: 0.000170
Precision_test: 1.000000
Recall_test: 1.000000
F1_test: 1.000000
 

Arquitectura: _2_3_3_3_3_1_
Semilla: 1788086651
Segundos: 186
NIteraciones: 100000

Costo_train: 0.000805
Precision_train: 1.000000
Recall_train: 0.998775
F1_train: 0.999387

Costo_test: 0.000197
Precision_test: 1.000000
Recall_test: 1.000000
F1_test: 1.000000
 

Arquitectura: _2_3_3_3_3_1_
Semilla: 1788086651
Segundos: 186
NIteraciones: 100000

Costo_train: 0.000821
Precision_train: 1.000000
Recall_train: 0.998775
F1_train: 0.999387

Costo_test: 0.000212
Precision_test: 1.000000
Recall_test: 1.000000
F1_test: 1.000000
 

Arquitectura: _2_3_3_3_3_1_
Semilla: 1788086651
Segundos: 186
NIteraciones: 100000

Costo_train: 0.000771
Precision_train: 1.000000
Recall_train: 0.998775
F1_train: 0.999387

Costo_test: 0.000175
Precision_test: 1.000000
Recall_test: 1.000000
F1_test: 1.000000
 

Arquitectura: _2_3_3_3_3_1_
Semilla: 1788086651
Segundos: 186
NIteraciones: 100000

Costo_train: 0.000770
Precision_train: 1.000000
Recall_train: 0.998775
F1_train: 0.999387

Costo_test: 0.000170
Precision_test: 1.000000
Recall_test: 1.000000
F1_test: 1.000000
 

Arquitectura: _2_3_3_3_3_1_
Semilla: 1788086651
Segundos: 186
NIteraciones: 100000

Costo_train: 0.000886
Precision_train: 1.000000
Recall_train: 0.998775
F1_train: 0.999387

Costo_test: 0.000281
Precision_test: 1.000000
Recall_test: 1.000000
F1_test: 1.000000
 

Arquitectura: _2_3_3_3_3_1_
Semilla: 1788086651
Segundos: 186
NIteraciones: 100000

Costo_train: 0.000780
Precision_train: 1.000000
Recall_train: 0.998775
F1_train: 0.999387

Costo_test: 0.000185
Precision_test: 1.000000
Recall_test: 1.000000
F1_test: 1.000000
 

Arquitectura: _2_3_3_3_3_1_
Semilla: 1788086651
Segundos: 186
NIteraciones: 100000

Costo_train: 0.000769
Precision_train: 1.000000
Recall_train: 0.998775
F1_train: 0.999387

Costo_test: 0.000167
Precision_test: 1.000000
Recall_test: 1.000000
F1_test: 1.000000
 

Arquitectura: _2_3_3_3_3_1_
Semilla: 1788086651
Segundos: 186
NIteraciones: 100000

Costo_train: 0.000769
Precision_train: 1.000000
Recall_train: 0.998775
F1_train: 0.999387

Costo_test: 0.000164
Precision_test: 1.000000
Recall_test: 1.000000
F1_test: 1.000000
 

Arquitectura: _2_3_3_3_3_1_
Semilla: 1788086651
Segundos: 186
NIteraciones: 100000

Costo_train: 0.000830
Precision_train: 1.000000
Recall_train: 0.998775
F1_train: 0.999387

Costo_test: 0.000222
Precision_test: 1.000000
Recall_test: 1.000000
F1_test: 1.000000
 

Arquitectura: _2_3_3_3_3_1_
Semilla: 1788086651
Segundos: 186
NIteraciones: 100000

Costo_train: 0.000843
Precision_train: 1.000000
Recall_train: 0.998775
F1_train: 0.999387

Costo_test: 0.000256
Precision_test: 1.000000
Recall_test: 1.000000
F1_test: 1.000000
 

Arquitectura: _2_3_3_3_3_1_
Semilla: 1788086651
Segundos: 186
NIteraciones: 100000

Costo_train: 0.000882
Precision_train: 1.000000
Recall_train: 0.998775
F1_train: 0.999387

Costo_test: 0.000291
Precision_test: 1.000000
Recall_test: 1.000000
F1_test: 1.000000
 

Arquitectura: _2_3_3_3_3_1_
Semilla: 1788086651
Segundos: 186
NIteraciones: 100000

Costo_train: 0.000886
Precision_train: 1.000000
Recall_train: 0.998775
F1_train: 0.999387

Costo_test: 0.000286
Precision_test: 1.000000
Recall_test: 1.000000
F1_test: 1.000000
 

Arquitectura: _2_3_3_3_3_1_
Semilla: 1788086651
Segundos: 186
NIteraciones: 100000

Costo_train: 0.000832
Precision_train: 1.000000
Recall_train: 0.998775
F1_train: 0.999387

Costo_test: 0.000190
Precision_test: 1.000000
Recall_test: 1.000000
F1_test: 1.000000
 

Arquitectura: _2_3_3_3_3_1_
Semilla: 1788086651
Segundos: 186
NIteraciones: 100000

Costo_train: 0.000790
Precision_train: 1.000000
Recall_train: 0.998775
F1_train: 0.999387

Costo_test: 0.000180
Precision_test: 1.000000
Recall_test: 1.000000
F1_test: 1.000000
 

Arquitectura: _2_3_3_3_3_1_
Semilla: 1788086651
Segundos: 186
NIteraciones: 100000

Costo_train: 0.000898
Precision_train: 1.000000
Recall_train: 0.998775
F1_train: 0.999387

Costo_test: 0.000271
Precision_test: 1.000000
Recall_test: 1.000000
F1_test: 1.000000
 

Arquitectura: _2_3_3_3_3_1_
Semilla: 1788086651
Segundos: 186
NIteraciones: 100000

Costo_train: 0.000850
Precision_train: 1.000000
Recall_train: 0.998775
F1_train: 0.999387

Costo_test: 0.000224
Precision_test: 1.000000
Recall_test: 1.000000
F1_test: 1.000000
 

Arquitectura: _2_3_3_3_3_1_
Semilla: 1788086651
Segundos: 186
NIteraciones: 100000

Costo_train: 0.000796
Precision_train: 1.000000
Recall_train: 0.998775
F1_train: 0.999387

Costo_test: 0.000182
Precision_test: 1.000000
Recall_test: 1.000000
F1_test: 1.000000
 

Arquitectura: _2_3_3_3_3_1_
Semilla: 1788086651
Segundos: 186
NIteraciones: 100000

Costo_train: 0.000811
Precision_train: 1.000000
Recall_train: 0.998775
F1_train: 0.999387

Costo_test: 0.000205
Precision_test: 1.000000
Recall_test: 1.000000
F1_test: 1.000000
 

Arquitectura: _2_3_3_3_3_1_
Semilla: 1788086651
Segundos: 186
NIteraciones: 100000

Costo_train: 0.000780
Precision_train: 1.000000
Recall_train: 0.998775
F1_train: 0.999387

Costo_test: 0.000177
Precision_test: 1.000000
Recall_test: 1.000000
F1_test: 1.000000
 

Arquitectura: _2_3_3_3_3_1_
Semilla: 1788086651
Segundos: 186
NIteraciones: 100000

Costo_train: 0.000787
Precision_train: 1.000000
Recall_train: 0.998775
F1_train: 0.999387

Costo_test: 0.000191
Precision_test: 1.000000
Recall_test: 1.000000
F1_test: 1.000000
 

Arquitectura: _2_3_3_3_3_1_
Semilla: 1788086651
Segundos: 186
NIteraciones: 100000

Costo_train: 0.000818
Precision_train: 1.000000
Recall_train: 0.998775
F1_train: 0.999387

Costo_test: 0.000179
Precision_test: 1.000000
Recall_test: 1.000000
F1_test: 1.000000
 

Arquitectura: _2_3_3_3_3_1_
Semilla: 1788086651
Segundos: 186
NIteraciones: 100000

Costo_train: 0.000775
Precision_train: 1.000000
Recall_train: 0.998775
F1_train: 0.999387

Costo_test: 0.000168
Precision_test: 1.000000
Recall_test: 1.000000
F1_test: 1.000000
 

Arquitectura: _2_3_3_3_3_1_
Semilla: 1788086651
Segundos: 186
NIteraciones: 100000

Costo_train: 0.000814
Precision_train: 1.000000
Recall_train: 0.998775
F1_train: 0.999387

Costo_test: 0.000210
Precision_test: 1.000000
Recall_test: 1.000000
F1_test: 1.000000
 

Arquitectura: _2_3_3_3_3_1_
Semilla: 1788086651
Segundos: 186
NIteraciones: 100000

Costo_train: 0.000988
Precision_train: 1.000000
Recall_train: 0.998775
F1_train: 0.999387

Costo_test: 0.000384
Precision_test: 1.000000
Recall_test: 1.000000
F1_test: 1.000000
 

Arquitectura: _2_3_3_3_3_1_
Semilla: 1788086651
Segundos: 186
NIteraciones: 100000

Costo_train: 0.000749
Precision_train: 1.000000
Recall_train: 0.998775
F1_train: 0.999387

Costo_test: 0.000148
Precision_test: 1.000000
Recall_test: 1.000000
F1_test: 1.000000
 

Arquitectura: _2_3_3_3_3_1_
Semilla: 1788086651
Segundos: 186
NIteraciones: 100000

Costo_train: 0.000793
Precision_train: 1.000000
Recall_train: 0.998775
F1_train: 0.999387

Costo_test: 0.000174
Precision_test: 1.000000
Recall_test: 1.000000
F1_test: 1.000000
 

Arquitectura: _2_3_3_3_3_1_
Semilla: 1788086651
Segundos: 186
NIteraciones: 100000

Costo_train: 0.000887
Precision_train: 1.000000
Recall_train: 0.998775
F1_train: 0.999387

Costo_test: 0.000272
Precision_test: 1.000000
Recall_test: 1.000000
F1_test: 1.000000
 

Arquitectura: _2_3_3_3_3_1_
Semilla: 1788086651
Segundos: 186
NIteraciones: 100000

Costo_train: 0.001024
Precision_train: 1.000000
Recall_train: 0.998775
F1_train: 0.999387

Costo_test: 0.000420
Precision_test: 1.000000
Recall_test: 1.000000
F1_test: 1.000000
 

Arquitectura: _2_3_3_3_3_1_
Semilla: 1788086651
Segundos: 186
NIteraciones: 100000

Costo_train: 0.000782
Precision_train: 1.000000
Recall_train: 0.998775
F1_train: 0.999387

Costo_test: 0.000189
Precision_test: 1.000000
Recall_test: 1.000000
F1_test: 1.000000
 

Arquitectura: _2_3_3_3_3_1_
Semilla: 1788086651
Segundos: 186
NIteraciones: 100000

Costo_train: 0.000767
Precision_train: 1.000000
Recall_train: 0.998775
F1_train: 0.999387

Costo_test: 0.000157
Precision_test: 1.000000
Recall_test: 1.000000
F1_test: 1.000000
 

Arquitectura: _2_3_3_3_3_1_
Semilla: 1788086651
Segundos: 186
NIteraciones: 100000

Costo_train: 0.000941
Precision_train: 1.000000
Recall_train: 0.998775
F1_train: 0.999387

Costo_test: 0.000301
Precision_test: 1.000000
Recall_test: 1.000000
F1_test: 1.000000
 

Arquitectura: _2_3_3_3_3_1_
Semilla: 1788086651
Segundos: 186
NIteraciones: 100000

Costo_train: 0.000798
Precision_train: 1.000000
Recall_train: 0.998775
F1_train: 0.999387

Costo_test: 0.000184
Precision_test: 1.000000
Recall_test: 1.000000
F1_test: 1.000000
 

Arquitectura: _2_3_3_3_3_1_
Semilla: 1788086651
Segundos: 186
NIteraciones: 100000

Costo_train: 0.000783
Precision_train: 1.000000
Recall_train: 0.998775
F1_train: 0.999387

Costo_test: 0.000190
Precision_test: 1.000000
Recall_test: 1.000000
F1_test: 1.000000
 

Arquitectura: _2_3_3_3_3_1_
Semilla: 1788086651
Segundos: 186
NIteraciones: 100000

Costo_train: 0.000745
Precision_train: 1.000000
Recall_train: 0.998775
F1_train: 0.999387

Costo_test: 0.000159
Precision_test: 1.000000
Recall_test: 1.000000
F1_test: 1.000000
 

Arquitectura: _2_3_3_3_3_1_
Semilla: 1788086651
Segundos: 186
NIteraciones: 100000

Costo_train: 0.000788
Precision_train: 1.000000
Recall_train: 0.998775
F1_train: 0.999387

Costo_test: 0.000166
Precision_test: 1.000000
Recall_test: 1.000000
F1_test: 1.000000
 

Arquitectura: _2_3_3_3_3_1_
Semilla: 1788086651
Segundos: 186
NIteraciones: 100000

Costo_train: 0.000796
Precision_train: 1.000000
Recall_train: 0.998775
F1_train: 0.999387

Costo_test: 0.000189
Precision_test: 1.000000
Recall_test: 1.000000
F1_test: 1.000000
 

Arquitectura: _2_3_3_3_3_1_
Semilla: 1788086651
Segundos: 186
NIteraciones: 100000

Costo_train: 0.000835
Precision_train: 1.000000
Recall_train: 0.998775
F1_train: 0.999387

Costo_test: 0.000232
Precision_test: 1.000000
Recall_test: 1.000000
F1_test: 1.000000
 

Arquitectura: _2_3_3_3_3_1_
Semilla: 1788086651
Segundos: 186
NIteraciones: 100000

Costo_train: 0.000785
Precision_train: 1.000000
Recall_train: 0.998775
F1_train: 0.999387

Costo_test: 0.000184
Precision_test: 1.000000
Recall_test: 1.000000
F1_test: 1.000000
 

Arquitectura: _2_3_3_3_3_1_
Semilla: 1788086651
Segundos: 186
NIteraciones: 100000

Costo_train: 0.000824
Precision_train: 1.000000
Recall_train: 0.998775
F1_train: 0.999387

Costo_test: 0.000229
Precision_test: 1.000000
Recall_test: 1.000000
F1_test: 1.000000
 

Arquitectura: _2_3_3_3_3_1_
Semilla: 1788086651
Segundos: 186
NIteraciones: 100000

Costo_train: 0.000774
Precision_train: 1.000000
Recall_train: 0.998775
F1_train: 0.999387

Costo_test: 0.000187
Precision_test: 1.000000
Recall_test: 1.000000
F1_test: 1.000000
 

Arquitectura: _2_3_3_3_3_1_
Semilla: 1788086651
Segundos: 186
NIteraciones: 100000

Costo_train: 0.000780
Precision_train: 1.000000
Recall_train: 0.998775
F1_train: 0.999387

Costo_test: 0.000182
Precision_test: 1.000000
Recall_test: 1.000000
F1_test: 1.000000
 

Arquitectura: _2_3_3_3_3_1_
Semilla: 1788086651
Segundos: 186
NIteraciones: 100000

Costo_train: 0.000763
Precision_train: 1.000000
Recall_train: 0.998775
F1_train: 0.999387

Costo_test: 0.000166
Precision_test: 1.000000
Recall_test: 1.000000
F1_test: 1.000000
 

Arquitectura: _2_3_3_3_3_1_
Semilla: 1788086651
Segundos: 186
NIteraciones: 100000

Costo_train: 0.000820
Precision_train: 1.000000
Recall_train: 0.998775
F1_train: 0.999387

Costo_test: 0.000211
Precision_test: 1.000000
Recall_test: 1.000000
F1_test: 1.000000
 

Arquitectura: _2_3_3_3_3_1_
Semilla: 1788086651
Segundos: 186
NIteraciones: 100000

Costo_train: 0.000864
Precision_train: 1.000000
Recall_train: 0.998775
F1_train: 0.999387

Costo_test: 0.000245
Precision_test: 1.000000
Recall_test: 1.000000
F1_test: 1.000000
 

Arquitectura: _2_3_3_3_3_1_
Semilla: 1788086651
Segundos: 186
NIteraciones: 100000

Costo_train: 0.000879
Precision_train: 1.000000
Recall_train: 0.998775
F1_train: 0.999387

Costo_test: 0.000260
Precision_test: 1.000000
Recall_test: 1.000000
F1_test: 1.000000
 

Arquitectura: _2_3_3_3_3_1_
Semilla: 1788086651
Segundos: 186
NIteraciones: 100000

Costo_train: 0.000790
Precision_train: 1.000000
Recall_train: 0.998775
F1_train: 0.999387

Costo_test: 0.000186
Precision_test: 1.000000
Recall_test: 1.000000
F1_test: 1.000000
 

Arquitectura: _2_3_3_3_3_1_
Semilla: 1788086651
Segundos: 186
NIteraciones: 100000

Costo_train: 0.000799
Precision_train: 1.000000
Recall_train: 0.998775
F1_train: 0.999387

Costo_test: 0.000191
Precision_test: 1.000000
Recall_test: 1.000000
F1_test: 1.000000
 

Arquitectura: _2_3_3_3_3_1_
Semilla: 1788086651
Segundos: 186
NIteraciones: 100000

Costo_train: 0.000964
Precision_train: 1.000000
Recall_train: 0.998775
F1_train: 0.999387

Costo_test: 0.000360
Precision_test: 1.000000
Recall_test: 1.000000
F1_test: 1.000000
 

Arquitectura: _2_3_3_3_3_1_
Semilla: 1788086651
Segundos: 186
NIteraciones: 100000

Costo_train: 0.000746
Precision_train: 1.000000
Recall_train: 0.998775
F1_train: 0.999387

Costo_test: 0.000149
Precision_test: 1.000000
Recall_test: 1.000000
F1_test: 1.000000
 

Arquitectura: _2_3_3_3_3_1_
Semilla: 1788086651
Segundos: 186
NIteraciones: 100000

Costo_train: 0.000780
Precision_train: 1.000000
Recall_train: 0.998775
F1_train: 0.999387

Costo_test: 0.000170
Precision_test: 1.000000
Recall_test: 1.000000
F1_test: 1.000000
 

Arquitectura: _2_3_3_3_3_1_
Semilla: 1788086651
Segundos: 186
NIteraciones: 100000

Costo_train: 0.000776
Precision_train: 1.000000
Recall_train: 0.998775
F1_train: 0.999387

Costo_test: 0.000154
Precision_test: 1.000000
Recall_test: 1.000000
F1_test: 1.000000
 

Arquitectura: _2_3_3_3_3_1_
Semilla: 1788086651
Segundos: 186
NIteraciones: 100000

Costo_train: 0.000783
Precision_train: 1.000000
Recall_train: 0.998775
F1_train: 0.999387

Costo_test: 0.000171
Precision_test: 1.000000
Recall_test: 1.000000
F1_test: 1.000000
 

Arquitectura: _2_3_3_3_3_1_
Semilla: 1788086651
Segundos: 186
NIteraciones: 100000

Costo_train: 0.000801
Precision_train: 1.000000
Recall_train: 0.998775
F1_train: 0.999387

Costo_test: 0.000189
Precision_test: 1.000000
Recall_test: 1.000000
F1_test: 1.000000
 

Arquitectura: _2_3_3_3_3_1_
Semilla: 1788086651
Segundos: 186
NIteraciones: 100000

Costo_train: 0.000967
Precision_train: 1.000000
Recall_train: 0.998775
F1_train: 0.999387

Costo_test: 0.000327
Precision_test: 1.000000
Recall_test: 1.000000
F1_test: 1.000000
 

Arquitectura: _2_3_3_3_3_1_
Semilla: 1788086651
Segundos: 186
NIteraciones: 100000

Costo_train: 0.000763
Precision_train: 1.000000
Recall_train: 0.998775
F1_train: 0.999387

Costo_test: 0.000164
Precision_test: 1.000000
Recall_test: 1.000000
F1_test: 1.000000
 


--- Test Angosta 5.0 ---
Iteración 10000
Costo: 0.001174
Iteración 20000
Costo: 0.000915
Iteración 30000
Costo: 0.000805
Iteración 40000
Costo: 0.000740
Iteración 50000
Costo: 0.000696
Iteración 60000
Costo: 0.000664
Iteración 70000
Costo: 0.000639
Iteración 80000
Costo: 0.000618
Iteración 90000
Costo: 0.000601

Arquitectura: _2_15_1_
Semilla: 1788086837
Segundos: 56
NIteraciones: 100000

Costo_train: 0.000585
Precision_train: 1.000000
Recall_train: 0.998775
F1_train: 0.999387

Costo_test: 0.000089
Precision_test: 1.000000
Recall_test: 1.000000
F1_test: 1.000000
 

Arquitectura: _2_15_1_
Semilla: 1788086837
Segundos: 56
NIteraciones: 100000

Costo_train: 0.000561
Precision_train: 1.000000
Recall_train: 0.998775
F1_train: 0.999387

Costo_test: 0.000086
Precision_test: 1.000000
Recall_test: 1.000000
F1_test: 1.000000
 

Arquitectura: _2_15_1_
Semilla: 1788086837
Segundos: 56
NIteraciones: 100000

Costo_train: 0.000576
Precision_train: 1.000000
Recall_train: 0.998775
F1_train: 0.999387

Costo_test: 0.000085
Precision_test: 1.000000
Recall_test: 1.000000
F1_test: 1.000000
 

Arquitectura: _2_15_1_
Semilla: 1788086837
Segundos: 56
NIteraciones: 100000

Costo_train: 0.000574
Precision_train: 1.000000
Recall_train: 0.998775
F1_train: 0.999387

Costo_test: 0.000084
Precision_test: 1.000000
Recall_test: 1.000000
F1_test: 1.000000
 

Arquitectura: _2_15_1_
Semilla: 1788086837
Segundos: 56
NIteraciones: 100000

Costo_train: 0.000578
Precision_train: 1.000000
Recall_train: 0.998775
F1_train: 0.999387

Costo_test: 0.000090
Precision_test: 1.000000
Recall_test: 1.000000
F1_test: 1.000000
 

Arquitectura: _2_15_1_
Semilla: 1788086837
Segundos: 56
NIteraciones: 100000

Costo_train: 0.000557
Precision_train: 1.000000
Recall_train: 0.998775
F1_train: 0.999387

Costo_test: 0.000087
Precision_test: 1.000000
Recall_test: 1.000000
F1_test: 1.000000
 

Arquitectura: _2_15_1_
Semilla: 1788086837
Segundos: 56
NIteraciones: 100000

Costo_train: 0.000572
Precision_train: 1.000000
Recall_train: 0.998775
F1_train: 0.999387

Costo_test: 0.000090
Precision_test: 1.000000
Recall_test: 1.000000
F1_test: 1.000000
 

Arquitectura: _2_15_1_
Semilla: 1788086837
Segundos: 56
NIteraciones: 100000

Costo_train: 0.000551
Precision_train: 1.000000
Recall_train: 0.998775
F1_train: 0.999387

Costo_test: 0.000090
Precision_test: 1.000000
Recall_test: 1.000000
F1_test: 1.000000
 

Arquitectura: _2_15_1_
Semilla: 1788086837
Segundos: 56
NIteraciones: 100000

Costo_train: 0.000563
Precision_train: 1.000000
Recall_train: 0.998775
F1_train: 0.999387

Costo_test: 0.000088
Precision_test: 1.000000
Recall_test: 1.000000
F1_test: 1.000000
 

Arquitectura: _2_15_1_
Semilla: 1788086837
Segundos: 56
NIteraciones: 100000

Costo_train: 0.000574
Precision_train: 1.000000
Recall_train: 0.998775
F1_train: 0.999387

Costo_test: 0.000089
Precision_test: 1.000000
Recall_test: 1.000000
F1_test: 1.000000
 

Arquitectura: _2_15_1_
Semilla: 1788086837
Segundos: 56
NIteraciones: 100000

Costo_train: 0.000570
Precision_train: 1.000000
Recall_train: 0.998775
F1_train: 0.999387

Costo_test: 0.000088
Precision_test: 1.000000
Recall_test: 1.000000
F1_test: 1.000000
 

Arquitectura: _2_15_1_
Semilla: 1788086837
Segundos: 56
NIteraciones: 100000

Costo_train: 0.000581
Precision_train: 1.000000
Recall_train: 0.998775
F1_train: 0.999387

Costo_test: 0.000089
Precision_test: 1.000000
Recall_test: 1.000000
F1_test: 1.000000
 

Arquitectura: _2_15_1_
Semilla: 1788086837
Segundos: 56
NIteraciones: 100000

Costo_train: 0.000574
Precision_train: 1.000000
Recall_train: 0.998775
F1_train: 0.999387

Costo_test: 0.000088
Precision_test: 1.000000
Recall_test: 1.000000
F1_test: 1.000000
 

Arquitectura: _2_15_1_
Semilla: 1788086837
Segundos: 56
NIteraciones: 100000

Costo_train: 0.000562
Precision_train: 1.000000
Recall_train: 0.998775
F1_train: 0.999387

Costo_test: 0.000088
Precision_test: 1.000000
Recall_test: 1.000000
F1_test: 1.000000
 

Arquitectura: _2_15_1_
Semilla: 1788086837
Segundos: 56
NIteraciones: 100000

Costo_train: 0.000573
Precision_train: 1.000000
Recall_train: 0.998775
F1_train: 0.999387

Costo_test: 0.000086
Precision_test: 1.000000
Recall_test: 1.000000
F1_test: 1.000000
 

Arquitectura: _2_15_1_
Semilla: 1788086837
Segundos: 56
NIteraciones: 100000

Costo_train: 0.000554
Precision_train: 1.000000
Recall_train: 0.998775
F1_train: 0.999387

Costo_test: 0.000088
Precision_test: 1.000000
Recall_test: 1.000000
F1_test: 1.000000
 

Arquitectura: _2_15_1_
Semilla: 1788086837
Segundos: 56
NIteraciones: 100000

Costo_train: 0.000577
Precision_train: 1.000000
Recall_train: 0.998775
F1_train: 0.999387

Costo_test: 0.000085
Precision_test: 1.000000
Recall_test: 1.000000
F1_test: 1.000000
 

Arquitectura: _2_15_1_
Semilla: 1788086837
Segundos: 56
NIteraciones: 100000

Costo_train: 0.000574
Precision_train: 1.000000
Recall_train: 0.998775
F1_train: 0.999387

Costo_test: 0.000089
Precision_test: 1.000000
Recall_test: 1.000000
F1_test: 1.000000
 

Arquitectura: _2_15_1_
Semilla: 1788086837
Segundos: 56
NIteraciones: 100000

Costo_train: 0.000570
Precision_train: 1.000000
Recall_train: 0.998775
F1_train: 0.999387

Costo_test: 0.000089
Precision_test: 1.000000
Recall_test: 1.000000
F1_test: 1.000000
 

Arquitectura: _2_15_1_
Semilla: 1788086837
Segundos: 56
NIteraciones: 100000

Costo_train: 0.000571
Precision_train: 1.000000
Recall_train: 0.998775
F1_train: 0.999387

Costo_test: 0.000088
Precision_test: 1.000000
Recall_test: 1.000000
F1_test: 1.000000
 

Arquitectura: _2_15_1_
Semilla: 1788086837
Segundos: 56
NIteraciones: 100000

Costo_train: 0.000573
Precision_train: 1.000000
Recall_train: 0.998775
F1_train: 0.999387

Costo_test: 0.000088
Precision_test: 1.000000
Recall_test: 1.000000
F1_test: 1.000000
 

Arquitectura: _2_15_1_
Semilla: 1788086837
Segundos: 56
NIteraciones: 100000

Costo_train: 0.000583
Precision_train: 1.000000
Recall_train: 0.998775
F1_train: 0.999387

Costo_test: 0.000086
Precision_test: 1.000000
Recall_test: 1.000000
F1_test: 1.000000
 

Arquitectura: _2_15_1_
Semilla: 1788086837
Segundos: 56
NIteraciones: 100000

Costo_train: 0.000574
Precision_train: 1.000000
Recall_train: 0.998775
F1_train: 0.999387

Costo_test: 0.000086
Precision_test: 1.000000
Recall_test: 1.000000
F1_test: 1.000000
 

Arquitectura: _2_15_1_
Semilla: 1788086837
Segundos: 56
NIteraciones: 100000

Costo_train: 0.000551
Precision_train: 1.000000
Recall_train: 0.998775
F1_train: 0.999387

Costo_test: 0.000088
Precision_test: 1.000000
Recall_test: 1.000000
F1_test: 1.000000
 

Arquitectura: _2_15_1_
Semilla: 1788086837
Segundos: 56
NIteraciones: 100000

Costo_train: 0.000565
Precision_train: 1.000000
Recall_train: 0.998775
F1_train: 0.999387

Costo_test: 0.000090
Precision_test: 1.000000
Recall_test: 1.000000
F1_test: 1.000000
 

Arquitectura: _2_15_1_
Semilla: 1788086837
Segundos: 56
NIteraciones: 100000

Costo_train: 0.000571
Precision_train: 1.000000
Recall_train: 0.998775
F1_train: 0.999387

Costo_test: 0.000083
Precision_test: 1.000000
Recall_test: 1.000000
F1_test: 1.000000
 

Arquitectura: _2_15_1_
Semilla: 1788086837
Segundos: 56
NIteraciones: 100000

Costo_train: 0.000579
Precision_train: 1.000000
Recall_train: 0.998775
F1_train: 0.999387

Costo_test: 0.000089
Precision_test: 1.000000
Recall_test: 1.000000
F1_test: 1.000000
 

Arquitectura: _2_15_1_
Semilla: 1788086837
Segundos: 56
NIteraciones: 100000

Costo_train: 0.000560
Precision_train: 1.000000
Recall_train: 0.998775
F1_train: 0.999387

Costo_test: 0.000087
Precision_test: 1.000000
Recall_test: 1.000000
F1_test: 1.000000
 

Arquitectura: _2_15_1_
Semilla: 1788086837
Segundos: 56
NIteraciones: 100000

Costo_train: 0.000572
Precision_train: 1.000000
Recall_train: 0.998775
F1_train: 0.999387

Costo_test: 0.000084
Precision_test: 1.000000
Recall_test: 1.000000
F1_test: 1.000000
 

Arquitectura: _2_15_1_
Semilla: 1788086837
Segundos: 56
NIteraciones: 100000

Costo_train: 0.000550
Precision_train: 1.000000
Recall_train: 0.998775
F1_train: 0.999387

Costo_test: 0.000088
Precision_test: 1.000000
Recall_test: 1.000000
F1_test: 1.000000
 

Arquitectura: _2_15_1_
Semilla: 1788086837
Segundos: 56
NIteraciones: 100000

Costo_train: 0.000559
Precision_train: 1.000000
Recall_train: 0.998775
F1_train: 0.999387

Costo_test: 0.000088
Precision_test: 1.000000
Recall_test: 1.000000
F1_test: 1.000000
 

Arquitectura: _2_15_1_
Semilla: 1788086837
Segundos: 56
NIteraciones: 100000

Costo_train: 0.000568
Precision_train: 1.000000
Recall_train: 0.998775
F1_train: 0.999387

Costo_test: 0.000088
Precision_test: 1.000000
Recall_test: 1.000000
F1_test: 1.000000
 

Arquitectura: _2_15_1_
Semilla: 1788086837
Segundos: 56
NIteraciones: 100000

Costo_train: 0.000572
Precision_train: 1.000000
Recall_train: 0.998775
F1_train: 0.999387

Costo_test: 0.000089
Precision_test: 1.000000
Recall_test: 1.000000
F1_test: 1.000000
 

Arquitectura: _2_15_1_
Semilla: 1788086837
Segundos: 56
NIteraciones: 100000

Costo_train: 0.000564
Precision_train: 1.000000
Recall_train: 0.998775
F1_train: 0.999387

Costo_test: 0.000091
Precision_test: 1.000000
Recall_test: 1.000000
F1_test: 1.000000
 

Arquitectura: _2_15_1_
Semilla: 1788086837
Segundos: 56
NIteraciones: 100000

Costo_train: 0.000555
Precision_train: 1.000000
Recall_train: 0.998775
F1_train: 0.999387

Costo_test: 0.000090
Precision_test: 1.000000
Recall_test: 1.000000
F1_test: 1.000000
 

Arquitectura: _2_15_1_
Semilla: 1788086837
Segundos: 56
NIteraciones: 100000

Costo_train: 0.000577
Precision_train: 1.000000
Recall_train: 0.998775
F1_train: 0.999387

Costo_test: 0.000088
Precision_test: 1.000000
Recall_test: 1.000000
F1_test: 1.000000
 

Arquitectura: _2_15_1_
Semilla: 1788086837
Segundos: 56
NIteraciones: 100000

Costo_train: 0.000588
Precision_train: 1.000000
Recall_train: 0.998775
F1_train: 0.999387

Costo_test: 0.000088
Precision_test: 1.000000
Recall_test: 1.000000
F1_test: 1.000000
 

Arquitectura: _2_15_1_
Semilla: 1788086837
Segundos: 56
NIteraciones: 100000

Costo_train: 0.000560
Precision_train: 1.000000
Recall_train: 0.998775
F1_train: 0.999387

Costo_test: 0.000088
Precision_test: 1.000000
Recall_test: 1.000000
F1_test: 1.000000
 

Arquitectura: _2_15_1_
Semilla: 1788086837
Segundos: 56
NIteraciones: 100000

Costo_train: 0.000560
Precision_train: 1.000000
Recall_train: 0.998775
F1_train: 0.999387

Costo_test: 0.000088
Precision_test: 1.000000
Recall_test: 1.000000
F1_test: 1.000000
 

Arquitectura: _2_15_1_
Semilla: 1788086837
Segundos: 56
NIteraciones: 100000

Costo_train: 0.000586
Precision_train: 1.000000
Recall_train: 0.998775
F1_train: 0.999387

Costo_test: 0.000087
Precision_test: 1.000000
Recall_test: 1.000000
F1_test: 1.000000
 

Arquitectura: _2_15_1_
Semilla: 1788086837
Segundos: 56
NIteraciones: 100000

Costo_train: 0.000571
Precision_train: 1.000000
Recall_train: 0.998775
F1_train: 0.999387

Costo_test: 0.000088
Precision_test: 1.000000
Recall_test: 1.000000
F1_test: 1.000000
 

Arquitectura: _2_15_1_
Semilla: 1788086837
Segundos: 56
NIteraciones: 100000

Costo_train: 0.000573
Precision_train: 1.000000
Recall_train: 0.998775
F1_train: 0.999387

Costo_test: 0.000090
Precision_test: 1.000000
Recall_test: 1.000000
F1_test: 1.000000
 

Arquitectura: _2_15_1_
Semilla: 1788086837
Segundos: 56
NIteraciones: 100000

Costo_train: 0.000576
Precision_train: 1.000000
Recall_train: 0.998775
F1_train: 0.999387

Costo_test: 0.000088
Precision_test: 1.000000
Recall_test: 1.000000
F1_test: 1.000000
 

Arquitectura: _2_15_1_
Semilla: 1788086837
Segundos: 56
NIteraciones: 100000

Costo_train: 0.000553
Precision_train: 1.000000
Recall_train: 0.998775
F1_train: 0.999387

Costo_test: 0.000087
Precision_test: 1.000000
Recall_test: 1.000000
F1_test: 1.000000
 

Arquitectura: _2_15_1_
Semilla: 1788086837
Segundos: 56
NIteraciones: 100000

Costo_train: 0.000571
Precision_train: 1.000000
Recall_train: 0.998775
F1_train: 0.999387

Costo_test: 0.000086
Precision_test: 1.000000
Recall_test: 1.000000
F1_test: 1.000000
 

Arquitectura: _2_15_1_
Semilla: 1788086837
Segundos: 56
NIteraciones: 100000

Costo_train: 0.000562
Precision_train: 1.000000
Recall_train: 0.998775
F1_train: 0.999387

Costo_test: 0.000088
Precision_test: 1.000000
Recall_test: 1.000000
F1_test: 1.000000
 

Arquitectura: _2_15_1_
Semilla: 1788086837
Segundos: 56
NIteraciones: 100000

Costo_train: 0.000589
Precision_train: 1.000000
Recall_train: 0.998775
F1_train: 0.999387

Costo_test: 0.000089
Precision_test: 1.000000
Recall_test: 1.000000
F1_test: 1.000000
 

Arquitectura: _2_15_1_
Semilla: 1788086837
Segundos: 56
NIteraciones: 100000

Costo_train: 0.000573
Precision_train: 1.000000
Recall_train: 0.998775
F1_train: 0.999387

Costo_test: 0.000086
Precision_test: 1.000000
Recall_test: 1.000000
F1_test: 1.000000
 

Arquitectura: _2_15_1_
Semilla: 1788086837
Segundos: 56
NIteraciones: 100000

Costo_train: 0.000570
Precision_train: 1.000000
Recall_train: 0.998775
F1_train: 0.999387

Costo_test: 0.000088
Precision_test: 1.000000
Recall_test: 1.000000
F1_test: 1.000000
 

Arquitectura: _2_15_1_
Semilla: 1788086837
Segundos: 56
NIteraciones: 100000

Costo_train: 0.000558
Precision_train: 1.000000
Recall_train: 0.998775
F1_train: 0.999387

Costo_test: 0.000088
Precision_test: 1.000000
Recall_test: 1.000000
F1_test: 1.000000
 

Arquitectura: _2_15_1_
Semilla: 1788086837
Segundos: 56
NIteraciones: 100000

Costo_train: 0.000568
Precision_train: 1.000000
Recall_train: 0.998775
F1_train: 0.999387

Costo_test: 0.000086
Precision_test: 1.000000
Recall_test: 1.000000
F1_test: 1.000000
 

Arquitectura: _2_15_1_
Semilla: 1788086837
Segundos: 56
NIteraciones: 100000

Costo_train: 0.000567
Precision_train: 1.000000
Recall_train: 0.998775
F1_train: 0.999387

Costo_test: 0.000090
Precision_test: 1.000000
Recall_test: 1.000000
F1_test: 1.000000
 

Arquitectura: _2_15_1_
Semilla: 1788086837
Segundos: 56
NIteraciones: 100000

Costo_train: 0.000579
Precision_train: 1.000000
Recall_train: 0.998775
F1_train: 0.999387

Costo_test: 0.000087
Precision_test: 1.000000
Recall_test: 1.000000
F1_test: 1.000000
 

Arquitectura: _2_15_1_
Semilla: 1788086837
Segundos: 56
NIteraciones: 100000

Costo_train: 0.000558
Precision_train: 1.000000
Recall_train: 0.998775
F1_train: 0.999387

Costo_test: 0.000091
Precision_test: 1.000000
Recall_test: 1.000000
F1_test: 1.000000
 

Arquitectura: _2_15_1_
Semilla: 1788086837
Segundos: 56
NIteraciones: 100000

Costo_train: 0.000571
Precision_train: 1.000000
Recall_train: 0.998775
F1_train: 0.999387

Costo_test: 0.000087
Precision_test: 1.000000
Recall_test: 1.000000
F1_test: 1.000000
 

Arquitectura: _2_15_1_
Semilla: 1788086837
Segundos: 56
NIteraciones: 100000

Costo_train: 0.000560
Precision_train: 1.000000
Recall_train: 0.998775
F1_train: 0.999387

Costo_test: 0.000089
Precision_test: 1.000000
Recall_test: 1.000000
F1_test: 1.000000
 

Arquitectura: _2_15_1_
Semilla: 1788086837
Segundos: 56
NIteraciones: 100000

Costo_train: 0.000557
Precision_train: 1.000000
Recall_train: 0.998775
F1_train: 0.999387

Costo_test: 0.000086
Precision_test: 1.000000
Recall_test: 1.000000
F1_test: 1.000000
 

Arquitectura: _2_15_1_
Semilla: 1788086837
Segundos: 56
NIteraciones: 100000

Costo_train: 0.000564
Precision_train: 1.000000
Recall_train: 0.998775
F1_train: 0.999387

Costo_test: 0.000089
Precision_test: 1.000000
Recall_test: 1.000000
F1_test: 1.000000
 

Arquitectura: _2_15_1_
Semilla: 1788086837
Segundos: 56
NIteraciones: 100000

Costo_train: 0.000569
Precision_train: 1.000000
Recall_train: 0.998775
F1_train: 0.999387

Costo_test: 0.000088
Precision_test: 1.000000
Recall_test: 1.000000
F1_test: 1.000000
 

Arquitectura: _2_15_1_
Semilla: 1788086837
Segundos: 56
NIteraciones: 100000

Costo_train: 0.000555
Precision_train: 1.000000
Recall_train: 0.998775
F1_train: 0.999387

Costo_test: 0.000089
Precision_test: 1.000000
Recall_test: 1.000000
F1_test: 1.000000
 

Arquitectura: _2_15_1_
Semilla: 1788086837
Segundos: 56
NIteraciones: 100000

Costo_train: 0.000577
Precision_train: 1.000000
Recall_train: 0.998775
F1_train: 0.999387

Costo_test: 0.000085
Precision_test: 1.000000
Recall_test: 1.000000
F1_test: 1.000000
 

Arquitectura: _2_15_1_
Semilla: 1788086837
Segundos: 56
NIteraciones: 100000

Costo_train: 0.000560
Precision_train: 1.000000
Recall_train: 0.998775
F1_train: 0.999387

Costo_test: 0.000088
Precision_test: 1.000000
Recall_test: 1.000000
F1_test: 1.000000
 

Arquitectura: _2_15_1_
Semilla: 1788086837
Segundos: 56
NIteraciones: 100000

Costo_train: 0.000577
Precision_train: 1.000000
Recall_train: 0.998775
F1_train: 0.999387

Costo_test: 0.000086
Precision_test: 1.000000
Recall_test: 1.000000
F1_test: 1.000000
 

Arquitectura: _2_15_1_
Semilla: 1788086837
Segundos: 56
NIteraciones: 100000

Costo_train: 0.000563
Precision_train: 1.000000
Recall_train: 0.998775
F1_train: 0.999387

Costo_test: 0.000086
Precision_test: 1.000000
Recall_test: 1.000000
F1_test: 1.000000
 

Arquitectura: _2_15_1_
Semilla: 1788086837
Segundos: 56
NIteraciones: 100000

Costo_train: 0.000572
Precision_train: 1.000000
Recall_train: 0.998775
F1_train: 0.999387

Costo_test: 0.000086
Precision_test: 1.000000
Recall_test: 1.000000
F1_test: 1.000000
 

Arquitectura: _2_15_1_
Semilla: 1788086837
Segundos: 56
NIteraciones: 100000

Costo_train: 0.000572
Precision_train: 1.000000
Recall_train: 0.998775
F1_train: 0.999387

Costo_test: 0.000086
Precision_test: 1.000000
Recall_test: 1.000000
F1_test: 1.000000
 

Arquitectura: _2_15_1_
Semilla: 1788086837
Segundos: 56
NIteraciones: 100000

Costo_train: 0.000562
Precision_train: 1.000000
Recall_train: 0.998775
F1_train: 0.999387

Costo_test: 0.000087
Precision_test: 1.000000
Recall_test: 1.000000
F1_test: 1.000000
 

Arquitectura: _2_15_1_
Semilla: 1788086837
Segundos: 56
NIteraciones: 100000

Costo_train: 0.000567
Precision_train: 1.000000
Recall_train: 0.998775
F1_train: 0.999387

Costo_test: 0.000087
Precision_test: 1.000000
Recall_test: 1.000000
F1_test: 1.000000
 

Arquitectura: _2_15_1_
Semilla: 1788086837
Segundos: 56
NIteraciones: 100000

Costo_train: 0.000585
Precision_train: 1.000000
Recall_train: 0.998775
F1_train: 0.999387

Costo_test: 0.000092
Precision_test: 1.000000
Recall_test: 1.000000
F1_test: 1.000000
 

Arquitectura: _2_15_1_
Semilla: 1788086837
Segundos: 56
NIteraciones: 100000

Costo_train: 0.000564
Precision_train: 1.000000
Recall_train: 0.998775
F1_train: 0.999387

Costo_test: 0.000087
Precision_test: 1.000000
Recall_test: 1.000000
F1_test: 1.000000
 

Arquitectura: _2_15_1_
Semilla: 1788086837
Segundos: 56
NIteraciones: 100000

Costo_train: 0.000577
Precision_train: 1.000000
Recall_train: 0.998775
F1_train: 0.999387

Costo_test: 0.000089
Precision_test: 1.000000
Recall_test: 1.000000
F1_test: 1.000000
 

Arquitectura: _2_15_1_
Semilla: 1788086837
Segundos: 56
NIteraciones: 100000

Costo_train: 0.000562
Precision_train: 1.000000
Recall_train: 0.998775
F1_train: 0.999387

Costo_test: 0.000087
Precision_test: 1.000000
Recall_test: 1.000000
F1_test: 1.000000
 

Arquitectura: _2_15_1_
Semilla: 1788086837
Segundos: 56
NIteraciones: 100000

Costo_train: 0.000552
Precision_train: 1.000000
Recall_train: 0.998775
F1_train: 0.999387

Costo_test: 0.000091
Precision_test: 1.000000
Recall_test: 1.000000
F1_test: 1.000000
 

Arquitectura: _2_15_1_
Semilla: 1788086837
Segundos: 56
NIteraciones: 100000

Costo_train: 0.000559
Precision_train: 1.000000
Recall_train: 0.998775
F1_train: 0.999387

Costo_test: 0.000086
Precision_test: 1.000000
Recall_test: 1.000000
F1_test: 1.000000
 

Arquitectura: _2_15_1_
Semilla: 1788086837
Segundos: 56
NIteraciones: 100000

Costo_train: 0.000584
Precision_train: 1.000000
Recall_train: 0.998775
F1_train: 0.999387

Costo_test: 0.000086
Precision_test: 1.000000
Recall_test: 1.000000
F1_test: 1.000000
 

Arquitectura: _2_15_1_
Semilla: 1788086837
Segundos: 56
NIteraciones: 100000

Costo_train: 0.000570
Precision_train: 1.000000
Recall_train: 0.998775
F1_train: 0.999387

Costo_test: 0.000087
Precision_test: 1.000000
Recall_test: 1.000000
F1_test: 1.000000
 

Arquitectura: _2_15_1_
Semilla: 1788086837
Segundos: 56
NIteraciones: 100000

Costo_train: 0.000579
Precision_train: 1.000000
Recall_train: 0.998775
F1_train: 0.999387

Costo_test: 0.000089
Precision_test: 1.000000
Recall_test: 1.000000
F1_test: 1.000000
 

Arquitectura: _2_15_1_
Semilla: 1788086837
Segundos: 56
NIteraciones: 100000

Costo_train: 0.000555
Precision_train: 1.000000
Recall_train: 0.998775
F1_train: 0.999387

Costo_test: 0.000088
Precision_test: 1.000000
Recall_test: 1.000000
F1_test: 1.000000
 

Arquitectura: _2_15_1_
Semilla: 1788086837
Segundos: 56
NIteraciones: 100000

Costo_train: 0.000550
Precision_train: 1.000000
Recall_train: 0.998775
F1_train: 0.999387

Costo_test: 0.000089
Precision_test: 1.000000
Recall_test: 1.000000
F1_test: 1.000000
 

Arquitectura: _2_15_1_
Semilla: 1788086837
Segundos: 56
NIteraciones: 100000

Costo_train: 0.000568
Precision_train: 1.000000
Recall_train: 0.998775
F1_train: 0.999387

Costo_test: 0.000088
Precision_test: 1.000000
Recall_test: 1.000000
F1_test: 1.000000
 

Arquitectura: _2_15_1_
Semilla: 1788086837
Segundos: 56
NIteraciones: 100000

Costo_train: 0.000554
Precision_train: 1.000000
Recall_train: 0.998775
F1_train: 0.999387

Costo_test: 0.000090
Precision_test: 1.000000
Recall_test: 1.000000
F1_test: 1.000000
 

Arquitectura: _2_15_1_
Semilla: 1788086837
Segundos: 56
NIteraciones: 100000

Costo_train: 0.000579
Precision_train: 1.000000
Recall_train: 0.998775
F1_train: 0.999387

Costo_test: 0.000089
Precision_test: 1.000000
Recall_test: 1.000000
F1_test: 1.000000
 

Arquitectura: _2_15_1_
Semilla: 1788086837
Segundos: 56
NIteraciones: 100000

Costo_train: 0.000587
Precision_train: 1.000000
Recall_train: 0.998775
F1_train: 0.999387

Costo_test: 0.000087
Precision_test: 1.000000
Recall_test: 1.000000
F1_test: 1.000000
 

Arquitectura: _2_15_1_
Semilla: 1788086837
Segundos: 56
NIteraciones: 100000

Costo_train: 0.000562
Precision_train: 1.000000
Recall_train: 0.998775
F1_train: 0.999387

Costo_test: 0.000088
Precision_test: 1.000000
Recall_test: 1.000000
F1_test: 1.000000
 

Arquitectura: _2_15_1_
Semilla: 1788086837
Segundos: 56
NIteraciones: 100000

Costo_train: 0.000560
Precision_train: 1.000000
Recall_train: 0.998775
F1_train: 0.999387

Costo_test: 0.000088
Precision_test: 1.000000
Recall_test: 1.000000
F1_test: 1.000000
 

Arquitectura: _2_15_1_
Semilla: 1788086837
Segundos: 56
NIteraciones: 100000

Costo_train: 0.000568
Precision_train: 1.000000
Recall_train: 0.998775
F1_train: 0.999387

Costo_test: 0.000088
Precision_test: 1.000000
Recall_test: 1.000000
F1_test: 1.000000
 

Arquitectura: _2_15_1_
Semilla: 1788086837
Segundos: 56
NIteraciones: 100000

Costo_train: 0.000589
Precision_train: 1.000000
Recall_train: 0.998775
F1_train: 0.999387

Costo_test: 0.000086
Precision_test: 1.000000
Recall_test: 1.000000
F1_test: 1.000000
 

Arquitectura: _2_15_1_
Semilla: 1788086837
Segundos: 56
NIteraciones: 100000

Costo_train: 0.000578
Precision_train: 1.000000
Recall_train: 0.998775
F1_train: 0.999387

Costo_test: 0.000087
Precision_test: 1.000000
Recall_test: 1.000000
F1_test: 1.000000
 

Arquitectura: _2_15_1_
Semilla: 1788086837
Segundos: 56
NIteraciones: 100000

Costo_train: 0.000558
Precision_train: 1.000000
Recall_train: 0.998775
F1_train: 0.999387

Costo_test: 0.000086
Precision_test: 1.000000
Recall_test: 1.000000
F1_test: 1.000000
 

Arquitectura: _2_15_1_
Semilla: 1788086837
Segundos: 56
NIteraciones: 100000

Costo_train: 0.000566
Precision_train: 1.000000
Recall_train: 0.998775
F1_train: 0.999387

Costo_test: 0.000086
Precision_test: 1.000000
Recall_test: 1.000000
F1_test: 1.000000
 

Arquitectura: _2_15_1_
Semilla: 1788086837
Segundos: 56
NIteraciones: 100000

Costo_train: 0.000555
Precision_train: 1.000000
Recall_train: 0.998775
F1_train: 0.999387

Costo_test: 0.000093
Precision_test: 1.000000
Recall_test: 1.000000
F1_test: 1.000000
 

Arquitectura: _2_15_1_
Semilla: 1788086837
Segundos: 56
NIteraciones: 100000

Costo_train: 0.000569
Precision_train: 1.000000
Recall_train: 0.998775
F1_train: 0.999387

Costo_test: 0.000087
Precision_test: 1.000000
Recall_test: 1.000000
F1_test: 1.000000
 

Arquitectura: _2_15_1_
Semilla: 1788086837
Segundos: 56
NIteraciones: 100000

Costo_train: 0.000573
Precision_train: 1.000000
Recall_train: 0.998775
F1_train: 0.999387

Costo_test: 0.000087
Precision_test: 1.000000
Recall_test: 1.000000
F1_test: 1.000000
 

Arquitectura: _2_15_1_
Semilla: 1788086837
Segundos: 56
NIteraciones: 100000

Costo_train: 0.000569
Precision_train: 1.000000
Recall_train: 0.998775
F1_train: 0.999387

Costo_test: 0.000090
Precision_test: 1.000000
Recall_test: 1.000000
F1_test: 1.000000
 

Arquitectura: _2_15_1_
Semilla: 1788086837
Segundos: 56
NIteraciones: 100000

Costo_train: 0.000558
Precision_train: 1.000000
Recall_train: 0.998775
F1_train: 0.999387

Costo_test: 0.000089
Precision_test: 1.000000
Recall_test: 1.000000
F1_test: 1.000000
 

Arquitectura: _2_15_1_
Semilla: 1788086837
Segundos: 56
NIteraciones: 100000

Costo_train: 0.000558
Precision_train: 1.000000
Recall_train: 0.998775
F1_train: 0.999387

Costo_test: 0.000089
Precision_test: 1.000000
Recall_test: 1.000000
F1_test: 1.000000
 

Arquitectura: _2_15_1_
Semilla: 1788086837
Segundos: 56
NIteraciones: 100000

Costo_train: 0.000565
Precision_train: 1.000000
Recall_train: 0.998775
F1_train: 0.999387

Costo_test: 0.000086
Precision_test: 1.000000
Recall_test: 1.000000
F1_test: 1.000000
 

Arquitectura: _2_15_1_
Semilla: 1788086837
Segundos: 56
NIteraciones: 100000

Costo_train: 0.000563
Precision_train: 1.000000
Recall_train: 0.998775
F1_train: 0.999387

Costo_test: 0.000089
Precision_test: 1.000000
Recall_test: 1.000000
F1_test: 1.000000
 

Arquitectura: _2_15_1_
Semilla: 1788086837
Segundos: 56
NIteraciones: 100000

Costo_train: 0.000563
Precision_train: 1.000000
Recall_train: 0.998775
F1_train: 0.999387

Costo_test: 0.000088
Precision_test: 1.000000
Recall_test: 1.000000
F1_test: 1.000000
 

Arquitectura: _2_15_1_
Semilla: 1788086837
Segundos: 56
NIteraciones: 100000

Costo_train: 0.000571
Precision_train: 1.000000
Recall_train: 0.998775
F1_train: 0.999387

Costo_test: 0.000086
Precision_test: 1.000000
Recall_test: 1.000000
F1_test: 1.000000
 


--- Test Profunda 5.0 ---
Iteración 10000
Costo: 0.249443
Iteración 20000
Costo: 0.248133
Iteración 30000
Costo: 0.234859
Iteración 40000
Costo: 0.007504
Iteración 50000
Costo: 0.002757
Iteración 60000
Costo: 0.001861
Iteración 70000
Costo: 0.001443
Iteración 80000
Costo: 0.001208
Iteración 90000
Costo: 0.001068

Arquitectura: _2_3_3_3_3_3_1_
Semilla: 1788086893
Segundos: 232
NIteraciones: 100000

Costo_train: 0.000977
Precision_train: 1.000000
Recall_train: 0.998775
F1_train: 0.999387

Costo_test: 0.000352
Precision_test: 1.000000
Recall_test: 1.000000
F1_test: 1.000000
 

Arquitectura: _2_3_3_3_3_3_1_
Semilla: 1788086893
Segundos: 232
NIteraciones: 100000

Costo_train: 0.001021
Precision_train: 1.000000
Recall_train: 0.998775
F1_train: 0.999387

Costo_test: 0.000327
Precision_test: 1.000000
Recall_test: 1.000000
F1_test: 1.000000
 

Arquitectura: _2_3_3_3_3_3_1_
Semilla: 1788086893
Segundos: 232
NIteraciones: 100000

Costo_train: 0.001650
Precision_train: 1.000000
Recall_train: 0.998775
F1_train: 0.999387

Costo_test: 0.000955
Precision_test: 1.000000
Recall_test: 1.000000
F1_test: 1.000000
 

Arquitectura: _2_3_3_3_3_3_1_
Semilla: 1788086893
Segundos: 232
NIteraciones: 100000

Costo_train: 0.001008
Precision_train: 1.000000
Recall_train: 0.998775
F1_train: 0.999387

Costo_test: 0.000388
Precision_test: 1.000000
Recall_test: 1.000000
F1_test: 1.000000
 

Arquitectura: _2_3_3_3_3_3_1_
Semilla: 1788086893
Segundos: 232
NIteraciones: 100000

Costo_train: 0.001805
Precision_train: 1.000000
Recall_train: 0.998775
F1_train: 0.999387

Costo_test: 0.001066
Precision_test: 1.000000
Recall_test: 1.000000
F1_test: 1.000000
 

Arquitectura: _2_3_3_3_3_3_1_
Semilla: 1788086893
Segundos: 232
NIteraciones: 100000

Costo_train: 0.249918
Precision_train: 0.510000
Recall_train: 1.000000
F1_train: 0.675497

Costo_test: 0.250926
Precision_test: 0.460000
Recall_test: 1.000000
F1_test: 0.630137
 

Arquitectura: _2_3_3_3_3_3_1_
Semilla: 1788086893
Segundos: 232
NIteraciones: 100000

Costo_train: 0.002207
Precision_train: 1.000000
Recall_train: 0.997549
F1_train: 0.998773

Costo_test: 0.001348
Precision_test: 1.000000
Recall_test: 1.000000
F1_test: 1.000000
 

Arquitectura: _2_3_3_3_3_3_1_
Semilla: 1788086893
Segundos: 232
NIteraciones: 100000

Costo_train: 0.001480
Precision_train: 1.000000
Recall_train: 0.998775
F1_train: 0.999387

Costo_test: 0.000777
Precision_test: 1.000000
Recall_test: 1.000000
F1_test: 1.000000
 

Arquitectura: _2_3_3_3_3_3_1_
Semilla: 1788086893
Segundos: 232
NIteraciones: 100000

Costo_train: 0.002861
Precision_train: 1.000000
Recall_train: 0.998775
F1_train: 0.999387

Costo_test: 0.002095
Precision_test: 1.000000
Recall_test: 1.000000
F1_test: 1.000000
 

Arquitectura: _2_3_3_3_3_3_1_
Semilla: 1788086893
Segundos: 232
NIteraciones: 100000

Costo_train: 0.001039
Precision_train: 1.000000
Recall_train: 0.998775
F1_train: 0.999387

Costo_test: 0.000389
Precision_test: 1.000000
Recall_test: 1.000000
F1_test: 1.000000
 

Arquitectura: _2_3_3_3_3_3_1_
Semilla: 1788086893
Segundos: 232
NIteraciones: 100000

Costo_train: 0.001195
Precision_train: 1.000000
Recall_train: 0.998775
F1_train: 0.999387

Costo_test: 0.000485
Precision_test: 1.000000
Recall_test: 1.000000
F1_test: 1.000000
 

Arquitectura: _2_3_3_3_3_3_1_
Semilla: 1788086893
Segundos: 232
NIteraciones: 100000

Costo_train: 0.001290
Precision_train: 1.000000
Recall_train: 0.998775
F1_train: 0.999387

Costo_test: 0.000678
Precision_test: 1.000000
Recall_test: 1.000000
F1_test: 1.000000
 

Arquitectura: _2_3_3_3_3_3_1_
Semilla: 1788086893
Segundos: 232
NIteraciones: 100000

Costo_train: 0.000961
Precision_train: 1.000000
Recall_train: 0.998775
F1_train: 0.999387

Costo_test: 0.000348
Precision_test: 1.000000
Recall_test: 1.000000
F1_test: 1.000000
 

Arquitectura: _2_3_3_3_3_3_1_
Semilla: 1788086893
Segundos: 232
NIteraciones: 100000

Costo_train: 0.002864
Precision_train: 1.000000
Recall_train: 0.997549
F1_train: 0.998773

Costo_test: 0.002038
Precision_test: 1.000000
Recall_test: 1.000000
F1_test: 1.000000
 

Arquitectura: _2_3_3_3_3_3_1_
Semilla: 1788086893
Segundos: 232
NIteraciones: 100000

Costo_train: 0.248303
Precision_train: 0.510000
Recall_train: 1.000000
F1_train: 0.675497

Costo_test: 0.249357
Precision_test: 0.460000
Recall_test: 1.000000
F1_test: 0.630137
 

Arquitectura: _2_3_3_3_3_3_1_
Semilla: 1788086893
Segundos: 232
NIteraciones: 100000

Costo_train: 0.003337
Precision_train: 1.000000
Recall_train: 0.997549
F1_train: 0.998773

Costo_test: 0.002403
Precision_test: 1.000000
Recall_test: 1.000000
F1_test: 1.000000
 

Arquitectura: _2_3_3_3_3_3_1_
Semilla: 1788086893
Segundos: 232
NIteraciones: 100000

Costo_train: 0.001127
Precision_train: 1.000000
Recall_train: 0.998775
F1_train: 0.999387

Costo_test: 0.000480
Precision_test: 1.000000
Recall_test: 1.000000
F1_test: 1.000000
 

Arquitectura: _2_3_3_3_3_3_1_
Semilla: 1788086893
Segundos: 232
NIteraciones: 100000

Costo_train: 0.249761
Precision_train: 0.510000
Recall_train: 1.000000
F1_train: 0.675497

Costo_test: 0.250769
Precision_test: 0.460000
Recall_test: 1.000000
F1_test: 0.630137
 

Arquitectura: _2_3_3_3_3_3_1_
Semilla: 1788086893
Segundos: 232
NIteraciones: 100000

Costo_train: 0.000978
Precision_train: 1.000000
Recall_train: 0.998775
F1_train: 0.999387

Costo_test: 0.000328
Precision_test: 1.000000
Recall_test: 1.000000
F1_test: 1.000000
 

Arquitectura: _2_3_3_3_3_3_1_
Semilla: 1788086893
Segundos: 232
NIteraciones: 100000

Costo_train: 0.003361
Precision_train: 1.000000
Recall_train: 0.997549
F1_train: 0.998773

Costo_test: 0.002293
Precision_test: 1.000000
Recall_test: 1.000000
F1_test: 1.000000
 

Arquitectura: _2_3_3_3_3_3_1_
Semilla: 1788086893
Segundos: 232
NIteraciones: 100000

Costo_train: 0.001966
Precision_train: 1.000000
Recall_train: 0.997549
F1_train: 0.998773

Costo_test: 0.001101
Precision_test: 1.000000
Recall_test: 1.000000
F1_test: 1.000000
 

Arquitectura: _2_3_3_3_3_3_1_
Semilla: 1788086893
Segundos: 232
NIteraciones: 100000

Costo_train: 0.002941
Precision_train: 1.000000
Recall_train: 0.997549
F1_train: 0.998773

Costo_test: 0.001911
Precision_test: 1.000000
Recall_test: 1.000000
F1_test: 1.000000
 

Arquitectura: _2_3_3_3_3_3_1_
Semilla: 1788086893
Segundos: 232
NIteraciones: 100000

Costo_train: 0.001045
Precision_train: 1.000000
Recall_train: 0.998775
F1_train: 0.999387

Costo_test: 0.000441
Precision_test: 1.000000
Recall_test: 1.000000
F1_test: 1.000000
 

Arquitectura: _2_3_3_3_3_3_1_
Semilla: 1788086893
Segundos: 232
NIteraciones: 100000

Costo_train: 0.000987
Precision_train: 1.000000
Recall_train: 0.998775
F1_train: 0.999387

Costo_test: 0.000358
Precision_test: 1.000000
Recall_test: 1.000000
F1_test: 1.000000
 

Arquitectura: _2_3_3_3_3_3_1_
Semilla: 1788086893
Segundos: 232
NIteraciones: 100000

Costo_train: 0.248822
Precision_train: 0.510000
Recall_train: 1.000000
F1_train: 0.675497

Costo_test: 0.249900
Precision_test: 0.460000
Recall_test: 1.000000
F1_test: 0.630137
 

Arquitectura: _2_3_3_3_3_3_1_
Semilla: 1788086893
Segundos: 232
NIteraciones: 100000

Costo_train: 0.247581
Precision_train: 0.510000
Recall_train: 1.000000
F1_train: 0.675497

Costo_test: 0.248400
Precision_test: 0.460000
Recall_test: 1.000000
F1_test: 0.630137
 

Arquitectura: _2_3_3_3_3_3_1_
Semilla: 1788086893
Segundos: 232
NIteraciones: 100000

Costo_train: 0.000948
Precision_train: 1.000000
Recall_train: 0.998775
F1_train: 0.999387

Costo_test: 0.000312
Precision_test: 1.000000
Recall_test: 1.000000
F1_test: 1.000000
 

Arquitectura: _2_3_3_3_3_3_1_
Semilla: 1788086893
Segundos: 232
NIteraciones: 100000

Costo_train: 0.001194
Precision_train: 1.000000
Recall_train: 0.998775
F1_train: 0.999387

Costo_test: 0.000468
Precision_test: 1.000000
Recall_test: 1.000000
F1_test: 1.000000
 

Arquitectura: _2_3_3_3_3_3_1_
Semilla: 1788086893
Segundos: 232
NIteraciones: 100000

Costo_train: 0.000993
Precision_train: 1.000000
Recall_train: 0.998775
F1_train: 0.999387

Costo_test: 0.000359
Precision_test: 1.000000
Recall_test: 1.000000
F1_test: 1.000000
 

Arquitectura: _2_3_3_3_3_3_1_
Semilla: 1788086893
Segundos: 232
NIteraciones: 100000

Costo_train: 0.003219
Precision_train: 1.000000
Recall_train: 0.997549
F1_train: 0.998773

Costo_test: 0.002110
Precision_test: 1.000000
Recall_test: 1.000000
F1_test: 1.000000
 

Arquitectura: _2_3_3_3_3_3_1_
Semilla: 1788086893
Segundos: 232
NIteraciones: 100000

Costo_train: 0.001415
Precision_train: 1.000000
Recall_train: 0.998775
F1_train: 0.999387

Costo_test: 0.000769
Precision_test: 1.000000
Recall_test: 1.000000
F1_test: 1.000000
 

Arquitectura: _2_3_3_3_3_3_1_
Semilla: 1788086893
Segundos: 232
NIteraciones: 100000

Costo_train: 0.000958
Precision_train: 1.000000
Recall_train: 0.998775
F1_train: 0.999387

Costo_test: 0.000328
Precision_test: 1.000000
Recall_test: 1.000000
F1_test: 1.000000
 

Arquitectura: _2_3_3_3_3_3_1_
Semilla: 1788086893
Segundos: 232
NIteraciones: 100000

Costo_train: 0.001420
Precision_train: 1.000000
Recall_train: 0.998775
F1_train: 0.999387

Costo_test: 0.000716
Precision_test: 1.000000
Recall_test: 1.000000
F1_test: 1.000000
 

Arquitectura: _2_3_3_3_3_3_1_
Semilla: 1788086893
Segundos: 232
NIteraciones: 100000

Costo_train: 0.001330
Precision_train: 1.000000
Recall_train: 0.998775
F1_train: 0.999387

Costo_test: 0.000599
Precision_test: 1.000000
Recall_test: 1.000000
F1_test: 1.000000
 

Arquitectura: _2_3_3_3_3_3_1_
Semilla: 1788086893
Segundos: 232
NIteraciones: 100000

Costo_train: 0.001029
Precision_train: 1.000000
Recall_train: 0.998775
F1_train: 0.999387

Costo_test: 0.000411
Precision_test: 1.000000
Recall_test: 1.000000
F1_test: 1.000000
 

Arquitectura: _2_3_3_3_3_3_1_
Semilla: 1788086893
Segundos: 232
NIteraciones: 100000

Costo_train: 0.249879
Precision_train: 0.510000
Recall_train: 1.000000
F1_train: 0.675497

Costo_test: 0.250875
Precision_test: 0.460000
Recall_test: 1.000000
F1_test: 0.630137
 

Arquitectura: _2_3_3_3_3_3_1_
Semilla: 1788086893
Segundos: 232
NIteraciones: 100000

Costo_train: 0.001092
Precision_train: 1.000000
Recall_train: 0.998775
F1_train: 0.999387

Costo_test: 0.000442
Precision_test: 1.000000
Recall_test: 1.000000
F1_test: 1.000000
 

Arquitectura: _2_3_3_3_3_3_1_
Semilla: 1788086893
Segundos: 232
NIteraciones: 100000

Costo_train: 0.001031
Precision_train: 1.000000
Recall_train: 0.998775
F1_train: 0.999387

Costo_test: 0.000417
Precision_test: 1.000000
Recall_test: 1.000000
F1_test: 1.000000
 

Arquitectura: _2_3_3_3_3_3_1_
Semilla: 1788086893
Segundos: 232
NIteraciones: 100000

Costo_train: 0.001474
Precision_train: 1.000000
Recall_train: 0.998775
F1_train: 0.999387

Costo_test: 0.000842
Precision_test: 1.000000
Recall_test: 1.000000
F1_test: 1.000000
 

Arquitectura: _2_3_3_3_3_3_1_
Semilla: 1788086893
Segundos: 232
NIteraciones: 100000

Costo_train: 0.001107
Precision_train: 1.000000
Recall_train: 0.998775
F1_train: 0.999387

Costo_test: 0.000403
Precision_test: 1.000000
Recall_test: 1.000000
F1_test: 1.000000
 

Arquitectura: _2_3_3_3_3_3_1_
Semilla: 1788086893
Segundos: 232
NIteraciones: 100000

Costo_train: 0.001392
Precision_train: 1.000000
Recall_train: 0.998775
F1_train: 0.999387

Costo_test: 0.000728
Precision_test: 1.000000
Recall_test: 1.000000
F1_test: 1.000000
 

Arquitectura: _2_3_3_3_3_3_1_
Semilla: 1788086893
Segundos: 232
NIteraciones: 100000

Costo_train: 0.240284
Precision_train: 0.951049
Recall_train: 1.000000
F1_train: 0.974910

Costo_test: 0.241049
Precision_test: 0.910891
Recall_test: 1.000000
F1_test: 0.953368
 

Arquitectura: _2_3_3_3_3_3_1_
Semilla: 1788086893
Segundos: 232
NIteraciones: 100000

Costo_train: 0.001103
Precision_train: 1.000000
Recall_train: 0.998775
F1_train: 0.999387

Costo_test: 0.000476
Precision_test: 1.000000
Recall_test: 1.000000
F1_test: 1.000000
 

Arquitectura: _2_3_3_3_3_3_1_
Semilla: 1788086893
Segundos: 232
NIteraciones: 100000

Costo_train: 0.001954
Precision_train: 1.000000
Recall_train: 0.997549
F1_train: 0.998773

Costo_test: 0.001170
Precision_test: 1.000000
Recall_test: 1.000000
F1_test: 1.000000
 

Arquitectura: _2_3_3_3_3_3_1_
Semilla: 1788086893
Segundos: 232
NIteraciones: 100000

Costo_train: 0.001643
Precision_train: 1.000000
Recall_train: 0.997549
F1_train: 0.998773

Costo_test: 0.000855
Precision_test: 1.000000
Recall_test: 1.000000
F1_test: 1.000000
 

Arquitectura: _2_3_3_3_3_3_1_
Semilla: 1788086893
Segundos: 232
NIteraciones: 100000

Costo_train: 0.001644
Precision_train: 1.000000
Recall_train: 0.998775
F1_train: 0.999387

Costo_test: 0.001040
Precision_test: 1.000000
Recall_test: 1.000000
F1_test: 1.000000
 

Arquitectura: _2_3_3_3_3_3_1_
Semilla: 1788086893
Segundos: 232
NIteraciones: 100000

Costo_train: 0.003478
Precision_train: 1.000000
Recall_train: 0.997549
F1_train: 0.998773

Costo_test: 0.002398
Precision_test: 1.000000
Recall_test: 1.000000
F1_test: 1.000000
 

Arquitectura: _2_3_3_3_3_3_1_
Semilla: 1788086893
Segundos: 232
NIteraciones: 100000

Costo_train: 0.003578
Precision_train: 1.000000
Recall_train: 0.997549
F1_train: 0.998773

Costo_test: 0.002828
Precision_test: 1.000000
Recall_test: 1.000000
F1_test: 1.000000
 

Arquitectura: _2_3_3_3_3_3_1_
Semilla: 1788086893
Segundos: 232
NIteraciones: 100000

Costo_train: 0.001196
Precision_train: 1.000000
Recall_train: 0.998775
F1_train: 0.999387

Costo_test: 0.000494
Precision_test: 1.000000
Recall_test: 1.000000
F1_test: 1.000000
 

Arquitectura: _2_3_3_3_3_3_1_
Semilla: 1788086893
Segundos: 232
NIteraciones: 100000

Costo_train: 0.001047
Precision_train: 1.000000
Recall_train: 0.998775
F1_train: 0.999387

Costo_test: 0.000424
Precision_test: 1.000000
Recall_test: 1.000000
F1_test: 1.000000
 

Arquitectura: _2_3_3_3_3_3_1_
Semilla: 1788086893
Segundos: 232
NIteraciones: 100000

Costo_train: 0.249686
Precision_train: 0.510000
Recall_train: 1.000000
F1_train: 0.675497

Costo_test: 0.250681
Precision_test: 0.460000
Recall_test: 1.000000
F1_test: 0.630137
 

Arquitectura: _2_3_3_3_3_3_1_
Semilla: 1788086893
Segundos: 232
NIteraciones: 100000

Costo_train: 0.001252
Precision_train: 1.000000
Recall_train: 0.998775
F1_train: 0.999387

Costo_test: 0.000588
Precision_test: 1.000000
Recall_test: 1.000000
F1_test: 1.000000
 

Arquitectura: _2_3_3_3_3_3_1_
Semilla: 1788086893
Segundos: 232
NIteraciones: 100000

Costo_train: 0.000849
Precision_train: 1.000000
Recall_train: 0.998775
F1_train: 0.999387

Costo_test: 0.000231
Precision_test: 1.000000
Recall_test: 1.000000
F1_test: 1.000000
 

Arquitectura: _2_3_3_3_3_3_1_
Semilla: 1788086893
Segundos: 232
NIteraciones: 100000

Costo_train: 0.000940
Precision_train: 1.000000
Recall_train: 0.998775
F1_train: 0.999387

Costo_test: 0.000307
Precision_test: 1.000000
Recall_test: 1.000000
F1_test: 1.000000
 

Arquitectura: _2_3_3_3_3_3_1_
Semilla: 1788086893
Segundos: 232
NIteraciones: 100000

Costo_train: 0.000883
Precision_train: 1.000000
Recall_train: 0.998775
F1_train: 0.999387

Costo_test: 0.000271
Precision_test: 1.000000
Recall_test: 1.000000
F1_test: 1.000000
 

Arquitectura: _2_3_3_3_3_3_1_
Semilla: 1788086893
Segundos: 232
NIteraciones: 100000

Costo_train: 0.001061
Precision_train: 1.000000
Recall_train: 0.998775
F1_train: 0.999387

Costo_test: 0.000426
Precision_test: 1.000000
Recall_test: 1.000000
F1_test: 1.000000
 

Arquitectura: _2_3_3_3_3_3_1_
Semilla: 1788086893
Segundos: 232
NIteraciones: 100000

Costo_train: 0.249888
Precision_train: 0.510000
Recall_train: 1.000000
F1_train: 0.675497

Costo_test: 0.250884
Precision_test: 0.460000
Recall_test: 1.000000
F1_test: 0.630137
 

Arquitectura: _2_3_3_3_3_3_1_
Semilla: 1788086893
Segundos: 232
NIteraciones: 100000

Costo_train: 0.000975
Precision_train: 1.000000
Recall_train: 0.998775
F1_train: 0.999387

Costo_test: 0.000352
Precision_test: 1.000000
Recall_test: 1.000000
F1_test: 1.000000
 

Arquitectura: _2_3_3_3_3_3_1_
Semilla: 1788086893
Segundos: 232
NIteraciones: 100000

Costo_train: 0.000867
Precision_train: 1.000000
Recall_train: 0.998775
F1_train: 0.999387

Costo_test: 0.000241
Precision_test: 1.000000
Recall_test: 1.000000
F1_test: 1.000000
 

Arquitectura: _2_3_3_3_3_3_1_
Semilla: 1788086893
Segundos: 232
NIteraciones: 100000

Costo_train: 0.249485
Precision_train: 0.510000
Recall_train: 1.000000
F1_train: 0.675497

Costo_test: 0.250457
Precision_test: 0.460000
Recall_test: 1.000000
F1_test: 0.630137
 

Arquitectura: _2_3_3_3_3_3_1_
Semilla: 1788086893
Segundos: 232
NIteraciones: 100000

Costo_train: 0.002888
Precision_train: 1.000000
Recall_train: 0.998775
F1_train: 0.999387

Costo_test: 0.002153
Precision_test: 1.000000
Recall_test: 1.000000
F1_test: 1.000000
 

Arquitectura: _2_3_3_3_3_3_1_
Semilla: 1788086893
Segundos: 232
NIteraciones: 100000

Costo_train: 0.001050
Precision_train: 1.000000
Recall_train: 0.998775
F1_train: 0.999387

Costo_test: 0.000406
Precision_test: 1.000000
Recall_test: 1.000000
F1_test: 1.000000
 

Arquitectura: _2_3_3_3_3_3_1_
Semilla: 1788086893
Segundos: 232
NIteraciones: 100000

Costo_train: 0.249479
Precision_train: 0.510000
Recall_train: 1.000000
F1_train: 0.675497

Costo_test: 0.250489
Precision_test: 0.460000
Recall_test: 1.000000
F1_test: 0.630137
 

Arquitectura: _2_3_3_3_3_3_1_
Semilla: 1788086893
Segundos: 232
NIteraciones: 100000

Costo_train: 0.001117
Precision_train: 1.000000
Recall_train: 0.998775
F1_train: 0.999387

Costo_test: 0.000410
Precision_test: 1.000000
Recall_test: 1.000000
F1_test: 1.000000
 

Arquitectura: _2_3_3_3_3_3_1_
Semilla: 1788086893
Segundos: 232
NIteraciones: 100000

Costo_train: 0.245431
Precision_train: 0.510000
Recall_train: 1.000000
F1_train: 0.675497

Costo_test: 0.246596
Precision_test: 0.460000
Recall_test: 1.000000
F1_test: 0.630137
 

Arquitectura: _2_3_3_3_3_3_1_
Semilla: 1788086893
Segundos: 232
NIteraciones: 100000

Costo_train: 0.000978
Precision_train: 1.000000
Recall_train: 0.998775
F1_train: 0.999387

Costo_test: 0.000336
Precision_test: 1.000000
Recall_test: 1.000000
F1_test: 1.000000
 

Arquitectura: _2_3_3_3_3_3_1_
Semilla: 1788086893
Segundos: 232
NIteraciones: 100000

Costo_train: 0.249900
Precision_train: 0.510000
Recall_train: 1.000000
F1_train: 0.675497

Costo_test: 0.250898
Precision_test: 0.460000
Recall_test: 1.000000
F1_test: 0.630137
 

Arquitectura: _2_3_3_3_3_3_1_
Semilla: 1788086893
Segundos: 232
NIteraciones: 100000

Costo_train: 0.001889
Precision_train: 1.000000
Recall_train: 0.998775
F1_train: 0.999387

Costo_test: 0.001180
Precision_test: 1.000000
Recall_test: 1.000000
F1_test: 1.000000
 

Arquitectura: _2_3_3_3_3_3_1_
Semilla: 1788086893
Segundos: 232
NIteraciones: 100000

Costo_train: 0.002289
Precision_train: 1.000000
Recall_train: 0.997549
F1_train: 0.998773

Costo_test: 0.001334
Precision_test: 1.000000
Recall_test: 1.000000
F1_test: 1.000000
 

Arquitectura: _2_3_3_3_3_3_1_
Semilla: 1788086893
Segundos: 232
NIteraciones: 100000

Costo_train: 0.002264
Precision_train: 1.000000
Recall_train: 0.997549
F1_train: 0.998773

Costo_test: 0.001485
Precision_test: 1.000000
Recall_test: 1.000000
F1_test: 1.000000
 

Arquitectura: _2_3_3_3_3_3_1_
Semilla: 1788086893
Segundos: 232
NIteraciones: 100000

Costo_train: 0.001093
Precision_train: 1.000000
Recall_train: 0.998775
F1_train: 0.999387

Costo_test: 0.000378
Precision_test: 1.000000
Recall_test: 1.000000
F1_test: 1.000000
 

Arquitectura: _2_3_3_3_3_3_1_
Semilla: 1788086893
Segundos: 232
NIteraciones: 100000

Costo_train: 0.001166
Precision_train: 1.000000
Recall_train: 0.998775
F1_train: 0.999387

Costo_test: 0.000522
Precision_test: 1.000000
Recall_test: 1.000000
F1_test: 1.000000
 

Arquitectura: _2_3_3_3_3_3_1_
Semilla: 1788086893
Segundos: 232
NIteraciones: 100000

Costo_train: 0.249853
Precision_train: 0.510000
Recall_train: 1.000000
F1_train: 0.675497

Costo_test: 0.250874
Precision_test: 0.460000
Recall_test: 1.000000
F1_test: 0.630137
 

Arquitectura: _2_3_3_3_3_3_1_
Semilla: 1788086893
Segundos: 232
NIteraciones: 100000

Costo_train: 0.050430
Precision_train: 1.000000
Recall_train: 0.996324
F1_train: 0.998158

Costo_test: 0.049407
Precision_test: 1.000000
Recall_test: 1.000000
F1_test: 1.000000
 

Arquitectura: _2_3_3_3_3_3_1_
Semilla: 1788086893
Segundos: 232
NIteraciones: 100000

Costo_train: 0.001303
Precision_train: 1.000000
Recall_train: 0.998775
F1_train: 0.999387

Costo_test: 0.000537
Precision_test: 1.000000
Recall_test: 1.000000
F1_test: 1.000000
 

Arquitectura: _2_3_3_3_3_3_1_
Semilla: 1788086893
Segundos: 232
NIteraciones: 100000

Costo_train: 0.001050
Precision_train: 1.000000
Recall_train: 0.998775
F1_train: 0.999387

Costo_test: 0.000457
Precision_test: 1.000000
Recall_test: 1.000000
F1_test: 1.000000
 

Arquitectura: _2_3_3_3_3_3_1_
Semilla: 1788086893
Segundos: 232
NIteraciones: 100000

Costo_train: 0.144347
Precision_train: 1.000000
Recall_train: 0.997549
F1_train: 0.998773

Costo_test: 0.144999
Precision_test: 1.000000
Recall_test: 1.000000
F1_test: 1.000000
 

Arquitectura: _2_3_3_3_3_3_1_
Semilla: 1788086893
Segundos: 232
NIteraciones: 100000

Costo_train: 0.001117
Precision_train: 1.000000
Recall_train: 0.998775
F1_train: 0.999387

Costo_test: 0.000438
Precision_test: 1.000000
Recall_test: 1.000000
F1_test: 1.000000
 

Arquitectura: _2_3_3_3_3_3_1_
Semilla: 1788086893
Segundos: 232
NIteraciones: 100000

Costo_train: 0.001112
Precision_train: 1.000000
Recall_train: 0.998775
F1_train: 0.999387

Costo_test: 0.000457
Precision_test: 1.000000
Recall_test: 1.000000
F1_test: 1.000000
 

Arquitectura: _2_3_3_3_3_3_1_
Semilla: 1788086893
Segundos: 232
NIteraciones: 100000

Costo_train: 0.247893
Precision_train: 0.510000
Recall_train: 1.000000
F1_train: 0.675497

Costo_test: 0.248871
Precision_test: 0.460000
Recall_test: 1.000000
F1_test: 0.630137
 

Arquitectura: _2_3_3_3_3_3_1_
Semilla: 1788086893
Segundos: 232
NIteraciones: 100000

Costo_train: 0.001026
Precision_train: 1.000000
Recall_train: 0.998775
F1_train: 0.999387

Costo_test: 0.000415
Precision_test: 1.000000
Recall_test: 1.000000
F1_test: 1.000000
 

Arquitectura: _2_3_3_3_3_3_1_
Semilla: 1788086893
Segundos: 232
NIteraciones: 100000

Costo_train: 0.001452
Precision_train: 1.000000
Recall_train: 0.997549
F1_train: 0.998773

Costo_test: 0.000574
Precision_test: 1.000000
Recall_test: 1.000000
F1_test: 1.000000
 

Arquitectura: _2_3_3_3_3_3_1_
Semilla: 1788086893
Segundos: 232
NIteraciones: 100000

Costo_train: 0.009721
Precision_train: 1.000000
Recall_train: 0.997549
F1_train: 0.998773

Costo_test: 0.008703
Precision_test: 1.000000
Recall_test: 1.000000
F1_test: 1.000000
 

Arquitectura: _2_3_3_3_3_3_1_
Semilla: 1788086893
Segundos: 232
NIteraciones: 100000

Costo_train: 0.000968
Precision_train: 1.000000
Recall_train: 0.998775
F1_train: 0.999387

Costo_test: 0.000339
Precision_test: 1.000000
Recall_test: 1.000000
F1_test: 1.000000
 

Arquitectura: _2_3_3_3_3_3_1_
Semilla: 1788086893
Segundos: 232
NIteraciones: 100000

Costo_train: 0.249615
Precision_train: 0.510000
Recall_train: 1.000000
F1_train: 0.675497

Costo_test: 0.250599
Precision_test: 0.460000
Recall_test: 1.000000
F1_test: 0.630137
 

Arquitectura: _2_3_3_3_3_3_1_
Semilla: 1788086893
Segundos: 232
NIteraciones: 100000

Costo_train: 0.248324
Precision_train: 0.510000
Recall_train: 1.000000
F1_train: 0.675497

Costo_test: 0.249171
Precision_test: 0.460000
Recall_test: 1.000000
F1_test: 0.630137
 

Arquitectura: _2_3_3_3_3_3_1_
Semilla: 1788086893
Segundos: 232
NIteraciones: 100000

Costo_train: 0.249820
Precision_train: 0.510000
Recall_train: 1.000000
F1_train: 0.675497

Costo_test: 0.250819
Precision_test: 0.460000
Recall_test: 1.000000
F1_test: 0.630137
 

Arquitectura: _2_3_3_3_3_3_1_
Semilla: 1788086893
Segundos: 232
NIteraciones: 100000

Costo_train: 0.249711
Precision_train: 0.510000
Recall_train: 1.000000
F1_train: 0.675497

Costo_test: 0.250692
Precision_test: 0.460000
Recall_test: 1.000000
F1_test: 0.630137
 

Arquitectura: _2_3_3_3_3_3_1_
Semilla: 1788086893
Segundos: 232
NIteraciones: 100000

Costo_train: 0.001486
Precision_train: 1.000000
Recall_train: 0.998775
F1_train: 0.999387

Costo_test: 0.000818
Precision_test: 1.000000
Recall_test: 1.000000
F1_test: 1.000000
 

Arquitectura: _2_3_3_3_3_3_1_
Semilla: 1788086893
Segundos: 232
NIteraciones: 100000

Costo_train: 0.249857
Precision_train: 0.510000
Recall_train: 1.000000
F1_train: 0.675497

Costo_test: 0.250851
Precision_test: 0.460000
Recall_test: 1.000000
F1_test: 0.630137
 

Arquitectura: _2_3_3_3_3_3_1_
Semilla: 1788086893
Segundos: 232
NIteraciones: 100000

Costo_train: 0.249864
Precision_train: 0.510000
Recall_train: 1.000000
F1_train: 0.675497

Costo_test: 0.250858
Precision_test: 0.460000
Recall_test: 1.000000
F1_test: 0.630137
 

Arquitectura: _2_3_3_3_3_3_1_
Semilla: 1788086893
Segundos: 232
NIteraciones: 100000

Costo_train: 0.001222
Precision_train: 1.000000
Recall_train: 0.998775
F1_train: 0.999387

Costo_test: 0.000560
Precision_test: 1.000000
Recall_test: 1.000000
F1_test: 1.000000
 

Arquitectura: _2_3_3_3_3_3_1_
Semilla: 1788086893
Segundos: 232
NIteraciones: 100000

Costo_train: 0.249902
Precision_train: 0.510000
Recall_train: 1.000000
F1_train: 0.675497

Costo_test: 0.250899
Precision_test: 0.460000
Recall_test: 1.000000
F1_test: 0.630137
 

Arquitectura: _2_3_3_3_3_3_1_
Semilla: 1788086893
Segundos: 232
NIteraciones: 100000

Costo_train: 0.001511
Precision_train: 1.000000
Recall_train: 0.998775
F1_train: 0.999387

Costo_test: 0.000796
Precision_test: 1.000000
Recall_test: 1.000000
F1_test: 1.000000
 

Arquitectura: _2_3_3_3_3_3_1_
Semilla: 1788086893
Segundos: 232
NIteraciones: 100000

Costo_train: 0.001141
Precision_train: 1.000000
Recall_train: 0.998775
F1_train: 0.999387

Costo_test: 0.000520
Precision_test: 1.000000
Recall_test: 1.000000
F1_test: 1.000000
 

Arquitectura: _2_3_3_3_3_3_1_
Semilla: 1788086893
Segundos: 232
NIteraciones: 100000

Costo_train: 0.040437
Precision_train: 1.000000
Recall_train: 0.997549
F1_train: 0.998773

Costo_test: 0.039830
Precision_test: 1.000000
Recall_test: 1.000000
F1_test: 1.000000
 

Arquitectura: _2_3_3_3_3_3_1_
Semilla: 1788086893
Segundos: 232
NIteraciones: 100000

Costo_train: 0.002084
Precision_train: 1.000000
Recall_train: 0.997549
F1_train: 0.998773

Costo_test: 0.001291
Precision_test: 1.000000
Recall_test: 1.000000
F1_test: 1.000000
 

Arquitectura: _2_3_3_3_3_3_1_
Semilla: 1788086893
Segundos: 232
NIteraciones: 100000

Costo_train: 0.249893
Precision_train: 0.510000
Recall_train: 1.000000
F1_train: 0.675497

Costo_test: 0.250891
Precision_test: 0.460000
Recall_test: 1.000000
F1_test: 0.630137
 

Arquitectura: _2_3_3_3_3_3_1_
Semilla: 1788086893
Segundos: 232
NIteraciones: 100000

Costo_train: 0.001087
Precision_train: 1.000000
Recall_train: 0.998775
F1_train: 0.999387

Costo_test: 0.000442
Precision_test: 1.000000
Recall_test: 1.000000
F1_test: 1.000000
 

Arquitectura: _2_3_3_3_3_3_1_
Semilla: 1788086893
Segundos: 232
NIteraciones: 100000

Costo_train: 0.002145
Precision_train: 1.000000
Recall_train: 0.998775
F1_train: 0.999387

Costo_test: 0.001394
Precision_test: 1.000000
Recall_test: 1.000000
F1_test: 1.000000
 
