--- Configuración Actual ---
Paso: 0.200000
Gamma: 0.000000
Parada: 0.100000
Iteraciones: 100000
CapasDesde: 2
CapasHasta: 5
Repeticiones: 1
Intervalo: 10000
Batch: 100
MultiplicadorProfunda: 0.700000
Tarjeta: NVIDIA GeForce RTX 3090 Ti
----------------------------
Dimensiones Datos
trainx: 2x1600 
trainy: 1x1600 
test_x: 2x400 


--- Test Angosta 2.0 ---
Iteración 10000
Costo: 0.001298
Iteración 20000
Costo: 0.000986
Iteración 30000
Costo: 0.000855
Iteración 40000
Costo: 0.000779
Iteración 50000
Costo: 0.000728
Iteración 60000
Costo: 0.000691
Iteración 70000
Costo: 0.000662
Iteración 80000
Costo: 0.000638
Iteración 90000
Costo: 0.000618

Arquitectura: _2_6_1_
Semilla: 1788099183
Segundos: 49
NIteraciones: 100000

Costo_train: 0.000601
Precision_train: 1.000000
Recall_train: 0.998775
F1_train: 0.999387

Costo_test: 0.000087
Precision_test: 1.000000
Recall_test: 1.000000
F1_test: 1.000000
 

Arquitectura: _2_6_1_
Semilla: 1788099183
Segundos: 49
NIteraciones: 100000

Costo_train: 0.000596
Precision_train: 1.000000
Recall_train: 0.998775
F1_train: 0.999387

Costo_test: 0.000086
Precision_test: 1.000000
Recall_test: 1.000000
F1_test: 1.000000
 

Arquitectura: _2_6_1_
Semilla: 1788099183
Segundos: 49
NIteraciones: 100000

Costo_train: 0.000609
Precision_train: 1.000000
Recall_train: 0.998775
F1_train: 0.999387

Costo_test: 0.000087
Precision_test: 1.000000
Recall_test: 1.000000
F1_test: 1.000000
 

Arquitectura: _2_6_1_
Semilla: 1788099183
Segundos: 49
NIteraciones: 100000

Costo_train: 0.000600
Precision_train: 1.000000
Recall_train: 0.998775
F1_train: 0.999387

Costo_test: 0.000090
Precision_test: 1.000000
Recall_test: 1.000000
F1_test: 1.000000
 

Arquitectura: _2_6_1_
Semilla: 1788099183
Segundos: 49
NIteraciones: 100000

Costo_train: 0.000626
Precision_train: 1.000000
Recall_train: 0.998775
F1_train: 0.999387

Costo_test: 0.000086
Precision_test: 1.000000
Recall_test: 1.000000
F1_test: 1.000000
 

Arquitectura: _2_6_1_
Semilla: 1788099183
Segundos: 49
NIteraciones: 100000

Costo_train: 0.000615
Precision_train: 1.000000
Recall_train: 0.998775
F1_train: 0.999387

Costo_test: 0.000086
Precision_test: 1.000000
Recall_test: 1.000000
F1_test: 1.000000
 

Arquitectura: _2_6_1_
Semilla: 1788099183
Segundos: 49
NIteraciones: 100000

Costo_train: 0.000605
Precision_train: 1.000000
Recall_train: 0.998775
F1_train: 0.999387

Costo_test: 0.000087
Precision_test: 1.000000
Recall_test: 1.000000
F1_test: 1.000000
 

Arquitectura: _2_6_1_
Semilla: 1788099183
Segundos: 49
NIteraciones: 100000

Costo_train: 0.000595
Precision_train: 1.000000
Recall_train: 0.998775
F1_train: 0.999387

Costo_test: 0.000089
Precision_test: 1.000000
Recall_test: 1.000000
F1_test: 1.000000
 

Arquitectura: _2_6_1_
Semilla: 1788099183
Segundos: 49
NIteraciones: 100000

Costo_train: 0.000602
Precision_train: 1.000000
Recall_train: 0.998775
F1_train: 0.999387

Costo_test: 0.000090
Precision_test: 1.000000
Recall_test: 1.000000
F1_test: 1.000000
 

Arquitectura: _2_6_1_
Semilla: 1788099183
Segundos: 49
NIteraciones: 100000

Costo_train: 0.000645
Precision_train: 1.000000
Recall_train: 0.998775
F1_train: 0.999387

Costo_test: 0.000119
Precision_test: 1.000000
Recall_test: 1.000000
F1_test: 1.000000
 

Arquitectura: _2_6_1_
Semilla: 1788099183
Segundos: 49
NIteraciones: 100000

Costo_train: 0.000603
Precision_train: 1.000000
Recall_train: 0.998775
F1_train: 0.999387

Costo_test: 0.000087
Precision_test: 1.000000
Recall_test: 1.000000
F1_test: 1.000000
 

Arquitectura: _2_6_1_
Semilla: 1788099183
Segundos: 49
NIteraciones: 100000

Costo_train: 0.000600
Precision_train: 1.000000
Recall_train: 0.998775
F1_train: 0.999387

Costo_test: 0.000087
Precision_test: 1.000000
Recall_test: 1.000000
F1_test: 1.000000
 

Arquitectura: _2_6_1_
Semilla: 1788099183
Segundos: 49
NIteraciones: 100000

Costo_train: 0.000636
Precision_train: 1.000000
Recall_train: 0.998775
F1_train: 0.999387

Costo_test: 0.000082
Precision_test: 1.000000
Recall_test: 1.000000
F1_test: 1.000000
 

Arquitectura: _2_6_1_
Semilla: 1788099183
Segundos: 49
NIteraciones: 100000

Costo_train: 0.000588
Precision_train: 1.000000
Recall_train: 0.998775
F1_train: 0.999387

Costo_test: 0.000088
Precision_test: 1.000000
Recall_test: 1.000000
F1_test: 1.000000
 

Arquitectura: _2_6_1_
Semilla: 1788099183
Segundos: 49
NIteraciones: 100000

Costo_train: 0.000609
Precision_train: 1.000000
Recall_train: 0.998775
F1_train: 0.999387

Costo_test: 0.000088
Precision_test: 1.000000
Recall_test: 1.000000
F1_test: 1.000000
 

Arquitectura: _2_6_1_
Semilla: 1788099183
Segundos: 49
NIteraciones: 100000

Costo_train: 0.000612
Precision_train: 1.000000
Recall_train: 0.998775
F1_train: 0.999387

Costo_test: 0.000087
Precision_test: 1.000000
Recall_test: 1.000000
F1_test: 1.000000
 

Arquitectura: _2_6_1_
Semilla: 1788099183
Segundos: 49
NIteraciones: 100000

Costo_train: 0.000645
Precision_train: 1.000000
Recall_train: 0.998775
F1_train: 0.999387

Costo_test: 0.000116
Precision_test: 1.000000
Recall_test: 1.000000
F1_test: 1.000000
 

Arquitectura: _2_6_1_
Semilla: 1788099183
Segundos: 49
NIteraciones: 100000

Costo_train: 0.000605
Precision_train: 1.000000
Recall_train: 0.998775
F1_train: 0.999387

Costo_test: 0.000087
Precision_test: 1.000000
Recall_test: 1.000000
F1_test: 1.000000
 

Arquitectura: _2_6_1_
Semilla: 1788099183
Segundos: 49
NIteraciones: 100000

Costo_train: 0.000610
Precision_train: 1.000000
Recall_train: 0.998775
F1_train: 0.999387

Costo_test: 0.000085
Precision_test: 1.000000
Recall_test: 1.000000
F1_test: 1.000000
 

Arquitectura: _2_6_1_
Semilla: 1788099183
Segundos: 49
NIteraciones: 100000

Costo_train: 0.000621
Precision_train: 1.000000
Recall_train: 0.998775
F1_train: 0.999387

Costo_test: 0.000088
Precision_test: 1.000000
Recall_test: 1.000000
F1_test: 1.000000
 

Arquitectura: _2_6_1_
Semilla: 1788099183
Segundos: 49
NIteraciones: 100000

Costo_train: 0.000595
Precision_train: 1.000000
Recall_train: 0.998775
F1_train: 0.999387

Costo_test: 0.000086
Precision_test: 1.000000
Recall_test: 1.000000
F1_test: 1.000000
 

Arquitectura: _2_6_1_
Semilla: 1788099183
Segundos: 49
NIteraciones: 100000

Costo_train: 0.000621
Precision_train: 1.000000
Recall_train: 0.998775
F1_train: 0.999387

Costo_test: 0.000087
Precision_test: 1.000000
Recall_test: 1.000000
F1_test: 1.000000
 

Arquitectura: _2_6_1_
Semilla: 1788099183
Segundos: 49
NIteraciones: 100000

Costo_train: 0.000604
Precision_train: 1.000000
Recall_train: 0.998775
F1_train: 0.999387

Costo_test: 0.000092
Precision_test: 1.000000
Recall_test: 1.000000
F1_test: 1.000000
 

Arquitectura: _2_6_1_
Semilla: 1788099183
Segundos: 49
NIteraciones: 100000

Costo_train: 0.000603
Precision_train: 1.000000
Recall_train: 0.998775
F1_train: 0.999387

Costo_test: 0.000087
Precision_test: 1.000000
Recall_test: 1.000000
F1_test: 1.000000
 

Arquitectura: _2_6_1_
Semilla: 1788099183
Segundos: 49
NIteraciones: 100000

Costo_train: 0.000598
Precision_train: 1.000000
Recall_train: 0.998775
F1_train: 0.999387

Costo_test: 0.000093
Precision_test: 1.000000
Recall_test: 1.000000
F1_test: 1.000000
 

Arquitectura: _2_6_1_
Semilla: 1788099183
Segundos: 49
NIteraciones: 100000

Costo_train: 0.000602
Precision_train: 1.000000
Recall_train: 0.998775
F1_train: 0.999387

Costo_test: 0.000088
Precision_test: 1.000000
Recall_test: 1.000000
F1_test: 1.000000
 

Arquitectura: _2_6_1_
Semilla: 1788099183
Segundos: 49
NIteraciones: 100000

Costo_train: 0.000590
Precision_train: 1.000000
Recall_train: 0.998775
F1_train: 0.999387

Costo_test: 0.000090
Precision_test: 1.000000
Recall_test: 1.000000
F1_test: 1.000000
 

Arquitectura: _2_6_1_
Semilla: 1788099183
Segundos: 49
NIteraciones: 100000

Costo_train: 0.000606
Precision_train: 1.000000
Recall_train: 0.998775
F1_train: 0.999387

Costo_test: 0.000089
Precision_test: 1.000000
Recall_test: 1.000000
F1_test: 1.000000
 

Arquitectura: _2_6_1_
Semilla: 1788099183
Segundos: 49
NIteraciones: 100000

Costo_train: 0.000589
Precision_train: 1.000000
Recall_train: 0.998775
F1_train: 0.999387

Costo_test: 0.000093
Precision_test: 1.000000
Recall_test: 1.000000
F1_test: 1.000000
 

Arquitectura: _2_6_1_
Semilla: 1788099183
Segundos: 49
NIteraciones: 100000

Costo_train: 0.000612
Precision_train: 1.000000
Recall_train: 0.998775
F1_train: 0.999387

Costo_test: 0.000088
Precision_test: 1.000000
Recall_test: 1.000000
F1_test: 1.000000
 

Arquitectura: _2_6_1_
Semilla: 1788099183
Segundos: 49
NIteraciones: 100000

Costo_train: 0.000605
Precision_train: 1.000000
Recall_train: 0.998775
F1_train: 0.999387

Costo_test: 0.000087
Precision_test: 1.000000
Recall_test: 1.000000
F1_test: 1.000000
 

Arquitectura: _2_6_1_
Semilla: 1788099183
Segundos: 49
NIteraciones: 100000

Costo_train: 0.000609
Precision_train: 1.000000
Recall_train: 0.998775
F1_train: 0.999387

Costo_test: 0.000091
Precision_test: 1.000000
Recall_test: 1.000000
F1_test: 1.000000
 

Arquitectura: _2_6_1_
Semilla: 1788099183
Segundos: 49
NIteraciones: 100000

Costo_train: 0.000600
Precision_train: 1.000000
Recall_train: 0.998775
F1_train: 0.999387

Costo_test: 0.000088
Precision_test: 1.000000
Recall_test: 1.000000
F1_test: 1.000000
 

Arquitectura: _2_6_1_
Semilla: 1788099183
Segundos: 49
NIteraciones: 100000

Costo_train: 0.000610
Precision_train: 1.000000
Recall_train: 0.998775
F1_train: 0.999387

Costo_test: 0.000092
Precision_test: 1.000000
Recall_test: 1.000000
F1_test: 1.000000
 

Arquitectura: _2_6_1_
Semilla: 1788099183
Segundos: 49
NIteraciones: 100000

Costo_train: 0.000611
Precision_train: 1.000000
Recall_train: 0.998775
F1_train: 0.999387

Costo_test: 0.000089
Precision_test: 1.000000
Recall_test: 1.000000
F1_test: 1.000000
 

Arquitectura: _2_6_1_
Semilla: 1788099183
Segundos: 49
NIteraciones: 100000

Costo_train: 0.000595
Precision_train: 1.000000
Recall_train: 0.998775
F1_train: 0.999387

Costo_test: 0.000090
Precision_test: 1.000000
Recall_test: 1.000000
F1_test: 1.000000
 

Arquitectura: _2_6_1_
Semilla: 1788099183
Segundos: 49
NIteraciones: 100000

Costo_train: 0.000591
Precision_train: 1.000000
Recall_train: 0.998775
F1_train: 0.999387

Costo_test: 0.000090
Precision_test: 1.000000
Recall_test: 1.000000
F1_test: 1.000000
 

Arquitectura: _2_6_1_
Semilla: 1788099183
Segundos: 49
NIteraciones: 100000

Costo_train: 0.000599
Precision_train: 1.000000
Recall_train: 0.998775
F1_train: 0.999387

Costo_test: 0.000087
Precision_test: 1.000000
Recall_test: 1.000000
F1_test: 1.000000
 

Arquitectura: _2_6_1_
Semilla: 1788099183
Segundos: 49
NIteraciones: 100000

Costo_train: 0.000611
Precision_train: 1.000000
Recall_train: 0.998775
F1_train: 0.999387

Costo_test: 0.000088
Precision_test: 1.000000
Recall_test: 1.000000
F1_test: 1.000000
 

Arquitectura: _2_6_1_
Semilla: 1788099183
Segundos: 49
NIteraciones: 100000

Costo_train: 0.000630
Precision_train: 1.000000
Recall_train: 0.998775
F1_train: 0.999387

Costo_test: 0.000086
Precision_test: 1.000000
Recall_test: 1.000000
F1_test: 1.000000
 

Arquitectura: _2_6_1_
Semilla: 1788099183
Segundos: 49
NIteraciones: 100000

Costo_train: 0.000608
Precision_train: 1.000000
Recall_train: 0.998775
F1_train: 0.999387

Costo_test: 0.000087
Precision_test: 1.000000
Recall_test: 1.000000
F1_test: 1.000000
 

Arquitectura: _2_6_1_
Semilla: 1788099183
Segundos: 49
NIteraciones: 100000

Costo_train: 0.000592
Precision_train: 1.000000
Recall_train: 0.998775
F1_train: 0.999387

Costo_test: 0.000085
Precision_test: 1.000000
Recall_test: 1.000000
F1_test: 1.000000
 

Arquitectura: _2_6_1_
Semilla: 1788099183
Segundos: 49
NIteraciones: 100000

Costo_train: 0.000604
Precision_train: 1.000000
Recall_train: 0.998775
F1_train: 0.999387

Costo_test: 0.000088
Precision_test: 1.000000
Recall_test: 1.000000
F1_test: 1.000000
 

Arquitectura: _2_6_1_
Semilla: 1788099183
Segundos: 49
NIteraciones: 100000

Costo_train: 0.000610
Precision_train: 1.000000
Recall_train: 0.998775
F1_train: 0.999387

Costo_test: 0.000086
Precision_test: 1.000000
Recall_test: 1.000000
F1_test: 1.000000
 

Arquitectura: _2_6_1_
Semilla: 1788099183
Segundos: 49
NIteraciones: 100000

Costo_train: 0.000602
Precision_train: 1.000000
Recall_train: 0.998775
F1_train: 0.999387

Costo_test: 0.000090
Precision_test: 1.000000
Recall_test: 1.000000
F1_test: 1.000000
 

Arquitectura: _2_6_1_
Semilla: 1788099183
Segundos: 49
NIteraciones: 100000

Costo_train: 0.000620
Precision_train: 1.000000
Recall_train: 0.998775
F1_train: 0.999387

Costo_test: 0.000085
Precision_test: 1.000000
Recall_test: 1.000000
F1_test: 1.000000
 

Arquitectura: _2_6_1_
Semilla: 1788099183
Segundos: 49
NIteraciones: 100000

Costo_train: 0.000618
Precision_train: 1.000000
Recall_train: 0.998775
F1_train: 0.999387

Costo_test: 0.000083
Precision_test: 1.000000
Recall_test: 1.000000
F1_test: 1.000000
 

Arquitectura: _2_6_1_
Semilla: 1788099183
Segundos: 49
NIteraciones: 100000

Costo_train: 0.000608
Precision_train: 1.000000
Recall_train: 0.998775
F1_train: 0.999387

Costo_test: 0.000092
Precision_test: 1.000000
Recall_test: 1.000000
F1_test: 1.000000
 

Arquitectura: _2_6_1_
Semilla: 1788099183
Segundos: 49
NIteraciones: 100000

Costo_train: 0.000599
Precision_train: 1.000000
Recall_train: 0.998775
F1_train: 0.999387

Costo_test: 0.000088
Precision_test: 1.000000
Recall_test: 1.000000
F1_test: 1.000000
 

Arquitectura: _2_6_1_
Semilla: 1788099183
Segundos: 49
NIteraciones: 100000

Costo_train: 0.000602
Precision_train: 1.000000
Recall_train: 0.998775
F1_train: 0.999387

Costo_test: 0.000088
Precision_test: 1.000000
Recall_test: 1.000000
F1_test: 1.000000
 

Arquitectura: _2_6_1_
Semilla: 1788099183
Segundos: 49
NIteraciones: 100000

Costo_train: 0.000620
Precision_train: 1.000000
Recall_train: 0.998775
F1_train: 0.999387

Costo_test: 0.000085
Precision_test: 1.000000
Recall_test: 1.000000
F1_test: 1.000000
 

Arquitectura: _2_6_1_
Semilla: 1788099183
Segundos: 49
NIteraciones: 100000

Costo_train: 0.000610
Precision_train: 1.000000
Recall_train: 0.998775
F1_train: 0.999387

Costo_test: 0.000085
Precision_test: 1.000000
Recall_test: 1.000000
F1_test: 1.000000
 

Arquitectura: _2_6_1_
Semilla: 1788099183
Segundos: 49
NIteraciones: 100000

Costo_train: 0.000609
Precision_train: 1.000000
Recall_train: 0.998775
F1_train: 0.999387

Costo_test: 0.000088
Precision_test: 1.000000
Recall_test: 1.000000
F1_test: 1.000000
 

Arquitectura: _2_6_1_
Semilla: 1788099183
Segundos: 49
NIteraciones: 100000

Costo_train: 0.000605
Precision_train: 1.000000
Recall_train: 0.998775
F1_train: 0.999387

Costo_test: 0.000086
Precision_test: 1.000000
Recall_test: 1.000000
F1_test: 1.000000
 

Arquitectura: _2_6_1_
Semilla: 1788099183
Segundos: 49
NIteraciones: 100000

Costo_train: 0.000624
Precision_train: 1.000000
Recall_train: 0.998775
F1_train: 0.999387

Costo_test: 0.000088
Precision_test: 1.000000
Recall_test: 1.000000
F1_test: 1.000000
 

Arquitectura: _2_6_1_
Semilla: 1788099183
Segundos: 49
NIteraciones: 100000

Costo_train: 0.000599
Precision_train: 1.000000
Recall_train: 0.998775
F1_train: 0.999387

Costo_test: 0.000086
Precision_test: 1.000000
Recall_test: 1.000000
F1_test: 1.000000
 

Arquitectura: _2_6_1_
Semilla: 1788099183
Segundos: 49
NIteraciones: 100000

Costo_train: 0.000610
Precision_train: 1.000000
Recall_train: 0.998775
F1_train: 0.999387

Costo_test: 0.000087
Precision_test: 1.000000
Recall_test: 1.000000
F1_test: 1.000000
 

Arquitectura: _2_6_1_
Semilla: 1788099183
Segundos: 49
NIteraciones: 100000

Costo_train: 0.000614
Precision_train: 1.000000
Recall_train: 0.998775
F1_train: 0.999387

Costo_test: 0.000088
Precision_test: 1.000000
Recall_test: 1.000000
F1_test: 1.000000
 

Arquitectura: _2_6_1_
Semilla: 1788099183
Segundos: 49
NIteraciones: 100000

Costo_train: 0.000623
Precision_train: 1.000000
Recall_train: 0.998775
F1_train: 0.999387

Costo_test: 0.000084
Precision_test: 1.000000
Recall_test: 1.000000
F1_test: 1.000000
 

Arquitectura: _2_6_1_
Semilla: 1788099183
Segundos: 49
NIteraciones: 100000

Costo_train: 0.000613
Precision_train: 1.000000
Recall_train: 0.998775
F1_train: 0.999387

Costo_test: 0.000087
Precision_test: 1.000000
Recall_test: 1.000000
F1_test: 1.000000
 

Arquitectura: _2_6_1_
Semilla: 1788099183
Segundos: 49
NIteraciones: 100000

Costo_train: 0.000604
Precision_train: 1.000000
Recall_train: 0.998775
F1_train: 0.999387

Costo_test: 0.000090
Precision_test: 1.000000
Recall_test: 1.000000
F1_test: 1.000000
 

Arquitectura: _2_6_1_
Semilla: 1788099183
Segundos: 49
NIteraciones: 100000

Costo_train: 0.000642
Precision_train: 1.000000
Recall_train: 0.998775
F1_train: 0.999387

Costo_test: 0.000081
Precision_test: 1.000000
Recall_test: 1.000000
F1_test: 1.000000
 

Arquitectura: _2_6_1_
Semilla: 1788099183
Segundos: 49
NIteraciones: 100000

Costo_train: 0.000606
Precision_train: 1.000000
Recall_train: 0.998775
F1_train: 0.999387

Costo_test: 0.000087
Precision_test: 1.000000
Recall_test: 1.000000
F1_test: 1.000000
 

Arquitectura: _2_6_1_
Semilla: 1788099183
Segundos: 49
NIteraciones: 100000

Costo_train: 0.000611
Precision_train: 1.000000
Recall_train: 0.998775
F1_train: 0.999387

Costo_test: 0.000086
Precision_test: 1.000000
Recall_test: 1.000000
F1_test: 1.000000
 

Arquitectura: _2_6_1_
Semilla: 1788099183
Segundos: 49
NIteraciones: 100000

Costo_train: 0.000604
Precision_train: 1.000000
Recall_train: 0.998775
F1_train: 0.999387

Costo_test: 0.000087
Precision_test: 1.000000
Recall_test: 1.000000
F1_test: 1.000000
 

Arquitectura: _2_6_1_
Semilla: 1788099183
Segundos: 49
NIteraciones: 100000

Costo_train: 0.000642
Precision_train: 1.000000
Recall_train: 0.998775
F1_train: 0.999387

Costo_test: 0.000081
Precision_test: 1.000000
Recall_test: 1.000000
F1_test: 1.000000
 

Arquitectura: _2_6_1_
Semilla: 1788099183
Segundos: 49
NIteraciones: 100000

Costo_train: 0.000608
Precision_train: 1.000000
Recall_train: 0.998775
F1_train: 0.999387

Costo_test: 0.000089
Precision_test: 1.000000
Recall_test: 1.000000
F1_test: 1.000000
 

Arquitectura: _2_6_1_
Semilla: 1788099183
Segundos: 49
NIteraciones: 100000

Costo_train: 0.000619
Precision_train: 1.000000
Recall_train: 0.998775
F1_train: 0.999387

Costo_test: 0.000087
Precision_test: 1.000000
Recall_test: 1.000000
F1_test: 1.000000
 

Arquitectura: _2_6_1_
Semilla: 1788099183
Segundos: 49
NIteraciones: 100000

Costo_train: 0.000608
Precision_train: 1.000000
Recall_train: 0.998775
F1_train: 0.999387

Costo_test: 0.000087
Precision_test: 1.000000
Recall_test: 1.000000
F1_test: 1.000000
 

Arquitectura: _2_6_1_
Semilla: 1788099183
Segundos: 49
NIteraciones: 100000

Costo_train: 0.000605
Precision_train: 1.000000
Recall_train: 0.998775
F1_train: 0.999387

Costo_test: 0.000086
Precision_test: 1.000000
Recall_test: 1.000000
F1_test: 1.000000
 

Arquitectura: _2_6_1_
Semilla: 1788099183
Segundos: 49
NIteraciones: 100000

Costo_train: 0.000599
Precision_train: 1.000000
Recall_train: 0.998775
F1_train: 0.999387

Costo_test: 0.000089
Precision_test: 1.000000
Recall_test: 1.000000
F1_test: 1.000000
 

Arquitectura: _2_6_1_
Semilla: 1788099183
Segundos: 49
NIteraciones: 100000

Costo_train: 0.000614
Precision_train: 1.000000
Recall_train: 0.998775
F1_train: 0.999387

Costo_test: 0.000088
Precision_test: 1.000000
Recall_test: 1.000000
F1_test: 1.000000
 

Arquitectura: _2_6_1_
Semilla: 1788099183
Segundos: 49
NIteraciones: 100000

Costo_train: 0.000600
Precision_train: 1.000000
Recall_train: 0.998775
F1_train: 0.999387

Costo_test: 0.000085
Precision_test: 1.000000
Recall_test: 1.000000
F1_test: 1.000000
 

Arquitectura: _2_6_1_
Semilla: 1788099183
Segundos: 49
NIteraciones: 100000

Costo_train: 0.000616
Precision_train: 1.000000
Recall_train: 0.998775
F1_train: 0.999387

Costo_test: 0.000084
Precision_test: 1.000000
Recall_test: 1.000000
F1_test: 1.000000
 

Arquitectura: _2_6_1_
Semilla: 1788099183
Segundos: 49
NIteraciones: 100000

Costo_train: 0.000607
Precision_train: 1.000000
Recall_train: 0.998775
F1_train: 0.999387

Costo_test: 0.000086
Precision_test: 1.000000
Recall_test: 1.000000
F1_test: 1.000000
 

Arquitectura: _2_6_1_
Semilla: 1788099183
Segundos: 49
NIteraciones: 100000

Costo_train: 0.000615
Precision_train: 1.000000
Recall_train: 0.998775
F1_train: 0.999387

Costo_test: 0.000088
Precision_test: 1.000000
Recall_test: 1.000000
F1_test: 1.000000
 

Arquitectura: _2_6_1_
Semilla: 1788099183
Segundos: 49
NIteraciones: 100000

Costo_train: 0.000599
Precision_train: 1.000000
Recall_train: 0.998775
F1_train: 0.999387

Costo_test: 0.000093
Precision_test: 1.000000
Recall_test: 1.000000
F1_test: 1.000000
 

Arquitectura: _2_6_1_
Semilla: 1788099183
Segundos: 49
NIteraciones: 100000

Costo_train: 0.000629
Precision_train: 1.000000
Recall_train: 0.998775
F1_train: 0.999387

Costo_test: 0.000085
Precision_test: 1.000000
Recall_test: 1.000000
F1_test: 1.000000
 

Arquitectura: _2_6_1_
Semilla: 1788099183
Segundos: 49
NIteraciones: 100000

Costo_train: 0.000619
Precision_train: 1.000000
Recall_train: 0.998775
F1_train: 0.999387

Costo_test: 0.000086
Precision_test: 1.000000
Recall_test: 1.000000
F1_test: 1.000000
 

Arquitectura: _2_6_1_
Semilla: 1788099183
Segundos: 49
NIteraciones: 100000

Costo_train: 0.000615
Precision_train: 1.000000
Recall_train: 0.998775
F1_train: 0.999387

Costo_test: 0.000085
Precision_test: 1.000000
Recall_test: 1.000000
F1_test: 1.000000
 

Arquitectura: _2_6_1_
Semilla: 1788099183
Segundos: 49
NIteraciones: 100000

Costo_train: 0.000617
Precision_train: 1.000000
Recall_train: 0.998775
F1_train: 0.999387

Costo_test: 0.000086
Precision_test: 1.000000
Recall_test: 1.000000
F1_test: 1.000000
 

Arquitectura: _2_6_1_
Semilla: 1788099183
Segundos: 49
NIteraciones: 100000

Costo_train: 0.000616
Precision_train: 1.000000
Recall_train: 0.998775
F1_train: 0.999387

Costo_test: 0.000085
Precision_test: 1.000000
Recall_test: 1.000000
F1_test: 1.000000
 

Arquitectura: _2_6_1_
Semilla: 1788099183
Segundos: 49
NIteraciones: 100000

Costo_train: 0.000609
Precision_train: 1.000000
Recall_train: 0.998775
F1_train: 0.999387

Costo_test: 0.000087
Precision_test: 1.000000
Recall_test: 1.000000
F1_test: 1.000000
 

Arquitectura: _2_6_1_
Semilla: 1788099183
Segundos: 49
NIteraciones: 100000

Costo_train: 0.000614
Precision_train: 1.000000
Recall_train: 0.998775
F1_train: 0.999387

Costo_test: 0.000088
Precision_test: 1.000000
Recall_test: 1.000000
F1_test: 1.000000
 

Arquitectura: _2_6_1_
Semilla: 1788099183
Segundos: 49
NIteraciones: 100000

Costo_train: 0.000609
Precision_train: 1.000000
Recall_train: 0.998775
F1_train: 0.999387

Costo_test: 0.000087
Precision_test: 1.000000
Recall_test: 1.000000
F1_test: 1.000000
 

Arquitectura: _2_6_1_
Semilla: 1788099183
Segundos: 49
NIteraciones: 100000

Costo_train: 0.000631
Precision_train: 1.000000
Recall_train: 0.998775
F1_train: 0.999387

Costo_test: 0.000084
Precision_test: 1.000000
Recall_test: 1.000000
F1_test: 1.000000
 

Arquitectura: _2_6_1_
Semilla: 1788099183
Segundos: 49
NIteraciones: 100000

Costo_train: 0.000600
Precision_train: 1.000000
Recall_train: 0.998775
F1_train: 0.999387

Costo_test: 0.000093
Precision_test: 1.000000
Recall_test: 1.000000
F1_test: 1.000000
 

Arquitectura: _2_6_1_
Semilla: 1788099183
Segundos: 49
NIteraciones: 100000

Costo_train: 0.000618
Precision_train: 1.000000
Recall_train: 0.998775
F1_train: 0.999387

Costo_test: 0.000088
Precision_test: 1.000000
Recall_test: 1.000000
F1_test: 1.000000
 

Arquitectura: _2_6_1_
Semilla: 1788099183
Segundos: 49
NIteraciones: 100000

Costo_train: 0.000608
Precision_train: 1.000000
Recall_train: 0.998775
F1_train: 0.999387

Costo_test: 0.000085
Precision_test: 1.000000
Recall_test: 1.000000
F1_test: 1.000000
 

Arquitectura: _2_6_1_
Semilla: 1788099183
Segundos: 49
NIteraciones: 100000

Costo_train: 0.000600
Precision_train: 1.000000
Recall_train: 0.998775
F1_train: 0.999387

Costo_test: 0.000087
Precision_test: 1.000000
Recall_test: 1.000000
F1_test: 1.000000
 

Arquitectura: _2_6_1_
Semilla: 1788099183
Segundos: 49
NIteraciones: 100000

Costo_train: 0.000605
Precision_train: 1.000000
Recall_train: 0.998775
F1_train: 0.999387

Costo_test: 0.000088
Precision_test: 1.000000
Recall_test: 1.000000
F1_test: 1.000000
 

Arquitectura: _2_6_1_
Semilla: 1788099183
Segundos: 49
NIteraciones: 100000

Costo_train: 0.000613
Precision_train: 1.000000
Recall_train: 0.998775
F1_train: 0.999387

Costo_test: 0.000089
Precision_test: 1.000000
Recall_test: 1.000000
F1_test: 1.000000
 

Arquitectura: _2_6_1_
Semilla: 1788099183
Segundos: 49
NIteraciones: 100000

Costo_train: 0.000610
Precision_train: 1.000000
Recall_train: 0.998775
F1_train: 0.999387

Costo_test: 0.000088
Precision_test: 1.000000
Recall_test: 1.000000
F1_test: 1.000000
 

Arquitectura: _2_6_1_
Semilla: 1788099183
Segundos: 49
NIteraciones: 100000

Costo_train: 0.000615
Precision_train: 1.000000
Recall_train: 0.998775
F1_train: 0.999387

Costo_test: 0.000084
Precision_test: 1.000000
Recall_test: 1.000000
F1_test: 1.000000
 

Arquitectura: _2_6_1_
Semilla: 1788099183
Segundos: 49
NIteraciones: 100000

Costo_train: 0.000626
Precision_train: 1.000000
Recall_train: 0.998775
F1_train: 0.999387

Costo_test: 0.000085
Precision_test: 1.000000
Recall_test: 1.000000
F1_test: 1.000000
 

Arquitectura: _2_6_1_
Semilla: 1788099183
Segundos: 49
NIteraciones: 100000

Costo_train: 0.000602
Precision_train: 1.000000
Recall_train: 0.998775
F1_train: 0.999387

Costo_test: 0.000089
Precision_test: 1.000000
Recall_test: 1.000000
F1_test: 1.000000
 

Arquitectura: _2_6_1_
Semilla: 1788099183
Segundos: 49
NIteraciones: 100000

Costo_train: 0.000617
Precision_train: 1.000000
Recall_train: 0.998775
F1_train: 0.999387

Costo_test: 0.000086
Precision_test: 1.000000
Recall_test: 1.000000
F1_test: 1.000000
 

Arquitectura: _2_6_1_
Semilla: 1788099183
Segundos: 49
NIteraciones: 100000

Costo_train: 0.000602
Precision_train: 1.000000
Recall_train: 0.998775
F1_train: 0.999387

Costo_test: 0.000084
Precision_test: 1.000000
Recall_test: 1.000000
F1_test: 1.000000
 

Arquitectura: _2_6_1_
Semilla: 1788099183
Segundos: 49
NIteraciones: 100000

Costo_train: 0.000608
Precision_train: 1.000000
Recall_train: 0.998775
F1_train: 0.999387

Costo_test: 0.000085
Precision_test: 1.000000
Recall_test: 1.000000
F1_test: 1.000000
 

Arquitectura: _2_6_1_
Semilla: 1788099183
Segundos: 49
NIteraciones: 100000

Costo_train: 0.000611
Precision_train: 1.000000
Recall_train: 0.998775
F1_train: 0.999387

Costo_test: 0.000084
Precision_test: 1.000000
Recall_test: 1.000000
F1_test: 1.000000
 


--- Test Profunda 2.0 ---
Iteración 10000
Costo: 0.001820
Iteración 20000
Costo: 0.001206
Iteración 30000
Costo: 0.000983
Iteración 40000
Costo: 0.000863
Iteración 50000
Costo: 0.000791
Iteración 60000
Costo: 0.000743
Iteración 70000
Costo: 0.000709
Iteración 80000
Costo: 0.000684
Iteración 90000
Costo: 0.000664

Arquitectura: _2_3_3_1_
Semilla: 1788099232
Segundos: 93
NIteraciones: 100000

Costo_train: 0.000646
Precision_train: 1.000000
Recall_train: 0.998775
F1_train: 0.999387

Costo_test: 0.000088
Precision_test: 1.000000
Recall_test: 1.000000
F1_test: 1.000000
 

Arquitectura: _2_3_3_1_
Semilla: 1788099232
Segundos: 94
NIteraciones: 100000

Costo_train: 0.000669
Precision_train: 1.000000
Recall_train: 0.998775
F1_train: 0.999387

Costo_test: 0.000102
Precision_test: 1.000000
Recall_test: 1.000000
F1_test: 1.000000
 

Arquitectura: _2_3_3_1_
Semilla: 1788099232
Segundos: 94
NIteraciones: 100000

Costo_train: 0.000683
Precision_train: 1.000000
Recall_train: 0.998775
F1_train: 0.999387

Costo_test: 0.000126
Precision_test: 1.000000
Recall_test: 1.000000
F1_test: 1.000000
 

Arquitectura: _2_3_3_1_
Semilla: 1788099232
Segundos: 94
NIteraciones: 100000

Costo_train: 0.000713
Precision_train: 1.000000
Recall_train: 0.998775
F1_train: 0.999387

Costo_test: 0.000132
Precision_test: 1.000000
Recall_test: 1.000000
F1_test: 1.000000
 

Arquitectura: _2_3_3_1_
Semilla: 1788099232
Segundos: 94
NIteraciones: 100000

Costo_train: 0.000645
Precision_train: 1.000000
Recall_train: 0.998775
F1_train: 0.999387

Costo_test: 0.000097
Precision_test: 1.000000
Recall_test: 1.000000
F1_test: 1.000000
 

Arquitectura: _2_3_3_1_
Semilla: 1788099232
Segundos: 94
NIteraciones: 100000

Costo_train: 0.000651
Precision_train: 1.000000
Recall_train: 0.998775
F1_train: 0.999387

Costo_test: 0.000097
Precision_test: 1.000000
Recall_test: 1.000000
F1_test: 1.000000
 

Arquitectura: _2_3_3_1_
Semilla: 1788099232
Segundos: 94
NIteraciones: 100000

Costo_train: 0.000654
Precision_train: 1.000000
Recall_train: 0.998775
F1_train: 0.999387

Costo_test: 0.000099
Precision_test: 1.000000
Recall_test: 1.000000
F1_test: 1.000000
 

Arquitectura: _2_3_3_1_
Semilla: 1788099232
Segundos: 94
NIteraciones: 100000

Costo_train: 0.000629
Precision_train: 1.000000
Recall_train: 0.998775
F1_train: 0.999387

Costo_test: 0.000099
Precision_test: 1.000000
Recall_test: 1.000000
F1_test: 1.000000
 

Arquitectura: _2_3_3_1_
Semilla: 1788099232
Segundos: 94
NIteraciones: 100000

Costo_train: 0.000668
Precision_train: 1.000000
Recall_train: 0.998775
F1_train: 0.999387

Costo_test: 0.000109
Precision_test: 1.000000
Recall_test: 1.000000
F1_test: 1.000000
 

Arquitectura: _2_3_3_1_
Semilla: 1788099232
Segundos: 94
NIteraciones: 100000

Costo_train: 0.000645
Precision_train: 1.000000
Recall_train: 0.998775
F1_train: 0.999387

Costo_test: 0.000090
Precision_test: 1.000000
Recall_test: 1.000000
F1_test: 1.000000
 

Arquitectura: _2_3_3_1_
Semilla: 1788099232
Segundos: 94
NIteraciones: 100000

Costo_train: 0.000699
Precision_train: 1.000000
Recall_train: 0.998775
F1_train: 0.999387

Costo_test: 0.000097
Precision_test: 1.000000
Recall_test: 1.000000
F1_test: 1.000000
 

Arquitectura: _2_3_3_1_
Semilla: 1788099232
Segundos: 94
NIteraciones: 100000

Costo_train: 0.000642
Precision_train: 1.000000
Recall_train: 0.998775
F1_train: 0.999387

Costo_test: 0.000091
Precision_test: 1.000000
Recall_test: 1.000000
F1_test: 1.000000
 

Arquitectura: _2_3_3_1_
Semilla: 1788099232
Segundos: 94
NIteraciones: 100000

Costo_train: 0.000670
Precision_train: 1.000000
Recall_train: 0.998775
F1_train: 0.999387

Costo_test: 0.000105
Precision_test: 1.000000
Recall_test: 1.000000
F1_test: 1.000000
 

Arquitectura: _2_3_3_1_
Semilla: 1788099232
Segundos: 94
NIteraciones: 100000

Costo_train: 0.000666
Precision_train: 1.000000
Recall_train: 0.998775
F1_train: 0.999387

Costo_test: 0.000105
Precision_test: 1.000000
Recall_test: 1.000000
F1_test: 1.000000
 

Arquitectura: _2_3_3_1_
Semilla: 1788099232
Segundos: 94
NIteraciones: 100000

Costo_train: 0.000638
Precision_train: 1.000000
Recall_train: 0.998775
F1_train: 0.999387

Costo_test: 0.000092
Precision_test: 1.000000
Recall_test: 1.000000
F1_test: 1.000000
 

Arquitectura: _2_3_3_1_
Semilla: 1788099232
Segundos: 94
NIteraciones: 100000

Costo_train: 0.000655
Precision_train: 1.000000
Recall_train: 0.998775
F1_train: 0.999387

Costo_test: 0.000096
Precision_test: 1.000000
Recall_test: 1.000000
F1_test: 1.000000
 

Arquitectura: _2_3_3_1_
Semilla: 1788099232
Segundos: 94
NIteraciones: 100000

Costo_train: 0.000655
Precision_train: 1.000000
Recall_train: 0.998775
F1_train: 0.999387

Costo_test: 0.000105
Precision_test: 1.000000
Recall_test: 1.000000
F1_test: 1.000000
 

Arquitectura: _2_3_3_1_
Semilla: 1788099232
Segundos: 94
NIteraciones: 100000

Costo_train: 0.000654
Precision_train: 1.000000
Recall_train: 0.998775
F1_train: 0.999387

Costo_test: 0.000092
Precision_test: 1.000000
Recall_test: 1.000000
F1_test: 1.000000
 

Arquitectura: _2_3_3_1_
Semilla: 1788099232
Segundos: 94
NIteraciones: 100000

Costo_train: 0.000670
Precision_train: 1.000000
Recall_train: 0.998775
F1_train: 0.999387

Costo_test: 0.000087
Precision_test: 1.000000
Recall_test: 1.000000
F1_test: 1.000000
 

Arquitectura: _2_3_3_1_
Semilla: 1788099232
Segundos: 94
NIteraciones: 100000

Costo_train: 0.000705
Precision_train: 1.000000
Recall_train: 0.998775
F1_train: 0.999387

Costo_test: 0.000131
Precision_test: 1.000000
Recall_test: 1.000000
F1_test: 1.000000
 

Arquitectura: _2_3_3_1_
Semilla: 1788099232
Segundos: 94
NIteraciones: 100000

Costo_train: 0.000688
Precision_train: 1.000000
Recall_train: 0.998775
F1_train: 0.999387

Costo_test: 0.000099
Precision_test: 1.000000
Recall_test: 1.000000
F1_test: 1.000000
 

Arquitectura: _2_3_3_1_
Semilla: 1788099232
Segundos: 94
NIteraciones: 100000

Costo_train: 0.000669
Precision_train: 1.000000
Recall_train: 0.998775
F1_train: 0.999387

Costo_test: 0.000105
Precision_test: 1.000000
Recall_test: 1.000000
F1_test: 1.000000
 

Arquitectura: _2_3_3_1_
Semilla: 1788099232
Segundos: 94
NIteraciones: 100000

Costo_train: 0.000671
Precision_train: 1.000000
Recall_train: 0.998775
F1_train: 0.999387

Costo_test: 0.000098
Precision_test: 1.000000
Recall_test: 1.000000
F1_test: 1.000000
 

Arquitectura: _2_3_3_1_
Semilla: 1788099232
Segundos: 94
NIteraciones: 100000

Costo_train: 0.000645
Precision_train: 1.000000
Recall_train: 0.998775
F1_train: 0.999387

Costo_test: 0.000094
Precision_test: 1.000000
Recall_test: 1.000000
F1_test: 1.000000
 

Arquitectura: _2_3_3_1_
Semilla: 1788099232
Segundos: 94
NIteraciones: 100000

Costo_train: 0.000642
Precision_train: 1.000000
Recall_train: 0.998775
F1_train: 0.999387

Costo_test: 0.000097
Precision_test: 1.000000
Recall_test: 1.000000
F1_test: 1.000000
 

Arquitectura: _2_3_3_1_
Semilla: 1788099232
Segundos: 94
NIteraciones: 100000

Costo_train: 0.000675
Precision_train: 1.000000
Recall_train: 0.998775
F1_train: 0.999387

Costo_test: 0.000092
Precision_test: 1.000000
Recall_test: 1.000000
F1_test: 1.000000
 

Arquitectura: _2_3_3_1_
Semilla: 1788099232
Segundos: 94
NIteraciones: 100000

Costo_train: 0.000667
Precision_train: 1.000000
Recall_train: 0.998775
F1_train: 0.999387

Costo_test: 0.000098
Precision_test: 1.000000
Recall_test: 1.000000
F1_test: 1.000000
 

Arquitectura: _2_3_3_1_
Semilla: 1788099232
Segundos: 94
NIteraciones: 100000

Costo_train: 0.000633
Precision_train: 1.000000
Recall_train: 0.998775
F1_train: 0.999387

Costo_test: 0.000093
Precision_test: 1.000000
Recall_test: 1.000000
F1_test: 1.000000
 

Arquitectura: _2_3_3_1_
Semilla: 1788099232
Segundos: 94
NIteraciones: 100000

Costo_train: 0.000646
Precision_train: 1.000000
Recall_train: 0.998775
F1_train: 0.999387

Costo_test: 0.000087
Precision_test: 1.000000
Recall_test: 1.000000
F1_test: 1.000000
 

Arquitectura: _2_3_3_1_
Semilla: 1788099232
Segundos: 94
NIteraciones: 100000

Costo_train: 0.000668
Precision_train: 1.000000
Recall_train: 0.998775
F1_train: 0.999387

Costo_test: 0.000092
Precision_test: 1.000000
Recall_test: 1.000000
F1_test: 1.000000
 

Arquitectura: _2_3_3_1_
Semilla: 1788099232
Segundos: 94
NIteraciones: 100000

Costo_train: 0.000651
Precision_train: 1.000000
Recall_train: 0.998775
F1_train: 0.999387

Costo_test: 0.000103
Precision_test: 1.000000
Recall_test: 1.000000
F1_test: 1.000000
 

Arquitectura: _2_3_3_1_
Semilla: 1788099232
Segundos: 94
NIteraciones: 100000

Costo_train: 0.000647
Precision_train: 1.000000
Recall_train: 0.998775
F1_train: 0.999387

Costo_test: 0.000096
Precision_test: 1.000000
Recall_test: 1.000000
F1_test: 1.000000
 

Arquitectura: _2_3_3_1_
Semilla: 1788099232
Segundos: 94
NIteraciones: 100000

Costo_train: 0.000635
Precision_train: 1.000000
Recall_train: 0.998775
F1_train: 0.999387

Costo_test: 0.000105
Precision_test: 1.000000
Recall_test: 1.000000
F1_test: 1.000000
 

Arquitectura: _2_3_3_1_
Semilla: 1788099232
Segundos: 94
NIteraciones: 100000

Costo_train: 0.000725
Precision_train: 1.000000
Recall_train: 0.998775
F1_train: 0.999387

Costo_test: 0.000143
Precision_test: 1.000000
Recall_test: 1.000000
F1_test: 1.000000
 

Arquitectura: _2_3_3_1_
Semilla: 1788099232
Segundos: 94
NIteraciones: 100000

Costo_train: 0.000663
Precision_train: 1.000000
Recall_train: 0.998775
F1_train: 0.999387

Costo_test: 0.000083
Precision_test: 1.000000
Recall_test: 1.000000
F1_test: 1.000000
 

Arquitectura: _2_3_3_1_
Semilla: 1788099232
Segundos: 94
NIteraciones: 100000

Costo_train: 0.000711
Precision_train: 1.000000
Recall_train: 0.998775
F1_train: 0.999387

Costo_test: 0.000125
Precision_test: 1.000000
Recall_test: 1.000000
F1_test: 1.000000
 

Arquitectura: _2_3_3_1_
Semilla: 1788099232
Segundos: 94
NIteraciones: 100000

Costo_train: 0.000655
Precision_train: 1.000000
Recall_train: 0.998775
F1_train: 0.999387

Costo_test: 0.000100
Precision_test: 1.000000
Recall_test: 1.000000
F1_test: 1.000000
 

Arquitectura: _2_3_3_1_
Semilla: 1788099232
Segundos: 94
NIteraciones: 100000

Costo_train: 0.000661
Precision_train: 1.000000
Recall_train: 0.998775
F1_train: 0.999387

Costo_test: 0.000093
Precision_test: 1.000000
Recall_test: 1.000000
F1_test: 1.000000
 

Arquitectura: _2_3_3_1_
Semilla: 1788099232
Segundos: 94
NIteraciones: 100000

Costo_train: 0.000651
Precision_train: 1.000000
Recall_train: 0.998775
F1_train: 0.999387

Costo_test: 0.000090
Precision_test: 1.000000
Recall_test: 1.000000
F1_test: 1.000000
 

Arquitectura: _2_3_3_1_
Semilla: 1788099232
Segundos: 94
NIteraciones: 100000

Costo_train: 0.000663
Precision_train: 1.000000
Recall_train: 0.998775
F1_train: 0.999387

Costo_test: 0.000102
Precision_test: 1.000000
Recall_test: 1.000000
F1_test: 1.000000
 

Arquitectura: _2_3_3_1_
Semilla: 1788099232
Segundos: 94
NIteraciones: 100000

Costo_train: 0.000648
Precision_train: 1.000000
Recall_train: 0.998775
F1_train: 0.999387

Costo_test: 0.000091
Precision_test: 1.000000
Recall_test: 1.000000
F1_test: 1.000000
 

Arquitectura: _2_3_3_1_
Semilla: 1788099232
Segundos: 94
NIteraciones: 100000

Costo_train: 0.000578
Precision_train: 1.000000
Recall_train: 0.998775
F1_train: 0.999387

Costo_test: 0.000129
Precision_test: 1.000000
Recall_test: 1.000000
F1_test: 1.000000
 

Arquitectura: _2_3_3_1_
Semilla: 1788099232
Segundos: 94
NIteraciones: 100000

Costo_train: 0.000642
Precision_train: 1.000000
Recall_train: 0.998775
F1_train: 0.999387

Costo_test: 0.000113
Precision_test: 1.000000
Recall_test: 1.000000
F1_test: 1.000000
 

Arquitectura: _2_3_3_1_
Semilla: 1788099232
Segundos: 94
NIteraciones: 100000

Costo_train: 0.000626
Precision_train: 1.000000
Recall_train: 0.998775
F1_train: 0.999387

Costo_test: 0.000090
Precision_test: 1.000000
Recall_test: 1.000000
F1_test: 1.000000
 

Arquitectura: _2_3_3_1_
Semilla: 1788099232
Segundos: 94
NIteraciones: 100000

Costo_train: 0.000647
Precision_train: 1.000000
Recall_train: 0.998775
F1_train: 0.999387

Costo_test: 0.000093
Precision_test: 1.000000
Recall_test: 1.000000
F1_test: 1.000000
 

Arquitectura: _2_3_3_1_
Semilla: 1788099232
Segundos: 94
NIteraciones: 100000

Costo_train: 0.000676
Precision_train: 1.000000
Recall_train: 0.998775
F1_train: 0.999387

Costo_test: 0.000103
Precision_test: 1.000000
Recall_test: 1.000000
F1_test: 1.000000
 

Arquitectura: _2_3_3_1_
Semilla: 1788099232
Segundos: 94
NIteraciones: 100000

Costo_train: 0.000657
Precision_train: 1.000000
Recall_train: 0.998775
F1_train: 0.999387

Costo_test: 0.000094
Precision_test: 1.000000
Recall_test: 1.000000
F1_test: 1.000000
 

Arquitectura: _2_3_3_1_
Semilla: 1788099232
Segundos: 94
NIteraciones: 100000

Costo_train: 0.000657
Precision_train: 1.000000
Recall_train: 0.998775
F1_train: 0.999387

Costo_test: 0.000087
Precision_test: 1.000000
Recall_test: 1.000000
F1_test: 1.000000
 

Arquitectura: _2_3_3_1_
Semilla: 1788099232
Segundos: 94
NIteraciones: 100000

Costo_train: 0.000655
Precision_train: 1.000000
Recall_train: 0.998775
F1_train: 0.999387

Costo_test: 0.000107
Precision_test: 1.000000
Recall_test: 1.000000
F1_test: 1.000000
 

Arquitectura: _2_3_3_1_
Semilla: 1788099232
Segundos: 94
NIteraciones: 100000

Costo_train: 0.000617
Precision_train: 1.000000
Recall_train: 0.998775
F1_train: 0.999387

Costo_test: 0.000120
Precision_test: 1.000000
Recall_test: 1.000000
F1_test: 1.000000
 

Arquitectura: _2_3_3_1_
Semilla: 1788099232
Segundos: 94
NIteraciones: 100000

Costo_train: 0.000648
Precision_train: 1.000000
Recall_train: 0.998775
F1_train: 0.999387

Costo_test: 0.000097
Precision_test: 1.000000
Recall_test: 1.000000
F1_test: 1.000000
 

Arquitectura: _2_3_3_1_
Semilla: 1788099232
Segundos: 94
NIteraciones: 100000

Costo_train: 0.000679
Precision_train: 1.000000
Recall_train: 0.998775
F1_train: 0.999387

Costo_test: 0.000094
Precision_test: 1.000000
Recall_test: 1.000000
F1_test: 1.000000
 

Arquitectura: _2_3_3_1_
Semilla: 1788099232
Segundos: 94
NIteraciones: 100000

Costo_train: 0.000652
Precision_train: 1.000000
Recall_train: 0.998775
F1_train: 0.999387

Costo_test: 0.000090
Precision_test: 1.000000
Recall_test: 1.000000
F1_test: 1.000000
 

Arquitectura: _2_3_3_1_
Semilla: 1788099232
Segundos: 94
NIteraciones: 100000

Costo_train: 0.000655
Precision_train: 1.000000
Recall_train: 0.998775
F1_train: 0.999387

Costo_test: 0.000093
Precision_test: 1.000000
Recall_test: 1.000000
F1_test: 1.000000
 

Arquitectura: _2_3_3_1_
Semilla: 1788099232
Segundos: 94
NIteraciones: 100000

Costo_train: 0.000647
Precision_train: 1.000000
Recall_train: 0.998775
F1_train: 0.999387

Costo_test: 0.000083
Precision_test: 1.000000
Recall_test: 1.000000
F1_test: 1.000000
 

Arquitectura: _2_3_3_1_
Semilla: 1788099232
Segundos: 94
NIteraciones: 100000

Costo_train: 0.000657
Precision_train: 1.000000
Recall_train: 0.998775
F1_train: 0.999387

Costo_test: 0.000093
Precision_test: 1.000000
Recall_test: 1.000000
F1_test: 1.000000
 

Arquitectura: _2_3_3_1_
Semilla: 1788099232
Segundos: 94
NIteraciones: 100000

Costo_train: 0.000650
Precision_train: 1.000000
Recall_train: 0.998775
F1_train: 0.999387

Costo_test: 0.000098
Precision_test: 1.000000
Recall_test: 1.000000
F1_test: 1.000000
 

Arquitectura: _2_3_3_1_
Semilla: 1788099232
Segundos: 94
NIteraciones: 100000

Costo_train: 0.000640
Precision_train: 1.000000
Recall_train: 0.998775
F1_train: 0.999387

Costo_test: 0.000092
Precision_test: 1.000000
Recall_test: 1.000000
F1_test: 1.000000
 

Arquitectura: _2_3_3_1_
Semilla: 1788099232
Segundos: 94
NIteraciones: 100000

Costo_train: 0.000657
Precision_train: 1.000000
Recall_train: 0.998775
F1_train: 0.999387

Costo_test: 0.000090
Precision_test: 1.000000
Recall_test: 1.000000
F1_test: 1.000000
 

Arquitectura: _2_3_3_1_
Semilla: 1788099232
Segundos: 94
NIteraciones: 100000

Costo_train: 0.000698
Precision_train: 1.000000
Recall_train: 0.998775
F1_train: 0.999387

Costo_test: 0.000137
Precision_test: 1.000000
Recall_test: 1.000000
F1_test: 1.000000
 

Arquitectura: _2_3_3_1_
Semilla: 1788099232
Segundos: 94
NIteraciones: 100000

Costo_train: 0.000670
Precision_train: 1.000000
Recall_train: 0.998775
F1_train: 0.999387

Costo_test: 0.000092
Precision_test: 1.000000
Recall_test: 1.000000
F1_test: 1.000000
 

Arquitectura: _2_3_3_1_
Semilla: 1788099232
Segundos: 94
NIteraciones: 100000

Costo_train: 0.000692
Precision_train: 1.000000
Recall_train: 0.998775
F1_train: 0.999387

Costo_test: 0.000117
Precision_test: 1.000000
Recall_test: 1.000000
F1_test: 1.000000
 

Arquitectura: _2_3_3_1_
Semilla: 1788099232
Segundos: 94
NIteraciones: 100000

Costo_train: 0.000658
Precision_train: 1.000000
Recall_train: 0.998775
F1_train: 0.999387

Costo_test: 0.000093
Precision_test: 1.000000
Recall_test: 1.000000
F1_test: 1.000000
 

Arquitectura: _2_3_3_1_
Semilla: 1788099232
Segundos: 94
NIteraciones: 100000

Costo_train: 0.000660
Precision_train: 1.000000
Recall_train: 0.998775
F1_train: 0.999387

Costo_test: 0.000093
Precision_test: 1.000000
Recall_test: 1.000000
F1_test: 1.000000
 

Arquitectura: _2_3_3_1_
Semilla: 1788099232
Segundos: 94
NIteraciones: 100000

Costo_train: 0.000653
Precision_train: 1.000000
Recall_train: 0.998775
F1_train: 0.999387

Costo_test: 0.000089
Precision_test: 1.000000
Recall_test: 1.000000
F1_test: 1.000000
 

Arquitectura: _2_3_3_1_
Semilla: 1788099232
Segundos: 94
NIteraciones: 100000

Costo_train: 0.000639
Precision_train: 1.000000
Recall_train: 0.998775
F1_train: 0.999387

Costo_test: 0.000086
Precision_test: 1.000000
Recall_test: 1.000000
F1_test: 1.000000
 

Arquitectura: _2_3_3_1_
Semilla: 1788099232
Segundos: 94
NIteraciones: 100000

Costo_train: 0.000643
Precision_train: 1.000000
Recall_train: 0.998775
F1_train: 0.999387

Costo_test: 0.000092
Precision_test: 1.000000
Recall_test: 1.000000
F1_test: 1.000000
 

Arquitectura: _2_3_3_1_
Semilla: 1788099232
Segundos: 94
NIteraciones: 100000

Costo_train: 0.000657
Precision_train: 1.000000
Recall_train: 0.998775
F1_train: 0.999387

Costo_test: 0.000086
Precision_test: 1.000000
Recall_test: 1.000000
F1_test: 1.000000
 

Arquitectura: _2_3_3_1_
Semilla: 1788099232
Segundos: 94
NIteraciones: 100000

Costo_train: 0.000679
Precision_train: 1.000000
Recall_train: 0.998775
F1_train: 0.999387

Costo_test: 0.000098
Precision_test: 1.000000
Recall_test: 1.000000
F1_test: 1.000000
 

Arquitectura: _2_3_3_1_
Semilla: 1788099232
Segundos: 94
NIteraciones: 100000

Costo_train: 0.000663
Precision_train: 1.000000
Recall_train: 0.998775
F1_train: 0.999387

Costo_test: 0.000091
Precision_test: 1.000000
Recall_test: 1.000000
F1_test: 1.000000
 

Arquitectura: _2_3_3_1_
Semilla: 1788099232
Segundos: 94
NIteraciones: 100000

Costo_train: 0.000628
Precision_train: 1.000000
Recall_train: 0.998775
F1_train: 0.999387

Costo_test: 0.000087
Precision_test: 1.000000
Recall_test: 1.000000
F1_test: 1.000000
 

Arquitectura: _2_3_3_1_
Semilla: 1788099232
Segundos: 94
NIteraciones: 100000

Costo_train: 0.000659
Precision_train: 1.000000
Recall_train: 0.998775
F1_train: 0.999387

Costo_test: 0.000095
Precision_test: 1.000000
Recall_test: 1.000000
F1_test: 1.000000
 

Arquitectura: _2_3_3_1_
Semilla: 1788099232
Segundos: 94
NIteraciones: 100000

Costo_train: 0.000623
Precision_train: 1.000000
Recall_train: 0.998775
F1_train: 0.999387

Costo_test: 0.000120
Precision_test: 1.000000
Recall_test: 1.000000
F1_test: 1.000000
 

Arquitectura: _2_3_3_1_
Semilla: 1788099232
Segundos: 94
NIteraciones: 100000

Costo_train: 0.000605
Precision_train: 1.000000
Recall_train: 0.998775
F1_train: 0.999387

Costo_test: 0.000093
Precision_test: 1.000000
Recall_test: 1.000000
F1_test: 1.000000
 

Arquitectura: _2_3_3_1_
Semilla: 1788099232
Segundos: 94
NIteraciones: 100000

Costo_train: 0.000656
Precision_train: 1.000000
Recall_train: 0.998775
F1_train: 0.999387

Costo_test: 0.000087
Precision_test: 1.000000
Recall_test: 1.000000
F1_test: 1.000000
 

Arquitectura: _2_3_3_1_
Semilla: 1788099232
Segundos: 94
NIteraciones: 100000

Costo_train: 0.000658
Precision_train: 1.000000
Recall_train: 0.998775
F1_train: 0.999387

Costo_test: 0.000095
Precision_test: 1.000000
Recall_test: 1.000000
F1_test: 1.000000
 

Arquitectura: _2_3_3_1_
Semilla: 1788099232
Segundos: 94
NIteraciones: 100000

Costo_train: 0.000660
Precision_train: 1.000000
Recall_train: 0.998775
F1_train: 0.999387

Costo_test: 0.000101
Precision_test: 1.000000
Recall_test: 1.000000
F1_test: 1.000000
 

Arquitectura: _2_3_3_1_
Semilla: 1788099232
Segundos: 94
NIteraciones: 100000

Costo_train: 0.000705
Precision_train: 1.000000
Recall_train: 0.998775
F1_train: 0.999387

Costo_test: 0.000136
Precision_test: 1.000000
Recall_test: 1.000000
F1_test: 1.000000
 

Arquitectura: _2_3_3_1_
Semilla: 1788099232
Segundos: 94
NIteraciones: 100000

Costo_train: 0.000643
Precision_train: 1.000000
Recall_train: 0.998775
F1_train: 0.999387

Costo_test: 0.000095
Precision_test: 1.000000
Recall_test: 1.000000
F1_test: 1.000000
 

Arquitectura: _2_3_3_1_
Semilla: 1788099232
Segundos: 94
NIteraciones: 100000

Costo_train: 0.000660
Precision_train: 1.000000
Recall_train: 0.998775
F1_train: 0.999387

Costo_test: 0.000096
Precision_test: 1.000000
Recall_test: 1.000000
F1_test: 1.000000
 

Arquitectura: _2_3_3_1_
Semilla: 1788099232
Segundos: 94
NIteraciones: 100000

Costo_train: 0.000647
Precision_train: 1.000000
Recall_train: 0.998775
F1_train: 0.999387

Costo_test: 0.000087
Precision_test: 1.000000
Recall_test: 1.000000
F1_test: 1.000000
 

Arquitectura: _2_3_3_1_
Semilla: 1788099232
Segundos: 94
NIteraciones: 100000

Costo_train: 0.000656
Precision_train: 1.000000
Recall_train: 0.998775
F1_train: 0.999387

Costo_test: 0.000091
Precision_test: 1.000000
Recall_test: 1.000000
F1_test: 1.000000
 

Arquitectura: _2_3_3_1_
Semilla: 1788099232
Segundos: 94
NIteraciones: 100000

Costo_train: 0.000643
Precision_train: 1.000000
Recall_train: 0.998775
F1_train: 0.999387

Costo_test: 0.000092
Precision_test: 1.000000
Recall_test: 1.000000
F1_test: 1.000000
 

Arquitectura: _2_3_3_1_
Semilla: 1788099232
Segundos: 94
NIteraciones: 100000

Costo_train: 0.000685
Precision_train: 1.000000
Recall_train: 0.998775
F1_train: 0.999387

Costo_test: 0.000111
Precision_test: 1.000000
Recall_test: 1.000000
F1_test: 1.000000
 

Arquitectura: _2_3_3_1_
Semilla: 1788099232
Segundos: 94
NIteraciones: 100000

Costo_train: 0.000638
Precision_train: 1.000000
Recall_train: 0.998775
F1_train: 0.999387

Costo_test: 0.000093
Precision_test: 1.000000
Recall_test: 1.000000
F1_test: 1.000000
 

Arquitectura: _2_3_3_1_
Semilla: 1788099232
Segundos: 94
NIteraciones: 100000

Costo_train: 0.000722
Precision_train: 1.000000
Recall_train: 0.998775
F1_train: 0.999387

Costo_test: 0.000131
Precision_test: 1.000000
Recall_test: 1.000000
F1_test: 1.000000
 

Arquitectura: _2_3_3_1_
Semilla: 1788099232
Segundos: 94
NIteraciones: 100000

Costo_train: 0.000705
Precision_train: 1.000000
Recall_train: 0.998775
F1_train: 0.999387

Costo_test: 0.000121
Precision_test: 1.000000
Recall_test: 1.000000
F1_test: 1.000000
 

Arquitectura: _2_3_3_1_
Semilla: 1788099232
Segundos: 94
NIteraciones: 100000

Costo_train: 0.000653
Precision_train: 1.000000
Recall_train: 0.998775
F1_train: 0.999387

Costo_test: 0.000104
Precision_test: 1.000000
Recall_test: 1.000000
F1_test: 1.000000
 

Arquitectura: _2_3_3_1_
Semilla: 1788099232
Segundos: 94
NIteraciones: 100000

Costo_train: 0.000632
Precision_train: 1.000000
Recall_train: 0.998775
F1_train: 0.999387

Costo_test: 0.000089
Precision_test: 1.000000
Recall_test: 1.000000
F1_test: 1.000000
 

Arquitectura: _2_3_3_1_
Semilla: 1788099232
Segundos: 94
NIteraciones: 100000

Costo_train: 0.000650
Precision_train: 1.000000
Recall_train: 0.998775
F1_train: 0.999387

Costo_test: 0.000100
Precision_test: 1.000000
Recall_test: 1.000000
F1_test: 1.000000
 

Arquitectura: _2_3_3_1_
Semilla: 1788099232
Segundos: 94
NIteraciones: 100000

Costo_train: 0.000656
Precision_train: 1.000000
Recall_train: 0.998775
F1_train: 0.999387

Costo_test: 0.000090
Precision_test: 1.000000
Recall_test: 1.000000
F1_test: 1.000000
 

Arquitectura: _2_3_3_1_
Semilla: 1788099232
Segundos: 94
NIteraciones: 100000

Costo_train: 0.000635
Precision_train: 1.000000
Recall_train: 0.998775
F1_train: 0.999387

Costo_test: 0.000087
Precision_test: 1.000000
Recall_test: 1.000000
F1_test: 1.000000
 

Arquitectura: _2_3_3_1_
Semilla: 1788099232
Segundos: 94
NIteraciones: 100000

Costo_train: 0.000631
Precision_train: 1.000000
Recall_train: 0.998775
F1_train: 0.999387

Costo_test: 0.000091
Precision_test: 1.000000
Recall_test: 1.000000
F1_test: 1.000000
 

Arquitectura: _2_3_3_1_
Semilla: 1788099232
Segundos: 94
NIteraciones: 100000

Costo_train: 0.000658
Precision_train: 1.000000
Recall_train: 0.998775
F1_train: 0.999387

Costo_test: 0.000092
Precision_test: 1.000000
Recall_test: 1.000000
F1_test: 1.000000
 

Arquitectura: _2_3_3_1_
Semilla: 1788099232
Segundos: 94
NIteraciones: 100000

Costo_train: 0.000625
Precision_train: 1.000000
Recall_train: 0.998775
F1_train: 0.999387

Costo_test: 0.000099
Precision_test: 1.000000
Recall_test: 1.000000
F1_test: 1.000000
 

Arquitectura: _2_3_3_1_
Semilla: 1788099232
Segundos: 94
NIteraciones: 100000

Costo_train: 0.000636
Precision_train: 1.000000
Recall_train: 0.998775
F1_train: 0.999387

Costo_test: 0.000089
Precision_test: 1.000000
Recall_test: 1.000000
F1_test: 1.000000
 

Arquitectura: _2_3_3_1_
Semilla: 1788099232
Segundos: 94
NIteraciones: 100000

Costo_train: 0.000642
Precision_train: 1.000000
Recall_train: 0.998775
F1_train: 0.999387

Costo_test: 0.000090
Precision_test: 1.000000
Recall_test: 1.000000
F1_test: 1.000000
 

Arquitectura: _2_3_3_1_
Semilla: 1788099232
Segundos: 94
NIteraciones: 100000

Costo_train: 0.000649
Precision_train: 1.000000
Recall_train: 0.998775
F1_train: 0.999387

Costo_test: 0.000088
Precision_test: 1.000000
Recall_test: 1.000000
F1_test: 1.000000
 

Arquitectura: _2_3_3_1_
Semilla: 1788099232
Segundos: 94
NIteraciones: 100000

Costo_train: 0.000641
Precision_train: 1.000000
Recall_train: 0.998775
F1_train: 0.999387

Costo_test: 0.000088
Precision_test: 1.000000
Recall_test: 1.000000
F1_test: 1.000000
 

Arquitectura: _2_3_3_1_
Semilla: 1788099232
Segundos: 94
NIteraciones: 100000

Costo_train: 0.000651
Precision_train: 1.000000
Recall_train: 0.998775
F1_train: 0.999387

Costo_test: 0.000089
Precision_test: 1.000000
Recall_test: 1.000000
F1_test: 1.000000
 


--- Test Angosta 3.0 ---
Iteración 10000
Costo: 0.001137
Iteración 20000
Costo: 0.000896
Iteración 30000
Costo: 0.000795
Iteración 40000
Costo: 0.000735
Iteración 50000
Costo: 0.000694
Iteración 60000
Costo: 0.000664
Iteración 70000
Costo: 0.000641
Iteración 80000
Costo: 0.000621
Iteración 90000
Costo: 0.000605

Arquitectura: _2_9_1_
Semilla: 1788099326
Segundos: 51
NIteraciones: 100000

Costo_train: 0.000590
Precision_train: 1.000000
Recall_train: 0.998775
F1_train: 0.999387

Costo_test: 0.000087
Precision_test: 1.000000
Recall_test: 1.000000
F1_test: 1.000000
 

Arquitectura: _2_9_1_
Semilla: 1788099326
Segundos: 51
NIteraciones: 100000

Costo_train: 0.000602
Precision_train: 1.000000
Recall_train: 0.998775
F1_train: 0.999387

Costo_test: 0.000088
Precision_test: 1.000000
Recall_test: 1.000000
F1_test: 1.000000
 

Arquitectura: _2_9_1_
Semilla: 1788099326
Segundos: 51
NIteraciones: 100000

Costo_train: 0.000593
Precision_train: 1.000000
Recall_train: 0.998775
F1_train: 0.999387

Costo_test: 0.000087
Precision_test: 1.000000
Recall_test: 1.000000
F1_test: 1.000000
 

Arquitectura: _2_9_1_
Semilla: 1788099326
Segundos: 51
NIteraciones: 100000

Costo_train: 0.000612
Precision_train: 1.000000
Recall_train: 0.998775
F1_train: 0.999387

Costo_test: 0.000085
Precision_test: 1.000000
Recall_test: 1.000000
F1_test: 1.000000
 

Arquitectura: _2_9_1_
Semilla: 1788099326
Segundos: 51
NIteraciones: 100000

Costo_train: 0.000621
Precision_train: 1.000000
Recall_train: 0.998775
F1_train: 0.999387

Costo_test: 0.000086
Precision_test: 1.000000
Recall_test: 1.000000
F1_test: 1.000000
 

Arquitectura: _2_9_1_
Semilla: 1788099326
Segundos: 51
NIteraciones: 100000

Costo_train: 0.000591
Precision_train: 1.000000
Recall_train: 0.998775
F1_train: 0.999387

Costo_test: 0.000088
Precision_test: 1.000000
Recall_test: 1.000000
F1_test: 1.000000
 

Arquitectura: _2_9_1_
Semilla: 1788099326
Segundos: 51
NIteraciones: 100000

Costo_train: 0.000600
Precision_train: 1.000000
Recall_train: 0.998775
F1_train: 0.999387

Costo_test: 0.000088
Precision_test: 1.000000
Recall_test: 1.000000
F1_test: 1.000000
 

Arquitectura: _2_9_1_
Semilla: 1788099326
Segundos: 51
NIteraciones: 100000

Costo_train: 0.000596
Precision_train: 1.000000
Recall_train: 0.998775
F1_train: 0.999387

Costo_test: 0.000087
Precision_test: 1.000000
Recall_test: 1.000000
F1_test: 1.000000
 

Arquitectura: _2_9_1_
Semilla: 1788099326
Segundos: 51
NIteraciones: 100000

Costo_train: 0.000600
Precision_train: 1.000000
Recall_train: 0.998775
F1_train: 0.999387

Costo_test: 0.000085
Precision_test: 1.000000
Recall_test: 1.000000
F1_test: 1.000000
 

Arquitectura: _2_9_1_
Semilla: 1788099326
Segundos: 51
NIteraciones: 100000

Costo_train: 0.000609
Precision_train: 1.000000
Recall_train: 0.998775
F1_train: 0.999387

Costo_test: 0.000084
Precision_test: 1.000000
Recall_test: 1.000000
F1_test: 1.000000
 

Arquitectura: _2_9_1_
Semilla: 1788099326
Segundos: 51
NIteraciones: 100000

Costo_train: 0.000594
Precision_train: 1.000000
Recall_train: 0.998775
F1_train: 0.999387

Costo_test: 0.000088
Precision_test: 1.000000
Recall_test: 1.000000
F1_test: 1.000000
 

Arquitectura: _2_9_1_
Semilla: 1788099326
Segundos: 51
NIteraciones: 100000

Costo_train: 0.000597
Precision_train: 1.000000
Recall_train: 0.998775
F1_train: 0.999387

Costo_test: 0.000086
Precision_test: 1.000000
Recall_test: 1.000000
F1_test: 1.000000
 

Arquitectura: _2_9_1_
Semilla: 1788099326
Segundos: 51
NIteraciones: 100000

Costo_train: 0.000584
Precision_train: 1.000000
Recall_train: 0.998775
F1_train: 0.999387

Costo_test: 0.000089
Precision_test: 1.000000
Recall_test: 1.000000
F1_test: 1.000000
 

Arquitectura: _2_9_1_
Semilla: 1788099326
Segundos: 51
NIteraciones: 100000

Costo_train: 0.000592
Precision_train: 1.000000
Recall_train: 0.998775
F1_train: 0.999387

Costo_test: 0.000093
Precision_test: 1.000000
Recall_test: 1.000000
F1_test: 1.000000
 

Arquitectura: _2_9_1_
Semilla: 1788099326
Segundos: 51
NIteraciones: 100000

Costo_train: 0.000586
Precision_train: 1.000000
Recall_train: 0.998775
F1_train: 0.999387

Costo_test: 0.000090
Precision_test: 1.000000
Recall_test: 1.000000
F1_test: 1.000000
 

Arquitectura: _2_9_1_
Semilla: 1788099326
Segundos: 51
NIteraciones: 100000

Costo_train: 0.000590
Precision_train: 1.000000
Recall_train: 0.998775
F1_train: 0.999387

Costo_test: 0.000087
Precision_test: 1.000000
Recall_test: 1.000000
F1_test: 1.000000
 

Arquitectura: _2_9_1_
Semilla: 1788099326
Segundos: 51
NIteraciones: 100000

Costo_train: 0.000608
Precision_train: 1.000000
Recall_train: 0.998775
F1_train: 0.999387

Costo_test: 0.000086
Precision_test: 1.000000
Recall_test: 1.000000
F1_test: 1.000000
 

Arquitectura: _2_9_1_
Semilla: 1788099326
Segundos: 51
NIteraciones: 100000

Costo_train: 0.000617
Precision_train: 1.000000
Recall_train: 0.998775
F1_train: 0.999387

Costo_test: 0.000088
Precision_test: 1.000000
Recall_test: 1.000000
F1_test: 1.000000
 

Arquitectura: _2_9_1_
Semilla: 1788099326
Segundos: 51
NIteraciones: 100000

Costo_train: 0.000589
Precision_train: 1.000000
Recall_train: 0.998775
F1_train: 0.999387

Costo_test: 0.000086
Precision_test: 1.000000
Recall_test: 1.000000
F1_test: 1.000000
 

Arquitectura: _2_9_1_
Semilla: 1788099326
Segundos: 51
NIteraciones: 100000

Costo_train: 0.000587
Precision_train: 1.000000
Recall_train: 0.998775
F1_train: 0.999387

Costo_test: 0.000087
Precision_test: 1.000000
Recall_test: 1.000000
F1_test: 1.000000
 

Arquitectura: _2_9_1_
Semilla: 1788099326
Segundos: 51
NIteraciones: 100000

Costo_train: 0.000576
Precision_train: 1.000000
Recall_train: 0.998775
F1_train: 0.999387

Costo_test: 0.000090
Precision_test: 1.000000
Recall_test: 1.000000
F1_test: 1.000000
 

Arquitectura: _2_9_1_
Semilla: 1788099326
Segundos: 51
NIteraciones: 100000

Costo_train: 0.000616
Precision_train: 1.000000
Recall_train: 0.998775
F1_train: 0.999387

Costo_test: 0.000086
Precision_test: 1.000000
Recall_test: 1.000000
F1_test: 1.000000
 

Arquitectura: _2_9_1_
Semilla: 1788099326
Segundos: 51
NIteraciones: 100000

Costo_train: 0.000616
Precision_train: 1.000000
Recall_train: 0.998775
F1_train: 0.999387

Costo_test: 0.000089
Precision_test: 1.000000
Recall_test: 1.000000
F1_test: 1.000000
 

Arquitectura: _2_9_1_
Semilla: 1788099326
Segundos: 51
NIteraciones: 100000

Costo_train: 0.000598
Precision_train: 1.000000
Recall_train: 0.998775
F1_train: 0.999387

Costo_test: 0.000085
Precision_test: 1.000000
Recall_test: 1.000000
F1_test: 1.000000
 

Arquitectura: _2_9_1_
Semilla: 1788099326
Segundos: 51
NIteraciones: 100000

Costo_train: 0.000599
Precision_train: 1.000000
Recall_train: 0.998775
F1_train: 0.999387

Costo_test: 0.000087
Precision_test: 1.000000
Recall_test: 1.000000
F1_test: 1.000000
 

Arquitectura: _2_9_1_
Semilla: 1788099326
Segundos: 51
NIteraciones: 100000

Costo_train: 0.000598
Precision_train: 1.000000
Recall_train: 0.998775
F1_train: 0.999387

Costo_test: 0.000088
Precision_test: 1.000000
Recall_test: 1.000000
F1_test: 1.000000
 

Arquitectura: _2_9_1_
Semilla: 1788099326
Segundos: 51
NIteraciones: 100000

Costo_train: 0.000605
Precision_train: 1.000000
Recall_train: 0.998775
F1_train: 0.999387

Costo_test: 0.000087
Precision_test: 1.000000
Recall_test: 1.000000
F1_test: 1.000000
 

Arquitectura: _2_9_1_
Semilla: 1788099326
Segundos: 51
NIteraciones: 100000

Costo_train: 0.000598
Precision_train: 1.000000
Recall_train: 0.998775
F1_train: 0.999387

Costo_test: 0.000088
Precision_test: 1.000000
Recall_test: 1.000000
F1_test: 1.000000
 

Arquitectura: _2_9_1_
Semilla: 1788099326
Segundos: 51
NIteraciones: 100000

Costo_train: 0.000588
Precision_train: 1.000000
Recall_train: 0.998775
F1_train: 0.999387

Costo_test: 0.000089
Precision_test: 1.000000
Recall_test: 1.000000
F1_test: 1.000000
 

Arquitectura: _2_9_1_
Semilla: 1788099326
Segundos: 51
NIteraciones: 100000

Costo_train: 0.000590
Precision_train: 1.000000
Recall_train: 0.998775
F1_train: 0.999387

Costo_test: 0.000086
Precision_test: 1.000000
Recall_test: 1.000000
F1_test: 1.000000
 

Arquitectura: _2_9_1_
Semilla: 1788099326
Segundos: 51
NIteraciones: 100000

Costo_train: 0.000594
Precision_train: 1.000000
Recall_train: 0.998775
F1_train: 0.999387

Costo_test: 0.000086
Precision_test: 1.000000
Recall_test: 1.000000
F1_test: 1.000000
 

Arquitectura: _2_9_1_
Semilla: 1788099326
Segundos: 51
NIteraciones: 100000

Costo_train: 0.000597
Precision_train: 1.000000
Recall_train: 0.998775
F1_train: 0.999387

Costo_test: 0.000087
Precision_test: 1.000000
Recall_test: 1.000000
F1_test: 1.000000
 

Arquitectura: _2_9_1_
Semilla: 1788099326
Segundos: 51
NIteraciones: 100000

Costo_train: 0.000598
Precision_train: 1.000000
Recall_train: 0.998775
F1_train: 0.999387

Costo_test: 0.000088
Precision_test: 1.000000
Recall_test: 1.000000
F1_test: 1.000000
 

Arquitectura: _2_9_1_
Semilla: 1788099326
Segundos: 51
NIteraciones: 100000

Costo_train: 0.000600
Precision_train: 1.000000
Recall_train: 0.998775
F1_train: 0.999387

Costo_test: 0.000089
Precision_test: 1.000000
Recall_test: 1.000000
F1_test: 1.000000
 

Arquitectura: _2_9_1_
Semilla: 1788099326
Segundos: 51
NIteraciones: 100000

Costo_train: 0.000588
Precision_train: 1.000000
Recall_train: 0.998775
F1_train: 0.999387

Costo_test: 0.000090
Precision_test: 1.000000
Recall_test: 1.000000
F1_test: 1.000000
 

Arquitectura: _2_9_1_
Semilla: 1788099326
Segundos: 51
NIteraciones: 100000

Costo_train: 0.000595
Precision_train: 1.000000
Recall_train: 0.998775
F1_train: 0.999387

Costo_test: 0.000089
Precision_test: 1.000000
Recall_test: 1.000000
F1_test: 1.000000
 

Arquitectura: _2_9_1_
Semilla: 1788099326
Segundos: 51
NIteraciones: 100000

Costo_train: 0.000589
Precision_train: 1.000000
Recall_train: 0.998775
F1_train: 0.999387

Costo_test: 0.000088
Precision_test: 1.000000
Recall_test: 1.000000
F1_test: 1.000000
 

Arquitectura: _2_9_1_
Semilla: 1788099326
Segundos: 51
NIteraciones: 100000

Costo_train: 0.000586
Precision_train: 1.000000
Recall_train: 0.998775
F1_train: 0.999387

Costo_test: 0.000087
Precision_test: 1.000000
Recall_test: 1.000000
F1_test: 1.000000
 

Arquitectura: _2_9_1_
Semilla: 1788099326
Segundos: 51
NIteraciones: 100000

Costo_train: 0.000599
Precision_train: 1.000000
Recall_train: 0.998775
F1_train: 0.999387

Costo_test: 0.000089
Precision_test: 1.000000
Recall_test: 1.000000
F1_test: 1.000000
 

Arquitectura: _2_9_1_
Semilla: 1788099326
Segundos: 51
NIteraciones: 100000

Costo_train: 0.000596
Precision_train: 1.000000
Recall_train: 0.998775
F1_train: 0.999387

Costo_test: 0.000079
Precision_test: 1.000000
Recall_test: 1.000000
F1_test: 1.000000
 

Arquitectura: _2_9_1_
Semilla: 1788099326
Segundos: 51
NIteraciones: 100000

Costo_train: 0.000608
Precision_train: 1.000000
Recall_train: 0.998775
F1_train: 0.999387

Costo_test: 0.000086
Precision_test: 1.000000
Recall_test: 1.000000
F1_test: 1.000000
 

Arquitectura: _2_9_1_
Semilla: 1788099326
Segundos: 51
NIteraciones: 100000

Costo_train: 0.000568
Precision_train: 1.000000
Recall_train: 0.998775
F1_train: 0.999387

Costo_test: 0.000092
Precision_test: 1.000000
Recall_test: 1.000000
F1_test: 1.000000
 

Arquitectura: _2_9_1_
Semilla: 1788099326
Segundos: 51
NIteraciones: 100000

Costo_train: 0.000596
Precision_train: 1.000000
Recall_train: 0.998775
F1_train: 0.999387

Costo_test: 0.000085
Precision_test: 1.000000
Recall_test: 1.000000
F1_test: 1.000000
 

Arquitectura: _2_9_1_
Semilla: 1788099326
Segundos: 51
NIteraciones: 100000

Costo_train: 0.000589
Precision_train: 1.000000
Recall_train: 0.998775
F1_train: 0.999387

Costo_test: 0.000086
Precision_test: 1.000000
Recall_test: 1.000000
F1_test: 1.000000
 

Arquitectura: _2_9_1_
Semilla: 1788099326
Segundos: 51
NIteraciones: 100000

Costo_train: 0.000585
Precision_train: 1.000000
Recall_train: 0.998775
F1_train: 0.999387

Costo_test: 0.000091
Precision_test: 1.000000
Recall_test: 1.000000
F1_test: 1.000000
 

Arquitectura: _2_9_1_
Semilla: 1788099326
Segundos: 51
NIteraciones: 100000

Costo_train: 0.000582
Precision_train: 1.000000
Recall_train: 0.998775
F1_train: 0.999387

Costo_test: 0.000090
Precision_test: 1.000000
Recall_test: 1.000000
F1_test: 1.000000
 

Arquitectura: _2_9_1_
Semilla: 1788099326
Segundos: 51
NIteraciones: 100000

Costo_train: 0.000603
Precision_train: 1.000000
Recall_train: 0.998775
F1_train: 0.999387

Costo_test: 0.000085
Precision_test: 1.000000
Recall_test: 1.000000
F1_test: 1.000000
 

Arquitectura: _2_9_1_
Semilla: 1788099326
Segundos: 51
NIteraciones: 100000

Costo_train: 0.000585
Precision_train: 1.000000
Recall_train: 0.998775
F1_train: 0.999387

Costo_test: 0.000088
Precision_test: 1.000000
Recall_test: 1.000000
F1_test: 1.000000
 

Arquitectura: _2_9_1_
Semilla: 1788099326
Segundos: 51
NIteraciones: 100000

Costo_train: 0.000591
Precision_train: 1.000000
Recall_train: 0.998775
F1_train: 0.999387

Costo_test: 0.000087
Precision_test: 1.000000
Recall_test: 1.000000
F1_test: 1.000000
 

Arquitectura: _2_9_1_
Semilla: 1788099326
Segundos: 51
NIteraciones: 100000

Costo_train: 0.000596
Precision_train: 1.000000
Recall_train: 0.998775
F1_train: 0.999387

Costo_test: 0.000087
Precision_test: 1.000000
Recall_test: 1.000000
F1_test: 1.000000
 

Arquitectura: _2_9_1_
Semilla: 1788099326
Segundos: 51
NIteraciones: 100000

Costo_train: 0.000584
Precision_train: 1.000000
Recall_train: 0.998775
F1_train: 0.999387

Costo_test: 0.000089
Precision_test: 1.000000
Recall_test: 1.000000
F1_test: 1.000000
 

Arquitectura: _2_9_1_
Semilla: 1788099326
Segundos: 51
NIteraciones: 100000

Costo_train: 0.000591
Precision_train: 1.000000
Recall_train: 0.998775
F1_train: 0.999387

Costo_test: 0.000087
Precision_test: 1.000000
Recall_test: 1.000000
F1_test: 1.000000
 

Arquitectura: _2_9_1_
Semilla: 1788099326
Segundos: 51
NIteraciones: 100000

Costo_train: 0.000598
Precision_train: 1.000000
Recall_train: 0.998775
F1_train: 0.999387

Costo_test: 0.000087
Precision_test: 1.000000
Recall_test: 1.000000
F1_test: 1.000000
 

Arquitectura: _2_9_1_
Semilla: 1788099326
Segundos: 51
NIteraciones: 100000

Costo_train: 0.000595
Precision_train: 1.000000
Recall_train: 0.998775
F1_train: 0.999387

Costo_test: 0.000089
Precision_test: 1.000000
Recall_test: 1.000000
F1_test: 1.000000
 

Arquitectura: _2_9_1_
Semilla: 1788099326
Segundos: 51
NIteraciones: 100000

Costo_train: 0.000589
Precision_train: 1.000000
Recall_train: 0.998775
F1_train: 0.999387

Costo_test: 0.000088
Precision_test: 1.000000
Recall_test: 1.000000
F1_test: 1.000000
 

Arquitectura: _2_9_1_
Semilla: 1788099326
Segundos: 51
NIteraciones: 100000

Costo_train: 0.000605
Precision_train: 1.000000
Recall_train: 0.998775
F1_train: 0.999387

Costo_test: 0.000086
Precision_test: 1.000000
Recall_test: 1.000000
F1_test: 1.000000
 

Arquitectura: _2_9_1_
Semilla: 1788099326
Segundos: 51
NIteraciones: 100000

Costo_train: 0.000607
Precision_train: 1.000000
Recall_train: 0.998775
F1_train: 0.999387

Costo_test: 0.000087
Precision_test: 1.000000
Recall_test: 1.000000
F1_test: 1.000000
 

Arquitectura: _2_9_1_
Semilla: 1788099326
Segundos: 51
NIteraciones: 100000

Costo_train: 0.000598
Precision_train: 1.000000
Recall_train: 0.998775
F1_train: 0.999387

Costo_test: 0.000086
Precision_test: 1.000000
Recall_test: 1.000000
F1_test: 1.000000
 

Arquitectura: _2_9_1_
Semilla: 1788099326
Segundos: 51
NIteraciones: 100000

Costo_train: 0.000591
Precision_train: 1.000000
Recall_train: 0.998775
F1_train: 0.999387

Costo_test: 0.000088
Precision_test: 1.000000
Recall_test: 1.000000
F1_test: 1.000000
 

Arquitectura: _2_9_1_
Semilla: 1788099326
Segundos: 51
NIteraciones: 100000

Costo_train: 0.000607
Precision_train: 1.000000
Recall_train: 0.998775
F1_train: 0.999387

Costo_test: 0.000082
Precision_test: 1.000000
Recall_test: 1.000000
F1_test: 1.000000
 

Arquitectura: _2_9_1_
Semilla: 1788099326
Segundos: 51
NIteraciones: 100000

Costo_train: 0.000598
Precision_train: 1.000000
Recall_train: 0.998775
F1_train: 0.999387

Costo_test: 0.000087
Precision_test: 1.000000
Recall_test: 1.000000
F1_test: 1.000000
 

Arquitectura: _2_9_1_
Semilla: 1788099326
Segundos: 51
NIteraciones: 100000

Costo_train: 0.000582
Precision_train: 1.000000
Recall_train: 0.998775
F1_train: 0.999387

Costo_test: 0.000090
Precision_test: 1.000000
Recall_test: 1.000000
F1_test: 1.000000
 

Arquitectura: _2_9_1_
Semilla: 1788099326
Segundos: 51
NIteraciones: 100000

Costo_train: 0.000589
Precision_train: 1.000000
Recall_train: 0.998775
F1_train: 0.999387

Costo_test: 0.000087
Precision_test: 1.000000
Recall_test: 1.000000
F1_test: 1.000000
 

Arquitectura: _2_9_1_
Semilla: 1788099326
Segundos: 51
NIteraciones: 100000

Costo_train: 0.000588
Precision_train: 1.000000
Recall_train: 0.998775
F1_train: 0.999387

Costo_test: 0.000087
Precision_test: 1.000000
Recall_test: 1.000000
F1_test: 1.000000
 

Arquitectura: _2_9_1_
Semilla: 1788099326
Segundos: 51
NIteraciones: 100000

Costo_train: 0.000608
Precision_train: 1.000000
Recall_train: 0.998775
F1_train: 0.999387

Costo_test: 0.000086
Precision_test: 1.000000
Recall_test: 1.000000
F1_test: 1.000000
 

Arquitectura: _2_9_1_
Semilla: 1788099326
Segundos: 51
NIteraciones: 100000

Costo_train: 0.000595
Precision_train: 1.000000
Recall_train: 0.998775
F1_train: 0.999387

Costo_test: 0.000088
Precision_test: 1.000000
Recall_test: 1.000000
F1_test: 1.000000
 

Arquitectura: _2_9_1_
Semilla: 1788099326
Segundos: 51
NIteraciones: 100000

Costo_train: 0.000589
Precision_train: 1.000000
Recall_train: 0.998775
F1_train: 0.999387

Costo_test: 0.000089
Precision_test: 1.000000
Recall_test: 1.000000
F1_test: 1.000000
 

Arquitectura: _2_9_1_
Semilla: 1788099326
Segundos: 51
NIteraciones: 100000

Costo_train: 0.000590
Precision_train: 1.000000
Recall_train: 0.998775
F1_train: 0.999387

Costo_test: 0.000088
Precision_test: 1.000000
Recall_test: 1.000000
F1_test: 1.000000
 

Arquitectura: _2_9_1_
Semilla: 1788099326
Segundos: 51
NIteraciones: 100000

Costo_train: 0.000608
Precision_train: 1.000000
Recall_train: 0.998775
F1_train: 0.999387

Costo_test: 0.000086
Precision_test: 1.000000
Recall_test: 1.000000
F1_test: 1.000000
 

Arquitectura: _2_9_1_
Semilla: 1788099326
Segundos: 51
NIteraciones: 100000

Costo_train: 0.000600
Precision_train: 1.000000
Recall_train: 0.998775
F1_train: 0.999387

Costo_test: 0.000084
Precision_test: 1.000000
Recall_test: 1.000000
F1_test: 1.000000
 

Arquitectura: _2_9_1_
Semilla: 1788099326
Segundos: 51
NIteraciones: 100000

Costo_train: 0.000595
Precision_train: 1.000000
Recall_train: 0.998775
F1_train: 0.999387

Costo_test: 0.000087
Precision_test: 1.000000
Recall_test: 1.000000
F1_test: 1.000000
 

Arquitectura: _2_9_1_
Semilla: 1788099326
Segundos: 51
NIteraciones: 100000

Costo_train: 0.000606
Precision_train: 1.000000
Recall_train: 0.998775
F1_train: 0.999387

Costo_test: 0.000087
Precision_test: 1.000000
Recall_test: 1.000000
F1_test: 1.000000
 

Arquitectura: _2_9_1_
Semilla: 1788099326
Segundos: 51
NIteraciones: 100000

Costo_train: 0.000584
Precision_train: 1.000000
Recall_train: 0.998775
F1_train: 0.999387

Costo_test: 0.000087
Precision_test: 1.000000
Recall_test: 1.000000
F1_test: 1.000000
 

Arquitectura: _2_9_1_
Semilla: 1788099326
Segundos: 51
NIteraciones: 100000

Costo_train: 0.000584
Precision_train: 1.000000
Recall_train: 0.998775
F1_train: 0.999387

Costo_test: 0.000089
Precision_test: 1.000000
Recall_test: 1.000000
F1_test: 1.000000
 

Arquitectura: _2_9_1_
Semilla: 1788099326
Segundos: 51
NIteraciones: 100000

Costo_train: 0.000592
Precision_train: 1.000000
Recall_train: 0.998775
F1_train: 0.999387

Costo_test: 0.000088
Precision_test: 1.000000
Recall_test: 1.000000
F1_test: 1.000000
 

Arquitectura: _2_9_1_
Semilla: 1788099326
Segundos: 51
NIteraciones: 100000

Costo_train: 0.000587
Precision_train: 1.000000
Recall_train: 0.998775
F1_train: 0.999387

Costo_test: 0.000089
Precision_test: 1.000000
Recall_test: 1.000000
F1_test: 1.000000
 

Arquitectura: _2_9_1_
Semilla: 1788099326
Segundos: 51
NIteraciones: 100000

Costo_train: 0.000586
Precision_train: 1.000000
Recall_train: 0.998775
F1_train: 0.999387

Costo_test: 0.000089
Precision_test: 1.000000
Recall_test: 1.000000
F1_test: 1.000000
 

Arquitectura: _2_9_1_
Semilla: 1788099326
Segundos: 51
NIteraciones: 100000

Costo_train: 0.000608
Precision_train: 1.000000
Recall_train: 0.998775
F1_train: 0.999387

Costo_test: 0.000086
Precision_test: 1.000000
Recall_test: 1.000000
F1_test: 1.000000
 

Arquitectura: _2_9_1_
Semilla: 1788099326
Segundos: 51
NIteraciones: 100000

Costo_train: 0.000588
Precision_train: 1.000000
Recall_train: 0.998775
F1_train: 0.999387

Costo_test: 0.000088
Precision_test: 1.000000
Recall_test: 1.000000
F1_test: 1.000000
 

Arquitectura: _2_9_1_
Semilla: 1788099326
Segundos: 51
NIteraciones: 100000

Costo_train: 0.000582
Precision_train: 1.000000
Recall_train: 0.998775
F1_train: 0.999387

Costo_test: 0.000088
Precision_test: 1.000000
Recall_test: 1.000000
F1_test: 1.000000
 

Arquitectura: _2_9_1_
Semilla: 1788099326
Segundos: 51
NIteraciones: 100000

Costo_train: 0.000594
Precision_train: 1.000000
Recall_train: 0.998775
F1_train: 0.999387

Costo_test: 0.000085
Precision_test: 1.000000
Recall_test: 1.000000
F1_test: 1.000000
 

Arquitectura: _2_9_1_
Semilla: 1788099326
Segundos: 51
NIteraciones: 100000

Costo_train: 0.000597
Precision_train: 1.000000
Recall_train: 0.998775
F1_train: 0.999387

Costo_test: 0.000088
Precision_test: 1.000000
Recall_test: 1.000000
F1_test: 1.000000
 

Arquitectura: _2_9_1_
Semilla: 1788099326
Segundos: 51
NIteraciones: 100000

Costo_train: 0.000596
Precision_train: 1.000000
Recall_train: 0.998775
F1_train: 0.999387

Costo_test: 0.000089
Precision_test: 1.000000
Recall_test: 1.000000
F1_test: 1.000000
 

Arquitectura: _2_9_1_
Semilla: 1788099326
Segundos: 51
NIteraciones: 100000

Costo_train: 0.000596
Precision_train: 1.000000
Recall_train: 0.998775
F1_train: 0.999387

Costo_test: 0.000086
Precision_test: 1.000000
Recall_test: 1.000000
F1_test: 1.000000
 

Arquitectura: _2_9_1_
Semilla: 1788099326
Segundos: 51
NIteraciones: 100000

Costo_train: 0.000609
Precision_train: 1.000000
Recall_train: 0.998775
F1_train: 0.999387

Costo_test: 0.000089
Precision_test: 1.000000
Recall_test: 1.000000
F1_test: 1.000000
 

Arquitectura: _2_9_1_
Semilla: 1788099326
Segundos: 51
NIteraciones: 100000

Costo_train: 0.000613
Precision_train: 1.000000
Recall_train: 0.998775
F1_train: 0.999387

Costo_test: 0.000085
Precision_test: 1.000000
Recall_test: 1.000000
F1_test: 1.000000
 

Arquitectura: _2_9_1_
Semilla: 1788099326
Segundos: 51
NIteraciones: 100000

Costo_train: 0.000603
Precision_train: 1.000000
Recall_train: 0.998775
F1_train: 0.999387

Costo_test: 0.000085
Precision_test: 1.000000
Recall_test: 1.000000
F1_test: 1.000000
 

Arquitectura: _2_9_1_
Semilla: 1788099326
Segundos: 51
NIteraciones: 100000

Costo_train: 0.000587
Precision_train: 1.000000
Recall_train: 0.998775
F1_train: 0.999387

Costo_test: 0.000087
Precision_test: 1.000000
Recall_test: 1.000000
F1_test: 1.000000
 

Arquitectura: _2_9_1_
Semilla: 1788099326
Segundos: 51
NIteraciones: 100000

Costo_train: 0.000598
Precision_train: 1.000000
Recall_train: 0.998775
F1_train: 0.999387

Costo_test: 0.000088
Precision_test: 1.000000
Recall_test: 1.000000
F1_test: 1.000000
 

Arquitectura: _2_9_1_
Semilla: 1788099326
Segundos: 51
NIteraciones: 100000

Costo_train: 0.000596
Precision_train: 1.000000
Recall_train: 0.998775
F1_train: 0.999387

Costo_test: 0.000082
Precision_test: 1.000000
Recall_test: 1.000000
F1_test: 1.000000
 

Arquitectura: _2_9_1_
Semilla: 1788099326
Segundos: 51
NIteraciones: 100000

Costo_train: 0.000593
Precision_train: 1.000000
Recall_train: 0.998775
F1_train: 0.999387

Costo_test: 0.000087
Precision_test: 1.000000
Recall_test: 1.000000
F1_test: 1.000000
 

Arquitectura: _2_9_1_
Semilla: 1788099326
Segundos: 51
NIteraciones: 100000

Costo_train: 0.000589
Precision_train: 1.000000
Recall_train: 0.998775
F1_train: 0.999387

Costo_test: 0.000086
Precision_test: 1.000000
Recall_test: 1.000000
F1_test: 1.000000
 

Arquitectura: _2_9_1_
Semilla: 1788099326
Segundos: 51
NIteraciones: 100000

Costo_train: 0.000609
Precision_train: 1.000000
Recall_train: 0.998775
F1_train: 0.999387

Costo_test: 0.000085
Precision_test: 1.000000
Recall_test: 1.000000
F1_test: 1.000000
 

Arquitectura: _2_9_1_
Semilla: 1788099326
Segundos: 51
NIteraciones: 100000

Costo_train: 0.000588
Precision_train: 1.000000
Recall_train: 0.998775
F1_train: 0.999387

Costo_test: 0.000089
Precision_test: 1.000000
Recall_test: 1.000000
F1_test: 1.000000
 

Arquitectura: _2_9_1_
Semilla: 1788099326
Segundos: 51
NIteraciones: 100000

Costo_train: 0.000587
Precision_train: 1.000000
Recall_train: 0.998775
F1_train: 0.999387

Costo_test: 0.000088
Precision_test: 1.000000
Recall_test: 1.000000
F1_test: 1.000000
 

Arquitectura: _2_9_1_
Semilla: 1788099326
Segundos: 51
NIteraciones: 100000

Costo_train: 0.000584
Precision_train: 1.000000
Recall_train: 0.998775
F1_train: 0.999387

Costo_test: 0.000087
Precision_test: 1.000000
Recall_test: 1.000000
F1_test: 1.000000
 

Arquitectura: _2_9_1_
Semilla: 1788099326
Segundos: 51
NIteraciones: 100000

Costo_train: 0.000607
Precision_train: 1.000000
Recall_train: 0.998775
F1_train: 0.999387

Costo_test: 0.000089
Precision_test: 1.000000
Recall_test: 1.000000
F1_test: 1.000000
 

Arquitectura: _2_9_1_
Semilla: 1788099326
Segundos: 51
NIteraciones: 100000

Costo_train: 0.000601
Precision_train: 1.000000
Recall_train: 0.998775
F1_train: 0.999387

Costo_test: 0.000084
Precision_test: 1.000000
Recall_test: 1.000000
F1_test: 1.000000
 

Arquitectura: _2_9_1_
Semilla: 1788099326
Segundos: 51
NIteraciones: 100000

Costo_train: 0.000602
Precision_train: 1.000000
Recall_train: 0.998775
F1_train: 0.999387

Costo_test: 0.000085
Precision_test: 1.000000
Recall_test: 1.000000
F1_test: 1.000000
 

Arquitectura: _2_9_1_
Semilla: 1788099326
Segundos: 51
NIteraciones: 100000

Costo_train: 0.000588
Precision_train: 1.000000
Recall_train: 0.998775
F1_train: 0.999387

Costo_test: 0.000088
Precision_test: 1.000000
Recall_test: 1.000000
F1_test: 1.000000
 


--- Test Profunda 3.0 ---
Iteración 10000
Costo: 0.002735
Iteración 20000
Costo: 0.001608
Iteración 30000
Costo: 0.001251
Iteración 40000
Costo: 0.001052
Iteración 50000
Costo: 0.000927
Iteración 60000
Costo: 0.000846
Iteración 70000
Costo: 0.000792
Iteración 80000
Costo: 0.000755
Iteración 90000
Costo: 0.000728

Arquitectura: _2_3_3_3_1_
Semilla: 1788099377
Segundos: 140
NIteraciones: 100000

Costo_train: 0.000707
Precision_train: 1.000000
Recall_train: 0.998775
F1_train: 0.999387

Costo_test: 0.000109
Precision_test: 1.000000
Recall_test: 1.000000
F1_test: 1.000000
 

Arquitectura: _2_3_3_3_1_
Semilla: 1788099377
Segundos: 140
NIteraciones: 100000

Costo_train: 0.000714
Precision_train: 1.000000
Recall_train: 0.998775
F1_train: 0.999387

Costo_test: 0.000114
Precision_test: 1.000000
Recall_test: 1.000000
F1_test: 1.000000
 

Arquitectura: _2_3_3_3_1_
Semilla: 1788099377
Segundos: 140
NIteraciones: 100000

Costo_train: 0.000696
Precision_train: 1.000000
Recall_train: 0.998775
F1_train: 0.999387

Costo_test: 0.000116
Precision_test: 1.000000
Recall_test: 1.000000
F1_test: 1.000000
 

Arquitectura: _2_3_3_3_1_
Semilla: 1788099377
Segundos: 140
NIteraciones: 100000

Costo_train: 0.000727
Precision_train: 1.000000
Recall_train: 0.998775
F1_train: 0.999387

Costo_test: 0.000121
Precision_test: 1.000000
Recall_test: 1.000000
F1_test: 1.000000
 

Arquitectura: _2_3_3_3_1_
Semilla: 1788099377
Segundos: 140
NIteraciones: 100000

Costo_train: 0.000745
Precision_train: 1.000000
Recall_train: 0.998775
F1_train: 0.999387

Costo_test: 0.000134
Precision_test: 1.000000
Recall_test: 1.000000
F1_test: 1.000000
 

Arquitectura: _2_3_3_3_1_
Semilla: 1788099377
Segundos: 140
NIteraciones: 100000

Costo_train: 0.000695
Precision_train: 1.000000
Recall_train: 0.998775
F1_train: 0.999387

Costo_test: 0.000117
Precision_test: 1.000000
Recall_test: 1.000000
F1_test: 1.000000
 

Arquitectura: _2_3_3_3_1_
Semilla: 1788099377
Segundos: 140
NIteraciones: 100000

Costo_train: 0.000695
Precision_train: 1.000000
Recall_train: 0.998775
F1_train: 0.999387

Costo_test: 0.000118
Precision_test: 1.000000
Recall_test: 1.000000
F1_test: 1.000000
 

Arquitectura: _2_3_3_3_1_
Semilla: 1788099377
Segundos: 140
NIteraciones: 100000

Costo_train: 0.000682
Precision_train: 1.000000
Recall_train: 0.998775
F1_train: 0.999387

Costo_test: 0.000104
Precision_test: 1.000000
Recall_test: 1.000000
F1_test: 1.000000
 

Arquitectura: _2_3_3_3_1_
Semilla: 1788099377
Segundos: 140
NIteraciones: 100000

Costo_train: 0.000733
Precision_train: 1.000000
Recall_train: 0.998775
F1_train: 0.999387

Costo_test: 0.000139
Precision_test: 1.000000
Recall_test: 1.000000
F1_test: 1.000000
 

Arquitectura: _2_3_3_3_1_
Semilla: 1788099377
Segundos: 140
NIteraciones: 100000

Costo_train: 0.000708
Precision_train: 1.000000
Recall_train: 0.998775
F1_train: 0.999387

Costo_test: 0.000107
Precision_test: 1.000000
Recall_test: 1.000000
F1_test: 1.000000
 

Arquitectura: _2_3_3_3_1_
Semilla: 1788099377
Segundos: 140
NIteraciones: 100000

Costo_train: 0.000731
Precision_train: 1.000000
Recall_train: 0.998775
F1_train: 0.999387

Costo_test: 0.000125
Precision_test: 1.000000
Recall_test: 1.000000
F1_test: 1.000000
 

Arquitectura: _2_3_3_3_1_
Semilla: 1788099377
Segundos: 140
NIteraciones: 100000

Costo_train: 0.000833
Precision_train: 1.000000
Recall_train: 0.998775
F1_train: 0.999387

Costo_test: 0.000227
Precision_test: 1.000000
Recall_test: 1.000000
F1_test: 1.000000
 

Arquitectura: _2_3_3_3_1_
Semilla: 1788099377
Segundos: 140
NIteraciones: 100000

Costo_train: 0.000743
Precision_train: 1.000000
Recall_train: 0.998775
F1_train: 0.999387

Costo_test: 0.000155
Precision_test: 1.000000
Recall_test: 1.000000
F1_test: 1.000000
 

Arquitectura: _2_3_3_3_1_
Semilla: 1788099377
Segundos: 140
NIteraciones: 100000

Costo_train: 0.000769
Precision_train: 1.000000
Recall_train: 0.998775
F1_train: 0.999387

Costo_test: 0.000188
Precision_test: 1.000000
Recall_test: 1.000000
F1_test: 1.000000
 

Arquitectura: _2_3_3_3_1_
Semilla: 1788099377
Segundos: 140
NIteraciones: 100000

Costo_train: 0.000705
Precision_train: 1.000000
Recall_train: 0.998775
F1_train: 0.999387

Costo_test: 0.000110
Precision_test: 1.000000
Recall_test: 1.000000
F1_test: 1.000000
 

Arquitectura: _2_3_3_3_1_
Semilla: 1788099377
Segundos: 140
NIteraciones: 100000

Costo_train: 0.000704
Precision_train: 1.000000
Recall_train: 0.998775
F1_train: 0.999387

Costo_test: 0.000120
Precision_test: 1.000000
Recall_test: 1.000000
F1_test: 1.000000
 

Arquitectura: _2_3_3_3_1_
Semilla: 1788099377
Segundos: 140
NIteraciones: 100000

Costo_train: 0.000677
Precision_train: 1.000000
Recall_train: 0.998775
F1_train: 0.999387

Costo_test: 0.000104
Precision_test: 1.000000
Recall_test: 1.000000
F1_test: 1.000000
 

Arquitectura: _2_3_3_3_1_
Semilla: 1788099377
Segundos: 140
NIteraciones: 100000

Costo_train: 0.000679
Precision_train: 1.000000
Recall_train: 0.998775
F1_train: 0.999387

Costo_test: 0.000114
Precision_test: 1.000000
Recall_test: 1.000000
F1_test: 1.000000
 

Arquitectura: _2_3_3_3_1_
Semilla: 1788099377
Segundos: 140
NIteraciones: 100000

Costo_train: 0.000707
Precision_train: 1.000000
Recall_train: 0.998775
F1_train: 0.999387

Costo_test: 0.000131
Precision_test: 1.000000
Recall_test: 1.000000
F1_test: 1.000000
 

Arquitectura: _2_3_3_3_1_
Semilla: 1788099377
Segundos: 140
NIteraciones: 100000

Costo_train: 0.000704
Precision_train: 1.000000
Recall_train: 0.998775
F1_train: 0.999387

Costo_test: 0.000112
Precision_test: 1.000000
Recall_test: 1.000000
F1_test: 1.000000
 

Arquitectura: _2_3_3_3_1_
Semilla: 1788099377
Segundos: 140
NIteraciones: 100000

Costo_train: 0.000713
Precision_train: 1.000000
Recall_train: 0.998775
F1_train: 0.999387

Costo_test: 0.000114
Precision_test: 1.000000
Recall_test: 1.000000
F1_test: 1.000000
 

Arquitectura: _2_3_3_3_1_
Semilla: 1788099377
Segundos: 140
NIteraciones: 100000

Costo_train: 0.000700
Precision_train: 1.000000
Recall_train: 0.998775
F1_train: 0.999387

Costo_test: 0.000109
Precision_test: 1.000000
Recall_test: 1.000000
F1_test: 1.000000
 

Arquitectura: _2_3_3_3_1_
Semilla: 1788099377
Segundos: 140
NIteraciones: 100000

Costo_train: 0.000700
Precision_train: 1.000000
Recall_train: 0.998775
F1_train: 0.999387

Costo_test: 0.000111
Precision_test: 1.000000
Recall_test: 1.000000
F1_test: 1.000000
 

Arquitectura: _2_3_3_3_1_
Semilla: 1788099377
Segundos: 140
NIteraciones: 100000

Costo_train: 0.000683
Precision_train: 1.000000
Recall_train: 0.998775
F1_train: 0.999387

Costo_test: 0.000102
Precision_test: 1.000000
Recall_test: 1.000000
F1_test: 1.000000
 

Arquitectura: _2_3_3_3_1_
Semilla: 1788099377
Segundos: 140
NIteraciones: 100000

Costo_train: 0.000725
Precision_train: 1.000000
Recall_train: 0.998775
F1_train: 0.999387

Costo_test: 0.000134
Precision_test: 1.000000
Recall_test: 1.000000
F1_test: 1.000000
 

Arquitectura: _2_3_3_3_1_
Semilla: 1788099377
Segundos: 140
NIteraciones: 100000

Costo_train: 0.000699
Precision_train: 1.000000
Recall_train: 0.998775
F1_train: 0.999387

Costo_test: 0.000105
Precision_test: 1.000000
Recall_test: 1.000000
F1_test: 1.000000
 

Arquitectura: _2_3_3_3_1_
Semilla: 1788099377
Segundos: 140
NIteraciones: 100000

Costo_train: 0.000773
Precision_train: 1.000000
Recall_train: 0.998775
F1_train: 0.999387

Costo_test: 0.000178
Precision_test: 1.000000
Recall_test: 1.000000
F1_test: 1.000000
 

Arquitectura: _2_3_3_3_1_
Semilla: 1788099377
Segundos: 140
NIteraciones: 100000

Costo_train: 0.000719
Precision_train: 1.000000
Recall_train: 0.998775
F1_train: 0.999387

Costo_test: 0.000128
Precision_test: 1.000000
Recall_test: 1.000000
F1_test: 1.000000
 

Arquitectura: _2_3_3_3_1_
Semilla: 1788099377
Segundos: 140
NIteraciones: 100000

Costo_train: 0.000723
Precision_train: 1.000000
Recall_train: 0.998775
F1_train: 0.999387

Costo_test: 0.000121
Precision_test: 1.000000
Recall_test: 1.000000
F1_test: 1.000000
 

Arquitectura: _2_3_3_3_1_
Semilla: 1788099377
Segundos: 140
NIteraciones: 100000

Costo_train: 0.000696
Precision_train: 1.000000
Recall_train: 0.998775
F1_train: 0.999387

Costo_test: 0.000106
Precision_test: 1.000000
Recall_test: 1.000000
F1_test: 1.000000
 

Arquitectura: _2_3_3_3_1_
Semilla: 1788099377
Segundos: 140
NIteraciones: 100000

Costo_train: 0.000720
Precision_train: 1.000000
Recall_train: 0.998775
F1_train: 0.999387

Costo_test: 0.000134
Precision_test: 1.000000
Recall_test: 1.000000
F1_test: 1.000000
 

Arquitectura: _2_3_3_3_1_
Semilla: 1788099377
Segundos: 140
NIteraciones: 100000

Costo_train: 0.000727
Precision_train: 1.000000
Recall_train: 0.998775
F1_train: 0.999387

Costo_test: 0.000132
Precision_test: 1.000000
Recall_test: 1.000000
F1_test: 1.000000
 

Arquitectura: _2_3_3_3_1_
Semilla: 1788099377
Segundos: 140
NIteraciones: 100000

Costo_train: 0.000724
Precision_train: 1.000000
Recall_train: 0.998775
F1_train: 0.999387

Costo_test: 0.000124
Precision_test: 1.000000
Recall_test: 1.000000
F1_test: 1.000000
 

Arquitectura: _2_3_3_3_1_
Semilla: 1788099377
Segundos: 140
NIteraciones: 100000

Costo_train: 0.000711
Precision_train: 1.000000
Recall_train: 0.998775
F1_train: 0.999387

Costo_test: 0.000129
Precision_test: 1.000000
Recall_test: 1.000000
F1_test: 1.000000
 

Arquitectura: _2_3_3_3_1_
Semilla: 1788099377
Segundos: 140
NIteraciones: 100000

Costo_train: 0.000731
Precision_train: 1.000000
Recall_train: 0.998775
F1_train: 0.999387

Costo_test: 0.000143
Precision_test: 1.000000
Recall_test: 1.000000
F1_test: 1.000000
 

Arquitectura: _2_3_3_3_1_
Semilla: 1788099377
Segundos: 140
NIteraciones: 100000

Costo_train: 0.000701
Precision_train: 1.000000
Recall_train: 0.998775
F1_train: 0.999387

Costo_test: 0.000110
Precision_test: 1.000000
Recall_test: 1.000000
F1_test: 1.000000
 

Arquitectura: _2_3_3_3_1_
Semilla: 1788099377
Segundos: 140
NIteraciones: 100000

Costo_train: 0.000775
Precision_train: 1.000000
Recall_train: 0.998775
F1_train: 0.999387

Costo_test: 0.000181
Precision_test: 1.000000
Recall_test: 1.000000
F1_test: 1.000000
 

Arquitectura: _2_3_3_3_1_
Semilla: 1788099377
Segundos: 140
NIteraciones: 100000

Costo_train: 0.000713
Precision_train: 1.000000
Recall_train: 0.998775
F1_train: 0.999387

Costo_test: 0.000122
Precision_test: 1.000000
Recall_test: 1.000000
F1_test: 1.000000
 

Arquitectura: _2_3_3_3_1_
Semilla: 1788099377
Segundos: 140
NIteraciones: 100000

Costo_train: 0.000684
Precision_train: 1.000000
Recall_train: 0.998775
F1_train: 0.999387

Costo_test: 0.000109
Precision_test: 1.000000
Recall_test: 1.000000
F1_test: 1.000000
 

Arquitectura: _2_3_3_3_1_
Semilla: 1788099377
Segundos: 140
NIteraciones: 100000

Costo_train: 0.000681
Precision_train: 1.000000
Recall_train: 0.998775
F1_train: 0.999387

Costo_test: 0.000108
Precision_test: 1.000000
Recall_test: 1.000000
F1_test: 1.000000
 

Arquitectura: _2_3_3_3_1_
Semilla: 1788099377
Segundos: 140
NIteraciones: 100000

Costo_train: 0.000698
Precision_train: 1.000000
Recall_train: 0.998775
F1_train: 0.999387

Costo_test: 0.000127
Precision_test: 1.000000
Recall_test: 1.000000
F1_test: 1.000000
 

Arquitectura: _2_3_3_3_1_
Semilla: 1788099377
Segundos: 140
NIteraciones: 100000

Costo_train: 0.000695
Precision_train: 1.000000
Recall_train: 0.998775
F1_train: 0.999387

Costo_test: 0.000113
Precision_test: 1.000000
Recall_test: 1.000000
F1_test: 1.000000
 

Arquitectura: _2_3_3_3_1_
Semilla: 1788099377
Segundos: 140
NIteraciones: 100000

Costo_train: 0.000737
Precision_train: 1.000000
Recall_train: 0.998775
F1_train: 0.999387

Costo_test: 0.000152
Precision_test: 1.000000
Recall_test: 1.000000
F1_test: 1.000000
 

Arquitectura: _2_3_3_3_1_
Semilla: 1788099377
Segundos: 140
NIteraciones: 100000

Costo_train: 0.000710
Precision_train: 1.000000
Recall_train: 0.998775
F1_train: 0.999387

Costo_test: 0.000128
Precision_test: 1.000000
Recall_test: 1.000000
F1_test: 1.000000
 

Arquitectura: _2_3_3_3_1_
Semilla: 1788099377
Segundos: 140
NIteraciones: 100000

Costo_train: 0.000730
Precision_train: 1.000000
Recall_train: 0.998775
F1_train: 0.999387

Costo_test: 0.000139
Precision_test: 1.000000
Recall_test: 1.000000
F1_test: 1.000000
 

Arquitectura: _2_3_3_3_1_
Semilla: 1788099377
Segundos: 140
NIteraciones: 100000

Costo_train: 0.000699
Precision_train: 1.000000
Recall_train: 0.998775
F1_train: 0.999387

Costo_test: 0.000113
Precision_test: 1.000000
Recall_test: 1.000000
F1_test: 1.000000
 

Arquitectura: _2_3_3_3_1_
Semilla: 1788099377
Segundos: 140
NIteraciones: 100000

Costo_train: 0.000704
Precision_train: 1.000000
Recall_train: 0.998775
F1_train: 0.999387

Costo_test: 0.000119
Precision_test: 1.000000
Recall_test: 1.000000
F1_test: 1.000000
 

Arquitectura: _2_3_3_3_1_
Semilla: 1788099377
Segundos: 140
NIteraciones: 100000

Costo_train: 0.000695
Precision_train: 1.000000
Recall_train: 0.998775
F1_train: 0.999387

Costo_test: 0.000117
Precision_test: 1.000000
Recall_test: 1.000000
F1_test: 1.000000
 

Arquitectura: _2_3_3_3_1_
Semilla: 1788099377
Segundos: 140
NIteraciones: 100000

Costo_train: 0.000756
Precision_train: 1.000000
Recall_train: 0.998775
F1_train: 0.999387

Costo_test: 0.000165
Precision_test: 1.000000
Recall_test: 1.000000
F1_test: 1.000000
 

Arquitectura: _2_3_3_3_1_
Semilla: 1788099377
Segundos: 140
NIteraciones: 100000

Costo_train: 0.000719
Precision_train: 1.000000
Recall_train: 0.998775
F1_train: 0.999387

Costo_test: 0.000129
Precision_test: 1.000000
Recall_test: 1.000000
F1_test: 1.000000
 

Arquitectura: _2_3_3_3_1_
Semilla: 1788099377
Segundos: 140
NIteraciones: 100000

Costo_train: 0.000688
Precision_train: 1.000000
Recall_train: 0.998775
F1_train: 0.999387

Costo_test: 0.000107
Precision_test: 1.000000
Recall_test: 1.000000
F1_test: 1.000000
 

Arquitectura: _2_3_3_3_1_
Semilla: 1788099377
Segundos: 140
NIteraciones: 100000

Costo_train: 0.000740
Precision_train: 1.000000
Recall_train: 0.998775
F1_train: 0.999387

Costo_test: 0.000149
Precision_test: 1.000000
Recall_test: 1.000000
F1_test: 1.000000
 

Arquitectura: _2_3_3_3_1_
Semilla: 1788099377
Segundos: 140
NIteraciones: 100000

Costo_train: 0.000695
Precision_train: 1.000000
Recall_train: 0.998775
F1_train: 0.999387

Costo_test: 0.000113
Precision_test: 1.000000
Recall_test: 1.000000
F1_test: 1.000000
 

Arquitectura: _2_3_3_3_1_
Semilla: 1788099377
Segundos: 140
NIteraciones: 100000

Costo_train: 0.000705
Precision_train: 1.000000
Recall_train: 0.998775
F1_train: 0.999387

Costo_test: 0.000121
Precision_test: 1.000000
Recall_test: 1.000000
F1_test: 1.000000
 

Arquitectura: _2_3_3_3_1_
Semilla: 1788099377
Segundos: 140
NIteraciones: 100000

Costo_train: 0.000688
Precision_train: 1.000000
Recall_train: 0.998775
F1_train: 0.999387

Costo_test: 0.000102
Precision_test: 1.000000
Recall_test: 1.000000
F1_test: 1.000000
 

Arquitectura: _2_3_3_3_1_
Semilla: 1788099377
Segundos: 140
NIteraciones: 100000

Costo_train: 0.000738
Precision_train: 1.000000
Recall_train: 0.998775
F1_train: 0.999387

Costo_test: 0.000144
Precision_test: 1.000000
Recall_test: 1.000000
F1_test: 1.000000
 

Arquitectura: _2_3_3_3_1_
Semilla: 1788099377
Segundos: 140
NIteraciones: 100000

Costo_train: 0.000691
Precision_train: 1.000000
Recall_train: 0.998775
F1_train: 0.999387

Costo_test: 0.000108
Precision_test: 1.000000
Recall_test: 1.000000
F1_test: 1.000000
 

Arquitectura: _2_3_3_3_1_
Semilla: 1788099377
Segundos: 140
NIteraciones: 100000

Costo_train: 0.000709
Precision_train: 1.000000
Recall_train: 0.998775
F1_train: 0.999387

Costo_test: 0.000111
Precision_test: 1.000000
Recall_test: 1.000000
F1_test: 1.000000
 

Arquitectura: _2_3_3_3_1_
Semilla: 1788099377
Segundos: 140
NIteraciones: 100000

Costo_train: 0.000707
Precision_train: 1.000000
Recall_train: 0.998775
F1_train: 0.999387

Costo_test: 0.000121
Precision_test: 1.000000
Recall_test: 1.000000
F1_test: 1.000000
 

Arquitectura: _2_3_3_3_1_
Semilla: 1788099377
Segundos: 140
NIteraciones: 100000

Costo_train: 0.000682
Precision_train: 1.000000
Recall_train: 0.998775
F1_train: 0.999387

Costo_test: 0.000113
Precision_test: 1.000000
Recall_test: 1.000000
F1_test: 1.000000
 

Arquitectura: _2_3_3_3_1_
Semilla: 1788099377
Segundos: 140
NIteraciones: 100000

Costo_train: 0.000707
Precision_train: 1.000000
Recall_train: 0.998775
F1_train: 0.999387

Costo_test: 0.000126
Precision_test: 1.000000
Recall_test: 1.000000
F1_test: 1.000000
 

Arquitectura: _2_3_3_3_1_
Semilla: 1788099377
Segundos: 140
NIteraciones: 100000

Costo_train: 0.000724
Precision_train: 1.000000
Recall_train: 0.998775
F1_train: 0.999387

Costo_test: 0.000130
Precision_test: 1.000000
Recall_test: 1.000000
F1_test: 1.000000
 

Arquitectura: _2_3_3_3_1_
Semilla: 1788099377
Segundos: 140
NIteraciones: 100000

Costo_train: 0.000701
Precision_train: 1.000000
Recall_train: 0.998775
F1_train: 0.999387

Costo_test: 0.000118
Precision_test: 1.000000
Recall_test: 1.000000
F1_test: 1.000000
 

Arquitectura: _2_3_3_3_1_
Semilla: 1788099377
Segundos: 140
NIteraciones: 100000

Costo_train: 0.000714
Precision_train: 1.000000
Recall_train: 0.998775
F1_train: 0.999387

Costo_test: 0.000120
Precision_test: 1.000000
Recall_test: 1.000000
F1_test: 1.000000
 

Arquitectura: _2_3_3_3_1_
Semilla: 1788099377
Segundos: 140
NIteraciones: 100000

Costo_train: 0.000703
Precision_train: 1.000000
Recall_train: 0.998775
F1_train: 0.999387

Costo_test: 0.000110
Precision_test: 1.000000
Recall_test: 1.000000
F1_test: 1.000000
 

Arquitectura: _2_3_3_3_1_
Semilla: 1788099377
Segundos: 140
NIteraciones: 100000

Costo_train: 0.000706
Precision_train: 1.000000
Recall_train: 0.998775
F1_train: 0.999387

Costo_test: 0.000109
Precision_test: 1.000000
Recall_test: 1.000000
F1_test: 1.000000
 

Arquitectura: _2_3_3_3_1_
Semilla: 1788099377
Segundos: 140
NIteraciones: 100000

Costo_train: 0.000690
Precision_train: 1.000000
Recall_train: 0.998775
F1_train: 0.999387

Costo_test: 0.000109
Precision_test: 1.000000
Recall_test: 1.000000
F1_test: 1.000000
 

Arquitectura: _2_3_3_3_1_
Semilla: 1788099377
Segundos: 140
NIteraciones: 100000

Costo_train: 0.000700
Precision_train: 1.000000
Recall_train: 0.998775
F1_train: 0.999387

Costo_test: 0.000116
Precision_test: 1.000000
Recall_test: 1.000000
F1_test: 1.000000
 

Arquitectura: _2_3_3_3_1_
Semilla: 1788099377
Segundos: 140
NIteraciones: 100000

Costo_train: 0.000727
Precision_train: 1.000000
Recall_train: 0.998775
F1_train: 0.999387

Costo_test: 0.000135
Precision_test: 1.000000
Recall_test: 1.000000
F1_test: 1.000000
 

Arquitectura: _2_3_3_3_1_
Semilla: 1788099377
Segundos: 140
NIteraciones: 100000

Costo_train: 0.000723
Precision_train: 1.000000
Recall_train: 0.998775
F1_train: 0.999387

Costo_test: 0.000134
Precision_test: 1.000000
Recall_test: 1.000000
F1_test: 1.000000
 

Arquitectura: _2_3_3_3_1_
Semilla: 1788099377
Segundos: 140
NIteraciones: 100000

Costo_train: 0.000715
Precision_train: 1.000000
Recall_train: 0.998775
F1_train: 0.999387

Costo_test: 0.000131
Precision_test: 1.000000
Recall_test: 1.000000
F1_test: 1.000000
 

Arquitectura: _2_3_3_3_1_
Semilla: 1788099377
Segundos: 140
NIteraciones: 100000

Costo_train: 0.000754
Precision_train: 1.000000
Recall_train: 0.998775
F1_train: 0.999387

Costo_test: 0.000151
Precision_test: 1.000000
Recall_test: 1.000000
F1_test: 1.000000
 

Arquitectura: _2_3_3_3_1_
Semilla: 1788099377
Segundos: 140
NIteraciones: 100000

Costo_train: 0.000811
Precision_train: 1.000000
Recall_train: 0.998775
F1_train: 0.999387

Costo_test: 0.000203
Precision_test: 1.000000
Recall_test: 1.000000
F1_test: 1.000000
 

Arquitectura: _2_3_3_3_1_
Semilla: 1788099377
Segundos: 140
NIteraciones: 100000

Costo_train: 0.000673
Precision_train: 1.000000
Recall_train: 0.998775
F1_train: 0.999387

Costo_test: 0.000110
Precision_test: 1.000000
Recall_test: 1.000000
F1_test: 1.000000
 

Arquitectura: _2_3_3_3_1_
Semilla: 1788099377
Segundos: 140
NIteraciones: 100000

Costo_train: 0.000695
Precision_train: 1.000000
Recall_train: 0.998775
F1_train: 0.999387

Costo_test: 0.000119
Precision_test: 1.000000
Recall_test: 1.000000
F1_test: 1.000000
 

Arquitectura: _2_3_3_3_1_
Semilla: 1788099377
Segundos: 140
NIteraciones: 100000

Costo_train: 0.000708
Precision_train: 1.000000
Recall_train: 0.998775
F1_train: 0.999387

Costo_test: 0.000118
Precision_test: 1.000000
Recall_test: 1.000000
F1_test: 1.000000
 

Arquitectura: _2_3_3_3_1_
Semilla: 1788099377
Segundos: 140
NIteraciones: 100000

Costo_train: 0.000709
Precision_train: 1.000000
Recall_train: 0.998775
F1_train: 0.999387

Costo_test: 0.000114
Precision_test: 1.000000
Recall_test: 1.000000
F1_test: 1.000000
 

Arquitectura: _2_3_3_3_1_
Semilla: 1788099377
Segundos: 140
NIteraciones: 100000

Costo_train: 0.000696
Precision_train: 1.000000
Recall_train: 0.998775
F1_train: 0.999387

Costo_test: 0.000116
Precision_test: 1.000000
Recall_test: 1.000000
F1_test: 1.000000
 

Arquitectura: _2_3_3_3_1_
Semilla: 1788099377
Segundos: 140
NIteraciones: 100000

Costo_train: 0.000724
Precision_train: 1.000000
Recall_train: 0.998775
F1_train: 0.999387

Costo_test: 0.000136
Precision_test: 1.000000
Recall_test: 1.000000
F1_test: 1.000000
 

Arquitectura: _2_3_3_3_1_
Semilla: 1788099377
Segundos: 140
NIteraciones: 100000

Costo_train: 0.000699
Precision_train: 1.000000
Recall_train: 0.998775
F1_train: 0.999387

Costo_test: 0.000110
Precision_test: 1.000000
Recall_test: 1.000000
F1_test: 1.000000
 

Arquitectura: _2_3_3_3_1_
Semilla: 1788099377
Segundos: 140
NIteraciones: 100000

Costo_train: 0.000688
Precision_train: 1.000000
Recall_train: 0.998775
F1_train: 0.999387

Costo_test: 0.000107
Precision_test: 1.000000
Recall_test: 1.000000
F1_test: 1.000000
 

Arquitectura: _2_3_3_3_1_
Semilla: 1788099377
Segundos: 140
NIteraciones: 100000

Costo_train: 0.000707
Precision_train: 1.000000
Recall_train: 0.998775
F1_train: 0.999387

Costo_test: 0.000126
Precision_test: 1.000000
Recall_test: 1.000000
F1_test: 1.000000
 

Arquitectura: _2_3_3_3_1_
Semilla: 1788099377
Segundos: 140
NIteraciones: 100000

Costo_train: 0.000701
Precision_train: 1.000000
Recall_train: 0.998775
F1_train: 0.999387

Costo_test: 0.000112
Precision_test: 1.000000
Recall_test: 1.000000
F1_test: 1.000000
 

Arquitectura: _2_3_3_3_1_
Semilla: 1788099377
Segundos: 140
NIteraciones: 100000

Costo_train: 0.000696
Precision_train: 1.000000
Recall_train: 0.998775
F1_train: 0.999387

Costo_test: 0.000107
Precision_test: 1.000000
Recall_test: 1.000000
F1_test: 1.000000
 

Arquitectura: _2_3_3_3_1_
Semilla: 1788099377
Segundos: 140
NIteraciones: 100000

Costo_train: 0.000692
Precision_train: 1.000000
Recall_train: 0.998775
F1_train: 0.999387

Costo_test: 0.000108
Precision_test: 1.000000
Recall_test: 1.000000
F1_test: 1.000000
 

Arquitectura: _2_3_3_3_1_
Semilla: 1788099377
Segundos: 140
NIteraciones: 100000

Costo_train: 0.000690
Precision_train: 1.000000
Recall_train: 0.998775
F1_train: 0.999387

Costo_test: 0.000112
Precision_test: 1.000000
Recall_test: 1.000000
F1_test: 1.000000
 

Arquitectura: _2_3_3_3_1_
Semilla: 1788099377
Segundos: 140
NIteraciones: 100000

Costo_train: 0.000716
Precision_train: 1.000000
Recall_train: 0.998775
F1_train: 0.999387

Costo_test: 0.000131
Precision_test: 1.000000
Recall_test: 1.000000
F1_test: 1.000000
 

Arquitectura: _2_3_3_3_1_
Semilla: 1788099377
Segundos: 140
NIteraciones: 100000

Costo_train: 0.000732
Precision_train: 1.000000
Recall_train: 0.998775
F1_train: 0.999387

Costo_test: 0.000140
Precision_test: 1.000000
Recall_test: 1.000000
F1_test: 1.000000
 

Arquitectura: _2_3_3_3_1_
Semilla: 1788099377
Segundos: 140
NIteraciones: 100000

Costo_train: 0.000694
Precision_train: 1.000000
Recall_train: 0.998775
F1_train: 0.999387

Costo_test: 0.000114
Precision_test: 1.000000
Recall_test: 1.000000
F1_test: 1.000000
 

Arquitectura: _2_3_3_3_1_
Semilla: 1788099377
Segundos: 140
NIteraciones: 100000

Costo_train: 0.000718
Precision_train: 1.000000
Recall_train: 0.998775
F1_train: 0.999387

Costo_test: 0.000129
Precision_test: 1.000000
Recall_test: 1.000000
F1_test: 1.000000
 

Arquitectura: _2_3_3_3_1_
Semilla: 1788099377
Segundos: 140
NIteraciones: 100000

Costo_train: 0.000703
Precision_train: 1.000000
Recall_train: 0.998775
F1_train: 0.999387

Costo_test: 0.000109
Precision_test: 1.000000
Recall_test: 1.000000
F1_test: 1.000000
 

Arquitectura: _2_3_3_3_1_
Semilla: 1788099377
Segundos: 140
NIteraciones: 100000

Costo_train: 0.000688
Precision_train: 1.000000
Recall_train: 0.998775
F1_train: 0.999387

Costo_test: 0.000109
Precision_test: 1.000000
Recall_test: 1.000000
F1_test: 1.000000
 

Arquitectura: _2_3_3_3_1_
Semilla: 1788099377
Segundos: 140
NIteraciones: 100000

Costo_train: 0.000719
Precision_train: 1.000000
Recall_train: 0.998775
F1_train: 0.999387

Costo_test: 0.000114
Precision_test: 1.000000
Recall_test: 1.000000
F1_test: 1.000000
 

Arquitectura: _2_3_3_3_1_
Semilla: 1788099377
Segundos: 140
NIteraciones: 100000

Costo_train: 0.000689
Precision_train: 1.000000
Recall_train: 0.998775
F1_train: 0.999387

Costo_test: 0.000122
Precision_test: 1.000000
Recall_test: 1.000000
F1_test: 1.000000
 

Arquitectura: _2_3_3_3_1_
Semilla: 1788099377
Segundos: 140
NIteraciones: 100000

Costo_train: 0.000733
Precision_train: 1.000000
Recall_train: 0.998775
F1_train: 0.999387

Costo_test: 0.000123
Precision_test: 1.000000
Recall_test: 1.000000
F1_test: 1.000000
 

Arquitectura: _2_3_3_3_1_
Semilla: 1788099377
Segundos: 140
NIteraciones: 100000

Costo_train: 0.000707
Precision_train: 1.000000
Recall_train: 0.998775
F1_train: 0.999387

Costo_test: 0.000122
Precision_test: 1.000000
Recall_test: 1.000000
F1_test: 1.000000
 

Arquitectura: _2_3_3_3_1_
Semilla: 1788099377
Segundos: 140
NIteraciones: 100000

Costo_train: 0.000721
Precision_train: 1.000000
Recall_train: 0.998775
F1_train: 0.999387

Costo_test: 0.000126
Precision_test: 1.000000
Recall_test: 1.000000
F1_test: 1.000000
 

Arquitectura: _2_3_3_3_1_
Semilla: 1788099377
Segundos: 140
NIteraciones: 100000

Costo_train: 0.000782
Precision_train: 1.000000
Recall_train: 0.998775
F1_train: 0.999387

Costo_test: 0.000174
Precision_test: 1.000000
Recall_test: 1.000000
F1_test: 1.000000
 

Arquitectura: _2_3_3_3_1_
Semilla: 1788099377
Segundos: 140
NIteraciones: 100000

Costo_train: 0.000732
Precision_train: 1.000000
Recall_train: 0.998775
F1_train: 0.999387

Costo_test: 0.000138
Precision_test: 1.000000
Recall_test: 1.000000
F1_test: 1.000000
 

Arquitectura: _2_3_3_3_1_
Semilla: 1788099377
Segundos: 140
NIteraciones: 100000

Costo_train: 0.000723
Precision_train: 1.000000
Recall_train: 0.998775
F1_train: 0.999387

Costo_test: 0.000133
Precision_test: 1.000000
Recall_test: 1.000000
F1_test: 1.000000
 


--- Test Angosta 4.0 ---
Iteración 10000
Costo: 0.001098
Iteración 20000
Costo: 0.000864
Iteración 30000
Costo: 0.000767
Iteración 40000
Costo: 0.000710
Iteración 50000
Costo: 0.000672
Iteración 60000
Costo: 0.000644
Iteración 70000
Costo: 0.000622
Iteración 80000
Costo: 0.000603
Iteración 90000
Costo: 0.000588

Arquitectura: _2_12_1_
Semilla: 1788099517
Segundos: 54
NIteraciones: 100000

Costo_train: 0.000574
Precision_train: 1.000000
Recall_train: 0.998775
F1_train: 0.999387

Costo_test: 0.000087
Precision_test: 1.000000
Recall_test: 1.000000
F1_test: 1.000000
 

Arquitectura: _2_12_1_
Semilla: 1788099517
Segundos: 54
NIteraciones: 100000

Costo_train: 0.000579
Precision_train: 1.000000
Recall_train: 0.998775
F1_train: 0.999387

Costo_test: 0.000088
Precision_test: 1.000000
Recall_test: 1.000000
F1_test: 1.000000
 

Arquitectura: _2_12_1_
Semilla: 1788099517
Segundos: 54
NIteraciones: 100000

Costo_train: 0.000594
Precision_train: 1.000000
Recall_train: 0.998775
F1_train: 0.999387

Costo_test: 0.000087
Precision_test: 1.000000
Recall_test: 1.000000
F1_test: 1.000000
 

Arquitectura: _2_12_1_
Semilla: 1788099517
Segundos: 54
NIteraciones: 100000

Costo_train: 0.000575
Precision_train: 1.000000
Recall_train: 0.998775
F1_train: 0.999387

Costo_test: 0.000089
Precision_test: 1.000000
Recall_test: 1.000000
F1_test: 1.000000
 

Arquitectura: _2_12_1_
Semilla: 1788099517
Segundos: 54
NIteraciones: 100000

Costo_train: 0.000583
Precision_train: 1.000000
Recall_train: 0.998775
F1_train: 0.999387

Costo_test: 0.000088
Precision_test: 1.000000
Recall_test: 1.000000
F1_test: 1.000000
 

Arquitectura: _2_12_1_
Semilla: 1788099517
Segundos: 54
NIteraciones: 100000

Costo_train: 0.000592
Precision_train: 1.000000
Recall_train: 0.998775
F1_train: 0.999387

Costo_test: 0.000088
Precision_test: 1.000000
Recall_test: 1.000000
F1_test: 1.000000
 

Arquitectura: _2_12_1_
Semilla: 1788099517
Segundos: 54
NIteraciones: 100000

Costo_train: 0.000581
Precision_train: 1.000000
Recall_train: 0.998775
F1_train: 0.999387

Costo_test: 0.000088
Precision_test: 1.000000
Recall_test: 1.000000
F1_test: 1.000000
 

Arquitectura: _2_12_1_
Semilla: 1788099517
Segundos: 54
NIteraciones: 100000

Costo_train: 0.000587
Precision_train: 1.000000
Recall_train: 0.998775
F1_train: 0.999387

Costo_test: 0.000089
Precision_test: 1.000000
Recall_test: 1.000000
F1_test: 1.000000
 

Arquitectura: _2_12_1_
Semilla: 1788099517
Segundos: 54
NIteraciones: 100000

Costo_train: 0.000578
Precision_train: 1.000000
Recall_train: 0.998775
F1_train: 0.999387

Costo_test: 0.000087
Precision_test: 1.000000
Recall_test: 1.000000
F1_test: 1.000000
 

Arquitectura: _2_12_1_
Semilla: 1788099517
Segundos: 54
NIteraciones: 100000

Costo_train: 0.000583
Precision_train: 1.000000
Recall_train: 0.998775
F1_train: 0.999387

Costo_test: 0.000088
Precision_test: 1.000000
Recall_test: 1.000000
F1_test: 1.000000
 

Arquitectura: _2_12_1_
Semilla: 1788099517
Segundos: 54
NIteraciones: 100000

Costo_train: 0.000583
Precision_train: 1.000000
Recall_train: 0.998775
F1_train: 0.999387

Costo_test: 0.000087
Precision_test: 1.000000
Recall_test: 1.000000
F1_test: 1.000000
 

Arquitectura: _2_12_1_
Semilla: 1788099517
Segundos: 54
NIteraciones: 100000

Costo_train: 0.000583
Precision_train: 1.000000
Recall_train: 0.998775
F1_train: 0.999387

Costo_test: 0.000086
Precision_test: 1.000000
Recall_test: 1.000000
F1_test: 1.000000
 

Arquitectura: _2_12_1_
Semilla: 1788099517
Segundos: 54
NIteraciones: 100000

Costo_train: 0.000581
Precision_train: 1.000000
Recall_train: 0.998775
F1_train: 0.999387

Costo_test: 0.000088
Precision_test: 1.000000
Recall_test: 1.000000
F1_test: 1.000000
 

Arquitectura: _2_12_1_
Semilla: 1788099517
Segundos: 54
NIteraciones: 100000

Costo_train: 0.000591
Precision_train: 1.000000
Recall_train: 0.998775
F1_train: 0.999387

Costo_test: 0.000087
Precision_test: 1.000000
Recall_test: 1.000000
F1_test: 1.000000
 

Arquitectura: _2_12_1_
Semilla: 1788099517
Segundos: 54
NIteraciones: 100000

Costo_train: 0.000582
Precision_train: 1.000000
Recall_train: 0.998775
F1_train: 0.999387

Costo_test: 0.000085
Precision_test: 1.000000
Recall_test: 1.000000
F1_test: 1.000000
 

Arquitectura: _2_12_1_
Semilla: 1788099517
Segundos: 54
NIteraciones: 100000

Costo_train: 0.000587
Precision_train: 1.000000
Recall_train: 0.998775
F1_train: 0.999387

Costo_test: 0.000088
Precision_test: 1.000000
Recall_test: 1.000000
F1_test: 1.000000
 

Arquitectura: _2_12_1_
Semilla: 1788099517
Segundos: 54
NIteraciones: 100000

Costo_train: 0.000586
Precision_train: 1.000000
Recall_train: 0.998775
F1_train: 0.999387

Costo_test: 0.000087
Precision_test: 1.000000
Recall_test: 1.000000
F1_test: 1.000000
 

Arquitectura: _2_12_1_
Semilla: 1788099517
Segundos: 54
NIteraciones: 100000

Costo_train: 0.000601
Precision_train: 1.000000
Recall_train: 0.998775
F1_train: 0.999387

Costo_test: 0.000083
Precision_test: 1.000000
Recall_test: 1.000000
F1_test: 1.000000
 

Arquitectura: _2_12_1_
Semilla: 1788099517
Segundos: 54
NIteraciones: 100000

Costo_train: 0.000585
Precision_train: 1.000000
Recall_train: 0.998775
F1_train: 0.999387

Costo_test: 0.000088
Precision_test: 1.000000
Recall_test: 1.000000
F1_test: 1.000000
 

Arquitectura: _2_12_1_
Semilla: 1788099517
Segundos: 54
NIteraciones: 100000

Costo_train: 0.000593
Precision_train: 1.000000
Recall_train: 0.998775
F1_train: 0.999387

Costo_test: 0.000087
Precision_test: 1.000000
Recall_test: 1.000000
F1_test: 1.000000
 

Arquitectura: _2_12_1_
Semilla: 1788099517
Segundos: 54
NIteraciones: 100000

Costo_train: 0.000577
Precision_train: 1.000000
Recall_train: 0.998775
F1_train: 0.999387

Costo_test: 0.000089
Precision_test: 1.000000
Recall_test: 1.000000
F1_test: 1.000000
 

Arquitectura: _2_12_1_
Semilla: 1788099517
Segundos: 54
NIteraciones: 100000

Costo_train: 0.000594
Precision_train: 1.000000
Recall_train: 0.998775
F1_train: 0.999387

Costo_test: 0.000086
Precision_test: 1.000000
Recall_test: 1.000000
F1_test: 1.000000
 

Arquitectura: _2_12_1_
Semilla: 1788099517
Segundos: 54
NIteraciones: 100000

Costo_train: 0.000577
Precision_train: 1.000000
Recall_train: 0.998775
F1_train: 0.999387

Costo_test: 0.000087
Precision_test: 1.000000
Recall_test: 1.000000
F1_test: 1.000000
 

Arquitectura: _2_12_1_
Semilla: 1788099517
Segundos: 54
NIteraciones: 100000

Costo_train: 0.000599
Precision_train: 1.000000
Recall_train: 0.998775
F1_train: 0.999387

Costo_test: 0.000086
Precision_test: 1.000000
Recall_test: 1.000000
F1_test: 1.000000
 

Arquitectura: _2_12_1_
Semilla: 1788099517
Segundos: 54
NIteraciones: 100000

Costo_train: 0.000578
Precision_train: 1.000000
Recall_train: 0.998775
F1_train: 0.999387

Costo_test: 0.000086
Precision_test: 1.000000
Recall_test: 1.000000
F1_test: 1.000000
 

Arquitectura: _2_12_1_
Semilla: 1788099517
Segundos: 54
NIteraciones: 100000

Costo_train: 0.000574
Precision_train: 1.000000
Recall_train: 0.998775
F1_train: 0.999387

Costo_test: 0.000086
Precision_test: 1.000000
Recall_test: 1.000000
F1_test: 1.000000
 

Arquitectura: _2_12_1_
Semilla: 1788099517
Segundos: 54
NIteraciones: 100000

Costo_train: 0.000580
Precision_train: 1.000000
Recall_train: 0.998775
F1_train: 0.999387

Costo_test: 0.000088
Precision_test: 1.000000
Recall_test: 1.000000
F1_test: 1.000000
 

Arquitectura: _2_12_1_
Semilla: 1788099517
Segundos: 54
NIteraciones: 100000

Costo_train: 0.000597
Precision_train: 1.000000
Recall_train: 0.998775
F1_train: 0.999387

Costo_test: 0.000087
Precision_test: 1.000000
Recall_test: 1.000000
F1_test: 1.000000
 

Arquitectura: _2_12_1_
Semilla: 1788099517
Segundos: 54
NIteraciones: 100000

Costo_train: 0.000593
Precision_train: 1.000000
Recall_train: 0.998775
F1_train: 0.999387

Costo_test: 0.000088
Precision_test: 1.000000
Recall_test: 1.000000
F1_test: 1.000000
 

Arquitectura: _2_12_1_
Semilla: 1788099517
Segundos: 54
NIteraciones: 100000

Costo_train: 0.000569
Precision_train: 1.000000
Recall_train: 0.998775
F1_train: 0.999387

Costo_test: 0.000089
Precision_test: 1.000000
Recall_test: 1.000000
F1_test: 1.000000
 

Arquitectura: _2_12_1_
Semilla: 1788099517
Segundos: 54
NIteraciones: 100000

Costo_train: 0.000570
Precision_train: 1.000000
Recall_train: 0.998775
F1_train: 0.999387

Costo_test: 0.000090
Precision_test: 1.000000
Recall_test: 1.000000
F1_test: 1.000000
 

Arquitectura: _2_12_1_
Semilla: 1788099517
Segundos: 54
NIteraciones: 100000

Costo_train: 0.000585
Precision_train: 1.000000
Recall_train: 0.998775
F1_train: 0.999387

Costo_test: 0.000088
Precision_test: 1.000000
Recall_test: 1.000000
F1_test: 1.000000
 

Arquitectura: _2_12_1_
Semilla: 1788099517
Segundos: 54
NIteraciones: 100000

Costo_train: 0.000583
Precision_train: 1.000000
Recall_train: 0.998775
F1_train: 0.999387

Costo_test: 0.000090
Precision_test: 1.000000
Recall_test: 1.000000
F1_test: 1.000000
 

Arquitectura: _2_12_1_
Semilla: 1788099517
Segundos: 54
NIteraciones: 100000

Costo_train: 0.000570
Precision_train: 1.000000
Recall_train: 0.998775
F1_train: 0.999387

Costo_test: 0.000089
Precision_test: 1.000000
Recall_test: 1.000000
F1_test: 1.000000
 

Arquitectura: _2_12_1_
Semilla: 1788099517
Segundos: 54
NIteraciones: 100000

Costo_train: 0.000581
Precision_train: 1.000000
Recall_train: 0.998775
F1_train: 0.999387

Costo_test: 0.000087
Precision_test: 1.000000
Recall_test: 1.000000
F1_test: 1.000000
 

Arquitectura: _2_12_1_
Semilla: 1788099517
Segundos: 54
NIteraciones: 100000

Costo_train: 0.000571
Precision_train: 1.000000
Recall_train: 0.998775
F1_train: 0.999387

Costo_test: 0.000089
Precision_test: 1.000000
Recall_test: 1.000000
F1_test: 1.000000
 

Arquitectura: _2_12_1_
Semilla: 1788099517
Segundos: 54
NIteraciones: 100000

Costo_train: 0.000572
Precision_train: 1.000000
Recall_train: 0.998775
F1_train: 0.999387

Costo_test: 0.000086
Precision_test: 1.000000
Recall_test: 1.000000
F1_test: 1.000000
 

Arquitectura: _2_12_1_
Semilla: 1788099517
Segundos: 54
NIteraciones: 100000

Costo_train: 0.000595
Precision_train: 1.000000
Recall_train: 0.998775
F1_train: 0.999387

Costo_test: 0.000087
Precision_test: 1.000000
Recall_test: 1.000000
F1_test: 1.000000
 

Arquitectura: _2_12_1_
Semilla: 1788099517
Segundos: 54
NIteraciones: 100000

Costo_train: 0.000591
Precision_train: 1.000000
Recall_train: 0.998775
F1_train: 0.999387

Costo_test: 0.000088
Precision_test: 1.000000
Recall_test: 1.000000
F1_test: 1.000000
 

Arquitectura: _2_12_1_
Semilla: 1788099517
Segundos: 54
NIteraciones: 100000

Costo_train: 0.000585
Precision_train: 1.000000
Recall_train: 0.998775
F1_train: 0.999387

Costo_test: 0.000085
Precision_test: 1.000000
Recall_test: 1.000000
F1_test: 1.000000
 

Arquitectura: _2_12_1_
Semilla: 1788099517
Segundos: 54
NIteraciones: 100000

Costo_train: 0.000586
Precision_train: 1.000000
Recall_train: 0.998775
F1_train: 0.999387

Costo_test: 0.000086
Precision_test: 1.000000
Recall_test: 1.000000
F1_test: 1.000000
 

Arquitectura: _2_12_1_
Semilla: 1788099517
Segundos: 54
NIteraciones: 100000

Costo_train: 0.000579
Precision_train: 1.000000
Recall_train: 0.998775
F1_train: 0.999387

Costo_test: 0.000086
Precision_test: 1.000000
Recall_test: 1.000000
F1_test: 1.000000
 

Arquitectura: _2_12_1_
Semilla: 1788099517
Segundos: 54
NIteraciones: 100000

Costo_train: 0.000577
Precision_train: 1.000000
Recall_train: 0.998775
F1_train: 0.999387

Costo_test: 0.000087
Precision_test: 1.000000
Recall_test: 1.000000
F1_test: 1.000000
 

Arquitectura: _2_12_1_
Semilla: 1788099517
Segundos: 54
NIteraciones: 100000

Costo_train: 0.000572
Precision_train: 1.000000
Recall_train: 0.998775
F1_train: 0.999387

Costo_test: 0.000089
Precision_test: 1.000000
Recall_test: 1.000000
F1_test: 1.000000
 

Arquitectura: _2_12_1_
Semilla: 1788099517
Segundos: 54
NIteraciones: 100000

Costo_train: 0.000578
Precision_train: 1.000000
Recall_train: 0.998775
F1_train: 0.999387

Costo_test: 0.000088
Precision_test: 1.000000
Recall_test: 1.000000
F1_test: 1.000000
 

Arquitectura: _2_12_1_
Semilla: 1788099517
Segundos: 54
NIteraciones: 100000

Costo_train: 0.000575
Precision_train: 1.000000
Recall_train: 0.998775
F1_train: 0.999387

Costo_test: 0.000087
Precision_test: 1.000000
Recall_test: 1.000000
F1_test: 1.000000
 

Arquitectura: _2_12_1_
Semilla: 1788099517
Segundos: 54
NIteraciones: 100000

Costo_train: 0.000582
Precision_train: 1.000000
Recall_train: 0.998775
F1_train: 0.999387

Costo_test: 0.000089
Precision_test: 1.000000
Recall_test: 1.000000
F1_test: 1.000000
 

Arquitectura: _2_12_1_
Semilla: 1788099517
Segundos: 54
NIteraciones: 100000

Costo_train: 0.000599
Precision_train: 1.000000
Recall_train: 0.998775
F1_train: 0.999387

Costo_test: 0.000089
Precision_test: 1.000000
Recall_test: 1.000000
F1_test: 1.000000
 

Arquitectura: _2_12_1_
Semilla: 1788099517
Segundos: 54
NIteraciones: 100000

Costo_train: 0.000581
Precision_train: 1.000000
Recall_train: 0.998775
F1_train: 0.999387

Costo_test: 0.000086
Precision_test: 1.000000
Recall_test: 1.000000
F1_test: 1.000000
 

Arquitectura: _2_12_1_
Semilla: 1788099517
Segundos: 54
NIteraciones: 100000

Costo_train: 0.000569
Precision_train: 1.000000
Recall_train: 0.998775
F1_train: 0.999387

Costo_test: 0.000086
Precision_test: 1.000000
Recall_test: 1.000000
F1_test: 1.000000
 

Arquitectura: _2_12_1_
Semilla: 1788099517
Segundos: 54
NIteraciones: 100000

Costo_train: 0.000586
Precision_train: 1.000000
Recall_train: 0.998775
F1_train: 0.999387

Costo_test: 0.000087
Precision_test: 1.000000
Recall_test: 1.000000
F1_test: 1.000000
 

Arquitectura: _2_12_1_
Semilla: 1788099517
Segundos: 54
NIteraciones: 100000

Costo_train: 0.000600
Precision_train: 1.000000
Recall_train: 0.998775
F1_train: 0.999387

Costo_test: 0.000088
Precision_test: 1.000000
Recall_test: 1.000000
F1_test: 1.000000
 

Arquitectura: _2_12_1_
Semilla: 1788099517
Segundos: 54
NIteraciones: 100000

Costo_train: 0.000577
Precision_train: 1.000000
Recall_train: 0.998775
F1_train: 0.999387

Costo_test: 0.000088
Precision_test: 1.000000
Recall_test: 1.000000
F1_test: 1.000000
 

Arquitectura: _2_12_1_
Semilla: 1788099517
Segundos: 54
NIteraciones: 100000

Costo_train: 0.000580
Precision_train: 1.000000
Recall_train: 0.998775
F1_train: 0.999387

Costo_test: 0.000087
Precision_test: 1.000000
Recall_test: 1.000000
F1_test: 1.000000
 

Arquitectura: _2_12_1_
Semilla: 1788099517
Segundos: 54
NIteraciones: 100000

Costo_train: 0.000595
Precision_train: 1.000000
Recall_train: 0.998775
F1_train: 0.999387

Costo_test: 0.000087
Precision_test: 1.000000
Recall_test: 1.000000
F1_test: 1.000000
 

Arquitectura: _2_12_1_
Semilla: 1788099517
Segundos: 54
NIteraciones: 100000

Costo_train: 0.000593
Precision_train: 1.000000
Recall_train: 0.998775
F1_train: 0.999387

Costo_test: 0.000088
Precision_test: 1.000000
Recall_test: 1.000000
F1_test: 1.000000
 

Arquitectura: _2_12_1_
Semilla: 1788099517
Segundos: 54
NIteraciones: 100000

Costo_train: 0.000579
Precision_train: 1.000000
Recall_train: 0.998775
F1_train: 0.999387

Costo_test: 0.000087
Precision_test: 1.000000
Recall_test: 1.000000
F1_test: 1.000000
 

Arquitectura: _2_12_1_
Semilla: 1788099517
Segundos: 54
NIteraciones: 100000

Costo_train: 0.000579
Precision_train: 1.000000
Recall_train: 0.998775
F1_train: 0.999387

Costo_test: 0.000087
Precision_test: 1.000000
Recall_test: 1.000000
F1_test: 1.000000
 

Arquitectura: _2_12_1_
Semilla: 1788099517
Segundos: 54
NIteraciones: 100000

Costo_train: 0.000603
Precision_train: 1.000000
Recall_train: 0.998775
F1_train: 0.999387

Costo_test: 0.000081
Precision_test: 1.000000
Recall_test: 1.000000
F1_test: 1.000000
 

Arquitectura: _2_12_1_
Semilla: 1788099517
Segundos: 54
NIteraciones: 100000

Costo_train: 0.000603
Precision_train: 1.000000
Recall_train: 0.998775
F1_train: 0.999387

Costo_test: 0.000091
Precision_test: 1.000000
Recall_test: 1.000000
F1_test: 1.000000
 

Arquitectura: _2_12_1_
Semilla: 1788099517
Segundos: 54
NIteraciones: 100000

Costo_train: 0.000576
Precision_train: 1.000000
Recall_train: 0.998775
F1_train: 0.999387

Costo_test: 0.000090
Precision_test: 1.000000
Recall_test: 1.000000
F1_test: 1.000000
 

Arquitectura: _2_12_1_
Semilla: 1788099517
Segundos: 54
NIteraciones: 100000

Costo_train: 0.000596
Precision_train: 1.000000
Recall_train: 0.998775
F1_train: 0.999387

Costo_test: 0.000087
Precision_test: 1.000000
Recall_test: 1.000000
F1_test: 1.000000
 

Arquitectura: _2_12_1_
Semilla: 1788099517
Segundos: 54
NIteraciones: 100000

Costo_train: 0.000579
Precision_train: 1.000000
Recall_train: 0.998775
F1_train: 0.999387

Costo_test: 0.000088
Precision_test: 1.000000
Recall_test: 1.000000
F1_test: 1.000000
 

Arquitectura: _2_12_1_
Semilla: 1788099517
Segundos: 54
NIteraciones: 100000

Costo_train: 0.000596
Precision_train: 1.000000
Recall_train: 0.998775
F1_train: 0.999387

Costo_test: 0.000086
Precision_test: 1.000000
Recall_test: 1.000000
F1_test: 1.000000
 

Arquitectura: _2_12_1_
Semilla: 1788099517
Segundos: 54
NIteraciones: 100000

Costo_train: 0.000566
Precision_train: 1.000000
Recall_train: 0.998775
F1_train: 0.999387

Costo_test: 0.000090
Precision_test: 1.000000
Recall_test: 1.000000
F1_test: 1.000000
 

Arquitectura: _2_12_1_
Semilla: 1788099517
Segundos: 54
NIteraciones: 100000

Costo_train: 0.000574
Precision_train: 1.000000
Recall_train: 0.998775
F1_train: 0.999387

Costo_test: 0.000087
Precision_test: 1.000000
Recall_test: 1.000000
F1_test: 1.000000
 

Arquitectura: _2_12_1_
Semilla: 1788099517
Segundos: 54
NIteraciones: 100000

Costo_train: 0.000569
Precision_train: 1.000000
Recall_train: 0.998775
F1_train: 0.999387

Costo_test: 0.000089
Precision_test: 1.000000
Recall_test: 1.000000
F1_test: 1.000000
 

Arquitectura: _2_12_1_
Semilla: 1788099517
Segundos: 54
NIteraciones: 100000

Costo_train: 0.000566
Precision_train: 1.000000
Recall_train: 0.998775
F1_train: 0.999387

Costo_test: 0.000090
Precision_test: 1.000000
Recall_test: 1.000000
F1_test: 1.000000
 

Arquitectura: _2_12_1_
Semilla: 1788099517
Segundos: 54
NIteraciones: 100000

Costo_train: 0.000580
Precision_train: 1.000000
Recall_train: 0.998775
F1_train: 0.999387

Costo_test: 0.000090
Precision_test: 1.000000
Recall_test: 1.000000
F1_test: 1.000000
 

Arquitectura: _2_12_1_
Semilla: 1788099517
Segundos: 54
NIteraciones: 100000

Costo_train: 0.000587
Precision_train: 1.000000
Recall_train: 0.998775
F1_train: 0.999387

Costo_test: 0.000085
Precision_test: 1.000000
Recall_test: 1.000000
F1_test: 1.000000
 

Arquitectura: _2_12_1_
Semilla: 1788099517
Segundos: 54
NIteraciones: 100000

Costo_train: 0.000589
Precision_train: 1.000000
Recall_train: 0.998775
F1_train: 0.999387

Costo_test: 0.000087
Precision_test: 1.000000
Recall_test: 1.000000
F1_test: 1.000000
 

Arquitectura: _2_12_1_
Semilla: 1788099517
Segundos: 54
NIteraciones: 100000

Costo_train: 0.000585
Precision_train: 1.000000
Recall_train: 0.998775
F1_train: 0.999387

Costo_test: 0.000086
Precision_test: 1.000000
Recall_test: 1.000000
F1_test: 1.000000
 

Arquitectura: _2_12_1_
Semilla: 1788099517
Segundos: 54
NIteraciones: 100000

Costo_train: 0.000567
Precision_train: 1.000000
Recall_train: 0.998775
F1_train: 0.999387

Costo_test: 0.000089
Precision_test: 1.000000
Recall_test: 1.000000
F1_test: 1.000000
 

Arquitectura: _2_12_1_
Semilla: 1788099517
Segundos: 54
NIteraciones: 100000

Costo_train: 0.000585
Precision_train: 1.000000
Recall_train: 0.998775
F1_train: 0.999387

Costo_test: 0.000089
Precision_test: 1.000000
Recall_test: 1.000000
F1_test: 1.000000
 

Arquitectura: _2_12_1_
Semilla: 1788099517
Segundos: 54
NIteraciones: 100000

Costo_train: 0.000584
Precision_train: 1.000000
Recall_train: 0.998775
F1_train: 0.999387

Costo_test: 0.000087
Precision_test: 1.000000
Recall_test: 1.000000
F1_test: 1.000000
 

Arquitectura: _2_12_1_
Semilla: 1788099517
Segundos: 54
NIteraciones: 100000

Costo_train: 0.000587
Precision_train: 1.000000
Recall_train: 0.998775
F1_train: 0.999387

Costo_test: 0.000089
Precision_test: 1.000000
Recall_test: 1.000000
F1_test: 1.000000
 

Arquitectura: _2_12_1_
Semilla: 1788099517
Segundos: 54
NIteraciones: 100000

Costo_train: 0.000570
Precision_train: 1.000000
Recall_train: 0.998775
F1_train: 0.999387

Costo_test: 0.000090
Precision_test: 1.000000
Recall_test: 1.000000
F1_test: 1.000000
 

Arquitectura: _2_12_1_
Semilla: 1788099517
Segundos: 54
NIteraciones: 100000

Costo_train: 0.000584
Precision_train: 1.000000
Recall_train: 0.998775
F1_train: 0.999387

Costo_test: 0.000088
Precision_test: 1.000000
Recall_test: 1.000000
F1_test: 1.000000
 

Arquitectura: _2_12_1_
Semilla: 1788099517
Segundos: 54
NIteraciones: 100000

Costo_train: 0.000602
Precision_train: 1.000000
Recall_train: 0.998775
F1_train: 0.999387

Costo_test: 0.000086
Precision_test: 1.000000
Recall_test: 1.000000
F1_test: 1.000000
 

Arquitectura: _2_12_1_
Semilla: 1788099517
Segundos: 54
NIteraciones: 100000

Costo_train: 0.000575
Precision_train: 1.000000
Recall_train: 0.998775
F1_train: 0.999387

Costo_test: 0.000087
Precision_test: 1.000000
Recall_test: 1.000000
F1_test: 1.000000
 

Arquitectura: _2_12_1_
Semilla: 1788099517
Segundos: 54
NIteraciones: 100000

Costo_train: 0.000578
Precision_train: 1.000000
Recall_train: 0.998775
F1_train: 0.999387

Costo_test: 0.000089
Precision_test: 1.000000
Recall_test: 1.000000
F1_test: 1.000000
 

Arquitectura: _2_12_1_
Semilla: 1788099517
Segundos: 54
NIteraciones: 100000

Costo_train: 0.000575
Precision_train: 1.000000
Recall_train: 0.998775
F1_train: 0.999387

Costo_test: 0.000088
Precision_test: 1.000000
Recall_test: 1.000000
F1_test: 1.000000
 

Arquitectura: _2_12_1_
Semilla: 1788099517
Segundos: 54
NIteraciones: 100000

Costo_train: 0.000574
Precision_train: 1.000000
Recall_train: 0.998775
F1_train: 0.999387

Costo_test: 0.000087
Precision_test: 1.000000
Recall_test: 1.000000
F1_test: 1.000000
 

Arquitectura: _2_12_1_
Semilla: 1788099517
Segundos: 54
NIteraciones: 100000

Costo_train: 0.000586
Precision_train: 1.000000
Recall_train: 0.998775
F1_train: 0.999387

Costo_test: 0.000087
Precision_test: 1.000000
Recall_test: 1.000000
F1_test: 1.000000
 

Arquitectura: _2_12_1_
Semilla: 1788099517
Segundos: 54
NIteraciones: 100000

Costo_train: 0.000573
Precision_train: 1.000000
Recall_train: 0.998775
F1_train: 0.999387

Costo_test: 0.000088
Precision_test: 1.000000
Recall_test: 1.000000
F1_test: 1.000000
 

Arquitectura: _2_12_1_
Semilla: 1788099517
Segundos: 54
NIteraciones: 100000

Costo_train: 0.000579
Precision_train: 1.000000
Recall_train: 0.998775
F1_train: 0.999387

Costo_test: 0.000090
Precision_test: 1.000000
Recall_test: 1.000000
F1_test: 1.000000
 

Arquitectura: _2_12_1_
Semilla: 1788099517
Segundos: 54
NIteraciones: 100000

Costo_train: 0.000573
Precision_train: 1.000000
Recall_train: 0.998775
F1_train: 0.999387

Costo_test: 0.000089
Precision_test: 1.000000
Recall_test: 1.000000
F1_test: 1.000000
 

Arquitectura: _2_12_1_
Semilla: 1788099517
Segundos: 54
NIteraciones: 100000

Costo_train: 0.000594
Precision_train: 1.000000
Recall_train: 0.998775
F1_train: 0.999387

Costo_test: 0.000085
Precision_test: 1.000000
Recall_test: 1.000000
F1_test: 1.000000
 

Arquitectura: _2_12_1_
Semilla: 1788099517
Segundos: 54
NIteraciones: 100000

Costo_train: 0.000591
Precision_train: 1.000000
Recall_train: 0.998775
F1_train: 0.999387

Costo_test: 0.000085
Precision_test: 1.000000
Recall_test: 1.000000
F1_test: 1.000000
 

Arquitectura: _2_12_1_
Semilla: 1788099517
Segundos: 54
NIteraciones: 100000

Costo_train: 0.000575
Precision_train: 1.000000
Recall_train: 0.998775
F1_train: 0.999387

Costo_test: 0.000087
Precision_test: 1.000000
Recall_test: 1.000000
F1_test: 1.000000
 

Arquitectura: _2_12_1_
Semilla: 1788099517
Segundos: 54
NIteraciones: 100000

Costo_train: 0.000581
Precision_train: 1.000000
Recall_train: 0.998775
F1_train: 0.999387

Costo_test: 0.000085
Precision_test: 1.000000
Recall_test: 1.000000
F1_test: 1.000000
 

Arquitectura: _2_12_1_
Semilla: 1788099517
Segundos: 54
NIteraciones: 100000

Costo_train: 0.000569
Precision_train: 1.000000
Recall_train: 0.998775
F1_train: 0.999387

Costo_test: 0.000091
Precision_test: 1.000000
Recall_test: 1.000000
F1_test: 1.000000
 

Arquitectura: _2_12_1_
Semilla: 1788099517
Segundos: 54
NIteraciones: 100000

Costo_train: 0.000578
Precision_train: 1.000000
Recall_train: 0.998775
F1_train: 0.999387

Costo_test: 0.000086
Precision_test: 1.000000
Recall_test: 1.000000
F1_test: 1.000000
 

Arquitectura: _2_12_1_
Semilla: 1788099517
Segundos: 54
NIteraciones: 100000

Costo_train: 0.000577
Precision_train: 1.000000
Recall_train: 0.998775
F1_train: 0.999387

Costo_test: 0.000089
Precision_test: 1.000000
Recall_test: 1.000000
F1_test: 1.000000
 

Arquitectura: _2_12_1_
Semilla: 1788099517
Segundos: 54
NIteraciones: 100000

Costo_train: 0.000582
Precision_train: 1.000000
Recall_train: 0.998775
F1_train: 0.999387

Costo_test: 0.000089
Precision_test: 1.000000
Recall_test: 1.000000
F1_test: 1.000000
 

Arquitectura: _2_12_1_
Semilla: 1788099517
Segundos: 54
NIteraciones: 100000

Costo_train: 0.000591
Precision_train: 1.000000
Recall_train: 0.998775
F1_train: 0.999387

Costo_test: 0.000088
Precision_test: 1.000000
Recall_test: 1.000000
F1_test: 1.000000
 

Arquitectura: _2_12_1_
Semilla: 1788099517
Segundos: 54
NIteraciones: 100000

Costo_train: 0.000580
Precision_train: 1.000000
Recall_train: 0.998775
F1_train: 0.999387

Costo_test: 0.000090
Precision_test: 1.000000
Recall_test: 1.000000
F1_test: 1.000000
 

Arquitectura: _2_12_1_
Semilla: 1788099517
Segundos: 54
NIteraciones: 100000

Costo_train: 0.000587
Precision_train: 1.000000
Recall_train: 0.998775
F1_train: 0.999387

Costo_test: 0.000089
Precision_test: 1.000000
Recall_test: 1.000000
F1_test: 1.000000
 

Arquitectura: _2_12_1_
Semilla: 1788099517
Segundos: 54
NIteraciones: 100000

Costo_train: 0.000578
Precision_train: 1.000000
Recall_train: 0.998775
F1_train: 0.999387

Costo_test: 0.000088
Precision_test: 1.000000
Recall_test: 1.000000
F1_test: 1.000000
 

Arquitectura: _2_12_1_
Semilla: 1788099517
Segundos: 54
NIteraciones: 100000

Costo_train: 0.000583
Precision_train: 1.000000
Recall_train: 0.998775
F1_train: 0.999387

Costo_test: 0.000085
Precision_test: 1.000000
Recall_test: 1.000000
F1_test: 1.000000
 


--- Test Profunda 4.0 ---
Iteración 10000
Costo: 0.247985
Iteración 20000
Costo: 0.009274
Iteración 30000
Costo: 0.002000
Iteración 40000
Costo: 0.001321
Iteración 50000
Costo: 0.001070
Iteración 60000
Costo: 0.000941
Iteración 70000
Costo: 0.000865
Iteración 80000
Costo: 0.000815
Iteración 90000
Costo: 0.000780

Arquitectura: _2_3_3_3_3_1_
Semilla: 1788099571
Segundos: 187
NIteraciones: 100000

Costo_train: 0.000755
Precision_train: 1.000000
Recall_train: 0.998775
F1_train: 0.999387

Costo_test: 0.000161
Precision_test: 1.000000
Recall_test: 1.000000
F1_test: 1.000000
 

Arquitectura: _2_3_3_3_3_1_
Semilla: 1788099571
Segundos: 187
NIteraciones: 100000

Costo_train: 0.000901
Precision_train: 1.000000
Recall_train: 0.998775
F1_train: 0.999387

Costo_test: 0.000306
Precision_test: 1.000000
Recall_test: 1.000000
F1_test: 1.000000
 

Arquitectura: _2_3_3_3_3_1_
Semilla: 1788099571
Segundos: 187
NIteraciones: 100000

Costo_train: 0.000804
Precision_train: 1.000000
Recall_train: 0.998775
F1_train: 0.999387

Costo_test: 0.000206
Precision_test: 1.000000
Recall_test: 1.000000
F1_test: 1.000000
 

Arquitectura: _2_3_3_3_3_1_
Semilla: 1788099571
Segundos: 187
NIteraciones: 100000

Costo_train: 0.001036
Precision_train: 1.000000
Recall_train: 0.998775
F1_train: 0.999387

Costo_test: 0.000446
Precision_test: 1.000000
Recall_test: 1.000000
F1_test: 1.000000
 

Arquitectura: _2_3_3_3_3_1_
Semilla: 1788099571
Segundos: 187
NIteraciones: 100000

Costo_train: 0.000782
Precision_train: 1.000000
Recall_train: 0.998775
F1_train: 0.999387

Costo_test: 0.000173
Precision_test: 1.000000
Recall_test: 1.000000
F1_test: 1.000000
 

Arquitectura: _2_3_3_3_3_1_
Semilla: 1788099571
Segundos: 187
NIteraciones: 100000

Costo_train: 0.000774
Precision_train: 1.000000
Recall_train: 0.998775
F1_train: 0.999387

Costo_test: 0.000180
Precision_test: 1.000000
Recall_test: 1.000000
F1_test: 1.000000
 

Arquitectura: _2_3_3_3_3_1_
Semilla: 1788099571
Segundos: 187
NIteraciones: 100000

Costo_train: 0.000789
Precision_train: 1.000000
Recall_train: 0.998775
F1_train: 0.999387

Costo_test: 0.000195
Precision_test: 1.000000
Recall_test: 1.000000
F1_test: 1.000000
 

Arquitectura: _2_3_3_3_3_1_
Semilla: 1788099571
Segundos: 187
NIteraciones: 100000

Costo_train: 0.000790
Precision_train: 1.000000
Recall_train: 0.998775
F1_train: 0.999387

Costo_test: 0.000182
Precision_test: 1.000000
Recall_test: 1.000000
F1_test: 1.000000
 

Arquitectura: _2_3_3_3_3_1_
Semilla: 1788099571
Segundos: 187
NIteraciones: 100000

Costo_train: 0.000790
Precision_train: 1.000000
Recall_train: 0.998775
F1_train: 0.999387

Costo_test: 0.000186
Precision_test: 1.000000
Recall_test: 1.000000
F1_test: 1.000000
 

Arquitectura: _2_3_3_3_3_1_
Semilla: 1788099571
Segundos: 187
NIteraciones: 100000

Costo_train: 0.000857
Precision_train: 1.000000
Recall_train: 0.998775
F1_train: 0.999387

Costo_test: 0.000224
Precision_test: 1.000000
Recall_test: 1.000000
F1_test: 1.000000
 

Arquitectura: _2_3_3_3_3_1_
Semilla: 1788099571
Segundos: 187
NIteraciones: 100000

Costo_train: 0.000783
Precision_train: 1.000000
Recall_train: 0.998775
F1_train: 0.999387

Costo_test: 0.000173
Precision_test: 1.000000
Recall_test: 1.000000
F1_test: 1.000000
 

Arquitectura: _2_3_3_3_3_1_
Semilla: 1788099571
Segundos: 187
NIteraciones: 100000

Costo_train: 0.000807
Precision_train: 1.000000
Recall_train: 0.998775
F1_train: 0.999387

Costo_test: 0.000186
Precision_test: 1.000000
Recall_test: 1.000000
F1_test: 1.000000
 

Arquitectura: _2_3_3_3_3_1_
Semilla: 1788099571
Segundos: 187
NIteraciones: 100000

Costo_train: 0.000752
Precision_train: 1.000000
Recall_train: 0.998775
F1_train: 0.999387

Costo_test: 0.000162
Precision_test: 1.000000
Recall_test: 1.000000
F1_test: 1.000000
 

Arquitectura: _2_3_3_3_3_1_
Semilla: 1788099571
Segundos: 187
NIteraciones: 100000

Costo_train: 0.000749
Precision_train: 1.000000
Recall_train: 0.998775
F1_train: 0.999387

Costo_test: 0.000151
Precision_test: 1.000000
Recall_test: 1.000000
F1_test: 1.000000
 

Arquitectura: _2_3_3_3_3_1_
Semilla: 1788099571
Segundos: 187
NIteraciones: 100000

Costo_train: 0.000761
Precision_train: 1.000000
Recall_train: 0.998775
F1_train: 0.999387

Costo_test: 0.000155
Precision_test: 1.000000
Recall_test: 1.000000
F1_test: 1.000000
 

Arquitectura: _2_3_3_3_3_1_
Semilla: 1788099571
Segundos: 187
NIteraciones: 100000

Costo_train: 0.000800
Precision_train: 1.000000
Recall_train: 0.998775
F1_train: 0.999387

Costo_test: 0.000192
Precision_test: 1.000000
Recall_test: 1.000000
F1_test: 1.000000
 

Arquitectura: _2_3_3_3_3_1_
Semilla: 1788099571
Segundos: 187
NIteraciones: 100000

Costo_train: 0.000799
Precision_train: 1.000000
Recall_train: 0.998775
F1_train: 0.999387

Costo_test: 0.000203
Precision_test: 1.000000
Recall_test: 1.000000
F1_test: 1.000000
 

Arquitectura: _2_3_3_3_3_1_
Semilla: 1788099571
Segundos: 187
NIteraciones: 100000

Costo_train: 0.000836
Precision_train: 1.000000
Recall_train: 0.998775
F1_train: 0.999387

Costo_test: 0.000235
Precision_test: 1.000000
Recall_test: 1.000000
F1_test: 1.000000
 

Arquitectura: _2_3_3_3_3_1_
Semilla: 1788099571
Segundos: 187
NIteraciones: 100000

Costo_train: 0.000781
Precision_train: 1.000000
Recall_train: 0.998775
F1_train: 0.999387

Costo_test: 0.000165
Precision_test: 1.000000
Recall_test: 1.000000
F1_test: 1.000000
 

Arquitectura: _2_3_3_3_3_1_
Semilla: 1788099571
Segundos: 187
NIteraciones: 100000

Costo_train: 0.000772
Precision_train: 1.000000
Recall_train: 0.998775
F1_train: 0.999387

Costo_test: 0.000165
Precision_test: 1.000000
Recall_test: 1.000000
F1_test: 1.000000
 

Arquitectura: _2_3_3_3_3_1_
Semilla: 1788099571
Segundos: 187
NIteraciones: 100000

Costo_train: 0.000779
Precision_train: 1.000000
Recall_train: 0.998775
F1_train: 0.999387

Costo_test: 0.000172
Precision_test: 1.000000
Recall_test: 1.000000
F1_test: 1.000000
 

Arquitectura: _2_3_3_3_3_1_
Semilla: 1788099571
Segundos: 187
NIteraciones: 100000

Costo_train: 0.000744
Precision_train: 1.000000
Recall_train: 0.998775
F1_train: 0.999387

Costo_test: 0.000148
Precision_test: 1.000000
Recall_test: 1.000000
F1_test: 1.000000
 

Arquitectura: _2_3_3_3_3_1_
Semilla: 1788099571
Segundos: 187
NIteraciones: 100000

Costo_train: 0.000776
Precision_train: 1.000000
Recall_train: 0.998775
F1_train: 0.999387

Costo_test: 0.000180
Precision_test: 1.000000
Recall_test: 1.000000
F1_test: 1.000000
 

Arquitectura: _2_3_3_3_3_1_
Semilla: 1788099571
Segundos: 187
NIteraciones: 100000

Costo_train: 0.000807
Precision_train: 1.000000
Recall_train: 0.998775
F1_train: 0.999387

Costo_test: 0.000192
Precision_test: 1.000000
Recall_test: 1.000000
F1_test: 1.000000
 

Arquitectura: _2_3_3_3_3_1_
Semilla: 1788099571
Segundos: 187
NIteraciones: 100000

Costo_train: 0.000843
Precision_train: 1.000000
Recall_train: 0.998775
F1_train: 0.999387

Costo_test: 0.000234
Precision_test: 1.000000
Recall_test: 1.000000
F1_test: 1.000000
 

Arquitectura: _2_3_3_3_3_1_
Semilla: 1788099571
Segundos: 187
NIteraciones: 100000

Costo_train: 0.000945
Precision_train: 1.000000
Recall_train: 0.998775
F1_train: 0.999387

Costo_test: 0.000340
Precision_test: 1.000000
Recall_test: 1.000000
F1_test: 1.000000
 

Arquitectura: _2_3_3_3_3_1_
Semilla: 1788099571
Segundos: 187
NIteraciones: 100000

Costo_train: 0.000805
Precision_train: 1.000000
Recall_train: 0.998775
F1_train: 0.999387

Costo_test: 0.000211
Precision_test: 1.000000
Recall_test: 1.000000
F1_test: 1.000000
 

Arquitectura: _2_3_3_3_3_1_
Semilla: 1788099571
Segundos: 187
NIteraciones: 100000

Costo_train: 0.001795
Precision_train: 1.000000
Recall_train: 0.998775
F1_train: 0.999387

Costo_test: 0.001127
Precision_test: 1.000000
Recall_test: 1.000000
F1_test: 1.000000
 

Arquitectura: _2_3_3_3_3_1_
Semilla: 1788099571
Segundos: 187
NIteraciones: 100000

Costo_train: 0.000815
Precision_train: 1.000000
Recall_train: 0.998775
F1_train: 0.999387

Costo_test: 0.000216
Precision_test: 1.000000
Recall_test: 1.000000
F1_test: 1.000000
 

Arquitectura: _2_3_3_3_3_1_
Semilla: 1788099571
Segundos: 187
NIteraciones: 100000

Costo_train: 0.000799
Precision_train: 1.000000
Recall_train: 0.998775
F1_train: 0.999387

Costo_test: 0.000186
Precision_test: 1.000000
Recall_test: 1.000000
F1_test: 1.000000
 

Arquitectura: _2_3_3_3_3_1_
Semilla: 1788099571
Segundos: 187
NIteraciones: 100000

Costo_train: 0.001049
Precision_train: 1.000000
Recall_train: 0.998775
F1_train: 0.999387

Costo_test: 0.000441
Precision_test: 1.000000
Recall_test: 1.000000
F1_test: 1.000000
 

Arquitectura: _2_3_3_3_3_1_
Semilla: 1788099571
Segundos: 187
NIteraciones: 100000

Costo_train: 0.000763
Precision_train: 1.000000
Recall_train: 0.998775
F1_train: 0.999387

Costo_test: 0.000165
Precision_test: 1.000000
Recall_test: 1.000000
F1_test: 1.000000
 

Arquitectura: _2_3_3_3_3_1_
Semilla: 1788099571
Segundos: 187
NIteraciones: 100000

Costo_train: 0.000773
Precision_train: 1.000000
Recall_train: 0.998775
F1_train: 0.999387

Costo_test: 0.000178
Precision_test: 1.000000
Recall_test: 1.000000
F1_test: 1.000000
 

Arquitectura: _2_3_3_3_3_1_
Semilla: 1788099571
Segundos: 187
NIteraciones: 100000

Costo_train: 0.000772
Precision_train: 1.000000
Recall_train: 0.998775
F1_train: 0.999387

Costo_test: 0.000164
Precision_test: 1.000000
Recall_test: 1.000000
F1_test: 1.000000
 

Arquitectura: _2_3_3_3_3_1_
Semilla: 1788099571
Segundos: 187
NIteraciones: 100000

Costo_train: 0.000867
Precision_train: 1.000000
Recall_train: 0.998775
F1_train: 0.999387

Costo_test: 0.000267
Precision_test: 1.000000
Recall_test: 1.000000
F1_test: 1.000000
 

Arquitectura: _2_3_3_3_3_1_
Semilla: 1788099571
Segundos: 187
NIteraciones: 100000

Costo_train: 0.000748
Precision_train: 1.000000
Recall_train: 0.998775
F1_train: 0.999387

Costo_test: 0.000153
Precision_test: 1.000000
Recall_test: 1.000000
F1_test: 1.000000
 

Arquitectura: _2_3_3_3_3_1_
Semilla: 1788099571
Segundos: 187
NIteraciones: 100000

Costo_train: 0.000759
Precision_train: 1.000000
Recall_train: 0.998775
F1_train: 0.999387

Costo_test: 0.000154
Precision_test: 1.000000
Recall_test: 1.000000
F1_test: 1.000000
 

Arquitectura: _2_3_3_3_3_1_
Semilla: 1788099571
Segundos: 187
NIteraciones: 100000

Costo_train: 0.000763
Precision_train: 1.000000
Recall_train: 0.998775
F1_train: 0.999387

Costo_test: 0.000158
Precision_test: 1.000000
Recall_test: 1.000000
F1_test: 1.000000
 

Arquitectura: _2_3_3_3_3_1_
Semilla: 1788099571
Segundos: 187
NIteraciones: 100000

Costo_train: 0.000790
Precision_train: 1.000000
Recall_train: 0.998775
F1_train: 0.999387

Costo_test: 0.000182
Precision_test: 1.000000
Recall_test: 1.000000
F1_test: 1.000000
 

Arquitectura: _2_3_3_3_3_1_
Semilla: 1788099571
Segundos: 187
NIteraciones: 100000

Costo_train: 0.000783
Precision_train: 1.000000
Recall_train: 0.998775
F1_train: 0.999387

Costo_test: 0.000182
Precision_test: 1.000000
Recall_test: 1.000000
F1_test: 1.000000
 

Arquitectura: _2_3_3_3_3_1_
Semilla: 1788099571
Segundos: 187
NIteraciones: 100000

Costo_train: 0.000797
Precision_train: 1.000000
Recall_train: 0.998775
F1_train: 0.999387

Costo_test: 0.000195
Precision_test: 1.000000
Recall_test: 1.000000
F1_test: 1.000000
 

Arquitectura: _2_3_3_3_3_1_
Semilla: 1788099571
Segundos: 187
NIteraciones: 100000

Costo_train: 0.000769
Precision_train: 1.000000
Recall_train: 0.998775
F1_train: 0.999387

Costo_test: 0.000167
Precision_test: 1.000000
Recall_test: 1.000000
F1_test: 1.000000
 

Arquitectura: _2_3_3_3_3_1_
Semilla: 1788099571
Segundos: 187
NIteraciones: 100000

Costo_train: 0.000771
Precision_train: 1.000000
Recall_train: 0.998775
F1_train: 0.999387

Costo_test: 0.000168
Precision_test: 1.000000
Recall_test: 1.000000
F1_test: 1.000000
 

Arquitectura: _2_3_3_3_3_1_
Semilla: 1788099571
Segundos: 187
NIteraciones: 100000

Costo_train: 0.000766
Precision_train: 1.000000
Recall_train: 0.998775
F1_train: 0.999387

Costo_test: 0.000156
Precision_test: 1.000000
Recall_test: 1.000000
F1_test: 1.000000
 

Arquitectura: _2_3_3_3_3_1_
Semilla: 1788099571
Segundos: 187
NIteraciones: 100000

Costo_train: 0.000808
Precision_train: 1.000000
Recall_train: 0.998775
F1_train: 0.999387

Costo_test: 0.000202
Precision_test: 1.000000
Recall_test: 1.000000
F1_test: 1.000000
 

Arquitectura: _2_3_3_3_3_1_
Semilla: 1788099571
Segundos: 187
NIteraciones: 100000

Costo_train: 0.000807
Precision_train: 1.000000
Recall_train: 0.998775
F1_train: 0.999387

Costo_test: 0.000196
Precision_test: 1.000000
Recall_test: 1.000000
F1_test: 1.000000
 

Arquitectura: _2_3_3_3_3_1_
Semilla: 1788099571
Segundos: 187
NIteraciones: 100000

Costo_train: 0.000786
Precision_train: 1.000000
Recall_train: 0.998775
F1_train: 0.999387

Costo_test: 0.000183
Precision_test: 1.000000
Recall_test: 1.000000
F1_test: 1.000000
 

Arquitectura: _2_3_3_3_3_1_
Semilla: 1788099571
Segundos: 187
NIteraciones: 100000

Costo_train: 0.000887
Precision_train: 1.000000
Recall_train: 0.998775
F1_train: 0.999387

Costo_test: 0.000299
Precision_test: 1.000000
Recall_test: 1.000000
F1_test: 1.000000
 

Arquitectura: _2_3_3_3_3_1_
Semilla: 1788099571
Segundos: 187
NIteraciones: 100000

Costo_train: 0.000785
Precision_train: 1.000000
Recall_train: 0.998775
F1_train: 0.999387

Costo_test: 0.000178
Precision_test: 1.000000
Recall_test: 1.000000
F1_test: 1.000000
 

Arquitectura: _2_3_3_3_3_1_
Semilla: 1788099571
Segundos: 187
NIteraciones: 100000

Costo_train: 0.000761
Precision_train: 1.000000
Recall_train: 0.998775
F1_train: 0.999387

Costo_test: 0.000158
Precision_test: 1.000000
Recall_test: 1.000000
F1_test: 1.000000
 

Arquitectura: _2_3_3_3_3_1_
Semilla: 1788099571
Segundos: 187
NIteraciones: 100000

Costo_train: 0.000758
Precision_train: 1.000000
Recall_train: 0.998775
F1_train: 0.999387

Costo_test: 0.000153
Precision_test: 1.000000
Recall_test: 1.000000
F1_test: 1.000000
 

Arquitectura: _2_3_3_3_3_1_
Semilla: 1788099571
Segundos: 187
NIteraciones: 100000

Costo_train: 0.000743
Precision_train: 1.000000
Recall_train: 0.998775
F1_train: 0.999387

Costo_test: 0.000150
Precision_test: 1.000000
Recall_test: 1.000000
F1_test: 1.000000
 

Arquitectura: _2_3_3_3_3_1_
Semilla: 1788099571
Segundos: 187
NIteraciones: 100000

Costo_train: 0.000950
Precision_train: 1.000000
Recall_train: 0.998775
F1_train: 0.999387

Costo_test: 0.000325
Precision_test: 1.000000
Recall_test: 1.000000
F1_test: 1.000000
 

Arquitectura: _2_3_3_3_3_1_
Semilla: 1788099571
Segundos: 187
NIteraciones: 100000

Costo_train: 0.000788
Precision_train: 1.000000
Recall_train: 0.998775
F1_train: 0.999387

Costo_test: 0.000187
Precision_test: 1.000000
Recall_test: 1.000000
F1_test: 1.000000
 

Arquitectura: _2_3_3_3_3_1_
Semilla: 1788099571
Segundos: 187
NIteraciones: 100000

Costo_train: 0.000872
Precision_train: 1.000000
Recall_train: 0.998775
F1_train: 0.999387

Costo_test: 0.000261
Precision_test: 1.000000
Recall_test: 1.000000
F1_test: 1.000000
 

Arquitectura: _2_3_3_3_3_1_
Semilla: 1788099571
Segundos: 187
NIteraciones: 100000

Costo_train: 0.000989
Precision_train: 1.000000
Recall_train: 0.998775
F1_train: 0.999387

Costo_test: 0.000379
Precision_test: 1.000000
Recall_test: 1.000000
F1_test: 1.000000
 

Arquitectura: _2_3_3_3_3_1_
Semilla: 1788099571
Segundos: 187
NIteraciones: 100000

Costo_train: 0.000842
Precision_train: 1.000000
Recall_train: 0.998775
F1_train: 0.999387

Costo_test: 0.000238
Precision_test: 1.000000
Recall_test: 1.000000
F1_test: 1.000000
 

Arquitectura: _2_3_3_3_3_1_
Semilla: 1788099571
Segundos: 187
NIteraciones: 100000

Costo_train: 0.000807
Precision_train: 1.000000
Recall_train: 0.998775
F1_train: 0.999387

Costo_test: 0.000206
Precision_test: 1.000000
Recall_test: 1.000000
F1_test: 1.000000
 

Arquitectura: _2_3_3_3_3_1_
Semilla: 1788099571
Segundos: 187
NIteraciones: 100000

Costo_train: 0.000851
Precision_train: 1.000000
Recall_train: 0.998775
F1_train: 0.999387

Costo_test: 0.000245
Precision_test: 1.000000
Recall_test: 1.000000
F1_test: 1.000000
 

Arquitectura: _2_3_3_3_3_1_
Semilla: 1788099571
Segundos: 187
NIteraciones: 100000

Costo_train: 0.000761
Precision_train: 1.000000
Recall_train: 0.998775
F1_train: 0.999387

Costo_test: 0.000157
Precision_test: 1.000000
Recall_test: 1.000000
F1_test: 1.000000
 

Arquitectura: _2_3_3_3_3_1_
Semilla: 1788099571
Segundos: 187
NIteraciones: 100000

Costo_train: 0.000764
Precision_train: 1.000000
Recall_train: 0.998775
F1_train: 0.999387

Costo_test: 0.000156
Precision_test: 1.000000
Recall_test: 1.000000
F1_test: 1.000000
 

Arquitectura: _2_3_3_3_3_1_
Semilla: 1788099571
Segundos: 187
NIteraciones: 100000

Costo_train: 0.000757
Precision_train: 1.000000
Recall_train: 0.998775
F1_train: 0.999387

Costo_test: 0.000152
Precision_test: 1.000000
Recall_test: 1.000000
F1_test: 1.000000
 

Arquitectura: _2_3_3_3_3_1_
Semilla: 1788099571
Segundos: 187
NIteraciones: 100000

Costo_train: 0.000751
Precision_train: 1.000000
Recall_train: 0.998775
F1_train: 0.999387

Costo_test: 0.000148
Precision_test: 1.000000
Recall_test: 1.000000
F1_test: 1.000000
 

Arquitectura: _2_3_3_3_3_1_
Semilla: 1788099571
Segundos: 187
NIteraciones: 100000

Costo_train: 0.000934
Precision_train: 1.000000
Recall_train: 0.998775
F1_train: 0.999387

Costo_test: 0.000326
Precision_test: 1.000000
Recall_test: 1.000000
F1_test: 1.000000
 

Arquitectura: _2_3_3_3_3_1_
Semilla: 1788099571
Segundos: 187
NIteraciones: 100000

Costo_train: 0.000836
Precision_train: 1.000000
Recall_train: 0.998775
F1_train: 0.999387

Costo_test: 0.000215
Precision_test: 1.000000
Recall_test: 1.000000
F1_test: 1.000000
 

Arquitectura: _2_3_3_3_3_1_
Semilla: 1788099571
Segundos: 187
NIteraciones: 100000

Costo_train: 0.000820
Precision_train: 1.000000
Recall_train: 0.998775
F1_train: 0.999387

Costo_test: 0.000212
Precision_test: 1.000000
Recall_test: 1.000000
F1_test: 1.000000
 

Arquitectura: _2_3_3_3_3_1_
Semilla: 1788099571
Segundos: 187
NIteraciones: 100000

Costo_train: 0.000909
Precision_train: 1.000000
Recall_train: 0.998775
F1_train: 0.999387

Costo_test: 0.000297
Precision_test: 1.000000
Recall_test: 1.000000
F1_test: 1.000000
 

Arquitectura: _2_3_3_3_3_1_
Semilla: 1788099571
Segundos: 187
NIteraciones: 100000

Costo_train: 0.000754
Precision_train: 1.000000
Recall_train: 0.998775
F1_train: 0.999387

Costo_test: 0.000149
Precision_test: 1.000000
Recall_test: 1.000000
F1_test: 1.000000
 

Arquitectura: _2_3_3_3_3_1_
Semilla: 1788099571
Segundos: 187
NIteraciones: 100000

Costo_train: 0.000791
Precision_train: 1.000000
Recall_train: 0.998775
F1_train: 0.999387

Costo_test: 0.000186
Precision_test: 1.000000
Recall_test: 1.000000
F1_test: 1.000000
 

Arquitectura: _2_3_3_3_3_1_
Semilla: 1788099571
Segundos: 187
NIteraciones: 100000

Costo_train: 0.000820
Precision_train: 1.000000
Recall_train: 0.998775
F1_train: 0.999387

Costo_test: 0.000214
Precision_test: 1.000000
Recall_test: 1.000000
F1_test: 1.000000
 

Arquitectura: _2_3_3_3_3_1_
Semilla: 1788099571
Segundos: 187
NIteraciones: 100000

Costo_train: 0.000811
Precision_train: 1.000000
Recall_train: 0.998775
F1_train: 0.999387

Costo_test: 0.000207
Precision_test: 1.000000
Recall_test: 1.000000
F1_test: 1.000000
 

Arquitectura: _2_3_3_3_3_1_
Semilla: 1788099571
Segundos: 187
NIteraciones: 100000

Costo_train: 0.000777
Precision_train: 1.000000
Recall_train: 0.998775
F1_train: 0.999387

Costo_test: 0.000178
Precision_test: 1.000000
Recall_test: 1.000000
F1_test: 1.000000
 

Arquitectura: _2_3_3_3_3_1_
Semilla: 1788099571
Segundos: 187
NIteraciones: 100000

Costo_train: 0.000806
Precision_train: 1.000000
Recall_train: 0.998775
F1_train: 0.999387

Costo_test: 0.000187
Precision_test: 1.000000
Recall_test: 1.000000
F1_test: 1.000000
 

Arquitectura: _2_3_3_3_3_1_
Semilla: 1788099571
Segundos: 187
NIteraciones: 100000

Costo_train: 0.000779
Precision_train: 1.000000
Recall_train: 0.998775
F1_train: 0.999387

Costo_test: 0.000175
Precision_test: 1.000000
Recall_test: 1.000000
F1_test: 1.000000
 

Arquitectura: _2_3_3_3_3_1_
Semilla: 1788099571
Segundos: 187
NIteraciones: 100000

Costo_train: 0.000780
Precision_train: 1.000000
Recall_train: 0.998775
F1_train: 0.999387

Costo_test: 0.000176
Precision_test: 1.000000
Recall_test: 1.000000
F1_test: 1.000000
 

Arquitectura: _2_3_3_3_3_1_
Semilla: 1788099571
Segundos: 187
NIteraciones: 100000

Costo_train: 0.000782
Precision_train: 1.000000
Recall_train: 0.998775
F1_train: 0.999387

Costo_test: 0.000184
Precision_test: 1.000000
Recall_test: 1.000000
F1_test: 1.000000
 

Arquitectura: _2_3_3_3_3_1_
Semilla: 1788099571
Segundos: 187
NIteraciones: 100000

Costo_train: 0.000781
Precision_train: 1.000000
Recall_train: 0.998775
F1_train: 0.999387

Costo_test: 0.000177
Precision_test: 1.000000
Recall_test: 1.000000
F1_test: 1.000000
 

Arquitectura: _2_3_3_3_3_1_
Semilla: 1788099571
Segundos: 187
NIteraciones: 100000

Costo_train: 0.000886
Precision_train: 1.000000
Recall_train: 0.998775
F1_train: 0.999387

Costo_test: 0.000247
Precision_test: 1.000000
Recall_test: 1.000000
F1_test: 1.000000
 

Arquitectura: _2_3_3_3_3_1_
Semilla: 1788099571
Segundos: 187
NIteraciones: 100000

Costo_train: 0.249882
Precision_train: 0.510000
Recall_train: 1.000000
F1_train: 0.675497

Costo_test: 0.250876
Precision_test: 0.460000
Recall_test: 1.000000
F1_test: 0.630137
 

Arquitectura: _2_3_3_3_3_1_
Semilla: 1788099571
Segundos: 187
NIteraciones: 100000

Costo_train: 0.000823
Precision_train: 1.000000
Recall_train: 0.998775
F1_train: 0.999387

Costo_test: 0.000197
Precision_test: 1.000000
Recall_test: 1.000000
F1_test: 1.000000
 

Arquitectura: _2_3_3_3_3_1_
Semilla: 1788099571
Segundos: 187
NIteraciones: 100000

Costo_train: 0.000893
Precision_train: 1.000000
Recall_train: 0.998775
F1_train: 0.999387

Costo_test: 0.000267
Precision_test: 1.000000
Recall_test: 1.000000
F1_test: 1.000000
 

Arquitectura: _2_3_3_3_3_1_
Semilla: 1788099571
Segundos: 187
NIteraciones: 100000

Costo_train: 0.000815
Precision_train: 1.000000
Recall_train: 0.998775
F1_train: 0.999387

Costo_test: 0.000203
Precision_test: 1.000000
Recall_test: 1.000000
F1_test: 1.000000
 

Arquitectura: _2_3_3_3_3_1_
Semilla: 1788099571
Segundos: 187
NIteraciones: 100000

Costo_train: 0.000784
Precision_train: 1.000000
Recall_train: 0.998775
F1_train: 0.999387

Costo_test: 0.000190
Precision_test: 1.000000
Recall_test: 1.000000
F1_test: 1.000000
 

Arquitectura: _2_3_3_3_3_1_
Semilla: 1788099571
Segundos: 187
NIteraciones: 100000

Costo_train: 0.000813
Precision_train: 1.000000
Recall_train: 0.998775
F1_train: 0.999387

Costo_test: 0.000199
Precision_test: 1.000000
Recall_test: 1.000000
F1_test: 1.000000
 

Arquitectura: _2_3_3_3_3_1_
Semilla: 1788099571
Segundos: 187
NIteraciones: 100000

Costo_train: 0.000758
Precision_train: 1.000000
Recall_train: 0.998775
F1_train: 0.999387

Costo_test: 0.000156
Precision_test: 1.000000
Recall_test: 1.000000
F1_test: 1.000000
 

Arquitectura: _2_3_3_3_3_1_
Semilla: 1788099571
Segundos: 187
NIteraciones: 100000

Costo_train: 0.000958
Precision_train: 1.000000
Recall_train: 0.998775
F1_train: 0.999387

Costo_test: 0.000339
Precision_test: 1.000000
Recall_test: 1.000000
F1_test: 1.000000
 

Arquitectura: _2_3_3_3_3_1_
Semilla: 1788099571
Segundos: 187
NIteraciones: 100000

Costo_train: 0.000817
Precision_train: 1.000000
Recall_train: 0.998775
F1_train: 0.999387

Costo_test: 0.000180
Precision_test: 1.000000
Recall_test: 1.000000
F1_test: 1.000000
 

Arquitectura: _2_3_3_3_3_1_
Semilla: 1788099571
Segundos: 187
NIteraciones: 100000

Costo_train: 0.000814
Precision_train: 1.000000
Recall_train: 0.998775
F1_train: 0.999387

Costo_test: 0.000202
Precision_test: 1.000000
Recall_test: 1.000000
F1_test: 1.000000
 

Arquitectura: _2_3_3_3_3_1_
Semilla: 1788099571
Segundos: 187
NIteraciones: 100000

Costo_train: 0.000903
Precision_train: 1.000000
Recall_train: 0.998775
F1_train: 0.999387

Costo_test: 0.000295
Precision_test: 1.000000
Recall_test: 1.000000
F1_test: 1.000000
 

Arquitectura: _2_3_3_3_3_1_
Semilla: 1788099571
Segundos: 187
NIteraciones: 100000

Costo_train: 0.000785
Precision_train: 1.000000
Recall_train: 0.998775
F1_train: 0.999387

Costo_test: 0.000184
Precision_test: 1.000000
Recall_test: 1.000000
F1_test: 1.000000
 

Arquitectura: _2_3_3_3_3_1_
Semilla: 1788099571
Segundos: 187
NIteraciones: 100000

Costo_train: 0.000783
Precision_train: 1.000000
Recall_train: 0.998775
F1_train: 0.999387

Costo_test: 0.000178
Precision_test: 1.000000
Recall_test: 1.000000
F1_test: 1.000000
 

Arquitectura: _2_3_3_3_3_1_
Semilla: 1788099571
Segundos: 187
NIteraciones: 100000

Costo_train: 0.000864
Precision_train: 1.000000
Recall_train: 0.998775
F1_train: 0.999387

Costo_test: 0.000220
Precision_test: 1.000000
Recall_test: 1.000000
F1_test: 1.000000
 

Arquitectura: _2_3_3_3_3_1_
Semilla: 1788099571
Segundos: 187
NIteraciones: 100000

Costo_train: 0.000756
Precision_train: 1.000000
Recall_train: 0.998775
F1_train: 0.999387

Costo_test: 0.000152
Precision_test: 1.000000
Recall_test: 1.000000
F1_test: 1.000000
 

Arquitectura: _2_3_3_3_3_1_
Semilla: 1788099571
Segundos: 187
NIteraciones: 100000

Costo_train: 0.000766
Precision_train: 1.000000
Recall_train: 0.998775
F1_train: 0.999387

Costo_test: 0.000162
Precision_test: 1.000000
Recall_test: 1.000000
F1_test: 1.000000
 

Arquitectura: _2_3_3_3_3_1_
Semilla: 1788099571
Segundos: 187
NIteraciones: 100000

Costo_train: 0.000763
Precision_train: 1.000000
Recall_train: 0.998775
F1_train: 0.999387

Costo_test: 0.000163
Precision_test: 1.000000
Recall_test: 1.000000
F1_test: 1.000000
 

Arquitectura: _2_3_3_3_3_1_
Semilla: 1788099571
Segundos: 187
NIteraciones: 100000

Costo_train: 0.000859
Precision_train: 1.000000
Recall_train: 0.998775
F1_train: 0.999387

Costo_test: 0.000256
Precision_test: 1.000000
Recall_test: 1.000000
F1_test: 1.000000
 

Arquitectura: _2_3_3_3_3_1_
Semilla: 1788099571
Segundos: 187
NIteraciones: 100000

Costo_train: 0.000787
Precision_train: 1.000000
Recall_train: 0.998775
F1_train: 0.999387

Costo_test: 0.000172
Precision_test: 1.000000
Recall_test: 1.000000
F1_test: 1.000000
 

Arquitectura: _2_3_3_3_3_1_
Semilla: 1788099571
Segundos: 187
NIteraciones: 100000

Costo_train: 0.000740
Precision_train: 1.000000
Recall_train: 0.998775
F1_train: 0.999387

Costo_test: 0.000142
Precision_test: 1.000000
Recall_test: 1.000000
F1_test: 1.000000
 

Arquitectura: _2_3_3_3_3_1_
Semilla: 1788099571
Segundos: 187
NIteraciones: 100000

Costo_train: 0.249897
Precision_train: 0.510000
Recall_train: 1.000000
F1_train: 0.675497

Costo_test: 0.250901
Precision_test: 0.460000
Recall_test: 1.000000
F1_test: 0.630137
 

Arquitectura: _2_3_3_3_3_1_
Semilla: 1788099571
Segundos: 187
NIteraciones: 100000

Costo_train: 0.000913
Precision_train: 1.000000
Recall_train: 0.998775
F1_train: 0.999387

Costo_test: 0.000313
Precision_test: 1.000000
Recall_test: 1.000000
F1_test: 1.000000
 


--- Test Angosta 5.0 ---
Iteración 10000
Costo: 0.001087
Iteración 20000
Costo: 0.000871
Iteración 30000
Costo: 0.000778
Iteración 40000
Costo: 0.000722
Iteración 50000
Costo: 0.000684
Iteración 60000
Costo: 0.000656
Iteración 70000
Costo: 0.000634
Iteración 80000
Costo: 0.000615
Iteración 90000
Costo: 0.000600

Arquitectura: _2_15_1_
Semilla: 1788099758
Segundos: 56
NIteraciones: 100000

Costo_train: 0.000586
Precision_train: 1.000000
Recall_train: 0.998775
F1_train: 0.999387

Costo_test: 0.000088
Precision_test: 1.000000
Recall_test: 1.000000
F1_test: 1.000000
 

Arquitectura: _2_15_1_
Semilla: 1788099758
Segundos: 56
NIteraciones: 100000

Costo_train: 0.000567
Precision_train: 1.000000
Recall_train: 0.998775
F1_train: 0.999387

Costo_test: 0.000088
Precision_test: 1.000000
Recall_test: 1.000000
F1_test: 1.000000
 

Arquitectura: _2_15_1_
Semilla: 1788099758
Segundos: 56
NIteraciones: 100000

Costo_train: 0.000571
Precision_train: 1.000000
Recall_train: 0.998775
F1_train: 0.999387

Costo_test: 0.000088
Precision_test: 1.000000
Recall_test: 1.000000
F1_test: 1.000000
 

Arquitectura: _2_15_1_
Semilla: 1788099758
Segundos: 56
NIteraciones: 100000

Costo_train: 0.000586
Precision_train: 1.000000
Recall_train: 0.998775
F1_train: 0.999387

Costo_test: 0.000089
Precision_test: 1.000000
Recall_test: 1.000000
F1_test: 1.000000
 

Arquitectura: _2_15_1_
Semilla: 1788099758
Segundos: 56
NIteraciones: 100000

Costo_train: 0.000571
Precision_train: 1.000000
Recall_train: 0.998775
F1_train: 0.999387

Costo_test: 0.000086
Precision_test: 1.000000
Recall_test: 1.000000
F1_test: 1.000000
 

Arquitectura: _2_15_1_
Semilla: 1788099758
Segundos: 56
NIteraciones: 100000

Costo_train: 0.000561
Precision_train: 1.000000
Recall_train: 0.998775
F1_train: 0.999387

Costo_test: 0.000089
Precision_test: 1.000000
Recall_test: 1.000000
F1_test: 1.000000
 

Arquitectura: _2_15_1_
Semilla: 1788099758
Segundos: 56
NIteraciones: 100000

Costo_train: 0.000558
Precision_train: 1.000000
Recall_train: 0.998775
F1_train: 0.999387

Costo_test: 0.000087
Precision_test: 1.000000
Recall_test: 1.000000
F1_test: 1.000000
 

Arquitectura: _2_15_1_
Semilla: 1788099758
Segundos: 56
NIteraciones: 100000

Costo_train: 0.000563
Precision_train: 1.000000
Recall_train: 0.998775
F1_train: 0.999387

Costo_test: 0.000087
Precision_test: 1.000000
Recall_test: 1.000000
F1_test: 1.000000
 

Arquitectura: _2_15_1_
Semilla: 1788099758
Segundos: 56
NIteraciones: 100000

Costo_train: 0.000580
Precision_train: 1.000000
Recall_train: 0.998775
F1_train: 0.999387

Costo_test: 0.000085
Precision_test: 1.000000
Recall_test: 1.000000
F1_test: 1.000000
 

Arquitectura: _2_15_1_
Semilla: 1788099758
Segundos: 56
NIteraciones: 100000

Costo_train: 0.000569
Precision_train: 1.000000
Recall_train: 0.998775
F1_train: 0.999387

Costo_test: 0.000085
Precision_test: 1.000000
Recall_test: 1.000000
F1_test: 1.000000
 

Arquitectura: _2_15_1_
Semilla: 1788099758
Segundos: 56
NIteraciones: 100000

Costo_train: 0.000553
Precision_train: 1.000000
Recall_train: 0.998775
F1_train: 0.999387

Costo_test: 0.000088
Precision_test: 1.000000
Recall_test: 1.000000
F1_test: 1.000000
 

Arquitectura: _2_15_1_
Semilla: 1788099758
Segundos: 56
NIteraciones: 100000

Costo_train: 0.000569
Precision_train: 1.000000
Recall_train: 0.998775
F1_train: 0.999387

Costo_test: 0.000089
Precision_test: 1.000000
Recall_test: 1.000000
F1_test: 1.000000
 

Arquitectura: _2_15_1_
Semilla: 1788099758
Segundos: 56
NIteraciones: 100000

Costo_train: 0.000562
Precision_train: 1.000000
Recall_train: 0.998775
F1_train: 0.999387

Costo_test: 0.000086
Precision_test: 1.000000
Recall_test: 1.000000
F1_test: 1.000000
 

Arquitectura: _2_15_1_
Semilla: 1788099758
Segundos: 56
NIteraciones: 100000

Costo_train: 0.000555
Precision_train: 1.000000
Recall_train: 0.998775
F1_train: 0.999387

Costo_test: 0.000089
Precision_test: 1.000000
Recall_test: 1.000000
F1_test: 1.000000
 

Arquitectura: _2_15_1_
Semilla: 1788099758
Segundos: 56
NIteraciones: 100000

Costo_train: 0.000561
Precision_train: 1.000000
Recall_train: 0.998775
F1_train: 0.999387

Costo_test: 0.000088
Precision_test: 1.000000
Recall_test: 1.000000
F1_test: 1.000000
 

Arquitectura: _2_15_1_
Semilla: 1788099758
Segundos: 56
NIteraciones: 100000

Costo_train: 0.000564
Precision_train: 1.000000
Recall_train: 0.998775
F1_train: 0.999387

Costo_test: 0.000087
Precision_test: 1.000000
Recall_test: 1.000000
F1_test: 1.000000
 

Arquitectura: _2_15_1_
Semilla: 1788099758
Segundos: 56
NIteraciones: 100000

Costo_train: 0.000551
Precision_train: 1.000000
Recall_train: 0.998775
F1_train: 0.999387

Costo_test: 0.000091
Precision_test: 1.000000
Recall_test: 1.000000
F1_test: 1.000000
 

Arquitectura: _2_15_1_
Semilla: 1788099758
Segundos: 56
NIteraciones: 100000

Costo_train: 0.000559
Precision_train: 1.000000
Recall_train: 0.998775
F1_train: 0.999387

Costo_test: 0.000088
Precision_test: 1.000000
Recall_test: 1.000000
F1_test: 1.000000
 

Arquitectura: _2_15_1_
Semilla: 1788099758
Segundos: 56
NIteraciones: 100000

Costo_train: 0.000584
Precision_train: 1.000000
Recall_train: 0.998775
F1_train: 0.999387

Costo_test: 0.000089
Precision_test: 1.000000
Recall_test: 1.000000
F1_test: 1.000000
 

Arquitectura: _2_15_1_
Semilla: 1788099758
Segundos: 56
NIteraciones: 100000

Costo_train: 0.000548
Precision_train: 1.000000
Recall_train: 0.998775
F1_train: 0.999387

Costo_test: 0.000089
Precision_test: 1.000000
Recall_test: 1.000000
F1_test: 1.000000
 

Arquitectura: _2_15_1_
Semilla: 1788099758
Segundos: 56
NIteraciones: 100000

Costo_train: 0.000584
Precision_train: 1.000000
Recall_train: 0.998775
F1_train: 0.999387

Costo_test: 0.000088
Precision_test: 1.000000
Recall_test: 1.000000
F1_test: 1.000000
 

Arquitectura: _2_15_1_
Semilla: 1788099758
Segundos: 56
NIteraciones: 100000

Costo_train: 0.000586
Precision_train: 1.000000
Recall_train: 0.998775
F1_train: 0.999387

Costo_test: 0.000086
Precision_test: 1.000000
Recall_test: 1.000000
F1_test: 1.000000
 

Arquitectura: _2_15_1_
Semilla: 1788099758
Segundos: 56
NIteraciones: 100000

Costo_train: 0.000568
Precision_train: 1.000000
Recall_train: 0.998775
F1_train: 0.999387

Costo_test: 0.000088
Precision_test: 1.000000
Recall_test: 1.000000
F1_test: 1.000000
 

Arquitectura: _2_15_1_
Semilla: 1788099758
Segundos: 56
NIteraciones: 100000

Costo_train: 0.000566
Precision_train: 1.000000
Recall_train: 0.998775
F1_train: 0.999387

Costo_test: 0.000089
Precision_test: 1.000000
Recall_test: 1.000000
F1_test: 1.000000
 

Arquitectura: _2_15_1_
Semilla: 1788099758
Segundos: 56
NIteraciones: 100000

Costo_train: 0.000578
Precision_train: 1.000000
Recall_train: 0.998775
F1_train: 0.999387

Costo_test: 0.000087
Precision_test: 1.000000
Recall_test: 1.000000
F1_test: 1.000000
 

Arquitectura: _2_15_1_
Semilla: 1788099758
Segundos: 56
NIteraciones: 100000

Costo_train: 0.000548
Precision_train: 1.000000
Recall_train: 0.998775
F1_train: 0.999387

Costo_test: 0.000089
Precision_test: 1.000000
Recall_test: 1.000000
F1_test: 1.000000
 

Arquitectura: _2_15_1_
Semilla: 1788099758
Segundos: 56
NIteraciones: 100000

Costo_train: 0.000566
Precision_train: 1.000000
Recall_train: 0.998775
F1_train: 0.999387

Costo_test: 0.000088
Precision_test: 1.000000
Recall_test: 1.000000
F1_test: 1.000000
 

Arquitectura: _2_15_1_
Semilla: 1788099758
Segundos: 56
NIteraciones: 100000

Costo_train: 0.000573
Precision_train: 1.000000
Recall_train: 0.998775
F1_train: 0.999387

Costo_test: 0.000089
Precision_test: 1.000000
Recall_test: 1.000000
F1_test: 1.000000
 

Arquitectura: _2_15_1_
Semilla: 1788099758
Segundos: 56
NIteraciones: 100000

Costo_train: 0.000562
Precision_train: 1.000000
Recall_train: 0.998775
F1_train: 0.999387

Costo_test: 0.000088
Precision_test: 1.000000
Recall_test: 1.000000
F1_test: 1.000000
 

Arquitectura: _2_15_1_
Semilla: 1788099758
Segundos: 56
NIteraciones: 100000

Costo_train: 0.000548
Precision_train: 1.000000
Recall_train: 0.998775
F1_train: 0.999387

Costo_test: 0.000089
Precision_test: 1.000000
Recall_test: 1.000000
F1_test: 1.000000
 

Arquitectura: _2_15_1_
Semilla: 1788099758
Segundos: 56
NIteraciones: 100000

Costo_train: 0.000573
Precision_train: 1.000000
Recall_train: 0.998775
F1_train: 0.999387

Costo_test: 0.000086
Precision_test: 1.000000
Recall_test: 1.000000
F1_test: 1.000000
 

Arquitectura: _2_15_1_
Semilla: 1788099758
Segundos: 56
NIteraciones: 100000

Costo_train: 0.000566
Precision_train: 1.000000
Recall_train: 0.998775
F1_train: 0.999387

Costo_test: 0.000087
Precision_test: 1.000000
Recall_test: 1.000000
F1_test: 1.000000
 

Arquitectura: _2_15_1_
Semilla: 1788099758
Segundos: 56
NIteraciones: 100000

Costo_train: 0.000577
Precision_train: 1.000000
Recall_train: 0.998775
F1_train: 0.999387

Costo_test: 0.000089
Precision_test: 1.000000
Recall_test: 1.000000
F1_test: 1.000000
 

Arquitectura: _2_15_1_
Semilla: 1788099758
Segundos: 56
NIteraciones: 100000

Costo_train: 0.000566
Precision_train: 1.000000
Recall_train: 0.998775
F1_train: 0.999387

Costo_test: 0.000088
Precision_test: 1.000000
Recall_test: 1.000000
F1_test: 1.000000
 

Arquitectura: _2_15_1_
Semilla: 1788099758
Segundos: 56
NIteraciones: 100000

Costo_train: 0.000571
Precision_train: 1.000000
Recall_train: 0.998775
F1_train: 0.999387

Costo_test: 0.000091
Precision_test: 1.000000
Recall_test: 1.000000
F1_test: 1.000000
 

Arquitectura: _2_15_1_
Semilla: 1788099758
Segundos: 56
NIteraciones: 100000

Costo_train: 0.000561
Precision_train: 1.000000
Recall_train: 0.998775
F1_train: 0.999387

Costo_test: 0.000091
Precision_test: 1.000000
Recall_test: 1.000000
F1_test: 1.000000
 

Arquitectura: _2_15_1_
Semilla: 1788099758
Segundos: 56
NIteraciones: 100000

Costo_train: 0.000593
Precision_train: 1.000000
Recall_train: 0.998775
F1_train: 0.999387

Costo_test: 0.000082
Precision_test: 1.000000
Recall_test: 1.000000
F1_test: 1.000000
 

Arquitectura: _2_15_1_
Semilla: 1788099758
Segundos: 56
NIteraciones: 100000

Costo_train: 0.000574
Precision_train: 1.000000
Recall_train: 0.998775
F1_train: 0.999387

Costo_test: 0.000087
Precision_test: 1.000000
Recall_test: 1.000000
F1_test: 1.000000
 

Arquitectura: _2_15_1_
Semilla: 1788099758
Segundos: 56
NIteraciones: 100000

Costo_train: 0.000563
Precision_train: 1.000000
Recall_train: 0.998775
F1_train: 0.999387

Costo_test: 0.000088
Precision_test: 1.000000
Recall_test: 1.000000
F1_test: 1.000000
 

Arquitectura: _2_15_1_
Semilla: 1788099758
Segundos: 56
NIteraciones: 100000

Costo_train: 0.000572
Precision_train: 1.000000
Recall_train: 0.998775
F1_train: 0.999387

Costo_test: 0.000087
Precision_test: 1.000000
Recall_test: 1.000000
F1_test: 1.000000
 

Arquitectura: _2_15_1_
Semilla: 1788099758
Segundos: 56
NIteraciones: 100000

Costo_train: 0.000567
Precision_train: 1.000000
Recall_train: 0.998775
F1_train: 0.999387

Costo_test: 0.000088
Precision_test: 1.000000
Recall_test: 1.000000
F1_test: 1.000000
 

Arquitectura: _2_15_1_
Semilla: 1788099758
Segundos: 56
NIteraciones: 100000

Costo_train: 0.000588
Precision_train: 1.000000
Recall_train: 0.998775
F1_train: 0.999387

Costo_test: 0.000086
Precision_test: 1.000000
Recall_test: 1.000000
F1_test: 1.000000
 

Arquitectura: _2_15_1_
Semilla: 1788099758
Segundos: 56
NIteraciones: 100000

Costo_train: 0.000565
Precision_train: 1.000000
Recall_train: 0.998775
F1_train: 0.999387

Costo_test: 0.000086
Precision_test: 1.000000
Recall_test: 1.000000
F1_test: 1.000000
 

Arquitectura: _2_15_1_
Semilla: 1788099758
Segundos: 56
NIteraciones: 100000

Costo_train: 0.000575
Precision_train: 1.000000
Recall_train: 0.998775
F1_train: 0.999387

Costo_test: 0.000087
Precision_test: 1.000000
Recall_test: 1.000000
F1_test: 1.000000
 

Arquitectura: _2_15_1_
Semilla: 1788099758
Segundos: 56
NIteraciones: 100000

Costo_train: 0.000574
Precision_train: 1.000000
Recall_train: 0.998775
F1_train: 0.999387

Costo_test: 0.000088
Precision_test: 1.000000
Recall_test: 1.000000
F1_test: 1.000000
 

Arquitectura: _2_15_1_
Semilla: 1788099758
Segundos: 56
NIteraciones: 100000

Costo_train: 0.000565
Precision_train: 1.000000
Recall_train: 0.998775
F1_train: 0.999387

Costo_test: 0.000090
Precision_test: 1.000000
Recall_test: 1.000000
F1_test: 1.000000
 

Arquitectura: _2_15_1_
Semilla: 1788099758
Segundos: 56
NIteraciones: 100000

Costo_train: 0.000566
Precision_train: 1.000000
Recall_train: 0.998775
F1_train: 0.999387

Costo_test: 0.000087
Precision_test: 1.000000
Recall_test: 1.000000
F1_test: 1.000000
 

Arquitectura: _2_15_1_
Semilla: 1788099758
Segundos: 56
NIteraciones: 100000

Costo_train: 0.000565
Precision_train: 1.000000
Recall_train: 0.998775
F1_train: 0.999387

Costo_test: 0.000088
Precision_test: 1.000000
Recall_test: 1.000000
F1_test: 1.000000
 

Arquitectura: _2_15_1_
Semilla: 1788099758
Segundos: 56
NIteraciones: 100000

Costo_train: 0.000570
Precision_train: 1.000000
Recall_train: 0.998775
F1_train: 0.999387

Costo_test: 0.000088
Precision_test: 1.000000
Recall_test: 1.000000
F1_test: 1.000000
 

Arquitectura: _2_15_1_
Semilla: 1788099758
Segundos: 56
NIteraciones: 100000

Costo_train: 0.000573
Precision_train: 1.000000
Recall_train: 0.998775
F1_train: 0.999387

Costo_test: 0.000087
Precision_test: 1.000000
Recall_test: 1.000000
F1_test: 1.000000
 

Arquitectura: _2_15_1_
Semilla: 1788099758
Segundos: 56
NIteraciones: 100000

Costo_train: 0.000554
Precision_train: 1.000000
Recall_train: 0.998775
F1_train: 0.999387

Costo_test: 0.000088
Precision_test: 1.000000
Recall_test: 1.000000
F1_test: 1.000000
 

Arquitectura: _2_15_1_
Semilla: 1788099758
Segundos: 56
NIteraciones: 100000

Costo_train: 0.000559
Precision_train: 1.000000
Recall_train: 0.998775
F1_train: 0.999387

Costo_test: 0.000086
Precision_test: 1.000000
Recall_test: 1.000000
F1_test: 1.000000
 

Arquitectura: _2_15_1_
Semilla: 1788099758
Segundos: 56
NIteraciones: 100000

Costo_train: 0.000573
Precision_train: 1.000000
Recall_train: 0.998775
F1_train: 0.999387

Costo_test: 0.000084
Precision_test: 1.000000
Recall_test: 1.000000
F1_test: 1.000000
 

Arquitectura: _2_15_1_
Semilla: 1788099758
Segundos: 56
NIteraciones: 100000

Costo_train: 0.000577
Precision_train: 1.000000
Recall_train: 0.998775
F1_train: 0.999387

Costo_test: 0.000089
Precision_test: 1.000000
Recall_test: 1.000000
F1_test: 1.000000
 

Arquitectura: _2_15_1_
Semilla: 1788099758
Segundos: 56
NIteraciones: 100000

Costo_train: 0.000576
Precision_train: 1.000000
Recall_train: 0.998775
F1_train: 0.999387

Costo_test: 0.000085
Precision_test: 1.000000
Recall_test: 1.000000
F1_test: 1.000000
 

Arquitectura: _2_15_1_
Semilla: 1788099758
Segundos: 56
NIteraciones: 100000

Costo_train: 0.000580
Precision_train: 1.000000
Recall_train: 0.998775
F1_train: 0.999387

Costo_test: 0.000087
Precision_test: 1.000000
Recall_test: 1.000000
F1_test: 1.000000
 

Arquitectura: _2_15_1_
Semilla: 1788099758
Segundos: 56
NIteraciones: 100000

Costo_train: 0.000557
Precision_train: 1.000000
Recall_train: 0.998775
F1_train: 0.999387

Costo_test: 0.000089
Precision_test: 1.000000
Recall_test: 1.000000
F1_test: 1.000000
 

Arquitectura: _2_15_1_
Semilla: 1788099758
Segundos: 56
NIteraciones: 100000

Costo_train: 0.000566
Precision_train: 1.000000
Recall_train: 0.998775
F1_train: 0.999387

Costo_test: 0.000087
Precision_test: 1.000000
Recall_test: 1.000000
F1_test: 1.000000
 

Arquitectura: _2_15_1_
Semilla: 1788099758
Segundos: 56
NIteraciones: 100000

Costo_train: 0.000582
Precision_train: 1.000000
Recall_train: 0.998775
F1_train: 0.999387

Costo_test: 0.000088
Precision_test: 1.000000
Recall_test: 1.000000
F1_test: 1.000000
 

Arquitectura: _2_15_1_
Semilla: 1788099758
Segundos: 56
NIteraciones: 100000

Costo_train: 0.000566
Precision_train: 1.000000
Recall_train: 0.998775
F1_train: 0.999387

Costo_test: 0.000088
Precision_test: 1.000000
Recall_test: 1.000000
F1_test: 1.000000
 

Arquitectura: _2_15_1_
Semilla: 1788099758
Segundos: 56
NIteraciones: 100000

Costo_train: 0.000553
Precision_train: 1.000000
Recall_train: 0.998775
F1_train: 0.999387

Costo_test: 0.000090
Precision_test: 1.000000
Recall_test: 1.000000
F1_test: 1.000000
 

Arquitectura: _2_15_1_
Semilla: 1788099758
Segundos: 56
NIteraciones: 100000

Costo_train: 0.000579
Precision_train: 1.000000
Recall_train: 0.998775
F1_train: 0.999387

Costo_test: 0.000087
Precision_test: 1.000000
Recall_test: 1.000000
F1_test: 1.000000
 

Arquitectura: _2_15_1_
Semilla: 1788099758
Segundos: 56
NIteraciones: 100000

Costo_train: 0.000557
Precision_train: 1.000000
Recall_train: 0.998775
F1_train: 0.999387

Costo_test: 0.000087
Precision_test: 1.000000
Recall_test: 1.000000
F1_test: 1.000000
 

Arquitectura: _2_15_1_
Semilla: 1788099758
Segundos: 56
NIteraciones: 100000

Costo_train: 0.000577
Precision_train: 1.000000
Recall_train: 0.998775
F1_train: 0.999387

Costo_test: 0.000089
Precision_test: 1.000000
Recall_test: 1.000000
F1_test: 1.000000
 

Arquitectura: _2_15_1_
Semilla: 1788099758
Segundos: 56
NIteraciones: 100000

Costo_train: 0.000574
Precision_train: 1.000000
Recall_train: 0.998775
F1_train: 0.999387

Costo_test: 0.000090
Precision_test: 1.000000
Recall_test: 1.000000
F1_test: 1.000000
 

Arquitectura: _2_15_1_
Semilla: 1788099758
Segundos: 56
NIteraciones: 100000

Costo_train: 0.000583
Precision_train: 1.000000
Recall_train: 0.998775
F1_train: 0.999387

Costo_test: 0.000087
Precision_test: 1.000000
Recall_test: 1.000000
F1_test: 1.000000
 

Arquitectura: _2_15_1_
Semilla: 1788099758
Segundos: 56
NIteraciones: 100000

Costo_train: 0.000555
Precision_train: 1.000000
Recall_train: 0.998775
F1_train: 0.999387

Costo_test: 0.000088
Precision_test: 1.000000
Recall_test: 1.000000
F1_test: 1.000000
 

Arquitectura: _2_15_1_
Semilla: 1788099758
Segundos: 56
NIteraciones: 100000

Costo_train: 0.000576
Precision_train: 1.000000
Recall_train: 0.998775
F1_train: 0.999387

Costo_test: 0.000086
Precision_test: 1.000000
Recall_test: 1.000000
F1_test: 1.000000
 

Arquitectura: _2_15_1_
Semilla: 1788099758
Segundos: 56
NIteraciones: 100000

Costo_train: 0.000568
Precision_train: 1.000000
Recall_train: 0.998775
F1_train: 0.999387

Costo_test: 0.000088
Precision_test: 1.000000
Recall_test: 1.000000
F1_test: 1.000000
 

Arquitectura: _2_15_1_
Semilla: 1788099758
Segundos: 56
NIteraciones: 100000

Costo_train: 0.000565
Precision_train: 1.000000
Recall_train: 0.998775
F1_train: 0.999387

Costo_test: 0.000086
Precision_test: 1.000000
Recall_test: 1.000000
F1_test: 1.000000
 

Arquitectura: _2_15_1_
Semilla: 1788099758
Segundos: 56
NIteraciones: 100000

Costo_train: 0.000568
Precision_train: 1.000000
Recall_train: 0.998775
F1_train: 0.999387

Costo_test: 0.000084
Precision_test: 1.000000
Recall_test: 1.000000
F1_test: 1.000000
 

Arquitectura: _2_15_1_
Semilla: 1788099758
Segundos: 56
NIteraciones: 100000

Costo_train: 0.000549
Precision_train: 1.000000
Recall_train: 0.998775
F1_train: 0.999387

Costo_test: 0.000090
Precision_test: 1.000000
Recall_test: 1.000000
F1_test: 1.000000
 

Arquitectura: _2_15_1_
Semilla: 1788099758
Segundos: 56
NIteraciones: 100000

Costo_train: 0.000573
Precision_train: 1.000000
Recall_train: 0.998775
F1_train: 0.999387

Costo_test: 0.000086
Precision_test: 1.000000
Recall_test: 1.000000
F1_test: 1.000000
 

Arquitectura: _2_15_1_
Semilla: 1788099758
Segundos: 56
NIteraciones: 100000

Costo_train: 0.000579
Precision_train: 1.000000
Recall_train: 0.998775
F1_train: 0.999387

Costo_test: 0.000086
Precision_test: 1.000000
Recall_test: 1.000000
F1_test: 1.000000
 

Arquitectura: _2_15_1_
Semilla: 1788099758
Segundos: 56
NIteraciones: 100000

Costo_train: 0.000567
Precision_train: 1.000000
Recall_train: 0.998775
F1_train: 0.999387

Costo_test: 0.000089
Precision_test: 1.000000
Recall_test: 1.000000
F1_test: 1.000000
 

Arquitectura: _2_15_1_
Semilla: 1788099758
Segundos: 56
NIteraciones: 100000

Costo_train: 0.000554
Precision_train: 1.000000
Recall_train: 0.998775
F1_train: 0.999387

Costo_test: 0.000090
Precision_test: 1.000000
Recall_test: 1.000000
F1_test: 1.000000
 

Arquitectura: _2_15_1_
Semilla: 1788099758
Segundos: 56
NIteraciones: 100000

Costo_train: 0.000555
Precision_train: 1.000000
Recall_train: 0.998775
F1_train: 0.999387

Costo_test: 0.000090
Precision_test: 1.000000
Recall_test: 1.000000
F1_test: 1.000000
 

Arquitectura: _2_15_1_
Semilla: 1788099758
Segundos: 56
NIteraciones: 100000

Costo_train: 0.000558
Precision_train: 1.000000
Recall_train: 0.998775
F1_train: 0.999387

Costo_test: 0.000088
Precision_test: 1.000000
Recall_test: 1.000000
F1_test: 1.000000
 

Arquitectura: _2_15_1_
Semilla: 1788099758
Segundos: 56
NIteraciones: 100000

Costo_train: 0.000569
Precision_train: 1.000000
Recall_train: 0.998775
F1_train: 0.999387

Costo_test: 0.000087
Precision_test: 1.000000
Recall_test: 1.000000
F1_test: 1.000000
 

Arquitectura: _2_15_1_
Semilla: 1788099758
Segundos: 56
NIteraciones: 100000

Costo_train: 0.000569
Precision_train: 1.000000
Recall_train: 0.998775
F1_train: 0.999387

Costo_test: 0.000089
Precision_test: 1.000000
Recall_test: 1.000000
F1_test: 1.000000
 

Arquitectura: _2_15_1_
Semilla: 1788099758
Segundos: 56
NIteraciones: 100000

Costo_train: 0.000559
Precision_train: 1.000000
Recall_train: 0.998775
F1_train: 0.999387

Costo_test: 0.000090
Precision_test: 1.000000
Recall_test: 1.000000
F1_test: 1.000000
 

Arquitectura: _2_15_1_
Semilla: 1788099758
Segundos: 56
NIteraciones: 100000

Costo_train: 0.000581
Precision_train: 1.000000
Recall_train: 0.998775
F1_train: 0.999387

Costo_test: 0.000086
Precision_test: 1.000000
Recall_test: 1.000000
F1_test: 1.000000
 

Arquitectura: _2_15_1_
Semilla: 1788099758
Segundos: 56
NIteraciones: 100000

Costo_train: 0.000580
Precision_train: 1.000000
Recall_train: 0.998775
F1_train: 0.999387

Costo_test: 0.000087
Precision_test: 1.000000
Recall_test: 1.000000
F1_test: 1.000000
 

Arquitectura: _2_15_1_
Semilla: 1788099758
Segundos: 56
NIteraciones: 100000

Costo_train: 0.000575
Precision_train: 1.000000
Recall_train: 0.998775
F1_train: 0.999387

Costo_test: 0.000086
Precision_test: 1.000000
Recall_test: 1.000000
F1_test: 1.000000
 

Arquitectura: _2_15_1_
Semilla: 1788099758
Segundos: 56
NIteraciones: 100000

Costo_train: 0.000558
Precision_train: 1.000000
Recall_train: 0.998775
F1_train: 0.999387

Costo_test: 0.000089
Precision_test: 1.000000
Recall_test: 1.000000
F1_test: 1.000000
 

Arquitectura: _2_15_1_
Semilla: 1788099758
Segundos: 56
NIteraciones: 100000

Costo_train: 0.000574
Precision_train: 1.000000
Recall_train: 0.998775
F1_train: 0.999387

Costo_test: 0.000089
Precision_test: 1.000000
Recall_test: 1.000000
F1_test: 1.000000
 

Arquitectura: _2_15_1_
Semilla: 1788099758
Segundos: 56
NIteraciones: 100000

Costo_train: 0.000565
Precision_train: 1.000000
Recall_train: 0.998775
F1_train: 0.999387

Costo_test: 0.000086
Precision_test: 1.000000
Recall_test: 1.000000
F1_test: 1.000000
 

Arquitectura: _2_15_1_
Semilla: 1788099758
Segundos: 56
NIteraciones: 100000

Costo_train: 0.000561
Precision_train: 1.000000
Recall_train: 0.998775
F1_train: 0.999387

Costo_test: 0.000089
Precision_test: 1.000000
Recall_test: 1.000000
F1_test: 1.000000
 

Arquitectura: _2_15_1_
Semilla: 1788099758
Segundos: 56
NIteraciones: 100000

Costo_train: 0.000568
Precision_train: 1.000000
Recall_train: 0.998775
F1_train: 0.999387

Costo_test: 0.000087
Precision_test: 1.000000
Recall_test: 1.000000
F1_test: 1.000000
 

Arquitectura: _2_15_1_
Semilla: 1788099758
Segundos: 56
NIteraciones: 100000

Costo_train: 0.000564
Precision_train: 1.000000
Recall_train: 0.998775
F1_train: 0.999387

Costo_test: 0.000087
Precision_test: 1.000000
Recall_test: 1.000000
F1_test: 1.000000
 

Arquitectura: _2_15_1_
Semilla: 1788099758
Segundos: 56
NIteraciones: 100000

Costo_train: 0.000562
Precision_train: 1.000000
Recall_train: 0.998775
F1_train: 0.999387

Costo_test: 0.000085
Precision_test: 1.000000
Recall_test: 1.000000
F1_test: 1.000000
 

Arquitectura: _2_15_1_
Semilla: 1788099758
Segundos: 56
NIteraciones: 100000

Costo_train: 0.000553
Precision_train: 1.000000
Recall_train: 0.998775
F1_train: 0.999387

Costo_test: 0.000089
Precision_test: 1.000000
Recall_test: 1.000000
F1_test: 1.000000
 

Arquitectura: _2_15_1_
Semilla: 1788099758
Segundos: 56
NIteraciones: 100000

Costo_train: 0.000581
Precision_train: 1.000000
Recall_train: 0.998775
F1_train: 0.999387

Costo_test: 0.000087
Precision_test: 1.000000
Recall_test: 1.000000
F1_test: 1.000000
 

Arquitectura: _2_15_1_
Semilla: 1788099758
Segundos: 56
NIteraciones: 100000

Costo_train: 0.000566
Precision_train: 1.000000
Recall_train: 0.998775
F1_train: 0.999387

Costo_test: 0.000086
Precision_test: 1.000000
Recall_test: 1.000000
F1_test: 1.000000
 

Arquitectura: _2_15_1_
Semilla: 1788099758
Segundos: 56
NIteraciones: 100000

Costo_train: 0.000570
Precision_train: 1.000000
Recall_train: 0.998775
F1_train: 0.999387

Costo_test: 0.000087
Precision_test: 1.000000
Recall_test: 1.000000
F1_test: 1.000000
 

Arquitectura: _2_15_1_
Semilla: 1788099758
Segundos: 56
NIteraciones: 100000

Costo_train: 0.000562
Precision_train: 1.000000
Recall_train: 0.998775
F1_train: 0.999387

Costo_test: 0.000089
Precision_test: 1.000000
Recall_test: 1.000000
F1_test: 1.000000
 

Arquitectura: _2_15_1_
Semilla: 1788099758
Segundos: 56
NIteraciones: 100000

Costo_train: 0.000574
Precision_train: 1.000000
Recall_train: 0.998775
F1_train: 0.999387

Costo_test: 0.000088
Precision_test: 1.000000
Recall_test: 1.000000
F1_test: 1.000000
 

Arquitectura: _2_15_1_
Semilla: 1788099758
Segundos: 56
NIteraciones: 100000

Costo_train: 0.000556
Precision_train: 1.000000
Recall_train: 0.998775
F1_train: 0.999387

Costo_test: 0.000091
Precision_test: 1.000000
Recall_test: 1.000000
F1_test: 1.000000
 

Arquitectura: _2_15_1_
Semilla: 1788099758
Segundos: 56
NIteraciones: 100000

Costo_train: 0.000576
Precision_train: 1.000000
Recall_train: 0.998775
F1_train: 0.999387

Costo_test: 0.000089
Precision_test: 1.000000
Recall_test: 1.000000
F1_test: 1.000000
 

Arquitectura: _2_15_1_
Semilla: 1788099758
Segundos: 56
NIteraciones: 100000

Costo_train: 0.000570
Precision_train: 1.000000
Recall_train: 0.998775
F1_train: 0.999387

Costo_test: 0.000088
Precision_test: 1.000000
Recall_test: 1.000000
F1_test: 1.000000
 


--- Test Profunda 5.0 ---
Iteración 10000
Costo: 0.249919
Iteración 20000
Costo: 0.249880
Iteración 30000
Costo: 0.249842
Iteración 40000
Costo: 0.249782
Iteración 50000
Costo: 0.249653
Iteración 60000
Costo: 0.249239
Iteración 70000
Costo: 0.247327
Iteración 80000
Costo: 0.167410
Iteración 90000
Costo: 0.006073

Arquitectura: _2_3_3_3_3_3_1_
Semilla: 1788099814
Segundos: 232
NIteraciones: 100000

Costo_train: 0.002900
Precision_train: 1.000000
Recall_train: 0.998775
F1_train: 0.999387

Costo_test: 0.002099
Precision_test: 1.000000
Recall_test: 1.000000
F1_test: 1.000000
 

Arquitectura: _2_3_3_3_3_3_1_
Semilla: 1788099814
Segundos: 232
NIteraciones: 100000

Costo_train: 0.002456
Precision_train: 1.000000
Recall_train: 0.997549
F1_train: 0.998773

Costo_test: 0.001571
Precision_test: 1.000000
Recall_test: 1.000000
F1_test: 1.000000
 

Arquitectura: _2_3_3_3_3_3_1_
Semilla: 1788099814
Segundos: 232
NIteraciones: 100000

Costo_train: 0.245627
Precision_train: 0.510000
Recall_train: 1.000000
F1_train: 0.675497

Costo_test: 0.246613
Precision_test: 0.460000
Recall_test: 1.000000
F1_test: 0.630137
 

Arquitectura: _2_3_3_3_3_3_1_
Semilla: 1788099814
Segundos: 232
NIteraciones: 100000

Costo_train: 0.001129
Precision_train: 1.000000
Recall_train: 0.998775
F1_train: 0.999387

Costo_test: 0.000502
Precision_test: 1.000000
Recall_test: 1.000000
F1_test: 1.000000
 

Arquitectura: _2_3_3_3_3_3_1_
Semilla: 1788099814
Segundos: 232
NIteraciones: 100000

Costo_train: 0.249280
Precision_train: 0.510000
Recall_train: 1.000000
F1_train: 0.675497

Costo_test: 0.250318
Precision_test: 0.460000
Recall_test: 1.000000
F1_test: 0.630137
 

Arquitectura: _2_3_3_3_3_3_1_
Semilla: 1788099814
Segundos: 232
NIteraciones: 100000

Costo_train: 0.000969
Precision_train: 1.000000
Recall_train: 0.998775
F1_train: 0.999387

Costo_test: 0.000311
Precision_test: 1.000000
Recall_test: 1.000000
F1_test: 1.000000
 

Arquitectura: _2_3_3_3_3_3_1_
Semilla: 1788099814
Segundos: 232
NIteraciones: 100000

Costo_train: 0.001416
Precision_train: 1.000000
Recall_train: 0.998775
F1_train: 0.999387

Costo_test: 0.000743
Precision_test: 1.000000
Recall_test: 1.000000
F1_test: 1.000000
 

Arquitectura: _2_3_3_3_3_3_1_
Semilla: 1788099814
Segundos: 232
NIteraciones: 100000

Costo_train: 0.001627
Precision_train: 1.000000
Recall_train: 0.997549
F1_train: 0.998773

Costo_test: 0.000851
Precision_test: 1.000000
Recall_test: 1.000000
F1_test: 1.000000
 

Arquitectura: _2_3_3_3_3_3_1_
Semilla: 1788099814
Segundos: 232
NIteraciones: 100000

Costo_train: 0.001381
Precision_train: 1.000000
Recall_train: 0.998775
F1_train: 0.999387

Costo_test: 0.000753
Precision_test: 1.000000
Recall_test: 1.000000
F1_test: 1.000000
 

Arquitectura: _2_3_3_3_3_3_1_
Semilla: 1788099814
Segundos: 232
NIteraciones: 100000

Costo_train: 0.001022
Precision_train: 1.000000
Recall_train: 0.998775
F1_train: 0.999387

Costo_test: 0.000399
Precision_test: 1.000000
Recall_test: 1.000000
F1_test: 1.000000
 

Arquitectura: _2_3_3_3_3_3_1_
Semilla: 1788099814
Segundos: 232
NIteraciones: 100000

Costo_train: 0.002066
Precision_train: 1.000000
Recall_train: 0.998775
F1_train: 0.999387

Costo_test: 0.001317
Precision_test: 1.000000
Recall_test: 1.000000
F1_test: 1.000000
 

Arquitectura: _2_3_3_3_3_3_1_
Semilla: 1788099814
Segundos: 232
NIteraciones: 100000

Costo_train: 0.003461
Precision_train: 1.000000
Recall_train: 0.997549
F1_train: 0.998773

Costo_test: 0.002325
Precision_test: 1.000000
Recall_test: 1.000000
F1_test: 1.000000
 

Arquitectura: _2_3_3_3_3_3_1_
Semilla: 1788099814
Segundos: 232
NIteraciones: 100000

Costo_train: 0.001137
Precision_train: 1.000000
Recall_train: 0.998775
F1_train: 0.999387

Costo_test: 0.000449
Precision_test: 1.000000
Recall_test: 1.000000
F1_test: 1.000000
 

Arquitectura: _2_3_3_3_3_3_1_
Semilla: 1788099814
Segundos: 232
NIteraciones: 100000

Costo_train: 0.001092
Precision_train: 1.000000
Recall_train: 0.998775
F1_train: 0.999387

Costo_test: 0.000474
Precision_test: 1.000000
Recall_test: 1.000000
F1_test: 1.000000
 

Arquitectura: _2_3_3_3_3_3_1_
Semilla: 1788099814
Segundos: 232
NIteraciones: 100000

Costo_train: 0.249486
Precision_train: 0.510000
Recall_train: 1.000000
F1_train: 0.675497

Costo_test: 0.250479
Precision_test: 0.460000
Recall_test: 1.000000
F1_test: 0.630137
 

Arquitectura: _2_3_3_3_3_3_1_
Semilla: 1788099814
Segundos: 232
NIteraciones: 100000

Costo_train: 0.249193
Precision_train: 0.510000
Recall_train: 1.000000
F1_train: 0.675497

Costo_test: 0.250205
Precision_test: 0.460000
Recall_test: 1.000000
F1_test: 0.630137
 

Arquitectura: _2_3_3_3_3_3_1_
Semilla: 1788099814
Segundos: 232
NIteraciones: 100000

Costo_train: 0.000921
Precision_train: 1.000000
Recall_train: 0.998775
F1_train: 0.999387

Costo_test: 0.000307
Precision_test: 1.000000
Recall_test: 1.000000
F1_test: 1.000000
 

Arquitectura: _2_3_3_3_3_3_1_
Semilla: 1788099814
Segundos: 232
NIteraciones: 100000

Costo_train: 0.001055
Precision_train: 1.000000
Recall_train: 0.998775
F1_train: 0.999387

Costo_test: 0.000397
Precision_test: 1.000000
Recall_test: 1.000000
F1_test: 1.000000
 

Arquitectura: _2_3_3_3_3_3_1_
Semilla: 1788099814
Segundos: 232
NIteraciones: 100000

Costo_train: 0.001103
Precision_train: 1.000000
Recall_train: 0.998775
F1_train: 0.999387

Costo_test: 0.000471
Precision_test: 1.000000
Recall_test: 1.000000
F1_test: 1.000000
 

Arquitectura: _2_3_3_3_3_3_1_
Semilla: 1788099814
Segundos: 232
NIteraciones: 100000

Costo_train: 0.001773
Precision_train: 1.000000
Recall_train: 0.997549
F1_train: 0.998773

Costo_test: 0.000995
Precision_test: 1.000000
Recall_test: 1.000000
F1_test: 1.000000
 

Arquitectura: _2_3_3_3_3_3_1_
Semilla: 1788099814
Segundos: 232
NIteraciones: 100000

Costo_train: 0.002403
Precision_train: 1.000000
Recall_train: 0.997549
F1_train: 0.998773

Costo_test: 0.001489
Precision_test: 1.000000
Recall_test: 1.000000
F1_test: 1.000000
 

Arquitectura: _2_3_3_3_3_3_1_
Semilla: 1788099814
Segundos: 232
NIteraciones: 100000

Costo_train: 0.245468
Precision_train: 0.510000
Recall_train: 1.000000
F1_train: 0.675497

Costo_test: 0.246391
Precision_test: 0.460000
Recall_test: 1.000000
F1_test: 0.630137
 

Arquitectura: _2_3_3_3_3_3_1_
Semilla: 1788099814
Segundos: 232
NIteraciones: 100000

Costo_train: 0.001543
Precision_train: 1.000000
Recall_train: 0.998775
F1_train: 0.999387

Costo_test: 0.000838
Precision_test: 1.000000
Recall_test: 1.000000
F1_test: 1.000000
 

Arquitectura: _2_3_3_3_3_3_1_
Semilla: 1788099814
Segundos: 232
NIteraciones: 100000

Costo_train: 0.001118
Precision_train: 1.000000
Recall_train: 0.998775
F1_train: 0.999387

Costo_test: 0.000422
Precision_test: 1.000000
Recall_test: 1.000000
F1_test: 1.000000
 

Arquitectura: _2_3_3_3_3_3_1_
Semilla: 1788099814
Segundos: 232
NIteraciones: 100000

Costo_train: 0.001059
Precision_train: 1.000000
Recall_train: 0.998775
F1_train: 0.999387

Costo_test: 0.000429
Precision_test: 1.000000
Recall_test: 1.000000
F1_test: 1.000000
 

Arquitectura: _2_3_3_3_3_3_1_
Semilla: 1788099814
Segundos: 232
NIteraciones: 100000

Costo_train: 0.002633
Precision_train: 1.000000
Recall_train: 0.997549
F1_train: 0.998773

Costo_test: 0.001763
Precision_test: 1.000000
Recall_test: 1.000000
F1_test: 1.000000
 

Arquitectura: _2_3_3_3_3_3_1_
Semilla: 1788099814
Segundos: 232
NIteraciones: 100000

Costo_train: 0.001034
Precision_train: 1.000000
Recall_train: 0.998775
F1_train: 0.999387

Costo_test: 0.000419
Precision_test: 1.000000
Recall_test: 1.000000
F1_test: 1.000000
 

Arquitectura: _2_3_3_3_3_3_1_
Semilla: 1788099814
Segundos: 232
NIteraciones: 100000

Costo_train: 0.001866
Precision_train: 1.000000
Recall_train: 0.997549
F1_train: 0.998773

Costo_test: 0.001054
Precision_test: 1.000000
Recall_test: 1.000000
F1_test: 1.000000
 

Arquitectura: _2_3_3_3_3_3_1_
Semilla: 1788099814
Segundos: 232
NIteraciones: 100000

Costo_train: 0.001568
Precision_train: 1.000000
Recall_train: 0.998775
F1_train: 0.999387

Costo_test: 0.000873
Precision_test: 1.000000
Recall_test: 1.000000
F1_test: 1.000000
 

Arquitectura: _2_3_3_3_3_3_1_
Semilla: 1788099814
Segundos: 232
NIteraciones: 100000

Costo_train: 0.001816
Precision_train: 1.000000
Recall_train: 0.997549
F1_train: 0.998773

Costo_test: 0.000918
Precision_test: 1.000000
Recall_test: 1.000000
F1_test: 1.000000
 

Arquitectura: _2_3_3_3_3_3_1_
Semilla: 1788099814
Segundos: 232
NIteraciones: 100000

Costo_train: 0.249862
Precision_train: 0.510000
Recall_train: 1.000000
F1_train: 0.675497

Costo_test: 0.250861
Precision_test: 0.460000
Recall_test: 1.000000
F1_test: 0.630137
 

Arquitectura: _2_3_3_3_3_3_1_
Semilla: 1788099814
Segundos: 232
NIteraciones: 100000

Costo_train: 0.000927
Precision_train: 1.000000
Recall_train: 0.998775
F1_train: 0.999387

Costo_test: 0.000289
Precision_test: 1.000000
Recall_test: 1.000000
F1_test: 1.000000
 

Arquitectura: _2_3_3_3_3_3_1_
Semilla: 1788099814
Segundos: 232
NIteraciones: 100000

Costo_train: 0.001341
Precision_train: 1.000000
Recall_train: 0.998775
F1_train: 0.999387

Costo_test: 0.000625
Precision_test: 1.000000
Recall_test: 1.000000
F1_test: 1.000000
 

Arquitectura: _2_3_3_3_3_3_1_
Semilla: 1788099814
Segundos: 232
NIteraciones: 100000

Costo_train: 0.001219
Precision_train: 1.000000
Recall_train: 0.998775
F1_train: 0.999387

Costo_test: 0.000485
Precision_test: 1.000000
Recall_test: 1.000000
F1_test: 1.000000
 

Arquitectura: _2_3_3_3_3_3_1_
Semilla: 1788099814
Segundos: 232
NIteraciones: 100000

Costo_train: 0.249674
Precision_train: 0.510000
Recall_train: 1.000000
F1_train: 0.675497

Costo_test: 0.250678
Precision_test: 0.460000
Recall_test: 1.000000
F1_test: 0.630137
 

Arquitectura: _2_3_3_3_3_3_1_
Semilla: 1788099814
Segundos: 232
NIteraciones: 100000

Costo_train: 0.247277
Precision_train: 0.510000
Recall_train: 1.000000
F1_train: 0.675497

Costo_test: 0.248166
Precision_test: 0.460000
Recall_test: 1.000000
F1_test: 0.630137
 

Arquitectura: _2_3_3_3_3_3_1_
Semilla: 1788099814
Segundos: 232
NIteraciones: 100000

Costo_train: 0.001362
Precision_train: 1.000000
Recall_train: 0.998775
F1_train: 0.999387

Costo_test: 0.000637
Precision_test: 1.000000
Recall_test: 1.000000
F1_test: 1.000000
 

Arquitectura: _2_3_3_3_3_3_1_
Semilla: 1788099814
Segundos: 232
NIteraciones: 100000

Costo_train: 0.001312
Precision_train: 1.000000
Recall_train: 0.998775
F1_train: 0.999387

Costo_test: 0.000623
Precision_test: 1.000000
Recall_test: 1.000000
F1_test: 1.000000
 

Arquitectura: _2_3_3_3_3_3_1_
Semilla: 1788099814
Segundos: 232
NIteraciones: 100000

Costo_train: 0.001148
Precision_train: 1.000000
Recall_train: 0.998775
F1_train: 0.999387

Costo_test: 0.000528
Precision_test: 1.000000
Recall_test: 1.000000
F1_test: 1.000000
 

Arquitectura: _2_3_3_3_3_3_1_
Semilla: 1788099814
Segundos: 232
NIteraciones: 100000

Costo_train: 0.015103
Precision_train: 1.000000
Recall_train: 0.997549
F1_train: 0.998773

Costo_test: 0.014164
Precision_test: 1.000000
Recall_test: 1.000000
F1_test: 1.000000
 

Arquitectura: _2_3_3_3_3_3_1_
Semilla: 1788099814
Segundos: 232
NIteraciones: 100000

Costo_train: 0.001888
Precision_train: 1.000000
Recall_train: 0.998775
F1_train: 0.999387

Costo_test: 0.001156
Precision_test: 1.000000
Recall_test: 1.000000
F1_test: 1.000000
 

Arquitectura: _2_3_3_3_3_3_1_
Semilla: 1788099814
Segundos: 232
NIteraciones: 100000

Costo_train: 0.001194
Precision_train: 1.000000
Recall_train: 0.998775
F1_train: 0.999387

Costo_test: 0.000548
Precision_test: 1.000000
Recall_test: 1.000000
F1_test: 1.000000
 

Arquitectura: _2_3_3_3_3_3_1_
Semilla: 1788099814
Segundos: 232
NIteraciones: 100000

Costo_train: 0.000984
Precision_train: 1.000000
Recall_train: 0.998775
F1_train: 0.999387

Costo_test: 0.000376
Precision_test: 1.000000
Recall_test: 1.000000
F1_test: 1.000000
 

Arquitectura: _2_3_3_3_3_3_1_
Semilla: 1788099814
Segundos: 232
NIteraciones: 100000

Costo_train: 0.002079
Precision_train: 1.000000
Recall_train: 0.998775
F1_train: 0.999387

Costo_test: 0.001392
Precision_test: 1.000000
Recall_test: 1.000000
F1_test: 1.000000
 

Arquitectura: _2_3_3_3_3_3_1_
Semilla: 1788099814
Segundos: 232
NIteraciones: 100000

Costo_train: 0.001307
Precision_train: 1.000000
Recall_train: 0.998775
F1_train: 0.999387

Costo_test: 0.000634
Precision_test: 1.000000
Recall_test: 1.000000
F1_test: 1.000000
 

Arquitectura: _2_3_3_3_3_3_1_
Semilla: 1788099814
Segundos: 232
NIteraciones: 100000

Costo_train: 0.000985
Precision_train: 1.000000
Recall_train: 0.998775
F1_train: 0.999387

Costo_test: 0.000363
Precision_test: 1.000000
Recall_test: 1.000000
F1_test: 1.000000
 

Arquitectura: _2_3_3_3_3_3_1_
Semilla: 1788099814
Segundos: 232
NIteraciones: 100000

Costo_train: 0.001122
Precision_train: 1.000000
Recall_train: 0.998775
F1_train: 0.999387

Costo_test: 0.000484
Precision_test: 1.000000
Recall_test: 1.000000
F1_test: 1.000000
 

Arquitectura: _2_3_3_3_3_3_1_
Semilla: 1788099814
Segundos: 232
NIteraciones: 100000

Costo_train: 0.002259
Precision_train: 1.000000
Recall_train: 0.997549
F1_train: 0.998773

Costo_test: 0.001489
Precision_test: 1.000000
Recall_test: 1.000000
F1_test: 1.000000
 

Arquitectura: _2_3_3_3_3_3_1_
Semilla: 1788099814
Segundos: 232
NIteraciones: 100000

Costo_train: 0.001495
Precision_train: 1.000000
Recall_train: 0.998775
F1_train: 0.999387

Costo_test: 0.000833
Precision_test: 1.000000
Recall_test: 1.000000
F1_test: 1.000000
 

Arquitectura: _2_3_3_3_3_3_1_
Semilla: 1788099814
Segundos: 232
NIteraciones: 100000

Costo_train: 0.244284
Precision_train: 0.510000
Recall_train: 1.000000
F1_train: 0.675497

Costo_test: 0.245261
Precision_test: 0.460000
Recall_test: 1.000000
F1_test: 0.630137
 

Arquitectura: _2_3_3_3_3_3_1_
Semilla: 1788099814
Segundos: 232
NIteraciones: 100000

Costo_train: 0.249760
Precision_train: 0.510000
Recall_train: 1.000000
F1_train: 0.675497

Costo_test: 0.250760
Precision_test: 0.460000
Recall_test: 1.000000
F1_test: 0.630137
 

Arquitectura: _2_3_3_3_3_3_1_
Semilla: 1788099814
Segundos: 232
NIteraciones: 100000

Costo_train: 0.001349
Precision_train: 1.000000
Recall_train: 0.998775
F1_train: 0.999387

Costo_test: 0.000717
Precision_test: 1.000000
Recall_test: 1.000000
F1_test: 1.000000
 

Arquitectura: _2_3_3_3_3_3_1_
Semilla: 1788099814
Segundos: 232
NIteraciones: 100000

Costo_train: 0.035449
Precision_train: 1.000000
Recall_train: 0.996324
F1_train: 0.998158

Costo_test: 0.034649
Precision_test: 1.000000
Recall_test: 1.000000
F1_test: 1.000000
 

Arquitectura: _2_3_3_3_3_3_1_
Semilla: 1788099814
Segundos: 232
NIteraciones: 100000

Costo_train: 0.249688
Precision_train: 0.510000
Recall_train: 1.000000
F1_train: 0.675497

Costo_test: 0.250674
Precision_test: 0.460000
Recall_test: 1.000000
F1_test: 0.630137
 

Arquitectura: _2_3_3_3_3_3_1_
Semilla: 1788099814
Segundos: 232
NIteraciones: 100000

Costo_train: 0.249230
Precision_train: 0.510000
Recall_train: 1.000000
F1_train: 0.675497

Costo_test: 0.250289
Precision_test: 0.460000
Recall_test: 1.000000
F1_test: 0.630137
 

Arquitectura: _2_3_3_3_3_3_1_
Semilla: 1788099814
Segundos: 232
NIteraciones: 100000

Costo_train: 0.001381
Precision_train: 1.000000
Recall_train: 0.998775
F1_train: 0.999387

Costo_test: 0.000656
Precision_test: 1.000000
Recall_test: 1.000000
F1_test: 1.000000
 

Arquitectura: _2_3_3_3_3_3_1_
Semilla: 1788099814
Segundos: 232
NIteraciones: 100000

Costo_train: 0.004894
Precision_train: 1.000000
Recall_train: 0.997549
F1_train: 0.998773

Costo_test: 0.003976
Precision_test: 1.000000
Recall_test: 1.000000
F1_test: 1.000000
 

Arquitectura: _2_3_3_3_3_3_1_
Semilla: 1788099814
Segundos: 232
NIteraciones: 100000

Costo_train: 0.249889
Precision_train: 0.510000
Recall_train: 1.000000
F1_train: 0.675497

Costo_test: 0.250886
Precision_test: 0.460000
Recall_test: 1.000000
F1_test: 0.630137
 

Arquitectura: _2_3_3_3_3_3_1_
Semilla: 1788099814
Segundos: 232
NIteraciones: 100000

Costo_train: 0.248943
Precision_train: 0.510000
Recall_train: 1.000000
F1_train: 0.675497

Costo_test: 0.249884
Precision_test: 0.460000
Recall_test: 1.000000
F1_test: 0.630137
 

Arquitectura: _2_3_3_3_3_3_1_
Semilla: 1788099814
Segundos: 232
NIteraciones: 100000

Costo_train: 0.249864
Precision_train: 0.510000
Recall_train: 1.000000
F1_train: 0.675497

Costo_test: 0.250867
Precision_test: 0.460000
Recall_test: 1.000000
F1_test: 0.630137
 

Arquitectura: _2_3_3_3_3_3_1_
Semilla: 1788099814
Segundos: 232
NIteraciones: 100000

Costo_train: 0.001102
Precision_train: 1.000000
Recall_train: 0.998775
F1_train: 0.999387

Costo_test: 0.000465
Precision_test: 1.000000
Recall_test: 1.000000
F1_test: 1.000000
 

Arquitectura: _2_3_3_3_3_3_1_
Semilla: 1788099814
Segundos: 232
NIteraciones: 100000

Costo_train: 0.001495
Precision_train: 1.000000
Recall_train: 0.998775
F1_train: 0.999387

Costo_test: 0.000853
Precision_test: 1.000000
Recall_test: 1.000000
F1_test: 1.000000
 

Arquitectura: _2_3_3_3_3_3_1_
Semilla: 1788099814
Segundos: 232
NIteraciones: 100000

Costo_train: 0.249884
Precision_train: 0.510000
Recall_train: 1.000000
F1_train: 0.675497

Costo_test: 0.250889
Precision_test: 0.460000
Recall_test: 1.000000
F1_test: 0.630137
 

Arquitectura: _2_3_3_3_3_3_1_
Semilla: 1788099814
Segundos: 232
NIteraciones: 100000

Costo_train: 0.003794
Precision_train: 1.000000
Recall_train: 0.997549
F1_train: 0.998773

Costo_test: 0.003029
Precision_test: 1.000000
Recall_test: 1.000000
F1_test: 1.000000
 

Arquitectura: _2_3_3_3_3_3_1_
Semilla: 1788099814
Segundos: 232
NIteraciones: 100000

Costo_train: 0.001171
Precision_train: 1.000000
Recall_train: 0.998775
F1_train: 0.999387

Costo_test: 0.000530
Precision_test: 1.000000
Recall_test: 1.000000
F1_test: 1.000000
 

Arquitectura: _2_3_3_3_3_3_1_
Semilla: 1788099814
Segundos: 232
NIteraciones: 100000

Costo_train: 0.050777
Precision_train: 1.000000
Recall_train: 0.997549
F1_train: 0.998773

Costo_test: 0.050317
Precision_test: 1.000000
Recall_test: 1.000000
F1_test: 1.000000
 

Arquitectura: _2_3_3_3_3_3_1_
Semilla: 1788099814
Segundos: 232
NIteraciones: 100000

Costo_train: 0.001453
Precision_train: 1.000000
Recall_train: 0.998775
F1_train: 0.999387

Costo_test: 0.000752
Precision_test: 1.000000
Recall_test: 1.000000
F1_test: 1.000000
 

Arquitectura: _2_3_3_3_3_3_1_
Semilla: 1788099814
Segundos: 232
NIteraciones: 100000

Costo_train: 0.001070
Precision_train: 1.000000
Recall_train: 0.998775
F1_train: 0.999387

Costo_test: 0.000441
Precision_test: 1.000000
Recall_test: 1.000000
F1_test: 1.000000
 

Arquitectura: _2_3_3_3_3_3_1_
Semilla: 1788099814
Segundos: 232
NIteraciones: 100000

Costo_train: 0.002223
Precision_train: 1.000000
Recall_train: 0.997549
F1_train: 0.998773

Costo_test: 0.001341
Precision_test: 1.000000
Recall_test: 1.000000
F1_test: 1.000000
 

Arquitectura: _2_3_3_3_3_3_1_
Semilla: 1788099814
Segundos: 232
NIteraciones: 100000

Costo_train: 0.001053
Precision_train: 1.000000
Recall_train: 0.998775
F1_train: 0.999387

Costo_test: 0.000450
Precision_test: 1.000000
Recall_test: 1.000000
F1_test: 1.000000
 

Arquitectura: _2_3_3_3_3_3_1_
Semilla: 1788099814
Segundos: 232
NIteraciones: 100000

Costo_train: 0.001229
Precision_train: 1.000000
Recall_train: 0.998775
F1_train: 0.999387

Costo_test: 0.000565
Precision_test: 1.000000
Recall_test: 1.000000
F1_test: 1.000000
 

Arquitectura: _2_3_3_3_3_3_1_
Semilla: 1788099814
Segundos: 232
NIteraciones: 100000

Costo_train: 0.169588
Precision_train: 1.000000
Recall_train: 0.996324
F1_train: 0.998158

Costo_test: 0.169376
Precision_test: 1.000000
Recall_test: 0.994565
F1_test: 0.997275
 

Arquitectura: _2_3_3_3_3_3_1_
Semilla: 1788099814
Segundos: 232
NIteraciones: 100000

Costo_train: 0.001381
Precision_train: 1.000000
Recall_train: 0.997549
F1_train: 0.998773

Costo_test: 0.000549
Precision_test: 1.000000
Recall_test: 1.000000
F1_test: 1.000000
 

Arquitectura: _2_3_3_3_3_3_1_
Semilla: 1788099814
Segundos: 232
NIteraciones: 100000

Costo_train: 0.002491
Precision_train: 1.000000
Recall_train: 0.997549
F1_train: 0.998773

Costo_test: 0.001668
Precision_test: 1.000000
Recall_test: 1.000000
F1_test: 1.000000
 

Arquitectura: _2_3_3_3_3_3_1_
Semilla: 1788099814
Segundos: 232
NIteraciones: 100000

Costo_train: 0.000992
Precision_train: 1.000000
Recall_train: 0.998775
F1_train: 0.999387

Costo_test: 0.000357
Precision_test: 1.000000
Recall_test: 1.000000
F1_test: 1.000000
 

Arquitectura: _2_3_3_3_3_3_1_
Semilla: 1788099814
Segundos: 232
NIteraciones: 100000

Costo_train: 0.001987
Precision_train: 1.000000
Recall_train: 0.997549
F1_train: 0.998773

Costo_test: 0.001243
Precision_test: 1.000000
Recall_test: 1.000000
F1_test: 1.000000
 

Arquitectura: _2_3_3_3_3_3_1_
Semilla: 1788099814
Segundos: 232
NIteraciones: 100000

Costo_train: 0.000917
Precision_train: 1.000000
Recall_train: 0.998775
F1_train: 0.999387

Costo_test: 0.000311
Precision_test: 1.000000
Recall_test: 1.000000
F1_test: 1.000000
 

Arquitectura: _2_3_3_3_3_3_1_
Semilla: 1788099814
Segundos: 232
NIteraciones: 100000

Costo_train: 0.000852
Precision_train: 1.000000
Recall_train: 0.998775
F1_train: 0.999387

Costo_test: 0.000228
Precision_test: 1.000000
Recall_test: 1.000000
F1_test: 1.000000
 

Arquitectura: _2_3_3_3_3_3_1_
Semilla: 1788099814
Segundos: 232
NIteraciones: 100000

Costo_train: 0.249661
Precision_train: 0.510000
Recall_train: 1.000000
F1_train: 0.675497

Costo_test: 0.250642
Precision_test: 0.460000
Recall_test: 1.000000
F1_test: 0.630137
 

Arquitectura: _2_3_3_3_3_3_1_
Semilla: 1788099814
Segundos: 232
NIteraciones: 100000

Costo_train: 0.000944
Precision_train: 1.000000
Recall_train: 0.998775
F1_train: 0.999387

Costo_test: 0.000328
Precision_test: 1.000000
Recall_test: 1.000000
F1_test: 1.000000
 

Arquitectura: _2_3_3_3_3_3_1_
Semilla: 1788099814
Segundos: 232
NIteraciones: 100000

Costo_train: 0.001096
Precision_train: 1.000000
Recall_train: 0.998775
F1_train: 0.999387

Costo_test: 0.000491
Precision_test: 1.000000
Recall_test: 1.000000
F1_test: 1.000000
 

Arquitectura: _2_3_3_3_3_3_1_
Semilla: 1788099814
Segundos: 232
NIteraciones: 100000

Costo_train: 0.001148
Precision_train: 1.000000
Recall_train: 0.998775
F1_train: 0.999387

Costo_test: 0.000522
Precision_test: 1.000000
Recall_test: 1.000000
F1_test: 1.000000
 

Arquitectura: _2_3_3_3_3_3_1_
Semilla: 1788099814
Segundos: 232
NIteraciones: 100000

Costo_train: 0.002350
Precision_train: 1.000000
Recall_train: 0.997549
F1_train: 0.998773

Costo_test: 0.001539
Precision_test: 1.000000
Recall_test: 1.000000
F1_test: 1.000000
 

Arquitectura: _2_3_3_3_3_3_1_
Semilla: 1788099814
Segundos: 232
NIteraciones: 100000

Costo_train: 0.001195
Precision_train: 1.000000
Recall_train: 0.998775
F1_train: 0.999387

Costo_test: 0.000543
Precision_test: 1.000000
Recall_test: 1.000000
F1_test: 1.000000
 

Arquitectura: _2_3_3_3_3_3_1_
Semilla: 1788099814
Segundos: 232
NIteraciones: 100000

Costo_train: 0.002009
Precision_train: 1.000000
Recall_train: 0.998775
F1_train: 0.999387

Costo_test: 0.001326
Precision_test: 1.000000
Recall_test: 1.000000
F1_test: 1.000000
 

Arquitectura: _2_3_3_3_3_3_1_
Semilla: 1788099814
Segundos: 232
NIteraciones: 100000

Costo_train: 0.001772
Precision_train: 1.000000
Recall_train: 0.998775
F1_train: 0.999387

Costo_test: 0.001098
Precision_test: 1.000000
Recall_test: 1.000000
F1_test: 1.000000
 

Arquitectura: _2_3_3_3_3_3_1_
Semilla: 1788099814
Segundos: 232
NIteraciones: 100000

Costo_train: 0.001039
Precision_train: 1.000000
Recall_train: 0.998775
F1_train: 0.999387

Costo_test: 0.000400
Precision_test: 1.000000
Recall_test: 1.000000
F1_test: 1.000000
 

Arquitectura: _2_3_3_3_3_3_1_
Semilla: 1788099814
Segundos: 232
NIteraciones: 100000

Costo_train: 0.249902
Precision_train: 0.510000
Recall_train: 1.000000
F1_train: 0.675497

Costo_test: 0.250900
Precision_test: 0.460000
Recall_test: 1.000000
F1_test: 0.630137
 

Arquitectura: _2_3_3_3_3_3_1_
Semilla: 1788099814
Segundos: 232
NIteraciones: 100000

Costo_train: 0.001120
Precision_train: 1.000000
Recall_train: 0.998775
F1_train: 0.999387

Costo_test: 0.000503
Precision_test: 1.000000
Recall_test: 1.000000
F1_test: 1.000000
 

Arquitectura: _2_3_3_3_3_3_1_
Semilla: 1788099814
Segundos: 232
NIteraciones: 100000

Costo_train: 0.249521
Precision_train: 0.510000
Recall_train: 1.000000
F1_train: 0.675497

Costo_test: 0.250497
Precision_test: 0.460000
Recall_test: 1.000000
F1_test: 0.630137
 

Arquitectura: _2_3_3_3_3_3_1_
Semilla: 1788099814
Segundos: 232
NIteraciones: 100000

Costo_train: 0.001134
Precision_train: 1.000000
Recall_train: 0.998775
F1_train: 0.999387

Costo_test: 0.000512
Precision_test: 1.000000
Recall_test: 1.000000
F1_test: 1.000000
 

Arquitectura: _2_3_3_3_3_3_1_
Semilla: 1788099814
Segundos: 232
NIteraciones: 100000

Costo_train: 0.249850
Precision_train: 0.510000
Recall_train: 1.000000
F1_train: 0.675497

Costo_test: 0.250853
Precision_test: 0.460000
Recall_test: 1.000000
F1_test: 0.630137
 

Arquitectura: _2_3_3_3_3_3_1_
Semilla: 1788099814
Segundos: 232
NIteraciones: 100000

Costo_train: 0.001000
Precision_train: 1.000000
Recall_train: 0.998775
F1_train: 0.999387

Costo_test: 0.000374
Precision_test: 1.000000
Recall_test: 1.000000
F1_test: 1.000000
 

Arquitectura: _2_3_3_3_3_3_1_
Semilla: 1788099814
Segundos: 232
NIteraciones: 100000

Costo_train: 0.001594
Precision_train: 1.000000
Recall_train: 0.997549
F1_train: 0.998773

Costo_test: 0.000783
Precision_test: 1.000000
Recall_test: 1.000000
F1_test: 1.000000
 

Arquitectura: _2_3_3_3_3_3_1_
Semilla: 1788099814
Segundos: 232
NIteraciones: 100000

Costo_train: 0.001153
Precision_train: 1.000000
Recall_train: 0.998775
F1_train: 0.999387

Costo_test: 0.000468
Precision_test: 1.000000
Recall_test: 1.000000
F1_test: 1.000000
 

Arquitectura: _2_3_3_3_3_3_1_
Semilla: 1788099814
Segundos: 232
NIteraciones: 100000

Costo_train: 0.000957
Precision_train: 1.000000
Recall_train: 0.998775
F1_train: 0.999387

Costo_test: 0.000317
Precision_test: 1.000000
Recall_test: 1.000000
F1_test: 1.000000
 

Arquitectura: _2_3_3_3_3_3_1_
Semilla: 1788099814
Segundos: 232
NIteraciones: 100000

Costo_train: 0.249894
Precision_train: 0.510000
Recall_train: 1.000000
F1_train: 0.675497

Costo_test: 0.250896
Precision_test: 0.460000
Recall_test: 1.000000
F1_test: 0.630137
 

Arquitectura: _2_3_3_3_3_3_1_
Semilla: 1788099814
Segundos: 232
NIteraciones: 100000

Costo_train: 0.000974
Precision_train: 1.000000
Recall_train: 0.998775
F1_train: 0.999387

Costo_test: 0.000362
Precision_test: 1.000000
Recall_test: 1.000000
F1_test: 1.000000
 

Arquitectura: _2_3_3_3_3_3_1_
Semilla: 1788099814
Segundos: 232
NIteraciones: 100000

Costo_train: 0.002138
Precision_train: 1.000000
Recall_train: 0.997549
F1_train: 0.998773

Costo_test: 0.001278
Precision_test: 1.000000
Recall_test: 1.000000
F1_test: 1.000000
 

Arquitectura: _2_3_3_3_3_3_1_
Semilla: 1788099814
Segundos: 232
NIteraciones: 100000

Costo_train: 0.001040
Precision_train: 1.000000
Recall_train: 0.998775
F1_train: 0.999387

Costo_test: 0.000427
Precision_test: 1.000000
Recall_test: 1.000000
F1_test: 1.000000
 
