--- Configuración Actual ---
Paso: 0.200000
Gamma: 0.000000
Parada: 0.100000
Iteraciones: 100000
CapasDesde: 2
CapasHasta: 5
Repeticiones: 1
Intervalo: 10000
Batch: 100
MultiplicadorProfunda: 0.700000
Tarjeta: NVIDIA GeForce RTX 3090 Ti
----------------------------
Dimensiones Datos
trainx: 2x1600 
trainy: 1x1600 
test_x: 2x400 


--- Test Angosta 2.0 ---
Iteración 10000
Costo: 0.128567
Iteración 20000
Costo: 0.015353
Iteración 30000
Costo: 0.007687
Iteración 40000
Costo: 0.005207
Iteración 50000
Costo: 0.003954
Iteración 60000
Costo: 0.003185
Iteración 70000
Costo: 0.002664
Iteración 80000
Costo: 0.002287
Iteración 90000
Costo: 0.002004

Arquitectura: _2_6_1_
Semilla: 1788083333
Segundos: 48
NIteraciones: 100000

Costo_train: 0.001784
Precision_train: 1.000000
Recall_train: 1.000000
F1_train: 1.000000

Costo_test: 0.001720
Precision_test: 1.000000
Recall_test: 1.000000
F1_test: 1.000000
 

Arquitectura: _2_6_1_
Semilla: 1788083333
Segundos: 48
NIteraciones: 100000

Costo_train: 0.003464
Precision_train: 1.000000
Recall_train: 1.000000
F1_train: 1.000000

Costo_test: 0.004246
Precision_test: 1.000000
Recall_test: 0.995074
F1_test: 0.997531
 

Arquitectura: _2_6_1_
Semilla: 1788083333
Segundos: 48
NIteraciones: 100000

Costo_train: 0.002948
Precision_train: 1.000000
Recall_train: 1.000000
F1_train: 1.000000

Costo_test: 0.003098
Precision_test: 1.000000
Recall_test: 1.000000
F1_test: 1.000000
 

Arquitectura: _2_6_1_
Semilla: 1788083333
Segundos: 48
NIteraciones: 100000

Costo_train: 0.002668
Precision_train: 1.000000
Recall_train: 1.000000
F1_train: 1.000000

Costo_test: 0.002273
Precision_test: 1.000000
Recall_test: 1.000000
F1_test: 1.000000
 

Arquitectura: _2_6_1_
Semilla: 1788083333
Segundos: 48
NIteraciones: 100000

Costo_train: 0.002921
Precision_train: 1.000000
Recall_train: 0.998745
F1_train: 0.999372

Costo_test: 0.002761
Precision_test: 1.000000
Recall_test: 1.000000
F1_test: 1.000000
 

Arquitectura: _2_6_1_
Semilla: 1788083333
Segundos: 48
NIteraciones: 100000

Costo_train: 0.002402
Precision_train: 1.000000
Recall_train: 1.000000
F1_train: 1.000000

Costo_test: 0.003127
Precision_test: 1.000000
Recall_test: 1.000000
F1_test: 1.000000
 

Arquitectura: _2_6_1_
Semilla: 1788083333
Segundos: 48
NIteraciones: 100000

Costo_train: 0.001516
Precision_train: 1.000000
Recall_train: 1.000000
F1_train: 1.000000

Costo_test: 0.001601
Precision_test: 1.000000
Recall_test: 1.000000
F1_test: 1.000000
 

Arquitectura: _2_6_1_
Semilla: 1788083333
Segundos: 48
NIteraciones: 100000

Costo_train: 0.003400
Precision_train: 1.000000
Recall_train: 1.000000
F1_train: 1.000000

Costo_test: 0.003132
Precision_test: 1.000000
Recall_test: 1.000000
F1_test: 1.000000
 

Arquitectura: _2_6_1_
Semilla: 1788083333
Segundos: 48
NIteraciones: 100000

Costo_train: 0.001390
Precision_train: 1.000000
Recall_train: 1.000000
F1_train: 1.000000

Costo_test: 0.001406
Precision_test: 1.000000
Recall_test: 1.000000
F1_test: 1.000000
 

Arquitectura: _2_6_1_
Semilla: 1788083333
Segundos: 48
NIteraciones: 100000

Costo_train: 0.001947
Precision_train: 1.000000
Recall_train: 1.000000
F1_train: 1.000000

Costo_test: 0.001662
Precision_test: 1.000000
Recall_test: 1.000000
F1_test: 1.000000
 

Arquitectura: _2_6_1_
Semilla: 1788083333
Segundos: 48
NIteraciones: 100000

Costo_train: 0.002466
Precision_train: 1.000000
Recall_train: 1.000000
F1_train: 1.000000

Costo_test: 0.002166
Precision_test: 1.000000
Recall_test: 1.000000
F1_test: 1.000000
 

Arquitectura: _2_6_1_
Semilla: 1788083333
Segundos: 48
NIteraciones: 100000

Costo_train: 0.002322
Precision_train: 1.000000
Recall_train: 1.000000
F1_train: 1.000000

Costo_test: 0.002938
Precision_test: 1.000000
Recall_test: 1.000000
F1_test: 1.000000
 

Arquitectura: _2_6_1_
Semilla: 1788083333
Segundos: 48
NIteraciones: 100000

Costo_train: 0.002906
Precision_train: 1.000000
Recall_train: 1.000000
F1_train: 1.000000

Costo_test: 0.002311
Precision_test: 1.000000
Recall_test: 1.000000
F1_test: 1.000000
 

Arquitectura: _2_6_1_
Semilla: 1788083333
Segundos: 48
NIteraciones: 100000

Costo_train: 0.003578
Precision_train: 1.000000
Recall_train: 1.000000
F1_train: 1.000000

Costo_test: 0.003131
Precision_test: 1.000000
Recall_test: 1.000000
F1_test: 1.000000
 

Arquitectura: _2_6_1_
Semilla: 1788083333
Segundos: 48
NIteraciones: 100000

Costo_train: 0.003235
Precision_train: 1.000000
Recall_train: 1.000000
F1_train: 1.000000

Costo_test: 0.003723
Precision_test: 1.000000
Recall_test: 0.995074
F1_test: 0.997531
 

Arquitectura: _2_6_1_
Semilla: 1788083333
Segundos: 48
NIteraciones: 100000

Costo_train: 0.003689
Precision_train: 1.000000
Recall_train: 0.997491
F1_train: 0.998744

Costo_test: 0.004335
Precision_test: 1.000000
Recall_test: 1.000000
F1_test: 1.000000
 

Arquitectura: _2_6_1_
Semilla: 1788083333
Segundos: 48
NIteraciones: 100000

Costo_train: 0.002541
Precision_train: 1.000000
Recall_train: 1.000000
F1_train: 1.000000

Costo_test: 0.002379
Precision_test: 1.000000
Recall_test: 1.000000
F1_test: 1.000000
 

Arquitectura: _2_6_1_
Semilla: 1788083333
Segundos: 48
NIteraciones: 100000

Costo_train: 0.001350
Precision_train: 1.000000
Recall_train: 1.000000
F1_train: 1.000000

Costo_test: 0.001261
Precision_test: 1.000000
Recall_test: 1.000000
F1_test: 1.000000
 

Arquitectura: _2_6_1_
Semilla: 1788083333
Segundos: 48
NIteraciones: 100000

Costo_train: 0.001884
Precision_train: 1.000000
Recall_train: 1.000000
F1_train: 1.000000

Costo_test: 0.002228
Precision_test: 1.000000
Recall_test: 1.000000
F1_test: 1.000000
 

Arquitectura: _2_6_1_
Semilla: 1788083333
Segundos: 48
NIteraciones: 100000

Costo_train: 0.001605
Precision_train: 1.000000
Recall_train: 1.000000
F1_train: 1.000000

Costo_test: 0.001793
Precision_test: 1.000000
Recall_test: 1.000000
F1_test: 1.000000
 

Arquitectura: _2_6_1_
Semilla: 1788083333
Segundos: 48
NIteraciones: 100000

Costo_train: 0.004197
Precision_train: 1.000000
Recall_train: 1.000000
F1_train: 1.000000

Costo_test: 0.005012
Precision_test: 1.000000
Recall_test: 0.995074
F1_test: 0.997531
 

Arquitectura: _2_6_1_
Semilla: 1788083333
Segundos: 48
NIteraciones: 100000

Costo_train: 0.003461
Precision_train: 1.000000
Recall_train: 1.000000
F1_train: 1.000000

Costo_test: 0.004098
Precision_test: 1.000000
Recall_test: 0.995074
F1_test: 0.997531
 

Arquitectura: _2_6_1_
Semilla: 1788083333
Segundos: 48
NIteraciones: 100000

Costo_train: 0.002840
Precision_train: 1.000000
Recall_train: 1.000000
F1_train: 1.000000

Costo_test: 0.003675
Precision_test: 1.000000
Recall_test: 0.995074
F1_test: 0.997531
 

Arquitectura: _2_6_1_
Semilla: 1788083333
Segundos: 48
NIteraciones: 100000

Costo_train: 0.003804
Precision_train: 1.000000
Recall_train: 0.998745
F1_train: 0.999372

Costo_test: 0.003988
Precision_test: 1.000000
Recall_test: 1.000000
F1_test: 1.000000
 

Arquitectura: _2_6_1_
Semilla: 1788083333
Segundos: 48
NIteraciones: 100000

Costo_train: 0.002792
Precision_train: 1.000000
Recall_train: 1.000000
F1_train: 1.000000

Costo_test: 0.002454
Precision_test: 1.000000
Recall_test: 1.000000
F1_test: 1.000000
 

Arquitectura: _2_6_1_
Semilla: 1788083333
Segundos: 48
NIteraciones: 100000

Costo_train: 0.003709
Precision_train: 1.000000
Recall_train: 1.000000
F1_train: 1.000000

Costo_test: 0.003140
Precision_test: 1.000000
Recall_test: 1.000000
F1_test: 1.000000
 

Arquitectura: _2_6_1_
Semilla: 1788083333
Segundos: 48
NIteraciones: 100000

Costo_train: 0.002654
Precision_train: 1.000000
Recall_train: 1.000000
F1_train: 1.000000

Costo_test: 0.003263
Precision_test: 1.000000
Recall_test: 0.995074
F1_test: 0.997531
 

Arquitectura: _2_6_1_
Semilla: 1788083333
Segundos: 48
NIteraciones: 100000

Costo_train: 0.002797
Precision_train: 1.000000
Recall_train: 1.000000
F1_train: 1.000000

Costo_test: 0.002322
Precision_test: 1.000000
Recall_test: 1.000000
F1_test: 1.000000
 

Arquitectura: _2_6_1_
Semilla: 1788083333
Segundos: 48
NIteraciones: 100000

Costo_train: 0.001820
Precision_train: 1.000000
Recall_train: 1.000000
F1_train: 1.000000

Costo_test: 0.001630
Precision_test: 1.000000
Recall_test: 1.000000
F1_test: 1.000000
 

Arquitectura: _2_6_1_
Semilla: 1788083333
Segundos: 48
NIteraciones: 100000

Costo_train: 0.003073
Precision_train: 1.000000
Recall_train: 0.998745
F1_train: 0.999372

Costo_test: 0.003067
Precision_test: 1.000000
Recall_test: 1.000000
F1_test: 1.000000
 

Arquitectura: _2_6_1_
Semilla: 1788083333
Segundos: 48
NIteraciones: 100000

Costo_train: 0.003075
Precision_train: 1.000000
Recall_train: 0.998745
F1_train: 0.999372

Costo_test: 0.003078
Precision_test: 1.000000
Recall_test: 1.000000
F1_test: 1.000000
 

Arquitectura: _2_6_1_
Semilla: 1788083333
Segundos: 48
NIteraciones: 100000

Costo_train: 0.002613
Precision_train: 1.000000
Recall_train: 0.998745
F1_train: 0.999372

Costo_test: 0.002561
Precision_test: 1.000000
Recall_test: 1.000000
F1_test: 1.000000
 

Arquitectura: _2_6_1_
Semilla: 1788083333
Segundos: 48
NIteraciones: 100000

Costo_train: 0.002659
Precision_train: 1.000000
Recall_train: 1.000000
F1_train: 1.000000

Costo_test: 0.003084
Precision_test: 1.000000
Recall_test: 1.000000
F1_test: 1.000000
 

Arquitectura: _2_6_1_
Semilla: 1788083333
Segundos: 48
NIteraciones: 100000

Costo_train: 0.002298
Precision_train: 1.000000
Recall_train: 1.000000
F1_train: 1.000000

Costo_test: 0.002080
Precision_test: 1.000000
Recall_test: 1.000000
F1_test: 1.000000
 

Arquitectura: _2_6_1_
Semilla: 1788083333
Segundos: 48
NIteraciones: 100000

Costo_train: 0.004386
Precision_train: 1.000000
Recall_train: 1.000000
F1_train: 1.000000

Costo_test: 0.003757
Precision_test: 1.000000
Recall_test: 1.000000
F1_test: 1.000000
 

Arquitectura: _2_6_1_
Semilla: 1788083333
Segundos: 48
NIteraciones: 100000

Costo_train: 0.002460
Precision_train: 1.000000
Recall_train: 1.000000
F1_train: 1.000000

Costo_test: 0.003098
Precision_test: 1.000000
Recall_test: 0.995074
F1_test: 0.997531
 

Arquitectura: _2_6_1_
Semilla: 1788083333
Segundos: 48
NIteraciones: 100000

Costo_train: 0.002698
Precision_train: 1.000000
Recall_train: 0.998745
F1_train: 0.999372

Costo_test: 0.002713
Precision_test: 1.000000
Recall_test: 1.000000
F1_test: 1.000000
 

Arquitectura: _2_6_1_
Semilla: 1788083333
Segundos: 48
NIteraciones: 100000

Costo_train: 0.002250
Precision_train: 1.000000
Recall_train: 1.000000
F1_train: 1.000000

Costo_test: 0.002050
Precision_test: 1.000000
Recall_test: 1.000000
F1_test: 1.000000
 

Arquitectura: _2_6_1_
Semilla: 1788083333
Segundos: 48
NIteraciones: 100000

Costo_train: 0.003610
Precision_train: 1.000000
Recall_train: 1.000000
F1_train: 1.000000

Costo_test: 0.002927
Precision_test: 1.000000
Recall_test: 1.000000
F1_test: 1.000000
 

Arquitectura: _2_6_1_
Semilla: 1788083333
Segundos: 48
NIteraciones: 100000

Costo_train: 0.003582
Precision_train: 1.000000
Recall_train: 1.000000
F1_train: 1.000000

Costo_test: 0.004076
Precision_test: 1.000000
Recall_test: 0.995074
F1_test: 0.997531
 

Arquitectura: _2_6_1_
Semilla: 1788083333
Segundos: 48
NIteraciones: 100000

Costo_train: 0.002663
Precision_train: 1.000000
Recall_train: 1.000000
F1_train: 1.000000

Costo_test: 0.002989
Precision_test: 1.000000
Recall_test: 1.000000
F1_test: 1.000000
 

Arquitectura: _2_6_1_
Semilla: 1788083333
Segundos: 48
NIteraciones: 100000

Costo_train: 0.001478
Precision_train: 1.000000
Recall_train: 1.000000
F1_train: 1.000000

Costo_test: 0.001353
Precision_test: 1.000000
Recall_test: 1.000000
F1_test: 1.000000
 

Arquitectura: _2_6_1_
Semilla: 1788083333
Segundos: 48
NIteraciones: 100000

Costo_train: 0.001110
Precision_train: 1.000000
Recall_train: 1.000000
F1_train: 1.000000

Costo_test: 0.001441
Precision_test: 1.000000
Recall_test: 1.000000
F1_test: 1.000000
 

Arquitectura: _2_6_1_
Semilla: 1788083333
Segundos: 48
NIteraciones: 100000

Costo_train: 0.002390
Precision_train: 1.000000
Recall_train: 1.000000
F1_train: 1.000000

Costo_test: 0.002131
Precision_test: 1.000000
Recall_test: 1.000000
F1_test: 1.000000
 

Arquitectura: _2_6_1_
Semilla: 1788083333
Segundos: 48
NIteraciones: 100000

Costo_train: 0.002750
Precision_train: 1.000000
Recall_train: 1.000000
F1_train: 1.000000

Costo_test: 0.003473
Precision_test: 1.000000
Recall_test: 0.995074
F1_test: 0.997531
 

Arquitectura: _2_6_1_
Semilla: 1788083333
Segundos: 48
NIteraciones: 100000

Costo_train: 0.001934
Precision_train: 1.000000
Recall_train: 1.000000
F1_train: 1.000000

Costo_test: 0.002515
Precision_test: 1.000000
Recall_test: 1.000000
F1_test: 1.000000
 

Arquitectura: _2_6_1_
Semilla: 1788083333
Segundos: 48
NIteraciones: 100000

Costo_train: 0.003085
Precision_train: 1.000000
Recall_train: 1.000000
F1_train: 1.000000

Costo_test: 0.002994
Precision_test: 1.000000
Recall_test: 1.000000
F1_test: 1.000000
 

Arquitectura: _2_6_1_
Semilla: 1788083333
Segundos: 48
NIteraciones: 100000

Costo_train: 0.001270
Precision_train: 1.000000
Recall_train: 1.000000
F1_train: 1.000000

Costo_test: 0.001466
Precision_test: 1.000000
Recall_test: 1.000000
F1_test: 1.000000
 

Arquitectura: _2_6_1_
Semilla: 1788083333
Segundos: 48
NIteraciones: 100000

Costo_train: 0.002024
Precision_train: 1.000000
Recall_train: 1.000000
F1_train: 1.000000

Costo_test: 0.001864
Precision_test: 1.000000
Recall_test: 1.000000
F1_test: 1.000000
 

Arquitectura: _2_6_1_
Semilla: 1788083333
Segundos: 48
NIteraciones: 100000

Costo_train: 0.001470
Precision_train: 1.000000
Recall_train: 1.000000
F1_train: 1.000000

Costo_test: 0.001488
Precision_test: 1.000000
Recall_test: 1.000000
F1_test: 1.000000
 

Arquitectura: _2_6_1_
Semilla: 1788083333
Segundos: 48
NIteraciones: 100000

Costo_train: 0.001753
Precision_train: 1.000000
Recall_train: 1.000000
F1_train: 1.000000

Costo_test: 0.001837
Precision_test: 1.000000
Recall_test: 1.000000
F1_test: 1.000000
 

Arquitectura: _2_6_1_
Semilla: 1788083333
Segundos: 48
NIteraciones: 100000

Costo_train: 0.003068
Precision_train: 1.000000
Recall_train: 1.000000
F1_train: 1.000000

Costo_test: 0.003751
Precision_test: 1.000000
Recall_test: 0.995074
F1_test: 0.997531
 

Arquitectura: _2_6_1_
Semilla: 1788083333
Segundos: 48
NIteraciones: 100000

Costo_train: 0.002822
Precision_train: 1.000000
Recall_train: 1.000000
F1_train: 1.000000

Costo_test: 0.002638
Precision_test: 1.000000
Recall_test: 1.000000
F1_test: 1.000000
 

Arquitectura: _2_6_1_
Semilla: 1788083333
Segundos: 48
NIteraciones: 100000

Costo_train: 0.002813
Precision_train: 1.000000
Recall_train: 1.000000
F1_train: 1.000000

Costo_test: 0.002535
Precision_test: 1.000000
Recall_test: 1.000000
F1_test: 1.000000
 

Arquitectura: _2_6_1_
Semilla: 1788083333
Segundos: 48
NIteraciones: 100000

Costo_train: 0.001786
Precision_train: 1.000000
Recall_train: 1.000000
F1_train: 1.000000

Costo_test: 0.001802
Precision_test: 1.000000
Recall_test: 1.000000
F1_test: 1.000000
 

Arquitectura: _2_6_1_
Semilla: 1788083333
Segundos: 48
NIteraciones: 100000

Costo_train: 0.002953
Precision_train: 1.000000
Recall_train: 1.000000
F1_train: 1.000000

Costo_test: 0.003464
Precision_test: 1.000000
Recall_test: 1.000000
F1_test: 1.000000
 

Arquitectura: _2_6_1_
Semilla: 1788083333
Segundos: 48
NIteraciones: 100000

Costo_train: 0.003672
Precision_train: 1.000000
Recall_train: 0.997491
F1_train: 0.998744

Costo_test: 0.004263
Precision_test: 1.000000
Recall_test: 1.000000
F1_test: 1.000000
 

Arquitectura: _2_6_1_
Semilla: 1788083333
Segundos: 48
NIteraciones: 100000

Costo_train: 0.002932
Precision_train: 1.000000
Recall_train: 0.998745
F1_train: 0.999372

Costo_test: 0.003522
Precision_test: 1.000000
Recall_test: 1.000000
F1_test: 1.000000
 

Arquitectura: _2_6_1_
Semilla: 1788083333
Segundos: 48
NIteraciones: 100000

Costo_train: 0.001363
Precision_train: 1.000000
Recall_train: 1.000000
F1_train: 1.000000

Costo_test: 0.001450
Precision_test: 1.000000
Recall_test: 1.000000
F1_test: 1.000000
 

Arquitectura: _2_6_1_
Semilla: 1788083333
Segundos: 48
NIteraciones: 100000

Costo_train: 0.003232
Precision_train: 0.998747
Recall_train: 1.000000
F1_train: 0.999373

Costo_test: 0.002538
Precision_test: 1.000000
Recall_test: 1.000000
F1_test: 1.000000
 

Arquitectura: _2_6_1_
Semilla: 1788083333
Segundos: 48
NIteraciones: 100000

Costo_train: 0.001945
Precision_train: 1.000000
Recall_train: 1.000000
F1_train: 1.000000

Costo_test: 0.001599
Precision_test: 1.000000
Recall_test: 1.000000
F1_test: 1.000000
 

Arquitectura: _2_6_1_
Semilla: 1788083333
Segundos: 48
NIteraciones: 100000

Costo_train: 0.003987
Precision_train: 1.000000
Recall_train: 1.000000
F1_train: 1.000000

Costo_test: 0.003381
Precision_test: 1.000000
Recall_test: 1.000000
F1_test: 1.000000
 

Arquitectura: _2_6_1_
Semilla: 1788083333
Segundos: 48
NIteraciones: 100000

Costo_train: 0.002646
Precision_train: 1.000000
Recall_train: 1.000000
F1_train: 1.000000

Costo_test: 0.003021
Precision_test: 1.000000
Recall_test: 1.000000
F1_test: 1.000000
 

Arquitectura: _2_6_1_
Semilla: 1788083333
Segundos: 48
NIteraciones: 100000

Costo_train: 0.003601
Precision_train: 1.000000
Recall_train: 1.000000
F1_train: 1.000000

Costo_test: 0.004003
Precision_test: 1.000000
Recall_test: 1.000000
F1_test: 1.000000
 

Arquitectura: _2_6_1_
Semilla: 1788083333
Segundos: 48
NIteraciones: 100000

Costo_train: 0.003455
Precision_train: 1.000000
Recall_train: 0.998745
F1_train: 0.999372

Costo_test: 0.004026
Precision_test: 1.000000
Recall_test: 1.000000
F1_test: 1.000000
 

Arquitectura: _2_6_1_
Semilla: 1788083333
Segundos: 48
NIteraciones: 100000

Costo_train: 0.002467
Precision_train: 1.000000
Recall_train: 1.000000
F1_train: 1.000000

Costo_test: 0.001928
Precision_test: 1.000000
Recall_test: 1.000000
F1_test: 1.000000
 

Arquitectura: _2_6_1_
Semilla: 1788083333
Segundos: 48
NIteraciones: 100000

Costo_train: 0.002843
Precision_train: 1.000000
Recall_train: 1.000000
F1_train: 1.000000

Costo_test: 0.003052
Precision_test: 1.000000
Recall_test: 1.000000
F1_test: 1.000000
 

Arquitectura: _2_6_1_
Semilla: 1788083333
Segundos: 48
NIteraciones: 100000

Costo_train: 0.002208
Precision_train: 1.000000
Recall_train: 0.998745
F1_train: 0.999372

Costo_test: 0.002311
Precision_test: 1.000000
Recall_test: 1.000000
F1_test: 1.000000
 

Arquitectura: _2_6_1_
Semilla: 1788083333
Segundos: 48
NIteraciones: 100000

Costo_train: 0.001997
Precision_train: 1.000000
Recall_train: 1.000000
F1_train: 1.000000

Costo_test: 0.001779
Precision_test: 1.000000
Recall_test: 1.000000
F1_test: 1.000000
 

Arquitectura: _2_6_1_
Semilla: 1788083333
Segundos: 48
NIteraciones: 100000

Costo_train: 0.002807
Precision_train: 1.000000
Recall_train: 1.000000
F1_train: 1.000000

Costo_test: 0.002576
Precision_test: 1.000000
Recall_test: 1.000000
F1_test: 1.000000
 

Arquitectura: _2_6_1_
Semilla: 1788083333
Segundos: 48
NIteraciones: 100000

Costo_train: 0.001077
Precision_train: 1.000000
Recall_train: 1.000000
F1_train: 1.000000

Costo_test: 0.001118
Precision_test: 1.000000
Recall_test: 1.000000
F1_test: 1.000000
 

Arquitectura: _2_6_1_
Semilla: 1788083333
Segundos: 48
NIteraciones: 100000

Costo_train: 0.001362
Precision_train: 1.000000
Recall_train: 1.000000
F1_train: 1.000000

Costo_test: 0.001327
Precision_test: 1.000000
Recall_test: 1.000000
F1_test: 1.000000
 

Arquitectura: _2_6_1_
Semilla: 1788083333
Segundos: 48
NIteraciones: 100000

Costo_train: 0.002634
Precision_train: 1.000000
Recall_train: 1.000000
F1_train: 1.000000

Costo_test: 0.002276
Precision_test: 1.000000
Recall_test: 1.000000
F1_test: 1.000000
 

Arquitectura: _2_6_1_
Semilla: 1788083333
Segundos: 48
NIteraciones: 100000

Costo_train: 0.004054
Precision_train: 1.000000
Recall_train: 0.998745
F1_train: 0.999372

Costo_test: 0.004413
Precision_test: 1.000000
Recall_test: 1.000000
F1_test: 1.000000
 

Arquitectura: _2_6_1_
Semilla: 1788083333
Segundos: 48
NIteraciones: 100000

Costo_train: 0.002460
Precision_train: 1.000000
Recall_train: 1.000000
F1_train: 1.000000

Costo_test: 0.002438
Precision_test: 1.000000
Recall_test: 1.000000
F1_test: 1.000000
 

Arquitectura: _2_6_1_
Semilla: 1788083333
Segundos: 48
NIteraciones: 100000

Costo_train: 0.001390
Precision_train: 1.000000
Recall_train: 1.000000
F1_train: 1.000000

Costo_test: 0.001327
Precision_test: 1.000000
Recall_test: 1.000000
F1_test: 1.000000
 

Arquitectura: _2_6_1_
Semilla: 1788083333
Segundos: 48
NIteraciones: 100000

Costo_train: 0.001178
Precision_train: 1.000000
Recall_train: 1.000000
F1_train: 1.000000

Costo_test: 0.001225
Precision_test: 1.000000
Recall_test: 1.000000
F1_test: 1.000000
 

Arquitectura: _2_6_1_
Semilla: 1788083333
Segundos: 48
NIteraciones: 100000

Costo_train: 0.003801
Precision_train: 1.000000
Recall_train: 0.998745
F1_train: 0.999372

Costo_test: 0.003601
Precision_test: 1.000000
Recall_test: 1.000000
F1_test: 1.000000
 

Arquitectura: _2_6_1_
Semilla: 1788083333
Segundos: 48
NIteraciones: 100000

Costo_train: 0.003355
Precision_train: 1.000000
Recall_train: 1.000000
F1_train: 1.000000

Costo_test: 0.003075
Precision_test: 1.000000
Recall_test: 1.000000
F1_test: 1.000000
 

Arquitectura: _2_6_1_
Semilla: 1788083333
Segundos: 48
NIteraciones: 100000

Costo_train: 0.002937
Precision_train: 1.000000
Recall_train: 1.000000
F1_train: 1.000000

Costo_test: 0.002662
Precision_test: 1.000000
Recall_test: 1.000000
F1_test: 1.000000
 

Arquitectura: _2_6_1_
Semilla: 1788083333
Segundos: 48
NIteraciones: 100000

Costo_train: 0.002141
Precision_train: 1.000000
Recall_train: 1.000000
F1_train: 1.000000

Costo_test: 0.001810
Precision_test: 1.000000
Recall_test: 1.000000
F1_test: 1.000000
 

Arquitectura: _2_6_1_
Semilla: 1788083333
Segundos: 48
NIteraciones: 100000

Costo_train: 0.002648
Precision_train: 1.000000
Recall_train: 1.000000
F1_train: 1.000000

Costo_test: 0.002603
Precision_test: 1.000000
Recall_test: 1.000000
F1_test: 1.000000
 

Arquitectura: _2_6_1_
Semilla: 1788083333
Segundos: 48
NIteraciones: 100000

Costo_train: 0.002557
Precision_train: 1.000000
Recall_train: 1.000000
F1_train: 1.000000

Costo_test: 0.003496
Precision_test: 1.000000
Recall_test: 0.995074
F1_test: 0.997531
 

Arquitectura: _2_6_1_
Semilla: 1788083333
Segundos: 48
NIteraciones: 100000

Costo_train: 0.002963
Precision_train: 1.000000
Recall_train: 1.000000
F1_train: 1.000000

Costo_test: 0.003342
Precision_test: 1.000000
Recall_test: 0.995074
F1_test: 0.997531
 

Arquitectura: _2_6_1_
Semilla: 1788083333
Segundos: 48
NIteraciones: 100000

Costo_train: 0.002705
Precision_train: 1.000000
Recall_train: 1.000000
F1_train: 1.000000

Costo_test: 0.002369
Precision_test: 1.000000
Recall_test: 1.000000
F1_test: 1.000000
 

Arquitectura: _2_6_1_
Semilla: 1788083333
Segundos: 48
NIteraciones: 100000

Costo_train: 0.002769
Precision_train: 1.000000
Recall_train: 1.000000
F1_train: 1.000000

Costo_test: 0.003039
Precision_test: 1.000000
Recall_test: 1.000000
F1_test: 1.000000
 

Arquitectura: _2_6_1_
Semilla: 1788083333
Segundos: 48
NIteraciones: 100000

Costo_train: 0.003174
Precision_train: 1.000000
Recall_train: 1.000000
F1_train: 1.000000

Costo_test: 0.003897
Precision_test: 1.000000
Recall_test: 0.995074
F1_test: 0.997531
 

Arquitectura: _2_6_1_
Semilla: 1788083333
Segundos: 48
NIteraciones: 100000

Costo_train: 0.001754
Precision_train: 1.000000
Recall_train: 1.000000
F1_train: 1.000000

Costo_test: 0.001879
Precision_test: 1.000000
Recall_test: 1.000000
F1_test: 1.000000
 

Arquitectura: _2_6_1_
Semilla: 1788083333
Segundos: 48
NIteraciones: 100000

Costo_train: 0.001236
Precision_train: 1.000000
Recall_train: 1.000000
F1_train: 1.000000

Costo_test: 0.001256
Precision_test: 1.000000
Recall_test: 1.000000
F1_test: 1.000000
 

Arquitectura: _2_6_1_
Semilla: 1788083333
Segundos: 48
NIteraciones: 100000

Costo_train: 0.002305
Precision_train: 1.000000
Recall_train: 1.000000
F1_train: 1.000000

Costo_test: 0.002357
Precision_test: 1.000000
Recall_test: 1.000000
F1_test: 1.000000
 

Arquitectura: _2_6_1_
Semilla: 1788083333
Segundos: 48
NIteraciones: 100000

Costo_train: 0.004074
Precision_train: 1.000000
Recall_train: 1.000000
F1_train: 1.000000

Costo_test: 0.004810
Precision_test: 1.000000
Recall_test: 0.995074
F1_test: 0.997531
 

Arquitectura: _2_6_1_
Semilla: 1788083333
Segundos: 48
NIteraciones: 100000

Costo_train: 0.001214
Precision_train: 1.000000
Recall_train: 1.000000
F1_train: 1.000000

Costo_test: 0.001311
Precision_test: 1.000000
Recall_test: 1.000000
F1_test: 1.000000
 

Arquitectura: _2_6_1_
Semilla: 1788083333
Segundos: 48
NIteraciones: 100000

Costo_train: 0.002668
Precision_train: 1.000000
Recall_train: 1.000000
F1_train: 1.000000

Costo_test: 0.002310
Precision_test: 1.000000
Recall_test: 1.000000
F1_test: 1.000000
 

Arquitectura: _2_6_1_
Semilla: 1788083333
Segundos: 48
NIteraciones: 100000

Costo_train: 0.003186
Precision_train: 1.000000
Recall_train: 1.000000
F1_train: 1.000000

Costo_test: 0.002938
Precision_test: 1.000000
Recall_test: 1.000000
F1_test: 1.000000
 

Arquitectura: _2_6_1_
Semilla: 1788083333
Segundos: 48
NIteraciones: 100000

Costo_train: 0.002561
Precision_train: 1.000000
Recall_train: 1.000000
F1_train: 1.000000

Costo_test: 0.002772
Precision_test: 1.000000
Recall_test: 1.000000
F1_test: 1.000000
 

Arquitectura: _2_6_1_
Semilla: 1788083333
Segundos: 48
NIteraciones: 100000

Costo_train: 0.002763
Precision_train: 1.000000
Recall_train: 0.998745
F1_train: 0.999372

Costo_test: 0.003081
Precision_test: 1.000000
Recall_test: 1.000000
F1_test: 1.000000
 

Arquitectura: _2_6_1_
Semilla: 1788083333
Segundos: 48
NIteraciones: 100000

Costo_train: 0.003768
Precision_train: 0.998745
Recall_train: 0.998745
F1_train: 0.998745

Costo_test: 0.003097
Precision_test: 1.000000
Recall_test: 1.000000
F1_test: 1.000000
 

Arquitectura: _2_6_1_
Semilla: 1788083333
Segundos: 48
NIteraciones: 100000

Costo_train: 0.002909
Precision_train: 1.000000
Recall_train: 1.000000
F1_train: 1.000000

Costo_test: 0.002959
Precision_test: 1.000000
Recall_test: 1.000000
F1_test: 1.000000
 

Arquitectura: _2_6_1_
Semilla: 1788083333
Segundos: 48
NIteraciones: 100000

Costo_train: 0.001697
Precision_train: 1.000000
Recall_train: 1.000000
F1_train: 1.000000

Costo_test: 0.002041
Precision_test: 1.000000
Recall_test: 1.000000
F1_test: 1.000000
 

Arquitectura: _2_6_1_
Semilla: 1788083333
Segundos: 48
NIteraciones: 100000

Costo_train: 0.001176
Precision_train: 1.000000
Recall_train: 1.000000
F1_train: 1.000000

Costo_test: 0.001138
Precision_test: 1.000000
Recall_test: 1.000000
F1_test: 1.000000
 


--- Test Profunda 2.0 ---
Iteración 10000
Costo: 0.249242
Iteración 20000
Costo: 0.242453
Iteración 30000
Costo: 0.172006
Iteración 40000
Costo: 0.152743
Iteración 50000
Costo: 0.008724
Iteración 60000
Costo: 0.003456
Iteración 70000
Costo: 0.002175
Iteración 80000
Costo: 0.001588
Iteración 90000
Costo: 0.001249

Arquitectura: _2_3_3_1_
Semilla: 1788083381
Segundos: 94
NIteraciones: 100000

Costo_train: 0.001029
Precision_train: 1.000000
Recall_train: 1.000000
F1_train: 1.000000

Costo_test: 0.001330
Precision_test: 1.000000
Recall_test: 1.000000
F1_test: 1.000000
 

Arquitectura: _2_3_3_1_
Semilla: 1788083381
Segundos: 94
NIteraciones: 100000

Costo_train: 0.001054
Precision_train: 1.000000
Recall_train: 1.000000
F1_train: 1.000000

Costo_test: 0.001187
Precision_test: 1.000000
Recall_test: 1.000000
F1_test: 1.000000
 

Arquitectura: _2_3_3_1_
Semilla: 1788083381
Segundos: 94
NIteraciones: 100000

Costo_train: 0.000982
Precision_train: 1.000000
Recall_train: 1.000000
F1_train: 1.000000

Costo_test: 0.000986
Precision_test: 1.000000
Recall_test: 1.000000
F1_test: 1.000000
 

Arquitectura: _2_3_3_1_
Semilla: 1788083381
Segundos: 94
NIteraciones: 100000

Costo_train: 0.001956
Precision_train: 1.000000
Recall_train: 1.000000
F1_train: 1.000000

Costo_test: 0.002229
Precision_test: 1.000000
Recall_test: 1.000000
F1_test: 1.000000
 

Arquitectura: _2_3_3_1_
Semilla: 1788083381
Segundos: 94
NIteraciones: 100000

Costo_train: 0.000654
Precision_train: 1.000000
Recall_train: 1.000000
F1_train: 1.000000

Costo_test: 0.000575
Precision_test: 1.000000
Recall_test: 1.000000
F1_test: 1.000000
 

Arquitectura: _2_3_3_1_
Semilla: 1788083381
Segundos: 94
NIteraciones: 100000

Costo_train: 0.004306
Precision_train: 1.000000
Recall_train: 0.998745
F1_train: 0.999372

Costo_test: 0.004426
Precision_test: 1.000000
Recall_test: 1.000000
F1_test: 1.000000
 

Arquitectura: _2_3_3_1_
Semilla: 1788083381
Segundos: 94
NIteraciones: 100000

Costo_train: 0.004036
Precision_train: 1.000000
Recall_train: 0.998745
F1_train: 0.999372

Costo_test: 0.004537
Precision_test: 1.000000
Recall_test: 0.995074
F1_test: 0.997531
 

Arquitectura: _2_3_3_1_
Semilla: 1788083381
Segundos: 94
NIteraciones: 100000

Costo_train: 0.002553
Precision_train: 1.000000
Recall_train: 1.000000
F1_train: 1.000000

Costo_test: 0.003000
Precision_test: 1.000000
Recall_test: 1.000000
F1_test: 1.000000
 

Arquitectura: _2_3_3_1_
Semilla: 1788083381
Segundos: 94
NIteraciones: 100000

Costo_train: 0.001830
Precision_train: 1.000000
Recall_train: 1.000000
F1_train: 1.000000

Costo_test: 0.002031
Precision_test: 1.000000
Recall_test: 1.000000
F1_test: 1.000000
 

Arquitectura: _2_3_3_1_
Semilla: 1788083381
Segundos: 94
NIteraciones: 100000

Costo_train: 0.001019
Precision_train: 1.000000
Recall_train: 1.000000
F1_train: 1.000000

Costo_test: 0.001241
Precision_test: 1.000000
Recall_test: 1.000000
F1_test: 1.000000
 

Arquitectura: _2_3_3_1_
Semilla: 1788083381
Segundos: 94
NIteraciones: 100000

Costo_train: 0.000832
Precision_train: 1.000000
Recall_train: 1.000000
F1_train: 1.000000

Costo_test: 0.001149
Precision_test: 1.000000
Recall_test: 1.000000
F1_test: 1.000000
 

Arquitectura: _2_3_3_1_
Semilla: 1788083381
Segundos: 94
NIteraciones: 100000

Costo_train: 0.150011
Precision_train: 0.717712
Recall_train: 0.976161
F1_train: 0.827220

Costo_test: 0.137074
Precision_test: 0.732601
Recall_test: 0.985222
F1_test: 0.840336
 

Arquitectura: _2_3_3_1_
Semilla: 1788083381
Segundos: 94
NIteraciones: 100000

Costo_train: 0.004243
Precision_train: 1.000000
Recall_train: 1.000000
F1_train: 1.000000

Costo_test: 0.004133
Precision_test: 1.000000
Recall_test: 0.995074
F1_test: 0.997531
 

Arquitectura: _2_3_3_1_
Semilla: 1788083381
Segundos: 94
NIteraciones: 100000

Costo_train: 0.000567
Precision_train: 1.000000
Recall_train: 1.000000
F1_train: 1.000000

Costo_test: 0.000695
Precision_test: 1.000000
Recall_test: 1.000000
F1_test: 1.000000
 

Arquitectura: _2_3_3_1_
Semilla: 1788083381
Segundos: 94
NIteraciones: 100000

Costo_train: 0.001029
Precision_train: 1.000000
Recall_train: 1.000000
F1_train: 1.000000

Costo_test: 0.001358
Precision_test: 1.000000
Recall_test: 1.000000
F1_test: 1.000000
 

Arquitectura: _2_3_3_1_
Semilla: 1788083381
Segundos: 94
NIteraciones: 100000

Costo_train: 0.000893
Precision_train: 1.000000
Recall_train: 1.000000
F1_train: 1.000000

Costo_test: 0.001235
Precision_test: 1.000000
Recall_test: 1.000000
F1_test: 1.000000
 

Arquitectura: _2_3_3_1_
Semilla: 1788083381
Segundos: 94
NIteraciones: 100000

Costo_train: 0.000691
Precision_train: 1.000000
Recall_train: 1.000000
F1_train: 1.000000

Costo_test: 0.000962
Precision_test: 1.000000
Recall_test: 1.000000
F1_test: 1.000000
 

Arquitectura: _2_3_3_1_
Semilla: 1788083381
Segundos: 94
NIteraciones: 100000

Costo_train: 0.146802
Precision_train: 0.723464
Recall_train: 0.974906
F1_train: 0.830572

Costo_test: 0.158345
Precision_test: 0.695502
Recall_test: 0.990148
F1_test: 0.817073
 

Arquitectura: _2_3_3_1_
Semilla: 1788083381
Segundos: 94
NIteraciones: 100000

Costo_train: 0.001191
Precision_train: 1.000000
Recall_train: 1.000000
F1_train: 1.000000

Costo_test: 0.000949
Precision_test: 1.000000
Recall_test: 1.000000
F1_test: 1.000000
 

Arquitectura: _2_3_3_1_
Semilla: 1788083381
Segundos: 94
NIteraciones: 100000

Costo_train: 0.000602
Precision_train: 1.000000
Recall_train: 1.000000
F1_train: 1.000000

Costo_test: 0.000864
Precision_test: 1.000000
Recall_test: 1.000000
F1_test: 1.000000
 

Arquitectura: _2_3_3_1_
Semilla: 1788083381
Segundos: 94
NIteraciones: 100000

Costo_train: 0.249927
Precision_train: 0.057034
Recall_train: 0.018821
F1_train: 0.028302

Costo_test: 0.250010
Precision_test: 0.028986
Recall_test: 0.009852
F1_test: 0.014706
 

Arquitectura: _2_3_3_1_
Semilla: 1788083381
Segundos: 94
NIteraciones: 100000

Costo_train: 0.001239
Precision_train: 1.000000
Recall_train: 1.000000
F1_train: 1.000000

Costo_test: 0.001546
Precision_test: 1.000000
Recall_test: 1.000000
F1_test: 1.000000
 

Arquitectura: _2_3_3_1_
Semilla: 1788083381
Segundos: 94
NIteraciones: 100000

Costo_train: 0.001189
Precision_train: 1.000000
Recall_train: 1.000000
F1_train: 1.000000

Costo_test: 0.001355
Precision_test: 1.000000
Recall_test: 1.000000
F1_test: 1.000000
 

Arquitectura: _2_3_3_1_
Semilla: 1788083381
Segundos: 94
NIteraciones: 100000

Costo_train: 0.001091
Precision_train: 1.000000
Recall_train: 1.000000
F1_train: 1.000000

Costo_test: 0.001009
Precision_test: 1.000000
Recall_test: 1.000000
F1_test: 1.000000
 

Arquitectura: _2_3_3_1_
Semilla: 1788083381
Segundos: 94
NIteraciones: 100000

Costo_train: 0.000583
Precision_train: 1.000000
Recall_train: 1.000000
F1_train: 1.000000

Costo_test: 0.000770
Precision_test: 1.000000
Recall_test: 1.000000
F1_test: 1.000000
 

Arquitectura: _2_3_3_1_
Semilla: 1788083381
Segundos: 94
NIteraciones: 100000

Costo_train: 0.000683
Precision_train: 1.000000
Recall_train: 1.000000
F1_train: 1.000000

Costo_test: 0.000796
Precision_test: 1.000000
Recall_test: 1.000000
F1_test: 1.000000
 

Arquitectura: _2_3_3_1_
Semilla: 1788083381
Segundos: 94
NIteraciones: 100000

Costo_train: 0.001171
Precision_train: 1.000000
Recall_train: 1.000000
F1_train: 1.000000

Costo_test: 0.001502
Precision_test: 1.000000
Recall_test: 1.000000
F1_test: 1.000000
 

Arquitectura: _2_3_3_1_
Semilla: 1788083381
Segundos: 94
NIteraciones: 100000

Costo_train: 0.000974
Precision_train: 1.000000
Recall_train: 1.000000
F1_train: 1.000000

Costo_test: 0.000877
Precision_test: 1.000000
Recall_test: 1.000000
F1_test: 1.000000
 

Arquitectura: _2_3_3_1_
Semilla: 1788083381
Segundos: 94
NIteraciones: 100000

Costo_train: 0.000809
Precision_train: 1.000000
Recall_train: 1.000000
F1_train: 1.000000

Costo_test: 0.000687
Precision_test: 1.000000
Recall_test: 1.000000
F1_test: 1.000000
 

Arquitectura: _2_3_3_1_
Semilla: 1788083381
Segundos: 94
NIteraciones: 100000

Costo_train: 0.001573
Precision_train: 1.000000
Recall_train: 1.000000
F1_train: 1.000000

Costo_test: 0.001914
Precision_test: 1.000000
Recall_test: 1.000000
F1_test: 1.000000
 

Arquitectura: _2_3_3_1_
Semilla: 1788083381
Segundos: 94
NIteraciones: 100000

Costo_train: 0.000757
Precision_train: 1.000000
Recall_train: 1.000000
F1_train: 1.000000

Costo_test: 0.000662
Precision_test: 1.000000
Recall_test: 1.000000
F1_test: 1.000000
 

Arquitectura: _2_3_3_1_
Semilla: 1788083381
Segundos: 94
NIteraciones: 100000

Costo_train: 0.003664
Precision_train: 1.000000
Recall_train: 1.000000
F1_train: 1.000000

Costo_test: 0.003092
Precision_test: 1.000000
Recall_test: 1.000000
F1_test: 1.000000
 

Arquitectura: _2_3_3_1_
Semilla: 1788083381
Segundos: 94
NIteraciones: 100000

Costo_train: 0.000717
Precision_train: 1.000000
Recall_train: 1.000000
F1_train: 1.000000

Costo_test: 0.000585
Precision_test: 1.000000
Recall_test: 1.000000
F1_test: 1.000000
 

Arquitectura: _2_3_3_1_
Semilla: 1788083381
Segundos: 94
NIteraciones: 100000

Costo_train: 0.144269
Precision_train: 0.727695
Recall_train: 0.982434
F1_train: 0.836092

Costo_test: 0.154447
Precision_test: 0.712766
Recall_test: 0.990148
F1_test: 0.828866
 

Arquitectura: _2_3_3_1_
Semilla: 1788083381
Segundos: 94
NIteraciones: 100000

Costo_train: 0.010702
Precision_train: 0.998745
Recall_train: 0.998745
F1_train: 0.998745

Costo_test: 0.009540
Precision_test: 1.000000
Recall_test: 1.000000
F1_test: 1.000000
 

Arquitectura: _2_3_3_1_
Semilla: 1788083381
Segundos: 94
NIteraciones: 100000

Costo_train: 0.000777
Precision_train: 1.000000
Recall_train: 1.000000
F1_train: 1.000000

Costo_test: 0.000684
Precision_test: 1.000000
Recall_test: 1.000000
F1_test: 1.000000
 

Arquitectura: _2_3_3_1_
Semilla: 1788083381
Segundos: 94
NIteraciones: 100000

Costo_train: 0.002402
Precision_train: 1.000000
Recall_train: 1.000000
F1_train: 1.000000

Costo_test: 0.003013
Precision_test: 1.000000
Recall_test: 0.995074
F1_test: 0.997531
 

Arquitectura: _2_3_3_1_
Semilla: 1788083381
Segundos: 94
NIteraciones: 100000

Costo_train: 0.000741
Precision_train: 1.000000
Recall_train: 1.000000
F1_train: 1.000000

Costo_test: 0.000699
Precision_test: 1.000000
Recall_test: 1.000000
F1_test: 1.000000
 

Arquitectura: _2_3_3_1_
Semilla: 1788083381
Segundos: 94
NIteraciones: 100000

Costo_train: 0.145734
Precision_train: 0.725417
Recall_train: 0.981179
F1_train: 0.834133

Costo_test: 0.152835
Precision_test: 0.723022
Recall_test: 0.990148
F1_test: 0.835759
 

Arquitectura: _2_3_3_1_
Semilla: 1788083381
Segundos: 94
NIteraciones: 100000

Costo_train: 0.000896
Precision_train: 1.000000
Recall_train: 1.000000
F1_train: 1.000000

Costo_test: 0.001090
Precision_test: 1.000000
Recall_test: 1.000000
F1_test: 1.000000
 

Arquitectura: _2_3_3_1_
Semilla: 1788083381
Segundos: 94
NIteraciones: 100000

Costo_train: 0.001106
Precision_train: 1.000000
Recall_train: 1.000000
F1_train: 1.000000

Costo_test: 0.001140
Precision_test: 1.000000
Recall_test: 1.000000
F1_test: 1.000000
 

Arquitectura: _2_3_3_1_
Semilla: 1788083381
Segundos: 94
NIteraciones: 100000

Costo_train: 0.001338
Precision_train: 1.000000
Recall_train: 1.000000
F1_train: 1.000000

Costo_test: 0.001513
Precision_test: 1.000000
Recall_test: 1.000000
F1_test: 1.000000
 

Arquitectura: _2_3_3_1_
Semilla: 1788083381
Segundos: 94
NIteraciones: 100000

Costo_train: 0.001303
Precision_train: 1.000000
Recall_train: 1.000000
F1_train: 1.000000

Costo_test: 0.001433
Precision_test: 1.000000
Recall_test: 1.000000
F1_test: 1.000000
 

Arquitectura: _2_3_3_1_
Semilla: 1788083381
Segundos: 94
NIteraciones: 100000

Costo_train: 0.000966
Precision_train: 1.000000
Recall_train: 1.000000
F1_train: 1.000000

Costo_test: 0.001152
Precision_test: 1.000000
Recall_test: 1.000000
F1_test: 1.000000
 

Arquitectura: _2_3_3_1_
Semilla: 1788083381
Segundos: 94
NIteraciones: 100000

Costo_train: 0.000752
Precision_train: 1.000000
Recall_train: 1.000000
F1_train: 1.000000

Costo_test: 0.000774
Precision_test: 1.000000
Recall_test: 1.000000
F1_test: 1.000000
 

Arquitectura: _2_3_3_1_
Semilla: 1788083381
Segundos: 94
NIteraciones: 100000

Costo_train: 0.049243
Precision_train: 0.946365
Recall_train: 0.996236
F1_train: 0.970660

Costo_test: 0.054829
Precision_test: 0.931193
Recall_test: 1.000000
F1_test: 0.964371
 

Arquitectura: _2_3_3_1_
Semilla: 1788083381
Segundos: 94
NIteraciones: 100000

Costo_train: 0.004766
Precision_train: 1.000000
Recall_train: 0.998745
F1_train: 0.999372

Costo_test: 0.004484
Precision_test: 1.000000
Recall_test: 1.000000
F1_test: 1.000000
 

Arquitectura: _2_3_3_1_
Semilla: 1788083381
Segundos: 94
NIteraciones: 100000

Costo_train: 0.001005
Precision_train: 1.000000
Recall_train: 1.000000
F1_train: 1.000000

Costo_test: 0.001057
Precision_test: 1.000000
Recall_test: 1.000000
F1_test: 1.000000
 

Arquitectura: _2_3_3_1_
Semilla: 1788083381
Segundos: 94
NIteraciones: 100000

Costo_train: 0.001096
Precision_train: 1.000000
Recall_train: 1.000000
F1_train: 1.000000

Costo_test: 0.001430
Precision_test: 1.000000
Recall_test: 1.000000
F1_test: 1.000000
 

Arquitectura: _2_3_3_1_
Semilla: 1788083381
Segundos: 94
NIteraciones: 100000

Costo_train: 0.000699
Precision_train: 1.000000
Recall_train: 1.000000
F1_train: 1.000000

Costo_test: 0.000595
Precision_test: 1.000000
Recall_test: 1.000000
F1_test: 1.000000
 

Arquitectura: _2_3_3_1_
Semilla: 1788083381
Segundos: 94
NIteraciones: 100000

Costo_train: 0.000705
Precision_train: 1.000000
Recall_train: 1.000000
F1_train: 1.000000

Costo_test: 0.000794
Precision_test: 1.000000
Recall_test: 1.000000
F1_test: 1.000000
 

Arquitectura: _2_3_3_1_
Semilla: 1788083381
Segundos: 94
NIteraciones: 100000

Costo_train: 0.000804
Precision_train: 1.000000
Recall_train: 1.000000
F1_train: 1.000000

Costo_test: 0.000982
Precision_test: 1.000000
Recall_test: 1.000000
F1_test: 1.000000
 

Arquitectura: _2_3_3_1_
Semilla: 1788083381
Segundos: 94
NIteraciones: 100000

Costo_train: 0.000633
Precision_train: 1.000000
Recall_train: 1.000000
F1_train: 1.000000

Costo_test: 0.000534
Precision_test: 1.000000
Recall_test: 1.000000
F1_test: 1.000000
 

Arquitectura: _2_3_3_1_
Semilla: 1788083381
Segundos: 94
NIteraciones: 100000

Costo_train: 0.002174
Precision_train: 1.000000
Recall_train: 1.000000
F1_train: 1.000000

Costo_test: 0.001832
Precision_test: 1.000000
Recall_test: 1.000000
F1_test: 1.000000
 

Arquitectura: _2_3_3_1_
Semilla: 1788083381
Segundos: 94
NIteraciones: 100000

Costo_train: 0.000534
Precision_train: 1.000000
Recall_train: 1.000000
F1_train: 1.000000

Costo_test: 0.000566
Precision_test: 1.000000
Recall_test: 1.000000
F1_test: 1.000000
 

Arquitectura: _2_3_3_1_
Semilla: 1788083381
Segundos: 94
NIteraciones: 100000

Costo_train: 0.145452
Precision_train: 0.724490
Recall_train: 0.979925
F1_train: 0.833067

Costo_test: 0.153476
Precision_test: 0.711744
Recall_test: 0.985222
F1_test: 0.826446
 

Arquitectura: _2_3_3_1_
Semilla: 1788083381
Segundos: 94
NIteraciones: 100000

Costo_train: 0.001639
Precision_train: 1.000000
Recall_train: 1.000000
F1_train: 1.000000

Costo_test: 0.002125
Precision_test: 1.000000
Recall_test: 1.000000
F1_test: 1.000000
 

Arquitectura: _2_3_3_1_
Semilla: 1788083381
Segundos: 94
NIteraciones: 100000

Costo_train: 0.000891
Precision_train: 1.000000
Recall_train: 1.000000
F1_train: 1.000000

Costo_test: 0.000769
Precision_test: 1.000000
Recall_test: 1.000000
F1_test: 1.000000
 

Arquitectura: _2_3_3_1_
Semilla: 1788083381
Segundos: 94
NIteraciones: 100000

Costo_train: 0.145859
Precision_train: 0.721707
Recall_train: 0.976161
F1_train: 0.829867

Costo_test: 0.157554
Precision_test: 0.695502
Recall_test: 0.990148
F1_test: 0.817073
 

Arquitectura: _2_3_3_1_
Semilla: 1788083381
Segundos: 94
NIteraciones: 100000

Costo_train: 0.002082
Precision_train: 1.000000
Recall_train: 1.000000
F1_train: 1.000000

Costo_test: 0.001718
Precision_test: 1.000000
Recall_test: 1.000000
F1_test: 1.000000
 

Arquitectura: _2_3_3_1_
Semilla: 1788083381
Segundos: 94
NIteraciones: 100000

Costo_train: 0.001982
Precision_train: 1.000000
Recall_train: 1.000000
F1_train: 1.000000

Costo_test: 0.001810
Precision_test: 1.000000
Recall_test: 1.000000
F1_test: 1.000000
 

Arquitectura: _2_3_3_1_
Semilla: 1788083381
Segundos: 94
NIteraciones: 100000

Costo_train: 0.001357
Precision_train: 1.000000
Recall_train: 1.000000
F1_train: 1.000000

Costo_test: 0.001691
Precision_test: 1.000000
Recall_test: 1.000000
F1_test: 1.000000
 

Arquitectura: _2_3_3_1_
Semilla: 1788083381
Segundos: 94
NIteraciones: 100000

Costo_train: 0.001382
Precision_train: 1.000000
Recall_train: 1.000000
F1_train: 1.000000

Costo_test: 0.001429
Precision_test: 1.000000
Recall_test: 1.000000
F1_test: 1.000000
 

Arquitectura: _2_3_3_1_
Semilla: 1788083381
Segundos: 94
NIteraciones: 100000

Costo_train: 0.001434
Precision_train: 1.000000
Recall_train: 1.000000
F1_train: 1.000000

Costo_test: 0.001270
Precision_test: 1.000000
Recall_test: 1.000000
F1_test: 1.000000
 

Arquitectura: _2_3_3_1_
Semilla: 1788083381
Segundos: 94
NIteraciones: 100000

Costo_train: 0.000822
Precision_train: 1.000000
Recall_train: 1.000000
F1_train: 1.000000

Costo_test: 0.000890
Precision_test: 1.000000
Recall_test: 1.000000
F1_test: 1.000000
 

Arquitectura: _2_3_3_1_
Semilla: 1788083381
Segundos: 94
NIteraciones: 100000

Costo_train: 0.000888
Precision_train: 1.000000
Recall_train: 1.000000
F1_train: 1.000000

Costo_test: 0.000937
Precision_test: 1.000000
Recall_test: 1.000000
F1_test: 1.000000
 

Arquitectura: _2_3_3_1_
Semilla: 1788083381
Segundos: 94
NIteraciones: 100000

Costo_train: 0.246227
Precision_train: 0.527233
Recall_train: 0.607277
F1_train: 0.564431

Costo_test: 0.247291
Precision_test: 0.524194
Recall_test: 0.640394
F1_test: 0.576497
 

Arquitectura: _2_3_3_1_
Semilla: 1788083381
Segundos: 94
NIteraciones: 100000

Costo_train: 0.000894
Precision_train: 1.000000
Recall_train: 1.000000
F1_train: 1.000000

Costo_test: 0.000735
Precision_test: 1.000000
Recall_test: 1.000000
F1_test: 1.000000
 

Arquitectura: _2_3_3_1_
Semilla: 1788083381
Segundos: 94
NIteraciones: 100000

Costo_train: 0.000867
Precision_train: 1.000000
Recall_train: 1.000000
F1_train: 1.000000

Costo_test: 0.001213
Precision_test: 1.000000
Recall_test: 1.000000
F1_test: 1.000000
 

Arquitectura: _2_3_3_1_
Semilla: 1788083381
Segundos: 94
NIteraciones: 100000

Costo_train: 0.001269
Precision_train: 1.000000
Recall_train: 1.000000
F1_train: 1.000000

Costo_test: 0.001463
Precision_test: 1.000000
Recall_test: 1.000000
F1_test: 1.000000
 

Arquitectura: _2_3_3_1_
Semilla: 1788083381
Segundos: 94
NIteraciones: 100000

Costo_train: 0.000832
Precision_train: 1.000000
Recall_train: 1.000000
F1_train: 1.000000

Costo_test: 0.001137
Precision_test: 1.000000
Recall_test: 1.000000
F1_test: 1.000000
 

Arquitectura: _2_3_3_1_
Semilla: 1788083381
Segundos: 94
NIteraciones: 100000

Costo_train: 0.000866
Precision_train: 1.000000
Recall_train: 1.000000
F1_train: 1.000000

Costo_test: 0.001053
Precision_test: 1.000000
Recall_test: 1.000000
F1_test: 1.000000
 

Arquitectura: _2_3_3_1_
Semilla: 1788083381
Segundos: 94
NIteraciones: 100000

Costo_train: 0.145738
Precision_train: 0.728798
Recall_train: 0.981179
F1_train: 0.836364

Costo_test: 0.155830
Precision_test: 0.711744
Recall_test: 0.985222
F1_test: 0.826446
 

Arquitectura: _2_3_3_1_
Semilla: 1788083381
Segundos: 94
NIteraciones: 100000

Costo_train: 0.000782
Precision_train: 1.000000
Recall_train: 1.000000
F1_train: 1.000000

Costo_test: 0.001144
Precision_test: 1.000000
Recall_test: 1.000000
F1_test: 1.000000
 

Arquitectura: _2_3_3_1_
Semilla: 1788083381
Segundos: 94
NIteraciones: 100000

Costo_train: 0.000955
Precision_train: 1.000000
Recall_train: 1.000000
F1_train: 1.000000

Costo_test: 0.001084
Precision_test: 1.000000
Recall_test: 1.000000
F1_test: 1.000000
 

Arquitectura: _2_3_3_1_
Semilla: 1788083381
Segundos: 94
NIteraciones: 100000

Costo_train: 0.000906
Precision_train: 1.000000
Recall_train: 1.000000
F1_train: 1.000000

Costo_test: 0.001117
Precision_test: 1.000000
Recall_test: 1.000000
F1_test: 1.000000
 

Arquitectura: _2_3_3_1_
Semilla: 1788083381
Segundos: 94
NIteraciones: 100000

Costo_train: 0.001659
Precision_train: 1.000000
Recall_train: 1.000000
F1_train: 1.000000

Costo_test: 0.001949
Precision_test: 1.000000
Recall_test: 1.000000
F1_test: 1.000000
 

Arquitectura: _2_3_3_1_
Semilla: 1788083381
Segundos: 94
NIteraciones: 100000

Costo_train: 0.001660
Precision_train: 1.000000
Recall_train: 1.000000
F1_train: 1.000000

Costo_test: 0.001385
Precision_test: 1.000000
Recall_test: 1.000000
F1_test: 1.000000
 

Arquitectura: _2_3_3_1_
Semilla: 1788083381
Segundos: 94
NIteraciones: 100000

Costo_train: 0.146816
Precision_train: 0.724395
Recall_train: 0.976161
F1_train: 0.831641

Costo_test: 0.158470
Precision_test: 0.695502
Recall_test: 0.990148
F1_test: 0.817073
 

Arquitectura: _2_3_3_1_
Semilla: 1788083381
Segundos: 94
NIteraciones: 100000

Costo_train: 0.249775
Precision_train: 0.466077
Recall_train: 0.396487
F1_train: 0.428475

Costo_test: 0.249573
Precision_test: 0.500000
Recall_test: 0.369458
F1_test: 0.424929
 

Arquitectura: _2_3_3_1_
Semilla: 1788083381
Segundos: 94
NIteraciones: 100000

Costo_train: 0.000784
Precision_train: 1.000000
Recall_train: 1.000000
F1_train: 1.000000

Costo_test: 0.000676
Precision_test: 1.000000
Recall_test: 1.000000
F1_test: 1.000000
 

Arquitectura: _2_3_3_1_
Semilla: 1788083381
Segundos: 94
NIteraciones: 100000

Costo_train: 0.000940
Precision_train: 1.000000
Recall_train: 1.000000
F1_train: 1.000000

Costo_test: 0.001244
Precision_test: 1.000000
Recall_test: 1.000000
F1_test: 1.000000
 

Arquitectura: _2_3_3_1_
Semilla: 1788083381
Segundos: 94
NIteraciones: 100000

Costo_train: 0.001022
Precision_train: 1.000000
Recall_train: 1.000000
F1_train: 1.000000

Costo_test: 0.001248
Precision_test: 1.000000
Recall_test: 1.000000
F1_test: 1.000000
 

Arquitectura: _2_3_3_1_
Semilla: 1788083381
Segundos: 94
NIteraciones: 100000

Costo_train: 0.144018
Precision_train: 0.724395
Recall_train: 0.976161
F1_train: 0.831641

Costo_test: 0.155575
Precision_test: 0.697917
Recall_test: 0.990148
F1_test: 0.818737
 

Arquitectura: _2_3_3_1_
Semilla: 1788083381
Segundos: 94
NIteraciones: 100000

Costo_train: 0.000932
Precision_train: 1.000000
Recall_train: 1.000000
F1_train: 1.000000

Costo_test: 0.000790
Precision_test: 1.000000
Recall_test: 1.000000
F1_test: 1.000000
 

Arquitectura: _2_3_3_1_
Semilla: 1788083381
Segundos: 94
NIteraciones: 100000

Costo_train: 0.001103
Precision_train: 1.000000
Recall_train: 1.000000
F1_train: 1.000000

Costo_test: 0.001020
Precision_test: 1.000000
Recall_test: 1.000000
F1_test: 1.000000
 

Arquitectura: _2_3_3_1_
Semilla: 1788083381
Segundos: 94
NIteraciones: 100000

Costo_train: 0.002512
Precision_train: 1.000000
Recall_train: 1.000000
F1_train: 1.000000

Costo_test: 0.002952
Precision_test: 1.000000
Recall_test: 1.000000
F1_test: 1.000000
 

Arquitectura: _2_3_3_1_
Semilla: 1788083381
Segundos: 94
NIteraciones: 100000

Costo_train: 0.000623
Precision_train: 1.000000
Recall_train: 1.000000
F1_train: 1.000000

Costo_test: 0.000554
Precision_test: 1.000000
Recall_test: 1.000000
F1_test: 1.000000
 

Arquitectura: _2_3_3_1_
Semilla: 1788083381
Segundos: 94
NIteraciones: 100000

Costo_train: 0.001095
Precision_train: 1.000000
Recall_train: 1.000000
F1_train: 1.000000

Costo_test: 0.001349
Precision_test: 1.000000
Recall_test: 1.000000
F1_test: 1.000000
 

Arquitectura: _2_3_3_1_
Semilla: 1788083381
Segundos: 94
NIteraciones: 100000

Costo_train: 0.002628
Precision_train: 1.000000
Recall_train: 1.000000
F1_train: 1.000000

Costo_test: 0.002162
Precision_test: 1.000000
Recall_test: 1.000000
F1_test: 1.000000
 

Arquitectura: _2_3_3_1_
Semilla: 1788083381
Segundos: 94
NIteraciones: 100000

Costo_train: 0.000958
Precision_train: 1.000000
Recall_train: 1.000000
F1_train: 1.000000

Costo_test: 0.000986
Precision_test: 1.000000
Recall_test: 1.000000
F1_test: 1.000000
 

Arquitectura: _2_3_3_1_
Semilla: 1788083381
Segundos: 94
NIteraciones: 100000

Costo_train: 0.000863
Precision_train: 1.000000
Recall_train: 1.000000
F1_train: 1.000000

Costo_test: 0.000735
Precision_test: 1.000000
Recall_test: 1.000000
F1_test: 1.000000
 

Arquitectura: _2_3_3_1_
Semilla: 1788083381
Segundos: 94
NIteraciones: 100000

Costo_train: 0.001028
Precision_train: 1.000000
Recall_train: 1.000000
F1_train: 1.000000

Costo_test: 0.001165
Precision_test: 1.000000
Recall_test: 1.000000
F1_test: 1.000000
 

Arquitectura: _2_3_3_1_
Semilla: 1788083381
Segundos: 94
NIteraciones: 100000

Costo_train: 0.000689
Precision_train: 1.000000
Recall_train: 1.000000
F1_train: 1.000000

Costo_test: 0.000610
Precision_test: 1.000000
Recall_test: 1.000000
F1_test: 1.000000
 

Arquitectura: _2_3_3_1_
Semilla: 1788083381
Segundos: 94
NIteraciones: 100000

Costo_train: 0.145611
Precision_train: 0.728545
Recall_train: 0.979925
F1_train: 0.835741

Costo_test: 0.149680
Precision_test: 0.722022
Recall_test: 0.985222
F1_test: 0.833333
 

Arquitectura: _2_3_3_1_
Semilla: 1788083381
Segundos: 94
NIteraciones: 100000

Costo_train: 0.002712
Precision_train: 1.000000
Recall_train: 1.000000
F1_train: 1.000000

Costo_test: 0.003043
Precision_test: 1.000000
Recall_test: 1.000000
F1_test: 1.000000
 

Arquitectura: _2_3_3_1_
Semilla: 1788083381
Segundos: 94
NIteraciones: 100000

Costo_train: 0.001272
Precision_train: 1.000000
Recall_train: 1.000000
F1_train: 1.000000

Costo_test: 0.001476
Precision_test: 1.000000
Recall_test: 1.000000
F1_test: 1.000000
 

Arquitectura: _2_3_3_1_
Semilla: 1788083381
Segundos: 94
NIteraciones: 100000

Costo_train: 0.000824
Precision_train: 1.000000
Recall_train: 1.000000
F1_train: 1.000000

Costo_test: 0.000795
Precision_test: 1.000000
Recall_test: 1.000000
F1_test: 1.000000
 

Arquitectura: _2_3_3_1_
Semilla: 1788083381
Segundos: 94
NIteraciones: 100000

Costo_train: 0.003580
Precision_train: 1.000000
Recall_train: 1.000000
F1_train: 1.000000

Costo_test: 0.003230
Precision_test: 1.000000
Recall_test: 1.000000
F1_test: 1.000000
 

Arquitectura: _2_3_3_1_
Semilla: 1788083381
Segundos: 94
NIteraciones: 100000

Costo_train: 0.000815
Precision_train: 1.000000
Recall_train: 1.000000
F1_train: 1.000000

Costo_test: 0.001057
Precision_test: 1.000000
Recall_test: 1.000000
F1_test: 1.000000
 


--- Test Angosta 3.0 ---
Iteración 10000
Costo: 0.193748
Iteración 20000
Costo: 0.019413
Iteración 30000
Costo: 0.009112
Iteración 40000
Costo: 0.005986
Iteración 50000
Costo: 0.004436
Iteración 60000
Costo: 0.003497
Iteración 70000
Costo: 0.002865
Iteración 80000
Costo: 0.002409
Iteración 90000
Costo: 0.002066

Arquitectura: _2_9_1_
Semilla: 1788083475
Segundos: 51
NIteraciones: 100000

Costo_train: 0.001798
Precision_train: 1.000000
Recall_train: 1.000000
F1_train: 1.000000

Costo_test: 0.002060
Precision_test: 1.000000
Recall_test: 1.000000
F1_test: 1.000000
 

Arquitectura: _2_9_1_
Semilla: 1788083475
Segundos: 51
NIteraciones: 100000

Costo_train: 0.002312
Precision_train: 1.000000
Recall_train: 1.000000
F1_train: 1.000000

Costo_test: 0.002899
Precision_test: 1.000000
Recall_test: 1.000000
F1_test: 1.000000
 

Arquitectura: _2_9_1_
Semilla: 1788083475
Segundos: 51
NIteraciones: 100000

Costo_train: 0.001856
Precision_train: 1.000000
Recall_train: 1.000000
F1_train: 1.000000

Costo_test: 0.001701
Precision_test: 1.000000
Recall_test: 1.000000
F1_test: 1.000000
 

Arquitectura: _2_9_1_
Semilla: 1788083475
Segundos: 51
NIteraciones: 100000

Costo_train: 0.001201
Precision_train: 1.000000
Recall_train: 1.000000
F1_train: 1.000000

Costo_test: 0.001285
Precision_test: 1.000000
Recall_test: 1.000000
F1_test: 1.000000
 

Arquitectura: _2_9_1_
Semilla: 1788083475
Segundos: 51
NIteraciones: 100000

Costo_train: 0.001523
Precision_train: 1.000000
Recall_train: 1.000000
F1_train: 1.000000

Costo_test: 0.001807
Precision_test: 1.000000
Recall_test: 1.000000
F1_test: 1.000000
 

Arquitectura: _2_9_1_
Semilla: 1788083475
Segundos: 51
NIteraciones: 100000

Costo_train: 0.003683
Precision_train: 1.000000
Recall_train: 1.000000
F1_train: 1.000000

Costo_test: 0.003018
Precision_test: 1.000000
Recall_test: 1.000000
F1_test: 1.000000
 

Arquitectura: _2_9_1_
Semilla: 1788083475
Segundos: 51
NIteraciones: 100000

Costo_train: 0.002891
Precision_train: 1.000000
Recall_train: 0.998745
F1_train: 0.999372

Costo_test: 0.002882
Precision_test: 1.000000
Recall_test: 1.000000
F1_test: 1.000000
 

Arquitectura: _2_9_1_
Semilla: 1788083475
Segundos: 51
NIteraciones: 100000

Costo_train: 0.001255
Precision_train: 1.000000
Recall_train: 1.000000
F1_train: 1.000000

Costo_test: 0.001148
Precision_test: 1.000000
Recall_test: 1.000000
F1_test: 1.000000
 

Arquitectura: _2_9_1_
Semilla: 1788083475
Segundos: 51
NIteraciones: 100000

Costo_train: 0.001722
Precision_train: 1.000000
Recall_train: 1.000000
F1_train: 1.000000

Costo_test: 0.001626
Precision_test: 1.000000
Recall_test: 1.000000
F1_test: 1.000000
 

Arquitectura: _2_9_1_
Semilla: 1788083475
Segundos: 51
NIteraciones: 100000

Costo_train: 0.002300
Precision_train: 1.000000
Recall_train: 1.000000
F1_train: 1.000000

Costo_test: 0.003041
Precision_test: 1.000000
Recall_test: 1.000000
F1_test: 1.000000
 

Arquitectura: _2_9_1_
Semilla: 1788083475
Segundos: 51
NIteraciones: 100000

Costo_train: 0.001159
Precision_train: 1.000000
Recall_train: 1.000000
F1_train: 1.000000

Costo_test: 0.001085
Precision_test: 1.000000
Recall_test: 1.000000
F1_test: 1.000000
 

Arquitectura: _2_9_1_
Semilla: 1788083475
Segundos: 51
NIteraciones: 100000

Costo_train: 0.001401
Precision_train: 1.000000
Recall_train: 1.000000
F1_train: 1.000000

Costo_test: 0.001294
Precision_test: 1.000000
Recall_test: 1.000000
F1_test: 1.000000
 

Arquitectura: _2_9_1_
Semilla: 1788083475
Segundos: 51
NIteraciones: 100000

Costo_train: 0.002914
Precision_train: 1.000000
Recall_train: 1.000000
F1_train: 1.000000

Costo_test: 0.003219
Precision_test: 1.000000
Recall_test: 1.000000
F1_test: 1.000000
 

Arquitectura: _2_9_1_
Semilla: 1788083475
Segundos: 51
NIteraciones: 100000

Costo_train: 0.001506
Precision_train: 1.000000
Recall_train: 1.000000
F1_train: 1.000000

Costo_test: 0.001594
Precision_test: 1.000000
Recall_test: 1.000000
F1_test: 1.000000
 

Arquitectura: _2_9_1_
Semilla: 1788083475
Segundos: 51
NIteraciones: 100000

Costo_train: 0.002715
Precision_train: 1.000000
Recall_train: 1.000000
F1_train: 1.000000

Costo_test: 0.002804
Precision_test: 1.000000
Recall_test: 1.000000
F1_test: 1.000000
 

Arquitectura: _2_9_1_
Semilla: 1788083475
Segundos: 51
NIteraciones: 100000

Costo_train: 0.002879
Precision_train: 1.000000
Recall_train: 1.000000
F1_train: 1.000000

Costo_test: 0.003269
Precision_test: 1.000000
Recall_test: 1.000000
F1_test: 1.000000
 

Arquitectura: _2_9_1_
Semilla: 1788083475
Segundos: 51
NIteraciones: 100000

Costo_train: 0.001419
Precision_train: 1.000000
Recall_train: 1.000000
F1_train: 1.000000

Costo_test: 0.001369
Precision_test: 1.000000
Recall_test: 1.000000
F1_test: 1.000000
 

Arquitectura: _2_9_1_
Semilla: 1788083475
Segundos: 51
NIteraciones: 100000

Costo_train: 0.001800
Precision_train: 1.000000
Recall_train: 1.000000
F1_train: 1.000000

Costo_test: 0.001955
Precision_test: 1.000000
Recall_test: 1.000000
F1_test: 1.000000
 

Arquitectura: _2_9_1_
Semilla: 1788083475
Segundos: 51
NIteraciones: 100000

Costo_train: 0.003350
Precision_train: 1.000000
Recall_train: 0.998745
F1_train: 0.999372

Costo_test: 0.003655
Precision_test: 1.000000
Recall_test: 1.000000
F1_test: 1.000000
 

Arquitectura: _2_9_1_
Semilla: 1788083475
Segundos: 51
NIteraciones: 100000

Costo_train: 0.002638
Precision_train: 1.000000
Recall_train: 1.000000
F1_train: 1.000000

Costo_test: 0.002247
Precision_test: 1.000000
Recall_test: 1.000000
F1_test: 1.000000
 

Arquitectura: _2_9_1_
Semilla: 1788083475
Segundos: 51
NIteraciones: 100000

Costo_train: 0.003582
Precision_train: 1.000000
Recall_train: 0.997491
F1_train: 0.998744

Costo_test: 0.004204
Precision_test: 1.000000
Recall_test: 1.000000
F1_test: 1.000000
 

Arquitectura: _2_9_1_
Semilla: 1788083475
Segundos: 51
NIteraciones: 100000

Costo_train: 0.003202
Precision_train: 1.000000
Recall_train: 1.000000
F1_train: 1.000000

Costo_test: 0.002929
Precision_test: 1.000000
Recall_test: 1.000000
F1_test: 1.000000
 

Arquitectura: _2_9_1_
Semilla: 1788083475
Segundos: 51
NIteraciones: 100000

Costo_train: 0.001448
Precision_train: 1.000000
Recall_train: 1.000000
F1_train: 1.000000

Costo_test: 0.001464
Precision_test: 1.000000
Recall_test: 1.000000
F1_test: 1.000000
 

Arquitectura: _2_9_1_
Semilla: 1788083475
Segundos: 51
NIteraciones: 100000

Costo_train: 0.002091
Precision_train: 1.000000
Recall_train: 1.000000
F1_train: 1.000000

Costo_test: 0.002662
Precision_test: 1.000000
Recall_test: 1.000000
F1_test: 1.000000
 

Arquitectura: _2_9_1_
Semilla: 1788083475
Segundos: 51
NIteraciones: 100000

Costo_train: 0.001626
Precision_train: 1.000000
Recall_train: 1.000000
F1_train: 1.000000

Costo_test: 0.001898
Precision_test: 1.000000
Recall_test: 1.000000
F1_test: 1.000000
 

Arquitectura: _2_9_1_
Semilla: 1788083475
Segundos: 51
NIteraciones: 100000

Costo_train: 0.001744
Precision_train: 1.000000
Recall_train: 1.000000
F1_train: 1.000000

Costo_test: 0.001476
Precision_test: 1.000000
Recall_test: 1.000000
F1_test: 1.000000
 

Arquitectura: _2_9_1_
Semilla: 1788083475
Segundos: 51
NIteraciones: 100000

Costo_train: 0.001455
Precision_train: 1.000000
Recall_train: 1.000000
F1_train: 1.000000

Costo_test: 0.001457
Precision_test: 1.000000
Recall_test: 1.000000
F1_test: 1.000000
 

Arquitectura: _2_9_1_
Semilla: 1788083475
Segundos: 51
NIteraciones: 100000

Costo_train: 0.002529
Precision_train: 1.000000
Recall_train: 1.000000
F1_train: 1.000000

Costo_test: 0.002819
Precision_test: 1.000000
Recall_test: 0.995074
F1_test: 0.997531
 

Arquitectura: _2_9_1_
Semilla: 1788083475
Segundos: 51
NIteraciones: 100000

Costo_train: 0.003990
Precision_train: 1.000000
Recall_train: 1.000000
F1_train: 1.000000

Costo_test: 0.003720
Precision_test: 1.000000
Recall_test: 1.000000
F1_test: 1.000000
 

Arquitectura: _2_9_1_
Semilla: 1788083475
Segundos: 51
NIteraciones: 100000

Costo_train: 0.000937
Precision_train: 1.000000
Recall_train: 1.000000
F1_train: 1.000000

Costo_test: 0.001065
Precision_test: 1.000000
Recall_test: 1.000000
F1_test: 1.000000
 

Arquitectura: _2_9_1_
Semilla: 1788083475
Segundos: 51
NIteraciones: 100000

Costo_train: 0.001085
Precision_train: 1.000000
Recall_train: 1.000000
F1_train: 1.000000

Costo_test: 0.001119
Precision_test: 1.000000
Recall_test: 1.000000
F1_test: 1.000000
 

Arquitectura: _2_9_1_
Semilla: 1788083475
Segundos: 51
NIteraciones: 100000

Costo_train: 0.002194
Precision_train: 1.000000
Recall_train: 1.000000
F1_train: 1.000000

Costo_test: 0.002924
Precision_test: 1.000000
Recall_test: 1.000000
F1_test: 1.000000
 

Arquitectura: _2_9_1_
Semilla: 1788083475
Segundos: 51
NIteraciones: 100000

Costo_train: 0.002360
Precision_train: 1.000000
Recall_train: 1.000000
F1_train: 1.000000

Costo_test: 0.002955
Precision_test: 1.000000
Recall_test: 1.000000
F1_test: 1.000000
 

Arquitectura: _2_9_1_
Semilla: 1788083475
Segundos: 51
NIteraciones: 100000

Costo_train: 0.001228
Precision_train: 1.000000
Recall_train: 1.000000
F1_train: 1.000000

Costo_test: 0.001343
Precision_test: 1.000000
Recall_test: 1.000000
F1_test: 1.000000
 

Arquitectura: _2_9_1_
Semilla: 1788083475
Segundos: 51
NIteraciones: 100000

Costo_train: 0.001552
Precision_train: 1.000000
Recall_train: 1.000000
F1_train: 1.000000

Costo_test: 0.001479
Precision_test: 1.000000
Recall_test: 1.000000
F1_test: 1.000000
 

Arquitectura: _2_9_1_
Semilla: 1788083475
Segundos: 51
NIteraciones: 100000

Costo_train: 0.001120
Precision_train: 1.000000
Recall_train: 1.000000
F1_train: 1.000000

Costo_test: 0.001175
Precision_test: 1.000000
Recall_test: 1.000000
F1_test: 1.000000
 

Arquitectura: _2_9_1_
Semilla: 1788083475
Segundos: 51
NIteraciones: 100000

Costo_train: 0.002593
Precision_train: 1.000000
Recall_train: 1.000000
F1_train: 1.000000

Costo_test: 0.003131
Precision_test: 1.000000
Recall_test: 1.000000
F1_test: 1.000000
 

Arquitectura: _2_9_1_
Semilla: 1788083475
Segundos: 51
NIteraciones: 100000

Costo_train: 0.002174
Precision_train: 1.000000
Recall_train: 1.000000
F1_train: 1.000000

Costo_test: 0.002247
Precision_test: 1.000000
Recall_test: 1.000000
F1_test: 1.000000
 

Arquitectura: _2_9_1_
Semilla: 1788083475
Segundos: 51
NIteraciones: 100000

Costo_train: 0.000948
Precision_train: 1.000000
Recall_train: 1.000000
F1_train: 1.000000

Costo_test: 0.000924
Precision_test: 1.000000
Recall_test: 1.000000
F1_test: 1.000000
 

Arquitectura: _2_9_1_
Semilla: 1788083475
Segundos: 51
NIteraciones: 100000

Costo_train: 0.002687
Precision_train: 1.000000
Recall_train: 1.000000
F1_train: 1.000000

Costo_test: 0.002781
Precision_test: 1.000000
Recall_test: 1.000000
F1_test: 1.000000
 

Arquitectura: _2_9_1_
Semilla: 1788083475
Segundos: 51
NIteraciones: 100000

Costo_train: 0.001695
Precision_train: 1.000000
Recall_train: 1.000000
F1_train: 1.000000

Costo_test: 0.001603
Precision_test: 1.000000
Recall_test: 1.000000
F1_test: 1.000000
 

Arquitectura: _2_9_1_
Semilla: 1788083475
Segundos: 51
NIteraciones: 100000

Costo_train: 0.002978
Precision_train: 1.000000
Recall_train: 1.000000
F1_train: 1.000000

Costo_test: 0.002552
Precision_test: 1.000000
Recall_test: 1.000000
F1_test: 1.000000
 

Arquitectura: _2_9_1_
Semilla: 1788083475
Segundos: 51
NIteraciones: 100000

Costo_train: 0.002911
Precision_train: 1.000000
Recall_train: 1.000000
F1_train: 1.000000

Costo_test: 0.002595
Precision_test: 1.000000
Recall_test: 1.000000
F1_test: 1.000000
 

Arquitectura: _2_9_1_
Semilla: 1788083475
Segundos: 51
NIteraciones: 100000

Costo_train: 0.003520
Precision_train: 1.000000
Recall_train: 1.000000
F1_train: 1.000000

Costo_test: 0.002985
Precision_test: 1.000000
Recall_test: 1.000000
F1_test: 1.000000
 

Arquitectura: _2_9_1_
Semilla: 1788083475
Segundos: 51
NIteraciones: 100000

Costo_train: 0.003278
Precision_train: 1.000000
Recall_train: 1.000000
F1_train: 1.000000

Costo_test: 0.003671
Precision_test: 1.000000
Recall_test: 1.000000
F1_test: 1.000000
 

Arquitectura: _2_9_1_
Semilla: 1788083475
Segundos: 51
NIteraciones: 100000

Costo_train: 0.002424
Precision_train: 1.000000
Recall_train: 1.000000
F1_train: 1.000000

Costo_test: 0.002781
Precision_test: 1.000000
Recall_test: 1.000000
F1_test: 1.000000
 

Arquitectura: _2_9_1_
Semilla: 1788083475
Segundos: 51
NIteraciones: 100000

Costo_train: 0.002414
Precision_train: 1.000000
Recall_train: 1.000000
F1_train: 1.000000

Costo_test: 0.002761
Precision_test: 1.000000
Recall_test: 1.000000
F1_test: 1.000000
 

Arquitectura: _2_9_1_
Semilla: 1788083475
Segundos: 51
NIteraciones: 100000

Costo_train: 0.002774
Precision_train: 1.000000
Recall_train: 1.000000
F1_train: 1.000000

Costo_test: 0.002359
Precision_test: 1.000000
Recall_test: 1.000000
F1_test: 1.000000
 

Arquitectura: _2_9_1_
Semilla: 1788083475
Segundos: 51
NIteraciones: 100000

Costo_train: 0.002873
Precision_train: 1.000000
Recall_train: 1.000000
F1_train: 1.000000

Costo_test: 0.002865
Precision_test: 1.000000
Recall_test: 1.000000
F1_test: 1.000000
 

Arquitectura: _2_9_1_
Semilla: 1788083475
Segundos: 51
NIteraciones: 100000

Costo_train: 0.002586
Precision_train: 1.000000
Recall_train: 1.000000
F1_train: 1.000000

Costo_test: 0.003072
Precision_test: 1.000000
Recall_test: 1.000000
F1_test: 1.000000
 

Arquitectura: _2_9_1_
Semilla: 1788083475
Segundos: 51
NIteraciones: 100000

Costo_train: 0.002979
Precision_train: 1.000000
Recall_train: 1.000000
F1_train: 1.000000

Costo_test: 0.002753
Precision_test: 1.000000
Recall_test: 1.000000
F1_test: 1.000000
 

Arquitectura: _2_9_1_
Semilla: 1788083475
Segundos: 51
NIteraciones: 100000

Costo_train: 0.003306
Precision_train: 1.000000
Recall_train: 1.000000
F1_train: 1.000000

Costo_test: 0.003008
Precision_test: 1.000000
Recall_test: 1.000000
F1_test: 1.000000
 

Arquitectura: _2_9_1_
Semilla: 1788083475
Segundos: 51
NIteraciones: 100000

Costo_train: 0.003373
Precision_train: 1.000000
Recall_train: 0.997491
F1_train: 0.998744

Costo_test: 0.003973
Precision_test: 1.000000
Recall_test: 1.000000
F1_test: 1.000000
 

Arquitectura: _2_9_1_
Semilla: 1788083475
Segundos: 51
NIteraciones: 100000

Costo_train: 0.001981
Precision_train: 1.000000
Recall_train: 1.000000
F1_train: 1.000000

Costo_test: 0.002103
Precision_test: 1.000000
Recall_test: 1.000000
F1_test: 1.000000
 

Arquitectura: _2_9_1_
Semilla: 1788083475
Segundos: 51
NIteraciones: 100000

Costo_train: 0.002025
Precision_train: 1.000000
Recall_train: 1.000000
F1_train: 1.000000

Costo_test: 0.002775
Precision_test: 1.000000
Recall_test: 1.000000
F1_test: 1.000000
 

Arquitectura: _2_9_1_
Semilla: 1788083475
Segundos: 51
NIteraciones: 100000

Costo_train: 0.003886
Precision_train: 1.000000
Recall_train: 0.998745
F1_train: 0.999372

Costo_test: 0.003800
Precision_test: 1.000000
Recall_test: 1.000000
F1_test: 1.000000
 

Arquitectura: _2_9_1_
Semilla: 1788083475
Segundos: 51
NIteraciones: 100000

Costo_train: 0.001824
Precision_train: 1.000000
Recall_train: 1.000000
F1_train: 1.000000

Costo_test: 0.001990
Precision_test: 1.000000
Recall_test: 1.000000
F1_test: 1.000000
 

Arquitectura: _2_9_1_
Semilla: 1788083475
Segundos: 51
NIteraciones: 100000

Costo_train: 0.001690
Precision_train: 1.000000
Recall_train: 1.000000
F1_train: 1.000000

Costo_test: 0.001897
Precision_test: 1.000000
Recall_test: 1.000000
F1_test: 1.000000
 

Arquitectura: _2_9_1_
Semilla: 1788083475
Segundos: 51
NIteraciones: 100000

Costo_train: 0.001497
Precision_train: 1.000000
Recall_train: 1.000000
F1_train: 1.000000

Costo_test: 0.001560
Precision_test: 1.000000
Recall_test: 1.000000
F1_test: 1.000000
 

Arquitectura: _2_9_1_
Semilla: 1788083475
Segundos: 51
NIteraciones: 100000

Costo_train: 0.001790
Precision_train: 1.000000
Recall_train: 1.000000
F1_train: 1.000000

Costo_test: 0.001615
Precision_test: 1.000000
Recall_test: 1.000000
F1_test: 1.000000
 

Arquitectura: _2_9_1_
Semilla: 1788083475
Segundos: 51
NIteraciones: 100000

Costo_train: 0.002448
Precision_train: 1.000000
Recall_train: 1.000000
F1_train: 1.000000

Costo_test: 0.001981
Precision_test: 1.000000
Recall_test: 1.000000
F1_test: 1.000000
 

Arquitectura: _2_9_1_
Semilla: 1788083475
Segundos: 51
NIteraciones: 100000

Costo_train: 0.002252
Precision_train: 1.000000
Recall_train: 1.000000
F1_train: 1.000000

Costo_test: 0.002049
Precision_test: 1.000000
Recall_test: 1.000000
F1_test: 1.000000
 

Arquitectura: _2_9_1_
Semilla: 1788083475
Segundos: 51
NIteraciones: 100000

Costo_train: 0.003580
Precision_train: 1.000000
Recall_train: 1.000000
F1_train: 1.000000

Costo_test: 0.004175
Precision_test: 1.000000
Recall_test: 0.995074
F1_test: 0.997531
 

Arquitectura: _2_9_1_
Semilla: 1788083475
Segundos: 51
NIteraciones: 100000

Costo_train: 0.003553
Precision_train: 1.000000
Recall_train: 0.998745
F1_train: 0.999372

Costo_test: 0.003924
Precision_test: 1.000000
Recall_test: 1.000000
F1_test: 1.000000
 

Arquitectura: _2_9_1_
Semilla: 1788083475
Segundos: 51
NIteraciones: 100000

Costo_train: 0.003097
Precision_train: 1.000000
Recall_train: 0.998745
F1_train: 0.999372

Costo_test: 0.002803
Precision_test: 1.000000
Recall_test: 1.000000
F1_test: 1.000000
 

Arquitectura: _2_9_1_
Semilla: 1788083475
Segundos: 51
NIteraciones: 100000

Costo_train: 0.001997
Precision_train: 1.000000
Recall_train: 1.000000
F1_train: 1.000000

Costo_test: 0.001651
Precision_test: 1.000000
Recall_test: 1.000000
F1_test: 1.000000
 

Arquitectura: _2_9_1_
Semilla: 1788083475
Segundos: 52
NIteraciones: 100000

Costo_train: 0.002518
Precision_train: 1.000000
Recall_train: 1.000000
F1_train: 1.000000

Costo_test: 0.002891
Precision_test: 1.000000
Recall_test: 1.000000
F1_test: 1.000000
 

Arquitectura: _2_9_1_
Semilla: 1788083475
Segundos: 52
NIteraciones: 100000

Costo_train: 0.002910
Precision_train: 1.000000
Recall_train: 1.000000
F1_train: 1.000000

Costo_test: 0.002460
Precision_test: 1.000000
Recall_test: 1.000000
F1_test: 1.000000
 

Arquitectura: _2_9_1_
Semilla: 1788083475
Segundos: 52
NIteraciones: 100000

Costo_train: 0.001814
Precision_train: 1.000000
Recall_train: 1.000000
F1_train: 1.000000

Costo_test: 0.001525
Precision_test: 1.000000
Recall_test: 1.000000
F1_test: 1.000000
 

Arquitectura: _2_9_1_
Semilla: 1788083475
Segundos: 52
NIteraciones: 100000

Costo_train: 0.001214
Precision_train: 1.000000
Recall_train: 1.000000
F1_train: 1.000000

Costo_test: 0.001427
Precision_test: 1.000000
Recall_test: 1.000000
F1_test: 1.000000
 

Arquitectura: _2_9_1_
Semilla: 1788083475
Segundos: 52
NIteraciones: 100000

Costo_train: 0.002082
Precision_train: 1.000000
Recall_train: 1.000000
F1_train: 1.000000

Costo_test: 0.001789
Precision_test: 1.000000
Recall_test: 1.000000
F1_test: 1.000000
 

Arquitectura: _2_9_1_
Semilla: 1788083475
Segundos: 52
NIteraciones: 100000

Costo_train: 0.002448
Precision_train: 1.000000
Recall_train: 1.000000
F1_train: 1.000000

Costo_test: 0.002823
Precision_test: 1.000000
Recall_test: 1.000000
F1_test: 1.000000
 

Arquitectura: _2_9_1_
Semilla: 1788083475
Segundos: 52
NIteraciones: 100000

Costo_train: 0.003633
Precision_train: 1.000000
Recall_train: 1.000000
F1_train: 1.000000

Costo_test: 0.003608
Precision_test: 1.000000
Recall_test: 1.000000
F1_test: 1.000000
 

Arquitectura: _2_9_1_
Semilla: 1788083475
Segundos: 52
NIteraciones: 100000

Costo_train: 0.002801
Precision_train: 1.000000
Recall_train: 1.000000
F1_train: 1.000000

Costo_test: 0.003286
Precision_test: 1.000000
Recall_test: 0.995074
F1_test: 0.997531
 

Arquitectura: _2_9_1_
Semilla: 1788083475
Segundos: 52
NIteraciones: 100000

Costo_train: 0.002253
Precision_train: 1.000000
Recall_train: 1.000000
F1_train: 1.000000

Costo_test: 0.002366
Precision_test: 1.000000
Recall_test: 1.000000
F1_test: 1.000000
 

Arquitectura: _2_9_1_
Semilla: 1788083475
Segundos: 52
NIteraciones: 100000

Costo_train: 0.002055
Precision_train: 1.000000
Recall_train: 1.000000
F1_train: 1.000000

Costo_test: 0.001918
Precision_test: 1.000000
Recall_test: 1.000000
F1_test: 1.000000
 

Arquitectura: _2_9_1_
Semilla: 1788083475
Segundos: 52
NIteraciones: 100000

Costo_train: 0.001680
Precision_train: 1.000000
Recall_train: 1.000000
F1_train: 1.000000

Costo_test: 0.001798
Precision_test: 1.000000
Recall_test: 1.000000
F1_test: 1.000000
 

Arquitectura: _2_9_1_
Semilla: 1788083475
Segundos: 52
NIteraciones: 100000

Costo_train: 0.002548
Precision_train: 1.000000
Recall_train: 1.000000
F1_train: 1.000000

Costo_test: 0.002267
Precision_test: 1.000000
Recall_test: 1.000000
F1_test: 1.000000
 

Arquitectura: _2_9_1_
Semilla: 1788083475
Segundos: 52
NIteraciones: 100000

Costo_train: 0.000909
Precision_train: 1.000000
Recall_train: 1.000000
F1_train: 1.000000

Costo_test: 0.000986
Precision_test: 1.000000
Recall_test: 1.000000
F1_test: 1.000000
 

Arquitectura: _2_9_1_
Semilla: 1788083475
Segundos: 52
NIteraciones: 100000

Costo_train: 0.001410
Precision_train: 1.000000
Recall_train: 1.000000
F1_train: 1.000000

Costo_test: 0.001289
Precision_test: 1.000000
Recall_test: 1.000000
F1_test: 1.000000
 

Arquitectura: _2_9_1_
Semilla: 1788083475
Segundos: 52
NIteraciones: 100000

Costo_train: 0.002220
Precision_train: 1.000000
Recall_train: 1.000000
F1_train: 1.000000

Costo_test: 0.002221
Precision_test: 1.000000
Recall_test: 1.000000
F1_test: 1.000000
 

Arquitectura: _2_9_1_
Semilla: 1788083475
Segundos: 52
NIteraciones: 100000

Costo_train: 0.001430
Precision_train: 1.000000
Recall_train: 1.000000
F1_train: 1.000000

Costo_test: 0.001407
Precision_test: 1.000000
Recall_test: 1.000000
F1_test: 1.000000
 

Arquitectura: _2_9_1_
Semilla: 1788083475
Segundos: 52
NIteraciones: 100000

Costo_train: 0.002638
Precision_train: 1.000000
Recall_train: 1.000000
F1_train: 1.000000

Costo_test: 0.002579
Precision_test: 1.000000
Recall_test: 1.000000
F1_test: 1.000000
 

Arquitectura: _2_9_1_
Semilla: 1788083475
Segundos: 52
NIteraciones: 100000

Costo_train: 0.002203
Precision_train: 1.000000
Recall_train: 1.000000
F1_train: 1.000000

Costo_test: 0.001825
Precision_test: 1.000000
Recall_test: 1.000000
F1_test: 1.000000
 

Arquitectura: _2_9_1_
Semilla: 1788083475
Segundos: 52
NIteraciones: 100000

Costo_train: 0.001899
Precision_train: 1.000000
Recall_train: 1.000000
F1_train: 1.000000

Costo_test: 0.001665
Precision_test: 1.000000
Recall_test: 1.000000
F1_test: 1.000000
 

Arquitectura: _2_9_1_
Semilla: 1788083475
Segundos: 52
NIteraciones: 100000

Costo_train: 0.001121
Precision_train: 1.000000
Recall_train: 1.000000
F1_train: 1.000000

Costo_test: 0.001243
Precision_test: 1.000000
Recall_test: 1.000000
F1_test: 1.000000
 

Arquitectura: _2_9_1_
Semilla: 1788083475
Segundos: 52
NIteraciones: 100000

Costo_train: 0.001729
Precision_train: 1.000000
Recall_train: 1.000000
F1_train: 1.000000

Costo_test: 0.001619
Precision_test: 1.000000
Recall_test: 1.000000
F1_test: 1.000000
 

Arquitectura: _2_9_1_
Semilla: 1788083475
Segundos: 52
NIteraciones: 100000

Costo_train: 0.001514
Precision_train: 1.000000
Recall_train: 1.000000
F1_train: 1.000000

Costo_test: 0.001424
Precision_test: 1.000000
Recall_test: 1.000000
F1_test: 1.000000
 

Arquitectura: _2_9_1_
Semilla: 1788083475
Segundos: 52
NIteraciones: 100000

Costo_train: 0.002187
Precision_train: 1.000000
Recall_train: 1.000000
F1_train: 1.000000

Costo_test: 0.002258
Precision_test: 1.000000
Recall_test: 1.000000
F1_test: 1.000000
 

Arquitectura: _2_9_1_
Semilla: 1788083475
Segundos: 52
NIteraciones: 100000

Costo_train: 0.001187
Precision_train: 1.000000
Recall_train: 1.000000
F1_train: 1.000000

Costo_test: 0.001035
Precision_test: 1.000000
Recall_test: 1.000000
F1_test: 1.000000
 

Arquitectura: _2_9_1_
Semilla: 1788083475
Segundos: 52
NIteraciones: 100000

Costo_train: 0.002679
Precision_train: 1.000000
Recall_train: 1.000000
F1_train: 1.000000

Costo_test: 0.002917
Precision_test: 1.000000
Recall_test: 1.000000
F1_test: 1.000000
 

Arquitectura: _2_9_1_
Semilla: 1788083475
Segundos: 52
NIteraciones: 100000

Costo_train: 0.002296
Precision_train: 1.000000
Recall_train: 1.000000
F1_train: 1.000000

Costo_test: 0.002416
Precision_test: 1.000000
Recall_test: 1.000000
F1_test: 1.000000
 

Arquitectura: _2_9_1_
Semilla: 1788083475
Segundos: 52
NIteraciones: 100000

Costo_train: 0.002674
Precision_train: 1.000000
Recall_train: 1.000000
F1_train: 1.000000

Costo_test: 0.002833
Precision_test: 1.000000
Recall_test: 1.000000
F1_test: 1.000000
 

Arquitectura: _2_9_1_
Semilla: 1788083475
Segundos: 52
NIteraciones: 100000

Costo_train: 0.002469
Precision_train: 1.000000
Recall_train: 1.000000
F1_train: 1.000000

Costo_test: 0.002214
Precision_test: 1.000000
Recall_test: 1.000000
F1_test: 1.000000
 

Arquitectura: _2_9_1_
Semilla: 1788083475
Segundos: 52
NIteraciones: 100000

Costo_train: 0.002674
Precision_train: 1.000000
Recall_train: 1.000000
F1_train: 1.000000

Costo_test: 0.002650
Precision_test: 1.000000
Recall_test: 1.000000
F1_test: 1.000000
 

Arquitectura: _2_9_1_
Semilla: 1788083475
Segundos: 52
NIteraciones: 100000

Costo_train: 0.001438
Precision_train: 1.000000
Recall_train: 1.000000
F1_train: 1.000000

Costo_test: 0.001389
Precision_test: 1.000000
Recall_test: 1.000000
F1_test: 1.000000
 

Arquitectura: _2_9_1_
Semilla: 1788083475
Segundos: 52
NIteraciones: 100000

Costo_train: 0.002439
Precision_train: 1.000000
Recall_train: 1.000000
F1_train: 1.000000

Costo_test: 0.002225
Precision_test: 1.000000
Recall_test: 1.000000
F1_test: 1.000000
 

Arquitectura: _2_9_1_
Semilla: 1788083475
Segundos: 52
NIteraciones: 100000

Costo_train: 0.001867
Precision_train: 1.000000
Recall_train: 1.000000
F1_train: 1.000000

Costo_test: 0.001583
Precision_test: 1.000000
Recall_test: 1.000000
F1_test: 1.000000
 

Arquitectura: _2_9_1_
Semilla: 1788083475
Segundos: 52
NIteraciones: 100000

Costo_train: 0.003036
Precision_train: 1.000000
Recall_train: 1.000000
F1_train: 1.000000

Costo_test: 0.003410
Precision_test: 1.000000
Recall_test: 1.000000
F1_test: 1.000000
 

Arquitectura: _2_9_1_
Semilla: 1788083475
Segundos: 52
NIteraciones: 100000

Costo_train: 0.002472
Precision_train: 1.000000
Recall_train: 1.000000
F1_train: 1.000000

Costo_test: 0.002070
Precision_test: 1.000000
Recall_test: 1.000000
F1_test: 1.000000
 


--- Test Profunda 3.0 ---
Iteración 10000
Costo: 0.249985
Iteración 20000
Costo: 0.249976
Iteración 30000
Costo: 0.249965
Iteración 40000
Costo: 0.249951
Iteración 50000
Costo: 0.249932
Iteración 60000
Costo: 0.249903
Iteración 70000
Costo: 0.249859
Iteración 80000
Costo: 0.249780
Iteración 90000
Costo: 0.249624

Arquitectura: _2_3_3_3_1_
Semilla: 1788083527
Segundos: 139
NIteraciones: 100000

Costo_train: 0.249243
Precision_train: 0.538333
Recall_train: 0.405270
F1_train: 0.462419

Costo_test: 0.249392
Precision_test: 0.510067
Recall_test: 0.374384
F1_test: 0.431818
 

Arquitectura: _2_3_3_3_1_
Semilla: 1788083527
Segundos: 139
NIteraciones: 100000

Costo_train: 0.229212
Precision_train: 0.553652
Recall_train: 0.770389
F1_train: 0.644281

Costo_test: 0.228572
Precision_test: 0.560137
Recall_test: 0.802956
F1_test: 0.659919
 

Arquitectura: _2_3_3_3_1_
Semilla: 1788083527
Segundos: 139
NIteraciones: 100000

Costo_train: 0.249745
Precision_train: 0.402893
Recall_train: 0.244668
F1_train: 0.304450

Costo_test: 0.249904
Precision_test: 0.436620
Recall_test: 0.305419
F1_test: 0.359420
 

Arquitectura: _2_3_3_3_1_
Semilla: 1788083527
Segundos: 139
NIteraciones: 100000

Costo_train: 0.249855
Precision_train: 0.431335
Recall_train: 0.279799
F1_train: 0.339422

Costo_test: 0.249944
Precision_test: 0.406250
Recall_test: 0.256158
F1_test: 0.314199
 

Arquitectura: _2_3_3_3_1_
Semilla: 1788083527
Segundos: 139
NIteraciones: 100000

Costo_train: 0.003999
Precision_train: 1.000000
Recall_train: 1.000000
F1_train: 1.000000

Costo_test: 0.004297
Precision_test: 1.000000
Recall_test: 1.000000
F1_test: 1.000000
 

Arquitectura: _2_3_3_3_1_
Semilla: 1788083527
Segundos: 139
NIteraciones: 100000

Costo_train: 0.249998
Precision_train: -nan(ind)
Recall_train: 0.000000
F1_train: -nan(ind)

Costo_test: 0.250027
Precision_test: -nan(ind)
Recall_test: 0.000000
F1_test: -nan(ind)
 

Arquitectura: _2_3_3_3_1_
Semilla: 1788083527
Segundos: 139
NIteraciones: 100000

Costo_train: 0.249990
Precision_train: -nan(ind)
Recall_train: 0.000000
F1_train: -nan(ind)

Costo_test: 0.250044
Precision_test: -nan(ind)
Recall_test: 0.000000
F1_test: -nan(ind)
 

Arquitectura: _2_3_3_3_1_
Semilla: 1788083527
Segundos: 139
NIteraciones: 100000

Costo_train: 0.212792
Precision_train: 0.583400
Recall_train: 0.917189
F1_train: 0.713171

Costo_test: 0.210679
Precision_test: 0.602606
Recall_test: 0.911330
F1_test: 0.725490
 

Arquitectura: _2_3_3_3_1_
Semilla: 1788083527
Segundos: 139
NIteraciones: 100000

Costo_train: 0.249991
Precision_train: -nan(ind)
Recall_train: 0.000000
F1_train: -nan(ind)

Costo_test: 0.250035
Precision_test: -nan(ind)
Recall_test: 0.000000
F1_test: -nan(ind)
 

Arquitectura: _2_3_3_3_1_
Semilla: 1788083527
Segundos: 139
NIteraciones: 100000

Costo_train: 0.249330
Precision_train: 0.498123
Recall_train: 0.499373
F1_train: 0.498747

Costo_test: 0.249258
Precision_test: 0.500000
Recall_test: 0.458128
F1_test: 0.478149
 

Arquitectura: _2_3_3_3_1_
Semilla: 1788083527
Segundos: 139
NIteraciones: 100000

Costo_train: 0.249844
Precision_train: 0.398020
Recall_train: 0.252196
F1_train: 0.308756

Costo_test: 0.249976
Precision_test: 0.410959
Recall_test: 0.295566
F1_test: 0.343840
 

Arquitectura: _2_3_3_3_1_
Semilla: 1788083527
Segundos: 139
NIteraciones: 100000

Costo_train: 0.249954
Precision_train: 0.000000
Recall_train: 0.000000
F1_train: -nan(ind)

Costo_test: 0.249950
Precision_test: 0.000000
Recall_test: 0.000000
F1_test: -nan(ind)
 

Arquitectura: _2_3_3_3_1_
Semilla: 1788083527
Segundos: 139
NIteraciones: 100000

Costo_train: 0.249982
Precision_train: -nan(ind)
Recall_train: 0.000000
F1_train: -nan(ind)

Costo_test: 0.250003
Precision_test: -nan(ind)
Recall_test: 0.000000
F1_test: -nan(ind)
 

Arquitectura: _2_3_3_3_1_
Semilla: 1788083527
Segundos: 139
NIteraciones: 100000

Costo_train: 0.249990
Precision_train: -nan(ind)
Recall_train: 0.000000
F1_train: -nan(ind)

Costo_test: 0.250020
Precision_test: -nan(ind)
Recall_test: 0.000000
F1_test: -nan(ind)
 

Arquitectura: _2_3_3_3_1_
Semilla: 1788083527
Segundos: 139
NIteraciones: 100000

Costo_train: 0.243084
Precision_train: 0.537076
Recall_train: 0.636136
F1_train: 0.582424

Costo_test: 0.244644
Precision_test: 0.531746
Recall_test: 0.660098
F1_test: 0.589011
 

Arquitectura: _2_3_3_3_1_
Semilla: 1788083527
Segundos: 139
NIteraciones: 100000

Costo_train: 0.248840
Precision_train: 0.506345
Recall_train: 0.500627
F1_train: 0.503470

Costo_test: 0.249511
Precision_test: 0.504464
Recall_test: 0.556650
F1_test: 0.529274
 

Arquitectura: _2_3_3_3_1_
Semilla: 1788083527
Segundos: 139
NIteraciones: 100000

Costo_train: 0.001218
Precision_train: 1.000000
Recall_train: 1.000000
F1_train: 1.000000

Costo_test: 0.001417
Precision_test: 1.000000
Recall_test: 1.000000
F1_test: 1.000000
 

Arquitectura: _2_3_3_3_1_
Semilla: 1788083527
Segundos: 139
NIteraciones: 100000

Costo_train: 0.129666
Precision_train: 0.776471
Recall_train: 0.993726
F1_train: 0.871767

Costo_test: 0.127180
Precision_test: 0.779923
Recall_test: 0.995074
F1_test: 0.874459
 

Arquitectura: _2_3_3_3_1_
Semilla: 1788083527
Segundos: 139
NIteraciones: 100000

Costo_train: 0.249365
Precision_train: 0.488000
Recall_train: 0.459222
F1_train: 0.473174

Costo_test: 0.249440
Precision_test: 0.486339
Recall_test: 0.438424
F1_test: 0.461140
 

Arquitectura: _2_3_3_3_1_
Semilla: 1788083527
Segundos: 139
NIteraciones: 100000

Costo_train: 0.249986
Precision_train: -nan(ind)
Recall_train: 0.000000
F1_train: -nan(ind)

Costo_test: 0.250009
Precision_test: 0.000000
Recall_test: 0.000000
F1_test: -nan(ind)
 

Arquitectura: _2_3_3_3_1_
Semilla: 1788083527
Segundos: 139
NIteraciones: 100000

Costo_train: 0.249936
Precision_train: 0.091525
Recall_train: 0.033877
F1_train: 0.049451

Costo_test: 0.249895
Precision_test: 0.066667
Recall_test: 0.019704
F1_test: 0.030418
 

Arquitectura: _2_3_3_3_1_
Semilla: 1788083527
Segundos: 139
NIteraciones: 100000

Costo_train: 0.228036
Precision_train: 0.562005
Recall_train: 0.801757
F1_train: 0.660807

Costo_test: 0.234338
Precision_test: 0.546980
Recall_test: 0.802956
F1_test: 0.650699
 

Arquitectura: _2_3_3_3_1_
Semilla: 1788083527
Segundos: 139
NIteraciones: 100000

Costo_train: 0.249923
Precision_train: 0.167808
Recall_train: 0.061481
F1_train: 0.089991

Costo_test: 0.250001
Precision_test: 0.172840
Recall_test: 0.068966
F1_test: 0.098592
 

Arquitectura: _2_3_3_3_1_
Semilla: 1788083527
Segundos: 139
NIteraciones: 100000

Costo_train: 0.249941
Precision_train: 0.063670
Recall_train: 0.021330
F1_train: 0.031955

Costo_test: 0.250056
Precision_test: 0.025974
Recall_test: 0.009852
F1_test: 0.014286
 

Arquitectura: _2_3_3_3_1_
Semilla: 1788083527
Segundos: 139
NIteraciones: 100000

Costo_train: 0.246327
Precision_train: 0.526128
Recall_train: 0.555834
F1_train: 0.540574

Costo_test: 0.247647
Precision_test: 0.529661
Recall_test: 0.615764
F1_test: 0.569476
 

Arquitectura: _2_3_3_3_1_
Semilla: 1788083527
Segundos: 139
NIteraciones: 100000

Costo_train: 0.249997
Precision_train: -nan(ind)
Recall_train: 0.000000
F1_train: -nan(ind)

Costo_test: 0.249995
Precision_test: -nan(ind)
Recall_test: 0.000000
F1_test: -nan(ind)
 

Arquitectura: _2_3_3_3_1_
Semilla: 1788083527
Segundos: 139
NIteraciones: 100000

Costo_train: 0.249994
Precision_train: -nan(ind)
Recall_train: 0.000000
F1_train: -nan(ind)

Costo_test: 0.250037
Precision_test: -nan(ind)
Recall_test: 0.000000
F1_test: -nan(ind)
 

Arquitectura: _2_3_3_3_1_
Semilla: 1788083527
Segundos: 139
NIteraciones: 100000

Costo_train: 0.249836
Precision_train: 0.004545
Recall_train: 0.001255
F1_train: 0.001967

Costo_test: 0.249947
Precision_test: 0.000000
Recall_test: 0.000000
F1_test: -nan(ind)
 

Arquitectura: _2_3_3_3_1_
Semilla: 1788083527
Segundos: 139
NIteraciones: 100000

Costo_train: 0.003958
Precision_train: 1.000000
Recall_train: 1.000000
F1_train: 1.000000

Costo_test: 0.004090
Precision_test: 1.000000
Recall_test: 1.000000
F1_test: 1.000000
 

Arquitectura: _2_3_3_3_1_
Semilla: 1788083527
Segundos: 139
NIteraciones: 100000

Costo_train: 0.149298
Precision_train: 0.743516
Recall_train: 0.971142
F1_train: 0.842220

Costo_test: 0.161316
Precision_test: 0.737037
Recall_test: 0.980296
F1_test: 0.841438
 

Arquitectura: _2_3_3_3_1_
Semilla: 1788083527
Segundos: 139
NIteraciones: 100000

Costo_train: 0.247133
Precision_train: 0.517279
Recall_train: 0.601004
F1_train: 0.556007

Costo_test: 0.246284
Precision_test: 0.558036
Recall_test: 0.615764
F1_test: 0.585480
 

Arquitectura: _2_3_3_3_1_
Semilla: 1788083527
Segundos: 139
NIteraciones: 100000

Costo_train: 0.249893
Precision_train: 0.366013
Recall_train: 0.210790
F1_train: 0.267516

Costo_test: 0.250033
Precision_test: 0.377778
Recall_test: 0.251232
F1_test: 0.301775
 

Arquitectura: _2_3_3_3_1_
Semilla: 1788083527
Segundos: 139
NIteraciones: 100000

Costo_train: 0.003076
Precision_train: 1.000000
Recall_train: 1.000000
F1_train: 1.000000

Costo_test: 0.003042
Precision_test: 1.000000
Recall_test: 1.000000
F1_test: 1.000000
 

Arquitectura: _2_3_3_3_1_
Semilla: 1788083527
Segundos: 139
NIteraciones: 100000

Costo_train: 0.249986
Precision_train: -nan(ind)
Recall_train: 0.000000
F1_train: -nan(ind)

Costo_test: 0.250010
Precision_test: -nan(ind)
Recall_test: 0.000000
F1_test: -nan(ind)
 

Arquitectura: _2_3_3_3_1_
Semilla: 1788083527
Segundos: 139
NIteraciones: 100000

Costo_train: 0.249985
Precision_train: -nan(ind)
Recall_train: 0.000000
F1_train: -nan(ind)

Costo_test: 0.250033
Precision_test: -nan(ind)
Recall_test: 0.000000
F1_test: -nan(ind)
 

Arquitectura: _2_3_3_3_1_
Semilla: 1788083527
Segundos: 139
NIteraciones: 100000

Costo_train: 0.249861
Precision_train: 0.000000
Recall_train: 0.000000
F1_train: -nan(ind)

Costo_test: 0.249930
Precision_test: 0.000000
Recall_test: 0.000000
F1_test: -nan(ind)
 

Arquitectura: _2_3_3_3_1_
Semilla: 1788083527
Segundos: 139
NIteraciones: 100000

Costo_train: 0.187220
Precision_train: 0.715429
Recall_train: 0.785445
F1_train: 0.748804

Costo_test: 0.189893
Precision_test: 0.691983
Recall_test: 0.807882
F1_test: 0.745455
 

Arquitectura: _2_3_3_3_1_
Semilla: 1788083527
Segundos: 139
NIteraciones: 100000

Costo_train: 0.249914
Precision_train: 0.283708
Recall_train: 0.126725
F1_train: 0.175195

Costo_test: 0.250036
Precision_test: 0.287234
Recall_test: 0.133005
F1_test: 0.181818
 

Arquitectura: _2_3_3_3_1_
Semilla: 1788083527
Segundos: 139
NIteraciones: 100000

Costo_train: 0.249979
Precision_train: -nan(ind)
Recall_train: 0.000000
F1_train: -nan(ind)

Costo_test: 0.250018
Precision_test: -nan(ind)
Recall_test: 0.000000
F1_test: -nan(ind)
 

Arquitectura: _2_3_3_3_1_
Semilla: 1788083527
Segundos: 139
NIteraciones: 100000

Costo_train: 0.249949
Precision_train: 0.166667
Recall_train: 0.065245
F1_train: 0.093778

Costo_test: 0.250030
Precision_test: 0.186813
Recall_test: 0.083744
F1_test: 0.115646
 

Arquitectura: _2_3_3_3_1_
Semilla: 1788083527
Segundos: 139
NIteraciones: 100000

Costo_train: 0.249983
Precision_train: -nan(ind)
Recall_train: 0.000000
F1_train: -nan(ind)

Costo_test: 0.250059
Precision_test: -nan(ind)
Recall_test: 0.000000
F1_test: -nan(ind)
 

Arquitectura: _2_3_3_3_1_
Semilla: 1788083527
Segundos: 139
NIteraciones: 100000

Costo_train: 0.247414
Precision_train: 0.514418
Recall_train: 0.559599
F1_train: 0.536058

Costo_test: 0.248100
Precision_test: 0.521552
Recall_test: 0.596059
F1_test: 0.556322
 

Arquitectura: _2_3_3_3_1_
Semilla: 1788083527
Segundos: 139
NIteraciones: 100000

Costo_train: 0.247787
Precision_train: 0.544880
Recall_train: 0.540778
F1_train: 0.542821

Costo_test: 0.247485
Precision_test: 0.576355
Recall_test: 0.576355
F1_test: 0.576355
 

Arquitectura: _2_3_3_3_1_
Semilla: 1788083527
Segundos: 139
NIteraciones: 100000

Costo_train: 0.249850
Precision_train: 0.390873
Recall_train: 0.247177
F1_train: 0.302844

Costo_test: 0.249949
Precision_test: 0.414286
Recall_test: 0.285714
F1_test: 0.338192
 

Arquitectura: _2_3_3_3_1_
Semilla: 1788083527
Segundos: 139
NIteraciones: 100000

Costo_train: 0.249835
Precision_train: 0.421233
Recall_train: 0.308657
F1_train: 0.356264

Costo_test: 0.249735
Precision_test: 0.467742
Recall_test: 0.285714
F1_test: 0.354740
 

Arquitectura: _2_3_3_3_1_
Semilla: 1788083527
Segundos: 139
NIteraciones: 100000

Costo_train: 0.001571
Precision_train: 1.000000
Recall_train: 1.000000
F1_train: 1.000000

Costo_test: 0.001595
Precision_test: 1.000000
Recall_test: 1.000000
F1_test: 1.000000
 

Arquitectura: _2_3_3_3_1_
Semilla: 1788083527
Segundos: 139
NIteraciones: 100000

Costo_train: 0.248809
Precision_train: 0.511933
Recall_train: 0.538269
F1_train: 0.524771

Costo_test: 0.248711
Precision_test: 0.515982
Recall_test: 0.556650
F1_test: 0.535545
 

Arquitectura: _2_3_3_3_1_
Semilla: 1788083527
Segundos: 139
NIteraciones: 100000

Costo_train: 0.249940
Precision_train: 0.000000
Recall_train: 0.000000
F1_train: -nan(ind)

Costo_test: 0.250025
Precision_test: 0.000000
Recall_test: 0.000000
F1_test: -nan(ind)
 

Arquitectura: _2_3_3_3_1_
Semilla: 1788083527
Segundos: 139
NIteraciones: 100000

Costo_train: 0.248618
Precision_train: 0.525253
Recall_train: 0.521957
F1_train: 0.523600

Costo_test: 0.249208
Precision_test: 0.509091
Recall_test: 0.551724
F1_test: 0.529551
 

Arquitectura: _2_3_3_3_1_
Semilla: 1788083527
Segundos: 139
NIteraciones: 100000

Costo_train: 0.162457
Precision_train: 0.728781
Recall_train: 0.937265
F1_train: 0.819978

Costo_test: 0.175205
Precision_test: 0.709434
Recall_test: 0.926108
F1_test: 0.803419
 

Arquitectura: _2_3_3_3_1_
Semilla: 1788083527
Segundos: 139
NIteraciones: 100000

Costo_train: 0.249882
Precision_train: 0.380851
Recall_train: 0.224592
F1_train: 0.282557

Costo_test: 0.250021
Precision_test: 0.359375
Recall_test: 0.226601
F1_test: 0.277946
 

Arquitectura: _2_3_3_3_1_
Semilla: 1788083527
Segundos: 139
NIteraciones: 100000

Costo_train: 0.213901
Precision_train: 0.591133
Recall_train: 0.903388
F1_train: 0.714640

Costo_test: 0.211827
Precision_test: 0.599369
Recall_test: 0.935961
F1_test: 0.730769
 

Arquitectura: _2_3_3_3_1_
Semilla: 1788083527
Segundos: 139
NIteraciones: 100000

Costo_train: 0.008489
Precision_train: 1.000000
Recall_train: 1.000000
F1_train: 1.000000

Costo_test: 0.008632
Precision_test: 1.000000
Recall_test: 1.000000
F1_test: 1.000000
 

Arquitectura: _2_3_3_3_1_
Semilla: 1788083527
Segundos: 139
NIteraciones: 100000

Costo_train: 0.240435
Precision_train: 0.546991
Recall_train: 0.649937
F1_train: 0.594037

Costo_test: 0.243491
Precision_test: 0.534351
Recall_test: 0.689655
F1_test: 0.602150
 

Arquitectura: _2_3_3_3_1_
Semilla: 1788083527
Segundos: 139
NIteraciones: 100000

Costo_train: 0.196684
Precision_train: 0.748797
Recall_train: 0.976161
F1_train: 0.847495

Costo_test: 0.207122
Precision_test: 0.723247
Recall_test: 0.965517
F1_test: 0.827004
 

Arquitectura: _2_3_3_3_1_
Semilla: 1788083527
Segundos: 139
NIteraciones: 100000

Costo_train: 0.249899
Precision_train: 0.064639
Recall_train: 0.021330
F1_train: 0.032075

Costo_test: 0.249975
Precision_test: 0.042857
Recall_test: 0.014778
F1_test: 0.021978
 

Arquitectura: _2_3_3_3_1_
Semilla: 1788083527
Segundos: 139
NIteraciones: 100000

Costo_train: 0.249996
Precision_train: -nan(ind)
Recall_train: 0.000000
F1_train: -nan(ind)

Costo_test: 0.250034
Precision_test: -nan(ind)
Recall_test: 0.000000
F1_test: -nan(ind)
 

Arquitectura: _2_3_3_3_1_
Semilla: 1788083527
Segundos: 139
NIteraciones: 100000

Costo_train: 0.249987
Precision_train: 0.000000
Recall_train: 0.000000
F1_train: -nan(ind)

Costo_test: 0.250034
Precision_test: 0.000000
Recall_test: 0.000000
F1_test: -nan(ind)
 

Arquitectura: _2_3_3_3_1_
Semilla: 1788083527
Segundos: 139
NIteraciones: 100000

Costo_train: 0.245505
Precision_train: 0.530223
Recall_train: 0.627353
F1_train: 0.574713

Costo_test: 0.246624
Precision_test: 0.521401
Recall_test: 0.660098
F1_test: 0.582609
 

Arquitectura: _2_3_3_3_1_
Semilla: 1788083527
Segundos: 139
NIteraciones: 100000

Costo_train: 0.249969
Precision_train: 0.000000
Recall_train: 0.000000
F1_train: -nan(ind)

Costo_test: 0.250053
Precision_test: 0.000000
Recall_test: 0.000000
F1_test: -nan(ind)
 

Arquitectura: _2_3_3_3_1_
Semilla: 1788083527
Segundos: 139
NIteraciones: 100000

Costo_train: 0.001619
Precision_train: 1.000000
Recall_train: 1.000000
F1_train: 1.000000

Costo_test: 0.001465
Precision_test: 1.000000
Recall_test: 1.000000
F1_test: 1.000000
 

Arquitectura: _2_3_3_3_1_
Semilla: 1788083527
Segundos: 139
NIteraciones: 100000

Costo_train: 0.248205
Precision_train: 0.516892
Recall_train: 0.575910
F1_train: 0.544807

Costo_test: 0.247648
Precision_test: 0.515306
Recall_test: 0.497537
F1_test: 0.506266
 

Arquitectura: _2_3_3_3_1_
Semilla: 1788083527
Segundos: 139
NIteraciones: 100000

Costo_train: 0.249867
Precision_train: 0.341629
Recall_train: 0.189460
F1_train: 0.243745

Costo_test: 0.249783
Precision_test: 0.364706
Recall_test: 0.152709
F1_test: 0.215278
 

Arquitectura: _2_3_3_3_1_
Semilla: 1788083527
Segundos: 139
NIteraciones: 100000

Costo_train: 0.249802
Precision_train: 0.466667
Recall_train: 0.342535
F1_train: 0.395080

Costo_test: 0.249886
Precision_test: 0.437956
Recall_test: 0.295566
F1_test: 0.352941
 

Arquitectura: _2_3_3_3_1_
Semilla: 1788083527
Segundos: 139
NIteraciones: 100000

Costo_train: 0.159298
Precision_train: 0.750969
Recall_train: 0.972396
F1_train: 0.847458

Costo_test: 0.145529
Precision_test: 0.801587
Recall_test: 0.995074
F1_test: 0.887912
 

Arquitectura: _2_3_3_3_1_
Semilla: 1788083527
Segundos: 139
NIteraciones: 100000

Costo_train: 0.247351
Precision_train: 0.631285
Recall_train: 0.425345
F1_train: 0.508246

Costo_test: 0.247016
Precision_test: 0.692982
Recall_test: 0.389163
F1_test: 0.498423
 

Arquitectura: _2_3_3_3_1_
Semilla: 1788083527
Segundos: 139
NIteraciones: 100000

Costo_train: 0.249988
Precision_train: -nan(ind)
Recall_train: 0.000000
F1_train: -nan(ind)

Costo_test: 0.250048
Precision_test: -nan(ind)
Recall_test: 0.000000
F1_test: -nan(ind)
 

Arquitectura: _2_3_3_3_1_
Semilla: 1788083527
Segundos: 139
NIteraciones: 100000

Costo_train: 0.249813
Precision_train: 0.073529
Recall_train: 0.018821
F1_train: 0.029970

Costo_test: 0.249864
Precision_test: 0.057692
Recall_test: 0.014778
F1_test: 0.023529
 

Arquitectura: _2_3_3_3_1_
Semilla: 1788083527
Segundos: 139
NIteraciones: 100000

Costo_train: 0.002436
Precision_train: 1.000000
Recall_train: 1.000000
F1_train: 1.000000

Costo_test: 0.002471
Precision_test: 1.000000
Recall_test: 1.000000
F1_test: 1.000000
 

Arquitectura: _2_3_3_3_1_
Semilla: 1788083527
Segundos: 139
NIteraciones: 100000

Costo_train: 0.249964
Precision_train: 0.024291
Recall_train: 0.007528
F1_train: 0.011494

Costo_test: 0.250068
Precision_test: 0.000000
Recall_test: 0.000000
F1_test: -nan(ind)
 

Arquitectura: _2_3_3_3_1_
Semilla: 1788083527
Segundos: 139
NIteraciones: 100000

Costo_train: 0.248051
Precision_train: 0.508314
Recall_train: 0.537014
F1_train: 0.522270

Costo_test: 0.247479
Precision_test: 0.538835
Recall_test: 0.546798
F1_test: 0.542787
 

Arquitectura: _2_3_3_3_1_
Semilla: 1788083527
Segundos: 139
NIteraciones: 100000

Costo_train: 0.246166
Precision_train: 0.513100
Recall_train: 0.589711
F1_train: 0.548745

Costo_test: 0.244596
Precision_test: 0.537383
Recall_test: 0.566502
F1_test: 0.551559
 

Arquitectura: _2_3_3_3_1_
Semilla: 1788083527
Segundos: 139
NIteraciones: 100000

Costo_train: 0.234403
Precision_train: 0.550766
Recall_train: 0.721455
F1_train: 0.624660

Costo_test: 0.238898
Precision_test: 0.539855
Recall_test: 0.733990
F1_test: 0.622129
 

Arquitectura: _2_3_3_3_1_
Semilla: 1788083527
Segundos: 139
NIteraciones: 100000

Costo_train: 0.249995
Precision_train: -nan(ind)
Recall_train: 0.000000
F1_train: -nan(ind)

Costo_test: 0.250007
Precision_test: -nan(ind)
Recall_test: 0.000000
F1_test: -nan(ind)
 

Arquitectura: _2_3_3_3_1_
Semilla: 1788083527
Segundos: 139
NIteraciones: 100000

Costo_train: 0.208013
Precision_train: 0.600313
Recall_train: 0.961104
F1_train: 0.739026

Costo_test: 0.203430
Precision_test: 0.626198
Recall_test: 0.965517
F1_test: 0.759690
 

Arquitectura: _2_3_3_3_1_
Semilla: 1788083527
Segundos: 139
NIteraciones: 100000

Costo_train: 0.193798
Precision_train: 0.711051
Recall_train: 0.984944
F1_train: 0.825881

Costo_test: 0.191854
Precision_test: 0.724014
Recall_test: 0.995074
F1_test: 0.838174
 

Arquitectura: _2_3_3_3_1_
Semilla: 1788083527
Segundos: 139
NIteraciones: 100000

Costo_train: 0.192322
Precision_train: 0.661828
Recall_train: 0.972396
F1_train: 0.787602

Costo_test: 0.200958
Precision_test: 0.633758
Recall_test: 0.980296
F1_test: 0.769826
 

Arquitectura: _2_3_3_3_1_
Semilla: 1788083527
Segundos: 139
NIteraciones: 100000

Costo_train: 0.001758
Precision_train: 1.000000
Recall_train: 1.000000
F1_train: 1.000000

Costo_test: 0.001829
Precision_test: 1.000000
Recall_test: 1.000000
F1_test: 1.000000
 

Arquitectura: _2_3_3_3_1_
Semilla: 1788083527
Segundos: 139
NIteraciones: 100000

Costo_train: 0.249939
Precision_train: 0.000000
Recall_train: 0.000000
F1_train: -nan(ind)

Costo_test: 0.249998
Precision_test: -nan(ind)
Recall_test: 0.000000
F1_test: -nan(ind)
 

Arquitectura: _2_3_3_3_1_
Semilla: 1788083527
Segundos: 139
NIteraciones: 100000

Costo_train: 0.249996
Precision_train: -nan(ind)
Recall_train: 0.000000
F1_train: -nan(ind)

Costo_test: 0.250034
Precision_test: -nan(ind)
Recall_test: 0.000000
F1_test: -nan(ind)
 

Arquitectura: _2_3_3_3_1_
Semilla: 1788083527
Segundos: 139
NIteraciones: 100000

Costo_train: 0.249995
Precision_train: -nan(ind)
Recall_train: 0.000000
F1_train: -nan(ind)

Costo_test: 0.250037
Precision_test: -nan(ind)
Recall_test: 0.000000
F1_test: -nan(ind)
 

Arquitectura: _2_3_3_3_1_
Semilla: 1788083527
Segundos: 139
NIteraciones: 100000

Costo_train: 0.229362
Precision_train: 0.575786
Recall_train: 0.757842
F1_train: 0.654388

Costo_test: 0.228420
Precision_test: 0.582031
Recall_test: 0.733990
F1_test: 0.649237
 

Arquitectura: _2_3_3_3_1_
Semilla: 1788083527
Segundos: 139
NIteraciones: 100000

Costo_train: 0.215613
Precision_train: 0.598985
Recall_train: 0.888331
F1_train: 0.715513

Costo_test: 0.215541
Precision_test: 0.596667
Recall_test: 0.881773
F1_test: 0.711730
 

Arquitectura: _2_3_3_3_1_
Semilla: 1788083527
Segundos: 139
NIteraciones: 100000

Costo_train: 0.249907
Precision_train: 0.000000
Recall_train: 0.000000
F1_train: -nan(ind)

Costo_test: 0.249932
Precision_test: 0.000000
Recall_test: 0.000000
F1_test: -nan(ind)
 

Arquitectura: _2_3_3_3_1_
Semilla: 1788083527
Segundos: 139
NIteraciones: 100000

Costo_train: 0.182122
Precision_train: 0.743689
Recall_train: 0.961104
F1_train: 0.838533

Costo_test: 0.180675
Precision_test: 0.741697
Recall_test: 0.990148
F1_test: 0.848101
 

Arquitectura: _2_3_3_3_1_
Semilla: 1788083527
Segundos: 139
NIteraciones: 100000

Costo_train: 0.100040
Precision_train: 0.817898
Recall_train: 0.986198
F1_train: 0.894198

Costo_test: 0.103652
Precision_test: 0.813765
Recall_test: 0.990148
F1_test: 0.893333
 

Arquitectura: _2_3_3_3_1_
Semilla: 1788083527
Segundos: 139
NIteraciones: 100000

Costo_train: 0.218837
Precision_train: 0.588388
Recall_train: 0.851945
F1_train: 0.696053

Costo_test: 0.220915
Precision_test: 0.592105
Recall_test: 0.886699
F1_test: 0.710059
 

Arquitectura: _2_3_3_3_1_
Semilla: 1788083527
Segundos: 139
NIteraciones: 100000

Costo_train: 0.249989
Precision_train: -nan(ind)
Recall_train: 0.000000
F1_train: -nan(ind)

Costo_test: 0.250046
Precision_test: -nan(ind)
Recall_test: 0.000000
F1_test: -nan(ind)
 

Arquitectura: _2_3_3_3_1_
Semilla: 1788083527
Segundos: 139
NIteraciones: 100000

Costo_train: 0.248930
Precision_train: 0.513221
Recall_train: 0.535759
F1_train: 0.524248

Costo_test: 0.249280
Precision_test: 0.521739
Recall_test: 0.591133
F1_test: 0.554272
 

Arquitectura: _2_3_3_3_1_
Semilla: 1788083527
Segundos: 139
NIteraciones: 100000

Costo_train: 0.249996
Precision_train: -nan(ind)
Recall_train: 0.000000
F1_train: -nan(ind)

Costo_test: 0.250026
Precision_test: -nan(ind)
Recall_test: 0.000000
F1_test: -nan(ind)
 

Arquitectura: _2_3_3_3_1_
Semilla: 1788083527
Segundos: 139
NIteraciones: 100000

Costo_train: 0.249761
Precision_train: 0.418919
Recall_train: 0.272271
F1_train: 0.330038

Costo_test: 0.249955
Precision_test: 0.450980
Recall_test: 0.339901
F1_test: 0.387640
 

Arquitectura: _2_3_3_3_1_
Semilla: 1788083527
Segundos: 139
NIteraciones: 100000

Costo_train: 0.248381
Precision_train: 0.515006
Recall_train: 0.538269
F1_train: 0.526380

Costo_test: 0.249064
Precision_test: 0.510460
Recall_test: 0.600985
F1_test: 0.552036
 

Arquitectura: _2_3_3_3_1_
Semilla: 1788083527
Segundos: 139
NIteraciones: 100000

Costo_train: 0.249972
Precision_train: -nan(ind)
Recall_train: 0.000000
F1_train: -nan(ind)

Costo_test: 0.249992
Precision_test: -nan(ind)
Recall_test: 0.000000
F1_test: -nan(ind)
 

Arquitectura: _2_3_3_3_1_
Semilla: 1788083527
Segundos: 139
NIteraciones: 100000

Costo_train: 0.249994
Precision_train: -nan(ind)
Recall_train: 0.000000
F1_train: -nan(ind)

Costo_test: 0.250023
Precision_test: -nan(ind)
Recall_test: 0.000000
F1_test: -nan(ind)
 

Arquitectura: _2_3_3_3_1_
Semilla: 1788083527
Segundos: 139
NIteraciones: 100000

Costo_train: 0.249439
Precision_train: 0.479109
Recall_train: 0.431619
F1_train: 0.454125

Costo_test: 0.249663
Precision_test: 0.497462
Recall_test: 0.482759
F1_test: 0.490000
 

Arquitectura: _2_3_3_3_1_
Semilla: 1788083527
Segundos: 139
NIteraciones: 100000

Costo_train: 0.249983
Precision_train: -nan(ind)
Recall_train: 0.000000
F1_train: -nan(ind)

Costo_test: 0.250029
Precision_test: -nan(ind)
Recall_test: 0.000000
F1_test: -nan(ind)
 

Arquitectura: _2_3_3_3_1_
Semilla: 1788083527
Segundos: 139
NIteraciones: 100000

Costo_train: 0.249982
Precision_train: -nan(ind)
Recall_train: 0.000000
F1_train: -nan(ind)

Costo_test: 0.250043
Precision_test: -nan(ind)
Recall_test: 0.000000
F1_test: -nan(ind)
 

Arquitectura: _2_3_3_3_1_
Semilla: 1788083527
Segundos: 139
NIteraciones: 100000

Costo_train: 0.249997
Precision_train: -nan(ind)
Recall_train: 0.000000
F1_train: -nan(ind)

Costo_test: 0.250029
Precision_test: -nan(ind)
Recall_test: 0.000000
F1_test: -nan(ind)
 

Arquitectura: _2_3_3_3_1_
Semilla: 1788083527
Segundos: 139
NIteraciones: 100000

Costo_train: 0.217410
Precision_train: 0.574417
Recall_train: 0.895859
F1_train: 0.700000

Costo_test: 0.209726
Precision_test: 0.607143
Recall_test: 0.921182
F1_test: 0.731898
 

Arquitectura: _2_3_3_3_1_
Semilla: 1788083527
Segundos: 139
NIteraciones: 100000

Costo_train: 0.249975
Precision_train: -nan(ind)
Recall_train: 0.000000
F1_train: -nan(ind)

Costo_test: 0.250001
Precision_test: -nan(ind)
Recall_test: 0.000000
F1_test: -nan(ind)
 


--- Test Angosta 4.0 ---
Iteración 10000
Costo: 0.217795
Iteración 20000
Costo: 0.018006
Iteración 30000
Costo: 0.006635
Iteración 40000
Costo: 0.003889
Iteración 50000
Costo: 0.002710
Iteración 60000
Costo: 0.002065
Iteración 70000
Costo: 0.001662
Iteración 80000
Costo: 0.001388
Iteración 90000
Costo: 0.001190

Arquitectura: _2_12_1_
Semilla: 1788083666
Segundos: 54
NIteraciones: 100000

Costo_train: 0.001041
Precision_train: 1.000000
Recall_train: 1.000000
F1_train: 1.000000

Costo_test: 0.001037
Precision_test: 1.000000
Recall_test: 1.000000
F1_test: 1.000000
 

Arquitectura: _2_12_1_
Semilla: 1788083666
Segundos: 54
NIteraciones: 100000

Costo_train: 0.002150
Precision_train: 1.000000
Recall_train: 1.000000
F1_train: 1.000000

Costo_test: 0.002472
Precision_test: 1.000000
Recall_test: 1.000000
F1_test: 1.000000
 

Arquitectura: _2_12_1_
Semilla: 1788083666
Segundos: 54
NIteraciones: 100000

Costo_train: 0.001162
Precision_train: 1.000000
Recall_train: 1.000000
F1_train: 1.000000

Costo_test: 0.001062
Precision_test: 1.000000
Recall_test: 1.000000
F1_test: 1.000000
 

Arquitectura: _2_12_1_
Semilla: 1788083666
Segundos: 54
NIteraciones: 100000

Costo_train: 0.001812
Precision_train: 1.000000
Recall_train: 1.000000
F1_train: 1.000000

Costo_test: 0.002194
Precision_test: 1.000000
Recall_test: 1.000000
F1_test: 1.000000
 

Arquitectura: _2_12_1_
Semilla: 1788083666
Segundos: 54
NIteraciones: 100000

Costo_train: 0.001163
Precision_train: 1.000000
Recall_train: 1.000000
F1_train: 1.000000

Costo_test: 0.001375
Precision_test: 1.000000
Recall_test: 1.000000
F1_test: 1.000000
 

Arquitectura: _2_12_1_
Semilla: 1788083666
Segundos: 54
NIteraciones: 100000

Costo_train: 0.002666
Precision_train: 1.000000
Recall_train: 1.000000
F1_train: 1.000000

Costo_test: 0.003448
Precision_test: 1.000000
Recall_test: 0.995074
F1_test: 0.997531
 

Arquitectura: _2_12_1_
Semilla: 1788083666
Segundos: 54
NIteraciones: 100000

Costo_train: 0.002900
Precision_train: 1.000000
Recall_train: 1.000000
F1_train: 1.000000

Costo_test: 0.002444
Precision_test: 1.000000
Recall_test: 1.000000
F1_test: 1.000000
 

Arquitectura: _2_12_1_
Semilla: 1788083666
Segundos: 54
NIteraciones: 100000

Costo_train: 0.001571
Precision_train: 1.000000
Recall_train: 1.000000
F1_train: 1.000000

Costo_test: 0.001562
Precision_test: 1.000000
Recall_test: 1.000000
F1_test: 1.000000
 

Arquitectura: _2_12_1_
Semilla: 1788083666
Segundos: 54
NIteraciones: 100000

Costo_train: 0.001713
Precision_train: 1.000000
Recall_train: 1.000000
F1_train: 1.000000

Costo_test: 0.001651
Precision_test: 1.000000
Recall_test: 1.000000
F1_test: 1.000000
 

Arquitectura: _2_12_1_
Semilla: 1788083666
Segundos: 54
NIteraciones: 100000

Costo_train: 0.002455
Precision_train: 1.000000
Recall_train: 1.000000
F1_train: 1.000000

Costo_test: 0.002389
Precision_test: 1.000000
Recall_test: 1.000000
F1_test: 1.000000
 

Arquitectura: _2_12_1_
Semilla: 1788083666
Segundos: 54
NIteraciones: 100000

Costo_train: 0.001621
Precision_train: 1.000000
Recall_train: 1.000000
F1_train: 1.000000

Costo_test: 0.001592
Precision_test: 1.000000
Recall_test: 1.000000
F1_test: 1.000000
 

Arquitectura: _2_12_1_
Semilla: 1788083666
Segundos: 54
NIteraciones: 100000

Costo_train: 0.001093
Precision_train: 1.000000
Recall_train: 1.000000
F1_train: 1.000000

Costo_test: 0.001018
Precision_test: 1.000000
Recall_test: 1.000000
F1_test: 1.000000
 

Arquitectura: _2_12_1_
Semilla: 1788083666
Segundos: 54
NIteraciones: 100000

Costo_train: 0.001335
Precision_train: 1.000000
Recall_train: 1.000000
F1_train: 1.000000

Costo_test: 0.001387
Precision_test: 1.000000
Recall_test: 1.000000
F1_test: 1.000000
 

Arquitectura: _2_12_1_
Semilla: 1788083666
Segundos: 54
NIteraciones: 100000

Costo_train: 0.001990
Precision_train: 1.000000
Recall_train: 1.000000
F1_train: 1.000000

Costo_test: 0.002145
Precision_test: 1.000000
Recall_test: 1.000000
F1_test: 1.000000
 

Arquitectura: _2_12_1_
Semilla: 1788083666
Segundos: 54
NIteraciones: 100000

Costo_train: 0.003222
Precision_train: 1.000000
Recall_train: 1.000000
F1_train: 1.000000

Costo_test: 0.003430
Precision_test: 1.000000
Recall_test: 1.000000
F1_test: 1.000000
 

Arquitectura: _2_12_1_
Semilla: 1788083666
Segundos: 54
NIteraciones: 100000

Costo_train: 0.002841
Precision_train: 1.000000
Recall_train: 1.000000
F1_train: 1.000000

Costo_test: 0.002492
Precision_test: 1.000000
Recall_test: 1.000000
F1_test: 1.000000
 

Arquitectura: _2_12_1_
Semilla: 1788083666
Segundos: 54
NIteraciones: 100000

Costo_train: 0.001307
Precision_train: 1.000000
Recall_train: 1.000000
F1_train: 1.000000

Costo_test: 0.001375
Precision_test: 1.000000
Recall_test: 1.000000
F1_test: 1.000000
 

Arquitectura: _2_12_1_
Semilla: 1788083666
Segundos: 54
NIteraciones: 100000

Costo_train: 0.001277
Precision_train: 1.000000
Recall_train: 1.000000
F1_train: 1.000000

Costo_test: 0.001340
Precision_test: 1.000000
Recall_test: 1.000000
F1_test: 1.000000
 

Arquitectura: _2_12_1_
Semilla: 1788083666
Segundos: 54
NIteraciones: 100000

Costo_train: 0.001871
Precision_train: 1.000000
Recall_train: 1.000000
F1_train: 1.000000

Costo_test: 0.002020
Precision_test: 1.000000
Recall_test: 1.000000
F1_test: 1.000000
 

Arquitectura: _2_12_1_
Semilla: 1788083666
Segundos: 54
NIteraciones: 100000

Costo_train: 0.002659
Precision_train: 1.000000
Recall_train: 1.000000
F1_train: 1.000000

Costo_test: 0.002181
Precision_test: 1.000000
Recall_test: 1.000000
F1_test: 1.000000
 

Arquitectura: _2_12_1_
Semilla: 1788083666
Segundos: 54
NIteraciones: 100000

Costo_train: 0.001202
Precision_train: 1.000000
Recall_train: 1.000000
F1_train: 1.000000

Costo_test: 0.001277
Precision_test: 1.000000
Recall_test: 1.000000
F1_test: 1.000000
 

Arquitectura: _2_12_1_
Semilla: 1788083666
Segundos: 54
NIteraciones: 100000

Costo_train: 0.000892
Precision_train: 1.000000
Recall_train: 1.000000
F1_train: 1.000000

Costo_test: 0.001003
Precision_test: 1.000000
Recall_test: 1.000000
F1_test: 1.000000
 

Arquitectura: _2_12_1_
Semilla: 1788083666
Segundos: 54
NIteraciones: 100000

Costo_train: 0.001226
Precision_train: 1.000000
Recall_train: 1.000000
F1_train: 1.000000

Costo_test: 0.001419
Precision_test: 1.000000
Recall_test: 1.000000
F1_test: 1.000000
 

Arquitectura: _2_12_1_
Semilla: 1788083666
Segundos: 54
NIteraciones: 100000

Costo_train: 0.001308
Precision_train: 1.000000
Recall_train: 1.000000
F1_train: 1.000000

Costo_test: 0.001205
Precision_test: 1.000000
Recall_test: 1.000000
F1_test: 1.000000
 

Arquitectura: _2_12_1_
Semilla: 1788083666
Segundos: 54
NIteraciones: 100000

Costo_train: 0.001089
Precision_train: 1.000000
Recall_train: 1.000000
F1_train: 1.000000

Costo_test: 0.001146
Precision_test: 1.000000
Recall_test: 1.000000
F1_test: 1.000000
 

Arquitectura: _2_12_1_
Semilla: 1788083666
Segundos: 54
NIteraciones: 100000

Costo_train: 0.003602
Precision_train: 1.000000
Recall_train: 1.000000
F1_train: 1.000000

Costo_test: 0.003055
Precision_test: 1.000000
Recall_test: 1.000000
F1_test: 1.000000
 

Arquitectura: _2_12_1_
Semilla: 1788083666
Segundos: 54
NIteraciones: 100000

Costo_train: 0.001352
Precision_train: 1.000000
Recall_train: 1.000000
F1_train: 1.000000

Costo_test: 0.001187
Precision_test: 1.000000
Recall_test: 1.000000
F1_test: 1.000000
 

Arquitectura: _2_12_1_
Semilla: 1788083666
Segundos: 54
NIteraciones: 100000

Costo_train: 0.001996
Precision_train: 1.000000
Recall_train: 1.000000
F1_train: 1.000000

Costo_test: 0.001715
Precision_test: 1.000000
Recall_test: 1.000000
F1_test: 1.000000
 

Arquitectura: _2_12_1_
Semilla: 1788083666
Segundos: 54
NIteraciones: 100000

Costo_train: 0.001737
Precision_train: 1.000000
Recall_train: 1.000000
F1_train: 1.000000

Costo_test: 0.001889
Precision_test: 1.000000
Recall_test: 1.000000
F1_test: 1.000000
 

Arquitectura: _2_12_1_
Semilla: 1788083666
Segundos: 54
NIteraciones: 100000

Costo_train: 0.001308
Precision_train: 1.000000
Recall_train: 1.000000
F1_train: 1.000000

Costo_test: 0.001330
Precision_test: 1.000000
Recall_test: 1.000000
F1_test: 1.000000
 

Arquitectura: _2_12_1_
Semilla: 1788083666
Segundos: 54
NIteraciones: 100000

Costo_train: 0.001731
Precision_train: 1.000000
Recall_train: 1.000000
F1_train: 1.000000

Costo_test: 0.001892
Precision_test: 1.000000
Recall_test: 1.000000
F1_test: 1.000000
 

Arquitectura: _2_12_1_
Semilla: 1788083666
Segundos: 54
NIteraciones: 100000

Costo_train: 0.001107
Precision_train: 1.000000
Recall_train: 1.000000
F1_train: 1.000000

Costo_test: 0.001205
Precision_test: 1.000000
Recall_test: 1.000000
F1_test: 1.000000
 

Arquitectura: _2_12_1_
Semilla: 1788083666
Segundos: 54
NIteraciones: 100000

Costo_train: 0.002770
Precision_train: 1.000000
Recall_train: 0.998745
F1_train: 0.999372

Costo_test: 0.002942
Precision_test: 1.000000
Recall_test: 1.000000
F1_test: 1.000000
 

Arquitectura: _2_12_1_
Semilla: 1788083666
Segundos: 54
NIteraciones: 100000

Costo_train: 0.001152
Precision_train: 1.000000
Recall_train: 1.000000
F1_train: 1.000000

Costo_test: 0.001113
Precision_test: 1.000000
Recall_test: 1.000000
F1_test: 1.000000
 

Arquitectura: _2_12_1_
Semilla: 1788083666
Segundos: 54
NIteraciones: 100000

Costo_train: 0.003406
Precision_train: 1.000000
Recall_train: 1.000000
F1_train: 1.000000

Costo_test: 0.004039
Precision_test: 1.000000
Recall_test: 0.995074
F1_test: 0.997531
 

Arquitectura: _2_12_1_
Semilla: 1788083666
Segundos: 54
NIteraciones: 100000

Costo_train: 0.001782
Precision_train: 1.000000
Recall_train: 1.000000
F1_train: 1.000000

Costo_test: 0.002028
Precision_test: 1.000000
Recall_test: 1.000000
F1_test: 1.000000
 

Arquitectura: _2_12_1_
Semilla: 1788083666
Segundos: 54
NIteraciones: 100000

Costo_train: 0.001724
Precision_train: 1.000000
Recall_train: 1.000000
F1_train: 1.000000

Costo_test: 0.001677
Precision_test: 1.000000
Recall_test: 1.000000
F1_test: 1.000000
 

Arquitectura: _2_12_1_
Semilla: 1788083666
Segundos: 54
NIteraciones: 100000

Costo_train: 0.003241
Precision_train: 1.000000
Recall_train: 1.000000
F1_train: 1.000000

Costo_test: 0.004081
Precision_test: 1.000000
Recall_test: 0.995074
F1_test: 0.997531
 

Arquitectura: _2_12_1_
Semilla: 1788083666
Segundos: 54
NIteraciones: 100000

Costo_train: 0.001497
Precision_train: 1.000000
Recall_train: 1.000000
F1_train: 1.000000

Costo_test: 0.001731
Precision_test: 1.000000
Recall_test: 1.000000
F1_test: 1.000000
 

Arquitectura: _2_12_1_
Semilla: 1788083666
Segundos: 54
NIteraciones: 100000

Costo_train: 0.001475
Precision_train: 1.000000
Recall_train: 1.000000
F1_train: 1.000000

Costo_test: 0.001644
Precision_test: 1.000000
Recall_test: 1.000000
F1_test: 1.000000
 

Arquitectura: _2_12_1_
Semilla: 1788083666
Segundos: 54
NIteraciones: 100000

Costo_train: 0.002182
Precision_train: 1.000000
Recall_train: 1.000000
F1_train: 1.000000

Costo_test: 0.002320
Precision_test: 1.000000
Recall_test: 1.000000
F1_test: 1.000000
 

Arquitectura: _2_12_1_
Semilla: 1788083666
Segundos: 54
NIteraciones: 100000

Costo_train: 0.001467
Precision_train: 1.000000
Recall_train: 1.000000
F1_train: 1.000000

Costo_test: 0.001533
Precision_test: 1.000000
Recall_test: 1.000000
F1_test: 1.000000
 

Arquitectura: _2_12_1_
Semilla: 1788083666
Segundos: 54
NIteraciones: 100000

Costo_train: 0.002392
Precision_train: 1.000000
Recall_train: 1.000000
F1_train: 1.000000

Costo_test: 0.001985
Precision_test: 1.000000
Recall_test: 1.000000
F1_test: 1.000000
 

Arquitectura: _2_12_1_
Semilla: 1788083666
Segundos: 54
NIteraciones: 100000

Costo_train: 0.001874
Precision_train: 1.000000
Recall_train: 1.000000
F1_train: 1.000000

Costo_test: 0.002020
Precision_test: 1.000000
Recall_test: 1.000000
F1_test: 1.000000
 

Arquitectura: _2_12_1_
Semilla: 1788083666
Segundos: 54
NIteraciones: 100000

Costo_train: 0.002095
Precision_train: 1.000000
Recall_train: 1.000000
F1_train: 1.000000

Costo_test: 0.002542
Precision_test: 1.000000
Recall_test: 1.000000
F1_test: 1.000000
 

Arquitectura: _2_12_1_
Semilla: 1788083666
Segundos: 54
NIteraciones: 100000

Costo_train: 0.002858
Precision_train: 1.000000
Recall_train: 1.000000
F1_train: 1.000000

Costo_test: 0.003326
Precision_test: 1.000000
Recall_test: 0.995074
F1_test: 0.997531
 

Arquitectura: _2_12_1_
Semilla: 1788083666
Segundos: 54
NIteraciones: 100000

Costo_train: 0.002193
Precision_train: 1.000000
Recall_train: 1.000000
F1_train: 1.000000

Costo_test: 0.002528
Precision_test: 1.000000
Recall_test: 1.000000
F1_test: 1.000000
 

Arquitectura: _2_12_1_
Semilla: 1788083666
Segundos: 54
NIteraciones: 100000

Costo_train: 0.000961
Precision_train: 1.000000
Recall_train: 1.000000
F1_train: 1.000000

Costo_test: 0.000924
Precision_test: 1.000000
Recall_test: 1.000000
F1_test: 1.000000
 

Arquitectura: _2_12_1_
Semilla: 1788083666
Segundos: 54
NIteraciones: 100000

Costo_train: 0.002389
Precision_train: 1.000000
Recall_train: 1.000000
F1_train: 1.000000

Costo_test: 0.001914
Precision_test: 1.000000
Recall_test: 1.000000
F1_test: 1.000000
 

Arquitectura: _2_12_1_
Semilla: 1788083666
Segundos: 54
NIteraciones: 100000

Costo_train: 0.001557
Precision_train: 1.000000
Recall_train: 1.000000
F1_train: 1.000000

Costo_test: 0.001502
Precision_test: 1.000000
Recall_test: 1.000000
F1_test: 1.000000
 

Arquitectura: _2_12_1_
Semilla: 1788083666
Segundos: 54
NIteraciones: 100000

Costo_train: 0.001088
Precision_train: 1.000000
Recall_train: 1.000000
F1_train: 1.000000

Costo_test: 0.001081
Precision_test: 1.000000
Recall_test: 1.000000
F1_test: 1.000000
 

Arquitectura: _2_12_1_
Semilla: 1788083666
Segundos: 54
NIteraciones: 100000

Costo_train: 0.001747
Precision_train: 1.000000
Recall_train: 1.000000
F1_train: 1.000000

Costo_test: 0.001829
Precision_test: 1.000000
Recall_test: 1.000000
F1_test: 1.000000
 

Arquitectura: _2_12_1_
Semilla: 1788083666
Segundos: 54
NIteraciones: 100000

Costo_train: 0.002579
Precision_train: 1.000000
Recall_train: 1.000000
F1_train: 1.000000

Costo_test: 0.002260
Precision_test: 1.000000
Recall_test: 1.000000
F1_test: 1.000000
 

Arquitectura: _2_12_1_
Semilla: 1788083666
Segundos: 54
NIteraciones: 100000

Costo_train: 0.001156
Precision_train: 1.000000
Recall_train: 1.000000
F1_train: 1.000000

Costo_test: 0.001102
Precision_test: 1.000000
Recall_test: 1.000000
F1_test: 1.000000
 

Arquitectura: _2_12_1_
Semilla: 1788083666
Segundos: 54
NIteraciones: 100000

Costo_train: 0.002916
Precision_train: 1.000000
Recall_train: 1.000000
F1_train: 1.000000

Costo_test: 0.002851
Precision_test: 1.000000
Recall_test: 1.000000
F1_test: 1.000000
 

Arquitectura: _2_12_1_
Semilla: 1788083666
Segundos: 54
NIteraciones: 100000

Costo_train: 0.001337
Precision_train: 1.000000
Recall_train: 1.000000
F1_train: 1.000000

Costo_test: 0.001247
Precision_test: 1.000000
Recall_test: 1.000000
F1_test: 1.000000
 

Arquitectura: _2_12_1_
Semilla: 1788083666
Segundos: 54
NIteraciones: 100000

Costo_train: 0.002730
Precision_train: 1.000000
Recall_train: 1.000000
F1_train: 1.000000

Costo_test: 0.002323
Precision_test: 1.000000
Recall_test: 1.000000
F1_test: 1.000000
 

Arquitectura: _2_12_1_
Semilla: 1788083666
Segundos: 54
NIteraciones: 100000

Costo_train: 0.001492
Precision_train: 1.000000
Recall_train: 1.000000
F1_train: 1.000000

Costo_test: 0.001317
Precision_test: 1.000000
Recall_test: 1.000000
F1_test: 1.000000
 

Arquitectura: _2_12_1_
Semilla: 1788083666
Segundos: 54
NIteraciones: 100000

Costo_train: 0.002178
Precision_train: 1.000000
Recall_train: 1.000000
F1_train: 1.000000

Costo_test: 0.001988
Precision_test: 1.000000
Recall_test: 1.000000
F1_test: 1.000000
 

Arquitectura: _2_12_1_
Semilla: 1788083666
Segundos: 54
NIteraciones: 100000

Costo_train: 0.001227
Precision_train: 1.000000
Recall_train: 1.000000
F1_train: 1.000000

Costo_test: 0.001175
Precision_test: 1.000000
Recall_test: 1.000000
F1_test: 1.000000
 

Arquitectura: _2_12_1_
Semilla: 1788083666
Segundos: 54
NIteraciones: 100000

Costo_train: 0.001552
Precision_train: 1.000000
Recall_train: 1.000000
F1_train: 1.000000

Costo_test: 0.001535
Precision_test: 1.000000
Recall_test: 1.000000
F1_test: 1.000000
 

Arquitectura: _2_12_1_
Semilla: 1788083666
Segundos: 54
NIteraciones: 100000

Costo_train: 0.001960
Precision_train: 1.000000
Recall_train: 1.000000
F1_train: 1.000000

Costo_test: 0.001596
Precision_test: 1.000000
Recall_test: 1.000000
F1_test: 1.000000
 

Arquitectura: _2_12_1_
Semilla: 1788083666
Segundos: 54
NIteraciones: 100000

Costo_train: 0.002267
Precision_train: 1.000000
Recall_train: 1.000000
F1_train: 1.000000

Costo_test: 0.002227
Precision_test: 1.000000
Recall_test: 1.000000
F1_test: 1.000000
 

Arquitectura: _2_12_1_
Semilla: 1788083666
Segundos: 54
NIteraciones: 100000

Costo_train: 0.001875
Precision_train: 1.000000
Recall_train: 1.000000
F1_train: 1.000000

Costo_test: 0.001603
Precision_test: 1.000000
Recall_test: 1.000000
F1_test: 1.000000
 

Arquitectura: _2_12_1_
Semilla: 1788083666
Segundos: 54
NIteraciones: 100000

Costo_train: 0.002003
Precision_train: 1.000000
Recall_train: 1.000000
F1_train: 1.000000

Costo_test: 0.001813
Precision_test: 1.000000
Recall_test: 1.000000
F1_test: 1.000000
 

Arquitectura: _2_12_1_
Semilla: 1788083666
Segundos: 54
NIteraciones: 100000

Costo_train: 0.001737
Precision_train: 1.000000
Recall_train: 1.000000
F1_train: 1.000000

Costo_test: 0.001757
Precision_test: 1.000000
Recall_test: 1.000000
F1_test: 1.000000
 

Arquitectura: _2_12_1_
Semilla: 1788083666
Segundos: 54
NIteraciones: 100000

Costo_train: 0.001005
Precision_train: 1.000000
Recall_train: 1.000000
F1_train: 1.000000

Costo_test: 0.001010
Precision_test: 1.000000
Recall_test: 1.000000
F1_test: 1.000000
 

Arquitectura: _2_12_1_
Semilla: 1788083666
Segundos: 54
NIteraciones: 100000

Costo_train: 0.001163
Precision_train: 1.000000
Recall_train: 1.000000
F1_train: 1.000000

Costo_test: 0.001090
Precision_test: 1.000000
Recall_test: 1.000000
F1_test: 1.000000
 

Arquitectura: _2_12_1_
Semilla: 1788083666
Segundos: 54
NIteraciones: 100000

Costo_train: 0.001374
Precision_train: 1.000000
Recall_train: 1.000000
F1_train: 1.000000

Costo_test: 0.001214
Precision_test: 1.000000
Recall_test: 1.000000
F1_test: 1.000000
 

Arquitectura: _2_12_1_
Semilla: 1788083666
Segundos: 54
NIteraciones: 100000

Costo_train: 0.002232
Precision_train: 1.000000
Recall_train: 1.000000
F1_train: 1.000000

Costo_test: 0.002203
Precision_test: 1.000000
Recall_test: 1.000000
F1_test: 1.000000
 

Arquitectura: _2_12_1_
Semilla: 1788083666
Segundos: 54
NIteraciones: 100000

Costo_train: 0.002826
Precision_train: 1.000000
Recall_train: 1.000000
F1_train: 1.000000

Costo_test: 0.002416
Precision_test: 1.000000
Recall_test: 1.000000
F1_test: 1.000000
 

Arquitectura: _2_12_1_
Semilla: 1788083666
Segundos: 54
NIteraciones: 100000

Costo_train: 0.002527
Precision_train: 1.000000
Recall_train: 1.000000
F1_train: 1.000000

Costo_test: 0.002440
Precision_test: 1.000000
Recall_test: 1.000000
F1_test: 1.000000
 

Arquitectura: _2_12_1_
Semilla: 1788083666
Segundos: 54
NIteraciones: 100000

Costo_train: 0.001564
Precision_train: 1.000000
Recall_train: 1.000000
F1_train: 1.000000

Costo_test: 0.001638
Precision_test: 1.000000
Recall_test: 1.000000
F1_test: 1.000000
 

Arquitectura: _2_12_1_
Semilla: 1788083666
Segundos: 54
NIteraciones: 100000

Costo_train: 0.002063
Precision_train: 1.000000
Recall_train: 1.000000
F1_train: 1.000000

Costo_test: 0.001973
Precision_test: 1.000000
Recall_test: 1.000000
F1_test: 1.000000
 

Arquitectura: _2_12_1_
Semilla: 1788083666
Segundos: 54
NIteraciones: 100000

Costo_train: 0.002437
Precision_train: 1.000000
Recall_train: 1.000000
F1_train: 1.000000

Costo_test: 0.002140
Precision_test: 1.000000
Recall_test: 1.000000
F1_test: 1.000000
 

Arquitectura: _2_12_1_
Semilla: 1788083666
Segundos: 54
NIteraciones: 100000

Costo_train: 0.002198
Precision_train: 1.000000
Recall_train: 1.000000
F1_train: 1.000000

Costo_test: 0.002339
Precision_test: 1.000000
Recall_test: 0.995074
F1_test: 0.997531
 

Arquitectura: _2_12_1_
Semilla: 1788083666
Segundos: 54
NIteraciones: 100000

Costo_train: 0.002332
Precision_train: 1.000000
Recall_train: 1.000000
F1_train: 1.000000

Costo_test: 0.003210
Precision_test: 1.000000
Recall_test: 1.000000
F1_test: 1.000000
 

Arquitectura: _2_12_1_
Semilla: 1788083666
Segundos: 54
NIteraciones: 100000

Costo_train: 0.002335
Precision_train: 1.000000
Recall_train: 1.000000
F1_train: 1.000000

Costo_test: 0.002269
Precision_test: 1.000000
Recall_test: 1.000000
F1_test: 1.000000
 

Arquitectura: _2_12_1_
Semilla: 1788083666
Segundos: 54
NIteraciones: 100000

Costo_train: 0.001486
Precision_train: 1.000000
Recall_train: 1.000000
F1_train: 1.000000

Costo_test: 0.001358
Precision_test: 1.000000
Recall_test: 1.000000
F1_test: 1.000000
 

Arquitectura: _2_12_1_
Semilla: 1788083666
Segundos: 54
NIteraciones: 100000

Costo_train: 0.001860
Precision_train: 1.000000
Recall_train: 1.000000
F1_train: 1.000000

Costo_test: 0.001737
Precision_test: 1.000000
Recall_test: 1.000000
F1_test: 1.000000
 

Arquitectura: _2_12_1_
Semilla: 1788083666
Segundos: 54
NIteraciones: 100000

Costo_train: 0.002048
Precision_train: 1.000000
Recall_train: 1.000000
F1_train: 1.000000

Costo_test: 0.002635
Precision_test: 1.000000
Recall_test: 0.995074
F1_test: 0.997531
 

Arquitectura: _2_12_1_
Semilla: 1788083666
Segundos: 54
NIteraciones: 100000

Costo_train: 0.001265
Precision_train: 1.000000
Recall_train: 1.000000
F1_train: 1.000000

Costo_test: 0.001397
Precision_test: 1.000000
Recall_test: 1.000000
F1_test: 1.000000
 

Arquitectura: _2_12_1_
Semilla: 1788083666
Segundos: 54
NIteraciones: 100000

Costo_train: 0.001584
Precision_train: 1.000000
Recall_train: 1.000000
F1_train: 1.000000

Costo_test: 0.001444
Precision_test: 1.000000
Recall_test: 1.000000
F1_test: 1.000000
 

Arquitectura: _2_12_1_
Semilla: 1788083666
Segundos: 54
NIteraciones: 100000

Costo_train: 0.001127
Precision_train: 1.000000
Recall_train: 1.000000
F1_train: 1.000000

Costo_test: 0.001108
Precision_test: 1.000000
Recall_test: 1.000000
F1_test: 1.000000
 

Arquitectura: _2_12_1_
Semilla: 1788083666
Segundos: 54
NIteraciones: 100000

Costo_train: 0.002181
Precision_train: 1.000000
Recall_train: 1.000000
F1_train: 1.000000

Costo_test: 0.002181
Precision_test: 1.000000
Recall_test: 1.000000
F1_test: 1.000000
 

Arquitectura: _2_12_1_
Semilla: 1788083666
Segundos: 54
NIteraciones: 100000

Costo_train: 0.001935
Precision_train: 1.000000
Recall_train: 1.000000
F1_train: 1.000000

Costo_test: 0.002290
Precision_test: 1.000000
Recall_test: 1.000000
F1_test: 1.000000
 

Arquitectura: _2_12_1_
Semilla: 1788083666
Segundos: 54
NIteraciones: 100000

Costo_train: 0.002866
Precision_train: 1.000000
Recall_train: 1.000000
F1_train: 1.000000

Costo_test: 0.002546
Precision_test: 1.000000
Recall_test: 1.000000
F1_test: 1.000000
 

Arquitectura: _2_12_1_
Semilla: 1788083666
Segundos: 54
NIteraciones: 100000

Costo_train: 0.002956
Precision_train: 1.000000
Recall_train: 1.000000
F1_train: 1.000000

Costo_test: 0.002513
Precision_test: 1.000000
Recall_test: 1.000000
F1_test: 1.000000
 

Arquitectura: _2_12_1_
Semilla: 1788083666
Segundos: 54
NIteraciones: 100000

Costo_train: 0.001251
Precision_train: 1.000000
Recall_train: 1.000000
F1_train: 1.000000

Costo_test: 0.001343
Precision_test: 1.000000
Recall_test: 1.000000
F1_test: 1.000000
 

Arquitectura: _2_12_1_
Semilla: 1788083666
Segundos: 54
NIteraciones: 100000

Costo_train: 0.002078
Precision_train: 1.000000
Recall_train: 1.000000
F1_train: 1.000000

Costo_test: 0.002607
Precision_test: 1.000000
Recall_test: 1.000000
F1_test: 1.000000
 

Arquitectura: _2_12_1_
Semilla: 1788083666
Segundos: 54
NIteraciones: 100000

Costo_train: 0.001876
Precision_train: 1.000000
Recall_train: 1.000000
F1_train: 1.000000

Costo_test: 0.002066
Precision_test: 1.000000
Recall_test: 1.000000
F1_test: 1.000000
 

Arquitectura: _2_12_1_
Semilla: 1788083666
Segundos: 54
NIteraciones: 100000

Costo_train: 0.002866
Precision_train: 1.000000
Recall_train: 1.000000
F1_train: 1.000000

Costo_test: 0.003249
Precision_test: 1.000000
Recall_test: 1.000000
F1_test: 1.000000
 

Arquitectura: _2_12_1_
Semilla: 1788083666
Segundos: 54
NIteraciones: 100000

Costo_train: 0.000972
Precision_train: 1.000000
Recall_train: 1.000000
F1_train: 1.000000

Costo_test: 0.001096
Precision_test: 1.000000
Recall_test: 1.000000
F1_test: 1.000000
 

Arquitectura: _2_12_1_
Semilla: 1788083666
Segundos: 54
NIteraciones: 100000

Costo_train: 0.001407
Precision_train: 1.000000
Recall_train: 1.000000
F1_train: 1.000000

Costo_test: 0.001389
Precision_test: 1.000000
Recall_test: 1.000000
F1_test: 1.000000
 

Arquitectura: _2_12_1_
Semilla: 1788083666
Segundos: 54
NIteraciones: 100000

Costo_train: 0.001011
Precision_train: 1.000000
Recall_train: 1.000000
F1_train: 1.000000

Costo_test: 0.000929
Precision_test: 1.000000
Recall_test: 1.000000
F1_test: 1.000000
 

Arquitectura: _2_12_1_
Semilla: 1788083666
Segundos: 54
NIteraciones: 100000

Costo_train: 0.002271
Precision_train: 1.000000
Recall_train: 1.000000
F1_train: 1.000000

Costo_test: 0.001950
Precision_test: 1.000000
Recall_test: 1.000000
F1_test: 1.000000
 

Arquitectura: _2_12_1_
Semilla: 1788083666
Segundos: 54
NIteraciones: 100000

Costo_train: 0.000973
Precision_train: 1.000000
Recall_train: 1.000000
F1_train: 1.000000

Costo_test: 0.000939
Precision_test: 1.000000
Recall_test: 1.000000
F1_test: 1.000000
 

Arquitectura: _2_12_1_
Semilla: 1788083666
Segundos: 54
NIteraciones: 100000

Costo_train: 0.002890
Precision_train: 1.000000
Recall_train: 1.000000
F1_train: 1.000000

Costo_test: 0.002945
Precision_test: 1.000000
Recall_test: 1.000000
F1_test: 1.000000
 

Arquitectura: _2_12_1_
Semilla: 1788083666
Segundos: 54
NIteraciones: 100000

Costo_train: 0.003027
Precision_train: 1.000000
Recall_train: 1.000000
F1_train: 1.000000

Costo_test: 0.002849
Precision_test: 1.000000
Recall_test: 1.000000
F1_test: 1.000000
 

Arquitectura: _2_12_1_
Semilla: 1788083666
Segundos: 54
NIteraciones: 100000

Costo_train: 0.002591
Precision_train: 1.000000
Recall_train: 1.000000
F1_train: 1.000000

Costo_test: 0.002548
Precision_test: 1.000000
Recall_test: 1.000000
F1_test: 1.000000
 


--- Test Profunda 4.0 ---
Iteración 10000
Costo: 0.249999
Iteración 20000
Costo: 0.249999
Iteración 30000
Costo: 0.250000
Iteración 40000
Costo: 0.249999
Iteración 50000
Costo: 0.249999
Iteración 60000
Costo: 0.249999
Iteración 70000
Costo: 0.249999
Iteración 80000
Costo: 0.249999
Iteración 90000
Costo: 0.249998

Arquitectura: _2_3_3_3_3_1_
Semilla: 1788083720
Segundos: 186
NIteraciones: 100000

Costo_train: 0.249998
Precision_train: -nan(ind)
Recall_train: 0.000000
F1_train: -nan(ind)

Costo_test: 0.250039
Precision_test: -nan(ind)
Recall_test: 0.000000
F1_test: -nan(ind)
 

Arquitectura: _2_3_3_3_3_1_
Semilla: 1788083720
Segundos: 186
NIteraciones: 100000

Costo_train: 0.249984
Precision_train: -nan(ind)
Recall_train: 0.000000
F1_train: -nan(ind)

Costo_test: 0.250044
Precision_test: -nan(ind)
Recall_test: 0.000000
F1_test: -nan(ind)
 

Arquitectura: _2_3_3_3_3_1_
Semilla: 1788083720
Segundos: 186
NIteraciones: 100000

Costo_train: 0.249993
Precision_train: -nan(ind)
Recall_train: 0.000000
F1_train: -nan(ind)

Costo_test: 0.250040
Precision_test: -nan(ind)
Recall_test: 0.000000
F1_test: -nan(ind)
 

Arquitectura: _2_3_3_3_3_1_
Semilla: 1788083720
Segundos: 186
NIteraciones: 100000

Costo_train: 0.249997
Precision_train: -nan(ind)
Recall_train: 0.000000
F1_train: -nan(ind)

Costo_test: 0.250031
Precision_test: -nan(ind)
Recall_test: 0.000000
F1_test: -nan(ind)
 

Arquitectura: _2_3_3_3_3_1_
Semilla: 1788083720
Segundos: 186
NIteraciones: 100000

Costo_train: 0.249996
Precision_train: -nan(ind)
Recall_train: 0.000000
F1_train: -nan(ind)

Costo_test: 0.250032
Precision_test: -nan(ind)
Recall_test: 0.000000
F1_test: -nan(ind)
 

Arquitectura: _2_3_3_3_3_1_
Semilla: 1788083720
Segundos: 186
NIteraciones: 100000

Costo_train: 0.249994
Precision_train: -nan(ind)
Recall_train: 0.000000
F1_train: -nan(ind)

Costo_test: 0.250036
Precision_test: -nan(ind)
Recall_test: 0.000000
F1_test: -nan(ind)
 

Arquitectura: _2_3_3_3_3_1_
Semilla: 1788083720
Segundos: 186
NIteraciones: 100000

Costo_train: 0.249996
Precision_train: -nan(ind)
Recall_train: 0.000000
F1_train: -nan(ind)

Costo_test: 0.250032
Precision_test: -nan(ind)
Recall_test: 0.000000
F1_test: -nan(ind)
 

Arquitectura: _2_3_3_3_3_1_
Semilla: 1788083720
Segundos: 186
NIteraciones: 100000

Costo_train: 0.249997
Precision_train: -nan(ind)
Recall_train: 0.000000
F1_train: -nan(ind)

Costo_test: 0.250049
Precision_test: -nan(ind)
Recall_test: 0.000000
F1_test: -nan(ind)
 

Arquitectura: _2_3_3_3_3_1_
Semilla: 1788083720
Segundos: 186
NIteraciones: 100000

Costo_train: 0.249996
Precision_train: -nan(ind)
Recall_train: 0.000000
F1_train: -nan(ind)

Costo_test: 0.250033
Precision_test: -nan(ind)
Recall_test: 0.000000
F1_test: -nan(ind)
 

Arquitectura: _2_3_3_3_3_1_
Semilla: 1788083720
Segundos: 186
NIteraciones: 100000

Costo_train: 0.249995
Precision_train: -nan(ind)
Recall_train: 0.000000
F1_train: -nan(ind)

Costo_test: 0.250026
Precision_test: -nan(ind)
Recall_test: 0.000000
F1_test: -nan(ind)
 

Arquitectura: _2_3_3_3_3_1_
Semilla: 1788083720
Segundos: 186
NIteraciones: 100000

Costo_train: 0.249991
Precision_train: -nan(ind)
Recall_train: 0.000000
F1_train: -nan(ind)

Costo_test: 0.250020
Precision_test: -nan(ind)
Recall_test: 0.000000
F1_test: -nan(ind)
 

Arquitectura: _2_3_3_3_3_1_
Semilla: 1788083720
Segundos: 186
NIteraciones: 100000

Costo_train: 0.249997
Precision_train: -nan(ind)
Recall_train: 0.000000
F1_train: -nan(ind)

Costo_test: 0.250032
Precision_test: -nan(ind)
Recall_test: 0.000000
F1_test: -nan(ind)
 

Arquitectura: _2_3_3_3_3_1_
Semilla: 1788083720
Segundos: 186
NIteraciones: 100000

Costo_train: 0.249997
Precision_train: -nan(ind)
Recall_train: 0.000000
F1_train: -nan(ind)

Costo_test: 0.250041
Precision_test: -nan(ind)
Recall_test: 0.000000
F1_test: -nan(ind)
 

Arquitectura: _2_3_3_3_3_1_
Semilla: 1788083720
Segundos: 186
NIteraciones: 100000

Costo_train: 0.249997
Precision_train: -nan(ind)
Recall_train: 0.000000
F1_train: -nan(ind)

Costo_test: 0.250028
Precision_test: -nan(ind)
Recall_test: 0.000000
F1_test: -nan(ind)
 

Arquitectura: _2_3_3_3_3_1_
Semilla: 1788083720
Segundos: 186
NIteraciones: 100000

Costo_train: 0.249996
Precision_train: -nan(ind)
Recall_train: 0.000000
F1_train: -nan(ind)

Costo_test: 0.250034
Precision_test: -nan(ind)
Recall_test: 0.000000
F1_test: -nan(ind)
 

Arquitectura: _2_3_3_3_3_1_
Semilla: 1788083720
Segundos: 186
NIteraciones: 100000

Costo_train: 0.249998
Precision_train: -nan(ind)
Recall_train: 0.000000
F1_train: -nan(ind)

Costo_test: 0.250031
Precision_test: -nan(ind)
Recall_test: 0.000000
F1_test: -nan(ind)
 

Arquitectura: _2_3_3_3_3_1_
Semilla: 1788083720
Segundos: 186
NIteraciones: 100000

Costo_train: 0.249993
Precision_train: -nan(ind)
Recall_train: 0.000000
F1_train: -nan(ind)

Costo_test: 0.250031
Precision_test: -nan(ind)
Recall_test: 0.000000
F1_test: -nan(ind)
 

Arquitectura: _2_3_3_3_3_1_
Semilla: 1788083720
Segundos: 186
NIteraciones: 100000

Costo_train: 0.249996
Precision_train: -nan(ind)
Recall_train: 0.000000
F1_train: -nan(ind)

Costo_test: 0.250028
Precision_test: -nan(ind)
Recall_test: 0.000000
F1_test: -nan(ind)
 

Arquitectura: _2_3_3_3_3_1_
Semilla: 1788083720
Segundos: 186
NIteraciones: 100000

Costo_train: 0.249996
Precision_train: -nan(ind)
Recall_train: 0.000000
F1_train: -nan(ind)

Costo_test: 0.250031
Precision_test: -nan(ind)
Recall_test: 0.000000
F1_test: -nan(ind)
 

Arquitectura: _2_3_3_3_3_1_
Semilla: 1788083720
Segundos: 186
NIteraciones: 100000

Costo_train: 0.249996
Precision_train: -nan(ind)
Recall_train: 0.000000
F1_train: -nan(ind)

Costo_test: 0.250027
Precision_test: -nan(ind)
Recall_test: 0.000000
F1_test: -nan(ind)
 

Arquitectura: _2_3_3_3_3_1_
Semilla: 1788083720
Segundos: 186
NIteraciones: 100000

Costo_train: 0.249996
Precision_train: -nan(ind)
Recall_train: 0.000000
F1_train: -nan(ind)

Costo_test: 0.250033
Precision_test: -nan(ind)
Recall_test: 0.000000
F1_test: -nan(ind)
 

Arquitectura: _2_3_3_3_3_1_
Semilla: 1788083720
Segundos: 186
NIteraciones: 100000

Costo_train: 0.249997
Precision_train: -nan(ind)
Recall_train: 0.000000
F1_train: -nan(ind)

Costo_test: 0.250035
Precision_test: -nan(ind)
Recall_test: 0.000000
F1_test: -nan(ind)
 

Arquitectura: _2_3_3_3_3_1_
Semilla: 1788083720
Segundos: 186
NIteraciones: 100000

Costo_train: 0.249982
Precision_train: -nan(ind)
Recall_train: 0.000000
F1_train: -nan(ind)

Costo_test: 0.250033
Precision_test: -nan(ind)
Recall_test: 0.000000
F1_test: -nan(ind)
 

Arquitectura: _2_3_3_3_3_1_
Semilla: 1788083720
Segundos: 186
NIteraciones: 100000

Costo_train: 0.249993
Precision_train: -nan(ind)
Recall_train: 0.000000
F1_train: -nan(ind)

Costo_test: 0.250048
Precision_test: -nan(ind)
Recall_test: 0.000000
F1_test: -nan(ind)
 

Arquitectura: _2_3_3_3_3_1_
Semilla: 1788083720
Segundos: 186
NIteraciones: 100000

Costo_train: 0.249990
Precision_train: -nan(ind)
Recall_train: 0.000000
F1_train: -nan(ind)

Costo_test: 0.250042
Precision_test: -nan(ind)
Recall_test: 0.000000
F1_test: -nan(ind)
 

Arquitectura: _2_3_3_3_3_1_
Semilla: 1788083720
Segundos: 186
NIteraciones: 100000

Costo_train: 0.249985
Precision_train: -nan(ind)
Recall_train: 0.000000
F1_train: -nan(ind)

Costo_test: 0.250053
Precision_test: -nan(ind)
Recall_test: 0.000000
F1_test: -nan(ind)
 

Arquitectura: _2_3_3_3_3_1_
Semilla: 1788083720
Segundos: 186
NIteraciones: 100000

Costo_train: 0.249995
Precision_train: -nan(ind)
Recall_train: 0.000000
F1_train: -nan(ind)

Costo_test: 0.250023
Precision_test: -nan(ind)
Recall_test: 0.000000
F1_test: -nan(ind)
 

Arquitectura: _2_3_3_3_3_1_
Semilla: 1788083720
Segundos: 186
NIteraciones: 100000

Costo_train: 0.249988
Precision_train: -nan(ind)
Recall_train: 0.000000
F1_train: -nan(ind)

Costo_test: 0.250004
Precision_test: -nan(ind)
Recall_test: 0.000000
F1_test: -nan(ind)
 

Arquitectura: _2_3_3_3_3_1_
Semilla: 1788083720
Segundos: 186
NIteraciones: 100000

Costo_train: 0.249997
Precision_train: -nan(ind)
Recall_train: 0.000000
F1_train: -nan(ind)

Costo_test: 0.250033
Precision_test: -nan(ind)
Recall_test: 0.000000
F1_test: -nan(ind)
 

Arquitectura: _2_3_3_3_3_1_
Semilla: 1788083720
Segundos: 186
NIteraciones: 100000

Costo_train: 0.249997
Precision_train: -nan(ind)
Recall_train: 0.000000
F1_train: -nan(ind)

Costo_test: 0.250031
Precision_test: -nan(ind)
Recall_test: 0.000000
F1_test: -nan(ind)
 

Arquitectura: _2_3_3_3_3_1_
Semilla: 1788083720
Segundos: 186
NIteraciones: 100000

Costo_train: 0.249996
Precision_train: -nan(ind)
Recall_train: 0.000000
F1_train: -nan(ind)

Costo_test: 0.250032
Precision_test: -nan(ind)
Recall_test: 0.000000
F1_test: -nan(ind)
 

Arquitectura: _2_3_3_3_3_1_
Semilla: 1788083720
Segundos: 186
NIteraciones: 100000

Costo_train: 0.249996
Precision_train: -nan(ind)
Recall_train: 0.000000
F1_train: -nan(ind)

Costo_test: 0.250032
Precision_test: -nan(ind)
Recall_test: 0.000000
F1_test: -nan(ind)
 

Arquitectura: _2_3_3_3_3_1_
Semilla: 1788083720
Segundos: 186
NIteraciones: 100000

Costo_train: 0.250000
Precision_train: -nan(ind)
Recall_train: 0.000000
F1_train: -nan(ind)

Costo_test: 0.250028
Precision_test: -nan(ind)
Recall_test: 0.000000
F1_test: -nan(ind)
 

Arquitectura: _2_3_3_3_3_1_
Semilla: 1788083720
Segundos: 186
NIteraciones: 100000

Costo_train: 0.249975
Precision_train: -nan(ind)
Recall_train: 0.000000
F1_train: -nan(ind)

Costo_test: 0.250028
Precision_test: -nan(ind)
Recall_test: 0.000000
F1_test: -nan(ind)
 

Arquitectura: _2_3_3_3_3_1_
Semilla: 1788083720
Segundos: 186
NIteraciones: 100000

Costo_train: 0.249997
Precision_train: -nan(ind)
Recall_train: 0.000000
F1_train: -nan(ind)

Costo_test: 0.250033
Precision_test: -nan(ind)
Recall_test: 0.000000
F1_test: -nan(ind)
 

Arquitectura: _2_3_3_3_3_1_
Semilla: 1788083720
Segundos: 186
NIteraciones: 100000

Costo_train: 0.249996
Precision_train: -nan(ind)
Recall_train: 0.000000
F1_train: -nan(ind)

Costo_test: 0.250031
Precision_test: -nan(ind)
Recall_test: 0.000000
F1_test: -nan(ind)
 

Arquitectura: _2_3_3_3_3_1_
Semilla: 1788083720
Segundos: 186
NIteraciones: 100000

Costo_train: 0.249447
Precision_train: 0.481944
Recall_train: 0.435383
F1_train: 0.457482

Costo_test: 0.249729
Precision_test: 0.504902
Recall_test: 0.507389
F1_test: 0.506142
 

Arquitectura: _2_3_3_3_3_1_
Semilla: 1788083720
Segundos: 186
NIteraciones: 100000

Costo_train: 0.250002
Precision_train: -nan(ind)
Recall_train: 0.000000
F1_train: -nan(ind)

Costo_test: 0.250026
Precision_test: -nan(ind)
Recall_test: 0.000000
F1_test: -nan(ind)
 

Arquitectura: _2_3_3_3_3_1_
Semilla: 1788083720
Segundos: 186
NIteraciones: 100000

Costo_train: 0.249978
Precision_train: -nan(ind)
Recall_train: 0.000000
F1_train: -nan(ind)

Costo_test: 0.250007
Precision_test: -nan(ind)
Recall_test: 0.000000
F1_test: -nan(ind)
 

Arquitectura: _2_3_3_3_3_1_
Semilla: 1788083720
Segundos: 186
NIteraciones: 100000

Costo_train: 0.249960
Precision_train: 0.000000
Recall_train: 0.000000
F1_train: -nan(ind)

Costo_test: 0.250012
Precision_test: 0.000000
Recall_test: 0.000000
F1_test: -nan(ind)
 

Arquitectura: _2_3_3_3_3_1_
Semilla: 1788083720
Segundos: 186
NIteraciones: 100000

Costo_train: 0.249995
Precision_train: -nan(ind)
Recall_train: 0.000000
F1_train: -nan(ind)

Costo_test: 0.250026
Precision_test: -nan(ind)
Recall_test: 0.000000
F1_test: -nan(ind)
 

Arquitectura: _2_3_3_3_3_1_
Semilla: 1788083720
Segundos: 186
NIteraciones: 100000

Costo_train: 0.249984
Precision_train: -nan(ind)
Recall_train: 0.000000
F1_train: -nan(ind)

Costo_test: 0.250025
Precision_test: -nan(ind)
Recall_test: 0.000000
F1_test: -nan(ind)
 

Arquitectura: _2_3_3_3_3_1_
Semilla: 1788083720
Segundos: 186
NIteraciones: 100000

Costo_train: 0.249997
Precision_train: -nan(ind)
Recall_train: 0.000000
F1_train: -nan(ind)

Costo_test: 0.250030
Precision_test: -nan(ind)
Recall_test: 0.000000
F1_test: -nan(ind)
 

Arquitectura: _2_3_3_3_3_1_
Semilla: 1788083720
Segundos: 186
NIteraciones: 100000

Costo_train: 0.249995
Precision_train: -nan(ind)
Recall_train: 0.000000
F1_train: -nan(ind)

Costo_test: 0.250036
Precision_test: -nan(ind)
Recall_test: 0.000000
F1_test: -nan(ind)
 

Arquitectura: _2_3_3_3_3_1_
Semilla: 1788083720
Segundos: 186
NIteraciones: 100000

Costo_train: 0.249996
Precision_train: -nan(ind)
Recall_train: 0.000000
F1_train: -nan(ind)

Costo_test: 0.250031
Precision_test: -nan(ind)
Recall_test: 0.000000
F1_test: -nan(ind)
 

Arquitectura: _2_3_3_3_3_1_
Semilla: 1788083720
Segundos: 186
NIteraciones: 100000

Costo_train: 0.249997
Precision_train: -nan(ind)
Recall_train: 0.000000
F1_train: -nan(ind)

Costo_test: 0.250026
Precision_test: -nan(ind)
Recall_test: 0.000000
F1_test: -nan(ind)
 

Arquitectura: _2_3_3_3_3_1_
Semilla: 1788083720
Segundos: 186
NIteraciones: 100000

Costo_train: 0.249998
Precision_train: -nan(ind)
Recall_train: 0.000000
F1_train: -nan(ind)

Costo_test: 0.250028
Precision_test: -nan(ind)
Recall_test: 0.000000
F1_test: -nan(ind)
 

Arquitectura: _2_3_3_3_3_1_
Semilla: 1788083720
Segundos: 186
NIteraciones: 100000

Costo_train: 0.249994
Precision_train: -nan(ind)
Recall_train: 0.000000
F1_train: -nan(ind)

Costo_test: 0.250033
Precision_test: -nan(ind)
Recall_test: 0.000000
F1_test: -nan(ind)
 

Arquitectura: _2_3_3_3_3_1_
Semilla: 1788083720
Segundos: 186
NIteraciones: 100000

Costo_train: 0.249997
Precision_train: -nan(ind)
Recall_train: 0.000000
F1_train: -nan(ind)

Costo_test: 0.250035
Precision_test: -nan(ind)
Recall_test: 0.000000
F1_test: -nan(ind)
 

Arquitectura: _2_3_3_3_3_1_
Semilla: 1788083720
Segundos: 186
NIteraciones: 100000

Costo_train: 0.250002
Precision_train: -nan(ind)
Recall_train: 0.000000
F1_train: -nan(ind)

Costo_test: 0.250028
Precision_test: -nan(ind)
Recall_test: 0.000000
F1_test: -nan(ind)
 

Arquitectura: _2_3_3_3_3_1_
Semilla: 1788083720
Segundos: 186
NIteraciones: 100000

Costo_train: 0.249964
Precision_train: -nan(ind)
Recall_train: 0.000000
F1_train: -nan(ind)

Costo_test: 0.249985
Precision_test: -nan(ind)
Recall_test: 0.000000
F1_test: -nan(ind)
 

Arquitectura: _2_3_3_3_3_1_
Semilla: 1788083720
Segundos: 186
NIteraciones: 100000

Costo_train: 0.249992
Precision_train: -nan(ind)
Recall_train: 0.000000
F1_train: -nan(ind)

Costo_test: 0.250040
Precision_test: -nan(ind)
Recall_test: 0.000000
F1_test: -nan(ind)
 

Arquitectura: _2_3_3_3_3_1_
Semilla: 1788083720
Segundos: 186
NIteraciones: 100000

Costo_train: 0.249995
Precision_train: -nan(ind)
Recall_train: 0.000000
F1_train: -nan(ind)

Costo_test: 0.250033
Precision_test: -nan(ind)
Recall_test: 0.000000
F1_test: -nan(ind)
 

Arquitectura: _2_3_3_3_3_1_
Semilla: 1788083720
Segundos: 186
NIteraciones: 100000

Costo_train: 0.249994
Precision_train: -nan(ind)
Recall_train: 0.000000
F1_train: -nan(ind)

Costo_test: 0.250031
Precision_test: -nan(ind)
Recall_test: 0.000000
F1_test: -nan(ind)
 

Arquitectura: _2_3_3_3_3_1_
Semilla: 1788083720
Segundos: 186
NIteraciones: 100000

Costo_train: 0.249994
Precision_train: -nan(ind)
Recall_train: 0.000000
F1_train: -nan(ind)

Costo_test: 0.250034
Precision_test: -nan(ind)
Recall_test: 0.000000
F1_test: -nan(ind)
 

Arquitectura: _2_3_3_3_3_1_
Semilla: 1788083720
Segundos: 186
NIteraciones: 100000

Costo_train: 0.249991
Precision_train: -nan(ind)
Recall_train: 0.000000
F1_train: -nan(ind)

Costo_test: 0.250050
Precision_test: -nan(ind)
Recall_test: 0.000000
F1_test: -nan(ind)
 

Arquitectura: _2_3_3_3_3_1_
Semilla: 1788083720
Segundos: 186
NIteraciones: 100000

Costo_train: 0.249999
Precision_train: -nan(ind)
Recall_train: 0.000000
F1_train: -nan(ind)

Costo_test: 0.250029
Precision_test: -nan(ind)
Recall_test: 0.000000
F1_test: -nan(ind)
 

Arquitectura: _2_3_3_3_3_1_
Semilla: 1788083720
Segundos: 186
NIteraciones: 100000

Costo_train: 0.249994
Precision_train: -nan(ind)
Recall_train: 0.000000
F1_train: -nan(ind)

Costo_test: 0.250036
Precision_test: -nan(ind)
Recall_test: 0.000000
F1_test: -nan(ind)
 

Arquitectura: _2_3_3_3_3_1_
Semilla: 1788083720
Segundos: 186
NIteraciones: 100000

Costo_train: 0.250002
Precision_train: -nan(ind)
Recall_train: 0.000000
F1_train: -nan(ind)

Costo_test: 0.250029
Precision_test: -nan(ind)
Recall_test: 0.000000
F1_test: -nan(ind)
 

Arquitectura: _2_3_3_3_3_1_
Semilla: 1788083720
Segundos: 186
NIteraciones: 100000

Costo_train: 0.249996
Precision_train: -nan(ind)
Recall_train: 0.000000
F1_train: -nan(ind)

Costo_test: 0.250035
Precision_test: -nan(ind)
Recall_test: 0.000000
F1_test: -nan(ind)
 

Arquitectura: _2_3_3_3_3_1_
Semilla: 1788083720
Segundos: 186
NIteraciones: 100000

Costo_train: 0.249993
Precision_train: -nan(ind)
Recall_train: 0.000000
F1_train: -nan(ind)

Costo_test: 0.250024
Precision_test: -nan(ind)
Recall_test: 0.000000
F1_test: -nan(ind)
 

Arquitectura: _2_3_3_3_3_1_
Semilla: 1788083720
Segundos: 186
NIteraciones: 100000

Costo_train: 0.249974
Precision_train: -nan(ind)
Recall_train: 0.000000
F1_train: -nan(ind)

Costo_test: 0.249990
Precision_test: -nan(ind)
Recall_test: 0.000000
F1_test: -nan(ind)
 

Arquitectura: _2_3_3_3_3_1_
Semilla: 1788083720
Segundos: 186
NIteraciones: 100000

Costo_train: 0.249996
Precision_train: -nan(ind)
Recall_train: 0.000000
F1_train: -nan(ind)

Costo_test: 0.250035
Precision_test: -nan(ind)
Recall_test: 0.000000
F1_test: -nan(ind)
 

Arquitectura: _2_3_3_3_3_1_
Semilla: 1788083720
Segundos: 186
NIteraciones: 100000

Costo_train: 0.249994
Precision_train: -nan(ind)
Recall_train: 0.000000
F1_train: -nan(ind)

Costo_test: 0.250015
Precision_test: -nan(ind)
Recall_test: 0.000000
F1_test: -nan(ind)
 

Arquitectura: _2_3_3_3_3_1_
Semilla: 1788083720
Segundos: 186
NIteraciones: 100000

Costo_train: 0.249996
Precision_train: -nan(ind)
Recall_train: 0.000000
F1_train: -nan(ind)

Costo_test: 0.250035
Precision_test: -nan(ind)
Recall_test: 0.000000
F1_test: -nan(ind)
 

Arquitectura: _2_3_3_3_3_1_
Semilla: 1788083720
Segundos: 186
NIteraciones: 100000

Costo_train: 0.249996
Precision_train: -nan(ind)
Recall_train: 0.000000
F1_train: -nan(ind)

Costo_test: 0.250032
Precision_test: -nan(ind)
Recall_test: 0.000000
F1_test: -nan(ind)
 

Arquitectura: _2_3_3_3_3_1_
Semilla: 1788083720
Segundos: 186
NIteraciones: 100000

Costo_train: 0.249994
Precision_train: -nan(ind)
Recall_train: 0.000000
F1_train: -nan(ind)

Costo_test: 0.250027
Precision_test: -nan(ind)
Recall_test: 0.000000
F1_test: -nan(ind)
 

Arquitectura: _2_3_3_3_3_1_
Semilla: 1788083720
Segundos: 186
NIteraciones: 100000

Costo_train: 0.249995
Precision_train: -nan(ind)
Recall_train: 0.000000
F1_train: -nan(ind)

Costo_test: 0.250034
Precision_test: -nan(ind)
Recall_test: 0.000000
F1_test: -nan(ind)
 

Arquitectura: _2_3_3_3_3_1_
Semilla: 1788083720
Segundos: 186
NIteraciones: 100000

Costo_train: 0.249994
Precision_train: -nan(ind)
Recall_train: 0.000000
F1_train: -nan(ind)

Costo_test: 0.250032
Precision_test: -nan(ind)
Recall_test: 0.000000
F1_test: -nan(ind)
 

Arquitectura: _2_3_3_3_3_1_
Semilla: 1788083720
Segundos: 186
NIteraciones: 100000

Costo_train: 0.249996
Precision_train: -nan(ind)
Recall_train: 0.000000
F1_train: -nan(ind)

Costo_test: 0.250029
Precision_test: -nan(ind)
Recall_test: 0.000000
F1_test: -nan(ind)
 

Arquitectura: _2_3_3_3_3_1_
Semilla: 1788083720
Segundos: 186
NIteraciones: 100000

Costo_train: 0.249966
Precision_train: 0.000000
Recall_train: 0.000000
F1_train: -nan(ind)

Costo_test: 0.249958
Precision_test: 0.000000
Recall_test: 0.000000
F1_test: -nan(ind)
 

Arquitectura: _2_3_3_3_3_1_
Semilla: 1788083720
Segundos: 186
NIteraciones: 100000

Costo_train: 0.249995
Precision_train: -nan(ind)
Recall_train: 0.000000
F1_train: -nan(ind)

Costo_test: 0.250058
Precision_test: -nan(ind)
Recall_test: 0.000000
F1_test: -nan(ind)
 

Arquitectura: _2_3_3_3_3_1_
Semilla: 1788083720
Segundos: 186
NIteraciones: 100000

Costo_train: 0.249996
Precision_train: -nan(ind)
Recall_train: 0.000000
F1_train: -nan(ind)

Costo_test: 0.250033
Precision_test: -nan(ind)
Recall_test: 0.000000
F1_test: -nan(ind)
 

Arquitectura: _2_3_3_3_3_1_
Semilla: 1788083720
Segundos: 186
NIteraciones: 100000

Costo_train: 0.249990
Precision_train: -nan(ind)
Recall_train: 0.000000
F1_train: -nan(ind)

Costo_test: 0.250000
Precision_test: -nan(ind)
Recall_test: 0.000000
F1_test: -nan(ind)
 

Arquitectura: _2_3_3_3_3_1_
Semilla: 1788083720
Segundos: 186
NIteraciones: 100000

Costo_train: 0.249998
Precision_train: -nan(ind)
Recall_train: 0.000000
F1_train: -nan(ind)

Costo_test: 0.250041
Precision_test: -nan(ind)
Recall_test: 0.000000
F1_test: -nan(ind)
 

Arquitectura: _2_3_3_3_3_1_
Semilla: 1788083720
Segundos: 186
NIteraciones: 100000

Costo_train: 0.249980
Precision_train: -nan(ind)
Recall_train: 0.000000
F1_train: -nan(ind)

Costo_test: 0.250000
Precision_test: -nan(ind)
Recall_test: 0.000000
F1_test: -nan(ind)
 

Arquitectura: _2_3_3_3_3_1_
Semilla: 1788083720
Segundos: 186
NIteraciones: 100000

Costo_train: 0.249982
Precision_train: -nan(ind)
Recall_train: 0.000000
F1_train: -nan(ind)

Costo_test: 0.250013
Precision_test: -nan(ind)
Recall_test: 0.000000
F1_test: -nan(ind)
 

Arquitectura: _2_3_3_3_3_1_
Semilla: 1788083720
Segundos: 186
NIteraciones: 100000

Costo_train: 0.249985
Precision_train: -nan(ind)
Recall_train: 0.000000
F1_train: -nan(ind)

Costo_test: 0.250015
Precision_test: -nan(ind)
Recall_test: 0.000000
F1_test: -nan(ind)
 

Arquitectura: _2_3_3_3_3_1_
Semilla: 1788083720
Segundos: 186
NIteraciones: 100000

Costo_train: 0.249995
Precision_train: -nan(ind)
Recall_train: 0.000000
F1_train: -nan(ind)

Costo_test: 0.250041
Precision_test: -nan(ind)
Recall_test: 0.000000
F1_test: -nan(ind)
 

Arquitectura: _2_3_3_3_3_1_
Semilla: 1788083720
Segundos: 186
NIteraciones: 100000

Costo_train: 0.249995
Precision_train: -nan(ind)
Recall_train: 0.000000
F1_train: -nan(ind)

Costo_test: 0.250033
Precision_test: -nan(ind)
Recall_test: 0.000000
F1_test: -nan(ind)
 

Arquitectura: _2_3_3_3_3_1_
Semilla: 1788083720
Segundos: 186
NIteraciones: 100000

Costo_train: 0.249997
Precision_train: -nan(ind)
Recall_train: 0.000000
F1_train: -nan(ind)

Costo_test: 0.250030
Precision_test: -nan(ind)
Recall_test: 0.000000
F1_test: -nan(ind)
 

Arquitectura: _2_3_3_3_3_1_
Semilla: 1788083720
Segundos: 186
NIteraciones: 100000

Costo_train: 0.249995
Precision_train: -nan(ind)
Recall_train: 0.000000
F1_train: -nan(ind)

Costo_test: 0.250036
Precision_test: -nan(ind)
Recall_test: 0.000000
F1_test: -nan(ind)
 

Arquitectura: _2_3_3_3_3_1_
Semilla: 1788083720
Segundos: 186
NIteraciones: 100000

Costo_train: 0.249996
Precision_train: -nan(ind)
Recall_train: 0.000000
F1_train: -nan(ind)

Costo_test: 0.250022
Precision_test: -nan(ind)
Recall_test: 0.000000
F1_test: -nan(ind)
 

Arquitectura: _2_3_3_3_3_1_
Semilla: 1788083720
Segundos: 186
NIteraciones: 100000

Costo_train: 0.249996
Precision_train: -nan(ind)
Recall_train: 0.000000
F1_train: -nan(ind)

Costo_test: 0.250039
Precision_test: -nan(ind)
Recall_test: 0.000000
F1_test: -nan(ind)
 

Arquitectura: _2_3_3_3_3_1_
Semilla: 1788083720
Segundos: 186
NIteraciones: 100000

Costo_train: 0.249996
Precision_train: -nan(ind)
Recall_train: 0.000000
F1_train: -nan(ind)

Costo_test: 0.250038
Precision_test: -nan(ind)
Recall_test: 0.000000
F1_test: -nan(ind)
 

Arquitectura: _2_3_3_3_3_1_
Semilla: 1788083720
Segundos: 186
NIteraciones: 100000

Costo_train: 0.249988
Precision_train: -nan(ind)
Recall_train: 0.000000
F1_train: -nan(ind)

Costo_test: 0.250038
Precision_test: -nan(ind)
Recall_test: 0.000000
F1_test: -nan(ind)
 

Arquitectura: _2_3_3_3_3_1_
Semilla: 1788083720
Segundos: 186
NIteraciones: 100000

Costo_train: 0.249980
Precision_train: 0.000000
Recall_train: 0.000000
F1_train: -nan(ind)

Costo_test: 0.250064
Precision_test: 0.000000
Recall_test: 0.000000
F1_test: -nan(ind)
 

Arquitectura: _2_3_3_3_3_1_
Semilla: 1788083720
Segundos: 186
NIteraciones: 100000

Costo_train: 0.249995
Precision_train: -nan(ind)
Recall_train: 0.000000
F1_train: -nan(ind)

Costo_test: 0.250012
Precision_test: -nan(ind)
Recall_test: 0.000000
F1_test: -nan(ind)
 

Arquitectura: _2_3_3_3_3_1_
Semilla: 1788083720
Segundos: 186
NIteraciones: 100000

Costo_train: 0.249997
Precision_train: -nan(ind)
Recall_train: 0.000000
F1_train: -nan(ind)

Costo_test: 0.250030
Precision_test: -nan(ind)
Recall_test: 0.000000
F1_test: -nan(ind)
 

Arquitectura: _2_3_3_3_3_1_
Semilla: 1788083720
Segundos: 186
NIteraciones: 100000

Costo_train: 0.249988
Precision_train: -nan(ind)
Recall_train: 0.000000
F1_train: -nan(ind)

Costo_test: 0.250038
Precision_test: -nan(ind)
Recall_test: 0.000000
F1_test: -nan(ind)
 

Arquitectura: _2_3_3_3_3_1_
Semilla: 1788083720
Segundos: 186
NIteraciones: 100000

Costo_train: 0.249970
Precision_train: 0.000000
Recall_train: 0.000000
F1_train: -nan(ind)

Costo_test: 0.249975
Precision_test: 0.000000
Recall_test: 0.000000
F1_test: -nan(ind)
 

Arquitectura: _2_3_3_3_3_1_
Semilla: 1788083720
Segundos: 186
NIteraciones: 100000

Costo_train: 0.249992
Precision_train: -nan(ind)
Recall_train: 0.000000
F1_train: -nan(ind)

Costo_test: 0.250040
Precision_test: -nan(ind)
Recall_test: 0.000000
F1_test: -nan(ind)
 

Arquitectura: _2_3_3_3_3_1_
Semilla: 1788083720
Segundos: 186
NIteraciones: 100000

Costo_train: 0.249991
Precision_train: -nan(ind)
Recall_train: 0.000000
F1_train: -nan(ind)

Costo_test: 0.250017
Precision_test: -nan(ind)
Recall_test: 0.000000
F1_test: -nan(ind)
 

Arquitectura: _2_3_3_3_3_1_
Semilla: 1788083720
Segundos: 186
NIteraciones: 100000

Costo_train: 0.249994
Precision_train: -nan(ind)
Recall_train: 0.000000
F1_train: -nan(ind)

Costo_test: 0.250026
Precision_test: -nan(ind)
Recall_test: 0.000000
F1_test: -nan(ind)
 

Arquitectura: _2_3_3_3_3_1_
Semilla: 1788083720
Segundos: 186
NIteraciones: 100000

Costo_train: 0.249988
Precision_train: -nan(ind)
Recall_train: 0.000000
F1_train: -nan(ind)

Costo_test: 0.250030
Precision_test: -nan(ind)
Recall_test: 0.000000
F1_test: -nan(ind)
 

Arquitectura: _2_3_3_3_3_1_
Semilla: 1788083720
Segundos: 186
NIteraciones: 100000

Costo_train: 0.249993
Precision_train: -nan(ind)
Recall_train: 0.000000
F1_train: -nan(ind)

Costo_test: 0.250035
Precision_test: -nan(ind)
Recall_test: 0.000000
F1_test: -nan(ind)
 

Arquitectura: _2_3_3_3_3_1_
Semilla: 1788083720
Segundos: 186
NIteraciones: 100000

Costo_train: 0.249966
Precision_train: -nan(ind)
Recall_train: 0.000000
F1_train: -nan(ind)

Costo_test: 0.249982
Precision_test: -nan(ind)
Recall_test: 0.000000
F1_test: -nan(ind)
 

Arquitectura: _2_3_3_3_3_1_
Semilla: 1788083720
Segundos: 186
NIteraciones: 100000

Costo_train: 0.249996
Precision_train: -nan(ind)
Recall_train: 0.000000
F1_train: -nan(ind)

Costo_test: 0.250029
Precision_test: -nan(ind)
Recall_test: 0.000000
F1_test: -nan(ind)
 

Arquitectura: _2_3_3_3_3_1_
Semilla: 1788083720
Segundos: 186
NIteraciones: 100000

Costo_train: 0.249994
Precision_train: -nan(ind)
Recall_train: 0.000000
F1_train: -nan(ind)

Costo_test: 0.250038
Precision_test: -nan(ind)
Recall_test: 0.000000
F1_test: -nan(ind)
 

Arquitectura: _2_3_3_3_3_1_
Semilla: 1788083720
Segundos: 186
NIteraciones: 100000

Costo_train: 0.249980
Precision_train: -nan(ind)
Recall_train: 0.000000
F1_train: -nan(ind)

Costo_test: 0.250032
Precision_test: -nan(ind)
Recall_test: 0.000000
F1_test: -nan(ind)
 


--- Test Angosta 5.0 ---
Iteración 10000
Costo: 0.243597
Iteración 20000
Costo: 0.065087
Iteración 30000
Costo: 0.014360
Iteración 40000
Costo: 0.008112
Iteración 50000
Costo: 0.005809
Iteración 60000
Costo: 0.004597
Iteración 70000
Costo: 0.003841
Iteración 80000
Costo: 0.003319
Iteración 90000
Costo: 0.002934

Arquitectura: _2_15_1_
Semilla: 1788083906
Segundos: 56
NIteraciones: 100000

Costo_train: 0.002637
Precision_train: 1.000000
Recall_train: 1.000000
F1_train: 1.000000

Costo_test: 0.003077
Precision_test: 1.000000
Recall_test: 1.000000
F1_test: 1.000000
 

Arquitectura: _2_15_1_
Semilla: 1788083906
Segundos: 56
NIteraciones: 100000

Costo_train: 0.000993
Precision_train: 1.000000
Recall_train: 1.000000
F1_train: 1.000000

Costo_test: 0.001004
Precision_test: 1.000000
Recall_test: 1.000000
F1_test: 1.000000
 

Arquitectura: _2_15_1_
Semilla: 1788083906
Segundos: 56
NIteraciones: 100000

Costo_train: 0.001290
Precision_train: 1.000000
Recall_train: 1.000000
F1_train: 1.000000

Costo_test: 0.001635
Precision_test: 1.000000
Recall_test: 1.000000
F1_test: 1.000000
 

Arquitectura: _2_15_1_
Semilla: 1788083906
Segundos: 56
NIteraciones: 100000

Costo_train: 0.001756
Precision_train: 1.000000
Recall_train: 1.000000
F1_train: 1.000000

Costo_test: 0.001981
Precision_test: 1.000000
Recall_test: 1.000000
F1_test: 1.000000
 

Arquitectura: _2_15_1_
Semilla: 1788083906
Segundos: 56
NIteraciones: 100000

Costo_train: 0.003443
Precision_train: 1.000000
Recall_train: 1.000000
F1_train: 1.000000

Costo_test: 0.003762
Precision_test: 1.000000
Recall_test: 1.000000
F1_test: 1.000000
 

Arquitectura: _2_15_1_
Semilla: 1788083906
Segundos: 56
NIteraciones: 100000

Costo_train: 0.001754
Precision_train: 1.000000
Recall_train: 1.000000
F1_train: 1.000000

Costo_test: 0.001568
Precision_test: 1.000000
Recall_test: 1.000000
F1_test: 1.000000
 

Arquitectura: _2_15_1_
Semilla: 1788083906
Segundos: 56
NIteraciones: 100000

Costo_train: 0.002010
Precision_train: 1.000000
Recall_train: 1.000000
F1_train: 1.000000

Costo_test: 0.001771
Precision_test: 1.000000
Recall_test: 1.000000
F1_test: 1.000000
 

Arquitectura: _2_15_1_
Semilla: 1788083906
Segundos: 56
NIteraciones: 100000

Costo_train: 0.002814
Precision_train: 1.000000
Recall_train: 1.000000
F1_train: 1.000000

Costo_test: 0.002454
Precision_test: 1.000000
Recall_test: 1.000000
F1_test: 1.000000
 

Arquitectura: _2_15_1_
Semilla: 1788083906
Segundos: 56
NIteraciones: 100000

Costo_train: 0.001661
Precision_train: 1.000000
Recall_train: 1.000000
F1_train: 1.000000

Costo_test: 0.001450
Precision_test: 1.000000
Recall_test: 1.000000
F1_test: 1.000000
 

Arquitectura: _2_15_1_
Semilla: 1788083906
Segundos: 56
NIteraciones: 100000

Costo_train: 0.001131
Precision_train: 1.000000
Recall_train: 1.000000
F1_train: 1.000000

Costo_test: 0.001136
Precision_test: 1.000000
Recall_test: 1.000000
F1_test: 1.000000
 

Arquitectura: _2_15_1_
Semilla: 1788083906
Segundos: 56
NIteraciones: 100000

Costo_train: 0.002046
Precision_train: 1.000000
Recall_train: 1.000000
F1_train: 1.000000

Costo_test: 0.001995
Precision_test: 1.000000
Recall_test: 1.000000
F1_test: 1.000000
 

Arquitectura: _2_15_1_
Semilla: 1788083906
Segundos: 56
NIteraciones: 100000

Costo_train: 0.002046
Precision_train: 1.000000
Recall_train: 1.000000
F1_train: 1.000000

Costo_test: 0.002299
Precision_test: 1.000000
Recall_test: 1.000000
F1_test: 1.000000
 

Arquitectura: _2_15_1_
Semilla: 1788083906
Segundos: 56
NIteraciones: 100000

Costo_train: 0.001250
Precision_train: 1.000000
Recall_train: 1.000000
F1_train: 1.000000

Costo_test: 0.001276
Precision_test: 1.000000
Recall_test: 1.000000
F1_test: 1.000000
 

Arquitectura: _2_15_1_
Semilla: 1788083906
Segundos: 56
NIteraciones: 100000

Costo_train: 0.001484
Precision_train: 1.000000
Recall_train: 1.000000
F1_train: 1.000000

Costo_test: 0.001274
Precision_test: 1.000000
Recall_test: 1.000000
F1_test: 1.000000
 

Arquitectura: _2_15_1_
Semilla: 1788083906
Segundos: 56
NIteraciones: 100000

Costo_train: 0.002301
Precision_train: 1.000000
Recall_train: 1.000000
F1_train: 1.000000

Costo_test: 0.002610
Precision_test: 1.000000
Recall_test: 1.000000
F1_test: 1.000000
 

Arquitectura: _2_15_1_
Semilla: 1788083906
Segundos: 56
NIteraciones: 100000

Costo_train: 0.001831
Precision_train: 1.000000
Recall_train: 1.000000
F1_train: 1.000000

Costo_test: 0.001863
Precision_test: 1.000000
Recall_test: 1.000000
F1_test: 1.000000
 

Arquitectura: _2_15_1_
Semilla: 1788083906
Segundos: 56
NIteraciones: 100000

Costo_train: 0.001753
Precision_train: 1.000000
Recall_train: 1.000000
F1_train: 1.000000

Costo_test: 0.002079
Precision_test: 1.000000
Recall_test: 1.000000
F1_test: 1.000000
 

Arquitectura: _2_15_1_
Semilla: 1788083906
Segundos: 56
NIteraciones: 100000

Costo_train: 0.001153
Precision_train: 1.000000
Recall_train: 1.000000
F1_train: 1.000000

Costo_test: 0.001358
Precision_test: 1.000000
Recall_test: 1.000000
F1_test: 1.000000
 

Arquitectura: _2_15_1_
Semilla: 1788083906
Segundos: 56
NIteraciones: 100000

Costo_train: 0.002453
Precision_train: 1.000000
Recall_train: 1.000000
F1_train: 1.000000

Costo_test: 0.002072
Precision_test: 1.000000
Recall_test: 1.000000
F1_test: 1.000000
 

Arquitectura: _2_15_1_
Semilla: 1788083906
Segundos: 56
NIteraciones: 100000

Costo_train: 0.002038
Precision_train: 1.000000
Recall_train: 1.000000
F1_train: 1.000000

Costo_test: 0.001767
Precision_test: 1.000000
Recall_test: 1.000000
F1_test: 1.000000
 

Arquitectura: _2_15_1_
Semilla: 1788083906
Segundos: 56
NIteraciones: 100000

Costo_train: 0.003521
Precision_train: 1.000000
Recall_train: 0.997491
F1_train: 0.998744

Costo_test: 0.004128
Precision_test: 1.000000
Recall_test: 1.000000
F1_test: 1.000000
 

Arquitectura: _2_15_1_
Semilla: 1788083906
Segundos: 56
NIteraciones: 100000

Costo_train: 0.001115
Precision_train: 1.000000
Recall_train: 1.000000
F1_train: 1.000000

Costo_test: 0.001102
Precision_test: 1.000000
Recall_test: 1.000000
F1_test: 1.000000
 

Arquitectura: _2_15_1_
Semilla: 1788083906
Segundos: 56
NIteraciones: 100000

Costo_train: 0.001183
Precision_train: 1.000000
Recall_train: 1.000000
F1_train: 1.000000

Costo_test: 0.001152
Precision_test: 1.000000
Recall_test: 1.000000
F1_test: 1.000000
 

Arquitectura: _2_15_1_
Semilla: 1788083906
Segundos: 56
NIteraciones: 100000

Costo_train: 0.001500
Precision_train: 1.000000
Recall_train: 1.000000
F1_train: 1.000000

Costo_test: 0.001486
Precision_test: 1.000000
Recall_test: 1.000000
F1_test: 1.000000
 

Arquitectura: _2_15_1_
Semilla: 1788083906
Segundos: 56
NIteraciones: 100000

Costo_train: 0.001605
Precision_train: 1.000000
Recall_train: 1.000000
F1_train: 1.000000

Costo_test: 0.001577
Precision_test: 1.000000
Recall_test: 1.000000
F1_test: 1.000000
 

Arquitectura: _2_15_1_
Semilla: 1788083906
Segundos: 56
NIteraciones: 100000

Costo_train: 0.001551
Precision_train: 1.000000
Recall_train: 1.000000
F1_train: 1.000000

Costo_test: 0.001706
Precision_test: 1.000000
Recall_test: 1.000000
F1_test: 1.000000
 

Arquitectura: _2_15_1_
Semilla: 1788083906
Segundos: 56
NIteraciones: 100000

Costo_train: 0.001315
Precision_train: 1.000000
Recall_train: 1.000000
F1_train: 1.000000

Costo_test: 0.001768
Precision_test: 1.000000
Recall_test: 1.000000
F1_test: 1.000000
 

Arquitectura: _2_15_1_
Semilla: 1788083906
Segundos: 56
NIteraciones: 100000

Costo_train: 0.001936
Precision_train: 1.000000
Recall_train: 1.000000
F1_train: 1.000000

Costo_test: 0.001726
Precision_test: 1.000000
Recall_test: 1.000000
F1_test: 1.000000
 

Arquitectura: _2_15_1_
Semilla: 1788083906
Segundos: 56
NIteraciones: 100000

Costo_train: 0.002501
Precision_train: 1.000000
Recall_train: 1.000000
F1_train: 1.000000

Costo_test: 0.003076
Precision_test: 1.000000
Recall_test: 1.000000
F1_test: 1.000000
 

Arquitectura: _2_15_1_
Semilla: 1788083906
Segundos: 56
NIteraciones: 100000

Costo_train: 0.002543
Precision_train: 1.000000
Recall_train: 1.000000
F1_train: 1.000000

Costo_test: 0.003432
Precision_test: 1.000000
Recall_test: 0.995074
F1_test: 0.997531
 

Arquitectura: _2_15_1_
Semilla: 1788083906
Segundos: 56
NIteraciones: 100000

Costo_train: 0.003471
Precision_train: 1.000000
Recall_train: 0.998745
F1_train: 0.999372

Costo_test: 0.003002
Precision_test: 1.000000
Recall_test: 1.000000
F1_test: 1.000000
 

Arquitectura: _2_15_1_
Semilla: 1788083906
Segundos: 56
NIteraciones: 100000

Costo_train: 0.002444
Precision_train: 1.000000
Recall_train: 1.000000
F1_train: 1.000000

Costo_test: 0.002125
Precision_test: 1.000000
Recall_test: 1.000000
F1_test: 1.000000
 

Arquitectura: _2_15_1_
Semilla: 1788083906
Segundos: 56
NIteraciones: 100000

Costo_train: 0.001033
Precision_train: 1.000000
Recall_train: 1.000000
F1_train: 1.000000

Costo_test: 0.000870
Precision_test: 1.000000
Recall_test: 1.000000
F1_test: 1.000000
 

Arquitectura: _2_15_1_
Semilla: 1788083906
Segundos: 56
NIteraciones: 100000

Costo_train: 0.001062
Precision_train: 1.000000
Recall_train: 1.000000
F1_train: 1.000000

Costo_test: 0.000999
Precision_test: 1.000000
Recall_test: 1.000000
F1_test: 1.000000
 

Arquitectura: _2_15_1_
Semilla: 1788083906
Segundos: 56
NIteraciones: 100000

Costo_train: 0.001299
Precision_train: 1.000000
Recall_train: 1.000000
F1_train: 1.000000

Costo_test: 0.001424
Precision_test: 1.000000
Recall_test: 1.000000
F1_test: 1.000000
 

Arquitectura: _2_15_1_
Semilla: 1788083906
Segundos: 56
NIteraciones: 100000

Costo_train: 0.001987
Precision_train: 1.000000
Recall_train: 1.000000
F1_train: 1.000000

Costo_test: 0.001808
Precision_test: 1.000000
Recall_test: 1.000000
F1_test: 1.000000
 

Arquitectura: _2_15_1_
Semilla: 1788083906
Segundos: 56
NIteraciones: 100000

Costo_train: 0.001311
Precision_train: 1.000000
Recall_train: 1.000000
F1_train: 1.000000

Costo_test: 0.001233
Precision_test: 1.000000
Recall_test: 1.000000
F1_test: 1.000000
 

Arquitectura: _2_15_1_
Semilla: 1788083906
Segundos: 56
NIteraciones: 100000

Costo_train: 0.002254
Precision_train: 1.000000
Recall_train: 1.000000
F1_train: 1.000000

Costo_test: 0.002539
Precision_test: 1.000000
Recall_test: 1.000000
F1_test: 1.000000
 

Arquitectura: _2_15_1_
Semilla: 1788083906
Segundos: 56
NIteraciones: 100000

Costo_train: 0.001934
Precision_train: 1.000000
Recall_train: 1.000000
F1_train: 1.000000

Costo_test: 0.001852
Precision_test: 1.000000
Recall_test: 1.000000
F1_test: 1.000000
 

Arquitectura: _2_15_1_
Semilla: 1788083906
Segundos: 56
NIteraciones: 100000

Costo_train: 0.002588
Precision_train: 1.000000
Recall_train: 1.000000
F1_train: 1.000000

Costo_test: 0.002549
Precision_test: 1.000000
Recall_test: 1.000000
F1_test: 1.000000
 

Arquitectura: _2_15_1_
Semilla: 1788083906
Segundos: 56
NIteraciones: 100000

Costo_train: 0.002140
Precision_train: 1.000000
Recall_train: 1.000000
F1_train: 1.000000

Costo_test: 0.002164
Precision_test: 1.000000
Recall_test: 1.000000
F1_test: 1.000000
 

Arquitectura: _2_15_1_
Semilla: 1788083906
Segundos: 56
NIteraciones: 100000

Costo_train: 0.001177
Precision_train: 1.000000
Recall_train: 1.000000
F1_train: 1.000000

Costo_test: 0.001530
Precision_test: 1.000000
Recall_test: 1.000000
F1_test: 1.000000
 

Arquitectura: _2_15_1_
Semilla: 1788083906
Segundos: 56
NIteraciones: 100000

Costo_train: 0.001155
Precision_train: 1.000000
Recall_train: 1.000000
F1_train: 1.000000

Costo_test: 0.001045
Precision_test: 1.000000
Recall_test: 1.000000
F1_test: 1.000000
 

Arquitectura: _2_15_1_
Semilla: 1788083906
Segundos: 56
NIteraciones: 100000

Costo_train: 0.001568
Precision_train: 1.000000
Recall_train: 1.000000
F1_train: 1.000000

Costo_test: 0.001281
Precision_test: 1.000000
Recall_test: 1.000000
F1_test: 1.000000
 

Arquitectura: _2_15_1_
Semilla: 1788083906
Segundos: 56
NIteraciones: 100000

Costo_train: 0.002493
Precision_train: 1.000000
Recall_train: 1.000000
F1_train: 1.000000

Costo_test: 0.002429
Precision_test: 1.000000
Recall_test: 1.000000
F1_test: 1.000000
 

Arquitectura: _2_15_1_
Semilla: 1788083906
Segundos: 56
NIteraciones: 100000

Costo_train: 0.002100
Precision_train: 1.000000
Recall_train: 1.000000
F1_train: 1.000000

Costo_test: 0.002017
Precision_test: 1.000000
Recall_test: 1.000000
F1_test: 1.000000
 

Arquitectura: _2_15_1_
Semilla: 1788083906
Segundos: 56
NIteraciones: 100000

Costo_train: 0.001319
Precision_train: 1.000000
Recall_train: 1.000000
F1_train: 1.000000

Costo_test: 0.001440
Precision_test: 1.000000
Recall_test: 1.000000
F1_test: 1.000000
 

Arquitectura: _2_15_1_
Semilla: 1788083906
Segundos: 56
NIteraciones: 100000

Costo_train: 0.003062
Precision_train: 1.000000
Recall_train: 1.000000
F1_train: 1.000000

Costo_test: 0.003382
Precision_test: 1.000000
Recall_test: 1.000000
F1_test: 1.000000
 

Arquitectura: _2_15_1_
Semilla: 1788083906
Segundos: 56
NIteraciones: 100000

Costo_train: 0.001602
Precision_train: 1.000000
Recall_train: 1.000000
F1_train: 1.000000

Costo_test: 0.001834
Precision_test: 1.000000
Recall_test: 1.000000
F1_test: 1.000000
 

Arquitectura: _2_15_1_
Semilla: 1788083906
Segundos: 56
NIteraciones: 100000

Costo_train: 0.002130
Precision_train: 1.000000
Recall_train: 1.000000
F1_train: 1.000000

Costo_test: 0.001840
Precision_test: 1.000000
Recall_test: 1.000000
F1_test: 1.000000
 

Arquitectura: _2_15_1_
Semilla: 1788083906
Segundos: 56
NIteraciones: 100000

Costo_train: 0.001468
Precision_train: 1.000000
Recall_train: 1.000000
F1_train: 1.000000

Costo_test: 0.001460
Precision_test: 1.000000
Recall_test: 1.000000
F1_test: 1.000000
 

Arquitectura: _2_15_1_
Semilla: 1788083906
Segundos: 56
NIteraciones: 100000

Costo_train: 0.001845
Precision_train: 1.000000
Recall_train: 1.000000
F1_train: 1.000000

Costo_test: 0.002216
Precision_test: 1.000000
Recall_test: 1.000000
F1_test: 1.000000
 

Arquitectura: _2_15_1_
Semilla: 1788083906
Segundos: 56
NIteraciones: 100000

Costo_train: 0.001475
Precision_train: 1.000000
Recall_train: 1.000000
F1_train: 1.000000

Costo_test: 0.001382
Precision_test: 1.000000
Recall_test: 1.000000
F1_test: 1.000000
 

Arquitectura: _2_15_1_
Semilla: 1788083906
Segundos: 56
NIteraciones: 100000

Costo_train: 0.000866
Precision_train: 1.000000
Recall_train: 1.000000
F1_train: 1.000000

Costo_test: 0.000963
Precision_test: 1.000000
Recall_test: 1.000000
F1_test: 1.000000
 

Arquitectura: _2_15_1_
Semilla: 1788083906
Segundos: 56
NIteraciones: 100000

Costo_train: 0.002964
Precision_train: 1.000000
Recall_train: 1.000000
F1_train: 1.000000

Costo_test: 0.003387
Precision_test: 1.000000
Recall_test: 1.000000
F1_test: 1.000000
 

Arquitectura: _2_15_1_
Semilla: 1788083906
Segundos: 56
NIteraciones: 100000

Costo_train: 0.001501
Precision_train: 1.000000
Recall_train: 1.000000
F1_train: 1.000000

Costo_test: 0.002189
Precision_test: 1.000000
Recall_test: 1.000000
F1_test: 1.000000
 

Arquitectura: _2_15_1_
Semilla: 1788083906
Segundos: 56
NIteraciones: 100000

Costo_train: 0.002480
Precision_train: 1.000000
Recall_train: 1.000000
F1_train: 1.000000

Costo_test: 0.002970
Precision_test: 1.000000
Recall_test: 1.000000
F1_test: 1.000000
 

Arquitectura: _2_15_1_
Semilla: 1788083906
Segundos: 56
NIteraciones: 100000

Costo_train: 0.001489
Precision_train: 1.000000
Recall_train: 1.000000
F1_train: 1.000000

Costo_test: 0.001545
Precision_test: 1.000000
Recall_test: 1.000000
F1_test: 1.000000
 

Arquitectura: _2_15_1_
Semilla: 1788083906
Segundos: 56
NIteraciones: 100000

Costo_train: 0.001507
Precision_train: 1.000000
Recall_train: 1.000000
F1_train: 1.000000

Costo_test: 0.001637
Precision_test: 1.000000
Recall_test: 1.000000
F1_test: 1.000000
 

Arquitectura: _2_15_1_
Semilla: 1788083906
Segundos: 56
NIteraciones: 100000

Costo_train: 0.001765
Precision_train: 1.000000
Recall_train: 1.000000
F1_train: 1.000000

Costo_test: 0.001660
Precision_test: 1.000000
Recall_test: 1.000000
F1_test: 1.000000
 

Arquitectura: _2_15_1_
Semilla: 1788083906
Segundos: 56
NIteraciones: 100000

Costo_train: 0.003086
Precision_train: 1.000000
Recall_train: 1.000000
F1_train: 1.000000

Costo_test: 0.002803
Precision_test: 1.000000
Recall_test: 1.000000
F1_test: 1.000000
 

Arquitectura: _2_15_1_
Semilla: 1788083906
Segundos: 56
NIteraciones: 100000

Costo_train: 0.001562
Precision_train: 1.000000
Recall_train: 1.000000
F1_train: 1.000000

Costo_test: 0.001685
Precision_test: 1.000000
Recall_test: 1.000000
F1_test: 1.000000
 

Arquitectura: _2_15_1_
Semilla: 1788083906
Segundos: 56
NIteraciones: 100000

Costo_train: 0.002391
Precision_train: 1.000000
Recall_train: 1.000000
F1_train: 1.000000

Costo_test: 0.002563
Precision_test: 1.000000
Recall_test: 1.000000
F1_test: 1.000000
 

Arquitectura: _2_15_1_
Semilla: 1788083906
Segundos: 56
NIteraciones: 100000

Costo_train: 0.001560
Precision_train: 1.000000
Recall_train: 1.000000
F1_train: 1.000000

Costo_test: 0.001417
Precision_test: 1.000000
Recall_test: 1.000000
F1_test: 1.000000
 

Arquitectura: _2_15_1_
Semilla: 1788083906
Segundos: 56
NIteraciones: 100000

Costo_train: 0.002145
Precision_train: 1.000000
Recall_train: 1.000000
F1_train: 1.000000

Costo_test: 0.002142
Precision_test: 1.000000
Recall_test: 1.000000
F1_test: 1.000000
 

Arquitectura: _2_15_1_
Semilla: 1788083906
Segundos: 56
NIteraciones: 100000

Costo_train: 0.001823
Precision_train: 1.000000
Recall_train: 1.000000
F1_train: 1.000000

Costo_test: 0.001736
Precision_test: 1.000000
Recall_test: 1.000000
F1_test: 1.000000
 

Arquitectura: _2_15_1_
Semilla: 1788083906
Segundos: 56
NIteraciones: 100000

Costo_train: 0.002601
Precision_train: 1.000000
Recall_train: 1.000000
F1_train: 1.000000

Costo_test: 0.002222
Precision_test: 1.000000
Recall_test: 1.000000
F1_test: 1.000000
 

Arquitectura: _2_15_1_
Semilla: 1788083906
Segundos: 56
NIteraciones: 100000

Costo_train: 0.002706
Precision_train: 1.000000
Recall_train: 1.000000
F1_train: 1.000000

Costo_test: 0.002181
Precision_test: 1.000000
Recall_test: 1.000000
F1_test: 1.000000
 

Arquitectura: _2_15_1_
Semilla: 1788083906
Segundos: 56
NIteraciones: 100000

Costo_train: 0.001900
Precision_train: 1.000000
Recall_train: 1.000000
F1_train: 1.000000

Costo_test: 0.002085
Precision_test: 1.000000
Recall_test: 1.000000
F1_test: 1.000000
 

Arquitectura: _2_15_1_
Semilla: 1788083906
Segundos: 56
NIteraciones: 100000

Costo_train: 0.001415
Precision_train: 1.000000
Recall_train: 1.000000
F1_train: 1.000000

Costo_test: 0.001303
Precision_test: 1.000000
Recall_test: 1.000000
F1_test: 1.000000
 

Arquitectura: _2_15_1_
Semilla: 1788083906
Segundos: 56
NIteraciones: 100000

Costo_train: 0.002074
Precision_train: 1.000000
Recall_train: 1.000000
F1_train: 1.000000

Costo_test: 0.002085
Precision_test: 1.000000
Recall_test: 1.000000
F1_test: 1.000000
 

Arquitectura: _2_15_1_
Semilla: 1788083906
Segundos: 56
NIteraciones: 100000

Costo_train: 0.001039
Precision_train: 1.000000
Recall_train: 1.000000
F1_train: 1.000000

Costo_test: 0.001069
Precision_test: 1.000000
Recall_test: 1.000000
F1_test: 1.000000
 

Arquitectura: _2_15_1_
Semilla: 1788083906
Segundos: 56
NIteraciones: 100000

Costo_train: 0.001493
Precision_train: 1.000000
Recall_train: 1.000000
F1_train: 1.000000

Costo_test: 0.001704
Precision_test: 1.000000
Recall_test: 1.000000
F1_test: 1.000000
 

Arquitectura: _2_15_1_
Semilla: 1788083906
Segundos: 56
NIteraciones: 100000

Costo_train: 0.001446
Precision_train: 1.000000
Recall_train: 1.000000
F1_train: 1.000000

Costo_test: 0.001597
Precision_test: 1.000000
Recall_test: 1.000000
F1_test: 1.000000
 

Arquitectura: _2_15_1_
Semilla: 1788083906
Segundos: 56
NIteraciones: 100000

Costo_train: 0.001839
Precision_train: 1.000000
Recall_train: 1.000000
F1_train: 1.000000

Costo_test: 0.001889
Precision_test: 1.000000
Recall_test: 1.000000
F1_test: 1.000000
 

Arquitectura: _2_15_1_
Semilla: 1788083906
Segundos: 56
NIteraciones: 100000

Costo_train: 0.001059
Precision_train: 1.000000
Recall_train: 1.000000
F1_train: 1.000000

Costo_test: 0.000984
Precision_test: 1.000000
Recall_test: 1.000000
F1_test: 1.000000
 

Arquitectura: _2_15_1_
Semilla: 1788083906
Segundos: 56
NIteraciones: 100000

Costo_train: 0.000884
Precision_train: 1.000000
Recall_train: 1.000000
F1_train: 1.000000

Costo_test: 0.000923
Precision_test: 1.000000
Recall_test: 1.000000
F1_test: 1.000000
 

Arquitectura: _2_15_1_
Semilla: 1788083906
Segundos: 56
NIteraciones: 100000

Costo_train: 0.001254
Precision_train: 1.000000
Recall_train: 1.000000
F1_train: 1.000000

Costo_test: 0.001265
Precision_test: 1.000000
Recall_test: 1.000000
F1_test: 1.000000
 

Arquitectura: _2_15_1_
Semilla: 1788083906
Segundos: 56
NIteraciones: 100000

Costo_train: 0.001051
Precision_train: 1.000000
Recall_train: 1.000000
F1_train: 1.000000

Costo_test: 0.001120
Precision_test: 1.000000
Recall_test: 1.000000
F1_test: 1.000000
 

Arquitectura: _2_15_1_
Semilla: 1788083906
Segundos: 56
NIteraciones: 100000

Costo_train: 0.001093
Precision_train: 1.000000
Recall_train: 1.000000
F1_train: 1.000000

Costo_test: 0.001079
Precision_test: 1.000000
Recall_test: 1.000000
F1_test: 1.000000
 

Arquitectura: _2_15_1_
Semilla: 1788083906
Segundos: 56
NIteraciones: 100000

Costo_train: 0.002005
Precision_train: 1.000000
Recall_train: 1.000000
F1_train: 1.000000

Costo_test: 0.001862
Precision_test: 1.000000
Recall_test: 1.000000
F1_test: 1.000000
 

Arquitectura: _2_15_1_
Semilla: 1788083906
Segundos: 56
NIteraciones: 100000

Costo_train: 0.001067
Precision_train: 1.000000
Recall_train: 1.000000
F1_train: 1.000000

Costo_test: 0.001093
Precision_test: 1.000000
Recall_test: 1.000000
F1_test: 1.000000
 

Arquitectura: _2_15_1_
Semilla: 1788083906
Segundos: 56
NIteraciones: 100000

Costo_train: 0.002191
Precision_train: 1.000000
Recall_train: 1.000000
F1_train: 1.000000

Costo_test: 0.002423
Precision_test: 1.000000
Recall_test: 1.000000
F1_test: 1.000000
 

Arquitectura: _2_15_1_
Semilla: 1788083906
Segundos: 56
NIteraciones: 100000

Costo_train: 0.000868
Precision_train: 1.000000
Recall_train: 1.000000
F1_train: 1.000000

Costo_test: 0.000907
Precision_test: 1.000000
Recall_test: 1.000000
F1_test: 1.000000
 

Arquitectura: _2_15_1_
Semilla: 1788083906
Segundos: 56
NIteraciones: 100000

Costo_train: 0.001216
Precision_train: 1.000000
Recall_train: 1.000000
F1_train: 1.000000

Costo_test: 0.001208
Precision_test: 1.000000
Recall_test: 1.000000
F1_test: 1.000000
 

Arquitectura: _2_15_1_
Semilla: 1788083906
Segundos: 56
NIteraciones: 100000

Costo_train: 0.000932
Precision_train: 1.000000
Recall_train: 1.000000
F1_train: 1.000000

Costo_test: 0.000969
Precision_test: 1.000000
Recall_test: 1.000000
F1_test: 1.000000
 

Arquitectura: _2_15_1_
Semilla: 1788083906
Segundos: 56
NIteraciones: 100000

Costo_train: 0.001273
Precision_train: 1.000000
Recall_train: 1.000000
F1_train: 1.000000

Costo_test: 0.001095
Precision_test: 1.000000
Recall_test: 1.000000
F1_test: 1.000000
 

Arquitectura: _2_15_1_
Semilla: 1788083906
Segundos: 56
NIteraciones: 100000

Costo_train: 0.001010
Precision_train: 1.000000
Recall_train: 1.000000
F1_train: 1.000000

Costo_test: 0.001080
Precision_test: 1.000000
Recall_test: 1.000000
F1_test: 1.000000
 

Arquitectura: _2_15_1_
Semilla: 1788083906
Segundos: 56
NIteraciones: 100000

Costo_train: 0.002381
Precision_train: 1.000000
Recall_train: 1.000000
F1_train: 1.000000

Costo_test: 0.002254
Precision_test: 1.000000
Recall_test: 1.000000
F1_test: 1.000000
 

Arquitectura: _2_15_1_
Semilla: 1788083906
Segundos: 56
NIteraciones: 100000

Costo_train: 0.002040
Precision_train: 1.000000
Recall_train: 1.000000
F1_train: 1.000000

Costo_test: 0.001729
Precision_test: 1.000000
Recall_test: 1.000000
F1_test: 1.000000
 

Arquitectura: _2_15_1_
Semilla: 1788083906
Segundos: 56
NIteraciones: 100000

Costo_train: 0.002265
Precision_train: 1.000000
Recall_train: 1.000000
F1_train: 1.000000

Costo_test: 0.002560
Precision_test: 1.000000
Recall_test: 0.995074
F1_test: 0.997531
 

Arquitectura: _2_15_1_
Semilla: 1788083906
Segundos: 56
NIteraciones: 100000

Costo_train: 0.003366
Precision_train: 1.000000
Recall_train: 1.000000
F1_train: 1.000000

Costo_test: 0.003221
Precision_test: 1.000000
Recall_test: 1.000000
F1_test: 1.000000
 

Arquitectura: _2_15_1_
Semilla: 1788083906
Segundos: 56
NIteraciones: 100000

Costo_train: 0.001633
Precision_train: 1.000000
Recall_train: 1.000000
F1_train: 1.000000

Costo_test: 0.001724
Precision_test: 1.000000
Recall_test: 1.000000
F1_test: 1.000000
 

Arquitectura: _2_15_1_
Semilla: 1788083906
Segundos: 56
NIteraciones: 100000

Costo_train: 0.001090
Precision_train: 1.000000
Recall_train: 1.000000
F1_train: 1.000000

Costo_test: 0.001056
Precision_test: 1.000000
Recall_test: 1.000000
F1_test: 1.000000
 

Arquitectura: _2_15_1_
Semilla: 1788083906
Segundos: 56
NIteraciones: 100000

Costo_train: 0.001161
Precision_train: 1.000000
Recall_train: 1.000000
F1_train: 1.000000

Costo_test: 0.001187
Precision_test: 1.000000
Recall_test: 1.000000
F1_test: 1.000000
 

Arquitectura: _2_15_1_
Semilla: 1788083906
Segundos: 56
NIteraciones: 100000

Costo_train: 0.003328
Precision_train: 1.000000
Recall_train: 1.000000
F1_train: 1.000000

Costo_test: 0.004033
Precision_test: 1.000000
Recall_test: 0.995074
F1_test: 0.997531
 

Arquitectura: _2_15_1_
Semilla: 1788083906
Segundos: 56
NIteraciones: 100000

Costo_train: 0.001033
Precision_train: 1.000000
Recall_train: 1.000000
F1_train: 1.000000

Costo_test: 0.001044
Precision_test: 1.000000
Recall_test: 1.000000
F1_test: 1.000000
 

Arquitectura: _2_15_1_
Semilla: 1788083906
Segundos: 56
NIteraciones: 100000

Costo_train: 0.002352
Precision_train: 1.000000
Recall_train: 1.000000
F1_train: 1.000000

Costo_test: 0.002832
Precision_test: 1.000000
Recall_test: 1.000000
F1_test: 1.000000
 

Arquitectura: _2_15_1_
Semilla: 1788083906
Segundos: 56
NIteraciones: 100000

Costo_train: 0.001654
Precision_train: 1.000000
Recall_train: 1.000000
F1_train: 1.000000

Costo_test: 0.001814
Precision_test: 1.000000
Recall_test: 1.000000
F1_test: 1.000000
 

Arquitectura: _2_15_1_
Semilla: 1788083906
Segundos: 56
NIteraciones: 100000

Costo_train: 0.001932
Precision_train: 1.000000
Recall_train: 1.000000
F1_train: 1.000000

Costo_test: 0.001825
Precision_test: 1.000000
Recall_test: 1.000000
F1_test: 1.000000
 


--- Test Profunda 5.0 ---
Iteración 10000
Costo: 0.249996
Iteración 20000
Costo: 0.249996
Iteración 30000
Costo: 0.249996
Iteración 40000
Costo: 0.249996
Iteración 50000
Costo: 0.249996
Iteración 60000
Costo: 0.249996
Iteración 70000
Costo: 0.249996
Iteración 80000
Costo: 0.249996
Iteración 90000
Costo: 0.249996

Arquitectura: _2_3_3_3_3_3_1_
Semilla: 1788083962
Segundos: 232
NIteraciones: 100000

Costo_train: 0.249996
Precision_train: -nan(ind)
Recall_train: 0.000000
F1_train: -nan(ind)

Costo_test: 0.250033
Precision_test: -nan(ind)
Recall_test: 0.000000
F1_test: -nan(ind)
 

Arquitectura: _2_3_3_3_3_3_1_
Semilla: 1788083962
Segundos: 232
NIteraciones: 100000

Costo_train: 0.249996
Precision_train: -nan(ind)
Recall_train: 0.000000
F1_train: -nan(ind)

Costo_test: 0.250030
Precision_test: -nan(ind)
Recall_test: 0.000000
F1_test: -nan(ind)
 

Arquitectura: _2_3_3_3_3_3_1_
Semilla: 1788083962
Segundos: 232
NIteraciones: 100000

Costo_train: 0.249996
Precision_train: -nan(ind)
Recall_train: 0.000000
F1_train: -nan(ind)

Costo_test: 0.250032
Precision_test: -nan(ind)
Recall_test: 0.000000
F1_test: -nan(ind)
 

Arquitectura: _2_3_3_3_3_3_1_
Semilla: 1788083962
Segundos: 232
NIteraciones: 100000

Costo_train: 0.249997
Precision_train: -nan(ind)
Recall_train: 0.000000
F1_train: -nan(ind)

Costo_test: 0.250032
Precision_test: -nan(ind)
Recall_test: 0.000000
F1_test: -nan(ind)
 

Arquitectura: _2_3_3_3_3_3_1_
Semilla: 1788083962
Segundos: 232
NIteraciones: 100000

Costo_train: 0.249996
Precision_train: -nan(ind)
Recall_train: 0.000000
F1_train: -nan(ind)

Costo_test: 0.250031
Precision_test: -nan(ind)
Recall_test: 0.000000
F1_test: -nan(ind)
 

Arquitectura: _2_3_3_3_3_3_1_
Semilla: 1788083962
Segundos: 232
NIteraciones: 100000

Costo_train: 0.249997
Precision_train: -nan(ind)
Recall_train: 0.000000
F1_train: -nan(ind)

Costo_test: 0.250032
Precision_test: -nan(ind)
Recall_test: 0.000000
F1_test: -nan(ind)
 

Arquitectura: _2_3_3_3_3_3_1_
Semilla: 1788083962
Segundos: 232
NIteraciones: 100000

Costo_train: 0.249997
Precision_train: -nan(ind)
Recall_train: 0.000000
F1_train: -nan(ind)

Costo_test: 0.250031
Precision_test: -nan(ind)
Recall_test: 0.000000
F1_test: -nan(ind)
 

Arquitectura: _2_3_3_3_3_3_1_
Semilla: 1788083962
Segundos: 232
NIteraciones: 100000

Costo_train: 0.249997
Precision_train: -nan(ind)
Recall_train: 0.000000
F1_train: -nan(ind)

Costo_test: 0.250026
Precision_test: -nan(ind)
Recall_test: 0.000000
F1_test: -nan(ind)
 

Arquitectura: _2_3_3_3_3_3_1_
Semilla: 1788083962
Segundos: 232
NIteraciones: 100000

Costo_train: 0.249997
Precision_train: -nan(ind)
Recall_train: 0.000000
F1_train: -nan(ind)

Costo_test: 0.250031
Precision_test: -nan(ind)
Recall_test: 0.000000
F1_test: -nan(ind)
 

Arquitectura: _2_3_3_3_3_3_1_
Semilla: 1788083962
Segundos: 232
NIteraciones: 100000

Costo_train: 0.249995
Precision_train: -nan(ind)
Recall_train: 0.000000
F1_train: -nan(ind)

Costo_test: 0.250032
Precision_test: -nan(ind)
Recall_test: 0.000000
F1_test: -nan(ind)
 

Arquitectura: _2_3_3_3_3_3_1_
Semilla: 1788083962
Segundos: 232
NIteraciones: 100000

Costo_train: 0.249996
Precision_train: -nan(ind)
Recall_train: 0.000000
F1_train: -nan(ind)

Costo_test: 0.250034
Precision_test: -nan(ind)
Recall_test: 0.000000
F1_test: -nan(ind)
 

Arquitectura: _2_3_3_3_3_3_1_
Semilla: 1788083962
Segundos: 232
NIteraciones: 100000

Costo_train: 0.249996
Precision_train: -nan(ind)
Recall_train: 0.000000
F1_train: -nan(ind)

Costo_test: 0.250033
Precision_test: -nan(ind)
Recall_test: 0.000000
F1_test: -nan(ind)
 

Arquitectura: _2_3_3_3_3_3_1_
Semilla: 1788083962
Segundos: 232
NIteraciones: 100000

Costo_train: 0.249997
Precision_train: -nan(ind)
Recall_train: 0.000000
F1_train: -nan(ind)

Costo_test: 0.250032
Precision_test: -nan(ind)
Recall_test: 0.000000
F1_test: -nan(ind)
 

Arquitectura: _2_3_3_3_3_3_1_
Semilla: 1788083962
Segundos: 232
NIteraciones: 100000

Costo_train: 0.249998
Precision_train: -nan(ind)
Recall_train: 0.000000
F1_train: -nan(ind)

Costo_test: 0.250027
Precision_test: -nan(ind)
Recall_test: 0.000000
F1_test: -nan(ind)
 

Arquitectura: _2_3_3_3_3_3_1_
Semilla: 1788083962
Segundos: 232
NIteraciones: 100000

Costo_train: 0.249996
Precision_train: -nan(ind)
Recall_train: 0.000000
F1_train: -nan(ind)

Costo_test: 0.250046
Precision_test: -nan(ind)
Recall_test: 0.000000
F1_test: -nan(ind)
 

Arquitectura: _2_3_3_3_3_3_1_
Semilla: 1788083962
Segundos: 232
NIteraciones: 100000

Costo_train: 0.249995
Precision_train: -nan(ind)
Recall_train: 0.000000
F1_train: -nan(ind)

Costo_test: 0.250030
Precision_test: -nan(ind)
Recall_test: 0.000000
F1_test: -nan(ind)
 

Arquitectura: _2_3_3_3_3_3_1_
Semilla: 1788083962
Segundos: 232
NIteraciones: 100000

Costo_train: 0.249997
Precision_train: -nan(ind)
Recall_train: 0.000000
F1_train: -nan(ind)

Costo_test: 0.250031
Precision_test: -nan(ind)
Recall_test: 0.000000
F1_test: -nan(ind)
 

Arquitectura: _2_3_3_3_3_3_1_
Semilla: 1788083962
Segundos: 232
NIteraciones: 100000

Costo_train: 0.249999
Precision_train: -nan(ind)
Recall_train: 0.000000
F1_train: -nan(ind)

Costo_test: 0.250031
Precision_test: -nan(ind)
Recall_test: 0.000000
F1_test: -nan(ind)
 

Arquitectura: _2_3_3_3_3_3_1_
Semilla: 1788083962
Segundos: 232
NIteraciones: 100000

Costo_train: 0.249997
Precision_train: -nan(ind)
Recall_train: 0.000000
F1_train: -nan(ind)

Costo_test: 0.250031
Precision_test: -nan(ind)
Recall_test: 0.000000
F1_test: -nan(ind)
 

Arquitectura: _2_3_3_3_3_3_1_
Semilla: 1788083962
Segundos: 232
NIteraciones: 100000

Costo_train: 0.249997
Precision_train: -nan(ind)
Recall_train: 0.000000
F1_train: -nan(ind)

Costo_test: 0.250032
Precision_test: -nan(ind)
Recall_test: 0.000000
F1_test: -nan(ind)
 

Arquitectura: _2_3_3_3_3_3_1_
Semilla: 1788083962
Segundos: 232
NIteraciones: 100000

Costo_train: 0.249994
Precision_train: -nan(ind)
Recall_train: 0.000000
F1_train: -nan(ind)

Costo_test: 0.250024
Precision_test: -nan(ind)
Recall_test: 0.000000
F1_test: -nan(ind)
 

Arquitectura: _2_3_3_3_3_3_1_
Semilla: 1788083962
Segundos: 232
NIteraciones: 100000

Costo_train: 0.249997
Precision_train: -nan(ind)
Recall_train: 0.000000
F1_train: -nan(ind)

Costo_test: 0.250031
Precision_test: -nan(ind)
Recall_test: 0.000000
F1_test: -nan(ind)
 

Arquitectura: _2_3_3_3_3_3_1_
Semilla: 1788083962
Segundos: 232
NIteraciones: 100000

Costo_train: 0.249996
Precision_train: -nan(ind)
Recall_train: 0.000000
F1_train: -nan(ind)

Costo_test: 0.250031
Precision_test: -nan(ind)
Recall_test: 0.000000
F1_test: -nan(ind)
 

Arquitectura: _2_3_3_3_3_3_1_
Semilla: 1788083962
Segundos: 232
NIteraciones: 100000

Costo_train: 0.249996
Precision_train: -nan(ind)
Recall_train: 0.000000
F1_train: -nan(ind)

Costo_test: 0.250029
Precision_test: -nan(ind)
Recall_test: 0.000000
F1_test: -nan(ind)
 

Arquitectura: _2_3_3_3_3_3_1_
Semilla: 1788083962
Segundos: 232
NIteraciones: 100000

Costo_train: 0.249996
Precision_train: -nan(ind)
Recall_train: 0.000000
F1_train: -nan(ind)

Costo_test: 0.250034
Precision_test: -nan(ind)
Recall_test: 0.000000
F1_test: -nan(ind)
 

Arquitectura: _2_3_3_3_3_3_1_
Semilla: 1788083962
Segundos: 232
NIteraciones: 100000

Costo_train: 0.249997
Precision_train: -nan(ind)
Recall_train: 0.000000
F1_train: -nan(ind)

Costo_test: 0.250030
Precision_test: -nan(ind)
Recall_test: 0.000000
F1_test: -nan(ind)
 

Arquitectura: _2_3_3_3_3_3_1_
Semilla: 1788083962
Segundos: 232
NIteraciones: 100000

Costo_train: 0.249997
Precision_train: -nan(ind)
Recall_train: 0.000000
F1_train: -nan(ind)

Costo_test: 0.250031
Precision_test: -nan(ind)
Recall_test: 0.000000
F1_test: -nan(ind)
 

Arquitectura: _2_3_3_3_3_3_1_
Semilla: 1788083962
Segundos: 232
NIteraciones: 100000

Costo_train: 0.249995
Precision_train: -nan(ind)
Recall_train: 0.000000
F1_train: -nan(ind)

Costo_test: 0.250030
Precision_test: -nan(ind)
Recall_test: 0.000000
F1_test: -nan(ind)
 

Arquitectura: _2_3_3_3_3_3_1_
Semilla: 1788083962
Segundos: 232
NIteraciones: 100000

Costo_train: 0.249996
Precision_train: -nan(ind)
Recall_train: 0.000000
F1_train: -nan(ind)

Costo_test: 0.250032
Precision_test: -nan(ind)
Recall_test: 0.000000
F1_test: -nan(ind)
 

Arquitectura: _2_3_3_3_3_3_1_
Semilla: 1788083962
Segundos: 232
NIteraciones: 100000

Costo_train: 0.249997
Precision_train: -nan(ind)
Recall_train: 0.000000
F1_train: -nan(ind)

Costo_test: 0.250027
Precision_test: -nan(ind)
Recall_test: 0.000000
F1_test: -nan(ind)
 

Arquitectura: _2_3_3_3_3_3_1_
Semilla: 1788083962
Segundos: 232
NIteraciones: 100000

Costo_train: 0.249997
Precision_train: -nan(ind)
Recall_train: 0.000000
F1_train: -nan(ind)

Costo_test: 0.250032
Precision_test: -nan(ind)
Recall_test: 0.000000
F1_test: -nan(ind)
 

Arquitectura: _2_3_3_3_3_3_1_
Semilla: 1788083962
Segundos: 232
NIteraciones: 100000

Costo_train: 0.249996
Precision_train: -nan(ind)
Recall_train: 0.000000
F1_train: -nan(ind)

Costo_test: 0.250033
Precision_test: -nan(ind)
Recall_test: 0.000000
F1_test: -nan(ind)
 

Arquitectura: _2_3_3_3_3_3_1_
Semilla: 1788083962
Segundos: 232
NIteraciones: 100000

Costo_train: 0.249997
Precision_train: -nan(ind)
Recall_train: 0.000000
F1_train: -nan(ind)

Costo_test: 0.250037
Precision_test: -nan(ind)
Recall_test: 0.000000
F1_test: -nan(ind)
 

Arquitectura: _2_3_3_3_3_3_1_
Semilla: 1788083962
Segundos: 232
NIteraciones: 100000

Costo_train: 0.249996
Precision_train: -nan(ind)
Recall_train: 0.000000
F1_train: -nan(ind)

Costo_test: 0.250031
Precision_test: -nan(ind)
Recall_test: 0.000000
F1_test: -nan(ind)
 

Arquitectura: _2_3_3_3_3_3_1_
Semilla: 1788083962
Segundos: 232
NIteraciones: 100000

Costo_train: 0.249997
Precision_train: -nan(ind)
Recall_train: 0.000000
F1_train: -nan(ind)

Costo_test: 0.250032
Precision_test: -nan(ind)
Recall_test: 0.000000
F1_test: -nan(ind)
 

Arquitectura: _2_3_3_3_3_3_1_
Semilla: 1788083962
Segundos: 232
NIteraciones: 100000

Costo_train: 0.249996
Precision_train: -nan(ind)
Recall_train: 0.000000
F1_train: -nan(ind)

Costo_test: 0.250033
Precision_test: -nan(ind)
Recall_test: 0.000000
F1_test: -nan(ind)
 

Arquitectura: _2_3_3_3_3_3_1_
Semilla: 1788083962
Segundos: 232
NIteraciones: 100000

Costo_train: 0.249997
Precision_train: -nan(ind)
Recall_train: 0.000000
F1_train: -nan(ind)

Costo_test: 0.250032
Precision_test: -nan(ind)
Recall_test: 0.000000
F1_test: -nan(ind)
 

Arquitectura: _2_3_3_3_3_3_1_
Semilla: 1788083962
Segundos: 232
NIteraciones: 100000

Costo_train: 0.249997
Precision_train: -nan(ind)
Recall_train: 0.000000
F1_train: -nan(ind)

Costo_test: 0.250032
Precision_test: -nan(ind)
Recall_test: 0.000000
F1_test: -nan(ind)
 

Arquitectura: _2_3_3_3_3_3_1_
Semilla: 1788083962
Segundos: 232
NIteraciones: 100000

Costo_train: 0.249996
Precision_train: -nan(ind)
Recall_train: 0.000000
F1_train: -nan(ind)

Costo_test: 0.250029
Precision_test: -nan(ind)
Recall_test: 0.000000
F1_test: -nan(ind)
 

Arquitectura: _2_3_3_3_3_3_1_
Semilla: 1788083962
Segundos: 232
NIteraciones: 100000

Costo_train: 0.249997
Precision_train: -nan(ind)
Recall_train: 0.000000
F1_train: -nan(ind)

Costo_test: 0.250032
Precision_test: -nan(ind)
Recall_test: 0.000000
F1_test: -nan(ind)
 

Arquitectura: _2_3_3_3_3_3_1_
Semilla: 1788083962
Segundos: 232
NIteraciones: 100000

Costo_train: 0.249997
Precision_train: -nan(ind)
Recall_train: 0.000000
F1_train: -nan(ind)

Costo_test: 0.250035
Precision_test: -nan(ind)
Recall_test: 0.000000
F1_test: -nan(ind)
 

Arquitectura: _2_3_3_3_3_3_1_
Semilla: 1788083962
Segundos: 232
NIteraciones: 100000

Costo_train: 0.249998
Precision_train: -nan(ind)
Recall_train: 0.000000
F1_train: -nan(ind)

Costo_test: 0.250031
Precision_test: -nan(ind)
Recall_test: 0.000000
F1_test: -nan(ind)
 

Arquitectura: _2_3_3_3_3_3_1_
Semilla: 1788083962
Segundos: 232
NIteraciones: 100000

Costo_train: 0.249996
Precision_train: -nan(ind)
Recall_train: 0.000000
F1_train: -nan(ind)

Costo_test: 0.250031
Precision_test: -nan(ind)
Recall_test: 0.000000
F1_test: -nan(ind)
 

Arquitectura: _2_3_3_3_3_3_1_
Semilla: 1788083962
Segundos: 232
NIteraciones: 100000

Costo_train: 0.249994
Precision_train: -nan(ind)
Recall_train: 0.000000
F1_train: -nan(ind)

Costo_test: 0.250041
Precision_test: -nan(ind)
Recall_test: 0.000000
F1_test: -nan(ind)
 

Arquitectura: _2_3_3_3_3_3_1_
Semilla: 1788083962
Segundos: 232
NIteraciones: 100000

Costo_train: 0.249996
Precision_train: -nan(ind)
Recall_train: 0.000000
F1_train: -nan(ind)

Costo_test: 0.250030
Precision_test: -nan(ind)
Recall_test: 0.000000
F1_test: -nan(ind)
 

Arquitectura: _2_3_3_3_3_3_1_
Semilla: 1788083962
Segundos: 232
NIteraciones: 100000

Costo_train: 0.249995
Precision_train: -nan(ind)
Recall_train: 0.000000
F1_train: -nan(ind)

Costo_test: 0.250033
Precision_test: -nan(ind)
Recall_test: 0.000000
F1_test: -nan(ind)
 

Arquitectura: _2_3_3_3_3_3_1_
Semilla: 1788083962
Segundos: 232
NIteraciones: 100000

Costo_train: 0.249997
Precision_train: -nan(ind)
Recall_train: 0.000000
F1_train: -nan(ind)

Costo_test: 0.250031
Precision_test: -nan(ind)
Recall_test: 0.000000
F1_test: -nan(ind)
 

Arquitectura: _2_3_3_3_3_3_1_
Semilla: 1788083962
Segundos: 232
NIteraciones: 100000

Costo_train: 0.249997
Precision_train: -nan(ind)
Recall_train: 0.000000
F1_train: -nan(ind)

Costo_test: 0.250033
Precision_test: -nan(ind)
Recall_test: 0.000000
F1_test: -nan(ind)
 

Arquitectura: _2_3_3_3_3_3_1_
Semilla: 1788083962
Segundos: 232
NIteraciones: 100000

Costo_train: 0.249997
Precision_train: -nan(ind)
Recall_train: 0.000000
F1_train: -nan(ind)

Costo_test: 0.250032
Precision_test: -nan(ind)
Recall_test: 0.000000
F1_test: -nan(ind)
 

Arquitectura: _2_3_3_3_3_3_1_
Semilla: 1788083962
Segundos: 232
NIteraciones: 100000

Costo_train: 0.249995
Precision_train: -nan(ind)
Recall_train: 0.000000
F1_train: -nan(ind)

Costo_test: 0.250033
Precision_test: -nan(ind)
Recall_test: 0.000000
F1_test: -nan(ind)
 

Arquitectura: _2_3_3_3_3_3_1_
Semilla: 1788083962
Segundos: 232
NIteraciones: 100000

Costo_train: 0.249996
Precision_train: -nan(ind)
Recall_train: 0.000000
F1_train: -nan(ind)

Costo_test: 0.250032
Precision_test: -nan(ind)
Recall_test: 0.000000
F1_test: -nan(ind)
 

Arquitectura: _2_3_3_3_3_3_1_
Semilla: 1788083962
Segundos: 232
NIteraciones: 100000

Costo_train: 0.249995
Precision_train: -nan(ind)
Recall_train: 0.000000
F1_train: -nan(ind)

Costo_test: 0.250035
Precision_test: -nan(ind)
Recall_test: 0.000000
F1_test: -nan(ind)
 

Arquitectura: _2_3_3_3_3_3_1_
Semilla: 1788083962
Segundos: 232
NIteraciones: 100000

Costo_train: 0.249997
Precision_train: -nan(ind)
Recall_train: 0.000000
F1_train: -nan(ind)

Costo_test: 0.250032
Precision_test: -nan(ind)
Recall_test: 0.000000
F1_test: -nan(ind)
 

Arquitectura: _2_3_3_3_3_3_1_
Semilla: 1788083962
Segundos: 232
NIteraciones: 100000

Costo_train: 0.249996
Precision_train: -nan(ind)
Recall_train: 0.000000
F1_train: -nan(ind)

Costo_test: 0.250032
Precision_test: -nan(ind)
Recall_test: 0.000000
F1_test: -nan(ind)
 

Arquitectura: _2_3_3_3_3_3_1_
Semilla: 1788083962
Segundos: 232
NIteraciones: 100000

Costo_train: 0.249995
Precision_train: -nan(ind)
Recall_train: 0.000000
F1_train: -nan(ind)

Costo_test: 0.250027
Precision_test: -nan(ind)
Recall_test: 0.000000
F1_test: -nan(ind)
 

Arquitectura: _2_3_3_3_3_3_1_
Semilla: 1788083962
Segundos: 232
NIteraciones: 100000

Costo_train: 0.249996
Precision_train: -nan(ind)
Recall_train: 0.000000
F1_train: -nan(ind)

Costo_test: 0.250032
Precision_test: -nan(ind)
Recall_test: 0.000000
F1_test: -nan(ind)
 

Arquitectura: _2_3_3_3_3_3_1_
Semilla: 1788083962
Segundos: 232
NIteraciones: 100000

Costo_train: 0.249996
Precision_train: -nan(ind)
Recall_train: 0.000000
F1_train: -nan(ind)

Costo_test: 0.250032
Precision_test: -nan(ind)
Recall_test: 0.000000
F1_test: -nan(ind)
 

Arquitectura: _2_3_3_3_3_3_1_
Semilla: 1788083962
Segundos: 232
NIteraciones: 100000

Costo_train: 0.249995
Precision_train: -nan(ind)
Recall_train: 0.000000
F1_train: -nan(ind)

Costo_test: 0.250033
Precision_test: -nan(ind)
Recall_test: 0.000000
F1_test: -nan(ind)
 

Arquitectura: _2_3_3_3_3_3_1_
Semilla: 1788083962
Segundos: 232
NIteraciones: 100000

Costo_train: 0.249996
Precision_train: -nan(ind)
Recall_train: 0.000000
F1_train: -nan(ind)

Costo_test: 0.250032
Precision_test: -nan(ind)
Recall_test: 0.000000
F1_test: -nan(ind)
 

Arquitectura: _2_3_3_3_3_3_1_
Semilla: 1788083962
Segundos: 232
NIteraciones: 100000

Costo_train: 0.249997
Precision_train: -nan(ind)
Recall_train: 0.000000
F1_train: -nan(ind)

Costo_test: 0.250033
Precision_test: -nan(ind)
Recall_test: 0.000000
F1_test: -nan(ind)
 

Arquitectura: _2_3_3_3_3_3_1_
Semilla: 1788083962
Segundos: 232
NIteraciones: 100000

Costo_train: 0.249996
Precision_train: -nan(ind)
Recall_train: 0.000000
F1_train: -nan(ind)

Costo_test: 0.250031
Precision_test: -nan(ind)
Recall_test: 0.000000
F1_test: -nan(ind)
 

Arquitectura: _2_3_3_3_3_3_1_
Semilla: 1788083962
Segundos: 232
NIteraciones: 100000

Costo_train: 0.249998
Precision_train: -nan(ind)
Recall_train: 0.000000
F1_train: -nan(ind)

Costo_test: 0.250033
Precision_test: -nan(ind)
Recall_test: 0.000000
F1_test: -nan(ind)
 

Arquitectura: _2_3_3_3_3_3_1_
Semilla: 1788083962
Segundos: 232
NIteraciones: 100000

Costo_train: 0.249996
Precision_train: -nan(ind)
Recall_train: 0.000000
F1_train: -nan(ind)

Costo_test: 0.250029
Precision_test: -nan(ind)
Recall_test: 0.000000
F1_test: -nan(ind)
 

Arquitectura: _2_3_3_3_3_3_1_
Semilla: 1788083962
Segundos: 232
NIteraciones: 100000

Costo_train: 0.249999
Precision_train: -nan(ind)
Recall_train: 0.000000
F1_train: -nan(ind)

Costo_test: 0.250024
Precision_test: -nan(ind)
Recall_test: 0.000000
F1_test: -nan(ind)
 

Arquitectura: _2_3_3_3_3_3_1_
Semilla: 1788083962
Segundos: 232
NIteraciones: 100000

Costo_train: 0.249997
Precision_train: -nan(ind)
Recall_train: 0.000000
F1_train: -nan(ind)

Costo_test: 0.250033
Precision_test: -nan(ind)
Recall_test: 0.000000
F1_test: -nan(ind)
 

Arquitectura: _2_3_3_3_3_3_1_
Semilla: 1788083962
Segundos: 232
NIteraciones: 100000

Costo_train: 0.249996
Precision_train: -nan(ind)
Recall_train: 0.000000
F1_train: -nan(ind)

Costo_test: 0.250035
Precision_test: -nan(ind)
Recall_test: 0.000000
F1_test: -nan(ind)
 

Arquitectura: _2_3_3_3_3_3_1_
Semilla: 1788083962
Segundos: 232
NIteraciones: 100000

Costo_train: 0.249996
Precision_train: -nan(ind)
Recall_train: 0.000000
F1_train: -nan(ind)

Costo_test: 0.250034
Precision_test: -nan(ind)
Recall_test: 0.000000
F1_test: -nan(ind)
 

Arquitectura: _2_3_3_3_3_3_1_
Semilla: 1788083962
Segundos: 232
NIteraciones: 100000

Costo_train: 0.249997
Precision_train: -nan(ind)
Recall_train: 0.000000
F1_train: -nan(ind)

Costo_test: 0.250032
Precision_test: -nan(ind)
Recall_test: 0.000000
F1_test: -nan(ind)
 

Arquitectura: _2_3_3_3_3_3_1_
Semilla: 1788083962
Segundos: 232
NIteraciones: 100000

Costo_train: 0.249995
Precision_train: -nan(ind)
Recall_train: 0.000000
F1_train: -nan(ind)

Costo_test: 0.250033
Precision_test: -nan(ind)
Recall_test: 0.000000
F1_test: -nan(ind)
 

Arquitectura: _2_3_3_3_3_3_1_
Semilla: 1788083962
Segundos: 232
NIteraciones: 100000

Costo_train: 0.249996
Precision_train: -nan(ind)
Recall_train: 0.000000
F1_train: -nan(ind)

Costo_test: 0.250031
Precision_test: -nan(ind)
Recall_test: 0.000000
F1_test: -nan(ind)
 

Arquitectura: _2_3_3_3_3_3_1_
Semilla: 1788083962
Segundos: 232
NIteraciones: 100000

Costo_train: 0.249997
Precision_train: -nan(ind)
Recall_train: 0.000000
F1_train: -nan(ind)

Costo_test: 0.250031
Precision_test: -nan(ind)
Recall_test: 0.000000
F1_test: -nan(ind)
 

Arquitectura: _2_3_3_3_3_3_1_
Semilla: 1788083962
Segundos: 232
NIteraciones: 100000

Costo_train: 0.249995
Precision_train: -nan(ind)
Recall_train: 0.000000
F1_train: -nan(ind)

Costo_test: 0.250033
Precision_test: -nan(ind)
Recall_test: 0.000000
F1_test: -nan(ind)
 

Arquitectura: _2_3_3_3_3_3_1_
Semilla: 1788083962
Segundos: 232
NIteraciones: 100000

Costo_train: 0.249996
Precision_train: -nan(ind)
Recall_train: 0.000000
F1_train: -nan(ind)

Costo_test: 0.250029
Precision_test: -nan(ind)
Recall_test: 0.000000
F1_test: -nan(ind)
 

Arquitectura: _2_3_3_3_3_3_1_
Semilla: 1788083962
Segundos: 232
NIteraciones: 100000

Costo_train: 0.249995
Precision_train: -nan(ind)
Recall_train: 0.000000
F1_train: -nan(ind)

Costo_test: 0.250032
Precision_test: -nan(ind)
Recall_test: 0.000000
F1_test: -nan(ind)
 

Arquitectura: _2_3_3_3_3_3_1_
Semilla: 1788083962
Segundos: 232
NIteraciones: 100000

Costo_train: 0.249994
Precision_train: -nan(ind)
Recall_train: 0.000000
F1_train: -nan(ind)

Costo_test: 0.250033
Precision_test: -nan(ind)
Recall_test: 0.000000
F1_test: -nan(ind)
 

Arquitectura: _2_3_3_3_3_3_1_
Semilla: 1788083962
Segundos: 232
NIteraciones: 100000

Costo_train: 0.249998
Precision_train: -nan(ind)
Recall_train: 0.000000
F1_train: -nan(ind)

Costo_test: 0.250029
Precision_test: -nan(ind)
Recall_test: 0.000000
F1_test: -nan(ind)
 

Arquitectura: _2_3_3_3_3_3_1_
Semilla: 1788083962
Segundos: 232
NIteraciones: 100000

Costo_train: 0.249996
Precision_train: -nan(ind)
Recall_train: 0.000000
F1_train: -nan(ind)

Costo_test: 0.250031
Precision_test: -nan(ind)
Recall_test: 0.000000
F1_test: -nan(ind)
 

Arquitectura: _2_3_3_3_3_3_1_
Semilla: 1788083962
Segundos: 232
NIteraciones: 100000

Costo_train: 0.249998
Precision_train: -nan(ind)
Recall_train: 0.000000
F1_train: -nan(ind)

Costo_test: 0.250028
Precision_test: -nan(ind)
Recall_test: 0.000000
F1_test: -nan(ind)
 

Arquitectura: _2_3_3_3_3_3_1_
Semilla: 1788083962
Segundos: 232
NIteraciones: 100000

Costo_train: 0.249994
Precision_train: -nan(ind)
Recall_train: 0.000000
F1_train: -nan(ind)

Costo_test: 0.250035
Precision_test: -nan(ind)
Recall_test: 0.000000
F1_test: -nan(ind)
 

Arquitectura: _2_3_3_3_3_3_1_
Semilla: 1788083962
Segundos: 232
NIteraciones: 100000

Costo_train: 0.249997
Precision_train: -nan(ind)
Recall_train: 0.000000
F1_train: -nan(ind)

Costo_test: 0.250029
Precision_test: -nan(ind)
Recall_test: 0.000000
F1_test: -nan(ind)
 

Arquitectura: _2_3_3_3_3_3_1_
Semilla: 1788083962
Segundos: 232
NIteraciones: 100000

Costo_train: 0.249997
Precision_train: -nan(ind)
Recall_train: 0.000000
F1_train: -nan(ind)

Costo_test: 0.250032
Precision_test: -nan(ind)
Recall_test: 0.000000
F1_test: -nan(ind)
 

Arquitectura: _2_3_3_3_3_3_1_
Semilla: 1788083962
Segundos: 232
NIteraciones: 100000

Costo_train: 0.249995
Precision_train: -nan(ind)
Recall_train: 0.000000
F1_train: -nan(ind)

Costo_test: 0.250032
Precision_test: -nan(ind)
Recall_test: 0.000000
F1_test: -nan(ind)
 

Arquitectura: _2_3_3_3_3_3_1_
Semilla: 1788083962
Segundos: 232
NIteraciones: 100000

Costo_train: 0.249991
Precision_train: -nan(ind)
Recall_train: 0.000000
F1_train: -nan(ind)

Costo_test: 0.250015
Precision_test: -nan(ind)
Recall_test: 0.000000
F1_test: -nan(ind)
 

Arquitectura: _2_3_3_3_3_3_1_
Semilla: 1788083962
Segundos: 232
NIteraciones: 100000

Costo_train: 0.249996
Precision_train: -nan(ind)
Recall_train: 0.000000
F1_train: -nan(ind)

Costo_test: 0.250031
Precision_test: -nan(ind)
Recall_test: 0.000000
F1_test: -nan(ind)
 

Arquitectura: _2_3_3_3_3_3_1_
Semilla: 1788083962
Segundos: 232
NIteraciones: 100000

Costo_train: 0.249997
Precision_train: -nan(ind)
Recall_train: 0.000000
F1_train: -nan(ind)

Costo_test: 0.250032
Precision_test: -nan(ind)
Recall_test: 0.000000
F1_test: -nan(ind)
 

Arquitectura: _2_3_3_3_3_3_1_
Semilla: 1788083962
Segundos: 232
NIteraciones: 100000

Costo_train: 0.249997
Precision_train: -nan(ind)
Recall_train: 0.000000
F1_train: -nan(ind)

Costo_test: 0.250032
Precision_test: -nan(ind)
Recall_test: 0.000000
F1_test: -nan(ind)
 

Arquitectura: _2_3_3_3_3_3_1_
Semilla: 1788083962
Segundos: 232
NIteraciones: 100000

Costo_train: 0.249998
Precision_train: -nan(ind)
Recall_train: 0.000000
F1_train: -nan(ind)

Costo_test: 0.250032
Precision_test: -nan(ind)
Recall_test: 0.000000
F1_test: -nan(ind)
 

Arquitectura: _2_3_3_3_3_3_1_
Semilla: 1788083962
Segundos: 232
NIteraciones: 100000

Costo_train: 0.249997
Precision_train: -nan(ind)
Recall_train: 0.000000
F1_train: -nan(ind)

Costo_test: 0.250035
Precision_test: -nan(ind)
Recall_test: 0.000000
F1_test: -nan(ind)
 

Arquitectura: _2_3_3_3_3_3_1_
Semilla: 1788083962
Segundos: 232
NIteraciones: 100000

Costo_train: 0.249997
Precision_train: -nan(ind)
Recall_train: 0.000000
F1_train: -nan(ind)

Costo_test: 0.250030
Precision_test: -nan(ind)
Recall_test: 0.000000
F1_test: -nan(ind)
 

Arquitectura: _2_3_3_3_3_3_1_
Semilla: 1788083962
Segundos: 232
NIteraciones: 100000

Costo_train: 0.249998
Precision_train: -nan(ind)
Recall_train: 0.000000
F1_train: -nan(ind)

Costo_test: 0.250032
Precision_test: -nan(ind)
Recall_test: 0.000000
F1_test: -nan(ind)
 

Arquitectura: _2_3_3_3_3_3_1_
Semilla: 1788083962
Segundos: 232
NIteraciones: 100000

Costo_train: 0.249996
Precision_train: -nan(ind)
Recall_train: 0.000000
F1_train: -nan(ind)

Costo_test: 0.250031
Precision_test: -nan(ind)
Recall_test: 0.000000
F1_test: -nan(ind)
 

Arquitectura: _2_3_3_3_3_3_1_
Semilla: 1788083962
Segundos: 232
NIteraciones: 100000

Costo_train: 0.249996
Precision_train: -nan(ind)
Recall_train: 0.000000
F1_train: -nan(ind)

Costo_test: 0.250032
Precision_test: -nan(ind)
Recall_test: 0.000000
F1_test: -nan(ind)
 

Arquitectura: _2_3_3_3_3_3_1_
Semilla: 1788083962
Segundos: 232
NIteraciones: 100000

Costo_train: 0.249997
Precision_train: -nan(ind)
Recall_train: 0.000000
F1_train: -nan(ind)

Costo_test: 0.250032
Precision_test: -nan(ind)
Recall_test: 0.000000
F1_test: -nan(ind)
 

Arquitectura: _2_3_3_3_3_3_1_
Semilla: 1788083962
Segundos: 232
NIteraciones: 100000

Costo_train: 0.249995
Precision_train: -nan(ind)
Recall_train: 0.000000
F1_train: -nan(ind)

Costo_test: 0.250030
Precision_test: -nan(ind)
Recall_test: 0.000000
F1_test: -nan(ind)
 

Arquitectura: _2_3_3_3_3_3_1_
Semilla: 1788083962
Segundos: 232
NIteraciones: 100000

Costo_train: 0.249997
Precision_train: -nan(ind)
Recall_train: 0.000000
F1_train: -nan(ind)

Costo_test: 0.250030
Precision_test: -nan(ind)
Recall_test: 0.000000
F1_test: -nan(ind)
 

Arquitectura: _2_3_3_3_3_3_1_
Semilla: 1788083962
Segundos: 232
NIteraciones: 100000

Costo_train: 0.249996
Precision_train: -nan(ind)
Recall_train: 0.000000
F1_train: -nan(ind)

Costo_test: 0.250032
Precision_test: -nan(ind)
Recall_test: 0.000000
F1_test: -nan(ind)
 

Arquitectura: _2_3_3_3_3_3_1_
Semilla: 1788083962
Segundos: 232
NIteraciones: 100000

Costo_train: 0.249997
Precision_train: -nan(ind)
Recall_train: 0.000000
F1_train: -nan(ind)

Costo_test: 0.250035
Precision_test: -nan(ind)
Recall_test: 0.000000
F1_test: -nan(ind)
 

Arquitectura: _2_3_3_3_3_3_1_
Semilla: 1788083962
Segundos: 232
NIteraciones: 100000

Costo_train: 0.249998
Precision_train: -nan(ind)
Recall_train: 0.000000
F1_train: -nan(ind)

Costo_test: 0.250029
Precision_test: -nan(ind)
Recall_test: 0.000000
F1_test: -nan(ind)
 

Arquitectura: _2_3_3_3_3_3_1_
Semilla: 1788083962
Segundos: 232
NIteraciones: 100000

Costo_train: 0.249997
Precision_train: -nan(ind)
Recall_train: 0.000000
F1_train: -nan(ind)

Costo_test: 0.250034
Precision_test: -nan(ind)
Recall_test: 0.000000
F1_test: -nan(ind)
 

Arquitectura: _2_3_3_3_3_3_1_
Semilla: 1788083962
Segundos: 232
NIteraciones: 100000

Costo_train: 0.249997
Precision_train: -nan(ind)
Recall_train: 0.000000
F1_train: -nan(ind)

Costo_test: 0.250030
Precision_test: -nan(ind)
Recall_test: 0.000000
F1_test: -nan(ind)
 
