--- Configuración Actual ---
Paso: 0.200000
Gamma: 0.000000
Parada: 0.100000
Iteraciones: 100000
CapasDesde: 2
CapasHasta: 5
Repeticiones: 1
Intervalo: 10000
Batch: 100
MultiplicadorProfunda: 0.700000
Tarjeta: NVIDIA GeForce RTX 3090 Ti
----------------------------
Dimensiones Datos
trainx: 2x1600 
trainy: 1x1600 
test_x: 2x400 


--- Test Angosta 2.0 ---
Iteración 10000
Costo: 0.248049
Iteración 20000
Costo: 0.246758
Iteración 30000
Costo: 0.246315
Iteración 40000
Costo: 0.246055
Iteración 50000
Costo: 0.245918
Iteración 60000
Costo: 0.245842
Iteración 70000
Costo: 0.245793
Iteración 80000
Costo: 0.245757
Iteración 90000
Costo: 0.245730

Arquitectura: _2_6_1_
Semilla: 1788097456
Segundos: 49
NIteraciones: 100000

Costo_train: 0.245708
Precision_train: 0.550158
Recall_train: 0.645601
F1_train: 0.594071

Costo_test: 0.251068
Precision_test: 0.477551
Recall_test: 0.632432
F1_test: 0.544186
 

Arquitectura: _2_6_1_
Semilla: 1788097456
Segundos: 49
NIteraciones: 100000

Costo_train: 0.245658
Precision_train: 0.552239
Recall_train: 0.641883
F1_train: 0.593696

Costo_test: 0.251648
Precision_test: 0.470588
Recall_test: 0.605405
F1_test: 0.529551
 

Arquitectura: _2_6_1_
Semilla: 1788097456
Segundos: 49
NIteraciones: 100000

Costo_train: 0.245727
Precision_train: 0.548353
Recall_train: 0.639405
F1_train: 0.590389

Costo_test: 0.251113
Precision_test: 0.471311
Recall_test: 0.621622
F1_test: 0.536131
 

Arquitectura: _2_6_1_
Semilla: 1788097456
Segundos: 49
NIteraciones: 100000

Costo_train: 0.245745
Precision_train: 0.551323
Recall_train: 0.645601
F1_train: 0.594749

Costo_test: 0.251227
Precision_test: 0.481481
Recall_test: 0.632432
F1_test: 0.546729
 

Arquitectura: _2_6_1_
Semilla: 1788097456
Segundos: 49
NIteraciones: 100000

Costo_train: 0.245724
Precision_train: 0.553015
Recall_train: 0.659232
F1_train: 0.601470

Costo_test: 0.251682
Precision_test: 0.486166
Recall_test: 0.664865
F1_test: 0.561644
 

Arquitectura: _2_6_1_
Semilla: 1788097456
Segundos: 49
NIteraciones: 100000

Costo_train: 0.246164
Precision_train: 0.549559
Recall_train: 0.618340
F1_train: 0.581924

Costo_test: 0.251103
Precision_test: 0.484979
Recall_test: 0.610811
F1_test: 0.540670
 

Arquitectura: _2_6_1_
Semilla: 1788097456
Segundos: 49
NIteraciones: 100000

Costo_train: 0.245911
Precision_train: 0.556452
Recall_train: 0.598513
F1_train: 0.576716

Costo_test: 0.251749
Precision_test: 0.484716
Recall_test: 0.600000
F1_test: 0.536232
 

Arquitectura: _2_6_1_
Semilla: 1788097456
Segundos: 49
NIteraciones: 100000

Costo_train: 0.246525
Precision_train: 0.546448
Recall_train: 0.619579
F1_train: 0.580720

Costo_test: 0.249742
Precision_test: 0.481633
Recall_test: 0.637838
F1_test: 0.548837
 

Arquitectura: _2_6_1_
Semilla: 1788097456
Segundos: 49
NIteraciones: 100000

Costo_train: 0.246549
Precision_train: 0.554753
Recall_train: 0.571252
F1_train: 0.562882

Costo_test: 0.250692
Precision_test: 0.486364
Recall_test: 0.578378
F1_test: 0.528395
 

Arquitectura: _2_6_1_
Semilla: 1788097456
Segundos: 49
NIteraciones: 100000

Costo_train: 0.246448
Precision_train: 0.549945
Recall_train: 0.620818
F1_train: 0.583236

Costo_test: 0.249735
Precision_test: 0.483740
Recall_test: 0.643243
F1_test: 0.552204
 

Arquitectura: _2_6_1_
Semilla: 1788097456
Segundos: 49
NIteraciones: 100000

Costo_train: 0.246443
Precision_train: 0.544070
Recall_train: 0.619579
F1_train: 0.579374

Costo_test: 0.250035
Precision_test: 0.487805
Recall_test: 0.648649
F1_test: 0.556845
 

Arquitectura: _2_6_1_
Semilla: 1788097456
Segundos: 49
NIteraciones: 100000

Costo_train: 0.245752
Precision_train: 0.557003
Recall_train: 0.635688
F1_train: 0.593750

Costo_test: 0.251106
Precision_test: 0.489362
Recall_test: 0.621622
F1_test: 0.547619
 

Arquitectura: _2_6_1_
Semilla: 1788097456
Segundos: 49
NIteraciones: 100000

Costo_train: 0.245894
Precision_train: 0.546591
Recall_train: 0.596035
F1_train: 0.570243

Costo_test: 0.252427
Precision_test: 0.477876
Recall_test: 0.583784
F1_test: 0.525547
 

Arquitectura: _2_6_1_
Semilla: 1788097456
Segundos: 49
NIteraciones: 100000

Costo_train: 0.245790
Precision_train: 0.551648
Recall_train: 0.622057
F1_train: 0.584741

Costo_test: 0.252062
Precision_test: 0.476987
Recall_test: 0.616216
F1_test: 0.537736
 

Arquitectura: _2_6_1_
Semilla: 1788097456
Segundos: 49
NIteraciones: 100000

Costo_train: 0.246314
Precision_train: 0.543860
Recall_train: 0.614622
F1_train: 0.577080

Costo_test: 0.250488
Precision_test: 0.487288
Recall_test: 0.621622
F1_test: 0.546318
 

Arquitectura: _2_6_1_
Semilla: 1788097456
Segundos: 49
NIteraciones: 100000

Costo_train: 0.245586
Precision_train: 0.554054
Recall_train: 0.660471
F1_train: 0.602600

Costo_test: 0.251831
Precision_test: 0.466403
Recall_test: 0.637838
F1_test: 0.538813
 

Arquitectura: _2_6_1_
Semilla: 1788097456
Segundos: 49
NIteraciones: 100000

Costo_train: 0.246015
Precision_train: 0.545256
Recall_train: 0.619579
F1_train: 0.580046

Costo_test: 0.252085
Precision_test: 0.489796
Recall_test: 0.648649
F1_test: 0.558140
 

Arquitectura: _2_6_1_
Semilla: 1788097456
Segundos: 49
NIteraciones: 100000

Costo_train: 0.245724
Precision_train: 0.552017
Recall_train: 0.644362
F1_train: 0.594625

Costo_test: 0.250947
Precision_test: 0.481481
Recall_test: 0.632432
F1_test: 0.546729
 

Arquitectura: _2_6_1_
Semilla: 1788097456
Segundos: 49
NIteraciones: 100000

Costo_train: 0.245644
Precision_train: 0.549733
Recall_train: 0.636927
F1_train: 0.590126

Costo_test: 0.251399
Precision_test: 0.479675
Recall_test: 0.637838
F1_test: 0.547564
 

Arquitectura: _2_6_1_
Semilla: 1788097456
Segundos: 49
NIteraciones: 100000

Costo_train: 0.245712
Precision_train: 0.549189
Recall_train: 0.629492
F1_train: 0.586605

Costo_test: 0.251906
Precision_test: 0.476793
Recall_test: 0.610811
F1_test: 0.535545
 

Arquitectura: _2_6_1_
Semilla: 1788097456
Segundos: 49
NIteraciones: 100000

Costo_train: 0.245555
Precision_train: 0.545265
Recall_train: 0.649318
F1_train: 0.592760

Costo_test: 0.251728
Precision_test: 0.481481
Recall_test: 0.632432
F1_test: 0.546729
 

Arquitectura: _2_6_1_
Semilla: 1788097456
Segundos: 49
NIteraciones: 100000

Costo_train: 0.246369
Precision_train: 0.546256
Recall_train: 0.614622
F1_train: 0.578426

Costo_test: 0.250272
Precision_test: 0.489879
Recall_test: 0.654054
F1_test: 0.560185
 

Arquitectura: _2_6_1_
Semilla: 1788097456
Segundos: 49
NIteraciones: 100000

Costo_train: 0.246476
Precision_train: 0.546358
Recall_train: 0.613383
F1_train: 0.577933

Costo_test: 0.249828
Precision_test: 0.491667
Recall_test: 0.637838
F1_test: 0.555294
 

Arquitectura: _2_6_1_
Semilla: 1788097456
Segundos: 49
NIteraciones: 100000

Costo_train: 0.245764
Precision_train: 0.552916
Recall_train: 0.634449
F1_train: 0.590883

Costo_test: 0.251050
Precision_test: 0.481013
Recall_test: 0.616216
F1_test: 0.540284
 

Arquitectura: _2_6_1_
Semilla: 1788097456
Segundos: 49
NIteraciones: 100000

Costo_train: 0.245746
Precision_train: 0.553629
Recall_train: 0.633209
F1_train: 0.590751

Costo_test: 0.251157
Precision_test: 0.465021
Recall_test: 0.610811
F1_test: 0.528037
 

Arquitectura: _2_6_1_
Semilla: 1788097456
Segundos: 49
NIteraciones: 100000

Costo_train: 0.245924
Precision_train: 0.550926
Recall_train: 0.589839
F1_train: 0.569719

Costo_test: 0.251149
Precision_test: 0.497797
Recall_test: 0.610811
F1_test: 0.548544
 

Arquitectura: _2_6_1_
Semilla: 1788097456
Segundos: 49
NIteraciones: 100000

Costo_train: 0.245940
Precision_train: 0.554293
Recall_train: 0.543990
F1_train: 0.549093

Costo_test: 0.251134
Precision_test: 0.490385
Recall_test: 0.551351
F1_test: 0.519084
 

Arquitectura: _2_6_1_
Semilla: 1788097456
Segundos: 49
NIteraciones: 100000

Costo_train: 0.245974
Precision_train: 0.538462
Recall_train: 0.624535
F1_train: 0.578313

Costo_test: 0.252397
Precision_test: 0.473896
Recall_test: 0.637838
F1_test: 0.543779
 

Arquitectura: _2_6_1_
Semilla: 1788097456
Segundos: 49
NIteraciones: 100000

Costo_train: 0.245620
Precision_train: 0.546709
Recall_train: 0.638166
F1_train: 0.588908

Costo_test: 0.251033
Precision_test: 0.475806
Recall_test: 0.637838
F1_test: 0.545035
 

Arquitectura: _2_6_1_
Semilla: 1788097456
Segundos: 49
NIteraciones: 100000

Costo_train: 0.245605
Precision_train: 0.550620
Recall_train: 0.660471
F1_train: 0.600563

Costo_test: 0.251033
Precision_test: 0.468000
Recall_test: 0.632432
F1_test: 0.537931
 

Arquitectura: _2_6_1_
Semilla: 1788097456
Segundos: 49
NIteraciones: 100000

Costo_train: 0.245719
Precision_train: 0.549578
Recall_train: 0.645601
F1_train: 0.593732

Costo_test: 0.250951
Precision_test: 0.473684
Recall_test: 0.632432
F1_test: 0.541667
 

Arquitectura: _2_6_1_
Semilla: 1788097456
Segundos: 49
NIteraciones: 100000

Costo_train: 0.245740
Precision_train: 0.554688
Recall_train: 0.615861
F1_train: 0.583676

Costo_test: 0.251594
Precision_test: 0.487069
Recall_test: 0.610811
F1_test: 0.541966
 

Arquitectura: _2_6_1_
Semilla: 1788097456
Segundos: 49
NIteraciones: 100000

Costo_train: 0.246504
Precision_train: 0.546780
Recall_train: 0.557621
F1_train: 0.552147

Costo_test: 0.249622
Precision_test: 0.497778
Recall_test: 0.605405
F1_test: 0.546341
 

Arquitectura: _2_6_1_
Semilla: 1788097456
Segundos: 49
NIteraciones: 100000

Costo_train: 0.246234
Precision_train: 0.545752
Recall_train: 0.620818
F1_train: 0.580870

Costo_test: 0.251127
Precision_test: 0.487395
Recall_test: 0.627027
F1_test: 0.548463
 

Arquitectura: _2_6_1_
Semilla: 1788097456
Segundos: 49
NIteraciones: 100000

Costo_train: 0.245913
Precision_train: 0.549654
Recall_train: 0.589839
F1_train: 0.569038

Costo_test: 0.251670
Precision_test: 0.476190
Recall_test: 0.594595
F1_test: 0.528846
 

Arquitectura: _2_6_1_
Semilla: 1788097456
Segundos: 49
NIteraciones: 100000

Costo_train: 0.245756
Precision_train: 0.550661
Recall_train: 0.619579
F1_train: 0.583090

Costo_test: 0.251680
Precision_test: 0.485106
Recall_test: 0.616216
F1_test: 0.542857
 

Arquitectura: _2_6_1_
Semilla: 1788097456
Segundos: 49
NIteraciones: 100000

Costo_train: 0.245667
Precision_train: 0.549896
Recall_train: 0.655514
F1_train: 0.598078

Costo_test: 0.250895
Precision_test: 0.473896
Recall_test: 0.637838
F1_test: 0.543779
 

Arquitectura: _2_6_1_
Semilla: 1788097456
Segundos: 49
NIteraciones: 100000

Costo_train: 0.246050
Precision_train: 0.547645
Recall_train: 0.619579
F1_train: 0.581395

Costo_test: 0.252157
Precision_test: 0.478814
Recall_test: 0.610811
F1_test: 0.536817
 

Arquitectura: _2_6_1_
Semilla: 1788097456
Segundos: 49
NIteraciones: 100000

Costo_train: 0.246513
Precision_train: 0.542169
Recall_train: 0.613383
F1_train: 0.575581

Costo_test: 0.249775
Precision_test: 0.487395
Recall_test: 0.627027
F1_test: 0.548463
 

Arquitectura: _2_6_1_
Semilla: 1788097456
Segundos: 49
NIteraciones: 100000

Costo_train: 0.246118
Precision_train: 0.547930
Recall_train: 0.623296
F1_train: 0.583188

Costo_test: 0.251716
Precision_test: 0.487805
Recall_test: 0.648649
F1_test: 0.556845
 

Arquitectura: _2_6_1_
Semilla: 1788097456
Segundos: 49
NIteraciones: 100000

Costo_train: 0.246416
Precision_train: 0.545158
Recall_train: 0.620818
F1_train: 0.580533

Costo_test: 0.250245
Precision_test: 0.495935
Recall_test: 0.659459
F1_test: 0.566125
 

Arquitectura: _2_6_1_
Semilla: 1788097456
Segundos: 49
NIteraciones: 100000

Costo_train: 0.246596
Precision_train: 0.540852
Recall_train: 0.582404
F1_train: 0.560859

Costo_test: 0.249473
Precision_test: 0.491525
Recall_test: 0.627027
F1_test: 0.551069
 

Arquitectura: _2_6_1_
Semilla: 1788097456
Segundos: 49
NIteraciones: 100000

Costo_train: 0.245730
Precision_train: 0.548781
Recall_train: 0.613383
F1_train: 0.579286

Costo_test: 0.251626
Precision_test: 0.485232
Recall_test: 0.621622
F1_test: 0.545024
 

Arquitectura: _2_6_1_
Semilla: 1788097456
Segundos: 49
NIteraciones: 100000

Costo_train: 0.246296
Precision_train: 0.546755
Recall_train: 0.615861
F1_train: 0.579254

Costo_test: 0.250699
Precision_test: 0.473251
Recall_test: 0.621622
F1_test: 0.537383
 

Arquitectura: _2_6_1_
Semilla: 1788097456
Segundos: 49
NIteraciones: 100000

Costo_train: 0.245554
Precision_train: 0.560758
Recall_train: 0.623296
F1_train: 0.590376

Costo_test: 0.251876
Precision_test: 0.468354
Recall_test: 0.600000
F1_test: 0.526066
 

Arquitectura: _2_6_1_
Semilla: 1788097456
Segundos: 49
NIteraciones: 100000

Costo_train: 0.245730
Precision_train: 0.550109
Recall_train: 0.625775
F1_train: 0.585507

Costo_test: 0.251489
Precision_test: 0.483051
Recall_test: 0.616216
F1_test: 0.541568
 

Arquitectura: _2_6_1_
Semilla: 1788097456
Segundos: 49
NIteraciones: 100000

Costo_train: 0.246503
Precision_train: 0.545946
Recall_train: 0.625775
F1_train: 0.583141

Costo_test: 0.249628
Precision_test: 0.485714
Recall_test: 0.643243
F1_test: 0.553488
 

Arquitectura: _2_6_1_
Semilla: 1788097456
Segundos: 49
NIteraciones: 100000

Costo_train: 0.246024
Precision_train: 0.544521
Recall_train: 0.591078
F1_train: 0.566845

Costo_test: 0.251060
Precision_test: 0.469828
Recall_test: 0.589189
F1_test: 0.522782
 

Arquitectura: _2_6_1_
Semilla: 1788097456
Segundos: 49
NIteraciones: 100000

Costo_train: 0.245664
Precision_train: 0.548319
Recall_train: 0.646840
F1_train: 0.593519

Costo_test: 0.250824
Precision_test: 0.468000
Recall_test: 0.632432
F1_test: 0.537931
 

Arquitectura: _2_6_1_
Semilla: 1788097456
Segundos: 49
NIteraciones: 100000

Costo_train: 0.245658
Precision_train: 0.550314
Recall_train: 0.650558
F1_train: 0.596252

Costo_test: 0.250884
Precision_test: 0.472000
Recall_test: 0.637838
F1_test: 0.542529
 

Arquitectura: _2_6_1_
Semilla: 1788097456
Segundos: 49
NIteraciones: 100000

Costo_train: 0.245618
Precision_train: 0.555429
Recall_train: 0.602230
F1_train: 0.577883

Costo_test: 0.252156
Precision_test: 0.475983
Recall_test: 0.589189
F1_test: 0.526570
 

Arquitectura: _2_6_1_
Semilla: 1788097456
Segundos: 49
NIteraciones: 100000

Costo_train: 0.245730
Precision_train: 0.554802
Recall_train: 0.608426
F1_train: 0.580378

Costo_test: 0.251716
Precision_test: 0.489362
Recall_test: 0.621622
F1_test: 0.547619
 

Arquitectura: _2_6_1_
Semilla: 1788097456
Segundos: 49
NIteraciones: 100000

Costo_train: 0.246100
Precision_train: 0.549234
Recall_train: 0.622057
F1_train: 0.583382

Costo_test: 0.251947
Precision_test: 0.485477
Recall_test: 0.632432
F1_test: 0.549296
 

Arquitectura: _2_6_1_
Semilla: 1788097456
Segundos: 49
NIteraciones: 100000

Costo_train: 0.246155
Precision_train: 0.550459
Recall_train: 0.594796
F1_train: 0.571769

Costo_test: 0.251809
Precision_test: 0.482456
Recall_test: 0.594595
F1_test: 0.532688
 

Arquitectura: _2_6_1_
Semilla: 1788097456
Segundos: 49
NIteraciones: 100000

Costo_train: 0.245788
Precision_train: 0.552747
Recall_train: 0.623296
F1_train: 0.585906

Costo_test: 0.251428
Precision_test: 0.482906
Recall_test: 0.610811
F1_test: 0.539379
 

Arquitectura: _2_6_1_
Semilla: 1788097456
Segundos: 49
NIteraciones: 100000

Costo_train: 0.245697
Precision_train: 0.552463
Recall_train: 0.639405
F1_train: 0.592763

Costo_test: 0.251673
Precision_test: 0.470833
Recall_test: 0.610811
F1_test: 0.531765
 

Arquitectura: _2_6_1_
Semilla: 1788097456
Segundos: 49
NIteraciones: 100000

Costo_train: 0.245685
Precision_train: 0.551724
Recall_train: 0.634449
F1_train: 0.590202

Costo_test: 0.251403
Precision_test: 0.485477
Recall_test: 0.632432
F1_test: 0.549296
 

Arquitectura: _2_6_1_
Semilla: 1788097456
Segundos: 49
NIteraciones: 100000

Costo_train: 0.245796
Precision_train: 0.549642
Recall_train: 0.665428
F1_train: 0.602018

Costo_test: 0.251016
Precision_test: 0.478764
Recall_test: 0.670270
F1_test: 0.558559
 

Arquitectura: _2_6_1_
Semilla: 1788097456
Segundos: 49
NIteraciones: 100000

Costo_train: 0.246478
Precision_train: 0.550796
Recall_train: 0.557621
F1_train: 0.554187

Costo_test: 0.250282
Precision_test: 0.490741
Recall_test: 0.572973
F1_test: 0.528678
 

Arquitectura: _2_6_1_
Semilla: 1788097456
Segundos: 49
NIteraciones: 100000

Costo_train: 0.245734
Precision_train: 0.553553
Recall_train: 0.646840
F1_train: 0.596571

Costo_test: 0.250985
Precision_test: 0.479339
Recall_test: 0.627027
F1_test: 0.543326
 

Arquitectura: _2_6_1_
Semilla: 1788097456
Segundos: 49
NIteraciones: 100000

Costo_train: 0.246078
Precision_train: 0.552954
Recall_train: 0.614622
F1_train: 0.582160

Costo_test: 0.251410
Precision_test: 0.480851
Recall_test: 0.610811
F1_test: 0.538095
 

Arquitectura: _2_6_1_
Semilla: 1788097456
Segundos: 49
NIteraciones: 100000

Costo_train: 0.245538
Precision_train: 0.557823
Recall_train: 0.609665
F1_train: 0.582593

Costo_test: 0.252102
Precision_test: 0.473684
Recall_test: 0.583784
F1_test: 0.523002
 

Arquitectura: _2_6_1_
Semilla: 1788097456
Segundos: 49
NIteraciones: 100000

Costo_train: 0.245731
Precision_train: 0.551323
Recall_train: 0.645601
F1_train: 0.594749

Costo_test: 0.251196
Precision_test: 0.479508
Recall_test: 0.632432
F1_test: 0.545455
 

Arquitectura: _2_6_1_
Semilla: 1788097456
Segundos: 49
NIteraciones: 100000

Costo_train: 0.245701
Precision_train: 0.551948
Recall_train: 0.631970
F1_train: 0.589255

Costo_test: 0.251021
Precision_test: 0.468880
Recall_test: 0.610811
F1_test: 0.530516
 

Arquitectura: _2_6_1_
Semilla: 1788097456
Segundos: 49
NIteraciones: 100000

Costo_train: 0.246500
Precision_train: 0.544181
Recall_train: 0.625775
F1_train: 0.582133

Costo_test: 0.249865
Precision_test: 0.489960
Recall_test: 0.659459
F1_test: 0.562212
 

Arquitectura: _2_6_1_
Semilla: 1788097456
Segundos: 49
NIteraciones: 100000

Costo_train: 0.245789
Precision_train: 0.555317
Recall_train: 0.640644
F1_train: 0.594937

Costo_test: 0.251176
Precision_test: 0.483333
Recall_test: 0.627027
F1_test: 0.545882
 

Arquitectura: _2_6_1_
Semilla: 1788097456
Segundos: 49
NIteraciones: 100000

Costo_train: 0.245762
Precision_train: 0.553030
Recall_train: 0.633209
F1_train: 0.590410

Costo_test: 0.250657
Precision_test: 0.477178
Recall_test: 0.621622
F1_test: 0.539906
 

Arquitectura: _2_6_1_
Semilla: 1788097456
Segundos: 49
NIteraciones: 100000

Costo_train: 0.246117
Precision_train: 0.550640
Recall_train: 0.586121
F1_train: 0.567827

Costo_test: 0.251134
Precision_test: 0.476190
Recall_test: 0.594595
F1_test: 0.528846
 

Arquitectura: _2_6_1_
Semilla: 1788097456
Segundos: 49
NIteraciones: 100000

Costo_train: 0.245886
Precision_train: 0.545355
Recall_train: 0.618340
F1_train: 0.579559

Costo_test: 0.252159
Precision_test: 0.485597
Recall_test: 0.637838
F1_test: 0.551402
 

Arquitectura: _2_6_1_
Semilla: 1788097456
Segundos: 49
NIteraciones: 100000

Costo_train: 0.245731
Precision_train: 0.549788
Recall_train: 0.643123
F1_train: 0.592804

Costo_test: 0.251014
Precision_test: 0.473684
Recall_test: 0.632432
F1_test: 0.541667
 

Arquitectura: _2_6_1_
Semilla: 1788097456
Segundos: 49
NIteraciones: 100000

Costo_train: 0.245484
Precision_train: 0.564588
Recall_train: 0.628253
F1_train: 0.594721

Costo_test: 0.251885
Precision_test: 0.462185
Recall_test: 0.594595
F1_test: 0.520095
 

Arquitectura: _2_6_1_
Semilla: 1788097456
Segundos: 49
NIteraciones: 100000

Costo_train: 0.246446
Precision_train: 0.547355
Recall_train: 0.551425
F1_train: 0.549383

Costo_test: 0.250283
Precision_test: 0.486486
Recall_test: 0.583784
F1_test: 0.530713
 

Arquitectura: _2_6_1_
Semilla: 1788097456
Segundos: 49
NIteraciones: 100000

Costo_train: 0.245751
Precision_train: 0.554371
Recall_train: 0.644362
F1_train: 0.595989

Costo_test: 0.251197
Precision_test: 0.485597
Recall_test: 0.637838
F1_test: 0.551402
 

Arquitectura: _2_6_1_
Semilla: 1788097456
Segundos: 49
NIteraciones: 100000

Costo_train: 0.245686
Precision_train: 0.553145
Recall_train: 0.631970
F1_train: 0.589936

Costo_test: 0.251836
Precision_test: 0.478814
Recall_test: 0.610811
F1_test: 0.536817
 

Arquitectura: _2_6_1_
Semilla: 1788097456
Segundos: 49
NIteraciones: 100000

Costo_train: 0.245868
Precision_train: 0.554422
Recall_train: 0.605948
F1_train: 0.579041

Costo_test: 0.251178
Precision_test: 0.485232
Recall_test: 0.621622
F1_test: 0.545024
 

Arquitectura: _2_6_1_
Semilla: 1788097456
Segundos: 49
NIteraciones: 100000

Costo_train: 0.246583
Precision_train: 0.557377
Recall_train: 0.589839
F1_train: 0.573149

Costo_test: 0.249792
Precision_test: 0.495495
Recall_test: 0.594595
F1_test: 0.540541
 

Arquitectura: _2_6_1_
Semilla: 1788097456
Segundos: 49
NIteraciones: 100000

Costo_train: 0.245669
Precision_train: 0.555796
Recall_train: 0.635688
F1_train: 0.593064

Costo_test: 0.250982
Precision_test: 0.473029
Recall_test: 0.616216
F1_test: 0.535211
 

Arquitectura: _2_6_1_
Semilla: 1788097456
Segundos: 49
NIteraciones: 100000

Costo_train: 0.245735
Precision_train: 0.549296
Recall_train: 0.628253
F1_train: 0.586127

Costo_test: 0.251702
Precision_test: 0.478992
Recall_test: 0.616216
F1_test: 0.539007
 

Arquitectura: _2_6_1_
Semilla: 1788097456
Segundos: 49
NIteraciones: 100000

Costo_train: 0.245758
Precision_train: 0.550478
Recall_train: 0.641883
F1_train: 0.592677

Costo_test: 0.250858
Precision_test: 0.473684
Recall_test: 0.632432
F1_test: 0.541667
 

Arquitectura: _2_6_1_
Semilla: 1788097456
Segundos: 49
NIteraciones: 100000

Costo_train: 0.245508
Precision_train: 0.557416
Recall_train: 0.577447
F1_train: 0.567255

Costo_test: 0.252819
Precision_test: 0.477477
Recall_test: 0.572973
F1_test: 0.520885
 

Arquitectura: _2_6_1_
Semilla: 1788097456
Segundos: 49
NIteraciones: 100000

Costo_train: 0.245461
Precision_train: 0.559152
Recall_train: 0.620818
F1_train: 0.588373

Costo_test: 0.251774
Precision_test: 0.468354
Recall_test: 0.600000
F1_test: 0.526066
 

Arquitectura: _2_6_1_
Semilla: 1788097456
Segundos: 49
NIteraciones: 100000

Costo_train: 0.246232
Precision_train: 0.547253
Recall_train: 0.617100
F1_train: 0.580082

Costo_test: 0.250394
Precision_test: 0.483471
Recall_test: 0.632432
F1_test: 0.548009
 

Arquitectura: _2_6_1_
Semilla: 1788097456
Segundos: 49
NIteraciones: 100000

Costo_train: 0.246351
Precision_train: 0.554557
Recall_train: 0.535316
F1_train: 0.544767

Costo_test: 0.250888
Precision_test: 0.495098
Recall_test: 0.545946
F1_test: 0.519280
 

Arquitectura: _2_6_1_
Semilla: 1788097456
Segundos: 49
NIteraciones: 100000

Costo_train: 0.245708
Precision_train: 0.553215
Recall_train: 0.618340
F1_train: 0.583967

Costo_test: 0.251722
Precision_test: 0.482906
Recall_test: 0.610811
F1_test: 0.539379
 

Arquitectura: _2_6_1_
Semilla: 1788097456
Segundos: 49
NIteraciones: 100000

Costo_train: 0.246023
Precision_train: 0.552189
Recall_train: 0.609665
F1_train: 0.579505

Costo_test: 0.250909
Precision_test: 0.478992
Recall_test: 0.616216
F1_test: 0.539007
 

Arquitectura: _2_6_1_
Semilla: 1788097456
Segundos: 49
NIteraciones: 100000

Costo_train: 0.245962
Precision_train: 0.543316
Recall_train: 0.629492
F1_train: 0.583238

Costo_test: 0.252578
Precision_test: 0.481781
Recall_test: 0.643243
F1_test: 0.550926
 

Arquitectura: _2_6_1_
Semilla: 1788097456
Segundos: 49
NIteraciones: 100000

Costo_train: 0.245719
Precision_train: 0.551282
Recall_train: 0.639405
F1_train: 0.592083

Costo_test: 0.252533
Precision_test: 0.477551
Recall_test: 0.632432
F1_test: 0.544186
 

Arquitectura: _2_6_1_
Semilla: 1788097456
Segundos: 49
NIteraciones: 100000

Costo_train: 0.245766
Precision_train: 0.554255
Recall_train: 0.645601
F1_train: 0.596451

Costo_test: 0.251155
Precision_test: 0.471311
Recall_test: 0.621622
F1_test: 0.536131
 

Arquitectura: _2_6_1_
Semilla: 1788097456
Segundos: 49
NIteraciones: 100000

Costo_train: 0.245474
Precision_train: 0.560641
Recall_train: 0.607187
F1_train: 0.582986

Costo_test: 0.252185
Precision_test: 0.475983
Recall_test: 0.589189
F1_test: 0.526570
 

Arquitectura: _2_6_1_
Semilla: 1788097456
Segundos: 49
NIteraciones: 100000

Costo_train: 0.246214
Precision_train: 0.548673
Recall_train: 0.614622
F1_train: 0.579778

Costo_test: 0.251409
Precision_test: 0.491870
Recall_test: 0.654054
F1_test: 0.561485
 

Arquitectura: _2_6_1_
Semilla: 1788097456
Segundos: 49
NIteraciones: 100000

Costo_train: 0.245712
Precision_train: 0.546122
Recall_train: 0.645601
F1_train: 0.591709

Costo_test: 0.251165
Precision_test: 0.467480
Recall_test: 0.621622
F1_test: 0.533643
 

Arquitectura: _2_6_1_
Semilla: 1788097456
Segundos: 49
NIteraciones: 100000

Costo_train: 0.245737
Precision_train: 0.550214
Recall_train: 0.638166
F1_train: 0.590935

Costo_test: 0.251264
Precision_test: 0.477366
Recall_test: 0.627027
F1_test: 0.542056
 

Arquitectura: _2_6_1_
Semilla: 1788097456
Segundos: 49
NIteraciones: 100000

Costo_train: 0.246512
Precision_train: 0.552473
Recall_train: 0.567534
F1_train: 0.559902

Costo_test: 0.250360
Precision_test: 0.483871
Recall_test: 0.567568
F1_test: 0.522388
 

Arquitectura: _2_6_1_
Semilla: 1788097456
Segundos: 49
NIteraciones: 100000

Costo_train: 0.246362
Precision_train: 0.559850
Recall_train: 0.556382
F1_train: 0.558111

Costo_test: 0.250219
Precision_test: 0.492754
Recall_test: 0.551351
F1_test: 0.520408
 

Arquitectura: _2_6_1_
Semilla: 1788097456
Segundos: 49
NIteraciones: 100000

Costo_train: 0.246278
Precision_train: 0.541020
Recall_train: 0.604709
F1_train: 0.571094

Costo_test: 0.249926
Precision_test: 0.491935
Recall_test: 0.659459
F1_test: 0.563510
 

Arquitectura: _2_6_1_
Semilla: 1788097456
Segundos: 49
NIteraciones: 100000

Costo_train: 0.246095
Precision_train: 0.553333
Recall_train: 0.617100
F1_train: 0.583480

Costo_test: 0.250775
Precision_test: 0.485356
Recall_test: 0.627027
F1_test: 0.547170
 

Arquitectura: _2_6_1_
Semilla: 1788097456
Segundos: 49
NIteraciones: 100000

Costo_train: 0.245736
Precision_train: 0.552890
Recall_train: 0.628253
F1_train: 0.588167

Costo_test: 0.251437
Precision_test: 0.482906
Recall_test: 0.610811
F1_test: 0.539379
 

Arquitectura: _2_6_1_
Semilla: 1788097456
Segundos: 49
NIteraciones: 100000

Costo_train: 0.245775
Precision_train: 0.552095
Recall_train: 0.636927
F1_train: 0.591484

Costo_test: 0.251462
Precision_test: 0.483471
Recall_test: 0.632432
F1_test: 0.548009
 

Arquitectura: _2_6_1_
Semilla: 1788097456
Segundos: 49
NIteraciones: 100000

Costo_train: 0.245467
Precision_train: 0.562775
Recall_train: 0.633209
F1_train: 0.595918

Costo_test: 0.251574
Precision_test: 0.460251
Recall_test: 0.594595
F1_test: 0.518868
 

Arquitectura: _2_6_1_
Semilla: 1788097456
Segundos: 49
NIteraciones: 100000

Costo_train: 0.246555
Precision_train: 0.557945
Recall_train: 0.578686
F1_train: 0.568126

Costo_test: 0.250574
Precision_test: 0.475983
Recall_test: 0.589189
F1_test: 0.526570
 


--- Test Profunda 2.0 ---
Iteración 10000
Costo: 0.249440
Iteración 20000
Costo: 0.249244
Iteración 30000
Costo: 0.249101
Iteración 40000
Costo: 0.248924
Iteración 50000
Costo: 0.248681
Iteración 60000
Costo: 0.248363
Iteración 70000
Costo: 0.247983
Iteración 80000
Costo: 0.247566
Iteración 90000
Costo: 0.247257

Arquitectura: _2_3_3_1_
Semilla: 1788097505
Segundos: 94
NIteraciones: 100000

Costo_train: 0.247099
Precision_train: 0.547231
Recall_train: 0.624535
F1_train: 0.583333

Costo_test: 0.249782
Precision_test: 0.487500
Recall_test: 0.632432
F1_test: 0.550588
 

Arquitectura: _2_3_3_1_
Semilla: 1788097505
Segundos: 94
NIteraciones: 100000

Costo_train: 0.248885
Precision_train: 0.526006
Recall_train: 0.664188
F1_train: 0.587076

Costo_test: 0.249812
Precision_test: 0.475096
Recall_test: 0.670270
F1_test: 0.556054
 

Arquitectura: _2_3_3_1_
Semilla: 1788097505
Segundos: 94
NIteraciones: 100000

Costo_train: 0.247026
Precision_train: 0.546624
Recall_train: 0.631970
F1_train: 0.586207

Costo_test: 0.250207
Precision_test: 0.492000
Recall_test: 0.664865
F1_test: 0.565517
 

Arquitectura: _2_3_3_1_
Semilla: 1788097505
Segundos: 94
NIteraciones: 100000

Costo_train: 0.247403
Precision_train: 0.545665
Recall_train: 0.584882
F1_train: 0.564593

Costo_test: 0.247568
Precision_test: 0.511312
Recall_test: 0.610811
F1_test: 0.556650
 

Arquitectura: _2_3_3_1_
Semilla: 1788097505
Segundos: 94
NIteraciones: 100000

Costo_train: 0.248040
Precision_train: 0.542112
Recall_train: 0.566295
F1_train: 0.553939

Costo_test: 0.248338
Precision_test: 0.514706
Recall_test: 0.567568
F1_test: 0.539846
 

Arquitectura: _2_3_3_1_
Semilla: 1788097505
Segundos: 94
NIteraciones: 100000

Costo_train: 0.248043
Precision_train: 0.530043
Recall_train: 0.612144
F1_train: 0.568143

Costo_test: 0.250305
Precision_test: 0.476793
Recall_test: 0.610811
F1_test: 0.535545
 

Arquitectura: _2_3_3_1_
Semilla: 1788097505
Segundos: 94
NIteraciones: 100000

Costo_train: 0.247504
Precision_train: 0.548348
Recall_train: 0.555143
F1_train: 0.551724

Costo_test: 0.248066
Precision_test: 0.509615
Recall_test: 0.572973
F1_test: 0.539440
 

Arquitectura: _2_3_3_1_
Semilla: 1788097505
Segundos: 94
NIteraciones: 100000

Costo_train: 0.248144
Precision_train: 0.533406
Recall_train: 0.603470
F1_train: 0.566279

Costo_test: 0.249336
Precision_test: 0.470085
Recall_test: 0.594595
F1_test: 0.525060
 

Arquitectura: _2_3_3_1_
Semilla: 1788097505
Segundos: 94
NIteraciones: 100000

Costo_train: 0.248836
Precision_train: 0.525391
Recall_train: 0.666667
F1_train: 0.587657

Costo_test: 0.249654
Precision_test: 0.476744
Recall_test: 0.664865
F1_test: 0.555305
 

Arquitectura: _2_3_3_1_
Semilla: 1788097505
Segundos: 94
NIteraciones: 100000

Costo_train: 0.246990
Precision_train: 0.545161
Recall_train: 0.628253
F1_train: 0.583765

Costo_test: 0.249695
Precision_test: 0.487603
Recall_test: 0.637838
F1_test: 0.552693
 

Arquitectura: _2_3_3_1_
Semilla: 1788097505
Segundos: 94
NIteraciones: 100000

Costo_train: 0.248621
Precision_train: 0.529528
Recall_train: 0.666667
F1_train: 0.590236

Costo_test: 0.248989
Precision_test: 0.483871
Recall_test: 0.648649
F1_test: 0.554272
 

Arquitectura: _2_3_3_1_
Semilla: 1788097505
Segundos: 94
NIteraciones: 100000

Costo_train: 0.247909
Precision_train: 0.540749
Recall_train: 0.608426
F1_train: 0.572595

Costo_test: 0.250024
Precision_test: 0.484979
Recall_test: 0.610811
F1_test: 0.540670
 

Arquitectura: _2_3_3_1_
Semilla: 1788097505
Segundos: 94
NIteraciones: 100000

Costo_train: 0.248014
Precision_train: 0.547472
Recall_train: 0.550186
F1_train: 0.548826

Costo_test: 0.248777
Precision_test: 0.510000
Recall_test: 0.551351
F1_test: 0.529870
 

Arquitectura: _2_3_3_1_
Semilla: 1788097505
Segundos: 94
NIteraciones: 100000

Costo_train: 0.248381
Precision_train: 0.522330
Recall_train: 0.666667
F1_train: 0.585738

Costo_test: 0.249169
Precision_test: 0.479245
Recall_test: 0.686486
F1_test: 0.564444
 

Arquitectura: _2_3_3_1_
Semilla: 1788097505
Segundos: 94
NIteraciones: 100000

Costo_train: 0.247123
Precision_train: 0.542337
Recall_train: 0.627014
F1_train: 0.581609

Costo_test: 0.249682
Precision_test: 0.483871
Recall_test: 0.648649
F1_test: 0.554272
 

Arquitectura: _2_3_3_1_
Semilla: 1788097505
Segundos: 94
NIteraciones: 100000

Costo_train: 0.248304
Precision_train: 0.531866
Recall_train: 0.568773
F1_train: 0.549701

Costo_test: 0.248833
Precision_test: 0.500000
Recall_test: 0.572973
F1_test: 0.534005
 

Arquitectura: _2_3_3_1_
Semilla: 1788097505
Segundos: 94
NIteraciones: 100000

Costo_train: 0.248311
Precision_train: 0.536266
Recall_train: 0.558860
F1_train: 0.547330

Costo_test: 0.248581
Precision_test: 0.517073
Recall_test: 0.572973
F1_test: 0.543590
 

Arquitectura: _2_3_3_1_
Semilla: 1788097505
Segundos: 94
NIteraciones: 100000

Costo_train: 0.247879
Precision_train: 0.554172
Recall_train: 0.551425
F1_train: 0.552795

Costo_test: 0.248189
Precision_test: 0.524272
Recall_test: 0.583784
F1_test: 0.552430
 

Arquitectura: _2_3_3_1_
Semilla: 1788097505
Segundos: 94
NIteraciones: 100000

Costo_train: 0.248950
Precision_train: 0.530071
Recall_train: 0.644362
F1_train: 0.581656

Costo_test: 0.249483
Precision_test: 0.477912
Recall_test: 0.643243
F1_test: 0.548387
 

Arquitectura: _2_3_3_1_
Semilla: 1788097505
Segundos: 94
NIteraciones: 100000

Costo_train: 0.247066
Precision_train: 0.546237
Recall_train: 0.629492
F1_train: 0.584916

Costo_test: 0.249922
Precision_test: 0.485714
Recall_test: 0.643243
F1_test: 0.553488
 

Arquitectura: _2_3_3_1_
Semilla: 1788097505
Segundos: 94
NIteraciones: 100000

Costo_train: 0.248001
Precision_train: 0.552956
Recall_train: 0.556382
F1_train: 0.554663

Costo_test: 0.248276
Precision_test: 0.524510
Recall_test: 0.578378
F1_test: 0.550129
 

Arquitectura: _2_3_3_1_
Semilla: 1788097505
Segundos: 94
NIteraciones: 100000

Costo_train: 0.248052
Precision_train: 0.546117
Recall_train: 0.557621
F1_train: 0.551809

Costo_test: 0.248464
Precision_test: 0.502392
Recall_test: 0.567568
F1_test: 0.532995
 

Arquitectura: _2_3_3_1_
Semilla: 1788097505
Segundos: 94
NIteraciones: 100000

Costo_train: 0.248996
Precision_train: 0.528759
Recall_train: 0.649318
F1_train: 0.582870

Costo_test: 0.249806
Precision_test: 0.466403
Recall_test: 0.637838
F1_test: 0.538813
 

Arquitectura: _2_3_3_1_
Semilla: 1788097505
Segundos: 94
NIteraciones: 100000

Costo_train: 0.248083
Precision_train: 0.539519
Recall_train: 0.583643
F1_train: 0.560714

Costo_test: 0.248705
Precision_test: 0.506912
Recall_test: 0.594595
F1_test: 0.547264
 

Arquitectura: _2_3_3_1_
Semilla: 1788097505
Segundos: 94
NIteraciones: 100000

Costo_train: 0.246967
Precision_train: 0.540839
Recall_train: 0.607187
F1_train: 0.572096

Costo_test: 0.249554
Precision_test: 0.495798
Recall_test: 0.637838
F1_test: 0.557920
 

Arquitectura: _2_3_3_1_
Semilla: 1788097505
Segundos: 94
NIteraciones: 100000

Costo_train: 0.248782
Precision_train: 0.522814
Recall_train: 0.681537
F1_train: 0.591716

Costo_test: 0.249740
Precision_test: 0.477273
Recall_test: 0.681081
F1_test: 0.561247
 

Arquitectura: _2_3_3_1_
Semilla: 1788097505
Segundos: 94
NIteraciones: 100000

Costo_train: 0.247211
Precision_train: 0.551763
Recall_train: 0.600991
F1_train: 0.575326

Costo_test: 0.249492
Precision_test: 0.485106
Recall_test: 0.616216
F1_test: 0.542857
 

Arquitectura: _2_3_3_1_
Semilla: 1788097505
Segundos: 94
NIteraciones: 100000

Costo_train: 0.247610
Precision_train: 0.550181
Recall_train: 0.563817
F1_train: 0.556916

Costo_test: 0.248389
Precision_test: 0.516746
Recall_test: 0.583784
F1_test: 0.548223
 

Arquitectura: _2_3_3_1_
Semilla: 1788097505
Segundos: 94
NIteraciones: 100000

Costo_train: 0.247781
Precision_train: 0.540089
Recall_train: 0.600991
F1_train: 0.568915

Costo_test: 0.249903
Precision_test: 0.500000
Recall_test: 0.632432
F1_test: 0.558473
 

Arquitectura: _2_3_3_1_
Semilla: 1788097505
Segundos: 94
NIteraciones: 100000

Costo_train: 0.247545
Precision_train: 0.547500
Recall_train: 0.542751
F1_train: 0.545115

Costo_test: 0.248233
Precision_test: 0.512077
Recall_test: 0.572973
F1_test: 0.540816
 

Arquitectura: _2_3_3_1_
Semilla: 1788097505
Segundos: 94
NIteraciones: 100000

Costo_train: 0.248447
Precision_train: 0.526725
Recall_train: 0.671623
F1_train: 0.590414

Costo_test: 0.249007
Precision_test: 0.480469
Recall_test: 0.664865
F1_test: 0.557823
 

Arquitectura: _2_3_3_1_
Semilla: 1788097505
Segundos: 94
NIteraciones: 100000

Costo_train: 0.247784
Precision_train: 0.550725
Recall_train: 0.565056
F1_train: 0.557798

Costo_test: 0.248519
Precision_test: 0.518692
Recall_test: 0.600000
F1_test: 0.556391
 

Arquitectura: _2_3_3_1_
Semilla: 1788097505
Segundos: 94
NIteraciones: 100000

Costo_train: 0.247965
Precision_train: 0.536295
Recall_train: 0.613383
F1_train: 0.572254

Costo_test: 0.249484
Precision_test: 0.489270
Recall_test: 0.616216
F1_test: 0.545455
 

Arquitectura: _2_3_3_1_
Semilla: 1788097505
Segundos: 94
NIteraciones: 100000

Costo_train: 0.247446
Precision_train: 0.552506
Recall_train: 0.573730
F1_train: 0.562918

Costo_test: 0.247804
Precision_test: 0.504630
Recall_test: 0.589189
F1_test: 0.543641
 

Arquitectura: _2_3_3_1_
Semilla: 1788097505
Segundos: 94
NIteraciones: 100000

Costo_train: 0.247208
Precision_train: 0.549884
Recall_train: 0.587361
F1_train: 0.568005

Costo_test: 0.248025
Precision_test: 0.511312
Recall_test: 0.610811
F1_test: 0.556650
 

Arquitectura: _2_3_3_1_
Semilla: 1788097505
Segundos: 94
NIteraciones: 100000

Costo_train: 0.248102
Precision_train: 0.535934
Recall_train: 0.646840
F1_train: 0.586188

Costo_test: 0.248639
Precision_test: 0.502146
Recall_test: 0.632432
F1_test: 0.559809
 

Arquitectura: _2_3_3_1_
Semilla: 1788097505
Segundos: 94
NIteraciones: 100000

Costo_train: 0.248495
Precision_train: 0.522563
Recall_train: 0.717472
F1_train: 0.604700

Costo_test: 0.249651
Precision_test: 0.485401
Recall_test: 0.718919
F1_test: 0.579521
 

Arquitectura: _2_3_3_1_
Semilla: 1788097505
Segundos: 94
NIteraciones: 100000

Costo_train: 0.248189
Precision_train: 0.536285
Recall_train: 0.540273
F1_train: 0.538272

Costo_test: 0.249376
Precision_test: 0.480769
Recall_test: 0.540541
F1_test: 0.508906
 

Arquitectura: _2_3_3_1_
Semilla: 1788097505
Segundos: 94
NIteraciones: 100000

Costo_train: 0.247609
Precision_train: 0.542012
Recall_train: 0.567534
F1_train: 0.554479

Costo_test: 0.247968
Precision_test: 0.516279
Recall_test: 0.600000
F1_test: 0.555000
 

Arquitectura: _2_3_3_1_
Semilla: 1788097505
Segundos: 94
NIteraciones: 100000

Costo_train: 0.248172
Precision_train: 0.531217
Recall_train: 0.622057
F1_train: 0.573059

Costo_test: 0.249254
Precision_test: 0.476987
Recall_test: 0.616216
F1_test: 0.537736
 

Arquitectura: _2_3_3_1_
Semilla: 1788097505
Segundos: 94
NIteraciones: 100000

Costo_train: 0.249098
Precision_train: 0.531283
Recall_train: 0.620818
F1_train: 0.572571

Costo_test: 0.249546
Precision_test: 0.465517
Recall_test: 0.583784
F1_test: 0.517986
 

Arquitectura: _2_3_3_1_
Semilla: 1788097505
Segundos: 94
NIteraciones: 100000

Costo_train: 0.248153
Precision_train: 0.544350
Recall_train: 0.555143
F1_train: 0.549693

Costo_test: 0.248501
Precision_test: 0.517413
Recall_test: 0.562162
F1_test: 0.538860
 

Arquitectura: _2_3_3_1_
Semilla: 1788097505
Segundos: 94
NIteraciones: 100000

Costo_train: 0.247204
Precision_train: 0.551522
Recall_train: 0.583643
F1_train: 0.567128

Costo_test: 0.248103
Precision_test: 0.502304
Recall_test: 0.589189
F1_test: 0.542289
 

Arquitectura: _2_3_3_1_
Semilla: 1788097505
Segundos: 94
NIteraciones: 100000

Costo_train: 0.248920
Precision_train: 0.530507
Recall_train: 0.635688
F1_train: 0.578354

Costo_test: 0.249423
Precision_test: 0.483607
Recall_test: 0.637838
F1_test: 0.550117
 

Arquitectura: _2_3_3_1_
Semilla: 1788097505
Segundos: 94
NIteraciones: 100000

Costo_train: 0.247129
Precision_train: 0.544768
Recall_train: 0.625775
F1_train: 0.582468

Costo_test: 0.250246
Precision_test: 0.486166
Recall_test: 0.664865
F1_test: 0.561644
 

Arquitectura: _2_3_3_1_
Semilla: 1788097505
Segundos: 94
NIteraciones: 100000

Costo_train: 0.247501
Precision_train: 0.536876
Recall_train: 0.613383
F1_train: 0.572585

Costo_test: 0.249557
Precision_test: 0.493827
Recall_test: 0.648649
F1_test: 0.560748
 

Arquitectura: _2_3_3_1_
Semilla: 1788097505
Segundos: 94
NIteraciones: 100000

Costo_train: 0.247199
Precision_train: 0.544289
Recall_train: 0.578686
F1_train: 0.560961

Costo_test: 0.249000
Precision_test: 0.495614
Recall_test: 0.610811
F1_test: 0.547216
 

Arquitectura: _2_3_3_1_
Semilla: 1788097505
Segundos: 94
NIteraciones: 100000

Costo_train: 0.248504
Precision_train: 0.530902
Recall_train: 0.649318
F1_train: 0.584170

Costo_test: 0.248887
Precision_test: 0.489540
Recall_test: 0.632432
F1_test: 0.551887
 

Arquitectura: _2_3_3_1_
Semilla: 1788097505
Segundos: 94
NIteraciones: 100000

Costo_train: 0.247218
Precision_train: 0.537217
Recall_train: 0.617100
F1_train: 0.574395

Costo_test: 0.250014
Precision_test: 0.477912
Recall_test: 0.643243
F1_test: 0.548387
 

Arquitectura: _2_3_3_1_
Semilla: 1788097505
Segundos: 94
NIteraciones: 100000

Costo_train: 0.248185
Precision_train: 0.527215
Recall_train: 0.612144
F1_train: 0.566514

Costo_test: 0.249834
Precision_test: 0.472574
Recall_test: 0.605405
F1_test: 0.530806
 

Arquitectura: _2_3_3_1_
Semilla: 1788097505
Segundos: 94
NIteraciones: 100000

Costo_train: 0.248393
Precision_train: 0.526116
Recall_train: 0.686493
F1_train: 0.595699

Costo_test: 0.248807
Precision_test: 0.475655
Recall_test: 0.686486
F1_test: 0.561947
 

Arquitectura: _2_3_3_1_
Semilla: 1788097505
Segundos: 94
NIteraciones: 100000

Costo_train: 0.247536
Precision_train: 0.546209
Recall_train: 0.571252
F1_train: 0.558449

Costo_test: 0.247656
Precision_test: 0.511628
Recall_test: 0.594595
F1_test: 0.550000
 

Arquitectura: _2_3_3_1_
Semilla: 1788097505
Segundos: 94
NIteraciones: 100000

Costo_train: 0.248134
Precision_train: 0.546591
Recall_train: 0.596035
F1_train: 0.570243

Costo_test: 0.248956
Precision_test: 0.497674
Recall_test: 0.578378
F1_test: 0.535000
 

Arquitectura: _2_3_3_1_
Semilla: 1788097505
Segundos: 94
NIteraciones: 100000

Costo_train: 0.247999
Precision_train: 0.551046
Recall_train: 0.555143
F1_train: 0.553086

Costo_test: 0.248317
Precision_test: 0.509901
Recall_test: 0.556757
F1_test: 0.532300
 

Arquitectura: _2_3_3_1_
Semilla: 1788097505
Segundos: 94
NIteraciones: 100000

Costo_train: 0.247639
Precision_train: 0.537313
Recall_train: 0.624535
F1_train: 0.577650

Costo_test: 0.250537
Precision_test: 0.491597
Recall_test: 0.632432
F1_test: 0.553191
 

Arquitectura: _2_3_3_1_
Semilla: 1788097505
Segundos: 94
NIteraciones: 100000

Costo_train: 0.247120
Precision_train: 0.537408
Recall_train: 0.631970
F1_train: 0.580866

Costo_test: 0.250316
Precision_test: 0.482625
Recall_test: 0.675676
F1_test: 0.563063
 

Arquitectura: _2_3_3_1_
Semilla: 1788097505
Segundos: 94
NIteraciones: 100000

Costo_train: 0.248152
Precision_train: 0.538206
Recall_train: 0.602230
F1_train: 0.568421

Costo_test: 0.249095
Precision_test: 0.482456
Recall_test: 0.594595
F1_test: 0.532688
 

Arquitectura: _2_3_3_1_
Semilla: 1788097505
Segundos: 94
NIteraciones: 100000

Costo_train: 0.247831
Precision_train: 0.554054
Recall_train: 0.558860
F1_train: 0.556447

Costo_test: 0.248350
Precision_test: 0.524038
Recall_test: 0.589189
F1_test: 0.554707
 

Arquitectura: _2_3_3_1_
Semilla: 1788097505
Segundos: 94
NIteraciones: 100000

Costo_train: 0.247050
Precision_train: 0.541578
Recall_train: 0.629492
F1_train: 0.582235

Costo_test: 0.249900
Precision_test: 0.489796
Recall_test: 0.648649
F1_test: 0.558140
 

Arquitectura: _2_3_3_1_
Semilla: 1788097505
Segundos: 94
NIteraciones: 100000

Costo_train: 0.248053
Precision_train: 0.542484
Recall_train: 0.617100
F1_train: 0.577391

Costo_test: 0.249657
Precision_test: 0.472574
Recall_test: 0.605405
F1_test: 0.530806
 

Arquitectura: _2_3_3_1_
Semilla: 1788097505
Segundos: 94
NIteraciones: 100000

Costo_train: 0.248085
Precision_train: 0.536138
Recall_train: 0.615861
F1_train: 0.573241

Costo_test: 0.249880
Precision_test: 0.482906
Recall_test: 0.610811
F1_test: 0.539379
 

Arquitectura: _2_3_3_1_
Semilla: 1788097505
Segundos: 94
NIteraciones: 100000

Costo_train: 0.247209
Precision_train: 0.539037
Recall_train: 0.624535
F1_train: 0.578645

Costo_test: 0.250148
Precision_test: 0.488281
Recall_test: 0.675676
F1_test: 0.566893
 

Arquitectura: _2_3_3_1_
Semilla: 1788097505
Segundos: 94
NIteraciones: 100000

Costo_train: 0.248053
Precision_train: 0.551220
Recall_train: 0.560099
F1_train: 0.555624

Costo_test: 0.248391
Precision_test: 0.512315
Recall_test: 0.562162
F1_test: 0.536082
 

Arquitectura: _2_3_3_1_
Semilla: 1788097505
Segundos: 94
NIteraciones: 100000

Costo_train: 0.247673
Precision_train: 0.532909
Recall_train: 0.622057
F1_train: 0.574042

Costo_test: 0.250635
Precision_test: 0.491453
Recall_test: 0.621622
F1_test: 0.548926
 

Arquitectura: _2_3_3_1_
Semilla: 1788097505
Segundos: 94
NIteraciones: 100000

Costo_train: 0.247419
Precision_train: 0.549820
Recall_train: 0.567534
F1_train: 0.558537

Costo_test: 0.248711
Precision_test: 0.506849
Recall_test: 0.600000
F1_test: 0.549505
 

Arquitectura: _2_3_3_1_
Semilla: 1788097505
Segundos: 94
NIteraciones: 100000

Costo_train: 0.247516
Precision_train: 0.551208
Recall_train: 0.593556
F1_train: 0.571599

Costo_test: 0.249334
Precision_test: 0.500000
Recall_test: 0.616216
F1_test: 0.552058
 

Arquitectura: _2_3_3_1_
Semilla: 1788097505
Segundos: 94
NIteraciones: 100000

Costo_train: 0.247222
Precision_train: 0.542857
Recall_train: 0.612144
F1_train: 0.575422

Costo_test: 0.249561
Precision_test: 0.481781
Recall_test: 0.643243
F1_test: 0.550926
 

Arquitectura: _2_3_3_1_
Semilla: 1788097505
Segundos: 94
NIteraciones: 100000

Costo_train: 0.247225
Precision_train: 0.538043
Recall_train: 0.613383
F1_train: 0.573248

Costo_test: 0.250069
Precision_test: 0.483607
Recall_test: 0.637838
F1_test: 0.550117
 

Arquitectura: _2_3_3_1_
Semilla: 1788097505
Segundos: 94
NIteraciones: 100000

Costo_train: 0.249190
Precision_train: 0.528200
Recall_train: 0.603470
F1_train: 0.563331

Costo_test: 0.249440
Precision_test: 0.477876
Recall_test: 0.583784
F1_test: 0.525547
 

Arquitectura: _2_3_3_1_
Semilla: 1788097505
Segundos: 94
NIteraciones: 100000

Costo_train: 0.247219
Precision_train: 0.546968
Recall_train: 0.570012
F1_train: 0.558252

Costo_test: 0.249169
Precision_test: 0.493333
Recall_test: 0.600000
F1_test: 0.541463
 

Arquitectura: _2_3_3_1_
Semilla: 1788097505
Segundos: 94
NIteraciones: 100000

Costo_train: 0.247386
Precision_train: 0.547126
Recall_train: 0.589839
F1_train: 0.567680

Costo_test: 0.247558
Precision_test: 0.509009
Recall_test: 0.610811
F1_test: 0.555283
 

Arquitectura: _2_3_3_1_
Semilla: 1788097505
Segundos: 94
NIteraciones: 100000

Costo_train: 0.248096
Precision_train: 0.536184
Recall_train: 0.605948
F1_train: 0.568935

Costo_test: 0.249525
Precision_test: 0.474138
Recall_test: 0.594595
F1_test: 0.527578
 

Arquitectura: _2_3_3_1_
Semilla: 1788097505
Segundos: 94
NIteraciones: 100000

Costo_train: 0.247354
Precision_train: 0.552257
Recall_train: 0.576208
F1_train: 0.563978

Costo_test: 0.248301
Precision_test: 0.509091
Recall_test: 0.605405
F1_test: 0.553086
 

Arquitectura: _2_3_3_1_
Semilla: 1788097505
Segundos: 94
NIteraciones: 100000

Costo_train: 0.247020
Precision_train: 0.545254
Recall_train: 0.612144
F1_train: 0.576766

Costo_test: 0.249501
Precision_test: 0.495763
Recall_test: 0.632432
F1_test: 0.555820
 

Arquitectura: _2_3_3_1_
Semilla: 1788097505
Segundos: 94
NIteraciones: 100000

Costo_train: 0.248333
Precision_train: 0.542759
Recall_train: 0.589839
F1_train: 0.565321

Costo_test: 0.248687
Precision_test: 0.490909
Recall_test: 0.583784
F1_test: 0.533333
 

Arquitectura: _2_3_3_1_
Semilla: 1788097505
Segundos: 94
NIteraciones: 100000

Costo_train: 0.247969
Precision_train: 0.529801
Recall_train: 0.594796
F1_train: 0.560420

Costo_test: 0.250290
Precision_test: 0.482456
Recall_test: 0.594595
F1_test: 0.532688
 

Arquitectura: _2_3_3_1_
Semilla: 1788097505
Segundos: 94
NIteraciones: 100000

Costo_train: 0.247128
Precision_train: 0.545356
Recall_train: 0.625775
F1_train: 0.582804

Costo_test: 0.249924
Precision_test: 0.483740
Recall_test: 0.643243
F1_test: 0.552204
 

Arquitectura: _2_3_3_1_
Semilla: 1788097505
Segundos: 94
NIteraciones: 100000

Costo_train: 0.248027
Precision_train: 0.534483
Recall_train: 0.614622
F1_train: 0.571758

Costo_test: 0.249989
Precision_test: 0.476793
Recall_test: 0.610811
F1_test: 0.535545
 

Arquitectura: _2_3_3_1_
Semilla: 1788097505
Segundos: 94
NIteraciones: 100000

Costo_train: 0.247659
Precision_train: 0.542413
Recall_train: 0.562577
F1_train: 0.552311

Costo_test: 0.247831
Precision_test: 0.527778
Recall_test: 0.616216
F1_test: 0.568579
 

Arquitectura: _2_3_3_1_
Semilla: 1788097505
Segundos: 94
NIteraciones: 100000

Costo_train: 0.248296
Precision_train: 0.538636
Recall_train: 0.587361
F1_train: 0.561944

Costo_test: 0.248864
Precision_test: 0.495455
Recall_test: 0.589189
F1_test: 0.538272
 

Arquitectura: _2_3_3_1_
Semilla: 1788097505
Segundos: 94
NIteraciones: 100000

Costo_train: 0.248263
Precision_train: 0.532146
Recall_train: 0.666667
F1_train: 0.591859

Costo_test: 0.249336
Precision_test: 0.470817
Recall_test: 0.654054
F1_test: 0.547511
 

Arquitectura: _2_3_3_1_
Semilla: 1788097505
Segundos: 94
NIteraciones: 100000

Costo_train: 0.247482
Precision_train: 0.551122
Recall_train: 0.547708
F1_train: 0.549410

Costo_test: 0.248351
Precision_test: 0.507246
Recall_test: 0.567568
F1_test: 0.535714
 

Arquitectura: _2_3_3_1_
Semilla: 1788097505
Segundos: 94
NIteraciones: 100000

Costo_train: 0.246959
Precision_train: 0.539735
Recall_train: 0.605948
F1_train: 0.570928

Costo_test: 0.249446
Precision_test: 0.497890
Recall_test: 0.637838
F1_test: 0.559242
 

Arquitectura: _2_3_3_1_
Semilla: 1788097505
Segundos: 94
NIteraciones: 100000

Costo_train: 0.248348
Precision_train: 0.532990
Recall_train: 0.640644
F1_train: 0.581880

Costo_test: 0.249185
Precision_test: 0.474308
Recall_test: 0.648649
F1_test: 0.547945
 

Arquitectura: _2_3_3_1_
Semilla: 1788097505
Segundos: 94
NIteraciones: 100000

Costo_train: 0.248484
Precision_train: 0.524809
Recall_train: 0.681537
F1_train: 0.592992

Costo_test: 0.249208
Precision_test: 0.482890
Recall_test: 0.686486
F1_test: 0.566964
 

Arquitectura: _2_3_3_1_
Semilla: 1788097505
Segundos: 94
NIteraciones: 100000

Costo_train: 0.248276
Precision_train: 0.540000
Recall_train: 0.535316
F1_train: 0.537648

Costo_test: 0.248803
Precision_test: 0.517588
Recall_test: 0.556757
F1_test: 0.536458
 

Arquitectura: _2_3_3_1_
Semilla: 1788097505
Segundos: 94
NIteraciones: 100000

Costo_train: 0.248645
Precision_train: 0.524590
Recall_train: 0.674102
F1_train: 0.590022

Costo_test: 0.249171
Precision_test: 0.476923
Recall_test: 0.670270
F1_test: 0.557303
 

Arquitectura: _2_3_3_1_
Semilla: 1788097505
Segundos: 94
NIteraciones: 100000

Costo_train: 0.246923
Precision_train: 0.539278
Recall_train: 0.629492
F1_train: 0.580903

Costo_test: 0.249736
Precision_test: 0.485597
Recall_test: 0.637838
F1_test: 0.551402
 

Arquitectura: _2_3_3_1_
Semilla: 1788097505
Segundos: 94
NIteraciones: 100000

Costo_train: 0.248207
Precision_train: 0.553846
Recall_train: 0.535316
F1_train: 0.544423

Costo_test: 0.248472
Precision_test: 0.515306
Recall_test: 0.545946
F1_test: 0.530184
 

Arquitectura: _2_3_3_1_
Semilla: 1788097505
Segundos: 94
NIteraciones: 100000

Costo_train: 0.248169
Precision_train: 0.536854
Recall_train: 0.604709
F1_train: 0.568765

Costo_test: 0.249204
Precision_test: 0.478070
Recall_test: 0.589189
F1_test: 0.527845
 

Arquitectura: _2_3_3_1_
Semilla: 1788097505
Segundos: 94
NIteraciones: 100000

Costo_train: 0.247925
Precision_train: 0.545238
Recall_train: 0.567534
F1_train: 0.556163

Costo_test: 0.248768
Precision_test: 0.504717
Recall_test: 0.578378
F1_test: 0.539043
 

Arquitectura: _2_3_3_1_
Semilla: 1788097505
Segundos: 94
NIteraciones: 100000

Costo_train: 0.247963
Precision_train: 0.545355
Recall_train: 0.618340
F1_train: 0.579559

Costo_test: 0.249598
Precision_test: 0.474576
Recall_test: 0.605405
F1_test: 0.532066
 

Arquitectura: _2_3_3_1_
Semilla: 1788097505
Segundos: 94
NIteraciones: 100000

Costo_train: 0.247508
Precision_train: 0.550708
Recall_train: 0.578686
F1_train: 0.564350

Costo_test: 0.247617
Precision_test: 0.511521
Recall_test: 0.600000
F1_test: 0.552239
 

Arquitectura: _2_3_3_1_
Semilla: 1788097505
Segundos: 94
NIteraciones: 100000

Costo_train: 0.247964
Precision_train: 0.549210
Recall_train: 0.560099
F1_train: 0.554601

Costo_test: 0.248461
Precision_test: 0.507246
Recall_test: 0.567568
F1_test: 0.535714
 

Arquitectura: _2_3_3_1_
Semilla: 1788097505
Segundos: 94
NIteraciones: 100000

Costo_train: 0.246982
Precision_train: 0.543039
Recall_train: 0.633209
F1_train: 0.584668

Costo_test: 0.250015
Precision_test: 0.483740
Recall_test: 0.643243
F1_test: 0.552204
 

Arquitectura: _2_3_3_1_
Semilla: 1788097505
Segundos: 94
NIteraciones: 100000

Costo_train: 0.247633
Precision_train: 0.543103
Recall_train: 0.546468
F1_train: 0.544781

Costo_test: 0.248040
Precision_test: 0.521327
Recall_test: 0.594595
F1_test: 0.555556
 

Arquitectura: _2_3_3_1_
Semilla: 1788097505
Segundos: 94
NIteraciones: 100000

Costo_train: 0.247910
Precision_train: 0.553350
Recall_train: 0.552664
F1_train: 0.553007

Costo_test: 0.248251
Precision_test: 0.509901
Recall_test: 0.556757
F1_test: 0.532300
 

Arquitectura: _2_3_3_1_
Semilla: 1788097505
Segundos: 94
NIteraciones: 100000

Costo_train: 0.247700
Precision_train: 0.550898
Recall_train: 0.570012
F1_train: 0.560292

Costo_test: 0.248231
Precision_test: 0.516588
Recall_test: 0.589189
F1_test: 0.550505
 

Arquitectura: _2_3_3_1_
Semilla: 1788097505
Segundos: 94
NIteraciones: 100000

Costo_train: 0.248050
Precision_train: 0.549091
Recall_train: 0.561338
F1_train: 0.555147

Costo_test: 0.248504
Precision_test: 0.504762
Recall_test: 0.572973
F1_test: 0.536709
 

Arquitectura: _2_3_3_1_
Semilla: 1788097505
Segundos: 94
NIteraciones: 100000

Costo_train: 0.247009
Precision_train: 0.546473
Recall_train: 0.604709
F1_train: 0.574118

Costo_test: 0.249473
Precision_test: 0.497890
Recall_test: 0.637838
F1_test: 0.559242
 


--- Test Angosta 3.0 ---
Iteración 10000
Costo: 0.248248
Iteración 20000
Costo: 0.247399
Iteración 30000
Costo: 0.246871
Iteración 40000
Costo: 0.246652
Iteración 50000
Costo: 0.246341
Iteración 60000
Costo: 0.246042
Iteración 70000
Costo: 0.245832
Iteración 80000
Costo: 0.245697
Iteración 90000
Costo: 0.245601

Arquitectura: _2_9_1_
Semilla: 1788097599
Segundos: 52
NIteraciones: 100000

Costo_train: 0.245520
Precision_train: 0.555682
Recall_train: 0.605948
F1_train: 0.579727

Costo_test: 0.252335
Precision_test: 0.473214
Recall_test: 0.572973
F1_test: 0.518337
 

Arquitectura: _2_9_1_
Semilla: 1788097599
Segundos: 52
NIteraciones: 100000

Costo_train: 0.245679
Precision_train: 0.563677
Recall_train: 0.630731
F1_train: 0.595322

Costo_test: 0.251447
Precision_test: 0.480687
Recall_test: 0.605405
F1_test: 0.535885
 

Arquitectura: _2_9_1_
Semilla: 1788097599
Segundos: 52
NIteraciones: 100000

Costo_train: 0.245423
Precision_train: 0.552095
Recall_train: 0.636927
F1_train: 0.591484

Costo_test: 0.252095
Precision_test: 0.481328
Recall_test: 0.627027
F1_test: 0.544601
 

Arquitectura: _2_9_1_
Semilla: 1788097599
Segundos: 52
NIteraciones: 100000

Costo_train: 0.245271
Precision_train: 0.555904
Recall_train: 0.659232
F1_train: 0.603175

Costo_test: 0.252452
Precision_test: 0.475610
Recall_test: 0.632432
F1_test: 0.542923
 

Arquitectura: _2_9_1_
Semilla: 1788097599
Segundos: 52
NIteraciones: 100000

Costo_train: 0.245451
Precision_train: 0.566292
Recall_train: 0.624535
F1_train: 0.593989

Costo_test: 0.251893
Precision_test: 0.470085
Recall_test: 0.594595
F1_test: 0.525060
 

Arquitectura: _2_9_1_
Semilla: 1788097599
Segundos: 52
NIteraciones: 100000

Costo_train: 0.245211
Precision_train: 0.557203
Recall_train: 0.651797
F1_train: 0.600800

Costo_test: 0.252640
Precision_test: 0.471545
Recall_test: 0.627027
F1_test: 0.538283
 

Arquitectura: _2_9_1_
Semilla: 1788097599
Segundos: 52
NIteraciones: 100000

Costo_train: 0.245465
Precision_train: 0.566519
Recall_train: 0.633209
F1_train: 0.598011

Costo_test: 0.251625
Precision_test: 0.464435
Recall_test: 0.600000
F1_test: 0.523585
 

Arquitectura: _2_9_1_
Semilla: 1788097599
Segundos: 52
NIteraciones: 100000

Costo_train: 0.245439
Precision_train: 0.560897
Recall_train: 0.650558
F1_train: 0.602410

Costo_test: 0.251702
Precision_test: 0.471311
Recall_test: 0.621622
F1_test: 0.536131
 

Arquitectura: _2_9_1_
Semilla: 1788097599
Segundos: 52
NIteraciones: 100000

Costo_train: 0.245853
Precision_train: 0.547750
Recall_train: 0.618340
F1_train: 0.580908

Costo_test: 0.251247
Precision_test: 0.487603
Recall_test: 0.637838
F1_test: 0.552693
 

Arquitectura: _2_9_1_
Semilla: 1788097599
Segundos: 52
NIteraciones: 100000

Costo_train: 0.245339
Precision_train: 0.558919
Recall_train: 0.640644
F1_train: 0.596998

Costo_test: 0.252213
Precision_test: 0.466942
Recall_test: 0.610811
F1_test: 0.529274
 

Arquitectura: _2_9_1_
Semilla: 1788097599
Segundos: 52
NIteraciones: 100000

Costo_train: 0.245453
Precision_train: 0.552128
Recall_train: 0.643123
F1_train: 0.594161

Costo_test: 0.251949
Precision_test: 0.477178
Recall_test: 0.621622
F1_test: 0.539906
 

Arquitectura: _2_9_1_
Semilla: 1788097599
Segundos: 52
NIteraciones: 100000

Costo_train: 0.245560
Precision_train: 0.552632
Recall_train: 0.650558
F1_train: 0.597610

Costo_test: 0.251605
Precision_test: 0.469636
Recall_test: 0.627027
F1_test: 0.537037
 

Arquitectura: _2_9_1_
Semilla: 1788097599
Segundos: 52
NIteraciones: 100000

Costo_train: 0.245539
Precision_train: 0.557692
Recall_train: 0.646840
F1_train: 0.598967

Costo_test: 0.251013
Precision_test: 0.467742
Recall_test: 0.627027
F1_test: 0.535797
 

Arquitectura: _2_9_1_
Semilla: 1788097599
Segundos: 52
NIteraciones: 100000

Costo_train: 0.245436
Precision_train: 0.561659
Recall_train: 0.620818
F1_train: 0.589759

Costo_test: 0.251411
Precision_test: 0.476596
Recall_test: 0.605405
F1_test: 0.533333
 

Arquitectura: _2_9_1_
Semilla: 1788097599
Segundos: 52
NIteraciones: 100000

Costo_train: 0.245454
Precision_train: 0.556461
Recall_train: 0.592317
F1_train: 0.573829

Costo_test: 0.252579
Precision_test: 0.473684
Recall_test: 0.583784
F1_test: 0.523002
 

Arquitectura: _2_9_1_
Semilla: 1788097599
Segundos: 52
NIteraciones: 100000

Costo_train: 0.245460
Precision_train: 0.562567
Recall_train: 0.651797
F1_train: 0.603904

Costo_test: 0.251346
Precision_test: 0.461224
Recall_test: 0.610811
F1_test: 0.525581
 

Arquitectura: _2_9_1_
Semilla: 1788097599
Segundos: 52
NIteraciones: 100000

Costo_train: 0.245530
Precision_train: 0.555184
Recall_train: 0.617100
F1_train: 0.584507

Costo_test: 0.252279
Precision_test: 0.476395
Recall_test: 0.600000
F1_test: 0.531101
 

Arquitectura: _2_9_1_
Semilla: 1788097599
Segundos: 52
NIteraciones: 100000

Costo_train: 0.245380
Precision_train: 0.559863
Recall_train: 0.608426
F1_train: 0.583135

Costo_test: 0.251606
Precision_test: 0.476190
Recall_test: 0.594595
F1_test: 0.528846
 

Arquitectura: _2_9_1_
Semilla: 1788097599
Segundos: 52
NIteraciones: 100000

Costo_train: 0.245633
Precision_train: 0.552941
Recall_train: 0.640644
F1_train: 0.593571

Costo_test: 0.251679
Precision_test: 0.476987
Recall_test: 0.616216
F1_test: 0.537736
 

Arquitectura: _2_9_1_
Semilla: 1788097599
Segundos: 52
NIteraciones: 100000

Costo_train: 0.245698
Precision_train: 0.552836
Recall_train: 0.615861
F1_train: 0.582649

Costo_test: 0.250984
Precision_test: 0.472574
Recall_test: 0.605405
F1_test: 0.530806
 

Arquitectura: _2_9_1_
Semilla: 1788097599
Segundos: 52
NIteraciones: 100000

Costo_train: 0.246190
Precision_train: 0.551163
Recall_train: 0.587361
F1_train: 0.568686

Costo_test: 0.251289
Precision_test: 0.486607
Recall_test: 0.589189
F1_test: 0.533007
 

Arquitectura: _2_9_1_
Semilla: 1788097599
Segundos: 52
NIteraciones: 100000

Costo_train: 0.245538
Precision_train: 0.560046
Recall_train: 0.600991
F1_train: 0.579797

Costo_test: 0.251482
Precision_test: 0.483051
Recall_test: 0.616216
F1_test: 0.541568
 

Arquitectura: _2_9_1_
Semilla: 1788097599
Segundos: 52
NIteraciones: 100000

Costo_train: 0.245756
Precision_train: 0.551687
Recall_train: 0.628253
F1_train: 0.587485

Costo_test: 0.251404
Precision_test: 0.474576
Recall_test: 0.605405
F1_test: 0.532066
 

Arquitectura: _2_9_1_
Semilla: 1788097599
Segundos: 52
NIteraciones: 100000

Costo_train: 0.245460
Precision_train: 0.564984
Recall_train: 0.651797
F1_train: 0.605293

Costo_test: 0.251318
Precision_test: 0.466942
Recall_test: 0.610811
F1_test: 0.529274
 

Arquitectura: _2_9_1_
Semilla: 1788097599
Segundos: 52
NIteraciones: 100000

Costo_train: 0.245456
Precision_train: 0.553038
Recall_train: 0.665428
F1_train: 0.604050

Costo_test: 0.251742
Precision_test: 0.468254
Recall_test: 0.637838
F1_test: 0.540046
 

Arquitectura: _2_9_1_
Semilla: 1788097599
Segundos: 52
NIteraciones: 100000

Costo_train: 0.245439
Precision_train: 0.565891
Recall_train: 0.633209
F1_train: 0.597661

Costo_test: 0.251758
Precision_test: 0.467811
Recall_test: 0.589189
F1_test: 0.521531
 

Arquitectura: _2_9_1_
Semilla: 1788097599
Segundos: 52
NIteraciones: 100000

Costo_train: 0.245407
Precision_train: 0.557465
Recall_train: 0.643123
F1_train: 0.597238

Costo_test: 0.251343
Precision_test: 0.459677
Recall_test: 0.616216
F1_test: 0.526559
 

Arquitectura: _2_9_1_
Semilla: 1788097599
Segundos: 52
NIteraciones: 100000

Costo_train: 0.245612
Precision_train: 0.559471
Recall_train: 0.629492
F1_train: 0.592420

Costo_test: 0.251144
Precision_test: 0.474359
Recall_test: 0.600000
F1_test: 0.529833
 

Arquitectura: _2_9_1_
Semilla: 1788097599
Segundos: 52
NIteraciones: 100000

Costo_train: 0.245259
Precision_train: 0.560307
Recall_train: 0.633209
F1_train: 0.594532

Costo_test: 0.252556
Precision_test: 0.476596
Recall_test: 0.605405
F1_test: 0.533333
 

Arquitectura: _2_9_1_
Semilla: 1788097599
Segundos: 52
NIteraciones: 100000

Costo_train: 0.246304
Precision_train: 0.548565
Recall_train: 0.615861
F1_train: 0.580269

Costo_test: 0.249812
Precision_test: 0.474790
Recall_test: 0.610811
F1_test: 0.534279
 

Arquitectura: _2_9_1_
Semilla: 1788097599
Segundos: 52
NIteraciones: 100000

Costo_train: 0.245496
Precision_train: 0.565789
Recall_train: 0.639405
F1_train: 0.600349

Costo_test: 0.251566
Precision_test: 0.464435
Recall_test: 0.600000
F1_test: 0.523585
 

Arquitectura: _2_9_1_
Semilla: 1788097599
Segundos: 52
NIteraciones: 100000

Costo_train: 0.245409
Precision_train: 0.560589
Recall_train: 0.613383
F1_train: 0.585799

Costo_test: 0.252424
Precision_test: 0.471616
Recall_test: 0.583784
F1_test: 0.521739
 

Arquitectura: _2_9_1_
Semilla: 1788097599
Segundos: 52
NIteraciones: 100000

Costo_train: 0.245625
Precision_train: 0.563396
Recall_train: 0.633209
F1_train: 0.596266

Costo_test: 0.251265
Precision_test: 0.470085
Recall_test: 0.594595
F1_test: 0.525060
 

Arquitectura: _2_9_1_
Semilla: 1788097599
Segundos: 52
NIteraciones: 100000

Costo_train: 0.245670
Precision_train: 0.555440
Recall_train: 0.664188
F1_train: 0.604966

Costo_test: 0.250895
Precision_test: 0.472000
Recall_test: 0.637838
F1_test: 0.542529
 

Arquitectura: _2_9_1_
Semilla: 1788097599
Segundos: 52
NIteraciones: 100000

Costo_train: 0.245627
Precision_train: 0.550978
Recall_train: 0.662949
F1_train: 0.601800

Costo_test: 0.251298
Precision_test: 0.470356
Recall_test: 0.643243
F1_test: 0.543379
 

Arquitectura: _2_9_1_
Semilla: 1788097599
Segundos: 52
NIteraciones: 100000

Costo_train: 0.245337
Precision_train: 0.555676
Recall_train: 0.636927
F1_train: 0.593533

Costo_test: 0.251902
Precision_test: 0.468619
Recall_test: 0.605405
F1_test: 0.528302
 

Arquitectura: _2_9_1_
Semilla: 1788097599
Segundos: 52
NIteraciones: 100000

Costo_train: 0.246385
Precision_train: 0.548634
Recall_train: 0.622057
F1_train: 0.583043

Costo_test: 0.250180
Precision_test: 0.495935
Recall_test: 0.659459
F1_test: 0.566125
 

Arquitectura: _2_9_1_
Semilla: 1788097599
Segundos: 52
NIteraciones: 100000

Costo_train: 0.245455
Precision_train: 0.549370
Recall_train: 0.648079
F1_train: 0.594656

Costo_test: 0.251583
Precision_test: 0.473896
Recall_test: 0.637838
F1_test: 0.543779
 

Arquitectura: _2_9_1_
Semilla: 1788097599
Segundos: 52
NIteraciones: 100000

Costo_train: 0.245112
Precision_train: 0.557112
Recall_train: 0.640644
F1_train: 0.595965

Costo_test: 0.252853
Precision_test: 0.470339
Recall_test: 0.600000
F1_test: 0.527316
 

Arquitectura: _2_9_1_
Semilla: 1788097599
Segundos: 52
NIteraciones: 100000

Costo_train: 0.245565
Precision_train: 0.546371
Recall_train: 0.671623
F1_train: 0.602557

Costo_test: 0.252091
Precision_test: 0.480469
Recall_test: 0.664865
F1_test: 0.557823
 

Arquitectura: _2_9_1_
Semilla: 1788097599
Segundos: 52
NIteraciones: 100000

Costo_train: 0.245915
Precision_train: 0.550282
Recall_train: 0.603470
F1_train: 0.575650

Costo_test: 0.251278
Precision_test: 0.478814
Recall_test: 0.610811
F1_test: 0.536817
 

Arquitectura: _2_9_1_
Semilla: 1788097599
Segundos: 52
NIteraciones: 100000

Costo_train: 0.246522
Precision_train: 0.548643
Recall_train: 0.600991
F1_train: 0.573625

Costo_test: 0.249640
Precision_test: 0.491228
Recall_test: 0.605405
F1_test: 0.542373
 

Arquitectura: _2_9_1_
Semilla: 1788097599
Segundos: 52
NIteraciones: 100000

Costo_train: 0.245637
Precision_train: 0.557175
Recall_train: 0.615861
F1_train: 0.585050

Costo_test: 0.251412
Precision_test: 0.480851
Recall_test: 0.610811
F1_test: 0.538095
 

Arquitectura: _2_9_1_
Semilla: 1788097599
Segundos: 52
NIteraciones: 100000

Costo_train: 0.245264
Precision_train: 0.559956
Recall_train: 0.630731
F1_train: 0.593240

Costo_test: 0.252289
Precision_test: 0.470339
Recall_test: 0.600000
F1_test: 0.527316
 

Arquitectura: _2_9_1_
Semilla: 1788097599
Segundos: 52
NIteraciones: 100000

Costo_train: 0.245197
Precision_train: 0.563246
Recall_train: 0.584882
F1_train: 0.573860

Costo_test: 0.252515
Precision_test: 0.480176
Recall_test: 0.589189
F1_test: 0.529126
 

Arquitectura: _2_9_1_
Semilla: 1788097599
Segundos: 52
NIteraciones: 100000

Costo_train: 0.245300
Precision_train: 0.562156
Recall_train: 0.633209
F1_train: 0.595571

Costo_test: 0.252168
Precision_test: 0.470339
Recall_test: 0.600000
F1_test: 0.527316
 

Arquitectura: _2_9_1_
Semilla: 1788097599
Segundos: 52
NIteraciones: 100000

Costo_train: 0.245800
Precision_train: 0.551116
Recall_train: 0.581165
F1_train: 0.565742

Costo_test: 0.251492
Precision_test: 0.486957
Recall_test: 0.605405
F1_test: 0.539759
 

Arquitectura: _2_9_1_
Semilla: 1788097599
Segundos: 52
NIteraciones: 100000

Costo_train: 0.245500
Precision_train: 0.558548
Recall_train: 0.591078
F1_train: 0.574353

Costo_test: 0.252453
Precision_test: 0.480000
Recall_test: 0.583784
F1_test: 0.526829
 

Arquitectura: _2_9_1_
Semilla: 1788097599
Segundos: 52
NIteraciones: 100000

Costo_train: 0.245442
Precision_train: 0.559910
Recall_train: 0.619579
F1_train: 0.588235

Costo_test: 0.252766
Precision_test: 0.465812
Recall_test: 0.589189
F1_test: 0.520286
 

Arquitectura: _2_9_1_
Semilla: 1788097599
Segundos: 52
NIteraciones: 100000

Costo_train: 0.245233
Precision_train: 0.557917
Recall_train: 0.650558
F1_train: 0.600686

Costo_test: 0.252472
Precision_test: 0.471311
Recall_test: 0.621622
F1_test: 0.536131
 

Arquitectura: _2_9_1_
Semilla: 1788097599
Segundos: 52
NIteraciones: 100000

Costo_train: 0.245746
Precision_train: 0.551762
Recall_train: 0.620818
F1_train: 0.584257

Costo_test: 0.251563
Precision_test: 0.487288
Recall_test: 0.621622
F1_test: 0.546318
 

Arquitectura: _2_9_1_
Semilla: 1788097599
Segundos: 52
NIteraciones: 100000

Costo_train: 0.245684
Precision_train: 0.560606
Recall_train: 0.641883
F1_train: 0.598498

Costo_test: 0.251153
Precision_test: 0.469136
Recall_test: 0.616216
F1_test: 0.532710
 

Arquitectura: _2_9_1_
Semilla: 1788097599
Segundos: 52
NIteraciones: 100000

Costo_train: 0.245454
Precision_train: 0.564732
Recall_train: 0.627014
F1_train: 0.594245

Costo_test: 0.251745
Precision_test: 0.472340
Recall_test: 0.600000
F1_test: 0.528571
 

Arquitectura: _2_9_1_
Semilla: 1788097599
Segundos: 52
NIteraciones: 100000

Costo_train: 0.245554
Precision_train: 0.558691
Recall_train: 0.613383
F1_train: 0.584761

Costo_test: 0.251004
Precision_test: 0.478992
Recall_test: 0.616216
F1_test: 0.539007
 

Arquitectura: _2_9_1_
Semilla: 1788097599
Segundos: 52
NIteraciones: 100000

Costo_train: 0.245625
Precision_train: 0.552463
Recall_train: 0.639405
F1_train: 0.592763

Costo_test: 0.251551
Precision_test: 0.479167
Recall_test: 0.621622
F1_test: 0.541176
 

Arquitectura: _2_9_1_
Semilla: 1788097599
Segundos: 52
NIteraciones: 100000

Costo_train: 0.245749
Precision_train: 0.550489
Recall_train: 0.628253
F1_train: 0.586806

Costo_test: 0.251651
Precision_test: 0.468354
Recall_test: 0.600000
F1_test: 0.526066
 

Arquitectura: _2_9_1_
Semilla: 1788097599
Segundos: 52
NIteraciones: 100000

Costo_train: 0.245492
Precision_train: 0.565601
Recall_train: 0.635688
F1_train: 0.598600

Costo_test: 0.251604
Precision_test: 0.466387
Recall_test: 0.600000
F1_test: 0.524823
 

Arquitectura: _2_9_1_
Semilla: 1788097599
Segundos: 52
NIteraciones: 100000

Costo_train: 0.245573
Precision_train: 0.552095
Recall_train: 0.636927
F1_train: 0.591484

Costo_test: 0.251782
Precision_test: 0.481013
Recall_test: 0.616216
F1_test: 0.540284
 

Arquitectura: _2_9_1_
Semilla: 1788097599
Segundos: 52
NIteraciones: 100000

Costo_train: 0.245590
Precision_train: 0.546991
Recall_train: 0.641883
F1_train: 0.590650

Costo_test: 0.251538
Precision_test: 0.473469
Recall_test: 0.627027
F1_test: 0.539535
 

Arquitectura: _2_9_1_
Semilla: 1788097599
Segundos: 52
NIteraciones: 100000

Costo_train: 0.245511
Precision_train: 0.558386
Recall_train: 0.651797
F1_train: 0.601487

Costo_test: 0.251105
Precision_test: 0.463415
Recall_test: 0.616216
F1_test: 0.529002
 

Arquitectura: _2_9_1_
Semilla: 1788097599
Segundos: 52
NIteraciones: 100000

Costo_train: 0.245532
Precision_train: 0.557143
Recall_train: 0.579926
F1_train: 0.568306

Costo_test: 0.251330
Precision_test: 0.486842
Recall_test: 0.600000
F1_test: 0.537530
 

Arquitectura: _2_9_1_
Semilla: 1788097599
Segundos: 52
NIteraciones: 100000

Costo_train: 0.245565
Precision_train: 0.554113
Recall_train: 0.634449
F1_train: 0.591566

Costo_test: 0.251288
Precision_test: 0.465587
Recall_test: 0.621622
F1_test: 0.532407
 

Arquitectura: _2_9_1_
Semilla: 1788097599
Segundos: 52
NIteraciones: 100000

Costo_train: 0.245498
Precision_train: 0.563510
Recall_train: 0.604709
F1_train: 0.583383

Costo_test: 0.251237
Precision_test: 0.475983
Recall_test: 0.589189
F1_test: 0.526570
 

Arquitectura: _2_9_1_
Semilla: 1788097599
Segundos: 52
NIteraciones: 100000

Costo_train: 0.245270
Precision_train: 0.564551
Recall_train: 0.639405
F1_train: 0.599651

Costo_test: 0.252296
Precision_test: 0.476793
Recall_test: 0.610811
F1_test: 0.535545
 

Arquitectura: _2_9_1_
Semilla: 1788097599
Segundos: 52
NIteraciones: 100000

Costo_train: 0.245281
Precision_train: 0.557188
Recall_train: 0.657993
F1_train: 0.603409

Costo_test: 0.252390
Precision_test: 0.473469
Recall_test: 0.627027
F1_test: 0.539535
 

Arquitectura: _2_9_1_
Semilla: 1788097599
Segundos: 52
NIteraciones: 100000

Costo_train: 0.245357
Precision_train: 0.554466
Recall_train: 0.630731
F1_train: 0.590145

Costo_test: 0.251569
Precision_test: 0.459016
Recall_test: 0.605405
F1_test: 0.522144
 

Arquitectura: _2_9_1_
Semilla: 1788097599
Segundos: 52
NIteraciones: 100000

Costo_train: 0.245636
Precision_train: 0.553355
Recall_train: 0.623296
F1_train: 0.586247

Costo_test: 0.251948
Precision_test: 0.481013
Recall_test: 0.616216
F1_test: 0.540284
 

Arquitectura: _2_9_1_
Semilla: 1788097599
Segundos: 52
NIteraciones: 100000

Costo_train: 0.245277
Precision_train: 0.564792
Recall_train: 0.572491
F1_train: 0.568615

Costo_test: 0.251962
Precision_test: 0.484582
Recall_test: 0.594595
F1_test: 0.533981
 

Arquitectura: _2_9_1_
Semilla: 1788097599
Segundos: 52
NIteraciones: 100000

Costo_train: 0.245736
Precision_train: 0.552141
Recall_train: 0.623296
F1_train: 0.585565

Costo_test: 0.251646
Precision_test: 0.485106
Recall_test: 0.616216
F1_test: 0.542857
 

Arquitectura: _2_9_1_
Semilla: 1788097599
Segundos: 52
NIteraciones: 100000

Costo_train: 0.244937
Precision_train: 0.561125
Recall_train: 0.568773
F1_train: 0.564923

Costo_test: 0.253249
Precision_test: 0.477679
Recall_test: 0.578378
F1_test: 0.523227
 

Arquitectura: _2_9_1_
Semilla: 1788097599
Segundos: 52
NIteraciones: 100000

Costo_train: 0.245563
Precision_train: 0.550214
Recall_train: 0.638166
F1_train: 0.590935

Costo_test: 0.251343
Precision_test: 0.467742
Recall_test: 0.627027
F1_test: 0.535797
 

Arquitectura: _2_9_1_
Semilla: 1788097599
Segundos: 52
NIteraciones: 100000

Costo_train: 0.245428
Precision_train: 0.552880
Recall_train: 0.654275
F1_train: 0.599319

Costo_test: 0.252095
Precision_test: 0.479675
Recall_test: 0.637838
F1_test: 0.547564
 

Arquitectura: _2_9_1_
Semilla: 1788097599
Segundos: 52
NIteraciones: 100000

Costo_train: 0.245468
Precision_train: 0.554517
Recall_train: 0.661710
F1_train: 0.603390

Costo_test: 0.251522
Precision_test: 0.474104
Recall_test: 0.643243
F1_test: 0.545872
 

Arquitectura: _2_9_1_
Semilla: 1788097599
Segundos: 52
NIteraciones: 100000

Costo_train: 0.245525
Precision_train: 0.554974
Recall_train: 0.656753
F1_train: 0.601589

Costo_test: 0.251431
Precision_test: 0.463710
Recall_test: 0.621622
F1_test: 0.531178
 

Arquitectura: _2_9_1_
Semilla: 1788097599
Segundos: 52
NIteraciones: 100000

Costo_train: 0.245669
Precision_train: 0.551323
Recall_train: 0.645601
F1_train: 0.594749

Costo_test: 0.251585
Precision_test: 0.477366
Recall_test: 0.627027
F1_test: 0.542056
 

Arquitectura: _2_9_1_
Semilla: 1788097599
Segundos: 52
NIteraciones: 100000

Costo_train: 0.245687
Precision_train: 0.555925
Recall_train: 0.622057
F1_train: 0.587135

Costo_test: 0.251391
Precision_test: 0.478814
Recall_test: 0.610811
F1_test: 0.536817
 

Arquitectura: _2_9_1_
Semilla: 1788097599
Segundos: 52
NIteraciones: 100000

Costo_train: 0.245600
Precision_train: 0.563960
Recall_train: 0.628253
F1_train: 0.594373

Costo_test: 0.251660
Precision_test: 0.466102
Recall_test: 0.594595
F1_test: 0.522565
 

Arquitectura: _2_9_1_
Semilla: 1788097599
Segundos: 52
NIteraciones: 100000

Costo_train: 0.245271
Precision_train: 0.559783
Recall_train: 0.638166
F1_train: 0.596410

Costo_test: 0.252518
Precision_test: 0.478814
Recall_test: 0.610811
F1_test: 0.536817
 

Arquitectura: _2_9_1_
Semilla: 1788097599
Segundos: 52
NIteraciones: 100000

Costo_train: 0.245676
Precision_train: 0.552880
Recall_train: 0.654275
F1_train: 0.599319

Costo_test: 0.251253
Precision_test: 0.468254
Recall_test: 0.637838
F1_test: 0.540046
 

Arquitectura: _2_9_1_
Semilla: 1788097599
Segundos: 52
NIteraciones: 100000

Costo_train: 0.245873
Precision_train: 0.554513
Recall_train: 0.586121
F1_train: 0.569880

Costo_test: 0.252180
Precision_test: 0.479821
Recall_test: 0.578378
F1_test: 0.524510
 

Arquitectura: _2_9_1_
Semilla: 1788097599
Segundos: 52
NIteraciones: 100000

Costo_train: 0.245428
Precision_train: 0.561086
Recall_train: 0.614622
F1_train: 0.586635

Costo_test: 0.252277
Precision_test: 0.473913
Recall_test: 0.589189
F1_test: 0.525301
 

Arquitectura: _2_9_1_
Semilla: 1788097599
Segundos: 52
NIteraciones: 100000

Costo_train: 0.245608
Precision_train: 0.557713
Recall_train: 0.640644
F1_train: 0.596309

Costo_test: 0.251253
Precision_test: 0.468880
Recall_test: 0.610811
F1_test: 0.530516
 

Arquitectura: _2_9_1_
Semilla: 1788097599
Segundos: 52
NIteraciones: 100000

Costo_train: 0.245638
Precision_train: 0.558696
Recall_train: 0.636927
F1_train: 0.595252

Costo_test: 0.251401
Precision_test: 0.462810
Recall_test: 0.605405
F1_test: 0.524590
 

Arquitectura: _2_9_1_
Semilla: 1788097599
Segundos: 52
NIteraciones: 100000

Costo_train: 0.245443
Precision_train: 0.565556
Recall_train: 0.630731
F1_train: 0.596368

Costo_test: 0.251873
Precision_test: 0.462185
Recall_test: 0.594595
F1_test: 0.520095
 

Arquitectura: _2_9_1_
Semilla: 1788097599
Segundos: 52
NIteraciones: 100000

Costo_train: 0.246347
Precision_train: 0.549342
Recall_train: 0.620818
F1_train: 0.582897

Costo_test: 0.250465
Precision_test: 0.497942
Recall_test: 0.654054
F1_test: 0.565421
 

Arquitectura: _2_9_1_
Semilla: 1788097599
Segundos: 52
NIteraciones: 100000

Costo_train: 0.245586
Precision_train: 0.557032
Recall_train: 0.623296
F1_train: 0.588304

Costo_test: 0.251716
Precision_test: 0.474359
Recall_test: 0.600000
F1_test: 0.529833
 

Arquitectura: _2_9_1_
Semilla: 1788097599
Segundos: 52
NIteraciones: 100000

Costo_train: 0.245280
Precision_train: 0.551214
Recall_train: 0.646840
F1_train: 0.595211

Costo_test: 0.252461
Precision_test: 0.469388
Recall_test: 0.621622
F1_test: 0.534884
 

Arquitectura: _2_9_1_
Semilla: 1788097599
Segundos: 52
NIteraciones: 100000

Costo_train: 0.245632
Precision_train: 0.554974
Recall_train: 0.656753
F1_train: 0.601589

Costo_test: 0.251028
Precision_test: 0.469880
Recall_test: 0.632432
F1_test: 0.539171
 

Arquitectura: _2_9_1_
Semilla: 1788097599
Segundos: 52
NIteraciones: 100000

Costo_train: 0.245307
Precision_train: 0.558065
Recall_train: 0.643123
F1_train: 0.597582

Costo_test: 0.251964
Precision_test: 0.464730
Recall_test: 0.605405
F1_test: 0.525822
 

Arquitectura: _2_9_1_
Semilla: 1788097599
Segundos: 52
NIteraciones: 100000

Costo_train: 0.245639
Precision_train: 0.559267
Recall_train: 0.643123
F1_train: 0.598271

Costo_test: 0.251239
Precision_test: 0.465021
Recall_test: 0.610811
F1_test: 0.528037
 

Arquitectura: _2_9_1_
Semilla: 1788097599
Segundos: 52
NIteraciones: 100000

Costo_train: 0.245601
Precision_train: 0.553409
Recall_train: 0.603470
F1_train: 0.577356

Costo_test: 0.252048
Precision_test: 0.478448
Recall_test: 0.600000
F1_test: 0.532374
 

Arquitectura: _2_9_1_
Semilla: 1788097599
Segundos: 52
NIteraciones: 100000

Costo_train: 0.245704
Precision_train: 0.553648
Recall_train: 0.639405
F1_train: 0.593444

Costo_test: 0.251402
Precision_test: 0.481172
Recall_test: 0.621622
F1_test: 0.542453
 

Arquitectura: _2_9_1_
Semilla: 1788097599
Segundos: 52
NIteraciones: 100000

Costo_train: 0.245566
Precision_train: 0.558486
Recall_train: 0.603470
F1_train: 0.580107

Costo_test: 0.251437
Precision_test: 0.482906
Recall_test: 0.610811
F1_test: 0.539379
 

Arquitectura: _2_9_1_
Semilla: 1788097599
Segundos: 52
NIteraciones: 100000

Costo_train: 0.245387
Precision_train: 0.560573
Recall_train: 0.630731
F1_train: 0.593586

Costo_test: 0.252323
Precision_test: 0.461864
Recall_test: 0.589189
F1_test: 0.517815
 

Arquitectura: _2_9_1_
Semilla: 1788097599
Segundos: 52
NIteraciones: 100000

Costo_train: 0.245491
Precision_train: 0.558612
Recall_train: 0.578686
F1_train: 0.568472

Costo_test: 0.251727
Precision_test: 0.478070
Recall_test: 0.589189
F1_test: 0.527845
 

Arquitectura: _2_9_1_
Semilla: 1788097599
Segundos: 52
NIteraciones: 100000

Costo_train: 0.245477
Precision_train: 0.557794
Recall_train: 0.651797
F1_train: 0.601143

Costo_test: 0.251749
Precision_test: 0.467742
Recall_test: 0.627027
F1_test: 0.535797
 

Arquitectura: _2_9_1_
Semilla: 1788097599
Segundos: 52
NIteraciones: 100000

Costo_train: 0.245459
Precision_train: 0.551836
Recall_train: 0.633209
F1_train: 0.589729

Costo_test: 0.251443
Precision_test: 0.466667
Recall_test: 0.605405
F1_test: 0.527059
 

Arquitectura: _2_9_1_
Semilla: 1788097599
Segundos: 52
NIteraciones: 100000

Costo_train: 0.245598
Precision_train: 0.553409
Recall_train: 0.603470
F1_train: 0.577356

Costo_test: 0.252171
Precision_test: 0.482906
Recall_test: 0.610811
F1_test: 0.539379
 

Arquitectura: _2_9_1_
Semilla: 1788097599
Segundos: 52
NIteraciones: 100000

Costo_train: 0.245484
Precision_train: 0.560045
Recall_train: 0.618340
F1_train: 0.587750

Costo_test: 0.252393
Precision_test: 0.473913
Recall_test: 0.589189
F1_test: 0.525301
 

Arquitectura: _2_9_1_
Semilla: 1788097599
Segundos: 52
NIteraciones: 100000

Costo_train: 0.245547
Precision_train: 0.561260
Recall_train: 0.596035
F1_train: 0.578125

Costo_test: 0.252054
Precision_test: 0.482456
Recall_test: 0.594595
F1_test: 0.532688
 


--- Test Profunda 3.0 ---
Iteración 10000
Costo: 0.249928
Iteración 20000
Costo: 0.249899
Iteración 30000
Costo: 0.249864
Iteración 40000
Costo: 0.249819
Iteración 50000
Costo: 0.249763
Iteración 60000
Costo: 0.249696
Iteración 70000
Costo: 0.249619
Iteración 80000
Costo: 0.249535
Iteración 90000
Costo: 0.249449

Arquitectura: _2_3_3_3_1_
Semilla: 1788097651
Segundos: 140
NIteraciones: 100000

Costo_train: 0.249366
Precision_train: 0.523649
Recall_train: 0.576208
F1_train: 0.548672

Costo_test: 0.249165
Precision_test: 0.488152
Recall_test: 0.556757
F1_test: 0.520202
 

Arquitectura: _2_3_3_3_1_
Semilla: 1788097651
Segundos: 140
NIteraciones: 100000

Costo_train: 0.249211
Precision_train: 0.529032
Recall_train: 0.609665
F1_train: 0.566494

Costo_test: 0.249609
Precision_test: 0.465217
Recall_test: 0.578378
F1_test: 0.515663
 

Arquitectura: _2_3_3_3_1_
Semilla: 1788097651
Segundos: 140
NIteraciones: 100000

Costo_train: 0.249112
Precision_train: 0.530720
Recall_train: 0.620818
F1_train: 0.572244

Costo_test: 0.249754
Precision_test: 0.466102
Recall_test: 0.594595
F1_test: 0.522565
 

Arquitectura: _2_3_3_3_1_
Semilla: 1788097651
Segundos: 140
NIteraciones: 100000

Costo_train: 0.249786
Precision_train: 0.522147
Recall_train: 0.759603
F1_train: 0.618879

Costo_test: 0.250119
Precision_test: 0.486395
Recall_test: 0.772973
F1_test: 0.597077
 

Arquitectura: _2_3_3_3_1_
Semilla: 1788097651
Segundos: 140
NIteraciones: 100000

Costo_train: 0.249330
Precision_train: 0.528509
Recall_train: 0.597274
F1_train: 0.560791

Costo_test: 0.249438
Precision_test: 0.472727
Recall_test: 0.562162
F1_test: 0.513580
 

Arquitectura: _2_3_3_3_1_
Semilla: 1788097651
Segundos: 140
NIteraciones: 100000

Costo_train: 0.248823
Precision_train: 0.535519
Recall_train: 0.607187
F1_train: 0.569106

Costo_test: 0.249178
Precision_test: 0.475556
Recall_test: 0.578378
F1_test: 0.521951
 

Arquitectura: _2_3_3_3_1_
Semilla: 1788097651
Segundos: 140
NIteraciones: 100000

Costo_train: 0.249425
Precision_train: 0.524283
Recall_train: 0.588600
F1_train: 0.554583

Costo_test: 0.249209
Precision_test: 0.490741
Recall_test: 0.572973
F1_test: 0.528678
 

Arquitectura: _2_3_3_3_1_
Semilla: 1788097651
Segundos: 140
NIteraciones: 100000

Costo_train: 0.249659
Precision_train: 0.514655
Recall_train: 0.739777
F1_train: 0.607016

Costo_test: 0.250041
Precision_test: 0.471429
Recall_test: 0.713513
F1_test: 0.567742
 

Arquitectura: _2_3_3_3_1_
Semilla: 1788097651
Segundos: 140
NIteraciones: 100000

Costo_train: 0.249646
Precision_train: 0.521368
Recall_train: 0.604709
F1_train: 0.559954

Costo_test: 0.249547
Precision_test: 0.500000
Recall_test: 0.600000
F1_test: 0.545455
 

Arquitectura: _2_3_3_3_1_
Semilla: 1788097651
Segundos: 140
NIteraciones: 100000

Costo_train: 0.249203
Precision_train: 0.529794
Recall_train: 0.605948
F1_train: 0.565318

Costo_test: 0.249508
Precision_test: 0.471366
Recall_test: 0.578378
F1_test: 0.519417
 

Arquitectura: _2_3_3_3_1_
Semilla: 1788097651
Segundos: 140
NIteraciones: 100000

Costo_train: 0.249197
Precision_train: 0.531012
Recall_train: 0.604709
F1_train: 0.565469

Costo_test: 0.249574
Precision_test: 0.471111
Recall_test: 0.572973
F1_test: 0.517073
 

Arquitectura: _2_3_3_3_1_
Semilla: 1788097651
Segundos: 140
NIteraciones: 100000

Costo_train: 0.249306
Precision_train: 0.523549
Recall_train: 0.592317
F1_train: 0.555814

Costo_test: 0.249729
Precision_test: 0.466368
Recall_test: 0.562162
F1_test: 0.509804
 

Arquitectura: _2_3_3_3_1_
Semilla: 1788097651
Segundos: 140
NIteraciones: 100000

Costo_train: 0.249087
Precision_train: 0.532382
Recall_train: 0.600991
F1_train: 0.564610

Costo_test: 0.249351
Precision_test: 0.477064
Recall_test: 0.562162
F1_test: 0.516129
 

Arquitectura: _2_3_3_3_1_
Semilla: 1788097651
Segundos: 140
NIteraciones: 100000

Costo_train: 0.249096
Precision_train: 0.531798
Recall_train: 0.600991
F1_train: 0.564282

Costo_test: 0.249180
Precision_test: 0.479452
Recall_test: 0.567568
F1_test: 0.519802
 

Arquitectura: _2_3_3_3_1_
Semilla: 1788097651
Segundos: 140
NIteraciones: 100000

Costo_train: 0.249288
Precision_train: 0.524973
Recall_train: 0.612144
F1_train: 0.565217

Costo_test: 0.249834
Precision_test: 0.462185
Recall_test: 0.594595
F1_test: 0.520095
 

Arquitectura: _2_3_3_3_1_
Semilla: 1788097651
Segundos: 140
NIteraciones: 100000

Costo_train: 0.249308
Precision_train: 0.528698
Recall_train: 0.593556
F1_train: 0.559253

Costo_test: 0.249611
Precision_test: 0.470852
Recall_test: 0.567568
F1_test: 0.514706
 

Arquitectura: _2_3_3_3_1_
Semilla: 1788097651
Segundos: 140
NIteraciones: 100000

Costo_train: 0.249385
Precision_train: 0.522321
Recall_train: 0.579926
F1_train: 0.549618

Costo_test: 0.249036
Precision_test: 0.490566
Recall_test: 0.562162
F1_test: 0.523929
 

Arquitectura: _2_3_3_3_1_
Semilla: 1788097651
Segundos: 140
NIteraciones: 100000

Costo_train: 0.249570
Precision_train: 0.520904
Recall_train: 0.571252
F1_train: 0.544917

Costo_test: 0.249224
Precision_test: 0.511737
Recall_test: 0.589189
F1_test: 0.547739
 

Arquitectura: _2_3_3_3_1_
Semilla: 1788097651
Segundos: 140
NIteraciones: 100000

Costo_train: 0.249041
Precision_train: 0.529287
Recall_train: 0.615861
F1_train: 0.569301

Costo_test: 0.249208
Precision_test: 0.476190
Recall_test: 0.594595
F1_test: 0.528846
 

Arquitectura: _2_3_3_3_1_
Semilla: 1788097651
Segundos: 140
NIteraciones: 100000

Costo_train: 0.249178
Precision_train: 0.527840
Recall_train: 0.587361
F1_train: 0.556012

Costo_test: 0.249524
Precision_test: 0.468182
Recall_test: 0.556757
F1_test: 0.508642
 

Arquitectura: _2_3_3_3_1_
Semilla: 1788097651
Segundos: 140
NIteraciones: 100000

Costo_train: 0.249459
Precision_train: 0.524239
Recall_train: 0.576208
F1_train: 0.548996

Costo_test: 0.248943
Precision_test: 0.497585
Recall_test: 0.556757
F1_test: 0.525510
 

Arquitectura: _2_3_3_3_1_
Semilla: 1788097651
Segundos: 140
NIteraciones: 100000

Costo_train: 0.249233
Precision_train: 0.523913
Recall_train: 0.597274
F1_train: 0.558193

Costo_test: 0.249168
Precision_test: 0.502304
Recall_test: 0.589189
F1_test: 0.542289
 

Arquitectura: _2_3_3_3_1_
Semilla: 1788097651
Segundos: 140
NIteraciones: 100000

Costo_train: 0.249303
Precision_train: 0.528620
Recall_train: 0.583643
F1_train: 0.554770

Costo_test: 0.249244
Precision_test: 0.481308
Recall_test: 0.556757
F1_test: 0.516291
 

Arquitectura: _2_3_3_3_1_
Semilla: 1788097651
Segundos: 140
NIteraciones: 100000

Costo_train: 0.249566
Precision_train: 0.517354
Recall_train: 0.591078
F1_train: 0.551764

Costo_test: 0.248711
Precision_test: 0.511521
Recall_test: 0.600000
F1_test: 0.552239
 

Arquitectura: _2_3_3_3_1_
Semilla: 1788097651
Segundos: 140
NIteraciones: 100000

Costo_train: 0.249143
Precision_train: 0.529666
Recall_train: 0.608426
F1_train: 0.566321

Costo_test: 0.249745
Precision_test: 0.465217
Recall_test: 0.578378
F1_test: 0.515663
 

Arquitectura: _2_3_3_3_1_
Semilla: 1788097651
Segundos: 140
NIteraciones: 100000

Costo_train: 0.249086
Precision_train: 0.531381
Recall_train: 0.629492
F1_train: 0.576290

Costo_test: 0.249690
Precision_test: 0.468880
Recall_test: 0.610811
F1_test: 0.530516
 

Arquitectura: _2_3_3_3_1_
Semilla: 1788097651
Segundos: 140
NIteraciones: 100000

Costo_train: 0.249656
Precision_train: 0.521212
Recall_train: 0.639405
F1_train: 0.574290

Costo_test: 0.250138
Precision_test: 0.467742
Recall_test: 0.627027
F1_test: 0.535797
 

Arquitectura: _2_3_3_3_1_
Semilla: 1788097651
Segundos: 140
NIteraciones: 100000

Costo_train: 0.249191
Precision_train: 0.529794
Recall_train: 0.605948
F1_train: 0.565318

Costo_test: 0.249587
Precision_test: 0.466960
Recall_test: 0.572973
F1_test: 0.514563
 

Arquitectura: _2_3_3_3_1_
Semilla: 1788097651
Segundos: 140
NIteraciones: 100000

Costo_train: 0.249303
Precision_train: 0.528899
Recall_train: 0.600991
F1_train: 0.562645

Costo_test: 0.249372
Precision_test: 0.479638
Recall_test: 0.572973
F1_test: 0.522168
 

Arquitectura: _2_3_3_3_1_
Semilla: 1788097651
Segundos: 140
NIteraciones: 100000

Costo_train: 0.248950
Precision_train: 0.533907
Recall_train: 0.614622
F1_train: 0.571429

Costo_test: 0.249236
Precision_test: 0.478261
Recall_test: 0.594595
F1_test: 0.530120
 

Arquitectura: _2_3_3_3_1_
Semilla: 1788097651
Segundos: 140
NIteraciones: 100000

Costo_train: 0.248900
Precision_train: 0.532839
Recall_train: 0.623296
F1_train: 0.574529

Costo_test: 0.249473
Precision_test: 0.476596
Recall_test: 0.605405
F1_test: 0.533333
 

Arquitectura: _2_3_3_3_1_
Semilla: 1788097651
Segundos: 140
NIteraciones: 100000

Costo_train: 0.249314
Precision_train: 0.532453
Recall_train: 0.599752
F1_train: 0.564103

Costo_test: 0.249672
Precision_test: 0.466960
Recall_test: 0.572973
F1_test: 0.514563
 

Arquitectura: _2_3_3_3_1_
Semilla: 1788097651
Segundos: 140
NIteraciones: 100000

Costo_train: 0.249411
Precision_train: 0.524013
Recall_train: 0.608426
F1_train: 0.563073

Costo_test: 0.249188
Precision_test: 0.502242
Recall_test: 0.605405
F1_test: 0.549020
 

Arquitectura: _2_3_3_3_1_
Semilla: 1788097651
Segundos: 140
NIteraciones: 100000

Costo_train: 0.249225
Precision_train: 0.529543
Recall_train: 0.588600
F1_train: 0.557512

Costo_test: 0.249180
Precision_test: 0.481308
Recall_test: 0.556757
F1_test: 0.516291
 

Arquitectura: _2_3_3_3_1_
Semilla: 1788097651
Segundos: 140
NIteraciones: 100000

Costo_train: 0.249514
Precision_train: 0.528302
Recall_train: 0.589839
F1_train: 0.557377

Costo_test: 0.249578
Precision_test: 0.476852
Recall_test: 0.556757
F1_test: 0.513716
 

Arquitectura: _2_3_3_3_1_
Semilla: 1788097651
Segundos: 140
NIteraciones: 100000

Costo_train: 0.249383
Precision_train: 0.520127
Recall_train: 0.608426
F1_train: 0.560822

Costo_test: 0.249027
Precision_test: 0.511211
Recall_test: 0.616216
F1_test: 0.558824
 

Arquitectura: _2_3_3_3_1_
Semilla: 1788097651
Segundos: 140
NIteraciones: 100000

Costo_train: 0.249130
Precision_train: 0.529032
Recall_train: 0.609665
F1_train: 0.566494

Costo_test: 0.249446
Precision_test: 0.471366
Recall_test: 0.578378
F1_test: 0.519417
 

Arquitectura: _2_3_3_3_1_
Semilla: 1788097651
Segundos: 140
NIteraciones: 100000

Costo_train: 0.249391
Precision_train: 0.520717
Recall_train: 0.576208
F1_train: 0.547059

Costo_test: 0.249028
Precision_test: 0.495192
Recall_test: 0.556757
F1_test: 0.524173
 

Arquitectura: _2_3_3_3_1_
Semilla: 1788097651
Segundos: 140
NIteraciones: 100000

Costo_train: 0.249393
Precision_train: 0.519168
Recall_train: 0.587361
F1_train: 0.551163

Costo_test: 0.249081
Precision_test: 0.493088
Recall_test: 0.578378
F1_test: 0.532338
 

Arquitectura: _2_3_3_3_1_
Semilla: 1788097651
Segundos: 140
NIteraciones: 100000

Costo_train: 0.249374
Precision_train: 0.519618
Recall_train: 0.607187
F1_train: 0.560000

Costo_test: 0.249175
Precision_test: 0.511211
Recall_test: 0.616216
F1_test: 0.558824
 

Arquitectura: _2_3_3_3_1_
Semilla: 1788097651
Segundos: 140
NIteraciones: 100000

Costo_train: 0.249187
Precision_train: 0.530172
Recall_train: 0.609665
F1_train: 0.567147

Costo_test: 0.249610
Precision_test: 0.463203
Recall_test: 0.578378
F1_test: 0.514423
 

Arquitectura: _2_3_3_3_1_
Semilla: 1788097651
Segundos: 140
NIteraciones: 100000

Costo_train: 0.249213
Precision_train: 0.529158
Recall_train: 0.607187
F1_train: 0.565493

Costo_test: 0.249586
Precision_test: 0.466960
Recall_test: 0.572973
F1_test: 0.514563
 

Arquitectura: _2_3_3_3_1_
Semilla: 1788097651
Segundos: 140
NIteraciones: 100000

Costo_train: 0.249424
Precision_train: 0.522803
Recall_train: 0.582404
F1_train: 0.550996

Costo_test: 0.249083
Precision_test: 0.497608
Recall_test: 0.562162
F1_test: 0.527919
 

Arquitectura: _2_3_3_3_1_
Semilla: 1788097651
Segundos: 140
NIteraciones: 100000

Costo_train: 0.249285
Precision_train: 0.528322
Recall_train: 0.600991
F1_train: 0.562319

Costo_test: 0.249243
Precision_test: 0.484163
Recall_test: 0.578378
F1_test: 0.527094
 

Arquitectura: _2_3_3_3_1_
Semilla: 1788097651
Segundos: 140
NIteraciones: 100000

Costo_train: 0.249128
Precision_train: 0.524324
Recall_train: 0.600991
F1_train: 0.560046

Costo_test: 0.249081
Precision_test: 0.500000
Recall_test: 0.589189
F1_test: 0.540943
 

Arquitectura: _2_3_3_3_1_
Semilla: 1788097651
Segundos: 140
NIteraciones: 100000

Costo_train: 0.249953
Precision_train: 0.504375
Recall_train: 1.000000
F1_train: 0.670544

Costo_test: 0.250280
Precision_test: 0.462500
Recall_test: 1.000000
F1_test: 0.632479
 

Arquitectura: _2_3_3_3_1_
Semilla: 1788097651
Segundos: 140
NIteraciones: 100000

Costo_train: 0.249368
Precision_train: 0.527964
Recall_train: 0.584882
F1_train: 0.554968

Costo_test: 0.249580
Precision_test: 0.470046
Recall_test: 0.551351
F1_test: 0.507463
 

Arquitectura: _2_3_3_3_1_
Semilla: 1788097651
Segundos: 140
NIteraciones: 100000

Costo_train: 0.249647
Precision_train: 0.509250
Recall_train: 0.648079
F1_train: 0.570338

Costo_test: 0.249326
Precision_test: 0.502008
Recall_test: 0.675676
F1_test: 0.576037
 

Arquitectura: _2_3_3_3_1_
Semilla: 1788097651
Segundos: 140
NIteraciones: 100000

Costo_train: 0.248974
Precision_train: 0.528497
Recall_train: 0.631970
F1_train: 0.575621

Costo_test: 0.249519
Precision_test: 0.469136
Recall_test: 0.616216
F1_test: 0.532710
 

Arquitectura: _2_3_3_3_1_
Semilla: 1788097651
Segundos: 140
NIteraciones: 100000

Costo_train: 0.249050
Precision_train: 0.530444
Recall_train: 0.636927
F1_train: 0.578829

Costo_test: 0.249768
Precision_test: 0.467213
Recall_test: 0.616216
F1_test: 0.531469
 

Arquitectura: _2_3_3_3_1_
Semilla: 1788097651
Segundos: 140
NIteraciones: 100000

Costo_train: 0.249107
Precision_train: 0.529101
Recall_train: 0.619579
F1_train: 0.570776

Costo_test: 0.249460
Precision_test: 0.472103
Recall_test: 0.594595
F1_test: 0.526316
 

Arquitectura: _2_3_3_3_1_
Semilla: 1788097651
Segundos: 140
NIteraciones: 100000

Costo_train: 0.249204
Precision_train: 0.528342
Recall_train: 0.612144
F1_train: 0.567164

Costo_test: 0.249772
Precision_test: 0.467811
Recall_test: 0.589189
F1_test: 0.521531
 

Arquitectura: _2_3_3_3_1_
Semilla: 1788097651
Segundos: 140
NIteraciones: 100000

Costo_train: 0.249333
Precision_train: 0.525478
Recall_train: 0.613383
F1_train: 0.566038

Costo_test: 0.249920
Precision_test: 0.464135
Recall_test: 0.594595
F1_test: 0.521327
 

Arquitectura: _2_3_3_3_1_
Semilla: 1788097651
Segundos: 140
NIteraciones: 100000

Costo_train: 0.249713
Precision_train: 0.517776
Recall_train: 0.703841
F1_train: 0.596639

Costo_test: 0.250012
Precision_test: 0.476190
Recall_test: 0.702703
F1_test: 0.567686
 

Arquitectura: _2_3_3_3_1_
Semilla: 1788097651
Segundos: 140
NIteraciones: 100000

Costo_train: 0.249215
Precision_train: 0.531049
Recall_train: 0.614622
F1_train: 0.569787

Costo_test: 0.249345
Precision_test: 0.478070
Recall_test: 0.589189
F1_test: 0.527845
 

Arquitectura: _2_3_3_3_1_
Semilla: 1788097651
Segundos: 140
NIteraciones: 100000

Costo_train: 0.249107
Precision_train: 0.530159
Recall_train: 0.620818
F1_train: 0.571918

Costo_test: 0.249798
Precision_test: 0.464435
Recall_test: 0.600000
F1_test: 0.523585
 

Arquitectura: _2_3_3_3_1_
Semilla: 1788097651
Segundos: 140
NIteraciones: 100000

Costo_train: 0.249391
Precision_train: 0.522173
Recall_train: 0.583643
F1_train: 0.551199

Costo_test: 0.249081
Precision_test: 0.500000
Recall_test: 0.578378
F1_test: 0.536341
 

Arquitectura: _2_3_3_3_1_
Semilla: 1788097651
Segundos: 140
NIteraciones: 100000

Costo_train: 0.249612
Precision_train: 0.514205
Recall_train: 0.672862
F1_train: 0.582931

Costo_test: 0.249470
Precision_test: 0.497976
Recall_test: 0.664865
F1_test: 0.569444
 

Arquitectura: _2_3_3_3_1_
Semilla: 1788097651
Segundos: 140
NIteraciones: 100000

Costo_train: 0.248719
Precision_train: 0.535332
Recall_train: 0.619579
F1_train: 0.574383

Costo_test: 0.249487
Precision_test: 0.478814
Recall_test: 0.610811
F1_test: 0.536817
 

Arquitectura: _2_3_3_3_1_
Semilla: 1788097651
Segundos: 140
NIteraciones: 100000

Costo_train: 0.249139
Precision_train: 0.528711
Recall_train: 0.604709
F1_train: 0.564162

Costo_test: 0.249719
Precision_test: 0.467249
Recall_test: 0.578378
F1_test: 0.516908
 

Arquitectura: _2_3_3_3_1_
Semilla: 1788097651
Segundos: 140
NIteraciones: 100000

Costo_train: 0.249112
Precision_train: 0.531020
Recall_train: 0.625775
F1_train: 0.574516

Costo_test: 0.249675
Precision_test: 0.470588
Recall_test: 0.605405
F1_test: 0.529551
 

Arquitectura: _2_3_3_3_1_
Semilla: 1788097651
Segundos: 140
NIteraciones: 100000

Costo_train: 0.248985
Precision_train: 0.530043
Recall_train: 0.612144
F1_train: 0.568143

Costo_test: 0.249391
Precision_test: 0.467249
Recall_test: 0.578378
F1_test: 0.516908
 

Arquitectura: _2_3_3_3_1_
Semilla: 1788097651
Segundos: 140
NIteraciones: 100000

Costo_train: 0.249197
Precision_train: 0.530055
Recall_train: 0.600991
F1_train: 0.563298

Costo_test: 0.249169
Precision_test: 0.486364
Recall_test: 0.578378
F1_test: 0.528395
 

Arquitectura: _2_3_3_3_1_
Semilla: 1788097651
Segundos: 140
NIteraciones: 100000

Costo_train: 0.249349
Precision_train: 0.513052
Recall_train: 0.633209
F1_train: 0.566833

Costo_test: 0.249036
Precision_test: 0.495798
Recall_test: 0.637838
F1_test: 0.557920
 

Arquitectura: _2_3_3_3_1_
Semilla: 1788097651
Segundos: 140
NIteraciones: 100000

Costo_train: 0.249336
Precision_train: 0.530351
Recall_train: 0.617100
F1_train: 0.570447

Costo_test: 0.249843
Precision_test: 0.463830
Recall_test: 0.589189
F1_test: 0.519048
 

Arquitectura: _2_3_3_3_1_
Semilla: 1788097651
Segundos: 140
NIteraciones: 100000

Costo_train: 0.249282
Precision_train: 0.528509
Recall_train: 0.597274
F1_train: 0.560791

Costo_test: 0.249270
Precision_test: 0.474886
Recall_test: 0.562162
F1_test: 0.514852
 

Arquitectura: _2_3_3_3_1_
Semilla: 1788097651
Segundos: 140
NIteraciones: 100000

Costo_train: 0.249370
Precision_train: 0.528102
Recall_train: 0.617100
F1_train: 0.569143

Costo_test: 0.249341
Precision_test: 0.486607
Recall_test: 0.589189
F1_test: 0.533007
 

Arquitectura: _2_3_3_3_1_
Semilla: 1788097651
Segundos: 140
NIteraciones: 100000

Costo_train: 0.249199
Precision_train: 0.528428
Recall_train: 0.587361
F1_train: 0.556338

Costo_test: 0.249185
Precision_test: 0.481308
Recall_test: 0.556757
F1_test: 0.516291
 

Arquitectura: _2_3_3_3_1_
Semilla: 1788097651
Segundos: 140
NIteraciones: 100000

Costo_train: 0.249227
Precision_train: 0.531422
Recall_train: 0.597274
F1_train: 0.562427

Costo_test: 0.249578
Precision_test: 0.468750
Recall_test: 0.567568
F1_test: 0.513447
 

Arquitectura: _2_3_3_3_1_
Semilla: 1788097651
Segundos: 140
NIteraciones: 100000

Costo_train: 0.249037
Precision_train: 0.530335
Recall_train: 0.628253
F1_train: 0.575156

Costo_test: 0.249527
Precision_test: 0.470588
Recall_test: 0.605405
F1_test: 0.529551
 

Arquitectura: _2_3_3_3_1_
Semilla: 1788097651
Segundos: 140
NIteraciones: 100000

Costo_train: 0.248979
Precision_train: 0.528934
Recall_train: 0.645601
F1_train: 0.581473

Costo_test: 0.249624
Precision_test: 0.474308
Recall_test: 0.648649
F1_test: 0.547945
 

Arquitectura: _2_3_3_3_1_
Semilla: 1788097651
Segundos: 140
NIteraciones: 100000

Costo_train: 0.249758
Precision_train: 0.515349
Recall_train: 0.686493
F1_train: 0.588735

Costo_test: 0.249701
Precision_test: 0.496154
Recall_test: 0.697297
F1_test: 0.579775
 

Arquitectura: _2_3_3_3_1_
Semilla: 1788097651
Segundos: 140
NIteraciones: 100000

Costo_train: 0.249244
Precision_train: 0.531012
Recall_train: 0.604709
F1_train: 0.565469

Costo_test: 0.249310
Precision_test: 0.466368
Recall_test: 0.562162
F1_test: 0.509804
 

Arquitectura: _2_3_3_3_1_
Semilla: 1788097651
Segundos: 140
NIteraciones: 100000

Costo_train: 0.248794
Precision_train: 0.534261
Recall_train: 0.618340
F1_train: 0.573234

Costo_test: 0.249272
Precision_test: 0.480349
Recall_test: 0.594595
F1_test: 0.531401
 

Arquitectura: _2_3_3_3_1_
Semilla: 1788097651
Segundos: 140
NIteraciones: 100000

Costo_train: 0.248882
Precision_train: 0.535442
Recall_train: 0.608426
F1_train: 0.569606

Costo_test: 0.249205
Precision_test: 0.488889
Recall_test: 0.594595
F1_test: 0.536585
 

Arquitectura: _2_3_3_3_1_
Semilla: 1788097651
Segundos: 140
NIteraciones: 100000

Costo_train: 0.248884
Precision_train: 0.533262
Recall_train: 0.615861
F1_train: 0.571593

Costo_test: 0.249312
Precision_test: 0.478261
Recall_test: 0.594595
F1_test: 0.530120
 

Arquitectura: _2_3_3_3_1_
Semilla: 1788097651
Segundos: 140
NIteraciones: 100000

Costo_train: 0.249561
Precision_train: 0.518837
Recall_train: 0.597274
F1_train: 0.555300

Costo_test: 0.249134
Precision_test: 0.504587
Recall_test: 0.594595
F1_test: 0.545906
 

Arquitectura: _2_3_3_3_1_
Semilla: 1788097651
Segundos: 140
NIteraciones: 100000

Costo_train: 0.249034
Precision_train: 0.529835
Recall_train: 0.638166
F1_train: 0.578977

Costo_test: 0.249684
Precision_test: 0.467213
Recall_test: 0.616216
F1_test: 0.531469
 

Arquitectura: _2_3_3_3_1_
Semilla: 1788097651
Segundos: 140
NIteraciones: 100000

Costo_train: 0.249381
Precision_train: 0.527655
Recall_train: 0.591078
F1_train: 0.557569

Costo_test: 0.249390
Precision_test: 0.479263
Recall_test: 0.562162
F1_test: 0.517413
 

Arquitectura: _2_3_3_3_1_
Semilla: 1788097651
Segundos: 140
NIteraciones: 100000

Costo_train: 0.249227
Precision_train: 0.524973
Recall_train: 0.612144
F1_train: 0.565217

Costo_test: 0.249129
Precision_test: 0.500000
Recall_test: 0.605405
F1_test: 0.547677
 

Arquitectura: _2_3_3_3_1_
Semilla: 1788097651
Segundos: 140
NIteraciones: 100000

Costo_train: 0.248969
Precision_train: 0.530335
Recall_train: 0.628253
F1_train: 0.575156

Costo_test: 0.249224
Precision_test: 0.475000
Recall_test: 0.616216
F1_test: 0.536471
 

Arquitectura: _2_3_3_3_1_
Semilla: 1788097651
Segundos: 140
NIteraciones: 100000

Costo_train: 0.249345
Precision_train: 0.523395
Recall_train: 0.596035
F1_train: 0.557358

Costo_test: 0.249303
Precision_test: 0.486239
Recall_test: 0.572973
F1_test: 0.526055
 

Arquitectura: _2_3_3_3_1_
Semilla: 1788097651
Segundos: 140
NIteraciones: 100000

Costo_train: 0.249521
Precision_train: 0.527099
Recall_train: 0.614622
F1_train: 0.567506

Costo_test: 0.249797
Precision_test: 0.463519
Recall_test: 0.583784
F1_test: 0.516746
 

Arquitectura: _2_3_3_3_1_
Semilla: 1788097651
Segundos: 140
NIteraciones: 100000

Costo_train: 0.249396
Precision_train: 0.528825
Recall_train: 0.591078
F1_train: 0.558221

Costo_test: 0.249438
Precision_test: 0.476852
Recall_test: 0.556757
F1_test: 0.513716
 

Arquitectura: _2_3_3_3_1_
Semilla: 1788097651
Segundos: 140
NIteraciones: 100000

Costo_train: 0.249553
Precision_train: 0.518443
Recall_train: 0.627014
F1_train: 0.567583

Costo_test: 0.248994
Precision_test: 0.508547
Recall_test: 0.643243
F1_test: 0.568019
 

Arquitectura: _2_3_3_3_1_
Semilla: 1788097651
Segundos: 140
NIteraciones: 100000

Costo_train: 0.248814
Precision_train: 0.528889
Recall_train: 0.589839
F1_train: 0.557704

Costo_test: 0.249082
Precision_test: 0.502283
Recall_test: 0.594595
F1_test: 0.544554
 

Arquitectura: _2_3_3_3_1_
Semilla: 1788097651
Segundos: 140
NIteraciones: 100000

Costo_train: 0.249501
Precision_train: 0.521008
Recall_train: 0.614622
F1_train: 0.563957

Costo_test: 0.249792
Precision_test: 0.465812
Recall_test: 0.589189
F1_test: 0.520286
 

Arquitectura: _2_3_3_3_1_
Semilla: 1788097651
Segundos: 140
NIteraciones: 100000

Costo_train: 0.249754
Precision_train: 0.509901
Recall_train: 0.765799
F1_train: 0.612184

Costo_test: 0.249824
Precision_test: 0.484642
Recall_test: 0.767568
F1_test: 0.594142
 

Arquitectura: _2_3_3_3_1_
Semilla: 1788097651
Segundos: 140
NIteraciones: 100000

Costo_train: 0.249104
Precision_train: 0.529859
Recall_train: 0.604709
F1_train: 0.564815

Costo_test: 0.249367
Precision_test: 0.473451
Recall_test: 0.578378
F1_test: 0.520681
 

Arquitectura: _2_3_3_3_1_
Semilla: 1788097651
Segundos: 140
NIteraciones: 100000

Costo_train: 0.249473
Precision_train: 0.519187
Recall_train: 0.570012
F1_train: 0.543414

Costo_test: 0.248924
Precision_test: 0.504762
Recall_test: 0.572973
F1_test: 0.536709
 

Arquitectura: _2_3_3_3_1_
Semilla: 1788097651
Segundos: 140
NIteraciones: 100000

Costo_train: 0.248873
Precision_train: 0.531606
Recall_train: 0.635688
F1_train: 0.579007

Costo_test: 0.249484
Precision_test: 0.473684
Recall_test: 0.632432
F1_test: 0.541667
 

Arquitectura: _2_3_3_3_1_
Semilla: 1788097651
Segundos: 140
NIteraciones: 100000

Costo_train: 0.249150
Precision_train: 0.532009
Recall_train: 0.597274
F1_train: 0.562755

Costo_test: 0.249362
Precision_test: 0.477064
Recall_test: 0.562162
F1_test: 0.516129
 

Arquitectura: _2_3_3_3_1_
Semilla: 1788097651
Segundos: 140
NIteraciones: 100000

Costo_train: 0.248771
Precision_train: 0.532453
Recall_train: 0.599752
F1_train: 0.564103

Costo_test: 0.249483
Precision_test: 0.479821
Recall_test: 0.578378
F1_test: 0.524510
 

Arquitectura: _2_3_3_3_1_
Semilla: 1788097651
Segundos: 140
NIteraciones: 100000

Costo_train: 0.249249
Precision_train: 0.529477
Recall_train: 0.589839
F1_train: 0.558030

Costo_test: 0.249505
Precision_test: 0.468182
Recall_test: 0.556757
F1_test: 0.508642
 

Arquitectura: _2_3_3_3_1_
Semilla: 1788097651
Segundos: 140
NIteraciones: 100000

Costo_train: 0.249273
Precision_train: 0.524070
Recall_train: 0.593556
F1_train: 0.556653

Costo_test: 0.249691
Precision_test: 0.466368
Recall_test: 0.562162
F1_test: 0.509804
 

Arquitectura: _2_3_3_3_1_
Semilla: 1788097651
Segundos: 140
NIteraciones: 100000

Costo_train: 0.249100
Precision_train: 0.529794
Recall_train: 0.605948
F1_train: 0.565318

Costo_test: 0.249043
Precision_test: 0.490909
Recall_test: 0.583784
F1_test: 0.533333
 

Arquitectura: _2_3_3_3_1_
Semilla: 1788097651
Segundos: 140
NIteraciones: 100000

Costo_train: 0.249541
Precision_train: 0.525562
Recall_train: 0.636927
F1_train: 0.575910

Costo_test: 0.249542
Precision_test: 0.497854
Recall_test: 0.627027
F1_test: 0.555024
 

Arquitectura: _2_3_3_3_1_
Semilla: 1788097651
Segundos: 140
NIteraciones: 100000

Costo_train: 0.249055
Precision_train: 0.527192
Recall_train: 0.588600
F1_train: 0.556206

Costo_test: 0.249470
Precision_test: 0.500000
Recall_test: 0.589189
F1_test: 0.540943
 

Arquitectura: _2_3_3_3_1_
Semilla: 1788097651
Segundos: 140
NIteraciones: 100000

Costo_train: 0.249869
Precision_train: 0.513447
Recall_train: 0.780669
F1_train: 0.619469

Costo_test: 0.249944
Precision_test: 0.485149
Recall_test: 0.794595
F1_test: 0.602459
 

Arquitectura: _2_3_3_3_1_
Semilla: 1788097651
Segundos: 140
NIteraciones: 100000

Costo_train: 0.249121
Precision_train: 0.530526
Recall_train: 0.624535
F1_train: 0.573705

Costo_test: 0.249643
Precision_test: 0.465812
Recall_test: 0.589189
F1_test: 0.520286
 


--- Test Angosta 4.0 ---
Iteración 10000
Costo: 0.248660
Iteración 20000
Costo: 0.247456
Iteración 30000
Costo: 0.246732
Iteración 40000
Costo: 0.246311
Iteración 50000
Costo: 0.246004
Iteración 60000
Costo: 0.245798
Iteración 70000
Costo: 0.245641
Iteración 80000
Costo: 0.245486
Iteración 90000
Costo: 0.245338

Arquitectura: _2_12_1_
Semilla: 1788097791
Segundos: 54
NIteraciones: 100000

Costo_train: 0.245218
Precision_train: 0.560345
Recall_train: 0.644362
F1_train: 0.599424

Costo_test: 0.252679
Precision_test: 0.478814
Recall_test: 0.610811
F1_test: 0.536817
 

Arquitectura: _2_12_1_
Semilla: 1788097791
Segundos: 54
NIteraciones: 100000

Costo_train: 0.245235
Precision_train: 0.557143
Recall_train: 0.628253
F1_train: 0.590565

Costo_test: 0.252730
Precision_test: 0.476793
Recall_test: 0.610811
F1_test: 0.535545
 

Arquitectura: _2_12_1_
Semilla: 1788097791
Segundos: 54
NIteraciones: 100000

Costo_train: 0.245554
Precision_train: 0.556701
Recall_train: 0.602230
F1_train: 0.578571

Costo_test: 0.252041
Precision_test: 0.478261
Recall_test: 0.594595
F1_test: 0.530120
 

Arquitectura: _2_12_1_
Semilla: 1788097791
Segundos: 54
NIteraciones: 100000

Costo_train: 0.245452
Precision_train: 0.565076
Recall_train: 0.645601
F1_train: 0.602660

Costo_test: 0.251608
Precision_test: 0.466387
Recall_test: 0.600000
F1_test: 0.524823
 

Arquitectura: _2_12_1_
Semilla: 1788097791
Segundos: 54
NIteraciones: 100000

Costo_train: 0.245326
Precision_train: 0.560043
Recall_train: 0.653036
F1_train: 0.602975

Costo_test: 0.252250
Precision_test: 0.475207
Recall_test: 0.621622
F1_test: 0.538642
 

Arquitectura: _2_12_1_
Semilla: 1788097791
Segundos: 54
NIteraciones: 100000

Costo_train: 0.245381
Precision_train: 0.563482
Recall_train: 0.577447
F1_train: 0.570379

Costo_test: 0.252355
Precision_test: 0.484444
Recall_test: 0.589189
F1_test: 0.531707
 

Arquitectura: _2_12_1_
Semilla: 1788097791
Segundos: 54
NIteraciones: 100000

Costo_train: 0.245189
Precision_train: 0.563441
Recall_train: 0.649318
F1_train: 0.603339

Costo_test: 0.252671
Precision_test: 0.473251
Recall_test: 0.621622
F1_test: 0.537383
 

Arquitectura: _2_12_1_
Semilla: 1788097791
Segundos: 54
NIteraciones: 100000

Costo_train: 0.245571
Precision_train: 0.550371
Recall_train: 0.643123
F1_train: 0.593143

Costo_test: 0.251425
Precision_test: 0.475207
Recall_test: 0.621622
F1_test: 0.538642
 

Arquitectura: _2_12_1_
Semilla: 1788097791
Segundos: 54
NIteraciones: 100000

Costo_train: 0.245523
Precision_train: 0.557097
Recall_train: 0.646840
F1_train: 0.598624

Costo_test: 0.251541
Precision_test: 0.461538
Recall_test: 0.616216
F1_test: 0.527778
 

Arquitectura: _2_12_1_
Semilla: 1788097791
Segundos: 54
NIteraciones: 100000

Costo_train: 0.245287
Precision_train: 0.559232
Recall_train: 0.649318
F1_train: 0.600917

Costo_test: 0.252208
Precision_test: 0.471545
Recall_test: 0.627027
F1_test: 0.538283
 

Arquitectura: _2_12_1_
Semilla: 1788097791
Segundos: 54
NIteraciones: 100000

Costo_train: 0.245551
Precision_train: 0.557159
Recall_train: 0.622057
F1_train: 0.587822

Costo_test: 0.252108
Precision_test: 0.468354
Recall_test: 0.600000
F1_test: 0.526066
 

Arquitectura: _2_12_1_
Semilla: 1788097791
Segundos: 54
NIteraciones: 100000

Costo_train: 0.245502
Precision_train: 0.559091
Recall_train: 0.609665
F1_train: 0.583284

Costo_test: 0.251169
Precision_test: 0.476793
Recall_test: 0.610811
F1_test: 0.535545
 

Arquitectura: _2_12_1_
Semilla: 1788097791
Segundos: 54
NIteraciones: 100000

Costo_train: 0.245640
Precision_train: 0.557078
Recall_train: 0.604709
F1_train: 0.579917

Costo_test: 0.251452
Precision_test: 0.491379
Recall_test: 0.616216
F1_test: 0.546763
 

Arquitectura: _2_12_1_
Semilla: 1788097791
Segundos: 54
NIteraciones: 100000

Costo_train: 0.245403
Precision_train: 0.546875
Recall_train: 0.650558
F1_train: 0.594228

Costo_test: 0.252168
Precision_test: 0.479675
Recall_test: 0.637838
F1_test: 0.547564
 

Arquitectura: _2_12_1_
Semilla: 1788097791
Segundos: 54
NIteraciones: 100000

Costo_train: 0.245285
Precision_train: 0.556624
Recall_train: 0.645601
F1_train: 0.597820

Costo_test: 0.252050
Precision_test: 0.475207
Recall_test: 0.621622
F1_test: 0.538642
 

Arquitectura: _2_12_1_
Semilla: 1788097791
Segundos: 54
NIteraciones: 100000

Costo_train: 0.245534
Precision_train: 0.554025
Recall_train: 0.648079
F1_train: 0.597373

Costo_test: 0.251372
Precision_test: 0.469636
Recall_test: 0.627027
F1_test: 0.537037
 

Arquitectura: _2_12_1_
Semilla: 1788097791
Segundos: 54
NIteraciones: 100000

Costo_train: 0.245085
Precision_train: 0.561480
Recall_train: 0.639405
F1_train: 0.597914

Costo_test: 0.252852
Precision_test: 0.466667
Recall_test: 0.605405
F1_test: 0.527059
 

Arquitectura: _2_12_1_
Semilla: 1788097791
Segundos: 54
NIteraciones: 100000

Costo_train: 0.245240
Precision_train: 0.566339
Recall_train: 0.571252
F1_train: 0.568785

Costo_test: 0.252012
Precision_test: 0.475771
Recall_test: 0.583784
F1_test: 0.524272
 

Arquitectura: _2_12_1_
Semilla: 1788097791
Segundos: 54
NIteraciones: 100000

Costo_train: 0.245398
Precision_train: 0.560557
Recall_train: 0.648079
F1_train: 0.601149

Costo_test: 0.251529
Precision_test: 0.467742
Recall_test: 0.627027
F1_test: 0.535797
 

Arquitectura: _2_12_1_
Semilla: 1788097791
Segundos: 54
NIteraciones: 100000

Costo_train: 0.245443
Precision_train: 0.556531
Recall_train: 0.628253
F1_train: 0.590221

Costo_test: 0.251572
Precision_test: 0.467213
Recall_test: 0.616216
F1_test: 0.531469
 

Arquitectura: _2_12_1_
Semilla: 1788097791
Segundos: 54
NIteraciones: 100000

Costo_train: 0.245539
Precision_train: 0.557860
Recall_train: 0.633209
F1_train: 0.593152

Costo_test: 0.251745
Precision_test: 0.478992
Recall_test: 0.616216
F1_test: 0.539007
 

Arquitectura: _2_12_1_
Semilla: 1788097791
Segundos: 54
NIteraciones: 100000

Costo_train: 0.245326
Precision_train: 0.560044
Recall_train: 0.635688
F1_train: 0.595473

Costo_test: 0.252143
Precision_test: 0.477366
Recall_test: 0.627027
F1_test: 0.542056
 

Arquitectura: _2_12_1_
Semilla: 1788097791
Segundos: 54
NIteraciones: 100000

Costo_train: 0.245422
Precision_train: 0.558719
Recall_train: 0.583643
F1_train: 0.570909

Costo_test: 0.251923
Precision_test: 0.489083
Recall_test: 0.605405
F1_test: 0.541063
 

Arquitectura: _2_12_1_
Semilla: 1788097791
Segundos: 54
NIteraciones: 100000

Costo_train: 0.245242
Precision_train: 0.555676
Recall_train: 0.636927
F1_train: 0.593533

Costo_test: 0.252868
Precision_test: 0.476987
Recall_test: 0.616216
F1_test: 0.537736
 

Arquitectura: _2_12_1_
Semilla: 1788097791
Segundos: 54
NIteraciones: 100000

Costo_train: 0.245518
Precision_train: 0.554280
Recall_train: 0.657993
F1_train: 0.601700

Costo_test: 0.251468
Precision_test: 0.460000
Recall_test: 0.621622
F1_test: 0.528736
 

Arquitectura: _2_12_1_
Semilla: 1788097791
Segundos: 54
NIteraciones: 100000

Costo_train: 0.245409
Precision_train: 0.557930
Recall_train: 0.614622
F1_train: 0.584906

Costo_test: 0.252338
Precision_test: 0.465217
Recall_test: 0.578378
F1_test: 0.515663
 

Arquitectura: _2_12_1_
Semilla: 1788097791
Segundos: 54
NIteraciones: 100000

Costo_train: 0.245487
Precision_train: 0.553079
Recall_train: 0.645601
F1_train: 0.595769

Costo_test: 0.251511
Precision_test: 0.473251
Recall_test: 0.621622
F1_test: 0.537383
 

Arquitectura: _2_12_1_
Semilla: 1788097791
Segundos: 54
NIteraciones: 100000

Costo_train: 0.245506
Precision_train: 0.558926
Recall_train: 0.593556
F1_train: 0.575721

Costo_test: 0.251390
Precision_test: 0.478814
Recall_test: 0.610811
F1_test: 0.536817
 

Arquitectura: _2_12_1_
Semilla: 1788097791
Segundos: 54
NIteraciones: 100000

Costo_train: 0.245420
Precision_train: 0.554382
Recall_train: 0.650558
F1_train: 0.598632

Costo_test: 0.251660
Precision_test: 0.483871
Recall_test: 0.648649
F1_test: 0.554272
 

Arquitectura: _2_12_1_
Semilla: 1788097791
Segundos: 54
NIteraciones: 100000

Costo_train: 0.245896
Precision_train: 0.547826
Recall_train: 0.624535
F1_train: 0.583671

Costo_test: 0.250918
Precision_test: 0.477912
Recall_test: 0.643243
F1_test: 0.548387
 

Arquitectura: _2_12_1_
Semilla: 1788097791
Segundos: 54
NIteraciones: 100000

Costo_train: 0.245423
Precision_train: 0.553666
Recall_train: 0.645601
F1_train: 0.596110

Costo_test: 0.251693
Precision_test: 0.483607
Recall_test: 0.637838
F1_test: 0.550117
 

Arquitectura: _2_12_1_
Semilla: 1788097791
Segundos: 54
NIteraciones: 100000

Costo_train: 0.245472
Precision_train: 0.558855
Recall_train: 0.653036
F1_train: 0.602286

Costo_test: 0.251558
Precision_test: 0.465863
Recall_test: 0.627027
F1_test: 0.534562
 

Arquitectura: _2_12_1_
Semilla: 1788097791
Segundos: 54
NIteraciones: 100000

Costo_train: 0.245374
Precision_train: 0.556818
Recall_train: 0.607187
F1_train: 0.580913

Costo_test: 0.251716
Precision_test: 0.478814
Recall_test: 0.610811
F1_test: 0.536817
 

Arquitectura: _2_12_1_
Semilla: 1788097791
Segundos: 54
NIteraciones: 100000

Costo_train: 0.245286
Precision_train: 0.560488
Recall_train: 0.625775
F1_train: 0.591335

Costo_test: 0.252271
Precision_test: 0.467811
Recall_test: 0.589189
F1_test: 0.521531
 

Arquitectura: _2_12_1_
Semilla: 1788097791
Segundos: 54
NIteraciones: 100000

Costo_train: 0.245530
Precision_train: 0.557920
Recall_train: 0.584882
F1_train: 0.571083

Costo_test: 0.251571
Precision_test: 0.480349
Recall_test: 0.594595
F1_test: 0.531401
 

Arquitectura: _2_12_1_
Semilla: 1788097791
Segundos: 54
NIteraciones: 100000

Costo_train: 0.245304
Precision_train: 0.561176
Recall_train: 0.591078
F1_train: 0.575739

Costo_test: 0.251913
Precision_test: 0.482609
Recall_test: 0.600000
F1_test: 0.534940
 

Arquitectura: _2_12_1_
Semilla: 1788097791
Segundos: 54
NIteraciones: 100000

Costo_train: 0.245097
Precision_train: 0.563034
Recall_train: 0.653036
F1_train: 0.604704

Costo_test: 0.252946
Precision_test: 0.483333
Recall_test: 0.627027
F1_test: 0.545882
 

Arquitectura: _2_12_1_
Semilla: 1788097791
Segundos: 54
NIteraciones: 100000

Costo_train: 0.245510
Precision_train: 0.559908
Recall_train: 0.602230
F1_train: 0.580299

Costo_test: 0.251332
Precision_test: 0.480687
Recall_test: 0.605405
F1_test: 0.535885
 

Arquitectura: _2_12_1_
Semilla: 1788097791
Segundos: 54
NIteraciones: 100000

Costo_train: 0.245675
Precision_train: 0.552359
Recall_train: 0.594796
F1_train: 0.572792

Costo_test: 0.251537
Precision_test: 0.484979
Recall_test: 0.610811
F1_test: 0.540670
 

Arquitectura: _2_12_1_
Semilla: 1788097791
Segundos: 54
NIteraciones: 100000

Costo_train: 0.245147
Precision_train: 0.556975
Recall_train: 0.648079
F1_train: 0.599084

Costo_test: 0.252682
Precision_test: 0.479167
Recall_test: 0.621622
F1_test: 0.541176
 

Arquitectura: _2_12_1_
Semilla: 1788097791
Segundos: 54
NIteraciones: 100000

Costo_train: 0.246433
Precision_train: 0.544469
Recall_train: 0.622057
F1_train: 0.580682

Costo_test: 0.249803
Precision_test: 0.493927
Recall_test: 0.659459
F1_test: 0.564815
 

Arquitectura: _2_12_1_
Semilla: 1788097791
Segundos: 54
NIteraciones: 100000

Costo_train: 0.245406
Precision_train: 0.556161
Recall_train: 0.631970
F1_train: 0.591647

Costo_test: 0.251549
Precision_test: 0.466667
Recall_test: 0.605405
F1_test: 0.527059
 

Arquitectura: _2_12_1_
Semilla: 1788097791
Segundos: 54
NIteraciones: 100000

Costo_train: 0.245529
Precision_train: 0.562099
Recall_train: 0.650558
F1_train: 0.603102

Costo_test: 0.251425
Precision_test: 0.465306
Recall_test: 0.616216
F1_test: 0.530233
 

Arquitectura: _2_12_1_
Semilla: 1788097791
Segundos: 54
NIteraciones: 100000

Costo_train: 0.245373
Precision_train: 0.556763
Recall_train: 0.571252
F1_train: 0.563914

Costo_test: 0.251883
Precision_test: 0.484582
Recall_test: 0.594595
F1_test: 0.533981
 

Arquitectura: _2_12_1_
Semilla: 1788097791
Segundos: 54
NIteraciones: 100000

Costo_train: 0.245103
Precision_train: 0.556227
Recall_train: 0.570012
F1_train: 0.563035

Costo_test: 0.251677
Precision_test: 0.484582
Recall_test: 0.594595
F1_test: 0.533981
 

Arquitectura: _2_12_1_
Semilla: 1788097791
Segundos: 54
NIteraciones: 100000

Costo_train: 0.245428
Precision_train: 0.554507
Recall_train: 0.655514
F1_train: 0.600795

Costo_test: 0.251476
Precision_test: 0.473684
Recall_test: 0.632432
F1_test: 0.541667
 

Arquitectura: _2_12_1_
Semilla: 1788097791
Segundos: 54
NIteraciones: 100000

Costo_train: 0.245479
Precision_train: 0.559322
Recall_train: 0.654275
F1_train: 0.603084

Costo_test: 0.251293
Precision_test: 0.467213
Recall_test: 0.616216
F1_test: 0.531469
 

Arquitectura: _2_12_1_
Semilla: 1788097791
Segundos: 54
NIteraciones: 100000

Costo_train: 0.245227
Precision_train: 0.557219
Recall_train: 0.645601
F1_train: 0.598163

Costo_test: 0.252312
Precision_test: 0.477178
Recall_test: 0.621622
F1_test: 0.539906
 

Arquitectura: _2_12_1_
Semilla: 1788097791
Segundos: 54
NIteraciones: 100000

Costo_train: 0.245499
Precision_train: 0.558824
Recall_train: 0.612144
F1_train: 0.584270

Costo_test: 0.251273
Precision_test: 0.481013
Recall_test: 0.616216
F1_test: 0.540284
 

Arquitectura: _2_12_1_
Semilla: 1788097791
Segundos: 54
NIteraciones: 100000

Costo_train: 0.245401
Precision_train: 0.559105
Recall_train: 0.650558
F1_train: 0.601375

Costo_test: 0.251508
Precision_test: 0.470833
Recall_test: 0.610811
F1_test: 0.531765
 

Arquitectura: _2_12_1_
Semilla: 1788097791
Segundos: 54
NIteraciones: 100000

Costo_train: 0.245436
Precision_train: 0.551653
Recall_train: 0.661710
F1_train: 0.601690

Costo_test: 0.251304
Precision_test: 0.468000
Recall_test: 0.632432
F1_test: 0.537931
 

Arquitectura: _2_12_1_
Semilla: 1788097791
Segundos: 54
NIteraciones: 100000

Costo_train: 0.245729
Precision_train: 0.549087
Recall_train: 0.596035
F1_train: 0.571598

Costo_test: 0.251393
Precision_test: 0.478632
Recall_test: 0.605405
F1_test: 0.534606
 

Arquitectura: _2_12_1_
Semilla: 1788097791
Segundos: 54
NIteraciones: 100000

Costo_train: 0.245618
Precision_train: 0.557987
Recall_train: 0.631970
F1_train: 0.592679

Costo_test: 0.251539
Precision_test: 0.465021
Recall_test: 0.610811
F1_test: 0.528037
 

Arquitectura: _2_12_1_
Semilla: 1788097791
Segundos: 54
NIteraciones: 100000

Costo_train: 0.245215
Precision_train: 0.560638
Recall_train: 0.653036
F1_train: 0.603320

Costo_test: 0.252567
Precision_test: 0.475410
Recall_test: 0.627027
F1_test: 0.540793
 

Arquitectura: _2_12_1_
Semilla: 1788097791
Segundos: 54
NIteraciones: 100000

Costo_train: 0.245403
Precision_train: 0.556989
Recall_train: 0.641883
F1_train: 0.596431

Costo_test: 0.251405
Precision_test: 0.465306
Recall_test: 0.616216
F1_test: 0.530233
 

Arquitectura: _2_12_1_
Semilla: 1788097791
Segundos: 54
NIteraciones: 100000

Costo_train: 0.245496
Precision_train: 0.562356
Recall_train: 0.603470
F1_train: 0.582188

Costo_test: 0.250941
Precision_test: 0.484979
Recall_test: 0.610811
F1_test: 0.540670
 

Arquitectura: _2_12_1_
Semilla: 1788097791
Segundos: 54
NIteraciones: 100000

Costo_train: 0.245693
Precision_train: 0.561538
Recall_train: 0.633209
F1_train: 0.595224

Costo_test: 0.250748
Precision_test: 0.468880
Recall_test: 0.610811
F1_test: 0.530516
 

Arquitectura: _2_12_1_
Semilla: 1788097791
Segundos: 54
NIteraciones: 100000

Costo_train: 0.245373
Precision_train: 0.558824
Recall_train: 0.588600
F1_train: 0.573325

Costo_test: 0.252172
Precision_test: 0.486842
Recall_test: 0.600000
F1_test: 0.537530
 

Arquitectura: _2_12_1_
Semilla: 1788097791
Segundos: 54
NIteraciones: 100000

Costo_train: 0.245543
Precision_train: 0.554737
Recall_train: 0.653036
F1_train: 0.599886

Costo_test: 0.251075
Precision_test: 0.465306
Recall_test: 0.616216
F1_test: 0.530233
 

Arquitectura: _2_12_1_
Semilla: 1788097791
Segundos: 54
NIteraciones: 100000

Costo_train: 0.245395
Precision_train: 0.564795
Recall_train: 0.648079
F1_train: 0.603578

Costo_test: 0.251798
Precision_test: 0.461224
Recall_test: 0.610811
F1_test: 0.525581
 

Arquitectura: _2_12_1_
Semilla: 1788097791
Segundos: 54
NIteraciones: 100000

Costo_train: 0.245556
Precision_train: 0.553510
Recall_train: 0.596035
F1_train: 0.573986

Costo_test: 0.251930
Precision_test: 0.480687
Recall_test: 0.605405
F1_test: 0.535885
 

Arquitectura: _2_12_1_
Semilla: 1788097791
Segundos: 54
NIteraciones: 100000

Costo_train: 0.245341
Precision_train: 0.562162
Recall_train: 0.644362
F1_train: 0.600462

Costo_test: 0.251709
Precision_test: 0.466387
Recall_test: 0.600000
F1_test: 0.524823
 

Arquitectura: _2_12_1_
Semilla: 1788097791
Segundos: 54
NIteraciones: 100000

Costo_train: 0.245566
Precision_train: 0.557112
Recall_train: 0.640644
F1_train: 0.595965

Costo_test: 0.251695
Precision_test: 0.472803
Recall_test: 0.610811
F1_test: 0.533019
 

Arquitectura: _2_12_1_
Semilla: 1788097791
Segundos: 54
NIteraciones: 100000

Costo_train: 0.245630
Precision_train: 0.554433
Recall_train: 0.612144
F1_train: 0.581861

Costo_test: 0.251522
Precision_test: 0.474576
Recall_test: 0.605405
F1_test: 0.532066
 

Arquitectura: _2_12_1_
Semilla: 1788097791
Segundos: 54
NIteraciones: 100000

Costo_train: 0.245536
Precision_train: 0.552602
Recall_train: 0.618340
F1_train: 0.583626

Costo_test: 0.251861
Precision_test: 0.480851
Recall_test: 0.610811
F1_test: 0.538095
 

Arquitectura: _2_12_1_
Semilla: 1788097791
Segundos: 54
NIteraciones: 100000

Costo_train: 0.245511
Precision_train: 0.561547
Recall_train: 0.593556
F1_train: 0.577108

Costo_test: 0.251437
Precision_test: 0.480851
Recall_test: 0.610811
F1_test: 0.538095
 

Arquitectura: _2_12_1_
Semilla: 1788097791
Segundos: 54
NIteraciones: 100000

Costo_train: 0.245381
Precision_train: 0.545455
Recall_train: 0.646840
F1_train: 0.591837

Costo_test: 0.252288
Precision_test: 0.477366
Recall_test: 0.627027
F1_test: 0.542056
 

Arquitectura: _2_12_1_
Semilla: 1788097791
Segundos: 54
NIteraciones: 100000

Costo_train: 0.245383
Precision_train: 0.557097
Recall_train: 0.646840
F1_train: 0.598624

Costo_test: 0.251583
Precision_test: 0.463415
Recall_test: 0.616216
F1_test: 0.529002
 

Arquitectura: _2_12_1_
Semilla: 1788097791
Segundos: 54
NIteraciones: 100000

Costo_train: 0.245563
Precision_train: 0.555677
Recall_train: 0.630731
F1_train: 0.590830

Costo_test: 0.251681
Precision_test: 0.472103
Recall_test: 0.594595
F1_test: 0.526316
 

Arquitectura: _2_12_1_
Semilla: 1788097791
Segundos: 54
NIteraciones: 100000

Costo_train: 0.245479
Precision_train: 0.555804
Recall_train: 0.617100
F1_train: 0.584850

Costo_test: 0.252367
Precision_test: 0.463519
Recall_test: 0.583784
F1_test: 0.516746
 

Arquitectura: _2_12_1_
Semilla: 1788097791
Segundos: 54
NIteraciones: 100000

Costo_train: 0.245552
Precision_train: 0.558685
Recall_train: 0.589839
F1_train: 0.573840

Costo_test: 0.251335
Precision_test: 0.484582
Recall_test: 0.594595
F1_test: 0.533981
 

Arquitectura: _2_12_1_
Semilla: 1788097791
Segundos: 54
NIteraciones: 100000

Costo_train: 0.245572
Precision_train: 0.555085
Recall_train: 0.649318
F1_train: 0.598515

Costo_test: 0.252026
Precision_test: 0.469136
Recall_test: 0.616216
F1_test: 0.532710
 

Arquitectura: _2_12_1_
Semilla: 1788097791
Segundos: 54
NIteraciones: 100000

Costo_train: 0.245526
Precision_train: 0.556831
Recall_train: 0.600991
F1_train: 0.578069

Costo_test: 0.252059
Precision_test: 0.475983
Recall_test: 0.589189
F1_test: 0.526570
 

Arquitectura: _2_12_1_
Semilla: 1788097791
Segundos: 54
NIteraciones: 100000

Costo_train: 0.245615
Precision_train: 0.559211
Recall_train: 0.631970
F1_train: 0.593368

Costo_test: 0.251370
Precision_test: 0.470588
Recall_test: 0.605405
F1_test: 0.529551
 

Arquitectura: _2_12_1_
Semilla: 1788097791
Segundos: 54
NIteraciones: 100000

Costo_train: 0.245625
Precision_train: 0.563578
Recall_train: 0.648079
F1_train: 0.602882

Costo_test: 0.251131
Precision_test: 0.468880
Recall_test: 0.610811
F1_test: 0.530516
 

Arquitectura: _2_12_1_
Semilla: 1788097791
Segundos: 54
NIteraciones: 100000

Costo_train: 0.245695
Precision_train: 0.552688
Recall_train: 0.636927
F1_train: 0.591825

Costo_test: 0.251240
Precision_test: 0.472803
Recall_test: 0.610811
F1_test: 0.533019
 

Arquitectura: _2_12_1_
Semilla: 1788097791
Segundos: 54
NIteraciones: 100000

Costo_train: 0.245382
Precision_train: 0.558091
Recall_train: 0.666667
F1_train: 0.607566

Costo_test: 0.251676
Precision_test: 0.465863
Recall_test: 0.627027
F1_test: 0.534562
 

Arquitectura: _2_12_1_
Semilla: 1788097791
Segundos: 54
NIteraciones: 100000

Costo_train: 0.245393
Precision_train: 0.554622
Recall_train: 0.654275
F1_train: 0.600341

Costo_test: 0.251582
Precision_test: 0.477733
Recall_test: 0.637838
F1_test: 0.546296
 

Arquitectura: _2_12_1_
Semilla: 1788097791
Segundos: 54
NIteraciones: 100000

Costo_train: 0.245352
Precision_train: 0.565547
Recall_train: 0.646840
F1_train: 0.603468

Costo_test: 0.252063
Precision_test: 0.466667
Recall_test: 0.605405
F1_test: 0.527059
 

Arquitectura: _2_12_1_
Semilla: 1788097791
Segundos: 54
NIteraciones: 100000

Costo_train: 0.245611
Precision_train: 0.557589
Recall_train: 0.641883
F1_train: 0.596774

Costo_test: 0.251417
Precision_test: 0.471074
Recall_test: 0.616216
F1_test: 0.533958
 

Arquitectura: _2_12_1_
Semilla: 1788097791
Segundos: 54
NIteraciones: 100000

Costo_train: 0.245410
Precision_train: 0.558190
Recall_train: 0.641883
F1_train: 0.597118

Costo_test: 0.251855
Precision_test: 0.475207
Recall_test: 0.621622
F1_test: 0.538642
 

Arquitectura: _2_12_1_
Semilla: 1788097791
Segundos: 54
NIteraciones: 100000

Costo_train: 0.245498
Precision_train: 0.551471
Recall_train: 0.650558
F1_train: 0.596930

Costo_test: 0.251348
Precision_test: 0.468000
Recall_test: 0.632432
F1_test: 0.537931
 

Arquitectura: _2_12_1_
Semilla: 1788097791
Segundos: 54
NIteraciones: 100000

Costo_train: 0.245336
Precision_train: 0.561497
Recall_train: 0.650558
F1_train: 0.602755

Costo_test: 0.251972
Precision_test: 0.465863
Recall_test: 0.627027
F1_test: 0.534562
 

Arquitectura: _2_12_1_
Semilla: 1788097791
Segundos: 54
NIteraciones: 100000

Costo_train: 0.246143
Precision_train: 0.551111
Recall_train: 0.614622
F1_train: 0.581137

Costo_test: 0.250778
Precision_test: 0.489270
Recall_test: 0.616216
F1_test: 0.545455
 

Arquitectura: _2_12_1_
Semilla: 1788097791
Segundos: 54
NIteraciones: 100000

Costo_train: 0.245663
Precision_train: 0.550214
Recall_train: 0.638166
F1_train: 0.590935

Costo_test: 0.251144
Precision_test: 0.471545
Recall_test: 0.627027
F1_test: 0.538283
 

Arquitectura: _2_12_1_
Semilla: 1788097791
Segundos: 54
NIteraciones: 100000

Costo_train: 0.245713
Precision_train: 0.552775
Recall_train: 0.629492
F1_train: 0.588644

Costo_test: 0.251676
Precision_test: 0.468354
Recall_test: 0.600000
F1_test: 0.526066
 

Arquitectura: _2_12_1_
Semilla: 1788097791
Segundos: 54
NIteraciones: 100000

Costo_train: 0.245589
Precision_train: 0.555792
Recall_train: 0.648079
F1_train: 0.598398

Costo_test: 0.251166
Precision_test: 0.465863
Recall_test: 0.627027
F1_test: 0.534562
 

Arquitectura: _2_12_1_
Semilla: 1788097791
Segundos: 54
NIteraciones: 100000

Costo_train: 0.245154
Precision_train: 0.560044
Recall_train: 0.635688
F1_train: 0.595473

Costo_test: 0.252958
Precision_test: 0.472574
Recall_test: 0.605405
F1_test: 0.530806
 

Arquitectura: _2_12_1_
Semilla: 1788097791
Segundos: 54
NIteraciones: 100000

Costo_train: 0.245547
Precision_train: 0.558612
Recall_train: 0.578686
F1_train: 0.568472

Costo_test: 0.251266
Precision_test: 0.486957
Recall_test: 0.605405
F1_test: 0.539759
 

Arquitectura: _2_12_1_
Semilla: 1788097791
Segundos: 54
NIteraciones: 100000

Costo_train: 0.245667
Precision_train: 0.556624
Recall_train: 0.645601
F1_train: 0.597820

Costo_test: 0.251126
Precision_test: 0.473469
Recall_test: 0.627027
F1_test: 0.539535
 

Arquitectura: _2_12_1_
Semilla: 1788097791
Segundos: 54
NIteraciones: 100000

Costo_train: 0.245582
Precision_train: 0.554311
Recall_train: 0.613383
F1_train: 0.582353

Costo_test: 0.251496
Precision_test: 0.478814
Recall_test: 0.610811
F1_test: 0.536817
 

Arquitectura: _2_12_1_
Semilla: 1788097791
Segundos: 54
NIteraciones: 100000

Costo_train: 0.245591
Precision_train: 0.562914
Recall_train: 0.631970
F1_train: 0.595447

Costo_test: 0.251609
Precision_test: 0.466102
Recall_test: 0.594595
F1_test: 0.522565
 

Arquitectura: _2_12_1_
Semilla: 1788097791
Segundos: 54
NIteraciones: 100000

Costo_train: 0.245279
Precision_train: 0.556494
Recall_train: 0.653036
F1_train: 0.600912

Costo_test: 0.252089
Precision_test: 0.477551
Recall_test: 0.632432
F1_test: 0.544186
 

Arquitectura: _2_12_1_
Semilla: 1788097791
Segundos: 54
NIteraciones: 100000

Costo_train: 0.245540
Precision_train: 0.557870
Recall_train: 0.597274
F1_train: 0.576900

Costo_test: 0.251617
Precision_test: 0.480851
Recall_test: 0.610811
F1_test: 0.538095
 

Arquitectura: _2_12_1_
Semilla: 1788097791
Segundos: 54
NIteraciones: 100000

Costo_train: 0.245528
Precision_train: 0.557629
Recall_train: 0.629492
F1_train: 0.591385

Costo_test: 0.251892
Precision_test: 0.478632
Recall_test: 0.605405
F1_test: 0.534606
 

Arquitectura: _2_12_1_
Semilla: 1788097791
Segundos: 54
NIteraciones: 100000

Costo_train: 0.245669
Precision_train: 0.548781
Recall_train: 0.613383
F1_train: 0.579286

Costo_test: 0.251387
Precision_test: 0.475207
Recall_test: 0.621622
F1_test: 0.538642
 

Arquitectura: _2_12_1_
Semilla: 1788097791
Segundos: 54
NIteraciones: 100000

Costo_train: 0.245167
Precision_train: 0.561957
Recall_train: 0.640644
F1_train: 0.598726

Costo_test: 0.252756
Precision_test: 0.472574
Recall_test: 0.605405
F1_test: 0.530806
 

Arquitectura: _2_12_1_
Semilla: 1788097791
Segundos: 54
NIteraciones: 100000

Costo_train: 0.245739
Precision_train: 0.547429
Recall_train: 0.593556
F1_train: 0.569560

Costo_test: 0.251448
Precision_test: 0.489270
Recall_test: 0.616216
F1_test: 0.545455
 

Arquitectura: _2_12_1_
Semilla: 1788097791
Segundos: 54
NIteraciones: 100000

Costo_train: 0.245426
Precision_train: 0.561905
Recall_train: 0.584882
F1_train: 0.573163

Costo_test: 0.251435
Precision_test: 0.480519
Recall_test: 0.600000
F1_test: 0.533654
 

Arquitectura: _2_12_1_
Semilla: 1788097791
Segundos: 54
NIteraciones: 100000

Costo_train: 0.245529
Precision_train: 0.564551
Recall_train: 0.639405
F1_train: 0.599651

Costo_test: 0.251580
Precision_test: 0.462500
Recall_test: 0.600000
F1_test: 0.522353
 


--- Test Profunda 4.0 ---
Iteración 10000
Costo: 0.249978
Iteración 20000
Costo: 0.249977
Iteración 30000
Costo: 0.249976
Iteración 40000
Costo: 0.249975
Iteración 50000
Costo: 0.249974
Iteración 60000
Costo: 0.249973
Iteración 70000
Costo: 0.249972
Iteración 80000
Costo: 0.249971
Iteración 90000
Costo: 0.249970

Arquitectura: _2_3_3_3_3_1_
Semilla: 1788097845
Segundos: 186
NIteraciones: 100000

Costo_train: 0.249969
Precision_train: 0.504375
Recall_train: 1.000000
F1_train: 0.670544

Costo_test: 0.250307
Precision_test: 0.462500
Recall_test: 1.000000
F1_test: 0.632479
 

Arquitectura: _2_3_3_3_3_1_
Semilla: 1788097845
Segundos: 186
NIteraciones: 100000

Costo_train: 0.249948
Precision_train: 0.504375
Recall_train: 1.000000
F1_train: 0.670544

Costo_test: 0.250296
Precision_test: 0.462500
Recall_test: 1.000000
F1_test: 0.632479
 

Arquitectura: _2_3_3_3_3_1_
Semilla: 1788097845
Segundos: 186
NIteraciones: 100000

Costo_train: 0.249597
Precision_train: 0.519916
Recall_train: 0.614622
F1_train: 0.563316

Costo_test: 0.250311
Precision_test: 0.453061
Recall_test: 0.600000
F1_test: 0.516279
 

Arquitectura: _2_3_3_3_3_1_
Semilla: 1788097845
Segundos: 186
NIteraciones: 100000

Costo_train: 0.249985
Precision_train: 0.504375
Recall_train: 1.000000
F1_train: 0.670544

Costo_test: 0.250376
Precision_test: 0.462500
Recall_test: 1.000000
F1_test: 0.632479
 

Arquitectura: _2_3_3_3_3_1_
Semilla: 1788097845
Segundos: 186
NIteraciones: 100000

Costo_train: 0.249910
Precision_train: 0.504375
Recall_train: 1.000000
F1_train: 0.670544

Costo_test: 0.250358
Precision_test: 0.462500
Recall_test: 1.000000
F1_test: 0.632479
 

Arquitectura: _2_3_3_3_3_1_
Semilla: 1788097845
Segundos: 186
NIteraciones: 100000

Costo_train: 0.249931
Precision_train: 0.504375
Recall_train: 1.000000
F1_train: 0.670544

Costo_test: 0.250351
Precision_test: 0.462500
Recall_test: 1.000000
F1_test: 0.632479
 

Arquitectura: _2_3_3_3_3_1_
Semilla: 1788097845
Segundos: 186
NIteraciones: 100000

Costo_train: 0.249982
Precision_train: 0.504375
Recall_train: 1.000000
F1_train: 0.670544

Costo_test: 0.250319
Precision_test: 0.462500
Recall_test: 1.000000
F1_test: 0.632479
 

Arquitectura: _2_3_3_3_3_1_
Semilla: 1788097845
Segundos: 186
NIteraciones: 100000

Costo_train: 0.249988
Precision_train: 0.504375
Recall_train: 1.000000
F1_train: 0.670544

Costo_test: 0.250312
Precision_test: 0.462500
Recall_test: 1.000000
F1_test: 0.632479
 

Arquitectura: _2_3_3_3_3_1_
Semilla: 1788097845
Segundos: 186
NIteraciones: 100000

Costo_train: 0.249986
Precision_train: 0.504375
Recall_train: 1.000000
F1_train: 0.670544

Costo_test: 0.250340
Precision_test: 0.462500
Recall_test: 1.000000
F1_test: 0.632479
 

Arquitectura: _2_3_3_3_3_1_
Semilla: 1788097845
Segundos: 186
NIteraciones: 100000

Costo_train: 0.249964
Precision_train: 0.504375
Recall_train: 1.000000
F1_train: 0.670544

Costo_test: 0.250295
Precision_test: 0.462500
Recall_test: 1.000000
F1_test: 0.632479
 

Arquitectura: _2_3_3_3_3_1_
Semilla: 1788097845
Segundos: 186
NIteraciones: 100000

Costo_train: 0.249999
Precision_train: 0.504375
Recall_train: 1.000000
F1_train: 0.670544

Costo_test: 0.250382
Precision_test: 0.462500
Recall_test: 1.000000
F1_test: 0.632479
 

Arquitectura: _2_3_3_3_3_1_
Semilla: 1788097845
Segundos: 186
NIteraciones: 100000

Costo_train: 0.249988
Precision_train: 0.504375
Recall_train: 1.000000
F1_train: 0.670544

Costo_test: 0.250348
Precision_test: 0.462500
Recall_test: 1.000000
F1_test: 0.632479
 

Arquitectura: _2_3_3_3_3_1_
Semilla: 1788097845
Segundos: 186
NIteraciones: 100000

Costo_train: 0.249966
Precision_train: 0.504375
Recall_train: 1.000000
F1_train: 0.670544

Costo_test: 0.250308
Precision_test: 0.462500
Recall_test: 1.000000
F1_test: 0.632479
 

Arquitectura: _2_3_3_3_3_1_
Semilla: 1788097845
Segundos: 186
NIteraciones: 100000

Costo_train: 0.249858
Precision_train: 0.509202
Recall_train: 0.925651
F1_train: 0.656992

Costo_test: 0.250116
Precision_test: 0.466488
Recall_test: 0.940541
F1_test: 0.623656
 

Arquitectura: _2_3_3_3_3_1_
Semilla: 1788097845
Segundos: 186
NIteraciones: 100000

Costo_train: 0.249799
Precision_train: 0.522959
Recall_train: 0.762082
F1_train: 0.620272

Costo_test: 0.250194
Precision_test: 0.479452
Recall_test: 0.756757
F1_test: 0.587002
 

Arquitectura: _2_3_3_3_3_1_
Semilla: 1788097845
Segundos: 186
NIteraciones: 100000

Costo_train: 0.249834
Precision_train: 0.518906
Recall_train: 0.799257
F1_train: 0.629268

Costo_test: 0.250319
Precision_test: 0.471947
Recall_test: 0.772973
F1_test: 0.586066
 

Arquitectura: _2_3_3_3_3_1_
Semilla: 1788097845
Segundos: 186
NIteraciones: 100000

Costo_train: 0.249975
Precision_train: 0.504375
Recall_train: 1.000000
F1_train: 0.670544

Costo_test: 0.250327
Precision_test: 0.462500
Recall_test: 1.000000
F1_test: 0.632479
 

Arquitectura: _2_3_3_3_3_1_
Semilla: 1788097845
Segundos: 186
NIteraciones: 100000

Costo_train: 0.249905
Precision_train: 0.504375
Recall_train: 1.000000
F1_train: 0.670544

Costo_test: 0.250333
Precision_test: 0.462500
Recall_test: 1.000000
F1_test: 0.632479
 

Arquitectura: _2_3_3_3_3_1_
Semilla: 1788097845
Segundos: 186
NIteraciones: 100000

Costo_train: 0.249699
Precision_train: 0.519710
Recall_train: 0.620818
F1_train: 0.565782

Costo_test: 0.250411
Precision_test: 0.463035
Recall_test: 0.643243
F1_test: 0.538462
 

Arquitectura: _2_3_3_3_3_1_
Semilla: 1788097845
Segundos: 186
NIteraciones: 100000

Costo_train: 0.249989
Precision_train: 0.504375
Recall_train: 1.000000
F1_train: 0.670544

Costo_test: 0.250371
Precision_test: 0.462500
Recall_test: 1.000000
F1_test: 0.632479
 

Arquitectura: _2_3_3_3_3_1_
Semilla: 1788097845
Segundos: 186
NIteraciones: 100000

Costo_train: 0.249952
Precision_train: 0.504375
Recall_train: 1.000000
F1_train: 0.670544

Costo_test: 0.250440
Precision_test: 0.462500
Recall_test: 1.000000
F1_test: 0.632479
 

Arquitectura: _2_3_3_3_3_1_
Semilla: 1788097845
Segundos: 186
NIteraciones: 100000

Costo_train: 0.249948
Precision_train: 0.504375
Recall_train: 1.000000
F1_train: 0.670544

Costo_test: 0.250346
Precision_test: 0.462500
Recall_test: 1.000000
F1_test: 0.632479
 

Arquitectura: _2_3_3_3_3_1_
Semilla: 1788097845
Segundos: 186
NIteraciones: 100000

Costo_train: 0.249967
Precision_train: 0.504375
Recall_train: 1.000000
F1_train: 0.670544

Costo_test: 0.250351
Precision_test: 0.462500
Recall_test: 1.000000
F1_test: 0.632479
 

Arquitectura: _2_3_3_3_3_1_
Semilla: 1788097845
Segundos: 186
NIteraciones: 100000

Costo_train: 0.249852
Precision_train: 0.504447
Recall_train: 0.983891
F1_train: 0.666947

Costo_test: 0.250272
Precision_test: 0.463476
Recall_test: 0.994595
F1_test: 0.632302
 

Arquitectura: _2_3_3_3_3_1_
Semilla: 1788097845
Segundos: 186
NIteraciones: 100000

Costo_train: 0.249531
Precision_train: 0.525424
Recall_train: 0.614622
F1_train: 0.566533

Costo_test: 0.249963
Precision_test: 0.464435
Recall_test: 0.600000
F1_test: 0.523585
 

Arquitectura: _2_3_3_3_3_1_
Semilla: 1788097845
Segundos: 186
NIteraciones: 100000

Costo_train: 0.249988
Precision_train: 0.504375
Recall_train: 1.000000
F1_train: 0.670544

Costo_test: 0.250343
Precision_test: 0.462500
Recall_test: 1.000000
F1_test: 0.632479
 

Arquitectura: _2_3_3_3_3_1_
Semilla: 1788097845
Segundos: 186
NIteraciones: 100000

Costo_train: 0.249924
Precision_train: 0.504375
Recall_train: 1.000000
F1_train: 0.670544

Costo_test: 0.250307
Precision_test: 0.462500
Recall_test: 1.000000
F1_test: 0.632479
 

Arquitectura: _2_3_3_3_3_1_
Semilla: 1788097845
Segundos: 186
NIteraciones: 100000

Costo_train: 0.249927
Precision_train: 0.504375
Recall_train: 1.000000
F1_train: 0.670544

Costo_test: 0.250322
Precision_test: 0.462500
Recall_test: 1.000000
F1_test: 0.632479
 

Arquitectura: _2_3_3_3_3_1_
Semilla: 1788097845
Segundos: 186
NIteraciones: 100000

Costo_train: 0.249565
Precision_train: 0.526958
Recall_train: 0.641883
F1_train: 0.578771

Costo_test: 0.249592
Precision_test: 0.502128
Recall_test: 0.637838
F1_test: 0.561905
 

Arquitectura: _2_3_3_3_3_1_
Semilla: 1788097845
Segundos: 186
NIteraciones: 100000

Costo_train: 0.249921
Precision_train: 0.504375
Recall_train: 1.000000
F1_train: 0.670544

Costo_test: 0.250409
Precision_test: 0.462500
Recall_test: 1.000000
F1_test: 0.632479
 

Arquitectura: _2_3_3_3_3_1_
Semilla: 1788097845
Segundos: 186
NIteraciones: 100000

Costo_train: 0.249985
Precision_train: 0.504375
Recall_train: 1.000000
F1_train: 0.670544

Costo_test: 0.250352
Precision_test: 0.462500
Recall_test: 1.000000
F1_test: 0.632479
 

Arquitectura: _2_3_3_3_3_1_
Semilla: 1788097845
Segundos: 186
NIteraciones: 100000

Costo_train: 0.249983
Precision_train: 0.504375
Recall_train: 1.000000
F1_train: 0.670544

Costo_test: 0.250353
Precision_test: 0.462500
Recall_test: 1.000000
F1_test: 0.632479
 

Arquitectura: _2_3_3_3_3_1_
Semilla: 1788097845
Segundos: 186
NIteraciones: 100000

Costo_train: 0.249954
Precision_train: 0.504375
Recall_train: 1.000000
F1_train: 0.670544

Costo_test: 0.250377
Precision_test: 0.462500
Recall_test: 1.000000
F1_test: 0.632479
 

Arquitectura: _2_3_3_3_3_1_
Semilla: 1788097845
Segundos: 186
NIteraciones: 100000

Costo_train: 0.249908
Precision_train: 0.504375
Recall_train: 1.000000
F1_train: 0.670544

Costo_test: 0.250250
Precision_test: 0.462500
Recall_test: 1.000000
F1_test: 0.632479
 

Arquitectura: _2_3_3_3_3_1_
Semilla: 1788097845
Segundos: 186
NIteraciones: 100000

Costo_train: 0.249902
Precision_train: 0.512227
Recall_train: 0.960347
F1_train: 0.668103

Costo_test: 0.250040
Precision_test: 0.470899
Recall_test: 0.962162
F1_test: 0.632327
 

Arquitectura: _2_3_3_3_3_1_
Semilla: 1788097845
Segundos: 186
NIteraciones: 100000

Costo_train: 0.249692
Precision_train: 0.524131
Recall_train: 0.672862
F1_train: 0.589257

Costo_test: 0.250329
Precision_test: 0.460076
Recall_test: 0.654054
F1_test: 0.540179
 

Arquitectura: _2_3_3_3_3_1_
Semilla: 1788097845
Segundos: 186
NIteraciones: 100000

Costo_train: 0.249949
Precision_train: 0.504375
Recall_train: 1.000000
F1_train: 0.670544

Costo_test: 0.250382
Precision_test: 0.462500
Recall_test: 1.000000
F1_test: 0.632479
 

Arquitectura: _2_3_3_3_3_1_
Semilla: 1788097845
Segundos: 186
NIteraciones: 100000

Costo_train: 0.249873
Precision_train: 0.504375
Recall_train: 1.000000
F1_train: 0.670544

Costo_test: 0.250206
Precision_test: 0.462500
Recall_test: 1.000000
F1_test: 0.632479
 

Arquitectura: _2_3_3_3_3_1_
Semilla: 1788097845
Segundos: 186
NIteraciones: 100000

Costo_train: 0.249704
Precision_train: 0.521393
Recall_train: 0.649318
F1_train: 0.578366

Costo_test: 0.249531
Precision_test: 0.510288
Recall_test: 0.670270
F1_test: 0.579439
 

Arquitectura: _2_3_3_3_3_1_
Semilla: 1788097845
Segundos: 186
NIteraciones: 100000

Costo_train: 0.249977
Precision_train: 0.504375
Recall_train: 1.000000
F1_train: 0.670544

Costo_test: 0.250338
Precision_test: 0.462500
Recall_test: 1.000000
F1_test: 0.632479
 

Arquitectura: _2_3_3_3_3_1_
Semilla: 1788097845
Segundos: 186
NIteraciones: 100000

Costo_train: 0.249923
Precision_train: 0.504375
Recall_train: 1.000000
F1_train: 0.670544

Costo_test: 0.250141
Precision_test: 0.462500
Recall_test: 1.000000
F1_test: 0.632479
 

Arquitectura: _2_3_3_3_3_1_
Semilla: 1788097845
Segundos: 186
NIteraciones: 100000

Costo_train: 0.249952
Precision_train: 0.504375
Recall_train: 1.000000
F1_train: 0.670544

Costo_test: 0.250261
Precision_test: 0.462500
Recall_test: 1.000000
F1_test: 0.632479
 

Arquitectura: _2_3_3_3_3_1_
Semilla: 1788097845
Segundos: 186
NIteraciones: 100000

Costo_train: 0.249981
Precision_train: 0.504375
Recall_train: 1.000000
F1_train: 0.670544

Costo_test: 0.250350
Precision_test: 0.462500
Recall_test: 1.000000
F1_test: 0.632479
 

Arquitectura: _2_3_3_3_3_1_
Semilla: 1788097845
Segundos: 186
NIteraciones: 100000

Costo_train: 0.249954
Precision_train: 0.504375
Recall_train: 1.000000
F1_train: 0.670544

Costo_test: 0.250382
Precision_test: 0.462500
Recall_test: 1.000000
F1_test: 0.632479
 

Arquitectura: _2_3_3_3_3_1_
Semilla: 1788097845
Segundos: 186
NIteraciones: 100000

Costo_train: 0.249922
Precision_train: 0.504375
Recall_train: 1.000000
F1_train: 0.670544

Costo_test: 0.250186
Precision_test: 0.462500
Recall_test: 1.000000
F1_test: 0.632479
 

Arquitectura: _2_3_3_3_3_1_
Semilla: 1788097845
Segundos: 186
NIteraciones: 100000

Costo_train: 0.249916
Precision_train: 0.504375
Recall_train: 1.000000
F1_train: 0.670544

Costo_test: 0.250161
Precision_test: 0.462500
Recall_test: 1.000000
F1_test: 0.632479
 

Arquitectura: _2_3_3_3_3_1_
Semilla: 1788097845
Segundos: 186
NIteraciones: 100000

Costo_train: 0.249944
Precision_train: 0.504375
Recall_train: 1.000000
F1_train: 0.670544

Costo_test: 0.250289
Precision_test: 0.462500
Recall_test: 1.000000
F1_test: 0.632479
 

Arquitectura: _2_3_3_3_3_1_
Semilla: 1788097845
Segundos: 186
NIteraciones: 100000

Costo_train: 0.249878
Precision_train: 0.504375
Recall_train: 1.000000
F1_train: 0.670544

Costo_test: 0.250183
Precision_test: 0.462500
Recall_test: 1.000000
F1_test: 0.632479
 

Arquitectura: _2_3_3_3_3_1_
Semilla: 1788097845
Segundos: 186
NIteraciones: 100000

Costo_train: 0.249904
Precision_train: 0.504375
Recall_train: 1.000000
F1_train: 0.670544

Costo_test: 0.250274
Precision_test: 0.462500
Recall_test: 1.000000
F1_test: 0.632479
 

Arquitectura: _2_3_3_3_3_1_
Semilla: 1788097845
Segundos: 186
NIteraciones: 100000

Costo_train: 0.249845
Precision_train: 0.511394
Recall_train: 0.945477
F1_train: 0.663767

Costo_test: 0.250153
Precision_test: 0.460490
Recall_test: 0.913514
F1_test: 0.612319
 

Arquitectura: _2_3_3_3_3_1_
Semilla: 1788097845
Segundos: 186
NIteraciones: 100000

Costo_train: 0.249894
Precision_train: 0.504375
Recall_train: 1.000000
F1_train: 0.670544

Costo_test: 0.250169
Precision_test: 0.462500
Recall_test: 1.000000
F1_test: 0.632479
 

Arquitectura: _2_3_3_3_3_1_
Semilla: 1788097845
Segundos: 186
NIteraciones: 100000

Costo_train: 0.249946
Precision_train: 0.504375
Recall_train: 1.000000
F1_train: 0.670544

Costo_test: 0.250257
Precision_test: 0.462500
Recall_test: 1.000000
F1_test: 0.632479
 

Arquitectura: _2_3_3_3_3_1_
Semilla: 1788097845
Segundos: 186
NIteraciones: 100000

Costo_train: 0.249896
Precision_train: 0.504375
Recall_train: 1.000000
F1_train: 0.670544

Costo_test: 0.250152
Precision_test: 0.462500
Recall_test: 1.000000
F1_test: 0.632479
 

Arquitectura: _2_3_3_3_3_1_
Semilla: 1788097845
Segundos: 186
NIteraciones: 100000

Costo_train: 0.249976
Precision_train: 0.504375
Recall_train: 1.000000
F1_train: 0.670544

Costo_test: 0.250388
Precision_test: 0.462500
Recall_test: 1.000000
F1_test: 0.632479
 

Arquitectura: _2_3_3_3_3_1_
Semilla: 1788097845
Segundos: 186
NIteraciones: 100000

Costo_train: 0.249978
Precision_train: 0.504375
Recall_train: 1.000000
F1_train: 0.670544

Costo_test: 0.250310
Precision_test: 0.462500
Recall_test: 1.000000
F1_test: 0.632479
 

Arquitectura: _2_3_3_3_3_1_
Semilla: 1788097845
Segundos: 186
NIteraciones: 100000

Costo_train: 0.249970
Precision_train: 0.504375
Recall_train: 1.000000
F1_train: 0.670544

Costo_test: 0.250357
Precision_test: 0.462500
Recall_test: 1.000000
F1_test: 0.632479
 

Arquitectura: _2_3_3_3_3_1_
Semilla: 1788097845
Segundos: 186
NIteraciones: 100000

Costo_train: 0.249784
Precision_train: 0.520206
Recall_train: 0.749690
F1_train: 0.614213

Costo_test: 0.250037
Precision_test: 0.482517
Recall_test: 0.745946
F1_test: 0.585987
 

Arquitectura: _2_3_3_3_3_1_
Semilla: 1788097845
Segundos: 186
NIteraciones: 100000

Costo_train: 0.249989
Precision_train: 0.504375
Recall_train: 1.000000
F1_train: 0.670544

Costo_test: 0.250358
Precision_test: 0.462500
Recall_test: 1.000000
F1_test: 0.632479
 

Arquitectura: _2_3_3_3_3_1_
Semilla: 1788097845
Segundos: 186
NIteraciones: 100000

Costo_train: 0.249901
Precision_train: 0.506361
Recall_train: 0.986369
F1_train: 0.669189

Costo_test: 0.250358
Precision_test: 0.463659
Recall_test: 1.000000
F1_test: 0.633562
 

Arquitectura: _2_3_3_3_3_1_
Semilla: 1788097845
Segundos: 186
NIteraciones: 100000

Costo_train: 0.249928
Precision_train: 0.504375
Recall_train: 1.000000
F1_train: 0.670544

Costo_test: 0.250115
Precision_test: 0.462500
Recall_test: 1.000000
F1_test: 0.632479
 

Arquitectura: _2_3_3_3_3_1_
Semilla: 1788097845
Segundos: 186
NIteraciones: 100000

Costo_train: 0.249994
Precision_train: 0.504375
Recall_train: 1.000000
F1_train: 0.670544

Costo_test: 0.250346
Precision_test: 0.462500
Recall_test: 1.000000
F1_test: 0.632479
 

Arquitectura: _2_3_3_3_3_1_
Semilla: 1788097845
Segundos: 186
NIteraciones: 100000

Costo_train: 0.249599
Precision_train: 0.515683
Recall_train: 0.692689
F1_train: 0.591222

Costo_test: 0.249610
Precision_test: 0.488189
Recall_test: 0.670270
F1_test: 0.564920
 

Arquitectura: _2_3_3_3_3_1_
Semilla: 1788097845
Segundos: 186
NIteraciones: 100000

Costo_train: 0.249971
Precision_train: 0.504375
Recall_train: 1.000000
F1_train: 0.670544

Costo_test: 0.250302
Precision_test: 0.462500
Recall_test: 1.000000
F1_test: 0.632479
 

Arquitectura: _2_3_3_3_3_1_
Semilla: 1788097845
Segundos: 186
NIteraciones: 100000

Costo_train: 0.249996
Precision_train: 0.504375
Recall_train: 1.000000
F1_train: 0.670544

Costo_test: 0.250302
Precision_test: 0.462500
Recall_test: 1.000000
F1_test: 0.632479
 

Arquitectura: _2_3_3_3_3_1_
Semilla: 1788097845
Segundos: 186
NIteraciones: 100000

Costo_train: 0.249977
Precision_train: 0.504375
Recall_train: 1.000000
F1_train: 0.670544

Costo_test: 0.250327
Precision_test: 0.462500
Recall_test: 1.000000
F1_test: 0.632479
 

Arquitectura: _2_3_3_3_3_1_
Semilla: 1788097845
Segundos: 186
NIteraciones: 100000

Costo_train: 0.249967
Precision_train: 0.504375
Recall_train: 1.000000
F1_train: 0.670544

Costo_test: 0.250327
Precision_test: 0.462500
Recall_test: 1.000000
F1_test: 0.632479
 

Arquitectura: _2_3_3_3_3_1_
Semilla: 1788097845
Segundos: 186
NIteraciones: 100000

Costo_train: 0.249753
Precision_train: 0.519161
Recall_train: 0.705081
F1_train: 0.598003

Costo_test: 0.250153
Precision_test: 0.479853
Recall_test: 0.708108
F1_test: 0.572052
 

Arquitectura: _2_3_3_3_3_1_
Semilla: 1788097845
Segundos: 186
NIteraciones: 100000

Costo_train: 0.249985
Precision_train: 0.504375
Recall_train: 1.000000
F1_train: 0.670544

Costo_test: 0.250410
Precision_test: 0.462500
Recall_test: 1.000000
F1_test: 0.632479
 

Arquitectura: _2_3_3_3_3_1_
Semilla: 1788097845
Segundos: 186
NIteraciones: 100000

Costo_train: 0.249949
Precision_train: 0.504375
Recall_train: 1.000000
F1_train: 0.670544

Costo_test: 0.250315
Precision_test: 0.462500
Recall_test: 1.000000
F1_test: 0.632479
 

Arquitectura: _2_3_3_3_3_1_
Semilla: 1788097845
Segundos: 186
NIteraciones: 100000

Costo_train: 0.249891
Precision_train: 0.504375
Recall_train: 1.000000
F1_train: 0.670544

Costo_test: 0.250150
Precision_test: 0.462500
Recall_test: 1.000000
F1_test: 0.632479
 

Arquitectura: _2_3_3_3_3_1_
Semilla: 1788097845
Segundos: 186
NIteraciones: 100000

Costo_train: 0.249430
Precision_train: 0.528162
Recall_train: 0.615861
F1_train: 0.568650

Costo_test: 0.249455
Precision_test: 0.484305
Recall_test: 0.583784
F1_test: 0.529412
 

Arquitectura: _2_3_3_3_3_1_
Semilla: 1788097845
Segundos: 186
NIteraciones: 100000

Costo_train: 0.249989
Precision_train: 0.504375
Recall_train: 1.000000
F1_train: 0.670544

Costo_test: 0.250385
Precision_test: 0.462500
Recall_test: 1.000000
F1_test: 0.632479
 

Arquitectura: _2_3_3_3_3_1_
Semilla: 1788097845
Segundos: 186
NIteraciones: 100000

Costo_train: 0.249977
Precision_train: 0.504375
Recall_train: 1.000000
F1_train: 0.670544

Costo_test: 0.250355
Precision_test: 0.462500
Recall_test: 1.000000
F1_test: 0.632479
 

Arquitectura: _2_3_3_3_3_1_
Semilla: 1788097845
Segundos: 186
NIteraciones: 100000

Costo_train: 0.249989
Precision_train: 0.504375
Recall_train: 1.000000
F1_train: 0.670544

Costo_test: 0.250406
Precision_test: 0.462500
Recall_test: 1.000000
F1_test: 0.632479
 

Arquitectura: _2_3_3_3_3_1_
Semilla: 1788097845
Segundos: 186
NIteraciones: 100000

Costo_train: 0.249901
Precision_train: 0.504375
Recall_train: 1.000000
F1_train: 0.670544

Costo_test: 0.250311
Precision_test: 0.462500
Recall_test: 1.000000
F1_test: 0.632479
 

Arquitectura: _2_3_3_3_3_1_
Semilla: 1788097845
Segundos: 186
NIteraciones: 100000

Costo_train: 0.249970
Precision_train: 0.504375
Recall_train: 1.000000
F1_train: 0.670544

Costo_test: 0.250308
Precision_test: 0.462500
Recall_test: 1.000000
F1_test: 0.632479
 

Arquitectura: _2_3_3_3_3_1_
Semilla: 1788097845
Segundos: 186
NIteraciones: 100000

Costo_train: 0.249881
Precision_train: 0.504375
Recall_train: 1.000000
F1_train: 0.670544

Costo_test: 0.250135
Precision_test: 0.462500
Recall_test: 1.000000
F1_test: 0.632479
 

Arquitectura: _2_3_3_3_3_1_
Semilla: 1788097845
Segundos: 186
NIteraciones: 100000

Costo_train: 0.249738
Precision_train: 0.519250
Recall_train: 0.651797
F1_train: 0.578022

Costo_test: 0.249722
Precision_test: 0.500000
Recall_test: 0.643243
F1_test: 0.562648
 

Arquitectura: _2_3_3_3_3_1_
Semilla: 1788097845
Segundos: 186
NIteraciones: 100000

Costo_train: 0.249834
Precision_train: 0.511853
Recall_train: 0.722429
F1_train: 0.599178

Costo_test: 0.249814
Precision_test: 0.500000
Recall_test: 0.735135
F1_test: 0.595186
 

Arquitectura: _2_3_3_3_3_1_
Semilla: 1788097845
Segundos: 186
NIteraciones: 100000

Costo_train: 0.249969
Precision_train: 0.504375
Recall_train: 1.000000
F1_train: 0.670544

Costo_test: 0.250334
Precision_test: 0.462500
Recall_test: 1.000000
F1_test: 0.632479
 

Arquitectura: _2_3_3_3_3_1_
Semilla: 1788097845
Segundos: 186
NIteraciones: 100000

Costo_train: 0.249969
Precision_train: 0.504375
Recall_train: 1.000000
F1_train: 0.670544

Costo_test: 0.250314
Precision_test: 0.462500
Recall_test: 1.000000
F1_test: 0.632479
 

Arquitectura: _2_3_3_3_3_1_
Semilla: 1788097845
Segundos: 186
NIteraciones: 100000

Costo_train: 0.249990
Precision_train: 0.504375
Recall_train: 1.000000
F1_train: 0.670544

Costo_test: 0.250363
Precision_test: 0.462500
Recall_test: 1.000000
F1_test: 0.632479
 

Arquitectura: _2_3_3_3_3_1_
Semilla: 1788097845
Segundos: 186
NIteraciones: 100000

Costo_train: 0.249992
Precision_train: 0.504375
Recall_train: 1.000000
F1_train: 0.670544

Costo_test: 0.250337
Precision_test: 0.462500
Recall_test: 1.000000
F1_test: 0.632479
 

Arquitectura: _2_3_3_3_3_1_
Semilla: 1788097845
Segundos: 186
NIteraciones: 100000

Costo_train: 0.249977
Precision_train: 0.504375
Recall_train: 1.000000
F1_train: 0.670544

Costo_test: 0.250377
Precision_test: 0.462500
Recall_test: 1.000000
F1_test: 0.632479
 

Arquitectura: _2_3_3_3_3_1_
Semilla: 1788097845
Segundos: 186
NIteraciones: 100000

Costo_train: 0.249964
Precision_train: 0.504375
Recall_train: 1.000000
F1_train: 0.670544

Costo_test: 0.250282
Precision_test: 0.462500
Recall_test: 1.000000
F1_test: 0.632479
 

Arquitectura: _2_3_3_3_3_1_
Semilla: 1788097845
Segundos: 186
NIteraciones: 100000

Costo_train: 0.249932
Precision_train: 0.504375
Recall_train: 1.000000
F1_train: 0.670544

Costo_test: 0.250425
Precision_test: 0.462500
Recall_test: 1.000000
F1_test: 0.632479
 

Arquitectura: _2_3_3_3_3_1_
Semilla: 1788097845
Segundos: 186
NIteraciones: 100000

Costo_train: 0.249922
Precision_train: 0.504375
Recall_train: 1.000000
F1_train: 0.670544

Costo_test: 0.250339
Precision_test: 0.462500
Recall_test: 1.000000
F1_test: 0.632479
 

Arquitectura: _2_3_3_3_3_1_
Semilla: 1788097845
Segundos: 186
NIteraciones: 100000

Costo_train: 0.249837
Precision_train: 0.510796
Recall_train: 0.938042
F1_train: 0.661424

Costo_test: 0.250194
Precision_test: 0.463415
Recall_test: 0.924324
F1_test: 0.617329
 

Arquitectura: _2_3_3_3_3_1_
Semilla: 1788097845
Segundos: 186
NIteraciones: 100000

Costo_train: 0.249857
Precision_train: 0.516082
Recall_train: 0.874845
F1_train: 0.649195

Costo_test: 0.249997
Precision_test: 0.479532
Recall_test: 0.886486
F1_test: 0.622391
 

Arquitectura: _2_3_3_3_3_1_
Semilla: 1788097845
Segundos: 186
NIteraciones: 100000

Costo_train: 0.249638
Precision_train: 0.523220
Recall_train: 0.628253
F1_train: 0.570946

Costo_test: 0.250517
Precision_test: 0.453488
Recall_test: 0.632432
F1_test: 0.528217
 

Arquitectura: _2_3_3_3_3_1_
Semilla: 1788097845
Segundos: 186
NIteraciones: 100000

Costo_train: 0.249830
Precision_train: 0.520066
Recall_train: 0.786865
F1_train: 0.626233

Costo_test: 0.250354
Precision_test: 0.470588
Recall_test: 0.778378
F1_test: 0.586558
 

Arquitectura: _2_3_3_3_3_1_
Semilla: 1788097845
Segundos: 186
NIteraciones: 100000

Costo_train: 0.249860
Precision_train: 0.508291
Recall_train: 0.987608
F1_train: 0.671158

Costo_test: 0.250275
Precision_test: 0.462532
Recall_test: 0.967568
F1_test: 0.625874
 

Arquitectura: _2_3_3_3_3_1_
Semilla: 1788097845
Segundos: 186
NIteraciones: 100000

Costo_train: 0.249906
Precision_train: 0.504375
Recall_train: 1.000000
F1_train: 0.670544

Costo_test: 0.250155
Precision_test: 0.462500
Recall_test: 1.000000
F1_test: 0.632479
 

Arquitectura: _2_3_3_3_3_1_
Semilla: 1788097845
Segundos: 186
NIteraciones: 100000

Costo_train: 0.249867
Precision_train: 0.504375
Recall_train: 1.000000
F1_train: 0.670544

Costo_test: 0.250145
Precision_test: 0.462500
Recall_test: 1.000000
F1_test: 0.632479
 

Arquitectura: _2_3_3_3_3_1_
Semilla: 1788097845
Segundos: 186
NIteraciones: 100000

Costo_train: 0.250006
Precision_train: 0.504375
Recall_train: 1.000000
F1_train: 0.670544

Costo_test: 0.250396
Precision_test: 0.462500
Recall_test: 1.000000
F1_test: 0.632479
 

Arquitectura: _2_3_3_3_3_1_
Semilla: 1788097845
Segundos: 186
NIteraciones: 100000

Costo_train: 0.249979
Precision_train: 0.504375
Recall_train: 1.000000
F1_train: 0.670544

Costo_test: 0.250355
Precision_test: 0.462500
Recall_test: 1.000000
F1_test: 0.632479
 

Arquitectura: _2_3_3_3_3_1_
Semilla: 1788097845
Segundos: 186
NIteraciones: 100000

Costo_train: 0.249940
Precision_train: 0.504375
Recall_train: 1.000000
F1_train: 0.670544

Costo_test: 0.250293
Precision_test: 0.462500
Recall_test: 1.000000
F1_test: 0.632479
 

Arquitectura: _2_3_3_3_3_1_
Semilla: 1788097845
Segundos: 186
NIteraciones: 100000

Costo_train: 0.249914
Precision_train: 0.504375
Recall_train: 1.000000
F1_train: 0.670544

Costo_test: 0.250172
Precision_test: 0.462500
Recall_test: 1.000000
F1_test: 0.632479
 

Arquitectura: _2_3_3_3_3_1_
Semilla: 1788097845
Segundos: 186
NIteraciones: 100000

Costo_train: 0.249842
Precision_train: 0.515914
Recall_train: 0.863693
F1_train: 0.645968

Costo_test: 0.250009
Precision_test: 0.475219
Recall_test: 0.881081
F1_test: 0.617424
 

Arquitectura: _2_3_3_3_3_1_
Semilla: 1788097845
Segundos: 186
NIteraciones: 100000

Costo_train: 0.249859
Precision_train: 0.509385
Recall_train: 0.975217
F1_train: 0.669218

Costo_test: 0.250091
Precision_test: 0.459530
Recall_test: 0.951351
F1_test: 0.619718
 


--- Test Angosta 5.0 ---
Iteración 10000
Costo: 0.248767
Iteración 20000
Costo: 0.247821
Iteración 30000
Costo: 0.247090
Iteración 40000
Costo: 0.246633
Iteración 50000
Costo: 0.246176
Iteración 60000
Costo: 0.245849
Iteración 70000
Costo: 0.245654
Iteración 80000
Costo: 0.245517
Iteración 90000
Costo: 0.245411

Arquitectura: _2_15_1_
Semilla: 1788098031
Segundos: 56
NIteraciones: 100000

Costo_train: 0.245324
Precision_train: 0.560638
Recall_train: 0.653036
F1_train: 0.603320

Costo_test: 0.251831
Precision_test: 0.461847
Recall_test: 0.621622
F1_test: 0.529954
 

Arquitectura: _2_15_1_
Semilla: 1788098031
Segundos: 56
NIteraciones: 100000

Costo_train: 0.245490
Precision_train: 0.553957
Recall_train: 0.667906
F1_train: 0.605618

Costo_test: 0.251282
Precision_test: 0.468000
Recall_test: 0.632432
F1_test: 0.537931
 

Arquitectura: _2_15_1_
Semilla: 1788098031
Segundos: 56
NIteraciones: 100000

Costo_train: 0.245539
Precision_train: 0.559127
Recall_train: 0.603470
F1_train: 0.580453

Costo_test: 0.251584
Precision_test: 0.487069
Recall_test: 0.610811
F1_test: 0.541966
 

Arquitectura: _2_15_1_
Semilla: 1788098031
Segundos: 56
NIteraciones: 100000

Costo_train: 0.245378
Precision_train: 0.562979
Recall_train: 0.636927
F1_train: 0.597674

Costo_test: 0.251984
Precision_test: 0.464135
Recall_test: 0.594595
F1_test: 0.521327
 

Arquitectura: _2_15_1_
Semilla: 1788098031
Segundos: 56
NIteraciones: 100000

Costo_train: 0.245378
Precision_train: 0.560606
Recall_train: 0.641883
F1_train: 0.598498

Costo_test: 0.251674
Precision_test: 0.465021
Recall_test: 0.610811
F1_test: 0.528037
 

Arquitectura: _2_15_1_
Semilla: 1788098031
Segundos: 56
NIteraciones: 100000

Costo_train: 0.245793
Precision_train: 0.555556
Recall_train: 0.588600
F1_train: 0.571600

Costo_test: 0.250983
Precision_test: 0.473913
Recall_test: 0.589189
F1_test: 0.525301
 

Arquitectura: _2_15_1_
Semilla: 1788098031
Segundos: 56
NIteraciones: 100000

Costo_train: 0.245326
Precision_train: 0.561692
Recall_train: 0.592317
F1_train: 0.576598

Costo_test: 0.251764
Precision_test: 0.482759
Recall_test: 0.605405
F1_test: 0.537170
 

Arquitectura: _2_15_1_
Semilla: 1788098031
Segundos: 56
NIteraciones: 100000

Costo_train: 0.245371
Precision_train: 0.557219
Recall_train: 0.645601
F1_train: 0.598163

Costo_test: 0.251632
Precision_test: 0.471074
Recall_test: 0.616216
F1_test: 0.533958
 

Arquitectura: _2_15_1_
Semilla: 1788098031
Segundos: 56
NIteraciones: 100000

Costo_train: 0.245625
Precision_train: 0.557589
Recall_train: 0.641883
F1_train: 0.596774

Costo_test: 0.251096
Precision_test: 0.465587
Recall_test: 0.621622
F1_test: 0.532407
 

Arquitectura: _2_15_1_
Semilla: 1788098031
Segundos: 56
NIteraciones: 100000

Costo_train: 0.245419
Precision_train: 0.548663
Recall_train: 0.635688
F1_train: 0.588978

Costo_test: 0.251813
Precision_test: 0.477178
Recall_test: 0.621622
F1_test: 0.539906
 

Arquitectura: _2_15_1_
Semilla: 1788098031
Segundos: 56
NIteraciones: 100000

Costo_train: 0.245325
Precision_train: 0.560130
Recall_train: 0.640644
F1_train: 0.597688

Costo_test: 0.251668
Precision_test: 0.468880
Recall_test: 0.610811
F1_test: 0.530516
 

Arquitectura: _2_15_1_
Semilla: 1788098031
Segundos: 56
NIteraciones: 100000

Costo_train: 0.245224
Precision_train: 0.554507
Recall_train: 0.655514
F1_train: 0.600795

Costo_test: 0.252441
Precision_test: 0.475410
Recall_test: 0.627027
F1_test: 0.540793
 

Arquitectura: _2_15_1_
Semilla: 1788098031
Segundos: 56
NIteraciones: 100000

Costo_train: 0.245327
Precision_train: 0.552775
Recall_train: 0.629492
F1_train: 0.588644

Costo_test: 0.251225
Precision_test: 0.471074
Recall_test: 0.616216
F1_test: 0.533958
 

Arquitectura: _2_15_1_
Semilla: 1788098031
Segundos: 56
NIteraciones: 100000

Costo_train: 0.245604
Precision_train: 0.554974
Recall_train: 0.656753
F1_train: 0.601589

Costo_test: 0.250803
Precision_test: 0.467742
Recall_test: 0.627027
F1_test: 0.535797
 

Arquitectura: _2_15_1_
Semilla: 1788098031
Segundos: 56
NIteraciones: 100000

Costo_train: 0.245225
Precision_train: 0.560557
Recall_train: 0.648079
F1_train: 0.601149

Costo_test: 0.252356
Precision_test: 0.467213
Recall_test: 0.616216
F1_test: 0.531469
 

Arquitectura: _2_15_1_
Semilla: 1788098031
Segundos: 56
NIteraciones: 100000

Costo_train: 0.245292
Precision_train: 0.552381
Recall_train: 0.646840
F1_train: 0.595890

Costo_test: 0.252324
Precision_test: 0.477551
Recall_test: 0.632432
F1_test: 0.544186
 

Arquitectura: _2_15_1_
Semilla: 1788098031
Segundos: 56
NIteraciones: 100000

Costo_train: 0.245258
Precision_train: 0.559448
Recall_train: 0.653036
F1_train: 0.602630

Costo_test: 0.252033
Precision_test: 0.475610
Recall_test: 0.632432
F1_test: 0.542923
 

Arquitectura: _2_15_1_
Semilla: 1788098031
Segundos: 56
NIteraciones: 100000

Costo_train: 0.245380
Precision_train: 0.561707
Recall_train: 0.603470
F1_train: 0.581840

Costo_test: 0.251805
Precision_test: 0.482906
Recall_test: 0.610811
F1_test: 0.539379
 

Arquitectura: _2_15_1_
Semilla: 1788098031
Segundos: 56
NIteraciones: 100000

Costo_train: 0.245682
Precision_train: 0.549040
Recall_train: 0.638166
F1_train: 0.590258

Costo_test: 0.251148
Precision_test: 0.477551
Recall_test: 0.632432
F1_test: 0.544186
 

Arquitectura: _2_15_1_
Semilla: 1788098031
Segundos: 56
NIteraciones: 100000

Costo_train: 0.245393
Precision_train: 0.557112
Recall_train: 0.640644
F1_train: 0.595965

Costo_test: 0.252151
Precision_test: 0.485232
Recall_test: 0.621622
F1_test: 0.545024
 

Arquitectura: _2_15_1_
Semilla: 1788098031
Segundos: 56
NIteraciones: 100000

Costo_train: 0.245238
Precision_train: 0.560215
Recall_train: 0.645601
F1_train: 0.599885

Costo_test: 0.252517
Precision_test: 0.483193
Recall_test: 0.621622
F1_test: 0.543735
 

Arquitectura: _2_15_1_
Semilla: 1788098031
Segundos: 56
NIteraciones: 100000

Costo_train: 0.245498
Precision_train: 0.547468
Recall_train: 0.643123
F1_train: 0.591453

Costo_test: 0.251537
Precision_test: 0.477366
Recall_test: 0.627027
F1_test: 0.542056
 

Arquitectura: _2_15_1_
Semilla: 1788098031
Segundos: 56
NIteraciones: 100000

Costo_train: 0.245594
Precision_train: 0.559127
Recall_train: 0.603470
F1_train: 0.580453

Costo_test: 0.251520
Precision_test: 0.482759
Recall_test: 0.605405
F1_test: 0.537170
 

Arquitectura: _2_15_1_
Semilla: 1788098031
Segundos: 56
NIteraciones: 100000

Costo_train: 0.245597
Precision_train: 0.558411
Recall_train: 0.592317
F1_train: 0.574865

Costo_test: 0.251249
Precision_test: 0.487069
Recall_test: 0.610811
F1_test: 0.541966
 

Arquitectura: _2_15_1_
Semilla: 1788098031
Segundos: 56
NIteraciones: 100000

Costo_train: 0.245524
Precision_train: 0.558414
Recall_train: 0.645601
F1_train: 0.598851

Costo_test: 0.251131
Precision_test: 0.461224
Recall_test: 0.610811
F1_test: 0.525581
 

Arquitectura: _2_15_1_
Semilla: 1788098031
Segundos: 56
NIteraciones: 100000

Costo_train: 0.245574
Precision_train: 0.552716
Recall_train: 0.643123
F1_train: 0.594502

Costo_test: 0.250664
Precision_test: 0.465587
Recall_test: 0.621622
F1_test: 0.532407
 

Arquitectura: _2_15_1_
Semilla: 1788098031
Segundos: 56
NIteraciones: 100000

Costo_train: 0.245384
Precision_train: 0.562092
Recall_train: 0.639405
F1_train: 0.598261

Costo_test: 0.252088
Precision_test: 0.468880
Recall_test: 0.610811
F1_test: 0.530516
 

Arquitectura: _2_15_1_
Semilla: 1788098031
Segundos: 56
NIteraciones: 100000

Costo_train: 0.245125
Precision_train: 0.564074
Recall_train: 0.638166
F1_train: 0.598837

Costo_test: 0.252970
Precision_test: 0.479167
Recall_test: 0.621622
F1_test: 0.541176
 

Arquitectura: _2_15_1_
Semilla: 1788098031
Segundos: 56
NIteraciones: 100000

Costo_train: 0.245495
Precision_train: 0.555080
Recall_train: 0.643123
F1_train: 0.595867

Costo_test: 0.250995
Precision_test: 0.469388
Recall_test: 0.621622
F1_test: 0.534884
 

Arquitectura: _2_15_1_
Semilla: 1788098031
Segundos: 56
NIteraciones: 100000

Costo_train: 0.245559
Precision_train: 0.553648
Recall_train: 0.639405
F1_train: 0.593444

Costo_test: 0.250782
Precision_test: 0.465587
Recall_test: 0.621622
F1_test: 0.532407
 

Arquitectura: _2_15_1_
Semilla: 1788098031
Segundos: 56
NIteraciones: 100000

Costo_train: 0.245599
Precision_train: 0.553409
Recall_train: 0.603470
F1_train: 0.577356

Costo_test: 0.251691
Precision_test: 0.480687
Recall_test: 0.605405
F1_test: 0.535885
 

Arquitectura: _2_15_1_
Semilla: 1788098031
Segundos: 56
NIteraciones: 100000

Costo_train: 0.245410
Precision_train: 0.556734
Recall_train: 0.650558
F1_train: 0.600000

Costo_test: 0.251750
Precision_test: 0.469388
Recall_test: 0.621622
F1_test: 0.534884
 

Arquitectura: _2_15_1_
Semilla: 1788098031
Segundos: 56
NIteraciones: 100000

Costo_train: 0.245457
Precision_train: 0.559524
Recall_train: 0.640644
F1_train: 0.597343

Costo_test: 0.251827
Precision_test: 0.465021
Recall_test: 0.610811
F1_test: 0.528037
 

Arquitectura: _2_15_1_
Semilla: 1788098031
Segundos: 56
NIteraciones: 100000

Costo_train: 0.245249
Precision_train: 0.556880
Recall_train: 0.636927
F1_train: 0.594220

Costo_test: 0.252547
Precision_test: 0.475000
Recall_test: 0.616216
F1_test: 0.536471
 

Arquitectura: _2_15_1_
Semilla: 1788098031
Segundos: 56
NIteraciones: 100000

Costo_train: 0.245584
Precision_train: 0.557339
Recall_train: 0.602230
F1_train: 0.578916

Costo_test: 0.251898
Precision_test: 0.487069
Recall_test: 0.610811
F1_test: 0.541966
 

Arquitectura: _2_15_1_
Semilla: 1788098031
Segundos: 56
NIteraciones: 100000

Costo_train: 0.245359
Precision_train: 0.555932
Recall_train: 0.609665
F1_train: 0.581560

Costo_test: 0.251731
Precision_test: 0.478814
Recall_test: 0.610811
F1_test: 0.536817
 

Arquitectura: _2_15_1_
Semilla: 1788098031
Segundos: 56
NIteraciones: 100000

Costo_train: 0.245374
Precision_train: 0.553145
Recall_train: 0.631970
F1_train: 0.589936

Costo_test: 0.252385
Precision_test: 0.481172
Recall_test: 0.621622
F1_test: 0.542453
 

Arquitectura: _2_15_1_
Semilla: 1788098031
Segundos: 56
NIteraciones: 100000

Costo_train: 0.245554
Precision_train: 0.560307
Recall_train: 0.633209
F1_train: 0.594532

Costo_test: 0.251964
Precision_test: 0.461224
Recall_test: 0.610811
F1_test: 0.525581
 

Arquitectura: _2_15_1_
Semilla: 1788098031
Segundos: 56
NIteraciones: 100000

Costo_train: 0.245095
Precision_train: 0.560949
Recall_train: 0.644362
F1_train: 0.599769

Costo_test: 0.253078
Precision_test: 0.473029
Recall_test: 0.616216
F1_test: 0.535211
 

Arquitectura: _2_15_1_
Semilla: 1788098031
Segundos: 56
NIteraciones: 100000

Costo_train: 0.245388
Precision_train: 0.559105
Recall_train: 0.650558
F1_train: 0.601375

Costo_test: 0.251579
Precision_test: 0.467480
Recall_test: 0.621622
F1_test: 0.533643
 

Arquitectura: _2_15_1_
Semilla: 1788098031
Segundos: 56
NIteraciones: 100000

Costo_train: 0.245191
Precision_train: 0.560299
Recall_train: 0.650558
F1_train: 0.602064

Costo_test: 0.252705
Precision_test: 0.479339
Recall_test: 0.627027
F1_test: 0.543326
 

Arquitectura: _2_15_1_
Semilla: 1788098031
Segundos: 56
NIteraciones: 100000

Costo_train: 0.245270
Precision_train: 0.560170
Recall_train: 0.651797
F1_train: 0.602520

Costo_test: 0.252234
Precision_test: 0.473251
Recall_test: 0.621622
F1_test: 0.537383
 

Arquitectura: _2_15_1_
Semilla: 1788098031
Segundos: 56
NIteraciones: 100000

Costo_train: 0.245452
Precision_train: 0.550363
Recall_train: 0.656753
F1_train: 0.598870

Costo_test: 0.251495
Precision_test: 0.477551
Recall_test: 0.632432
F1_test: 0.544186
 

Arquitectura: _2_15_1_
Semilla: 1788098031
Segundos: 56
NIteraciones: 100000

Costo_train: 0.245208
Precision_train: 0.560345
Recall_train: 0.644362
F1_train: 0.599424

Costo_test: 0.252532
Precision_test: 0.473251
Recall_test: 0.621622
F1_test: 0.537383
 

Arquitectura: _2_15_1_
Semilla: 1788098031
Segundos: 56
NIteraciones: 100000

Costo_train: 0.245202
Precision_train: 0.563446
Recall_train: 0.599752
F1_train: 0.581032

Costo_test: 0.252168
Precision_test: 0.478261
Recall_test: 0.594595
F1_test: 0.530120
 

Arquitectura: _2_15_1_
Semilla: 1788098031
Segundos: 56
NIteraciones: 100000

Costo_train: 0.245565
Precision_train: 0.558061
Recall_train: 0.613383
F1_train: 0.584416

Costo_test: 0.251121
Precision_test: 0.481013
Recall_test: 0.616216
F1_test: 0.540284
 

Arquitectura: _2_15_1_
Semilla: 1788098031
Segundos: 56
NIteraciones: 100000

Costo_train: 0.245398
Precision_train: 0.561343
Recall_train: 0.600991
F1_train: 0.580491

Costo_test: 0.251476
Precision_test: 0.487179
Recall_test: 0.616216
F1_test: 0.544153
 

Arquitectura: _2_15_1_
Semilla: 1788098031
Segundos: 56
NIteraciones: 100000

Costo_train: 0.245253
Precision_train: 0.561159
Recall_train: 0.648079
F1_train: 0.601495

Costo_test: 0.251912
Precision_test: 0.475410
Recall_test: 0.627027
F1_test: 0.540793
 

Arquitectura: _2_15_1_
Semilla: 1788098031
Segundos: 56
NIteraciones: 100000

Costo_train: 0.245428
Precision_train: 0.566851
Recall_train: 0.635688
F1_train: 0.599299

Costo_test: 0.251642
Precision_test: 0.468354
Recall_test: 0.600000
F1_test: 0.526066
 

Arquitectura: _2_15_1_
Semilla: 1788098031
Segundos: 56
NIteraciones: 100000

Costo_train: 0.245546
Precision_train: 0.556075
Recall_train: 0.589839
F1_train: 0.572459

Costo_test: 0.251328
Precision_test: 0.480519
Recall_test: 0.600000
F1_test: 0.533654
 

Arquitectura: _2_15_1_
Semilla: 1788098031
Segundos: 56
NIteraciones: 100000

Costo_train: 0.245409
Precision_train: 0.560475
Recall_train: 0.643123
F1_train: 0.598961

Costo_test: 0.251760
Precision_test: 0.467213
Recall_test: 0.616216
F1_test: 0.531469
 

Arquitectura: _2_15_1_
Semilla: 1788098031
Segundos: 56
NIteraciones: 100000

Costo_train: 0.245384
Precision_train: 0.556263
Recall_train: 0.649318
F1_train: 0.599200

Costo_test: 0.251851
Precision_test: 0.467213
Recall_test: 0.616216
F1_test: 0.531469
 

Arquitectura: _2_15_1_
Semilla: 1788098031
Segundos: 56
NIteraciones: 100000

Costo_train: 0.245670
Precision_train: 0.549451
Recall_train: 0.619579
F1_train: 0.582411

Costo_test: 0.251446
Precision_test: 0.474359
Recall_test: 0.600000
F1_test: 0.529833
 

Arquitectura: _2_15_1_
Semilla: 1788098031
Segundos: 56
NIteraciones: 100000

Costo_train: 0.245355
Precision_train: 0.558700
Recall_train: 0.660471
F1_train: 0.605338

Costo_test: 0.251377
Precision_test: 0.473684
Recall_test: 0.632432
F1_test: 0.541667
 

Arquitectura: _2_15_1_
Semilla: 1788098031
Segundos: 56
NIteraciones: 100000

Costo_train: 0.245492
Precision_train: 0.557569
Recall_train: 0.648079
F1_train: 0.599427

Costo_test: 0.250986
Precision_test: 0.473469
Recall_test: 0.627027
F1_test: 0.539535
 

Arquitectura: _2_15_1_
Semilla: 1788098031
Segundos: 56
NIteraciones: 100000

Costo_train: 0.245073
Precision_train: 0.563510
Recall_train: 0.604709
F1_train: 0.583383

Costo_test: 0.252075
Precision_test: 0.484979
Recall_test: 0.610811
F1_test: 0.540670
 

Arquitectura: _2_15_1_
Semilla: 1788098031
Segundos: 56
NIteraciones: 100000

Costo_train: 0.245538
Precision_train: 0.549578
Recall_train: 0.645601
F1_train: 0.593732

Costo_test: 0.251318
Precision_test: 0.473251
Recall_test: 0.621622
F1_test: 0.537383
 

Arquitectura: _2_15_1_
Semilla: 1788098031
Segundos: 56
NIteraciones: 100000

Costo_train: 0.245558
Precision_train: 0.555317
Recall_train: 0.640644
F1_train: 0.594937

Costo_test: 0.251035
Precision_test: 0.461224
Recall_test: 0.610811
F1_test: 0.525581
 

Arquitectura: _2_15_1_
Semilla: 1788098031
Segundos: 56
NIteraciones: 100000

Costo_train: 0.245540
Precision_train: 0.553459
Recall_train: 0.654275
F1_train: 0.599659

Costo_test: 0.251339
Precision_test: 0.463415
Recall_test: 0.616216
F1_test: 0.529002
 

Arquitectura: _2_15_1_
Semilla: 1788098031
Segundos: 56
NIteraciones: 100000

Costo_train: 0.246386
Precision_train: 0.548603
Recall_train: 0.608426
F1_train: 0.576968

Costo_test: 0.250413
Precision_test: 0.486957
Recall_test: 0.605405
F1_test: 0.539759
 

Arquitectura: _2_15_1_
Semilla: 1788098031
Segundos: 56
NIteraciones: 100000

Costo_train: 0.245335
Precision_train: 0.553258
Recall_train: 0.662949
F1_train: 0.603157

Costo_test: 0.251631
Precision_test: 0.471774
Recall_test: 0.632432
F1_test: 0.540416
 

Arquitectura: _2_15_1_
Semilla: 1788098031
Segundos: 56
NIteraciones: 100000

Costo_train: 0.245475
Precision_train: 0.548818
Recall_train: 0.661710
F1_train: 0.600000

Costo_test: 0.251635
Precision_test: 0.477733
Recall_test: 0.637838
F1_test: 0.546296
 

Arquitectura: _2_15_1_
Semilla: 1788098031
Segundos: 56
NIteraciones: 100000

Costo_train: 0.245459
Precision_train: 0.553571
Recall_train: 0.653036
F1_train: 0.599204

Costo_test: 0.251107
Precision_test: 0.464000
Recall_test: 0.627027
F1_test: 0.533333
 

Arquitectura: _2_15_1_
Semilla: 1788098031
Segundos: 56
NIteraciones: 100000

Costo_train: 0.245402
Precision_train: 0.560780
Recall_train: 0.605948
F1_train: 0.582490

Costo_test: 0.251706
Precision_test: 0.474576
Recall_test: 0.605405
F1_test: 0.532066
 

Arquitectura: _2_15_1_
Semilla: 1788098031
Segundos: 56
NIteraciones: 100000

Costo_train: 0.245611
Precision_train: 0.557097
Recall_train: 0.646840
F1_train: 0.598624

Costo_test: 0.251135
Precision_test: 0.463115
Recall_test: 0.610811
F1_test: 0.526807
 

Arquitectura: _2_15_1_
Semilla: 1788098031
Segundos: 56
NIteraciones: 100000

Costo_train: 0.245527
Precision_train: 0.565689
Recall_train: 0.645601
F1_train: 0.603009

Costo_test: 0.251509
Precision_test: 0.466667
Recall_test: 0.605405
F1_test: 0.527059
 

Arquitectura: _2_15_1_
Semilla: 1788098031
Segundos: 56
NIteraciones: 100000

Costo_train: 0.245147
Precision_train: 0.559574
Recall_train: 0.651797
F1_train: 0.602175

Costo_test: 0.252745
Precision_test: 0.477366
Recall_test: 0.627027
F1_test: 0.542056
 

Arquitectura: _2_15_1_
Semilla: 1788098031
Segundos: 56
NIteraciones: 100000

Costo_train: 0.245525
Precision_train: 0.555080
Recall_train: 0.643123
F1_train: 0.595867

Costo_test: 0.250935
Precision_test: 0.465587
Recall_test: 0.621622
F1_test: 0.532407
 

Arquitectura: _2_15_1_
Semilla: 1788098031
Segundos: 56
NIteraciones: 100000

Costo_train: 0.245525
Precision_train: 0.559064
Recall_train: 0.592317
F1_train: 0.575211

Costo_test: 0.251635
Precision_test: 0.484716
Recall_test: 0.600000
F1_test: 0.536232
 

Arquitectura: _2_15_1_
Semilla: 1788098031
Segundos: 56
NIteraciones: 100000

Costo_train: 0.245325
Precision_train: 0.556989
Recall_train: 0.641883
F1_train: 0.596431

Costo_test: 0.252057
Precision_test: 0.475000
Recall_test: 0.616216
F1_test: 0.536471
 

Arquitectura: _2_15_1_
Semilla: 1788098031
Segundos: 56
NIteraciones: 100000

Costo_train: 0.245297
Precision_train: 0.555556
Recall_train: 0.650558
F1_train: 0.599315

Costo_test: 0.251902
Precision_test: 0.479675
Recall_test: 0.637838
F1_test: 0.547564
 

Arquitectura: _2_15_1_
Semilla: 1788098031
Segundos: 56
NIteraciones: 100000

Costo_train: 0.245354
Precision_train: 0.553684
Recall_train: 0.651797
F1_train: 0.598748

Costo_test: 0.251984
Precision_test: 0.471545
Recall_test: 0.627027
F1_test: 0.538283
 

Arquitectura: _2_15_1_
Semilla: 1788098031
Segundos: 56
NIteraciones: 100000

Costo_train: 0.245473
Precision_train: 0.555202
Recall_train: 0.648079
F1_train: 0.598056

Costo_test: 0.251496
Precision_test: 0.481633
Recall_test: 0.637838
F1_test: 0.548837
 

Arquitectura: _2_15_1_
Semilla: 1788098031
Segundos: 56
NIteraciones: 100000

Costo_train: 0.245583
Precision_train: 0.557503
Recall_train: 0.630731
F1_train: 0.591860

Costo_test: 0.250715
Precision_test: 0.477366
Recall_test: 0.627027
F1_test: 0.542056
 

Arquitectura: _2_15_1_
Semilla: 1788098031
Segundos: 56
NIteraciones: 100000

Costo_train: 0.245608
Precision_train: 0.561002
Recall_train: 0.638166
F1_train: 0.597102

Costo_test: 0.251441
Precision_test: 0.468619
Recall_test: 0.605405
F1_test: 0.528302
 

Arquitectura: _2_15_1_
Semilla: 1788098031
Segundos: 56
NIteraciones: 100000

Costo_train: 0.245583
Precision_train: 0.561213
Recall_train: 0.641883
F1_train: 0.598844

Costo_test: 0.251168
Precision_test: 0.475207
Recall_test: 0.621622
F1_test: 0.538642
 

Arquitectura: _2_15_1_
Semilla: 1788098031
Segundos: 56
NIteraciones: 100000

Costo_train: 0.245423
Precision_train: 0.563855
Recall_train: 0.579926
F1_train: 0.571778

Costo_test: 0.251390
Precision_test: 0.484716
Recall_test: 0.600000
F1_test: 0.536232
 

Arquitectura: _2_15_1_
Semilla: 1788098031
Segundos: 56
NIteraciones: 100000

Costo_train: 0.245344
Precision_train: 0.554025
Recall_train: 0.648079
F1_train: 0.597373

Costo_test: 0.251763
Precision_test: 0.475410
Recall_test: 0.627027
F1_test: 0.540793
 

Arquitectura: _2_15_1_
Semilla: 1788098031
Segundos: 56
NIteraciones: 100000

Costo_train: 0.245680
Precision_train: 0.548066
Recall_train: 0.614622
F1_train: 0.579439

Costo_test: 0.251748
Precision_test: 0.475207
Recall_test: 0.621622
F1_test: 0.538642
 

Arquitectura: _2_15_1_
Semilla: 1788098031
Segundos: 56
NIteraciones: 100000

Costo_train: 0.245431
Precision_train: 0.554832
Recall_train: 0.633209
F1_train: 0.591435

Costo_test: 0.251784
Precision_test: 0.477178
Recall_test: 0.621622
F1_test: 0.539906
 

Arquitectura: _2_15_1_
Semilla: 1788098031
Segundos: 56
NIteraciones: 100000

Costo_train: 0.245446
Precision_train: 0.559064
Recall_train: 0.592317
F1_train: 0.575211

Costo_test: 0.251723
Precision_test: 0.478632
Recall_test: 0.605405
F1_test: 0.534606
 

Arquitectura: _2_15_1_
Semilla: 1788098031
Segundos: 56
NIteraciones: 100000

Costo_train: 0.245403
Precision_train: 0.561702
Recall_train: 0.654275
F1_train: 0.604465

Costo_test: 0.251521
Precision_test: 0.465863
Recall_test: 0.627027
F1_test: 0.534562
 

Arquitectura: _2_15_1_
Semilla: 1788098031
Segundos: 56
NIteraciones: 100000

Costo_train: 0.245463
Precision_train: 0.559047
Recall_train: 0.639405
F1_train: 0.596532

Costo_test: 0.251648
Precision_test: 0.466942
Recall_test: 0.610811
F1_test: 0.529274
 

Arquitectura: _2_15_1_
Semilla: 1788098031
Segundos: 56
NIteraciones: 100000

Costo_train: 0.245398
Precision_train: 0.562201
Recall_train: 0.582404
F1_train: 0.572124

Costo_test: 0.251607
Precision_test: 0.480519
Recall_test: 0.600000
F1_test: 0.533654
 

Arquitectura: _2_15_1_
Semilla: 1788098031
Segundos: 56
NIteraciones: 100000

Costo_train: 0.245534
Precision_train: 0.556845
Recall_train: 0.594796
F1_train: 0.575195

Costo_test: 0.251794
Precision_test: 0.484848
Recall_test: 0.605405
F1_test: 0.538462
 

Arquitectura: _2_15_1_
Semilla: 1788098031
Segundos: 56
NIteraciones: 100000

Costo_train: 0.245317
Precision_train: 0.558386
Recall_train: 0.651797
F1_train: 0.601487

Costo_test: 0.251979
Precision_test: 0.481481
Recall_test: 0.632432
F1_test: 0.546729
 

Arquitectura: _2_15_1_
Semilla: 1788098031
Segundos: 56
NIteraciones: 100000

Costo_train: 0.245335
Precision_train: 0.557533
Recall_train: 0.582404
F1_train: 0.569697

Costo_test: 0.251838
Precision_test: 0.484848
Recall_test: 0.605405
F1_test: 0.538462
 

Arquitectura: _2_15_1_
Semilla: 1788098031
Segundos: 56
NIteraciones: 100000

Costo_train: 0.245430
Precision_train: 0.562028
Recall_train: 0.645601
F1_train: 0.600923

Costo_test: 0.251364
Precision_test: 0.466667
Recall_test: 0.605405
F1_test: 0.527059
 

Arquitectura: _2_15_1_
Semilla: 1788098031
Segundos: 56
NIteraciones: 100000

Costo_train: 0.245174
Precision_train: 0.557692
Recall_train: 0.646840
F1_train: 0.598967

Costo_test: 0.253096
Precision_test: 0.479167
Recall_test: 0.621622
F1_test: 0.541176
 

Arquitectura: _2_15_1_
Semilla: 1788098031
Segundos: 56
NIteraciones: 100000

Costo_train: 0.245444
Precision_train: 0.550538
Recall_train: 0.634449
F1_train: 0.589522

Costo_test: 0.251374
Precision_test: 0.471074
Recall_test: 0.616216
F1_test: 0.533958
 

Arquitectura: _2_15_1_
Semilla: 1788098031
Segundos: 56
NIteraciones: 100000

Costo_train: 0.245608
Precision_train: 0.554963
Recall_train: 0.644362
F1_train: 0.596330

Costo_test: 0.251273
Precision_test: 0.477178
Recall_test: 0.621622
F1_test: 0.539906
 

Arquitectura: _2_15_1_
Semilla: 1788098031
Segundos: 56
NIteraciones: 100000

Costo_train: 0.245376
Precision_train: 0.554477
Recall_train: 0.636927
F1_train: 0.592849

Costo_test: 0.252288
Precision_test: 0.475207
Recall_test: 0.621622
F1_test: 0.538642
 

Arquitectura: _2_15_1_
Semilla: 1788098031
Segundos: 56
NIteraciones: 100000

Costo_train: 0.245348
Precision_train: 0.561346
Recall_train: 0.640644
F1_train: 0.598380

Costo_test: 0.251895
Precision_test: 0.476395
Recall_test: 0.600000
F1_test: 0.531101
 

Arquitectura: _2_15_1_
Semilla: 1788098031
Segundos: 56
NIteraciones: 100000

Costo_train: 0.245525
Precision_train: 0.553829
Recall_train: 0.618340
F1_train: 0.584309

Costo_test: 0.252168
Precision_test: 0.478632
Recall_test: 0.605405
F1_test: 0.534606
 

Arquitectura: _2_15_1_
Semilla: 1788098031
Segundos: 56
NIteraciones: 100000

Costo_train: 0.245249
Precision_train: 0.562433
Recall_train: 0.653036
F1_train: 0.604358

Costo_test: 0.252360
Precision_test: 0.473469
Recall_test: 0.627027
F1_test: 0.539535
 

Arquitectura: _2_15_1_
Semilla: 1788098031
Segundos: 56
NIteraciones: 100000

Costo_train: 0.245525
Precision_train: 0.558528
Recall_train: 0.620818
F1_train: 0.588028

Costo_test: 0.251820
Precision_test: 0.472340
Recall_test: 0.600000
F1_test: 0.528571
 

Arquitectura: _2_15_1_
Semilla: 1788098031
Segundos: 56
NIteraciones: 100000

Costo_train: 0.245591
Precision_train: 0.558166
Recall_train: 0.618340
F1_train: 0.586714

Costo_test: 0.251827
Precision_test: 0.480851
Recall_test: 0.610811
F1_test: 0.538095
 

Arquitectura: _2_15_1_
Semilla: 1788098031
Segundos: 56
NIteraciones: 100000

Costo_train: 0.245247
Precision_train: 0.554011
Recall_train: 0.641883
F1_train: 0.594719

Costo_test: 0.252255
Precision_test: 0.481481
Recall_test: 0.632432
F1_test: 0.546729
 

Arquitectura: _2_15_1_
Semilla: 1788098031
Segundos: 56
NIteraciones: 100000

Costo_train: 0.245337
Precision_train: 0.553305
Recall_train: 0.643123
F1_train: 0.594842

Costo_test: 0.252317
Precision_test: 0.479167
Recall_test: 0.621622
F1_test: 0.541176
 

Arquitectura: _2_15_1_
Semilla: 1788098031
Segundos: 56
NIteraciones: 100000

Costo_train: 0.245628
Precision_train: 0.558247
Recall_train: 0.599752
F1_train: 0.578256

Costo_test: 0.250848
Precision_test: 0.474138
Recall_test: 0.594595
F1_test: 0.527578
 


--- Test Profunda 5.0 ---
Iteración 10000
Costo: 0.249983
Iteración 20000
Costo: 0.249983
Iteración 30000
Costo: 0.249983
Iteración 40000
Costo: 0.249983
Iteración 50000
Costo: 0.249983
Iteración 60000
Costo: 0.249983
Iteración 70000
Costo: 0.249983
Iteración 80000
Costo: 0.249983
Iteración 90000
Costo: 0.249984

Arquitectura: _2_3_3_3_3_3_1_
Semilla: 1788098087
Segundos: 233
NIteraciones: 100000

Costo_train: 0.249984
Precision_train: 0.504375
Recall_train: 1.000000
F1_train: 0.670544

Costo_test: 0.250358
Precision_test: 0.462500
Recall_test: 1.000000
F1_test: 0.632479
 

Arquitectura: _2_3_3_3_3_3_1_
Semilla: 1788098087
Segundos: 233
NIteraciones: 100000

Costo_train: 0.249983
Precision_train: 0.504375
Recall_train: 1.000000
F1_train: 0.670544

Costo_test: 0.250344
Precision_test: 0.462500
Recall_test: 1.000000
F1_test: 0.632479
 

Arquitectura: _2_3_3_3_3_3_1_
Semilla: 1788098087
Segundos: 233
NIteraciones: 100000

Costo_train: 0.249979
Precision_train: 0.504375
Recall_train: 1.000000
F1_train: 0.670544

Costo_test: 0.250346
Precision_test: 0.462500
Recall_test: 1.000000
F1_test: 0.632479
 

Arquitectura: _2_3_3_3_3_3_1_
Semilla: 1788098087
Segundos: 233
NIteraciones: 100000

Costo_train: 0.249983
Precision_train: 0.504375
Recall_train: 1.000000
F1_train: 0.670544

Costo_test: 0.250353
Precision_test: 0.462500
Recall_test: 1.000000
F1_test: 0.632479
 

Arquitectura: _2_3_3_3_3_3_1_
Semilla: 1788098087
Segundos: 233
NIteraciones: 100000

Costo_train: 0.249980
Precision_train: 0.504375
Recall_train: 1.000000
F1_train: 0.670544

Costo_test: 0.250348
Precision_test: 0.462500
Recall_test: 1.000000
F1_test: 0.632479
 

Arquitectura: _2_3_3_3_3_3_1_
Semilla: 1788098087
Segundos: 233
NIteraciones: 100000

Costo_train: 0.249986
Precision_train: 0.504375
Recall_train: 1.000000
F1_train: 0.670544

Costo_test: 0.250363
Precision_test: 0.462500
Recall_test: 1.000000
F1_test: 0.632479
 

Arquitectura: _2_3_3_3_3_3_1_
Semilla: 1788098087
Segundos: 233
NIteraciones: 100000

Costo_train: 0.249984
Precision_train: 0.504375
Recall_train: 1.000000
F1_train: 0.670544

Costo_test: 0.250345
Precision_test: 0.462500
Recall_test: 1.000000
F1_test: 0.632479
 

Arquitectura: _2_3_3_3_3_3_1_
Semilla: 1788098087
Segundos: 233
NIteraciones: 100000

Costo_train: 0.249976
Precision_train: 0.504375
Recall_train: 1.000000
F1_train: 0.670544

Costo_test: 0.250332
Precision_test: 0.462500
Recall_test: 1.000000
F1_test: 0.632479
 

Arquitectura: _2_3_3_3_3_3_1_
Semilla: 1788098087
Segundos: 233
NIteraciones: 100000

Costo_train: 0.249986
Precision_train: 0.504375
Recall_train: 1.000000
F1_train: 0.670544

Costo_test: 0.250344
Precision_test: 0.462500
Recall_test: 1.000000
F1_test: 0.632479
 

Arquitectura: _2_3_3_3_3_3_1_
Semilla: 1788098087
Segundos: 233
NIteraciones: 100000

Costo_train: 0.249974
Precision_train: 0.504375
Recall_train: 1.000000
F1_train: 0.670544

Costo_test: 0.250329
Precision_test: 0.462500
Recall_test: 1.000000
F1_test: 0.632479
 

Arquitectura: _2_3_3_3_3_3_1_
Semilla: 1788098087
Segundos: 233
NIteraciones: 100000

Costo_train: 0.249987
Precision_train: 0.504375
Recall_train: 1.000000
F1_train: 0.670544

Costo_test: 0.250365
Precision_test: 0.462500
Recall_test: 1.000000
F1_test: 0.632479
 

Arquitectura: _2_3_3_3_3_3_1_
Semilla: 1788098087
Segundos: 233
NIteraciones: 100000

Costo_train: 0.249981
Precision_train: 0.504375
Recall_train: 1.000000
F1_train: 0.670544

Costo_test: 0.250348
Precision_test: 0.462500
Recall_test: 1.000000
F1_test: 0.632479
 

Arquitectura: _2_3_3_3_3_3_1_
Semilla: 1788098087
Segundos: 233
NIteraciones: 100000

Costo_train: 0.249978
Precision_train: 0.504375
Recall_train: 1.000000
F1_train: 0.670544

Costo_test: 0.250344
Precision_test: 0.462500
Recall_test: 1.000000
F1_test: 0.632479
 

Arquitectura: _2_3_3_3_3_3_1_
Semilla: 1788098087
Segundos: 233
NIteraciones: 100000

Costo_train: 0.249977
Precision_train: 0.504375
Recall_train: 1.000000
F1_train: 0.670544

Costo_test: 0.250344
Precision_test: 0.462500
Recall_test: 1.000000
F1_test: 0.632479
 

Arquitectura: _2_3_3_3_3_3_1_
Semilla: 1788098087
Segundos: 233
NIteraciones: 100000

Costo_train: 0.249974
Precision_train: 0.504375
Recall_train: 1.000000
F1_train: 0.670544

Costo_test: 0.250327
Precision_test: 0.462500
Recall_test: 1.000000
F1_test: 0.632479
 

Arquitectura: _2_3_3_3_3_3_1_
Semilla: 1788098087
Segundos: 233
NIteraciones: 100000

Costo_train: 0.249981
Precision_train: 0.504375
Recall_train: 1.000000
F1_train: 0.670544

Costo_test: 0.250353
Precision_test: 0.462500
Recall_test: 1.000000
F1_test: 0.632479
 

Arquitectura: _2_3_3_3_3_3_1_
Semilla: 1788098087
Segundos: 233
NIteraciones: 100000

Costo_train: 0.249956
Precision_train: 0.504375
Recall_train: 1.000000
F1_train: 0.670544

Costo_test: 0.250275
Precision_test: 0.462500
Recall_test: 1.000000
F1_test: 0.632479
 

Arquitectura: _2_3_3_3_3_3_1_
Semilla: 1788098087
Segundos: 233
NIteraciones: 100000

Costo_train: 0.249980
Precision_train: 0.504375
Recall_train: 1.000000
F1_train: 0.670544

Costo_test: 0.250348
Precision_test: 0.462500
Recall_test: 1.000000
F1_test: 0.632479
 

Arquitectura: _2_3_3_3_3_3_1_
Semilla: 1788098087
Segundos: 233
NIteraciones: 100000

Costo_train: 0.249977
Precision_train: 0.504375
Recall_train: 1.000000
F1_train: 0.670544

Costo_test: 0.250332
Precision_test: 0.462500
Recall_test: 1.000000
F1_test: 0.632479
 

Arquitectura: _2_3_3_3_3_3_1_
Semilla: 1788098087
Segundos: 233
NIteraciones: 100000

Costo_train: 0.249982
Precision_train: 0.504375
Recall_train: 1.000000
F1_train: 0.670544

Costo_test: 0.250344
Precision_test: 0.462500
Recall_test: 1.000000
F1_test: 0.632479
 

Arquitectura: _2_3_3_3_3_3_1_
Semilla: 1788098087
Segundos: 233
NIteraciones: 100000

Costo_train: 0.249969
Precision_train: 0.504375
Recall_train: 1.000000
F1_train: 0.670544

Costo_test: 0.250363
Precision_test: 0.462500
Recall_test: 1.000000
F1_test: 0.632479
 

Arquitectura: _2_3_3_3_3_3_1_
Semilla: 1788098087
Segundos: 233
NIteraciones: 100000

Costo_train: 0.249978
Precision_train: 0.504375
Recall_train: 1.000000
F1_train: 0.670544

Costo_test: 0.250340
Precision_test: 0.462500
Recall_test: 1.000000
F1_test: 0.632479
 

Arquitectura: _2_3_3_3_3_3_1_
Semilla: 1788098087
Segundos: 233
NIteraciones: 100000

Costo_train: 0.249982
Precision_train: 0.504375
Recall_train: 1.000000
F1_train: 0.670544

Costo_test: 0.250351
Precision_test: 0.462500
Recall_test: 1.000000
F1_test: 0.632479
 

Arquitectura: _2_3_3_3_3_3_1_
Semilla: 1788098087
Segundos: 233
NIteraciones: 100000

Costo_train: 0.249983
Precision_train: 0.504375
Recall_train: 1.000000
F1_train: 0.670544

Costo_test: 0.250348
Precision_test: 0.462500
Recall_test: 1.000000
F1_test: 0.632479
 

Arquitectura: _2_3_3_3_3_3_1_
Semilla: 1788098087
Segundos: 233
NIteraciones: 100000

Costo_train: 0.249977
Precision_train: 0.504375
Recall_train: 1.000000
F1_train: 0.670544

Costo_test: 0.250345
Precision_test: 0.462500
Recall_test: 1.000000
F1_test: 0.632479
 

Arquitectura: _2_3_3_3_3_3_1_
Semilla: 1788098087
Segundos: 233
NIteraciones: 100000

Costo_train: 0.249978
Precision_train: 0.504375
Recall_train: 1.000000
F1_train: 0.670544

Costo_test: 0.250339
Precision_test: 0.462500
Recall_test: 1.000000
F1_test: 0.632479
 

Arquitectura: _2_3_3_3_3_3_1_
Semilla: 1788098087
Segundos: 233
NIteraciones: 100000

Costo_train: 0.249980
Precision_train: 0.504375
Recall_train: 1.000000
F1_train: 0.670544

Costo_test: 0.250341
Precision_test: 0.462500
Recall_test: 1.000000
F1_test: 0.632479
 

Arquitectura: _2_3_3_3_3_3_1_
Semilla: 1788098087
Segundos: 233
NIteraciones: 100000

Costo_train: 0.249980
Precision_train: 0.504375
Recall_train: 1.000000
F1_train: 0.670544

Costo_test: 0.250350
Precision_test: 0.462500
Recall_test: 1.000000
F1_test: 0.632479
 

Arquitectura: _2_3_3_3_3_3_1_
Semilla: 1788098087
Segundos: 233
NIteraciones: 100000

Costo_train: 0.249995
Precision_train: 0.504375
Recall_train: 1.000000
F1_train: 0.670544

Costo_test: 0.250368
Precision_test: 0.462500
Recall_test: 1.000000
F1_test: 0.632479
 

Arquitectura: _2_3_3_3_3_3_1_
Semilla: 1788098087
Segundos: 233
NIteraciones: 100000

Costo_train: 0.249968
Precision_train: 0.504375
Recall_train: 1.000000
F1_train: 0.670544

Costo_test: 0.250332
Precision_test: 0.462500
Recall_test: 1.000000
F1_test: 0.632479
 

Arquitectura: _2_3_3_3_3_3_1_
Semilla: 1788098087
Segundos: 233
NIteraciones: 100000

Costo_train: 0.249982
Precision_train: 0.504375
Recall_train: 1.000000
F1_train: 0.670544

Costo_test: 0.250352
Precision_test: 0.462500
Recall_test: 1.000000
F1_test: 0.632479
 

Arquitectura: _2_3_3_3_3_3_1_
Semilla: 1788098087
Segundos: 233
NIteraciones: 100000

Costo_train: 0.249980
Precision_train: 0.504375
Recall_train: 1.000000
F1_train: 0.670544

Costo_test: 0.250345
Precision_test: 0.462500
Recall_test: 1.000000
F1_test: 0.632479
 

Arquitectura: _2_3_3_3_3_3_1_
Semilla: 1788098087
Segundos: 233
NIteraciones: 100000

Costo_train: 0.249981
Precision_train: 0.504375
Recall_train: 1.000000
F1_train: 0.670544

Costo_test: 0.250349
Precision_test: 0.462500
Recall_test: 1.000000
F1_test: 0.632479
 

Arquitectura: _2_3_3_3_3_3_1_
Semilla: 1788098087
Segundos: 233
NIteraciones: 100000

Costo_train: 0.249996
Precision_train: 0.504375
Recall_train: 1.000000
F1_train: 0.670544

Costo_test: 0.250373
Precision_test: 0.462500
Recall_test: 1.000000
F1_test: 0.632479
 

Arquitectura: _2_3_3_3_3_3_1_
Semilla: 1788098087
Segundos: 233
NIteraciones: 100000

Costo_train: 0.249980
Precision_train: 0.504375
Recall_train: 1.000000
F1_train: 0.670544

Costo_test: 0.250345
Precision_test: 0.462500
Recall_test: 1.000000
F1_test: 0.632479
 

Arquitectura: _2_3_3_3_3_3_1_
Semilla: 1788098087
Segundos: 233
NIteraciones: 100000

Costo_train: 0.249977
Precision_train: 0.504375
Recall_train: 1.000000
F1_train: 0.670544

Costo_test: 0.250338
Precision_test: 0.462500
Recall_test: 1.000000
F1_test: 0.632479
 

Arquitectura: _2_3_3_3_3_3_1_
Semilla: 1788098087
Segundos: 233
NIteraciones: 100000

Costo_train: 0.249981
Precision_train: 0.504375
Recall_train: 1.000000
F1_train: 0.670544

Costo_test: 0.250346
Precision_test: 0.462500
Recall_test: 1.000000
F1_test: 0.632479
 

Arquitectura: _2_3_3_3_3_3_1_
Semilla: 1788098087
Segundos: 233
NIteraciones: 100000

Costo_train: 0.249982
Precision_train: 0.504375
Recall_train: 1.000000
F1_train: 0.670544

Costo_test: 0.250355
Precision_test: 0.462500
Recall_test: 1.000000
F1_test: 0.632479
 

Arquitectura: _2_3_3_3_3_3_1_
Semilla: 1788098087
Segundos: 233
NIteraciones: 100000

Costo_train: 0.249980
Precision_train: 0.504375
Recall_train: 1.000000
F1_train: 0.670544

Costo_test: 0.250353
Precision_test: 0.462500
Recall_test: 1.000000
F1_test: 0.632479
 

Arquitectura: _2_3_3_3_3_3_1_
Semilla: 1788098087
Segundos: 233
NIteraciones: 100000

Costo_train: 0.249980
Precision_train: 0.504375
Recall_train: 1.000000
F1_train: 0.670544

Costo_test: 0.250347
Precision_test: 0.462500
Recall_test: 1.000000
F1_test: 0.632479
 

Arquitectura: _2_3_3_3_3_3_1_
Semilla: 1788098087
Segundos: 233
NIteraciones: 100000

Costo_train: 0.249982
Precision_train: 0.504375
Recall_train: 1.000000
F1_train: 0.670544

Costo_test: 0.250344
Precision_test: 0.462500
Recall_test: 1.000000
F1_test: 0.632479
 

Arquitectura: _2_3_3_3_3_3_1_
Semilla: 1788098087
Segundos: 233
NIteraciones: 100000

Costo_train: 0.249991
Precision_train: 0.504375
Recall_train: 1.000000
F1_train: 0.670544

Costo_test: 0.250398
Precision_test: 0.462500
Recall_test: 1.000000
F1_test: 0.632479
 

Arquitectura: _2_3_3_3_3_3_1_
Semilla: 1788098087
Segundos: 233
NIteraciones: 100000

Costo_train: 0.249981
Precision_train: 0.504375
Recall_train: 1.000000
F1_train: 0.670544

Costo_test: 0.250343
Precision_test: 0.462500
Recall_test: 1.000000
F1_test: 0.632479
 

Arquitectura: _2_3_3_3_3_3_1_
Semilla: 1788098087
Segundos: 233
NIteraciones: 100000

Costo_train: 0.249978
Precision_train: 0.504375
Recall_train: 1.000000
F1_train: 0.670544

Costo_test: 0.250317
Precision_test: 0.462500
Recall_test: 1.000000
F1_test: 0.632479
 

Arquitectura: _2_3_3_3_3_3_1_
Semilla: 1788098087
Segundos: 233
NIteraciones: 100000

Costo_train: 0.249981
Precision_train: 0.504375
Recall_train: 1.000000
F1_train: 0.670544

Costo_test: 0.250343
Precision_test: 0.462500
Recall_test: 1.000000
F1_test: 0.632479
 

Arquitectura: _2_3_3_3_3_3_1_
Semilla: 1788098087
Segundos: 233
NIteraciones: 100000

Costo_train: 0.249978
Precision_train: 0.504375
Recall_train: 1.000000
F1_train: 0.670544

Costo_test: 0.250338
Precision_test: 0.462500
Recall_test: 1.000000
F1_test: 0.632479
 

Arquitectura: _2_3_3_3_3_3_1_
Semilla: 1788098087
Segundos: 233
NIteraciones: 100000

Costo_train: 0.249981
Precision_train: 0.504375
Recall_train: 1.000000
F1_train: 0.670544

Costo_test: 0.250343
Precision_test: 0.462500
Recall_test: 1.000000
F1_test: 0.632479
 

Arquitectura: _2_3_3_3_3_3_1_
Semilla: 1788098087
Segundos: 233
NIteraciones: 100000

Costo_train: 0.249981
Precision_train: 0.504375
Recall_train: 1.000000
F1_train: 0.670544

Costo_test: 0.250347
Precision_test: 0.462500
Recall_test: 1.000000
F1_test: 0.632479
 

Arquitectura: _2_3_3_3_3_3_1_
Semilla: 1788098087
Segundos: 233
NIteraciones: 100000

Costo_train: 0.249980
Precision_train: 0.504375
Recall_train: 1.000000
F1_train: 0.670544

Costo_test: 0.250338
Precision_test: 0.462500
Recall_test: 1.000000
F1_test: 0.632479
 

Arquitectura: _2_3_3_3_3_3_1_
Semilla: 1788098087
Segundos: 233
NIteraciones: 100000

Costo_train: 0.249985
Precision_train: 0.504375
Recall_train: 1.000000
F1_train: 0.670544

Costo_test: 0.250345
Precision_test: 0.462500
Recall_test: 1.000000
F1_test: 0.632479
 

Arquitectura: _2_3_3_3_3_3_1_
Semilla: 1788098087
Segundos: 233
NIteraciones: 100000

Costo_train: 0.249991
Precision_train: 0.504375
Recall_train: 1.000000
F1_train: 0.670544

Costo_test: 0.250335
Precision_test: 0.462500
Recall_test: 1.000000
F1_test: 0.632479
 

Arquitectura: _2_3_3_3_3_3_1_
Semilla: 1788098087
Segundos: 233
NIteraciones: 100000

Costo_train: 0.249977
Precision_train: 0.504375
Recall_train: 1.000000
F1_train: 0.670544

Costo_test: 0.250347
Precision_test: 0.462500
Recall_test: 1.000000
F1_test: 0.632479
 

Arquitectura: _2_3_3_3_3_3_1_
Semilla: 1788098087
Segundos: 233
NIteraciones: 100000

Costo_train: 0.249982
Precision_train: 0.504375
Recall_train: 1.000000
F1_train: 0.670544

Costo_test: 0.250348
Precision_test: 0.462500
Recall_test: 1.000000
F1_test: 0.632479
 

Arquitectura: _2_3_3_3_3_3_1_
Semilla: 1788098087
Segundos: 233
NIteraciones: 100000

Costo_train: 0.249989
Precision_train: 0.504375
Recall_train: 1.000000
F1_train: 0.670544

Costo_test: 0.250346
Precision_test: 0.462500
Recall_test: 1.000000
F1_test: 0.632479
 

Arquitectura: _2_3_3_3_3_3_1_
Semilla: 1788098087
Segundos: 233
NIteraciones: 100000

Costo_train: 0.249983
Precision_train: 0.504375
Recall_train: 1.000000
F1_train: 0.670544

Costo_test: 0.250360
Precision_test: 0.462500
Recall_test: 1.000000
F1_test: 0.632479
 

Arquitectura: _2_3_3_3_3_3_1_
Semilla: 1788098087
Segundos: 233
NIteraciones: 100000

Costo_train: 0.249971
Precision_train: 0.504375
Recall_train: 1.000000
F1_train: 0.670544

Costo_test: 0.250317
Precision_test: 0.462500
Recall_test: 1.000000
F1_test: 0.632479
 

Arquitectura: _2_3_3_3_3_3_1_
Semilla: 1788098087
Segundos: 233
NIteraciones: 100000

Costo_train: 0.249991
Precision_train: 0.504375
Recall_train: 1.000000
F1_train: 0.670544

Costo_test: 0.250378
Precision_test: 0.462500
Recall_test: 1.000000
F1_test: 0.632479
 

Arquitectura: _2_3_3_3_3_3_1_
Semilla: 1788098087
Segundos: 233
NIteraciones: 100000

Costo_train: 0.249961
Precision_train: 0.504375
Recall_train: 1.000000
F1_train: 0.670544

Costo_test: 0.250197
Precision_test: 0.462500
Recall_test: 1.000000
F1_test: 0.632479
 

Arquitectura: _2_3_3_3_3_3_1_
Semilla: 1788098087
Segundos: 233
NIteraciones: 100000

Costo_train: 0.249983
Precision_train: 0.504375
Recall_train: 1.000000
F1_train: 0.670544

Costo_test: 0.250353
Precision_test: 0.462500
Recall_test: 1.000000
F1_test: 0.632479
 

Arquitectura: _2_3_3_3_3_3_1_
Semilla: 1788098087
Segundos: 233
NIteraciones: 100000

Costo_train: 0.249975
Precision_train: 0.504375
Recall_train: 1.000000
F1_train: 0.670544

Costo_test: 0.250338
Precision_test: 0.462500
Recall_test: 1.000000
F1_test: 0.632479
 

Arquitectura: _2_3_3_3_3_3_1_
Semilla: 1788098087
Segundos: 233
NIteraciones: 100000

Costo_train: 0.249985
Precision_train: 0.504375
Recall_train: 1.000000
F1_train: 0.670544

Costo_test: 0.250328
Precision_test: 0.462500
Recall_test: 1.000000
F1_test: 0.632479
 

Arquitectura: _2_3_3_3_3_3_1_
Semilla: 1788098087
Segundos: 233
NIteraciones: 100000

Costo_train: 0.249984
Precision_train: 0.504375
Recall_train: 1.000000
F1_train: 0.670544

Costo_test: 0.250354
Precision_test: 0.462500
Recall_test: 1.000000
F1_test: 0.632479
 

Arquitectura: _2_3_3_3_3_3_1_
Semilla: 1788098087
Segundos: 233
NIteraciones: 100000

Costo_train: 0.249982
Precision_train: 0.504375
Recall_train: 1.000000
F1_train: 0.670544

Costo_test: 0.250348
Precision_test: 0.462500
Recall_test: 1.000000
F1_test: 0.632479
 

Arquitectura: _2_3_3_3_3_3_1_
Semilla: 1788098087
Segundos: 233
NIteraciones: 100000

Costo_train: 0.249985
Precision_train: 0.504375
Recall_train: 1.000000
F1_train: 0.670544

Costo_test: 0.250350
Precision_test: 0.462500
Recall_test: 1.000000
F1_test: 0.632479
 

Arquitectura: _2_3_3_3_3_3_1_
Semilla: 1788098087
Segundos: 233
NIteraciones: 100000

Costo_train: 0.249982
Precision_train: 0.504375
Recall_train: 1.000000
F1_train: 0.670544

Costo_test: 0.250347
Precision_test: 0.462500
Recall_test: 1.000000
F1_test: 0.632479
 

Arquitectura: _2_3_3_3_3_3_1_
Semilla: 1788098087
Segundos: 233
NIteraciones: 100000

Costo_train: 0.249976
Precision_train: 0.504375
Recall_train: 1.000000
F1_train: 0.670544

Costo_test: 0.250325
Precision_test: 0.462500
Recall_test: 1.000000
F1_test: 0.632479
 

Arquitectura: _2_3_3_3_3_3_1_
Semilla: 1788098087
Segundos: 233
NIteraciones: 100000

Costo_train: 0.249980
Precision_train: 0.504375
Recall_train: 1.000000
F1_train: 0.670544

Costo_test: 0.250362
Precision_test: 0.462500
Recall_test: 1.000000
F1_test: 0.632479
 

Arquitectura: _2_3_3_3_3_3_1_
Semilla: 1788098087
Segundos: 233
NIteraciones: 100000

Costo_train: 0.249988
Precision_train: 0.504375
Recall_train: 1.000000
F1_train: 0.670544

Costo_test: 0.250361
Precision_test: 0.462500
Recall_test: 1.000000
F1_test: 0.632479
 

Arquitectura: _2_3_3_3_3_3_1_
Semilla: 1788098087
Segundos: 233
NIteraciones: 100000

Costo_train: 0.249973
Precision_train: 0.504375
Recall_train: 1.000000
F1_train: 0.670544

Costo_test: 0.250342
Precision_test: 0.462500
Recall_test: 1.000000
F1_test: 0.632479
 

Arquitectura: _2_3_3_3_3_3_1_
Semilla: 1788098087
Segundos: 233
NIteraciones: 100000

Costo_train: 0.249975
Precision_train: 0.504375
Recall_train: 1.000000
F1_train: 0.670544

Costo_test: 0.250325
Precision_test: 0.462500
Recall_test: 1.000000
F1_test: 0.632479
 

Arquitectura: _2_3_3_3_3_3_1_
Semilla: 1788098087
Segundos: 233
NIteraciones: 100000

Costo_train: 0.249987
Precision_train: 0.504375
Recall_train: 1.000000
F1_train: 0.670544

Costo_test: 0.250364
Precision_test: 0.462500
Recall_test: 1.000000
F1_test: 0.632479
 

Arquitectura: _2_3_3_3_3_3_1_
Semilla: 1788098087
Segundos: 233
NIteraciones: 100000

Costo_train: 0.249982
Precision_train: 0.504375
Recall_train: 1.000000
F1_train: 0.670544

Costo_test: 0.250346
Precision_test: 0.462500
Recall_test: 1.000000
F1_test: 0.632479
 

Arquitectura: _2_3_3_3_3_3_1_
Semilla: 1788098087
Segundos: 233
NIteraciones: 100000

Costo_train: 0.249979
Precision_train: 0.504375
Recall_train: 1.000000
F1_train: 0.670544

Costo_test: 0.250344
Precision_test: 0.462500
Recall_test: 1.000000
F1_test: 0.632479
 

Arquitectura: _2_3_3_3_3_3_1_
Semilla: 1788098087
Segundos: 233
NIteraciones: 100000

Costo_train: 0.249977
Precision_train: 0.504375
Recall_train: 1.000000
F1_train: 0.670544

Costo_test: 0.250334
Precision_test: 0.462500
Recall_test: 1.000000
F1_test: 0.632479
 

Arquitectura: _2_3_3_3_3_3_1_
Semilla: 1788098087
Segundos: 233
NIteraciones: 100000

Costo_train: 0.249982
Precision_train: 0.504375
Recall_train: 1.000000
F1_train: 0.670544

Costo_test: 0.250348
Precision_test: 0.462500
Recall_test: 1.000000
F1_test: 0.632479
 

Arquitectura: _2_3_3_3_3_3_1_
Semilla: 1788098087
Segundos: 233
NIteraciones: 100000

Costo_train: 0.249955
Precision_train: 0.504375
Recall_train: 1.000000
F1_train: 0.670544

Costo_test: 0.250301
Precision_test: 0.462500
Recall_test: 1.000000
F1_test: 0.632479
 

Arquitectura: _2_3_3_3_3_3_1_
Semilla: 1788098087
Segundos: 233
NIteraciones: 100000

Costo_train: 0.249948
Precision_train: 0.504375
Recall_train: 1.000000
F1_train: 0.670544

Costo_test: 0.250309
Precision_test: 0.462500
Recall_test: 1.000000
F1_test: 0.632479
 

Arquitectura: _2_3_3_3_3_3_1_
Semilla: 1788098087
Segundos: 233
NIteraciones: 100000

Costo_train: 0.249980
Precision_train: 0.504375
Recall_train: 1.000000
F1_train: 0.670544

Costo_test: 0.250359
Precision_test: 0.462500
Recall_test: 1.000000
F1_test: 0.632479
 

Arquitectura: _2_3_3_3_3_3_1_
Semilla: 1788098087
Segundos: 233
NIteraciones: 100000

Costo_train: 0.249981
Precision_train: 0.504375
Recall_train: 1.000000
F1_train: 0.670544

Costo_test: 0.250356
Precision_test: 0.462500
Recall_test: 1.000000
F1_test: 0.632479
 

Arquitectura: _2_3_3_3_3_3_1_
Semilla: 1788098087
Segundos: 233
NIteraciones: 100000

Costo_train: 0.249970
Precision_train: 0.504375
Recall_train: 1.000000
F1_train: 0.670544

Costo_test: 0.250328
Precision_test: 0.462500
Recall_test: 1.000000
F1_test: 0.632479
 

Arquitectura: _2_3_3_3_3_3_1_
Semilla: 1788098087
Segundos: 233
NIteraciones: 100000

Costo_train: 0.249980
Precision_train: 0.504375
Recall_train: 1.000000
F1_train: 0.670544

Costo_test: 0.250340
Precision_test: 0.462500
Recall_test: 1.000000
F1_test: 0.632479
 

Arquitectura: _2_3_3_3_3_3_1_
Semilla: 1788098087
Segundos: 233
NIteraciones: 100000

Costo_train: 0.249977
Precision_train: 0.504375
Recall_train: 1.000000
F1_train: 0.670544

Costo_test: 0.250351
Precision_test: 0.462500
Recall_test: 1.000000
F1_test: 0.632479
 

Arquitectura: _2_3_3_3_3_3_1_
Semilla: 1788098087
Segundos: 233
NIteraciones: 100000

Costo_train: 0.249985
Precision_train: 0.504375
Recall_train: 1.000000
F1_train: 0.670544

Costo_test: 0.250352
Precision_test: 0.462500
Recall_test: 1.000000
F1_test: 0.632479
 

Arquitectura: _2_3_3_3_3_3_1_
Semilla: 1788098087
Segundos: 233
NIteraciones: 100000

Costo_train: 0.249968
Precision_train: 0.504375
Recall_train: 1.000000
F1_train: 0.670544

Costo_test: 0.250313
Precision_test: 0.462500
Recall_test: 1.000000
F1_test: 0.632479
 

Arquitectura: _2_3_3_3_3_3_1_
Semilla: 1788098087
Segundos: 233
NIteraciones: 100000

Costo_train: 0.249985
Precision_train: 0.504375
Recall_train: 1.000000
F1_train: 0.670544

Costo_test: 0.250352
Precision_test: 0.462500
Recall_test: 1.000000
F1_test: 0.632479
 

Arquitectura: _2_3_3_3_3_3_1_
Semilla: 1788098087
Segundos: 233
NIteraciones: 100000

Costo_train: 0.249966
Precision_train: 0.504375
Recall_train: 1.000000
F1_train: 0.670544

Costo_test: 0.250295
Precision_test: 0.462500
Recall_test: 1.000000
F1_test: 0.632479
 

Arquitectura: _2_3_3_3_3_3_1_
Semilla: 1788098087
Segundos: 233
NIteraciones: 100000

Costo_train: 0.249979
Precision_train: 0.504375
Recall_train: 1.000000
F1_train: 0.670544

Costo_test: 0.250342
Precision_test: 0.462500
Recall_test: 1.000000
F1_test: 0.632479
 

Arquitectura: _2_3_3_3_3_3_1_
Semilla: 1788098087
Segundos: 233
NIteraciones: 100000

Costo_train: 0.249976
Precision_train: 0.504375
Recall_train: 1.000000
F1_train: 0.670544

Costo_test: 0.250362
Precision_test: 0.462500
Recall_test: 1.000000
F1_test: 0.632479
 

Arquitectura: _2_3_3_3_3_3_1_
Semilla: 1788098087
Segundos: 233
NIteraciones: 100000

Costo_train: 0.249980
Precision_train: 0.504375
Recall_train: 1.000000
F1_train: 0.670544

Costo_test: 0.250330
Precision_test: 0.462500
Recall_test: 1.000000
F1_test: 0.632479
 

Arquitectura: _2_3_3_3_3_3_1_
Semilla: 1788098087
Segundos: 233
NIteraciones: 100000

Costo_train: 0.249981
Precision_train: 0.504375
Recall_train: 1.000000
F1_train: 0.670544

Costo_test: 0.250353
Precision_test: 0.462500
Recall_test: 1.000000
F1_test: 0.632479
 

Arquitectura: _2_3_3_3_3_3_1_
Semilla: 1788098087
Segundos: 233
NIteraciones: 100000

Costo_train: 0.249982
Precision_train: 0.504375
Recall_train: 1.000000
F1_train: 0.670544

Costo_test: 0.250362
Precision_test: 0.462500
Recall_test: 1.000000
F1_test: 0.632479
 

Arquitectura: _2_3_3_3_3_3_1_
Semilla: 1788098087
Segundos: 233
NIteraciones: 100000

Costo_train: 0.249982
Precision_train: 0.504375
Recall_train: 1.000000
F1_train: 0.670544

Costo_test: 0.250338
Precision_test: 0.462500
Recall_test: 1.000000
F1_test: 0.632479
 

Arquitectura: _2_3_3_3_3_3_1_
Semilla: 1788098087
Segundos: 233
NIteraciones: 100000

Costo_train: 0.249981
Precision_train: 0.504375
Recall_train: 1.000000
F1_train: 0.670544

Costo_test: 0.250354
Precision_test: 0.462500
Recall_test: 1.000000
F1_test: 0.632479
 

Arquitectura: _2_3_3_3_3_3_1_
Semilla: 1788098087
Segundos: 233
NIteraciones: 100000

Costo_train: 0.249979
Precision_train: 0.504375
Recall_train: 1.000000
F1_train: 0.670544

Costo_test: 0.250330
Precision_test: 0.462500
Recall_test: 1.000000
F1_test: 0.632479
 

Arquitectura: _2_3_3_3_3_3_1_
Semilla: 1788098087
Segundos: 233
NIteraciones: 100000

Costo_train: 0.249985
Precision_train: 0.504375
Recall_train: 1.000000
F1_train: 0.670544

Costo_test: 0.250333
Precision_test: 0.462500
Recall_test: 1.000000
F1_test: 0.632479
 

Arquitectura: _2_3_3_3_3_3_1_
Semilla: 1788098087
Segundos: 233
NIteraciones: 100000

Costo_train: 0.249962
Precision_train: 0.504375
Recall_train: 1.000000
F1_train: 0.670544

Costo_test: 0.250325
Precision_test: 0.462500
Recall_test: 1.000000
F1_test: 0.632479
 

Arquitectura: _2_3_3_3_3_3_1_
Semilla: 1788098087
Segundos: 233
NIteraciones: 100000

Costo_train: 0.249980
Precision_train: 0.504375
Recall_train: 1.000000
F1_train: 0.670544

Costo_test: 0.250341
Precision_test: 0.462500
Recall_test: 1.000000
F1_test: 0.632479
 

Arquitectura: _2_3_3_3_3_3_1_
Semilla: 1788098087
Segundos: 233
NIteraciones: 100000

Costo_train: 0.249986
Precision_train: 0.504375
Recall_train: 1.000000
F1_train: 0.670544

Costo_test: 0.250366
Precision_test: 0.462500
Recall_test: 1.000000
F1_test: 0.632479
 

Arquitectura: _2_3_3_3_3_3_1_
Semilla: 1788098087
Segundos: 233
NIteraciones: 100000

Costo_train: 0.249983
Precision_train: 0.504375
Recall_train: 1.000000
F1_train: 0.670544

Costo_test: 0.250333
Precision_test: 0.462500
Recall_test: 1.000000
F1_test: 0.632479
 

Arquitectura: _2_3_3_3_3_3_1_
Semilla: 1788098087
Segundos: 233
NIteraciones: 100000

Costo_train: 0.249980
Precision_train: 0.504375
Recall_train: 1.000000
F1_train: 0.670544

Costo_test: 0.250352
Precision_test: 0.462500
Recall_test: 1.000000
F1_test: 0.632479
 
