--- Configuración Actual ---
Paso: 0.200000
Gamma: 0.000000
Parada: 0.100000
Iteraciones: 100000
CapasDesde: 2
CapasHasta: 5
Repeticiones: 1
Intervalo: 10000
Batch: 100
MultiplicadorProfunda: 0.700000
Tarjeta: NVIDIA GeForce RTX 3090 Ti
----------------------------
Dimensiones Datos
trainx: 2x1600 
trainy: 1x1600 
test_x: 2x400 


--- Test Angosta 2.0 ---
Iteración 10000
Costo: 0.244001
Iteración 20000
Costo: 0.241629
Iteración 30000
Costo: 0.240686
Iteración 40000
Costo: 0.240391
Iteración 50000
Costo: 0.240241
Iteración 60000
Costo: 0.240074
Iteración 70000
Costo: 0.239633
Iteración 80000
Costo: 0.239389
Iteración 90000
Costo: 0.239257

Arquitectura: _2_6_1_
Semilla: 1788105205
Segundos: 49
NIteraciones: 100000

Costo_train: 0.239177
Precision_train: 0.576779
Recall_train: 0.578223
F1_train: 0.577500

Costo_test: 0.247100
Precision_test: 0.536842
Recall_test: 0.507463
F1_test: 0.521739
 

Arquitectura: _2_6_1_
Semilla: 1788105205
Segundos: 49
NIteraciones: 100000

Costo_train: 0.237792
Precision_train: 0.577500
Recall_train: 0.578223
F1_train: 0.577861

Costo_test: 0.245819
Precision_test: 0.555556
Recall_test: 0.547264
F1_test: 0.551378
 

Arquitectura: _2_6_1_
Semilla: 1788105205
Segundos: 49
NIteraciones: 100000

Costo_train: 0.242701
Precision_train: 0.563613
Recall_train: 0.554443
F1_train: 0.558991

Costo_test: 0.252227
Precision_test: 0.537688
Recall_test: 0.532338
F1_test: 0.535000
 

Arquitectura: _2_6_1_
Semilla: 1788105205
Segundos: 49
NIteraciones: 100000

Costo_train: 0.240280
Precision_train: 0.588523
Recall_train: 0.603254
F1_train: 0.595797

Costo_test: 0.249447
Precision_test: 0.554974
Recall_test: 0.527363
F1_test: 0.540816
 

Arquitectura: _2_6_1_
Semilla: 1788105205
Segundos: 49
NIteraciones: 100000

Costo_train: 0.236986
Precision_train: 0.586667
Recall_train: 0.605757
F1_train: 0.596059

Costo_test: 0.245170
Precision_test: 0.564767
Recall_test: 0.542289
F1_test: 0.553299
 

Arquitectura: _2_6_1_
Semilla: 1788105205
Segundos: 49
NIteraciones: 100000

Costo_train: 0.239178
Precision_train: 0.579531
Recall_train: 0.588235
F1_train: 0.583851

Costo_test: 0.247644
Precision_test: 0.550802
Recall_test: 0.512438
F1_test: 0.530928
 

Arquitectura: _2_6_1_
Semilla: 1788105205
Segundos: 49
NIteraciones: 100000

Costo_train: 0.239292
Precision_train: 0.602706
Recall_train: 0.613267
F1_train: 0.607940

Costo_test: 0.241009
Precision_test: 0.600000
Recall_test: 0.582090
F1_test: 0.590909
 

Arquitectura: _2_6_1_
Semilla: 1788105205
Segundos: 49
NIteraciones: 100000

Costo_train: 0.240128
Precision_train: 0.591862
Recall_train: 0.600751
F1_train: 0.596273

Costo_test: 0.250031
Precision_test: 0.539267
Recall_test: 0.512438
F1_test: 0.525510
 

Arquitectura: _2_6_1_
Semilla: 1788105205
Segundos: 49
NIteraciones: 100000

Costo_train: 0.240648
Precision_train: 0.584367
Recall_train: 0.589487
F1_train: 0.586916

Costo_test: 0.248391
Precision_test: 0.538043
Recall_test: 0.492537
F1_test: 0.514286
 

Arquitectura: _2_6_1_
Semilla: 1788105205
Segundos: 49
NIteraciones: 100000

Costo_train: 0.240294
Precision_train: 0.557357
Recall_train: 0.559449
F1_train: 0.558401

Costo_test: 0.243172
Precision_test: 0.575130
Recall_test: 0.552239
F1_test: 0.563452
 

Arquitectura: _2_6_1_
Semilla: 1788105205
Segundos: 49
NIteraciones: 100000

Costo_train: 0.239287
Precision_train: 0.591133
Recall_train: 0.600751
F1_train: 0.595903

Costo_test: 0.247982
Precision_test: 0.560000
Recall_test: 0.557214
F1_test: 0.558603
 

Arquitectura: _2_6_1_
Semilla: 1788105205
Segundos: 49
NIteraciones: 100000

Costo_train: 0.240907
Precision_train: 0.569307
Recall_train: 0.575720
F1_train: 0.572495

Costo_test: 0.247587
Precision_test: 0.544554
Recall_test: 0.547264
F1_test: 0.545906
 

Arquitectura: _2_6_1_
Semilla: 1788105205
Segundos: 49
NIteraciones: 100000

Costo_train: 0.239935
Precision_train: 0.572133
Recall_train: 0.580726
F1_train: 0.576398

Costo_test: 0.245347
Precision_test: 0.562162
Recall_test: 0.517413
F1_test: 0.538860
 

Arquitectura: _2_6_1_
Semilla: 1788105205
Segundos: 49
NIteraciones: 100000

Costo_train: 0.241336
Precision_train: 0.569636
Recall_train: 0.568210
F1_train: 0.568922

Costo_test: 0.250639
Precision_test: 0.520408
Recall_test: 0.507463
F1_test: 0.513854
 

Arquitectura: _2_6_1_
Semilla: 1788105205
Segundos: 49
NIteraciones: 100000

Costo_train: 0.239957
Precision_train: 0.568069
Recall_train: 0.574468
F1_train: 0.571251

Costo_test: 0.246367
Precision_test: 0.555046
Recall_test: 0.601990
F1_test: 0.577566
 

Arquitectura: _2_6_1_
Semilla: 1788105205
Segundos: 49
NIteraciones: 100000

Costo_train: 0.237186
Precision_train: 0.606700
Recall_train: 0.612015
F1_train: 0.609346

Costo_test: 0.240745
Precision_test: 0.632124
Recall_test: 0.606965
F1_test: 0.619289
 

Arquitectura: _2_6_1_
Semilla: 1788105205
Segundos: 49
NIteraciones: 100000

Costo_train: 0.240854
Precision_train: 0.580049
Recall_train: 0.589487
F1_train: 0.584730

Costo_test: 0.249049
Precision_test: 0.546392
Recall_test: 0.527363
F1_test: 0.536709
 

Arquitectura: _2_6_1_
Semilla: 1788105205
Segundos: 49
NIteraciones: 100000

Costo_train: 0.242358
Precision_train: 0.567201
Recall_train: 0.575720
F1_train: 0.571429

Costo_test: 0.245986
Precision_test: 0.562500
Recall_test: 0.537313
F1_test: 0.549618
 

Arquitectura: _2_6_1_
Semilla: 1788105205
Segundos: 49
NIteraciones: 100000

Costo_train: 0.239564
Precision_train: 0.564456
Recall_train: 0.564456
F1_train: 0.564456

Costo_test: 0.244874
Precision_test: 0.551351
Recall_test: 0.507463
F1_test: 0.528497
 

Arquitectura: _2_6_1_
Semilla: 1788105205
Segundos: 49
NIteraciones: 100000

Costo_train: 0.239691
Precision_train: 0.566998
Recall_train: 0.571965
F1_train: 0.569470

Costo_test: 0.245208
Precision_test: 0.578652
Recall_test: 0.512438
F1_test: 0.543536
 

Arquitectura: _2_6_1_
Semilla: 1788105205
Segundos: 49
NIteraciones: 100000

Costo_train: 0.238991
Precision_train: 0.571779
Recall_train: 0.583229
F1_train: 0.577447

Costo_test: 0.244762
Precision_test: 0.569149
Recall_test: 0.532338
F1_test: 0.550129
 

Arquitectura: _2_6_1_
Semilla: 1788105205
Segundos: 49
NIteraciones: 100000

Costo_train: 0.239618
Precision_train: 0.562269
Recall_train: 0.570713
F1_train: 0.566460

Costo_test: 0.243728
Precision_test: 0.544944
Recall_test: 0.482587
F1_test: 0.511873
 

Arquitectura: _2_6_1_
Semilla: 1788105205
Segundos: 49
NIteraciones: 100000

Costo_train: 0.241339
Precision_train: 0.571606
Recall_train: 0.574468
F1_train: 0.573034

Costo_test: 0.246464
Precision_test: 0.547739
Recall_test: 0.542289
F1_test: 0.545000
 

Arquitectura: _2_6_1_
Semilla: 1788105205
Segundos: 49
NIteraciones: 100000

Costo_train: 0.237952
Precision_train: 0.568603
Recall_train: 0.575720
F1_train: 0.572139

Costo_test: 0.246310
Precision_test: 0.547739
Recall_test: 0.542289
F1_test: 0.545000
 

Arquitectura: _2_6_1_
Semilla: 1788105205
Segundos: 49
NIteraciones: 100000

Costo_train: 0.239222
Precision_train: 0.568878
Recall_train: 0.558198
F1_train: 0.563487

Costo_test: 0.246098
Precision_test: 0.560847
Recall_test: 0.527363
F1_test: 0.543590
 

Arquitectura: _2_6_1_
Semilla: 1788105205
Segundos: 49
NIteraciones: 100000

Costo_train: 0.242411
Precision_train: 0.592638
Recall_train: 0.604506
F1_train: 0.598513

Costo_test: 0.243922
Precision_test: 0.575130
Recall_test: 0.552239
F1_test: 0.563452
 

Arquitectura: _2_6_1_
Semilla: 1788105205
Segundos: 49
NIteraciones: 100000

Costo_train: 0.239142
Precision_train: 0.581481
Recall_train: 0.589487
F1_train: 0.585457

Costo_test: 0.247663
Precision_test: 0.550802
Recall_test: 0.512438
F1_test: 0.530928
 

Arquitectura: _2_6_1_
Semilla: 1788105205
Segundos: 49
NIteraciones: 100000

Costo_train: 0.242376
Precision_train: 0.568922
Recall_train: 0.568210
F1_train: 0.568566

Costo_test: 0.250295
Precision_test: 0.536082
Recall_test: 0.517413
F1_test: 0.526582
 

Arquitectura: _2_6_1_
Semilla: 1788105205
Segundos: 49
NIteraciones: 100000

Costo_train: 0.239023
Precision_train: 0.559006
Recall_train: 0.563204
F1_train: 0.561097

Costo_test: 0.243084
Precision_test: 0.577320
Recall_test: 0.557214
F1_test: 0.567089
 

Arquitectura: _2_6_1_
Semilla: 1788105205
Segundos: 49
NIteraciones: 100000

Costo_train: 0.237878
Precision_train: 0.597419
Recall_train: 0.579474
F1_train: 0.588310

Costo_test: 0.243047
Precision_test: 0.579787
Recall_test: 0.542289
F1_test: 0.560411
 

Arquitectura: _2_6_1_
Semilla: 1788105205
Segundos: 49
NIteraciones: 100000

Costo_train: 0.240982
Precision_train: 0.576687
Recall_train: 0.588235
F1_train: 0.582404

Costo_test: 0.247750
Precision_test: 0.565445
Recall_test: 0.537313
F1_test: 0.551020
 

Arquitectura: _2_6_1_
Semilla: 1788105205
Segundos: 49
NIteraciones: 100000

Costo_train: 0.242769
Precision_train: 0.541191
Recall_train: 0.534418
F1_train: 0.537783

Costo_test: 0.245242
Precision_test: 0.544041
Recall_test: 0.522388
F1_test: 0.532995
 

Arquitectura: _2_6_1_
Semilla: 1788105205
Segundos: 49
NIteraciones: 100000

Costo_train: 0.241275
Precision_train: 0.570720
Recall_train: 0.575720
F1_train: 0.573209

Costo_test: 0.247889
Precision_test: 0.549505
Recall_test: 0.552239
F1_test: 0.550869
 

Arquitectura: _2_6_1_
Semilla: 1788105205
Segundos: 49
NIteraciones: 100000

Costo_train: 0.239571
Precision_train: 0.563750
Recall_train: 0.564456
F1_train: 0.564103

Costo_test: 0.244844
Precision_test: 0.548387
Recall_test: 0.507463
F1_test: 0.527132
 

Arquitectura: _2_6_1_
Semilla: 1788105205
Segundos: 49
NIteraciones: 100000

Costo_train: 0.239194
Precision_train: 0.568900
Recall_train: 0.563204
F1_train: 0.566038

Costo_test: 0.245089
Precision_test: 0.570707
Recall_test: 0.562189
F1_test: 0.566416
 

Arquitectura: _2_6_1_
Semilla: 1788105205
Segundos: 49
NIteraciones: 100000

Costo_train: 0.242303
Precision_train: 0.565644
Recall_train: 0.576971
F1_train: 0.571252

Costo_test: 0.247820
Precision_test: 0.563158
Recall_test: 0.532338
F1_test: 0.547315
 

Arquitectura: _2_6_1_
Semilla: 1788105205
Segundos: 49
NIteraciones: 100000

Costo_train: 0.242534
Precision_train: 0.552664
Recall_train: 0.558198
F1_train: 0.555417

Costo_test: 0.245622
Precision_test: 0.574359
Recall_test: 0.557214
F1_test: 0.565657
 

Arquitectura: _2_6_1_
Semilla: 1788105205
Segundos: 49
NIteraciones: 100000

Costo_train: 0.240995
Precision_train: 0.564072
Recall_train: 0.589487
F1_train: 0.576499

Costo_test: 0.247344
Precision_test: 0.585859
Recall_test: 0.577114
F1_test: 0.581454
 

Arquitectura: _2_6_1_
Semilla: 1788105205
Segundos: 49
NIteraciones: 100000

Costo_train: 0.240697
Precision_train: 0.574813
Recall_train: 0.576971
F1_train: 0.575890

Costo_test: 0.246283
Precision_test: 0.556650
Recall_test: 0.562189
F1_test: 0.559406
 

Arquitectura: _2_6_1_
Semilla: 1788105205
Segundos: 49
NIteraciones: 100000

Costo_train: 0.241697
Precision_train: 0.569853
Recall_train: 0.581977
F1_train: 0.575851

Costo_test: 0.245794
Precision_test: 0.567010
Recall_test: 0.547264
F1_test: 0.556962
 

Arquitectura: _2_6_1_
Semilla: 1788105205
Segundos: 49
NIteraciones: 100000

Costo_train: 0.240760
Precision_train: 0.548387
Recall_train: 0.553191
F1_train: 0.550779

Costo_test: 0.249675
Precision_test: 0.510204
Recall_test: 0.497512
F1_test: 0.503778
 

Arquitectura: _2_6_1_
Semilla: 1788105205
Segundos: 49
NIteraciones: 100000

Costo_train: 0.241434
Precision_train: 0.580726
Recall_train: 0.580726
F1_train: 0.580726

Costo_test: 0.246294
Precision_test: 0.587912
Recall_test: 0.532338
F1_test: 0.558747
 

Arquitectura: _2_6_1_
Semilla: 1788105205
Segundos: 49
NIteraciones: 100000

Costo_train: 0.238788
Precision_train: 0.581796
Recall_train: 0.591990
F1_train: 0.586849

Costo_test: 0.248709
Precision_test: 0.575000
Recall_test: 0.572139
F1_test: 0.573566
 

Arquitectura: _2_6_1_
Semilla: 1788105205
Segundos: 49
NIteraciones: 100000

Costo_train: 0.239544
Precision_train: 0.571610
Recall_train: 0.564456
F1_train: 0.568010

Costo_test: 0.248019
Precision_test: 0.559140
Recall_test: 0.517413
F1_test: 0.537468
 

Arquitectura: _2_6_1_
Semilla: 1788105205
Segundos: 49
NIteraciones: 100000

Costo_train: 0.241148
Precision_train: 0.568381
Recall_train: 0.566959
F1_train: 0.567669

Costo_test: 0.249706
Precision_test: 0.538860
Recall_test: 0.517413
F1_test: 0.527919
 

Arquitectura: _2_6_1_
Semilla: 1788105205
Segundos: 49
NIteraciones: 100000

Costo_train: 0.238716
Precision_train: 0.571252
Recall_train: 0.576971
F1_train: 0.574097

Costo_test: 0.246094
Precision_test: 0.547739
Recall_test: 0.542289
F1_test: 0.545000
 

Arquitectura: _2_6_1_
Semilla: 1788105205
Segundos: 49
NIteraciones: 100000

Costo_train: 0.242174
Precision_train: 0.549492
Recall_train: 0.541927
F1_train: 0.545684

Costo_test: 0.248781
Precision_test: 0.540000
Recall_test: 0.537313
F1_test: 0.538653
 

Arquitectura: _2_6_1_
Semilla: 1788105205
Segundos: 49
NIteraciones: 100000

Costo_train: 0.240375
Precision_train: 0.569752
Recall_train: 0.546934
F1_train: 0.558110

Costo_test: 0.243521
Precision_test: 0.600000
Recall_test: 0.537313
F1_test: 0.566929
 

Arquitectura: _2_6_1_
Semilla: 1788105205
Segundos: 49
NIteraciones: 100000

Costo_train: 0.241842
Precision_train: 0.565854
Recall_train: 0.580726
F1_train: 0.573193

Costo_test: 0.247080
Precision_test: 0.572917
Recall_test: 0.547264
F1_test: 0.559796
 

Arquitectura: _2_6_1_
Semilla: 1788105205
Segundos: 49
NIteraciones: 100000

Costo_train: 0.245173
Precision_train: 0.560759
Recall_train: 0.554443
F1_train: 0.557583

Costo_test: 0.249084
Precision_test: 0.552239
Recall_test: 0.552239
F1_test: 0.552239
 

Arquitectura: _2_6_1_
Semilla: 1788105205
Segundos: 49
NIteraciones: 100000

Costo_train: 0.239955
Precision_train: 0.559553
Recall_train: 0.564456
F1_train: 0.561994

Costo_test: 0.243154
Precision_test: 0.573604
Recall_test: 0.562189
F1_test: 0.567839
 

Arquitectura: _2_6_1_
Semilla: 1788105205
Segundos: 49
NIteraciones: 100000

Costo_train: 0.239697
Precision_train: 0.570726
Recall_train: 0.580726
F1_train: 0.575682

Costo_test: 0.246485
Precision_test: 0.561497
Recall_test: 0.522388
F1_test: 0.541237
 

Arquitectura: _2_6_1_
Semilla: 1788105205
Segundos: 49
NIteraciones: 100000

Costo_train: 0.241792
Precision_train: 0.567568
Recall_train: 0.578223
F1_train: 0.572846

Costo_test: 0.246340
Precision_test: 0.565445
Recall_test: 0.537313
F1_test: 0.551020
 

Arquitectura: _2_6_1_
Semilla: 1788105205
Segundos: 49
NIteraciones: 100000

Costo_train: 0.237655
Precision_train: 0.604592
Recall_train: 0.593242
F1_train: 0.598863

Costo_test: 0.238959
Precision_test: 0.575000
Recall_test: 0.572139
F1_test: 0.573566
 

Arquitectura: _2_6_1_
Semilla: 1788105205
Segundos: 49
NIteraciones: 100000

Costo_train: 0.238208
Precision_train: 0.574144
Recall_train: 0.566959
F1_train: 0.570529

Costo_test: 0.243487
Precision_test: 0.623595
Recall_test: 0.552239
F1_test: 0.585752
 

Arquitectura: _2_6_1_
Semilla: 1788105205
Segundos: 49
NIteraciones: 100000

Costo_train: 0.241139
Precision_train: 0.570895
Recall_train: 0.574468
F1_train: 0.572676

Costo_test: 0.247020
Precision_test: 0.556180
Recall_test: 0.492537
F1_test: 0.522427
 

Arquitectura: _2_6_1_
Semilla: 1788105205
Segundos: 49
NIteraciones: 100000

Costo_train: 0.240154
Precision_train: 0.577586
Recall_train: 0.586984
F1_train: 0.582247

Costo_test: 0.247561
Precision_test: 0.529101
Recall_test: 0.497512
F1_test: 0.512821
 

Arquitectura: _2_6_1_
Semilla: 1788105205
Segundos: 49
NIteraciones: 100000

Costo_train: 0.241198
Precision_train: 0.562500
Recall_train: 0.563204
F1_train: 0.562852

Costo_test: 0.249282
Precision_test: 0.540816
Recall_test: 0.527363
F1_test: 0.534005
 

Arquitectura: _2_6_1_
Semilla: 1788105205
Segundos: 49
NIteraciones: 100000

Costo_train: 0.242869
Precision_train: 0.571252
Recall_train: 0.576971
F1_train: 0.574097

Costo_test: 0.246674
Precision_test: 0.564516
Recall_test: 0.522388
F1_test: 0.542636
 

Arquitectura: _2_6_1_
Semilla: 1788105205
Segundos: 49
NIteraciones: 100000

Costo_train: 0.240439
Precision_train: 0.575910
Recall_train: 0.574468
F1_train: 0.575188

Costo_test: 0.245134
Precision_test: 0.565854
Recall_test: 0.577114
F1_test: 0.571429
 

Arquitectura: _2_6_1_
Semilla: 1788105205
Segundos: 49
NIteraciones: 100000

Costo_train: 0.238841
Precision_train: 0.570025
Recall_train: 0.580726
F1_train: 0.575325

Costo_test: 0.245710
Precision_test: 0.572973
Recall_test: 0.527363
F1_test: 0.549223
 

Arquitectura: _2_6_1_
Semilla: 1788105205
Segundos: 49
NIteraciones: 100000

Costo_train: 0.240752
Precision_train: 0.575720
Recall_train: 0.575720
F1_train: 0.575720

Costo_test: 0.250475
Precision_test: 0.535000
Recall_test: 0.532338
F1_test: 0.533666
 

Arquitectura: _2_6_1_
Semilla: 1788105205
Segundos: 49
NIteraciones: 100000

Costo_train: 0.237126
Precision_train: 0.553985
Recall_train: 0.539424
F1_train: 0.546607

Costo_test: 0.238873
Precision_test: 0.609195
Recall_test: 0.527363
F1_test: 0.565333
 

Arquitectura: _2_6_1_
Semilla: 1788105205
Segundos: 49
NIteraciones: 100000

Costo_train: 0.241165
Precision_train: 0.559194
Recall_train: 0.555695
F1_train: 0.557439

Costo_test: 0.247474
Precision_test: 0.532609
Recall_test: 0.487562
F1_test: 0.509091
 

Arquitectura: _2_6_1_
Semilla: 1788105205
Segundos: 49
NIteraciones: 100000

Costo_train: 0.239399
Precision_train: 0.575412
Recall_train: 0.568210
F1_train: 0.571788

Costo_test: 0.249906
Precision_test: 0.523560
Recall_test: 0.497512
F1_test: 0.510204
 

Arquitectura: _2_6_1_
Semilla: 1788105205
Segundos: 49
NIteraciones: 100000

Costo_train: 0.239832
Precision_train: 0.562897
Recall_train: 0.554443
F1_train: 0.558638

Costo_test: 0.244799
Precision_test: 0.588832
Recall_test: 0.577114
F1_test: 0.582915
 

Arquitectura: _2_6_1_
Semilla: 1788105205
Segundos: 49
NIteraciones: 100000

Costo_train: 0.243698
Precision_train: 0.555138
Recall_train: 0.554443
F1_train: 0.554790

Costo_test: 0.250489
Precision_test: 0.550725
Recall_test: 0.567164
F1_test: 0.558824
 

Arquitectura: _2_6_1_
Semilla: 1788105205
Segundos: 49
NIteraciones: 100000

Costo_train: 0.240678
Precision_train: 0.559796
Recall_train: 0.550688
F1_train: 0.555205

Costo_test: 0.245627
Precision_test: 0.572864
Recall_test: 0.567164
F1_test: 0.570000
 

Arquitectura: _2_6_1_
Semilla: 1788105205
Segundos: 49
NIteraciones: 100000

Costo_train: 0.239376
Precision_train: 0.583333
Recall_train: 0.595745
F1_train: 0.589474

Costo_test: 0.249197
Precision_test: 0.553299
Recall_test: 0.542289
F1_test: 0.547739
 

Arquitectura: _2_6_1_
Semilla: 1788105205
Segundos: 49
NIteraciones: 100000

Costo_train: 0.243178
Precision_train: 0.550688
Recall_train: 0.550688
F1_train: 0.550688

Costo_test: 0.248747
Precision_test: 0.545455
Recall_test: 0.567164
F1_test: 0.556098
 

Arquitectura: _2_6_1_
Semilla: 1788105205
Segundos: 49
NIteraciones: 100000

Costo_train: 0.239865
Precision_train: 0.573529
Recall_train: 0.585732
F1_train: 0.579567

Costo_test: 0.245835
Precision_test: 0.553191
Recall_test: 0.517413
F1_test: 0.534704
 

Arquitectura: _2_6_1_
Semilla: 1788105205
Segundos: 49
NIteraciones: 100000

Costo_train: 0.241207
Precision_train: 0.575000
Recall_train: 0.575720
F1_train: 0.575360

Costo_test: 0.250600
Precision_test: 0.515000
Recall_test: 0.512438
F1_test: 0.513716
 

Arquitectura: _2_6_1_
Semilla: 1788105205
Segundos: 49
NIteraciones: 100000

Costo_train: 0.237659
Precision_train: 0.572152
Recall_train: 0.565707
F1_train: 0.568911

Costo_test: 0.243641
Precision_test: 0.571429
Recall_test: 0.517413
F1_test: 0.543081
 

Arquitectura: _2_6_1_
Semilla: 1788105205
Segundos: 49
NIteraciones: 100000

Costo_train: 0.240182
Precision_train: 0.561728
Recall_train: 0.569462
F1_train: 0.565569

Costo_test: 0.243152
Precision_test: 0.581152
Recall_test: 0.552239
F1_test: 0.566327
 

Arquitectura: _2_6_1_
Semilla: 1788105205
Segundos: 49
NIteraciones: 100000

Costo_train: 0.239185
Precision_train: 0.580247
Recall_train: 0.588235
F1_train: 0.584214

Costo_test: 0.247669
Precision_test: 0.553763
Recall_test: 0.512438
F1_test: 0.532300
 

Arquitectura: _2_6_1_
Semilla: 1788105205
Segundos: 49
NIteraciones: 100000

Costo_train: 0.238440
Precision_train: 0.589255
Recall_train: 0.425532
F1_train: 0.494186

Costo_test: 0.245238
Precision_test: 0.540146
Recall_test: 0.368159
F1_test: 0.437870
 

Arquitectura: _2_6_1_
Semilla: 1788105205
Segundos: 49
NIteraciones: 100000

Costo_train: 0.239952
Precision_train: 0.574233
Recall_train: 0.585732
F1_train: 0.579926

Costo_test: 0.245302
Precision_test: 0.564516
Recall_test: 0.522388
F1_test: 0.542636
 

Arquitectura: _2_6_1_
Semilla: 1788105205
Segundos: 49
NIteraciones: 100000

Costo_train: 0.241986
Precision_train: 0.557317
Recall_train: 0.571965
F1_train: 0.564546

Costo_test: 0.247240
Precision_test: 0.552083
Recall_test: 0.527363
F1_test: 0.539440
 

Arquitectura: _2_6_1_
Semilla: 1788105205
Segundos: 49
NIteraciones: 100000

Costo_train: 0.237926
Precision_train: 0.560853
Recall_train: 0.559449
F1_train: 0.560150

Costo_test: 0.244352
Precision_test: 0.585492
Recall_test: 0.562189
F1_test: 0.573604
 

Arquitectura: _2_6_1_
Semilla: 1788105205
Segundos: 49
NIteraciones: 100000

Costo_train: 0.240675
Precision_train: 0.558860
Recall_train: 0.564456
F1_train: 0.561644

Costo_test: 0.246676
Precision_test: 0.547368
Recall_test: 0.517413
F1_test: 0.531969
 

Arquitectura: _2_6_1_
Semilla: 1788105205
Segundos: 49
NIteraciones: 100000

Costo_train: 0.237901
Precision_train: 0.575290
Recall_train: 0.559449
F1_train: 0.567259

Costo_test: 0.243981
Precision_test: 0.596491
Recall_test: 0.507463
F1_test: 0.548387
 

Arquitectura: _2_6_1_
Semilla: 1788105205
Segundos: 49
NIteraciones: 100000

Costo_train: 0.242801
Precision_train: 0.570025
Recall_train: 0.580726
F1_train: 0.575325

Costo_test: 0.246847
Precision_test: 0.560847
Recall_test: 0.527363
F1_test: 0.543590
 

Arquitectura: _2_6_1_
Semilla: 1788105205
Segundos: 49
NIteraciones: 100000

Costo_train: 0.242009
Precision_train: 0.565657
Recall_train: 0.560701
F1_train: 0.563168

Costo_test: 0.250764
Precision_test: 0.530612
Recall_test: 0.517413
F1_test: 0.523929
 

Arquitectura: _2_6_1_
Semilla: 1788105205
Segundos: 49
NIteraciones: 100000

Costo_train: 0.240614
Precision_train: 0.569288
Recall_train: 0.570713
F1_train: 0.570000

Costo_test: 0.243956
Precision_test: 0.566667
Recall_test: 0.507463
F1_test: 0.535433
 

Arquitectura: _2_6_1_
Semilla: 1788105205
Segundos: 49
NIteraciones: 100000

Costo_train: 0.240390
Precision_train: 0.577558
Recall_train: 0.438048
F1_train: 0.498221

Costo_test: 0.248118
Precision_test: 0.562500
Recall_test: 0.402985
F1_test: 0.469565
 

Arquitectura: _2_6_1_
Semilla: 1788105205
Segundos: 49
NIteraciones: 100000

Costo_train: 0.240280
Precision_train: 0.588020
Recall_train: 0.602003
F1_train: 0.594929

Costo_test: 0.249421
Precision_test: 0.554974
Recall_test: 0.527363
F1_test: 0.540816
 

Arquitectura: _2_6_1_
Semilla: 1788105205
Segundos: 49
NIteraciones: 100000

Costo_train: 0.242379
Precision_train: 0.570175
Recall_train: 0.569462
F1_train: 0.569818

Costo_test: 0.250465
Precision_test: 0.538860
Recall_test: 0.517413
F1_test: 0.527919
 

Arquitectura: _2_6_1_
Semilla: 1788105205
Segundos: 49
NIteraciones: 100000

Costo_train: 0.240388
Precision_train: 0.585396
Recall_train: 0.591990
F1_train: 0.588675

Costo_test: 0.247669
Precision_test: 0.559586
Recall_test: 0.537313
F1_test: 0.548223
 

Arquitectura: _2_6_1_
Semilla: 1788105205
Segundos: 49
NIteraciones: 100000

Costo_train: 0.240751
Precision_train: 0.576250
Recall_train: 0.576971
F1_train: 0.576610

Costo_test: 0.250462
Precision_test: 0.535000
Recall_test: 0.532338
F1_test: 0.533666
 

Arquitectura: _2_6_1_
Semilla: 1788105205
Segundos: 49
NIteraciones: 100000

Costo_train: 0.241484
Precision_train: 0.569825
Recall_train: 0.571965
F1_train: 0.570893

Costo_test: 0.249780
Precision_test: 0.522843
Recall_test: 0.512438
F1_test: 0.517588
 

Arquitectura: _2_6_1_
Semilla: 1788105205
Segundos: 49
NIteraciones: 100000

Costo_train: 0.243764
Precision_train: 0.562733
Recall_train: 0.566959
F1_train: 0.564838

Costo_test: 0.246328
Precision_test: 0.578125
Recall_test: 0.552239
F1_test: 0.564885
 

Arquitectura: _2_6_1_
Semilla: 1788105205
Segundos: 49
NIteraciones: 100000

Costo_train: 0.240124
Precision_train: 0.591358
Recall_train: 0.599499
F1_train: 0.595401

Costo_test: 0.250053
Precision_test: 0.539267
Recall_test: 0.512438
F1_test: 0.525510
 

Arquitectura: _2_6_1_
Semilla: 1788105205
Segundos: 49
NIteraciones: 100000

Costo_train: 0.238987
Precision_train: 0.572133
Recall_train: 0.580726
F1_train: 0.576398

Costo_test: 0.245097
Precision_test: 0.570681
Recall_test: 0.542289
F1_test: 0.556122
 

Arquitectura: _2_6_1_
Semilla: 1788105205
Segundos: 49
NIteraciones: 100000

Costo_train: 0.240729
Precision_train: 0.580124
Recall_train: 0.584481
F1_train: 0.582294

Costo_test: 0.248483
Precision_test: 0.535135
Recall_test: 0.492537
F1_test: 0.512953
 

Arquitectura: _2_6_1_
Semilla: 1788105205
Segundos: 49
NIteraciones: 100000

Costo_train: 0.238389
Precision_train: 0.596050
Recall_train: 0.415519
F1_train: 0.489676

Costo_test: 0.245324
Precision_test: 0.565891
Recall_test: 0.363184
F1_test: 0.442424
 

Arquitectura: _2_6_1_
Semilla: 1788105205
Segundos: 49
NIteraciones: 100000

Costo_train: 0.237760
Precision_train: 0.577114
Recall_train: 0.580726
F1_train: 0.578915

Costo_test: 0.245787
Precision_test: 0.555556
Recall_test: 0.547264
F1_test: 0.551378
 

Arquitectura: _2_6_1_
Semilla: 1788105205
Segundos: 49
NIteraciones: 100000

Costo_train: 0.240824
Precision_train: 0.570197
Recall_train: 0.579474
F1_train: 0.574798

Costo_test: 0.247623
Precision_test: 0.546798
Recall_test: 0.552239
F1_test: 0.549505
 

Arquitectura: _2_6_1_
Semilla: 1788105205
Segundos: 49
NIteraciones: 100000

Costo_train: 0.240484
Precision_train: 0.571970
Recall_train: 0.566959
F1_train: 0.569453

Costo_test: 0.248461
Precision_test: 0.561224
Recall_test: 0.547264
F1_test: 0.554156
 

Arquitectura: _2_6_1_
Semilla: 1788105205
Segundos: 49
NIteraciones: 100000

Costo_train: 0.243934
Precision_train: 0.572146
Recall_train: 0.570713
F1_train: 0.571429

Costo_test: 0.251608
Precision_test: 0.545000
Recall_test: 0.542289
F1_test: 0.543641
 

Arquitectura: _2_6_1_
Semilla: 1788105205
Segundos: 49
NIteraciones: 100000

Costo_train: 0.239638
Precision_train: 0.576380
Recall_train: 0.561952
F1_train: 0.569075

Costo_test: 0.243428
Precision_test: 0.608939
Recall_test: 0.542289
F1_test: 0.573684
 


--- Test Profunda 2.0 ---
Iteración 10000
Costo: 0.247906
Iteración 20000
Costo: 0.247331
Iteración 30000
Costo: 0.247174
Iteración 40000
Costo: 0.247073
Iteración 50000
Costo: 0.246991
Iteración 60000
Costo: 0.246923
Iteración 70000
Costo: 0.246865
Iteración 80000
Costo: 0.246815
Iteración 90000
Costo: 0.246774

Arquitectura: _2_3_3_1_
Semilla: 1788105254
Segundos: 94
NIteraciones: 100000

Costo_train: 0.246738
Precision_train: 0.552030
Recall_train: 0.544431
F1_train: 0.548204

Costo_test: 0.249067
Precision_test: 0.540000
Recall_test: 0.537313
F1_test: 0.538653
 

Arquitectura: _2_3_3_1_
Semilla: 1788105254
Segundos: 94
NIteraciones: 100000

Costo_train: 0.245717
Precision_train: 0.548550
Recall_train: 0.544431
F1_train: 0.546482

Costo_test: 0.250190
Precision_test: 0.531579
Recall_test: 0.502488
F1_test: 0.516624
 

Arquitectura: _2_3_3_1_
Semilla: 1788105254
Segundos: 94
NIteraciones: 100000

Costo_train: 0.245102
Precision_train: 0.551724
Recall_train: 0.560701
F1_train: 0.556176

Costo_test: 0.244882
Precision_test: 0.572165
Recall_test: 0.552239
F1_test: 0.562025
 

Arquitectura: _2_3_3_1_
Semilla: 1788105254
Segundos: 94
NIteraciones: 100000

Costo_train: 0.245162
Precision_train: 0.570713
Recall_train: 0.570713
F1_train: 0.570713

Costo_test: 0.246778
Precision_test: 0.553846
Recall_test: 0.537313
F1_test: 0.545455
 

Arquitectura: _2_3_3_1_
Semilla: 1788105254
Segundos: 94
NIteraciones: 100000

Costo_train: 0.244547
Precision_train: 0.552070
Recall_train: 0.550688
F1_train: 0.551378

Costo_test: 0.246836
Precision_test: 0.540000
Recall_test: 0.537313
F1_test: 0.538653
 

Arquitectura: _2_3_3_1_
Semilla: 1788105254
Segundos: 94
NIteraciones: 100000

Costo_train: 0.245164
Precision_train: 0.551046
Recall_train: 0.560701
F1_train: 0.555831

Costo_test: 0.244739
Precision_test: 0.569231
Recall_test: 0.552239
F1_test: 0.560606
 

Arquitectura: _2_3_3_1_
Semilla: 1788105254
Segundos: 94
NIteraciones: 100000

Costo_train: 0.243691
Precision_train: 0.574784
Recall_train: 0.581977
F1_train: 0.578358

Costo_test: 0.247316
Precision_test: 0.560606
Recall_test: 0.552239
F1_test: 0.556391
 

Arquitectura: _2_3_3_1_
Semilla: 1788105254
Segundos: 94
NIteraciones: 100000

Costo_train: 0.244583
Precision_train: 0.551597
Recall_train: 0.561952
F1_train: 0.556727

Costo_test: 0.245081
Precision_test: 0.569231
Recall_test: 0.552239
F1_test: 0.560606
 

Arquitectura: _2_3_3_1_
Semilla: 1788105254
Segundos: 94
NIteraciones: 100000

Costo_train: 0.243662
Precision_train: 0.575495
Recall_train: 0.581977
F1_train: 0.578718

Costo_test: 0.247737
Precision_test: 0.557789
Recall_test: 0.552239
F1_test: 0.555000
 

Arquitectura: _2_3_3_1_
Semilla: 1788105254
Segundos: 94
NIteraciones: 100000

Costo_train: 0.247322
Precision_train: 0.549686
Recall_train: 0.546934
F1_train: 0.548306

Costo_test: 0.247946
Precision_test: 0.540000
Recall_test: 0.537313
F1_test: 0.538653
 

Arquitectura: _2_3_3_1_
Semilla: 1788105254
Segundos: 94
NIteraciones: 100000

Costo_train: 0.245714
Precision_train: 0.566038
Recall_train: 0.563204
F1_train: 0.564617

Costo_test: 0.251118
Precision_test: 0.530928
Recall_test: 0.512438
F1_test: 0.521519
 

Arquitectura: _2_3_3_1_
Semilla: 1788105254
Segundos: 94
NIteraciones: 100000

Costo_train: 0.244237
Precision_train: 0.554871
Recall_train: 0.563204
F1_train: 0.559006

Costo_test: 0.244604
Precision_test: 0.569231
Recall_test: 0.552239
F1_test: 0.560606
 

Arquitectura: _2_3_3_1_
Semilla: 1788105254
Segundos: 94
NIteraciones: 100000

Costo_train: 0.245099
Precision_train: 0.551298
Recall_train: 0.558198
F1_train: 0.554726

Costo_test: 0.244903
Precision_test: 0.572165
Recall_test: 0.552239
F1_test: 0.562025
 

Arquitectura: _2_3_3_1_
Semilla: 1788105254
Segundos: 94
NIteraciones: 100000

Costo_train: 0.244111
Precision_train: 0.551724
Recall_train: 0.560701
F1_train: 0.556176

Costo_test: 0.244108
Precision_test: 0.572165
Recall_test: 0.552239
F1_test: 0.562025
 

Arquitectura: _2_3_3_1_
Semilla: 1788105254
Segundos: 94
NIteraciones: 100000

Costo_train: 0.245360
Precision_train: 0.551122
Recall_train: 0.553191
F1_train: 0.552155

Costo_test: 0.247121
Precision_test: 0.540000
Recall_test: 0.537313
F1_test: 0.538653
 

Arquitectura: _2_3_3_1_
Semilla: 1788105254
Segundos: 94
NIteraciones: 100000

Costo_train: 0.244719
Precision_train: 0.551171
Recall_train: 0.559449
F1_train: 0.555279

Costo_test: 0.244371
Precision_test: 0.569231
Recall_test: 0.552239
F1_test: 0.560606
 

Arquitectura: _2_3_3_1_
Semilla: 1788105254
Segundos: 94
NIteraciones: 100000

Costo_train: 0.243573
Precision_train: 0.567827
Recall_train: 0.591990
F1_train: 0.579657

Costo_test: 0.245599
Precision_test: 0.556757
Recall_test: 0.512438
F1_test: 0.533679
 

Arquitectura: _2_3_3_1_
Semilla: 1788105254
Segundos: 94
NIteraciones: 100000

Costo_train: 0.245730
Precision_train: 0.550063
Recall_train: 0.543179
F1_train: 0.546599

Costo_test: 0.250124
Precision_test: 0.529101
Recall_test: 0.497512
F1_test: 0.512821
 

Arquitectura: _2_3_3_1_
Semilla: 1788105254
Segundos: 94
NIteraciones: 100000

Costo_train: 0.246508
Precision_train: 0.551171
Recall_train: 0.559449
F1_train: 0.555279

Costo_test: 0.246296
Precision_test: 0.570707
Recall_test: 0.562189
F1_test: 0.566416
 

Arquitectura: _2_3_3_1_
Semilla: 1788105254
Segundos: 94
NIteraciones: 100000

Costo_train: 0.245120
Precision_train: 0.551298
Recall_train: 0.558198
F1_train: 0.554726

Costo_test: 0.244888
Precision_test: 0.572165
Recall_test: 0.552239
F1_test: 0.562025
 

Arquitectura: _2_3_3_1_
Semilla: 1788105254
Segundos: 94
NIteraciones: 100000

Costo_train: 0.246467
Precision_train: 0.552109
Recall_train: 0.556946
F1_train: 0.554517

Costo_test: 0.246063
Precision_test: 0.572165
Recall_test: 0.552239
F1_test: 0.562025
 

Arquitectura: _2_3_3_1_
Semilla: 1788105254
Segundos: 94
NIteraciones: 100000

Costo_train: 0.245109
Precision_train: 0.551171
Recall_train: 0.559449
F1_train: 0.555279

Costo_test: 0.244738
Precision_test: 0.572165
Recall_test: 0.552239
F1_test: 0.562025
 

Arquitectura: _2_3_3_1_
Semilla: 1788105254
Segundos: 94
NIteraciones: 100000

Costo_train: 0.246501
Precision_train: 0.549572
Recall_train: 0.561952
F1_train: 0.555693

Costo_test: 0.246185
Precision_test: 0.573604
Recall_test: 0.562189
F1_test: 0.567839
 

Arquitectura: _2_3_3_1_
Semilla: 1788105254
Segundos: 94
NIteraciones: 100000

Costo_train: 0.245577
Precision_train: 0.553325
Recall_train: 0.551940
F1_train: 0.552632

Costo_test: 0.250347
Precision_test: 0.529101
Recall_test: 0.497512
F1_test: 0.512821
 

Arquitectura: _2_3_3_1_
Semilla: 1788105254
Segundos: 94
NIteraciones: 100000

Costo_train: 0.245628
Precision_train: 0.550318
Recall_train: 0.540676
F1_train: 0.545455

Costo_test: 0.250229
Precision_test: 0.531915
Recall_test: 0.497512
F1_test: 0.514139
 

Arquitectura: _2_3_3_1_
Semilla: 1788105254
Segundos: 94
NIteraciones: 100000

Costo_train: 0.244636
Precision_train: 0.556227
Recall_train: 0.575720
F1_train: 0.565806

Costo_test: 0.245371
Precision_test: 0.548913
Recall_test: 0.502488
F1_test: 0.524675
 

Arquitectura: _2_3_3_1_
Semilla: 1788105254
Segundos: 94
NIteraciones: 100000

Costo_train: 0.243822
Precision_train: 0.571779
Recall_train: 0.583229
F1_train: 0.577447

Costo_test: 0.246482
Precision_test: 0.563158
Recall_test: 0.532338
F1_test: 0.547315
 

Arquitectura: _2_3_3_1_
Semilla: 1788105254
Segundos: 94
NIteraciones: 100000

Costo_train: 0.247213
Precision_train: 0.548673
Recall_train: 0.543179
F1_train: 0.545912

Costo_test: 0.248563
Precision_test: 0.540000
Recall_test: 0.537313
F1_test: 0.538653
 

Arquitectura: _2_3_3_1_
Semilla: 1788105254
Segundos: 94
NIteraciones: 100000

Costo_train: 0.245754
Precision_train: 0.566416
Recall_train: 0.565707
F1_train: 0.566061

Costo_test: 0.250983
Precision_test: 0.528205
Recall_test: 0.512438
F1_test: 0.520202
 

Arquitectura: _2_3_3_1_
Semilla: 1788105254
Segundos: 94
NIteraciones: 100000

Costo_train: 0.245127
Precision_train: 0.550617
Recall_train: 0.558198
F1_train: 0.554382

Costo_test: 0.244921
Precision_test: 0.573604
Recall_test: 0.562189
F1_test: 0.567839
 

Arquitectura: _2_3_3_1_
Semilla: 1788105254
Segundos: 94
NIteraciones: 100000

Costo_train: 0.246318
Precision_train: 0.550761
Recall_train: 0.543179
F1_train: 0.546944

Costo_test: 0.249308
Precision_test: 0.540000
Recall_test: 0.537313
F1_test: 0.538653
 

Arquitectura: _2_3_3_1_
Semilla: 1788105254
Segundos: 94
NIteraciones: 100000

Costo_train: 0.245636
Precision_train: 0.554172
Recall_train: 0.556946
F1_train: 0.555556

Costo_test: 0.250261
Precision_test: 0.523560
Recall_test: 0.497512
F1_test: 0.510204
 

Arquitectura: _2_3_3_1_
Semilla: 1788105254
Segundos: 94
NIteraciones: 100000

Costo_train: 0.247412
Precision_train: 0.547859
Recall_train: 0.544431
F1_train: 0.546139

Costo_test: 0.248553
Precision_test: 0.536946
Recall_test: 0.542289
F1_test: 0.539604
 

Arquitectura: _2_3_3_1_
Semilla: 1788105254
Segundos: 94
NIteraciones: 100000

Costo_train: 0.243887
Precision_train: 0.571603
Recall_train: 0.584481
F1_train: 0.577970

Costo_test: 0.246382
Precision_test: 0.563158
Recall_test: 0.532338
F1_test: 0.547315
 

Arquitectura: _2_3_3_1_
Semilla: 1788105254
Segundos: 94
NIteraciones: 100000

Costo_train: 0.245708
Precision_train: 0.567296
Recall_train: 0.564456
F1_train: 0.565872

Costo_test: 0.251114
Precision_test: 0.530928
Recall_test: 0.512438
F1_test: 0.521519
 

Arquitectura: _2_3_3_1_
Semilla: 1788105254
Segundos: 94
NIteraciones: 100000

Costo_train: 0.246043
Precision_train: 0.552500
Recall_train: 0.553191
F1_train: 0.552846

Costo_test: 0.247223
Precision_test: 0.569231
Recall_test: 0.552239
F1_test: 0.560606
 

Arquitectura: _2_3_3_1_
Semilla: 1788105254
Segundos: 94
NIteraciones: 100000

Costo_train: 0.243904
Precision_train: 0.571253
Recall_train: 0.581977
F1_train: 0.576565

Costo_test: 0.246362
Precision_test: 0.563158
Recall_test: 0.532338
F1_test: 0.547315
 

Arquitectura: _2_3_3_1_
Semilla: 1788105254
Segundos: 94
NIteraciones: 100000

Costo_train: 0.243570
Precision_train: 0.572839
Recall_train: 0.580726
F1_train: 0.576756

Costo_test: 0.247513
Precision_test: 0.548223
Recall_test: 0.537313
F1_test: 0.542714
 

Arquitectura: _2_3_3_1_
Semilla: 1788105254
Segundos: 94
NIteraciones: 100000

Costo_train: 0.245106
Precision_train: 0.551724
Recall_train: 0.560701
F1_train: 0.556176

Costo_test: 0.244925
Precision_test: 0.574359
Recall_test: 0.557214
F1_test: 0.565657
 

Arquitectura: _2_3_3_1_
Semilla: 1788105254
Segundos: 94
NIteraciones: 100000

Costo_train: 0.245135
Precision_train: 0.551980
Recall_train: 0.558198
F1_train: 0.555072

Costo_test: 0.244926
Precision_test: 0.574359
Recall_test: 0.557214
F1_test: 0.565657
 

Arquitectura: _2_3_3_1_
Semilla: 1788105254
Segundos: 94
NIteraciones: 100000

Costo_train: 0.245674
Precision_train: 0.551201
Recall_train: 0.545682
F1_train: 0.548428

Costo_test: 0.250183
Precision_test: 0.531915
Recall_test: 0.497512
F1_test: 0.514139
 

Arquitectura: _2_3_3_1_
Semilla: 1788105254
Segundos: 94
NIteraciones: 100000

Costo_train: 0.246222
Precision_train: 0.560356
Recall_train: 0.551940
F1_train: 0.556116

Costo_test: 0.248945
Precision_test: 0.551724
Recall_test: 0.557214
F1_test: 0.554455
 

Arquitectura: _2_3_3_1_
Semilla: 1788105254
Segundos: 94
NIteraciones: 100000

Costo_train: 0.245207
Precision_train: 0.552276
Recall_train: 0.561952
F1_train: 0.557072

Costo_test: 0.244751
Precision_test: 0.572165
Recall_test: 0.552239
F1_test: 0.562025
 

Arquitectura: _2_3_3_1_
Semilla: 1788105254
Segundos: 94
NIteraciones: 100000

Costo_train: 0.247235
Precision_train: 0.548550
Recall_train: 0.544431
F1_train: 0.546482

Costo_test: 0.248918
Precision_test: 0.542289
Recall_test: 0.542289
F1_test: 0.542289
 

Arquitectura: _2_3_3_1_
Semilla: 1788105254
Segundos: 94
NIteraciones: 100000

Costo_train: 0.243651
Precision_train: 0.554054
Recall_train: 0.564456
F1_train: 0.559206

Costo_test: 0.244736
Precision_test: 0.566327
Recall_test: 0.552239
F1_test: 0.559194
 

Arquitectura: _2_3_3_1_
Semilla: 1788105254
Segundos: 94
NIteraciones: 100000

Costo_train: 0.244094
Precision_train: 0.551724
Recall_train: 0.560701
F1_train: 0.556176

Costo_test: 0.244192
Precision_test: 0.572165
Recall_test: 0.552239
F1_test: 0.562025
 

Arquitectura: _2_3_3_1_
Semilla: 1788105254
Segundos: 94
NIteraciones: 100000

Costo_train: 0.247328
Precision_train: 0.550943
Recall_train: 0.548185
F1_train: 0.549561

Costo_test: 0.247981
Precision_test: 0.540000
Recall_test: 0.537313
F1_test: 0.538653
 

Arquitectura: _2_3_3_1_
Semilla: 1788105254
Segundos: 94
NIteraciones: 100000

Costo_train: 0.245747
Precision_train: 0.565707
Recall_train: 0.565707
F1_train: 0.565707

Costo_test: 0.251008
Precision_test: 0.525510
Recall_test: 0.512438
F1_test: 0.518892
 

Arquitectura: _2_3_3_1_
Semilla: 1788105254
Segundos: 94
NIteraciones: 100000

Costo_train: 0.245745
Precision_train: 0.565327
Recall_train: 0.563204
F1_train: 0.564263

Costo_test: 0.251022
Precision_test: 0.530928
Recall_test: 0.512438
F1_test: 0.521519
 

Arquitectura: _2_3_3_1_
Semilla: 1788105254
Segundos: 94
NIteraciones: 100000

Costo_train: 0.243606
Precision_train: 0.575460
Recall_train: 0.586984
F1_train: 0.581165

Costo_test: 0.247568
Precision_test: 0.555556
Recall_test: 0.547264
F1_test: 0.551378
 

Arquitectura: _2_3_3_1_
Semilla: 1788105254
Segundos: 94
NIteraciones: 100000

Costo_train: 0.245108
Precision_train: 0.551724
Recall_train: 0.560701
F1_train: 0.556176

Costo_test: 0.244872
Precision_test: 0.572165
Recall_test: 0.552239
F1_test: 0.562025
 

Arquitectura: _2_3_3_1_
Semilla: 1788105254
Segundos: 94
NIteraciones: 100000

Costo_train: 0.245615
Precision_train: 0.555279
Recall_train: 0.559449
F1_train: 0.557357

Costo_test: 0.250348
Precision_test: 0.523560
Recall_test: 0.497512
F1_test: 0.510204
 

Arquitectura: _2_3_3_1_
Semilla: 1788105254
Segundos: 94
NIteraciones: 100000

Costo_train: 0.247055
Precision_train: 0.551072
Recall_train: 0.546934
F1_train: 0.548995

Costo_test: 0.247112
Precision_test: 0.542289
Recall_test: 0.542289
F1_test: 0.542289
 

Arquitectura: _2_3_3_1_
Semilla: 1788105254
Segundos: 94
NIteraciones: 100000

Costo_train: 0.245139
Precision_train: 0.552276
Recall_train: 0.561952
F1_train: 0.557072

Costo_test: 0.244823
Precision_test: 0.572165
Recall_test: 0.552239
F1_test: 0.562025
 

Arquitectura: _2_3_3_1_
Semilla: 1788105254
Segundos: 94
NIteraciones: 100000

Costo_train: 0.243675
Precision_train: 0.556650
Recall_train: 0.565707
F1_train: 0.561142

Costo_test: 0.244892
Precision_test: 0.566327
Recall_test: 0.552239
F1_test: 0.559194
 

Arquitectura: _2_3_3_1_
Semilla: 1788105254
Segundos: 94
NIteraciones: 100000

Costo_train: 0.244470
Precision_train: 0.554187
Recall_train: 0.563204
F1_train: 0.558659

Costo_test: 0.244647
Precision_test: 0.566327
Recall_test: 0.552239
F1_test: 0.559194
 

Arquitectura: _2_3_3_1_
Semilla: 1788105254
Segundos: 94
NIteraciones: 100000

Costo_train: 0.247420
Precision_train: 0.549242
Recall_train: 0.544431
F1_train: 0.546826

Costo_test: 0.248590
Precision_test: 0.539604
Recall_test: 0.542289
F1_test: 0.540943
 

Arquitectura: _2_3_3_1_
Semilla: 1788105254
Segundos: 94
NIteraciones: 100000

Costo_train: 0.245341
Precision_train: 0.550688
Recall_train: 0.550688
F1_train: 0.550688

Costo_test: 0.247062
Precision_test: 0.540000
Recall_test: 0.537313
F1_test: 0.538653
 

Arquitectura: _2_3_3_1_
Semilla: 1788105254
Segundos: 94
NIteraciones: 100000

Costo_train: 0.245765
Precision_train: 0.569095
Recall_train: 0.566959
F1_train: 0.568025

Costo_test: 0.250942
Precision_test: 0.536082
Recall_test: 0.517413
F1_test: 0.526582
 

Arquitectura: _2_3_3_1_
Semilla: 1788105254
Segundos: 94
NIteraciones: 100000

Costo_train: 0.245176
Precision_train: 0.551597
Recall_train: 0.561952
F1_train: 0.556727

Costo_test: 0.244732
Precision_test: 0.569231
Recall_test: 0.552239
F1_test: 0.560606
 

Arquitectura: _2_3_3_1_
Semilla: 1788105254
Segundos: 94
NIteraciones: 100000

Costo_train: 0.245168
Precision_train: 0.552109
Recall_train: 0.556946
F1_train: 0.554517

Costo_test: 0.244918
Precision_test: 0.572165
Recall_test: 0.552239
F1_test: 0.562025
 

Arquitectura: _2_3_3_1_
Semilla: 1788105254
Segundos: 94
NIteraciones: 100000

Costo_train: 0.247245
Precision_train: 0.551637
Recall_train: 0.548185
F1_train: 0.549906

Costo_test: 0.248467
Precision_test: 0.540000
Recall_test: 0.537313
F1_test: 0.538653
 

Arquitectura: _2_3_3_1_
Semilla: 1788105254
Segundos: 94
NIteraciones: 100000

Costo_train: 0.249174
Precision_train: 0.520050
Recall_train: 0.519399
F1_train: 0.519724

Costo_test: 0.250920
Precision_test: 0.517241
Recall_test: 0.522388
F1_test: 0.519802
 

Arquitectura: _2_3_3_1_
Semilla: 1788105254
Segundos: 94
NIteraciones: 100000

Costo_train: 0.245307
Precision_train: 0.551810
Recall_train: 0.553191
F1_train: 0.552500

Costo_test: 0.247172
Precision_test: 0.540000
Recall_test: 0.537313
F1_test: 0.538653
 

Arquitectura: _2_3_3_1_
Semilla: 1788105254
Segundos: 94
NIteraciones: 100000

Costo_train: 0.244141
Precision_train: 0.553506
Recall_train: 0.563204
F1_train: 0.558313

Costo_test: 0.244752
Precision_test: 0.572165
Recall_test: 0.552239
F1_test: 0.562025
 

Arquitectura: _2_3_3_1_
Semilla: 1788105254
Segundos: 94
NIteraciones: 100000

Costo_train: 0.245716
Precision_train: 0.555966
Recall_train: 0.565707
F1_train: 0.560794

Costo_test: 0.248449
Precision_test: 0.543269
Recall_test: 0.562189
F1_test: 0.552567
 

Arquitectura: _2_3_3_1_
Semilla: 1788105254
Segundos: 94
NIteraciones: 100000

Costo_train: 0.243962
Precision_train: 0.551724
Recall_train: 0.560701
F1_train: 0.556176

Costo_test: 0.244084
Precision_test: 0.572165
Recall_test: 0.552239
F1_test: 0.562025
 

Arquitectura: _2_3_3_1_
Semilla: 1788105254
Segundos: 94
NIteraciones: 100000

Costo_train: 0.245678
Precision_train: 0.564232
Recall_train: 0.560701
F1_train: 0.562461

Costo_test: 0.251152
Precision_test: 0.533679
Recall_test: 0.512438
F1_test: 0.522843
 

Arquitectura: _2_3_3_1_
Semilla: 1788105254
Segundos: 94
NIteraciones: 100000

Costo_train: 0.245643
Precision_train: 0.553483
Recall_train: 0.556946
F1_train: 0.555209

Costo_test: 0.250270
Precision_test: 0.523560
Recall_test: 0.497512
F1_test: 0.510204
 

Arquitectura: _2_3_3_1_
Semilla: 1788105254
Segundos: 94
NIteraciones: 100000

Costo_train: 0.246488
Precision_train: 0.552109
Recall_train: 0.556946
F1_train: 0.554517

Costo_test: 0.246167
Precision_test: 0.572165
Recall_test: 0.552239
F1_test: 0.562025
 

Arquitectura: _2_3_3_1_
Semilla: 1788105254
Segundos: 94
NIteraciones: 100000

Costo_train: 0.245077
Precision_train: 0.550617
Recall_train: 0.558198
F1_train: 0.554382

Costo_test: 0.244902
Precision_test: 0.572165
Recall_test: 0.552239
F1_test: 0.562025
 

Arquitectura: _2_3_3_1_
Semilla: 1788105254
Segundos: 94
NIteraciones: 100000

Costo_train: 0.243850
Precision_train: 0.571779
Recall_train: 0.583229
F1_train: 0.577447

Costo_test: 0.246462
Precision_test: 0.563158
Recall_test: 0.532338
F1_test: 0.547315
 

Arquitectura: _2_3_3_1_
Semilla: 1788105254
Segundos: 94
NIteraciones: 100000

Costo_train: 0.244661
Precision_train: 0.551171
Recall_train: 0.559449
F1_train: 0.555279

Costo_test: 0.244537
Precision_test: 0.569231
Recall_test: 0.552239
F1_test: 0.560606
 

Arquitectura: _2_3_3_1_
Semilla: 1788105254
Segundos: 94
NIteraciones: 100000

Costo_train: 0.245878
Precision_train: 0.548428
Recall_train: 0.545682
F1_train: 0.547051

Costo_test: 0.250043
Precision_test: 0.526316
Recall_test: 0.497512
F1_test: 0.511509
 

Arquitectura: _2_3_3_1_
Semilla: 1788105254
Segundos: 94
NIteraciones: 100000

Costo_train: 0.244672
Precision_train: 0.551046
Recall_train: 0.560701
F1_train: 0.555831

Costo_test: 0.244482
Precision_test: 0.569231
Recall_test: 0.552239
F1_test: 0.560606
 

Arquitectura: _2_3_3_1_
Semilla: 1788105254
Segundos: 94
NIteraciones: 100000

Costo_train: 0.245103
Precision_train: 0.549261
Recall_train: 0.558198
F1_train: 0.553693

Costo_test: 0.244926
Precision_test: 0.573604
Recall_test: 0.562189
F1_test: 0.567839
 

Arquitectura: _2_3_3_1_
Semilla: 1788105254
Segundos: 94
NIteraciones: 100000

Costo_train: 0.246755
Precision_train: 0.550943
Recall_train: 0.548185
F1_train: 0.549561

Costo_test: 0.249444
Precision_test: 0.540000
Recall_test: 0.537313
F1_test: 0.538653
 

Arquitectura: _2_3_3_1_
Semilla: 1788105254
Segundos: 94
NIteraciones: 100000

Costo_train: 0.244052
Precision_train: 0.552956
Recall_train: 0.561952
F1_train: 0.557418

Costo_test: 0.244453
Precision_test: 0.571429
Recall_test: 0.557214
F1_test: 0.564232
 

Arquitectura: _2_3_3_1_
Semilla: 1788105254
Segundos: 94
NIteraciones: 100000

Costo_train: 0.244589
Precision_train: 0.551597
Recall_train: 0.561952
F1_train: 0.556727

Costo_test: 0.244992
Precision_test: 0.569231
Recall_test: 0.552239
F1_test: 0.560606
 

Arquitectura: _2_3_3_1_
Semilla: 1788105254
Segundos: 94
NIteraciones: 100000

Costo_train: 0.244581
Precision_train: 0.558931
Recall_train: 0.575720
F1_train: 0.567201

Costo_test: 0.245409
Precision_test: 0.543956
Recall_test: 0.492537
F1_test: 0.516971
 

Arquitectura: _2_3_3_1_
Semilla: 1788105254
Segundos: 94
NIteraciones: 100000

Costo_train: 0.243919
Precision_train: 0.558789
Recall_train: 0.600751
F1_train: 0.579011

Costo_test: 0.244535
Precision_test: 0.550265
Recall_test: 0.517413
F1_test: 0.533333
 

Arquitectura: _2_3_3_1_
Semilla: 1788105254
Segundos: 94
NIteraciones: 100000

Costo_train: 0.245322
Precision_train: 0.550000
Recall_train: 0.550688
F1_train: 0.550344

Costo_test: 0.247141
Precision_test: 0.540000
Recall_test: 0.537313
F1_test: 0.538653
 

Arquitectura: _2_3_3_1_
Semilla: 1788105254
Segundos: 94
NIteraciones: 100000

Costo_train: 0.246537
Precision_train: 0.551122
Recall_train: 0.553191
F1_train: 0.552155

Costo_test: 0.246249
Precision_test: 0.568528
Recall_test: 0.557214
F1_test: 0.562814
 

Arquitectura: _2_3_3_1_
Semilla: 1788105254
Segundos: 94
NIteraciones: 100000

Costo_train: 0.244054
Precision_train: 0.551852
Recall_train: 0.559449
F1_train: 0.555625

Costo_test: 0.245090
Precision_test: 0.572165
Recall_test: 0.552239
F1_test: 0.562025
 

Arquitectura: _2_3_3_1_
Semilla: 1788105254
Segundos: 94
NIteraciones: 100000

Costo_train: 0.245303
Precision_train: 0.550125
Recall_train: 0.549437
F1_train: 0.549781

Costo_test: 0.247077
Precision_test: 0.540000
Recall_test: 0.537313
F1_test: 0.538653
 

Arquitectura: _2_3_3_1_
Semilla: 1788105254
Segundos: 94
NIteraciones: 100000

Costo_train: 0.245102
Precision_train: 0.551724
Recall_train: 0.560701
F1_train: 0.556176

Costo_test: 0.244883
Precision_test: 0.572165
Recall_test: 0.552239
F1_test: 0.562025
 

Arquitectura: _2_3_3_1_
Semilla: 1788105254
Segundos: 94
NIteraciones: 100000

Costo_train: 0.246541
Precision_train: 0.547445
Recall_train: 0.563204
F1_train: 0.555213

Costo_test: 0.246267
Precision_test: 0.572864
Recall_test: 0.567164
F1_test: 0.570000
 

Arquitectura: _2_3_3_1_
Semilla: 1788105254
Segundos: 94
NIteraciones: 100000

Costo_train: 0.246069
Precision_train: 0.551425
Recall_train: 0.556946
F1_train: 0.554172

Costo_test: 0.247043
Precision_test: 0.569231
Recall_test: 0.552239
F1_test: 0.560606
 

Arquitectura: _2_3_3_1_
Semilla: 1788105254
Segundos: 94
NIteraciones: 100000

Costo_train: 0.245236
Precision_train: 0.551046
Recall_train: 0.560701
F1_train: 0.555831

Costo_test: 0.244695
Precision_test: 0.572165
Recall_test: 0.552239
F1_test: 0.562025
 

Arquitectura: _2_3_3_1_
Semilla: 1788105254
Segundos: 94
NIteraciones: 100000

Costo_train: 0.243825
Precision_train: 0.570379
Recall_train: 0.583229
F1_train: 0.576733

Costo_test: 0.246492
Precision_test: 0.563158
Recall_test: 0.532338
F1_test: 0.547315
 

Arquitectura: _2_3_3_1_
Semilla: 1788105254
Segundos: 94
NIteraciones: 100000

Costo_train: 0.246165
Precision_train: 0.557644
Recall_train: 0.556946
F1_train: 0.557295

Costo_test: 0.249089
Precision_test: 0.554455
Recall_test: 0.557214
F1_test: 0.555831
 

Arquitectura: _2_3_3_1_
Semilla: 1788105254
Segundos: 94
NIteraciones: 100000

Costo_train: 0.245109
Precision_train: 0.551724
Recall_train: 0.560701
F1_train: 0.556176

Costo_test: 0.244896
Precision_test: 0.572165
Recall_test: 0.552239
F1_test: 0.562025
 

Arquitectura: _2_3_3_1_
Semilla: 1788105254
Segundos: 94
NIteraciones: 100000

Costo_train: 0.245312
Precision_train: 0.551980
Recall_train: 0.558198
F1_train: 0.555072

Costo_test: 0.244929
Precision_test: 0.572165
Recall_test: 0.552239
F1_test: 0.562025
 

Arquitectura: _2_3_3_1_
Semilla: 1788105254
Segundos: 94
NIteraciones: 100000

Costo_train: 0.243805
Precision_train: 0.570379
Recall_train: 0.583229
F1_train: 0.576733

Costo_test: 0.246542
Precision_test: 0.560209
Recall_test: 0.532338
F1_test: 0.545918
 

Arquitectura: _2_3_3_1_
Semilla: 1788105254
Segundos: 94
NIteraciones: 100000

Costo_train: 0.245676
Precision_train: 0.566792
Recall_train: 0.568210
F1_train: 0.567500

Costo_test: 0.251124
Precision_test: 0.525510
Recall_test: 0.512438
F1_test: 0.518892
 

Arquitectura: _2_3_3_1_
Semilla: 1788105254
Segundos: 94
NIteraciones: 100000

Costo_train: 0.246059
Precision_train: 0.552070
Recall_train: 0.550688
F1_train: 0.551378

Costo_test: 0.247197
Precision_test: 0.569948
Recall_test: 0.547264
F1_test: 0.558376
 

Arquitectura: _2_3_3_1_
Semilla: 1788105254
Segundos: 94
NIteraciones: 100000

Costo_train: 0.246020
Precision_train: 0.551681
Recall_train: 0.554443
F1_train: 0.553059

Costo_test: 0.247177
Precision_test: 0.571429
Recall_test: 0.557214
F1_test: 0.564232
 

Arquitectura: _2_3_3_1_
Semilla: 1788105254
Segundos: 94
NIteraciones: 100000

Costo_train: 0.246211
Precision_train: 0.551810
Recall_train: 0.553191
F1_train: 0.552500

Costo_test: 0.246849
Precision_test: 0.569231
Recall_test: 0.552239
F1_test: 0.560606
 

Arquitectura: _2_3_3_1_
Semilla: 1788105254
Segundos: 94
NIteraciones: 100000

Costo_train: 0.247296
Precision_train: 0.550943
Recall_train: 0.548185
F1_train: 0.549561

Costo_test: 0.248290
Precision_test: 0.540000
Recall_test: 0.537313
F1_test: 0.538653
 

Arquitectura: _2_3_3_1_
Semilla: 1788105254
Segundos: 94
NIteraciones: 100000

Costo_train: 0.245382
Precision_train: 0.551171
Recall_train: 0.559449
F1_train: 0.555279

Costo_test: 0.245043
Precision_test: 0.572864
Recall_test: 0.567164
F1_test: 0.570000
 


--- Test Angosta 3.0 ---
Iteración 10000
Costo: 0.242578
Iteración 20000
Costo: 0.240382
Iteración 30000
Costo: 0.238350
Iteración 40000
Costo: 0.237099
Iteración 50000
Costo: 0.236341
Iteración 60000
Costo: 0.237236
Iteración 70000
Costo: 0.237201
Iteración 80000
Costo: 0.237092
Iteración 90000
Costo: 0.236888

Arquitectura: _2_9_1_
Semilla: 1788105348
Segundos: 52
NIteraciones: 100000

Costo_train: 0.236561
Precision_train: 0.591549
Recall_train: 0.630789
F1_train: 0.610539

Costo_test: 0.242293
Precision_test: 0.565000
Recall_test: 0.562189
F1_test: 0.563591
 

Arquitectura: _2_9_1_
Semilla: 1788105348
Segundos: 52
NIteraciones: 100000

Costo_train: 0.235782
Precision_train: 0.595771
Recall_train: 0.599499
F1_train: 0.597629

Costo_test: 0.248627
Precision_test: 0.550802
Recall_test: 0.512438
F1_test: 0.530928
 

Arquitectura: _2_9_1_
Semilla: 1788105348
Segundos: 52
NIteraciones: 100000

Costo_train: 0.235213
Precision_train: 0.589552
Recall_train: 0.593242
F1_train: 0.591391

Costo_test: 0.248752
Precision_test: 0.555556
Recall_test: 0.522388
F1_test: 0.538462
 

Arquitectura: _2_9_1_
Semilla: 1788105348
Segundos: 52
NIteraciones: 100000

Costo_train: 0.237904
Precision_train: 0.570352
Recall_train: 0.568210
F1_train: 0.569279

Costo_test: 0.246666
Precision_test: 0.538860
Recall_test: 0.517413
F1_test: 0.527919
 

Arquitectura: _2_9_1_
Semilla: 1788105348
Segundos: 52
NIteraciones: 100000

Costo_train: 0.239028
Precision_train: 0.577889
Recall_train: 0.575720
F1_train: 0.576803

Costo_test: 0.251231
Precision_test: 0.550505
Recall_test: 0.542289
F1_test: 0.546366
 

Arquitectura: _2_9_1_
Semilla: 1788105348
Segundos: 52
NIteraciones: 100000

Costo_train: 0.239534
Precision_train: 0.537939
Recall_train: 0.594493
F1_train: 0.564804

Costo_test: 0.243147
Precision_test: 0.584541
Recall_test: 0.601990
F1_test: 0.593137
 

Arquitectura: _2_9_1_
Semilla: 1788105348
Segundos: 52
NIteraciones: 100000

Costo_train: 0.235169
Precision_train: 0.600499
Recall_train: 0.602003
F1_train: 0.601250

Costo_test: 0.243599
Precision_test: 0.535714
Recall_test: 0.522388
F1_test: 0.528967
 

Arquitectura: _2_9_1_
Semilla: 1788105348
Segundos: 52
NIteraciones: 100000

Costo_train: 0.237732
Precision_train: 0.576112
Recall_train: 0.615770
F1_train: 0.595281

Costo_test: 0.243888
Precision_test: 0.597990
Recall_test: 0.592040
F1_test: 0.595000
 

Arquitectura: _2_9_1_
Semilla: 1788105348
Segundos: 52
NIteraciones: 100000

Costo_train: 0.235175
Precision_train: 0.584693
Recall_train: 0.583229
F1_train: 0.583960

Costo_test: 0.243813
Precision_test: 0.551020
Recall_test: 0.537313
F1_test: 0.544081
 

Arquitectura: _2_9_1_
Semilla: 1788105348
Segundos: 52
NIteraciones: 100000

Costo_train: 0.237939
Precision_train: 0.586683
Recall_train: 0.584481
F1_train: 0.585580

Costo_test: 0.242952
Precision_test: 0.629630
Recall_test: 0.592040
F1_test: 0.610256
 

Arquitectura: _2_9_1_
Semilla: 1788105348
Segundos: 52
NIteraciones: 100000

Costo_train: 0.235181
Precision_train: 0.597758
Recall_train: 0.600751
F1_train: 0.599251

Costo_test: 0.243496
Precision_test: 0.570681
Recall_test: 0.542289
F1_test: 0.556122
 

Arquitectura: _2_9_1_
Semilla: 1788105348
Segundos: 52
NIteraciones: 100000

Costo_train: 0.238461
Precision_train: 0.571101
Recall_train: 0.623279
F1_train: 0.596050

Costo_test: 0.245132
Precision_test: 0.549020
Recall_test: 0.557214
F1_test: 0.553086
 

Arquitectura: _2_9_1_
Semilla: 1788105348
Segundos: 52
NIteraciones: 100000

Costo_train: 0.235224
Precision_train: 0.604828
Recall_train: 0.595745
F1_train: 0.600252

Costo_test: 0.242040
Precision_test: 0.562842
Recall_test: 0.512438
F1_test: 0.536458
 

Arquitectura: _2_9_1_
Semilla: 1788105348
Segundos: 52
NIteraciones: 100000

Costo_train: 0.236211
Precision_train: 0.592138
Recall_train: 0.603254
F1_train: 0.597644

Costo_test: 0.243597
Precision_test: 0.612022
Recall_test: 0.557214
F1_test: 0.583333
 

Arquitectura: _2_9_1_
Semilla: 1788105348
Segundos: 52
NIteraciones: 100000

Costo_train: 0.237198
Precision_train: 0.602978
Recall_train: 0.608260
F1_train: 0.605608

Costo_test: 0.245852
Precision_test: 0.572115
Recall_test: 0.592040
F1_test: 0.581907
 

Arquitectura: _2_9_1_
Semilla: 1788105348
Segundos: 52
NIteraciones: 100000

Costo_train: 0.235173
Precision_train: 0.604681
Recall_train: 0.581977
F1_train: 0.593112

Costo_test: 0.242046
Precision_test: 0.569231
Recall_test: 0.552239
F1_test: 0.560606
 

Arquitectura: _2_9_1_
Semilla: 1788105348
Segundos: 52
NIteraciones: 100000

Costo_train: 0.238078
Precision_train: 0.608479
Recall_train: 0.610763
F1_train: 0.609619

Costo_test: 0.247735
Precision_test: 0.565000
Recall_test: 0.562189
F1_test: 0.563591
 

Arquitectura: _2_9_1_
Semilla: 1788105348
Segundos: 52
NIteraciones: 100000

Costo_train: 0.235596
Precision_train: 0.584464
Recall_train: 0.593242
F1_train: 0.588820

Costo_test: 0.247927
Precision_test: 0.553846
Recall_test: 0.537313
F1_test: 0.545455
 

Arquitectura: _2_9_1_
Semilla: 1788105348
Segundos: 52
NIteraciones: 100000

Costo_train: 0.235113
Precision_train: 0.586902
Recall_train: 0.583229
F1_train: 0.585060

Costo_test: 0.247469
Precision_test: 0.575758
Recall_test: 0.567164
F1_test: 0.571429
 

Arquitectura: _2_9_1_
Semilla: 1788105348
Segundos: 52
NIteraciones: 100000

Costo_train: 0.235759
Precision_train: 0.607053
Recall_train: 0.603254
F1_train: 0.605148

Costo_test: 0.239478
Precision_test: 0.593750
Recall_test: 0.567164
F1_test: 0.580153
 

Arquitectura: _2_9_1_
Semilla: 1788105348
Segundos: 52
NIteraciones: 100000

Costo_train: 0.236540
Precision_train: 0.605063
Recall_train: 0.598248
F1_train: 0.601636

Costo_test: 0.241367
Precision_test: 0.596685
Recall_test: 0.537313
F1_test: 0.565445
 

Arquitectura: _2_9_1_
Semilla: 1788105348
Segundos: 52
NIteraciones: 100000

Costo_train: 0.236557
Precision_train: 0.599016
Recall_train: 0.609512
F1_train: 0.604218

Costo_test: 0.249596
Precision_test: 0.560209
Recall_test: 0.532338
F1_test: 0.545918
 

Arquitectura: _2_9_1_
Semilla: 1788105348
Segundos: 52
NIteraciones: 100000

Costo_train: 0.236254
Precision_train: 0.609032
Recall_train: 0.590738
F1_train: 0.599746

Costo_test: 0.243003
Precision_test: 0.622951
Recall_test: 0.567164
F1_test: 0.593750
 

Arquitectura: _2_9_1_
Semilla: 1788105348
Segundos: 52
NIteraciones: 100000

Costo_train: 0.234540
Precision_train: 0.599411
Recall_train: 0.509387
F1_train: 0.550744

Costo_test: 0.246721
Precision_test: 0.581699
Recall_test: 0.442786
F1_test: 0.502825
 

Arquitectura: _2_9_1_
Semilla: 1788105348
Segundos: 52
NIteraciones: 100000

Costo_train: 0.236040
Precision_train: 0.586849
Recall_train: 0.591990
F1_train: 0.589408

Costo_test: 0.248204
Precision_test: 0.554404
Recall_test: 0.532338
F1_test: 0.543147
 

Arquitectura: _2_9_1_
Semilla: 1788105348
Segundos: 52
NIteraciones: 100000

Costo_train: 0.236678
Precision_train: 0.578283
Recall_train: 0.573216
F1_train: 0.575739

Costo_test: 0.248280
Precision_test: 0.531915
Recall_test: 0.497512
F1_test: 0.514139
 

Arquitectura: _2_9_1_
Semilla: 1788105348
Segundos: 52
NIteraciones: 100000

Costo_train: 0.239124
Precision_train: 0.588308
Recall_train: 0.591990
F1_train: 0.590143

Costo_test: 0.245013
Precision_test: 0.586021
Recall_test: 0.542289
F1_test: 0.563308
 

Arquitectura: _2_9_1_
Semilla: 1788105348
Segundos: 52
NIteraciones: 100000

Costo_train: 0.236036
Precision_train: 0.575377
Recall_train: 0.573216
F1_train: 0.574295

Costo_test: 0.241674
Precision_test: 0.553922
Recall_test: 0.562189
F1_test: 0.558025
 

Arquitectura: _2_9_1_
Semilla: 1788105348
Segundos: 52
NIteraciones: 100000

Costo_train: 0.239490
Precision_train: 0.566158
Recall_train: 0.556946
F1_train: 0.561514

Costo_test: 0.248968
Precision_test: 0.542714
Recall_test: 0.537313
F1_test: 0.540000
 

Arquitectura: _2_9_1_
Semilla: 1788105348
Segundos: 52
NIteraciones: 100000

Costo_train: 0.238736
Precision_train: 0.579208
Recall_train: 0.585732
F1_train: 0.582452

Costo_test: 0.248154
Precision_test: 0.567164
Recall_test: 0.567164
F1_test: 0.567164
 

Arquitectura: _2_9_1_
Semilla: 1788105348
Segundos: 52
NIteraciones: 100000

Costo_train: 0.237616
Precision_train: 0.589421
Recall_train: 0.585732
F1_train: 0.587571

Costo_test: 0.247514
Precision_test: 0.553191
Recall_test: 0.517413
F1_test: 0.534704
 

Arquitectura: _2_9_1_
Semilla: 1788105348
Segundos: 52
NIteraciones: 100000

Costo_train: 0.235948
Precision_train: 0.590909
Recall_train: 0.585732
F1_train: 0.588309

Costo_test: 0.243110
Precision_test: 0.536458
Recall_test: 0.512438
F1_test: 0.524173
 

Arquitectura: _2_9_1_
Semilla: 1788105348
Segundos: 52
NIteraciones: 100000

Costo_train: 0.235702
Precision_train: 0.589963
Recall_train: 0.603254
F1_train: 0.596535

Costo_test: 0.248280
Precision_test: 0.546875
Recall_test: 0.522388
F1_test: 0.534351
 

Arquitectura: _2_9_1_
Semilla: 1788105348
Segundos: 52
NIteraciones: 100000

Costo_train: 0.235828
Precision_train: 0.586035
Recall_train: 0.588235
F1_train: 0.587133

Costo_test: 0.247913
Precision_test: 0.560209
Recall_test: 0.532338
F1_test: 0.545918
 

Arquitectura: _2_9_1_
Semilla: 1788105348
Segundos: 52
NIteraciones: 100000

Costo_train: 0.237995
Precision_train: 0.594752
Recall_train: 0.510638
F1_train: 0.549495

Costo_test: 0.247686
Precision_test: 0.584416
Recall_test: 0.447761
F1_test: 0.507042
 

Arquitectura: _2_9_1_
Semilla: 1788105348
Segundos: 52
NIteraciones: 100000

Costo_train: 0.236677
Precision_train: 0.574442
Recall_train: 0.579474
F1_train: 0.576947

Costo_test: 0.247609
Precision_test: 0.557789
Recall_test: 0.552239
F1_test: 0.555000
 

Arquitectura: _2_9_1_
Semilla: 1788105348
Segundos: 52
NIteraciones: 100000

Costo_train: 0.235493
Precision_train: 0.614322
Recall_train: 0.612015
F1_train: 0.613166

Costo_test: 0.241596
Precision_test: 0.550802
Recall_test: 0.512438
F1_test: 0.530928
 

Arquitectura: _2_9_1_
Semilla: 1788105348
Segundos: 52
NIteraciones: 100000

Costo_train: 0.240406
Precision_train: 0.568408
Recall_train: 0.571965
F1_train: 0.570181

Costo_test: 0.248529
Precision_test: 0.581152
Recall_test: 0.552239
F1_test: 0.566327
 

Arquitectura: _2_9_1_
Semilla: 1788105348
Segundos: 52
NIteraciones: 100000

Costo_train: 0.239905
Precision_train: 0.569825
Recall_train: 0.571965
F1_train: 0.570893

Costo_test: 0.249855
Precision_test: 0.551020
Recall_test: 0.537313
F1_test: 0.544081
 

Arquitectura: _2_9_1_
Semilla: 1788105348
Segundos: 52
NIteraciones: 100000

Costo_train: 0.235067
Precision_train: 0.587642
Recall_train: 0.583229
F1_train: 0.585427

Costo_test: 0.247731
Precision_test: 0.577889
Recall_test: 0.572139
F1_test: 0.575000
 

Arquitectura: _2_9_1_
Semilla: 1788105348
Segundos: 52
NIteraciones: 100000

Costo_train: 0.237831
Precision_train: 0.594805
Recall_train: 0.573216
F1_train: 0.583811

Costo_test: 0.240915
Precision_test: 0.563452
Recall_test: 0.552239
F1_test: 0.557789
 

Arquitectura: _2_9_1_
Semilla: 1788105348
Segundos: 52
NIteraciones: 100000

Costo_train: 0.235144
Precision_train: 0.576588
Recall_train: 0.579474
F1_train: 0.578027

Costo_test: 0.240264
Precision_test: 0.557214
Recall_test: 0.557214
F1_test: 0.557214
 

Arquitectura: _2_9_1_
Semilla: 1788105348
Segundos: 52
NIteraciones: 100000

Costo_train: 0.235127
Precision_train: 0.586076
Recall_train: 0.579474
F1_train: 0.582756

Costo_test: 0.246773
Precision_test: 0.577320
Recall_test: 0.557214
F1_test: 0.567089
 

Arquitectura: _2_9_1_
Semilla: 1788105348
Segundos: 52
NIteraciones: 100000

Costo_train: 0.238198
Precision_train: 0.596556
Recall_train: 0.607009
F1_train: 0.601737

Costo_test: 0.250139
Precision_test: 0.568528
Recall_test: 0.557214
F1_test: 0.562814
 

Arquitectura: _2_9_1_
Semilla: 1788105348
Segundos: 52
NIteraciones: 100000

Costo_train: 0.238437
Precision_train: 0.573696
Recall_train: 0.633292
F1_train: 0.602023

Costo_test: 0.245537
Precision_test: 0.549020
Recall_test: 0.557214
F1_test: 0.553086
 

Arquitectura: _2_9_1_
Semilla: 1788105348
Segundos: 52
NIteraciones: 100000

Costo_train: 0.235351
Precision_train: 0.589839
Recall_train: 0.595745
F1_train: 0.592777

Costo_test: 0.248077
Precision_test: 0.559586
Recall_test: 0.537313
F1_test: 0.548223
 

Arquitectura: _2_9_1_
Semilla: 1788105348
Segundos: 52
NIteraciones: 100000

Costo_train: 0.236688
Precision_train: 0.589461
Recall_train: 0.602003
F1_train: 0.595666

Costo_test: 0.248309
Precision_test: 0.546875
Recall_test: 0.522388
F1_test: 0.534351
 

Arquitectura: _2_9_1_
Semilla: 1788105348
Segundos: 52
NIteraciones: 100000

Costo_train: 0.235924
Precision_train: 0.596692
Recall_train: 0.586984
F1_train: 0.591798

Costo_test: 0.243598
Precision_test: 0.580311
Recall_test: 0.557214
F1_test: 0.568528
 

Arquitectura: _2_9_1_
Semilla: 1788105348
Segundos: 52
NIteraciones: 100000

Costo_train: 0.234986
Precision_train: 0.576031
Recall_train: 0.559449
F1_train: 0.567619

Costo_test: 0.242732
Precision_test: 0.579487
Recall_test: 0.562189
F1_test: 0.570707
 

Arquitectura: _2_9_1_
Semilla: 1788105348
Segundos: 52
NIteraciones: 100000

Costo_train: 0.235243
Precision_train: 0.590966
Recall_train: 0.589487
F1_train: 0.590226

Costo_test: 0.243474
Precision_test: 0.571429
Recall_test: 0.557214
F1_test: 0.564232
 

Arquitectura: _2_9_1_
Semilla: 1788105348
Segundos: 52
NIteraciones: 100000

Costo_train: 0.237671
Precision_train: 0.577396
Recall_train: 0.588235
F1_train: 0.582765

Costo_test: 0.245049
Precision_test: 0.577114
Recall_test: 0.577114
F1_test: 0.577114
 

Arquitectura: _2_9_1_
Semilla: 1788105348
Segundos: 52
NIteraciones: 100000

Costo_train: 0.236838
Precision_train: 0.584299
Recall_train: 0.568210
F1_train: 0.576142

Costo_test: 0.243798
Precision_test: 0.570000
Recall_test: 0.567164
F1_test: 0.568579
 

Arquitectura: _2_9_1_
Semilla: 1788105348
Segundos: 52
NIteraciones: 100000

Costo_train: 0.235422
Precision_train: 0.598002
Recall_train: 0.599499
F1_train: 0.598750

Costo_test: 0.244313
Precision_test: 0.593220
Recall_test: 0.522388
F1_test: 0.555556
 

Arquitectura: _2_9_1_
Semilla: 1788105348
Segundos: 52
NIteraciones: 100000

Costo_train: 0.236981
Precision_train: 0.571965
Recall_train: 0.571965
F1_train: 0.571965

Costo_test: 0.247556
Precision_test: 0.566138
Recall_test: 0.532338
F1_test: 0.548718
 

Arquitectura: _2_9_1_
Semilla: 1788105348
Segundos: 52
NIteraciones: 100000

Costo_train: 0.237206
Precision_train: 0.579462
Recall_train: 0.593242
F1_train: 0.586271

Costo_test: 0.246327
Precision_test: 0.577114
Recall_test: 0.577114
F1_test: 0.577114
 

Arquitectura: _2_9_1_
Semilla: 1788105348
Segundos: 52
NIteraciones: 100000

Costo_train: 0.237151
Precision_train: 0.581165
Recall_train: 0.586984
F1_train: 0.584060

Costo_test: 0.246036
Precision_test: 0.572864
Recall_test: 0.567164
F1_test: 0.570000
 

Arquitectura: _2_9_1_
Semilla: 1788105348
Segundos: 52
NIteraciones: 100000

Costo_train: 0.236217
Precision_train: 0.587121
Recall_train: 0.581977
F1_train: 0.584538

Costo_test: 0.241469
Precision_test: 0.565657
Recall_test: 0.557214
F1_test: 0.561403
 

Arquitectura: _2_9_1_
Semilla: 1788105348
Segundos: 52
NIteraciones: 100000

Costo_train: 0.237501
Precision_train: 0.589372
Recall_train: 0.610763
F1_train: 0.599877

Costo_test: 0.246251
Precision_test: 0.559586
Recall_test: 0.537313
F1_test: 0.548223
 

Arquitectura: _2_9_1_
Semilla: 1788105348
Segundos: 52
NIteraciones: 100000

Costo_train: 0.236470
Precision_train: 0.590123
Recall_train: 0.598248
F1_train: 0.594158

Costo_test: 0.249247
Precision_test: 0.547368
Recall_test: 0.517413
F1_test: 0.531969
 

Arquitectura: _2_9_1_
Semilla: 1788105348
Segundos: 52
NIteraciones: 100000

Costo_train: 0.237316
Precision_train: 0.595934
Recall_train: 0.586984
F1_train: 0.591425

Costo_test: 0.247054
Precision_test: 0.575610
Recall_test: 0.587065
F1_test: 0.581281
 

Arquitectura: _2_9_1_
Semilla: 1788105348
Segundos: 52
NIteraciones: 100000

Costo_train: 0.235685
Precision_train: 0.570891
Recall_train: 0.569462
F1_train: 0.570175

Costo_test: 0.242436
Precision_test: 0.550505
Recall_test: 0.542289
F1_test: 0.546366
 

Arquitectura: _2_9_1_
Semilla: 1788105348
Segundos: 52
NIteraciones: 100000

Costo_train: 0.236768
Precision_train: 0.583535
Recall_train: 0.603254
F1_train: 0.593231

Costo_test: 0.247760
Precision_test: 0.572165
Recall_test: 0.552239
F1_test: 0.562025
 

Arquitectura: _2_9_1_
Semilla: 1788105348
Segundos: 52
NIteraciones: 100000

Costo_train: 0.233783
Precision_train: 0.571078
Recall_train: 0.583229
F1_train: 0.577090

Costo_test: 0.244725
Precision_test: 0.534031
Recall_test: 0.507463
F1_test: 0.520408
 

Arquitectura: _2_9_1_
Semilla: 1788105348
Segundos: 52
NIteraciones: 100000

Costo_train: 0.237726
Precision_train: 0.582512
Recall_train: 0.591990
F1_train: 0.587213

Costo_test: 0.246342
Precision_test: 0.567839
Recall_test: 0.562189
F1_test: 0.565000
 

Arquitectura: _2_9_1_
Semilla: 1788105348
Segundos: 52
NIteraciones: 100000

Costo_train: 0.235504
Precision_train: 0.603513
Recall_train: 0.602003
F1_train: 0.602757

Costo_test: 0.241143
Precision_test: 0.620321
Recall_test: 0.577114
F1_test: 0.597938
 

Arquitectura: _2_9_1_
Semilla: 1788105348
Segundos: 52
NIteraciones: 100000

Costo_train: 0.234952
Precision_train: 0.609032
Recall_train: 0.590738
F1_train: 0.599746

Costo_test: 0.242044
Precision_test: 0.579487
Recall_test: 0.562189
F1_test: 0.570707
 

Arquitectura: _2_9_1_
Semilla: 1788105348
Segundos: 52
NIteraciones: 100000

Costo_train: 0.235602
Precision_train: 0.590184
Recall_train: 0.602003
F1_train: 0.596035

Costo_test: 0.248238
Precision_test: 0.549223
Recall_test: 0.527363
F1_test: 0.538071
 

Arquitectura: _2_9_1_
Semilla: 1788105348
Segundos: 52
NIteraciones: 100000

Costo_train: 0.233704
Precision_train: 0.607818
Recall_train: 0.603254
F1_train: 0.605528

Costo_test: 0.241608
Precision_test: 0.575758
Recall_test: 0.567164
F1_test: 0.571429
 

Arquitectura: _2_9_1_
Semilla: 1788105348
Segundos: 52
NIteraciones: 100000

Costo_train: 0.237841
Precision_train: 0.585882
Recall_train: 0.623279
F1_train: 0.604002

Costo_test: 0.245842
Precision_test: 0.580808
Recall_test: 0.572139
F1_test: 0.576441
 

Arquitectura: _2_9_1_
Semilla: 1788105348
Segundos: 52
NIteraciones: 100000

Costo_train: 0.235932
Precision_train: 0.588889
Recall_train: 0.596996
F1_train: 0.592915

Costo_test: 0.247870
Precision_test: 0.554404
Recall_test: 0.532338
F1_test: 0.543147
 

Arquitectura: _2_9_1_
Semilla: 1788105348
Segundos: 52
NIteraciones: 100000

Costo_train: 0.236823
Precision_train: 0.583120
Recall_train: 0.570713
F1_train: 0.576850

Costo_test: 0.247474
Precision_test: 0.548718
Recall_test: 0.532338
F1_test: 0.540404
 

Arquitectura: _2_9_1_
Semilla: 1788105348
Segundos: 52
NIteraciones: 100000

Costo_train: 0.238557
Precision_train: 0.582108
Recall_train: 0.594493
F1_train: 0.588235

Costo_test: 0.249163
Precision_test: 0.545918
Recall_test: 0.532338
F1_test: 0.539043
 

Arquitectura: _2_9_1_
Semilla: 1788105348
Segundos: 52
NIteraciones: 100000

Costo_train: 0.235345
Precision_train: 0.591133
Recall_train: 0.600751
F1_train: 0.595903

Costo_test: 0.248175
Precision_test: 0.557292
Recall_test: 0.532338
F1_test: 0.544529
 

Arquitectura: _2_9_1_
Semilla: 1788105348
Segundos: 52
NIteraciones: 100000

Costo_train: 0.235392
Precision_train: 0.593671
Recall_train: 0.586984
F1_train: 0.590308

Costo_test: 0.242139
Precision_test: 0.550265
Recall_test: 0.517413
F1_test: 0.533333
 

Arquitectura: _2_9_1_
Semilla: 1788105348
Segundos: 52
NIteraciones: 100000

Costo_train: 0.238497
Precision_train: 0.565707
Recall_train: 0.565707
F1_train: 0.565707

Costo_test: 0.246018
Precision_test: 0.576531
Recall_test: 0.562189
F1_test: 0.569270
 

Arquitectura: _2_9_1_
Semilla: 1788105348
Segundos: 52
NIteraciones: 100000

Costo_train: 0.237655
Precision_train: 0.588889
Recall_train: 0.596996
F1_train: 0.592915

Costo_test: 0.248924
Precision_test: 0.564103
Recall_test: 0.547264
F1_test: 0.555556
 

Arquitectura: _2_9_1_
Semilla: 1788105348
Segundos: 52
NIteraciones: 100000

Costo_train: 0.236535
Precision_train: 0.572139
Recall_train: 0.575720
F1_train: 0.573924

Costo_test: 0.246987
Precision_test: 0.561224
Recall_test: 0.547264
F1_test: 0.554156
 

Arquitectura: _2_9_1_
Semilla: 1788105348
Segundos: 52
NIteraciones: 100000

Costo_train: 0.235469
Precision_train: 0.615085
Recall_train: 0.591990
F1_train: 0.603316

Costo_test: 0.243770
Precision_test: 0.601156
Recall_test: 0.517413
F1_test: 0.556150
 

Arquitectura: _2_9_1_
Semilla: 1788105348
Segundos: 52
NIteraciones: 100000

Costo_train: 0.237902
Precision_train: 0.583333
Recall_train: 0.595745
F1_train: 0.589474

Costo_test: 0.249962
Precision_test: 0.560606
Recall_test: 0.552239
F1_test: 0.556391
 

Arquitectura: _2_9_1_
Semilla: 1788105348
Segundos: 52
NIteraciones: 100000

Costo_train: 0.235119
Precision_train: 0.588384
Recall_train: 0.583229
F1_train: 0.585795

Costo_test: 0.247187
Precision_test: 0.581633
Recall_test: 0.567164
F1_test: 0.574307
 

Arquitectura: _2_9_1_
Semilla: 1788105348
Segundos: 52
NIteraciones: 100000

Costo_train: 0.237043
Precision_train: 0.580124
Recall_train: 0.584481
F1_train: 0.582294

Costo_test: 0.243326
Precision_test: 0.583333
Recall_test: 0.557214
F1_test: 0.569975
 

Arquitectura: _2_9_1_
Semilla: 1788105348
Segundos: 52
NIteraciones: 100000

Costo_train: 0.239552
Precision_train: 0.569462
Recall_train: 0.569462
F1_train: 0.569462

Costo_test: 0.250547
Precision_test: 0.543147
Recall_test: 0.532338
F1_test: 0.537688
 

Arquitectura: _2_9_1_
Semilla: 1788105348
Segundos: 52
NIteraciones: 100000

Costo_train: 0.234405
Precision_train: 0.593790
Recall_train: 0.574468
F1_train: 0.583969

Costo_test: 0.243674
Precision_test: 0.557377
Recall_test: 0.507463
F1_test: 0.531250
 

Arquitectura: _2_9_1_
Semilla: 1788105348
Segundos: 52
NIteraciones: 100000

Costo_train: 0.238946
Precision_train: 0.582390
Recall_train: 0.579474
F1_train: 0.580929

Costo_test: 0.247327
Precision_test: 0.560209
Recall_test: 0.532338
F1_test: 0.545918
 

Arquitectura: _2_9_1_
Semilla: 1788105348
Segundos: 52
NIteraciones: 100000

Costo_train: 0.235125
Precision_train: 0.571792
Recall_train: 0.563204
F1_train: 0.567465

Costo_test: 0.241054
Precision_test: 0.565000
Recall_test: 0.562189
F1_test: 0.563591
 

Arquitectura: _2_9_1_
Semilla: 1788105348
Segundos: 52
NIteraciones: 100000

Costo_train: 0.237437
Precision_train: 0.584481
Recall_train: 0.584481
F1_train: 0.584481

Costo_test: 0.246634
Precision_test: 0.569948
Recall_test: 0.547264
F1_test: 0.558376
 

Arquitectura: _2_9_1_
Semilla: 1788105348
Segundos: 52
NIteraciones: 100000

Costo_train: 0.233728
Precision_train: 0.570361
Recall_train: 0.573216
F1_train: 0.571785

Costo_test: 0.243925
Precision_test: 0.593023
Recall_test: 0.507463
F1_test: 0.546917
 

Arquitectura: _2_9_1_
Semilla: 1788105348
Segundos: 52
NIteraciones: 100000

Costo_train: 0.240208
Precision_train: 0.586930
Recall_train: 0.595745
F1_train: 0.591304

Costo_test: 0.249299
Precision_test: 0.552083
Recall_test: 0.527363
F1_test: 0.539440
 

Arquitectura: _2_9_1_
Semilla: 1788105348
Segundos: 52
NIteraciones: 100000

Costo_train: 0.233876
Precision_train: 0.590452
Recall_train: 0.588235
F1_train: 0.589342

Costo_test: 0.243896
Precision_test: 0.571429
Recall_test: 0.537313
F1_test: 0.553846
 

Arquitectura: _2_9_1_
Semilla: 1788105348
Segundos: 52
NIteraciones: 100000

Costo_train: 0.235754
Precision_train: 0.574233
Recall_train: 0.585732
F1_train: 0.579926

Costo_test: 0.243702
Precision_test: 0.580311
Recall_test: 0.557214
F1_test: 0.568528
 

Arquitectura: _2_9_1_
Semilla: 1788105348
Segundos: 52
NIteraciones: 100000

Costo_train: 0.237992
Precision_train: 0.576701
Recall_train: 0.625782
F1_train: 0.600240

Costo_test: 0.247895
Precision_test: 0.541063
Recall_test: 0.557214
F1_test: 0.549020
 

Arquitectura: _2_9_1_
Semilla: 1788105348
Segundos: 52
NIteraciones: 100000

Costo_train: 0.236296
Precision_train: 0.592138
Recall_train: 0.603254
F1_train: 0.597644

Costo_test: 0.248605
Precision_test: 0.558824
Recall_test: 0.567164
F1_test: 0.562963
 

Arquitectura: _2_9_1_
Semilla: 1788105348
Segundos: 52
NIteraciones: 100000

Costo_train: 0.238739
Precision_train: 0.573491
Recall_train: 0.546934
F1_train: 0.559897

Costo_test: 0.247189
Precision_test: 0.602094
Recall_test: 0.572139
F1_test: 0.586735
 

Arquitectura: _2_9_1_
Semilla: 1788105348
Segundos: 52
NIteraciones: 100000

Costo_train: 0.239078
Precision_train: 0.562733
Recall_train: 0.566959
F1_train: 0.564838

Costo_test: 0.243305
Precision_test: 0.576531
Recall_test: 0.562189
F1_test: 0.569270
 

Arquitectura: _2_9_1_
Semilla: 1788105348
Segundos: 52
NIteraciones: 100000

Costo_train: 0.236549
Precision_train: 0.569652
Recall_train: 0.573216
F1_train: 0.571429

Costo_test: 0.245901
Precision_test: 0.552764
Recall_test: 0.547264
F1_test: 0.550000
 

Arquitectura: _2_9_1_
Semilla: 1788105348
Segundos: 52
NIteraciones: 100000

Costo_train: 0.232538
Precision_train: 0.613111
Recall_train: 0.596996
F1_train: 0.604946

Costo_test: 0.243073
Precision_test: 0.580311
Recall_test: 0.557214
F1_test: 0.568528
 

Arquitectura: _2_9_1_
Semilla: 1788105348
Segundos: 52
NIteraciones: 100000

Costo_train: 0.232756
Precision_train: 0.588918
Recall_train: 0.571965
F1_train: 0.580317

Costo_test: 0.245415
Precision_test: 0.535519
Recall_test: 0.487562
F1_test: 0.510417
 

Arquitectura: _2_9_1_
Semilla: 1788105348
Segundos: 52
NIteraciones: 100000

Costo_train: 0.234683
Precision_train: 0.606700
Recall_train: 0.612015
F1_train: 0.609346

Costo_test: 0.249380
Precision_test: 0.564767
Recall_test: 0.542289
F1_test: 0.553299
 

Arquitectura: _2_9_1_
Semilla: 1788105348
Segundos: 52
NIteraciones: 100000

Costo_train: 0.232721
Precision_train: 0.597625
Recall_train: 0.566959
F1_train: 0.581888

Costo_test: 0.242656
Precision_test: 0.593220
Recall_test: 0.522388
F1_test: 0.555556
 

Arquitectura: _2_9_1_
Semilla: 1788105348
Segundos: 52
NIteraciones: 100000

Costo_train: 0.238549
Precision_train: 0.584481
Recall_train: 0.584481
F1_train: 0.584481

Costo_test: 0.240480
Precision_test: 0.611111
Recall_test: 0.547264
F1_test: 0.577428
 


--- Test Profunda 3.0 ---
Iteración 10000
Costo: 0.248228
Iteración 20000
Costo: 0.247304
Iteración 30000
Costo: 0.247015
Iteración 40000
Costo: 0.246882
Iteración 50000
Costo: 0.246790
Iteración 60000
Costo: 0.246726
Iteración 70000
Costo: 0.246676
Iteración 80000
Costo: 0.246640
Iteración 90000
Costo: 0.246610

Arquitectura: _2_3_3_3_1_
Semilla: 1788105400
Segundos: 140
NIteraciones: 100000

Costo_train: 0.246585
Precision_train: 0.550816
Recall_train: 0.549437
F1_train: 0.550125

Costo_test: 0.246109
Precision_test: 0.569231
Recall_test: 0.552239
F1_test: 0.560606
 

Arquitectura: _2_3_3_3_1_
Semilla: 1788105400
Segundos: 140
NIteraciones: 100000

Costo_train: 0.247348
Precision_train: 0.550000
Recall_train: 0.550688
F1_train: 0.550344

Costo_test: 0.248096
Precision_test: 0.540000
Recall_test: 0.537313
F1_test: 0.538653
 

Arquitectura: _2_3_3_3_1_
Semilla: 1788105400
Segundos: 140
NIteraciones: 100000

Costo_train: 0.245328
Precision_train: 0.552276
Recall_train: 0.561952
F1_train: 0.557072

Costo_test: 0.244696
Precision_test: 0.572165
Recall_test: 0.552239
F1_test: 0.562025
 

Arquitectura: _2_3_3_3_1_
Semilla: 1788105400
Segundos: 140
NIteraciones: 100000

Costo_train: 0.247022
Precision_train: 0.550378
Recall_train: 0.546934
F1_train: 0.548650

Costo_test: 0.248962
Precision_test: 0.540000
Recall_test: 0.537313
F1_test: 0.538653
 

Arquitectura: _2_3_3_3_1_
Semilla: 1788105400
Segundos: 140
NIteraciones: 100000

Costo_train: 0.246773
Precision_train: 0.551046
Recall_train: 0.560701
F1_train: 0.555831

Costo_test: 0.245472
Precision_test: 0.571429
Recall_test: 0.557214
F1_test: 0.564232
 

Arquitectura: _2_3_3_3_1_
Semilla: 1788105400
Segundos: 140
NIteraciones: 100000

Costo_train: 0.247581
Precision_train: 0.550761
Recall_train: 0.543179
F1_train: 0.546944

Costo_test: 0.248578
Precision_test: 0.540000
Recall_test: 0.537313
F1_test: 0.538653
 

Arquitectura: _2_3_3_3_1_
Semilla: 1788105400
Segundos: 140
NIteraciones: 100000

Costo_train: 0.245327
Precision_train: 0.542144
Recall_train: 0.652065
F1_train: 0.592045

Costo_test: 0.245337
Precision_test: 0.552743
Recall_test: 0.651741
F1_test: 0.598173
 

Arquitectura: _2_3_3_3_1_
Semilla: 1788105400
Segundos: 140
NIteraciones: 100000

Costo_train: 0.247061
Precision_train: 0.550125
Recall_train: 0.549437
F1_train: 0.549781

Costo_test: 0.248834
Precision_test: 0.540000
Recall_test: 0.537313
F1_test: 0.538653
 

Arquitectura: _2_3_3_3_1_
Semilla: 1788105400
Segundos: 140
NIteraciones: 100000

Costo_train: 0.246574
Precision_train: 0.560676
Recall_train: 0.456821
F1_train: 0.503448

Costo_test: 0.246368
Precision_test: 0.573171
Recall_test: 0.467662
F1_test: 0.515068
 

Arquitectura: _2_3_3_3_1_
Semilla: 1788105400
Segundos: 140
NIteraciones: 100000

Costo_train: 0.245207
Precision_train: 0.551298
Recall_train: 0.558198
F1_train: 0.554726

Costo_test: 0.244859
Precision_test: 0.574359
Recall_test: 0.557214
F1_test: 0.565657
 

Arquitectura: _2_3_3_3_1_
Semilla: 1788105400
Segundos: 140
NIteraciones: 100000

Costo_train: 0.247550
Precision_train: 0.548872
Recall_train: 0.548185
F1_train: 0.548528

Costo_test: 0.248445
Precision_test: 0.539604
Recall_test: 0.542289
F1_test: 0.540943
 

Arquitectura: _2_3_3_3_1_
Semilla: 1788105400
Segundos: 140
NIteraciones: 100000

Costo_train: 0.247052
Precision_train: 0.550816
Recall_train: 0.549437
F1_train: 0.550125

Costo_test: 0.247853
Precision_test: 0.540000
Recall_test: 0.537313
F1_test: 0.538653
 

Arquitectura: _2_3_3_3_1_
Semilla: 1788105400
Segundos: 140
NIteraciones: 100000

Costo_train: 0.244768
Precision_train: 0.560150
Recall_train: 0.559449
F1_train: 0.559800

Costo_test: 0.244920
Precision_test: 0.554348
Recall_test: 0.507463
F1_test: 0.529870
 

Arquitectura: _2_3_3_3_1_
Semilla: 1788105400
Segundos: 140
NIteraciones: 100000

Costo_train: 0.247457
Precision_train: 0.551122
Recall_train: 0.553191
F1_train: 0.552155

Costo_test: 0.248626
Precision_test: 0.540000
Recall_test: 0.537313
F1_test: 0.538653
 

Arquitectura: _2_3_3_3_1_
Semilla: 1788105400
Segundos: 140
NIteraciones: 100000

Costo_train: 0.245264
Precision_train: 0.551171
Recall_train: 0.559449
F1_train: 0.555279

Costo_test: 0.244961
Precision_test: 0.575758
Recall_test: 0.567164
F1_test: 0.571429
 

Arquitectura: _2_3_3_3_1_
Semilla: 1788105400
Segundos: 140
NIteraciones: 100000

Costo_train: 0.243766
Precision_train: 0.574939
Recall_train: 0.585732
F1_train: 0.580285

Costo_test: 0.247200
Precision_test: 0.560606
Recall_test: 0.552239
F1_test: 0.556391
 

Arquitectura: _2_3_3_3_1_
Semilla: 1788105400
Segundos: 140
NIteraciones: 100000

Costo_train: 0.245037
Precision_train: 0.573585
Recall_train: 0.570713
F1_train: 0.572146

Costo_test: 0.246395
Precision_test: 0.562500
Recall_test: 0.537313
F1_test: 0.549618
 

Arquitectura: _2_3_3_3_1_
Semilla: 1788105400
Segundos: 140
NIteraciones: 100000

Costo_train: 0.247391
Precision_train: 0.550816
Recall_train: 0.549437
F1_train: 0.550125

Costo_test: 0.248734
Precision_test: 0.540000
Recall_test: 0.537313
F1_test: 0.538653
 

Arquitectura: _2_3_3_3_1_
Semilla: 1788105400
Segundos: 140
NIteraciones: 100000

Costo_train: 0.246622
Precision_train: 0.550505
Recall_train: 0.545682
F1_train: 0.548083

Costo_test: 0.246243
Precision_test: 0.569231
Recall_test: 0.552239
F1_test: 0.560606
 

Arquitectura: _2_3_3_3_1_
Semilla: 1788105400
Segundos: 140
NIteraciones: 100000

Costo_train: 0.245877
Precision_train: 0.543532
Recall_train: 0.546934
F1_train: 0.545228

Costo_test: 0.249995
Precision_test: 0.523560
Recall_test: 0.497512
F1_test: 0.510204
 

Arquitectura: _2_3_3_3_1_
Semilla: 1788105400
Segundos: 140
NIteraciones: 100000

Costo_train: 0.246894
Precision_train: 0.549938
Recall_train: 0.558198
F1_train: 0.554037

Costo_test: 0.245137
Precision_test: 0.575130
Recall_test: 0.552239
F1_test: 0.563452
 

Arquitectura: _2_3_3_3_1_
Semilla: 1788105400
Segundos: 140
NIteraciones: 100000

Costo_train: 0.245672
Precision_train: 0.561051
Recall_train: 0.454318
F1_train: 0.502075

Costo_test: 0.245566
Precision_test: 0.566879
Recall_test: 0.442786
F1_test: 0.497207
 

Arquitectura: _2_3_3_3_1_
Semilla: 1788105400
Segundos: 140
NIteraciones: 100000

Costo_train: 0.245983
Precision_train: 0.544654
Recall_train: 0.541927
F1_train: 0.543287

Costo_test: 0.249841
Precision_test: 0.524064
Recall_test: 0.487562
F1_test: 0.505155
 

Arquitectura: _2_3_3_3_1_
Semilla: 1788105400
Segundos: 140
NIteraciones: 100000

Costo_train: 0.246398
Precision_train: 0.553571
Recall_train: 0.581977
F1_train: 0.567419

Costo_test: 0.246311
Precision_test: 0.569378
Recall_test: 0.592040
F1_test: 0.580488
 

Arquitectura: _2_3_3_3_1_
Semilla: 1788105400
Segundos: 140
NIteraciones: 100000

Costo_train: 0.246497
Precision_train: 0.551378
Recall_train: 0.550688
F1_train: 0.551033

Costo_test: 0.246233
Precision_test: 0.571429
Recall_test: 0.557214
F1_test: 0.564232
 

Arquitectura: _2_3_3_3_1_
Semilla: 1788105400
Segundos: 140
NIteraciones: 100000

Costo_train: 0.247496
Precision_train: 0.548550
Recall_train: 0.544431
F1_train: 0.546482

Costo_test: 0.248587
Precision_test: 0.537313
Recall_test: 0.537313
F1_test: 0.537313
 

Arquitectura: _2_3_3_3_1_
Semilla: 1788105400
Segundos: 140
NIteraciones: 100000

Costo_train: 0.245827
Precision_train: 0.567296
Recall_train: 0.564456
F1_train: 0.565872

Costo_test: 0.250661
Precision_test: 0.523077
Recall_test: 0.507463
F1_test: 0.515152
 

Arquitectura: _2_3_3_3_1_
Semilla: 1788105400
Segundos: 140
NIteraciones: 100000

Costo_train: 0.245502
Precision_train: 0.548306
Recall_train: 0.546934
F1_train: 0.547619

Costo_test: 0.245169
Precision_test: 0.576531
Recall_test: 0.562189
F1_test: 0.569270
 

Arquitectura: _2_3_3_3_1_
Semilla: 1788105400
Segundos: 140
NIteraciones: 100000

Costo_train: 0.244145
Precision_train: 0.570025
Recall_train: 0.580726
F1_train: 0.575325

Costo_test: 0.245907
Precision_test: 0.564516
Recall_test: 0.522388
F1_test: 0.542636
 

Arquitectura: _2_3_3_3_1_
Semilla: 1788105400
Segundos: 140
NIteraciones: 100000

Costo_train: 0.245784
Precision_train: 0.549937
Recall_train: 0.544431
F1_train: 0.547170

Costo_test: 0.246396
Precision_test: 0.540000
Recall_test: 0.537313
F1_test: 0.538653
 

Arquitectura: _2_3_3_3_1_
Semilla: 1788105400
Segundos: 140
NIteraciones: 100000

Costo_train: 0.246677
Precision_train: 0.550000
Recall_train: 0.564456
F1_train: 0.557134

Costo_test: 0.246061
Precision_test: 0.570707
Recall_test: 0.562189
F1_test: 0.566416
 

Arquitectura: _2_3_3_3_1_
Semilla: 1788105400
Segundos: 140
NIteraciones: 100000

Costo_train: 0.249619
Precision_train: 0.518750
Recall_train: 0.519399
F1_train: 0.519074

Costo_test: 0.250095
Precision_test: 0.509901
Recall_test: 0.512438
F1_test: 0.511166
 

Arquitectura: _2_3_3_3_1_
Semilla: 1788105400
Segundos: 140
NIteraciones: 100000

Costo_train: 0.244987
Precision_train: 0.551724
Recall_train: 0.560701
F1_train: 0.556176

Costo_test: 0.244505
Precision_test: 0.572165
Recall_test: 0.552239
F1_test: 0.562025
 

Arquitectura: _2_3_3_3_1_
Semilla: 1788105400
Segundos: 140
NIteraciones: 100000

Costo_train: 0.245349
Precision_train: 0.547561
Recall_train: 0.561952
F1_train: 0.554663

Costo_test: 0.245189
Precision_test: 0.570000
Recall_test: 0.567164
F1_test: 0.568579
 

Arquitectura: _2_3_3_3_1_
Semilla: 1788105400
Segundos: 140
NIteraciones: 100000

Costo_train: 0.246137
Precision_train: 0.559690
Recall_train: 0.451815
F1_train: 0.500000

Costo_test: 0.249388
Precision_test: 0.543046
Recall_test: 0.407960
F1_test: 0.465909
 

Arquitectura: _2_3_3_3_1_
Semilla: 1788105400
Segundos: 140
NIteraciones: 100000

Costo_train: 0.246643
Precision_train: 0.551046
Recall_train: 0.560701
F1_train: 0.555831

Costo_test: 0.246133
Precision_test: 0.570707
Recall_test: 0.562189
F1_test: 0.566416
 

Arquitectura: _2_3_3_3_1_
Semilla: 1788105400
Segundos: 140
NIteraciones: 100000

Costo_train: 0.246563
Precision_train: 0.550436
Recall_train: 0.553191
F1_train: 0.551810

Costo_test: 0.246281
Precision_test: 0.568528
Recall_test: 0.557214
F1_test: 0.562814
 

Arquitectura: _2_3_3_3_1_
Semilla: 1788105400
Segundos: 140
NIteraciones: 100000

Costo_train: 0.245496
Precision_train: 0.551597
Recall_train: 0.561952
F1_train: 0.556727

Costo_test: 0.244811
Precision_test: 0.569231
Recall_test: 0.552239
F1_test: 0.560606
 

Arquitectura: _2_3_3_3_1_
Semilla: 1788105400
Segundos: 140
NIteraciones: 100000

Costo_train: 0.245390
Precision_train: 0.550245
Recall_train: 0.561952
F1_train: 0.556037

Costo_test: 0.245023
Precision_test: 0.572864
Recall_test: 0.567164
F1_test: 0.570000
 

Arquitectura: _2_3_3_3_1_
Semilla: 1788105400
Segundos: 140
NIteraciones: 100000

Costo_train: 0.245309
Precision_train: 0.550743
Recall_train: 0.556946
F1_train: 0.553827

Costo_test: 0.244920
Precision_test: 0.573604
Recall_test: 0.562189
F1_test: 0.567839
 

Arquitectura: _2_3_3_3_1_
Semilla: 1788105400
Segundos: 140
NIteraciones: 100000

Costo_train: 0.244041
Precision_train: 0.573710
Recall_train: 0.584481
F1_train: 0.579045

Costo_test: 0.246753
Precision_test: 0.557789
Recall_test: 0.552239
F1_test: 0.555000
 

Arquitectura: _2_3_3_3_1_
Semilla: 1788105400
Segundos: 140
NIteraciones: 100000

Costo_train: 0.246608
Precision_train: 0.551810
Recall_train: 0.553191
F1_train: 0.552500

Costo_test: 0.245940
Precision_test: 0.572165
Recall_test: 0.552239
F1_test: 0.562025
 

Arquitectura: _2_3_3_3_1_
Semilla: 1788105400
Segundos: 140
NIteraciones: 100000

Costo_train: 0.245599
Precision_train: 0.545340
Recall_train: 0.541927
F1_train: 0.543628

Costo_test: 0.245559
Precision_test: 0.577320
Recall_test: 0.557214
F1_test: 0.567089
 

Arquitectura: _2_3_3_3_1_
Semilla: 1788105400
Segundos: 140
NIteraciones: 100000

Costo_train: 0.247505
Precision_train: 0.547739
Recall_train: 0.545682
F1_train: 0.546709

Costo_test: 0.248531
Precision_test: 0.539216
Recall_test: 0.547264
F1_test: 0.543210
 

Arquitectura: _2_3_3_3_1_
Semilla: 1788105400
Segundos: 140
NIteraciones: 100000

Costo_train: 0.247482
Precision_train: 0.548550
Recall_train: 0.544431
F1_train: 0.546482

Costo_test: 0.248567
Precision_test: 0.539604
Recall_test: 0.542289
F1_test: 0.540943
 

Arquitectura: _2_3_3_3_1_
Semilla: 1788105400
Segundos: 140
NIteraciones: 100000

Costo_train: 0.244124
Precision_train: 0.568796
Recall_train: 0.579474
F1_train: 0.574086

Costo_test: 0.245867
Precision_test: 0.564516
Recall_test: 0.522388
F1_test: 0.542636
 

Arquitectura: _2_3_3_3_1_
Semilla: 1788105400
Segundos: 140
NIteraciones: 100000

Costo_train: 0.245281
Precision_train: 0.551852
Recall_train: 0.559449
F1_train: 0.555625

Costo_test: 0.244735
Precision_test: 0.574359
Recall_test: 0.557214
F1_test: 0.565657
 

Arquitectura: _2_3_3_3_1_
Semilla: 1788105400
Segundos: 140
NIteraciones: 100000

Costo_train: 0.245380
Precision_train: 0.551298
Recall_train: 0.558198
F1_train: 0.554726

Costo_test: 0.244747
Precision_test: 0.574359
Recall_test: 0.557214
F1_test: 0.565657
 

Arquitectura: _2_3_3_3_1_
Semilla: 1788105400
Segundos: 140
NIteraciones: 100000

Costo_train: 0.246531
Precision_train: 0.550493
Recall_train: 0.559449
F1_train: 0.554935

Costo_test: 0.246038
Precision_test: 0.573604
Recall_test: 0.562189
F1_test: 0.567839
 

Arquitectura: _2_3_3_3_1_
Semilla: 1788105400
Segundos: 140
NIteraciones: 100000

Costo_train: 0.247440
Precision_train: 0.550943
Recall_train: 0.548185
F1_train: 0.549561

Costo_test: 0.248772
Precision_test: 0.540000
Recall_test: 0.537313
F1_test: 0.538653
 

Arquitectura: _2_3_3_3_1_
Semilla: 1788105400
Segundos: 140
NIteraciones: 100000

Costo_train: 0.246580
Precision_train: 0.550672
Recall_train: 0.564456
F1_train: 0.557478

Costo_test: 0.246148
Precision_test: 0.570707
Recall_test: 0.562189
F1_test: 0.566416
 

Arquitectura: _2_3_3_3_1_
Semilla: 1788105400
Segundos: 140
NIteraciones: 100000

Costo_train: 0.245309
Precision_train: 0.551298
Recall_train: 0.558198
F1_train: 0.554726

Costo_test: 0.244741
Precision_test: 0.574359
Recall_test: 0.557214
F1_test: 0.565657
 

Arquitectura: _2_3_3_3_1_
Semilla: 1788105400
Segundos: 140
NIteraciones: 100000

Costo_train: 0.244015
Precision_train: 0.570726
Recall_train: 0.580726
F1_train: 0.575682

Costo_test: 0.246260
Precision_test: 0.558511
Recall_test: 0.522388
F1_test: 0.539846
 

Arquitectura: _2_3_3_3_1_
Semilla: 1788105400
Segundos: 140
NIteraciones: 100000

Costo_train: 0.245724
Precision_train: 0.550436
Recall_train: 0.553191
F1_train: 0.551810

Costo_test: 0.247498
Precision_test: 0.539604
Recall_test: 0.542289
F1_test: 0.540943
 

Arquitectura: _2_3_3_3_1_
Semilla: 1788105400
Segundos: 140
NIteraciones: 100000

Costo_train: 0.245124
Precision_train: 0.551171
Recall_train: 0.559449
F1_train: 0.555279

Costo_test: 0.244390
Precision_test: 0.572165
Recall_test: 0.552239
F1_test: 0.562025
 

Arquitectura: _2_3_3_3_1_
Semilla: 1788105400
Segundos: 140
NIteraciones: 100000

Costo_train: 0.246628
Precision_train: 0.550186
Recall_train: 0.555695
F1_train: 0.552926

Costo_test: 0.246206
Precision_test: 0.572864
Recall_test: 0.567164
F1_test: 0.570000
 

Arquitectura: _2_3_3_3_1_
Semilla: 1788105400
Segundos: 140
NIteraciones: 100000

Costo_train: 0.247404
Precision_train: 0.548550
Recall_train: 0.544431
F1_train: 0.546482

Costo_test: 0.248603
Precision_test: 0.536946
Recall_test: 0.542289
F1_test: 0.539604
 

Arquitectura: _2_3_3_3_1_
Semilla: 1788105400
Segundos: 140
NIteraciones: 100000

Costo_train: 0.246499
Precision_train: 0.550000
Recall_train: 0.564456
F1_train: 0.557134

Costo_test: 0.246527
Precision_test: 0.572864
Recall_test: 0.567164
F1_test: 0.570000
 

Arquitectura: _2_3_3_3_1_
Semilla: 1788105400
Segundos: 140
NIteraciones: 100000

Costo_train: 0.246635
Precision_train: 0.552020
Recall_train: 0.564456
F1_train: 0.558168

Costo_test: 0.245117
Precision_test: 0.566327
Recall_test: 0.552239
F1_test: 0.559194
 

Arquitectura: _2_3_3_3_1_
Semilla: 1788105400
Segundos: 140
NIteraciones: 100000

Costo_train: 0.246577
Precision_train: 0.551250
Recall_train: 0.551940
F1_train: 0.551595

Costo_test: 0.246205
Precision_test: 0.571429
Recall_test: 0.557214
F1_test: 0.564232
 

Arquitectura: _2_3_3_3_1_
Semilla: 1788105400
Segundos: 140
NIteraciones: 100000

Costo_train: 0.245630
Precision_train: 0.550436
Recall_train: 0.553191
F1_train: 0.551810

Costo_test: 0.247387
Precision_test: 0.539604
Recall_test: 0.542289
F1_test: 0.540943
 

Arquitectura: _2_3_3_3_1_
Semilla: 1788105400
Segundos: 140
NIteraciones: 100000

Costo_train: 0.246587
Precision_train: 0.550688
Recall_train: 0.550688
F1_train: 0.550688

Costo_test: 0.246156
Precision_test: 0.571429
Recall_test: 0.557214
F1_test: 0.564232
 

Arquitectura: _2_3_3_3_1_
Semilla: 1788105400
Segundos: 140
NIteraciones: 100000

Costo_train: 0.245340
Precision_train: 0.549261
Recall_train: 0.558198
F1_train: 0.553693

Costo_test: 0.244827
Precision_test: 0.573604
Recall_test: 0.562189
F1_test: 0.567839
 

Arquitectura: _2_3_3_3_1_
Semilla: 1788105400
Segundos: 140
NIteraciones: 100000

Costo_train: 0.246171
Precision_train: 0.551046
Recall_train: 0.560701
F1_train: 0.555831

Costo_test: 0.245051
Precision_test: 0.571429
Recall_test: 0.557214
F1_test: 0.564232
 

Arquitectura: _2_3_3_3_1_
Semilla: 1788105400
Segundos: 140
NIteraciones: 100000

Costo_train: 0.247636
Precision_train: 0.549561
Recall_train: 0.548185
F1_train: 0.548872

Costo_test: 0.248479
Precision_test: 0.542289
Recall_test: 0.542289
F1_test: 0.542289
 

Arquitectura: _2_3_3_3_1_
Semilla: 1788105400
Segundos: 140
NIteraciones: 100000

Costo_train: 0.247436
Precision_train: 0.548550
Recall_train: 0.544431
F1_train: 0.546482

Costo_test: 0.248576
Precision_test: 0.536946
Recall_test: 0.542289
F1_test: 0.539604
 

Arquitectura: _2_3_3_3_1_
Semilla: 1788105400
Segundos: 140
NIteraciones: 100000

Costo_train: 0.245347
Precision_train: 0.550122
Recall_train: 0.563204
F1_train: 0.556586

Costo_test: 0.245115
Precision_test: 0.572864
Recall_test: 0.567164
F1_test: 0.570000
 

Arquitectura: _2_3_3_3_1_
Semilla: 1788105400
Segundos: 140
NIteraciones: 100000

Costo_train: 0.246341
Precision_train: 0.557962
Recall_train: 0.548185
F1_train: 0.553030

Costo_test: 0.249370
Precision_test: 0.521053
Recall_test: 0.492537
F1_test: 0.506394
 

Arquitectura: _2_3_3_3_1_
Semilla: 1788105400
Segundos: 140
NIteraciones: 100000

Costo_train: 0.245777
Precision_train: 0.549686
Recall_train: 0.546934
F1_train: 0.548306

Costo_test: 0.246672
Precision_test: 0.540000
Recall_test: 0.537313
F1_test: 0.538653
 

Arquitectura: _2_3_3_3_1_
Semilla: 1788105400
Segundos: 140
NIteraciones: 100000

Costo_train: 0.245585
Precision_train: 0.550743
Recall_train: 0.556946
F1_train: 0.553827

Costo_test: 0.244782
Precision_test: 0.573604
Recall_test: 0.562189
F1_test: 0.567839
 

Arquitectura: _2_3_3_3_1_
Semilla: 1788105400
Segundos: 140
NIteraciones: 100000

Costo_train: 0.247291
Precision_train: 0.550000
Recall_train: 0.550688
F1_train: 0.550344

Costo_test: 0.248111
Precision_test: 0.540000
Recall_test: 0.537313
F1_test: 0.538653
 

Arquitectura: _2_3_3_3_1_
Semilla: 1788105400
Segundos: 140
NIteraciones: 100000

Costo_train: 0.247433
Precision_train: 0.550816
Recall_train: 0.549437
F1_train: 0.550125

Costo_test: 0.248791
Precision_test: 0.540000
Recall_test: 0.537313
F1_test: 0.538653
 

Arquitectura: _2_3_3_3_1_
Semilla: 1788105400
Segundos: 140
NIteraciones: 100000

Costo_train: 0.245461
Precision_train: 0.537797
Recall_train: 0.623279
F1_train: 0.577391

Costo_test: 0.245319
Precision_test: 0.547826
Recall_test: 0.626866
F1_test: 0.584687
 

Arquitectura: _2_3_3_3_1_
Semilla: 1788105400
Segundos: 140
NIteraciones: 100000

Costo_train: 0.246564
Precision_train: 0.550562
Recall_train: 0.551940
F1_train: 0.551250

Costo_test: 0.246160
Precision_test: 0.571429
Recall_test: 0.557214
F1_test: 0.564232
 

Arquitectura: _2_3_3_3_1_
Semilla: 1788105400
Segundos: 140
NIteraciones: 100000

Costo_train: 0.246594
Precision_train: 0.550436
Recall_train: 0.553191
F1_train: 0.551810

Costo_test: 0.246115
Precision_test: 0.571429
Recall_test: 0.557214
F1_test: 0.564232
 

Arquitectura: _2_3_3_3_1_
Semilla: 1788105400
Segundos: 140
NIteraciones: 100000

Costo_train: 0.245338
Precision_train: 0.551298
Recall_train: 0.558198
F1_train: 0.554726

Costo_test: 0.244958
Precision_test: 0.575758
Recall_test: 0.567164
F1_test: 0.571429
 

Arquitectura: _2_3_3_3_1_
Semilla: 1788105400
Segundos: 140
NIteraciones: 100000

Costo_train: 0.245585
Precision_train: 0.541448
Recall_train: 0.645807
F1_train: 0.589041

Costo_test: 0.245331
Precision_test: 0.550847
Recall_test: 0.646766
F1_test: 0.594966
 

Arquitectura: _2_3_3_3_1_
Semilla: 1788105400
Segundos: 140
NIteraciones: 100000

Costo_train: 0.246550
Precision_train: 0.547464
Recall_train: 0.526909
F1_train: 0.536990

Costo_test: 0.246192
Precision_test: 0.577540
Recall_test: 0.537313
F1_test: 0.556701
 

Arquitectura: _2_3_3_3_1_
Semilla: 1788105400
Segundos: 140
NIteraciones: 100000

Costo_train: 0.246359
Precision_train: 0.551425
Recall_train: 0.556946
F1_train: 0.554172

Costo_test: 0.246410
Precision_test: 0.572165
Recall_test: 0.552239
F1_test: 0.562025
 

Arquitectura: _2_3_3_3_1_
Semilla: 1788105400
Segundos: 140
NIteraciones: 100000

Costo_train: 0.246545
Precision_train: 0.547305
Recall_train: 0.571965
F1_train: 0.559364

Costo_test: 0.246231
Precision_test: 0.572139
Recall_test: 0.572139
F1_test: 0.572139
 

Arquitectura: _2_3_3_3_1_
Semilla: 1788105400
Segundos: 140
NIteraciones: 100000

Costo_train: 0.245584
Precision_train: 0.546934
Recall_train: 0.546934
F1_train: 0.546934

Costo_test: 0.245474
Precision_test: 0.549505
Recall_test: 0.552239
F1_test: 0.550869
 

Arquitectura: _2_3_3_3_1_
Semilla: 1788105400
Segundos: 140
NIteraciones: 100000

Costo_train: 0.246902
Precision_train: 0.549686
Recall_train: 0.546934
F1_train: 0.548306

Costo_test: 0.248734
Precision_test: 0.540000
Recall_test: 0.537313
F1_test: 0.538653
 

Arquitectura: _2_3_3_3_1_
Semilla: 1788105400
Segundos: 140
NIteraciones: 100000

Costo_train: 0.244430
Precision_train: 0.575155
Recall_train: 0.579474
F1_train: 0.577307

Costo_test: 0.246749
Precision_test: 0.562814
Recall_test: 0.557214
F1_test: 0.560000
 

Arquitectura: _2_3_3_3_1_
Semilla: 1788105400
Segundos: 140
NIteraciones: 100000

Costo_train: 0.246551
Precision_train: 0.549757
Recall_train: 0.566959
F1_train: 0.558226

Costo_test: 0.249059
Precision_test: 0.536946
Recall_test: 0.542289
F1_test: 0.539604
 

Arquitectura: _2_3_3_3_1_
Semilla: 1788105400
Segundos: 140
NIteraciones: 100000

Costo_train: 0.245338
Precision_train: 0.550062
Recall_train: 0.556946
F1_train: 0.553483

Costo_test: 0.244930
Precision_test: 0.573604
Recall_test: 0.562189
F1_test: 0.567839
 

Arquitectura: _2_3_3_3_1_
Semilla: 1788105400
Segundos: 140
NIteraciones: 100000

Costo_train: 0.243937
Precision_train: 0.570552
Recall_train: 0.581977
F1_train: 0.576208

Costo_test: 0.246411
Precision_test: 0.560847
Recall_test: 0.527363
F1_test: 0.543590
 

Arquitectura: _2_3_3_3_1_
Semilla: 1788105400
Segundos: 140
NIteraciones: 100000

Costo_train: 0.245440
Precision_train: 0.551171
Recall_train: 0.559449
F1_train: 0.555279

Costo_test: 0.244711
Precision_test: 0.572165
Recall_test: 0.552239
F1_test: 0.562025
 

Arquitectura: _2_3_3_3_1_
Semilla: 1788105400
Segundos: 140
NIteraciones: 100000

Costo_train: 0.245911
Precision_train: 0.566540
Recall_train: 0.559449
F1_train: 0.562972

Costo_test: 0.250199
Precision_test: 0.528497
Recall_test: 0.507463
F1_test: 0.517766
 

Arquitectura: _2_3_3_3_1_
Semilla: 1788105400
Segundos: 140
NIteraciones: 100000

Costo_train: 0.245593
Precision_train: 0.548851
Recall_train: 0.478098
F1_train: 0.511037

Costo_test: 0.245758
Precision_test: 0.566474
Recall_test: 0.487562
F1_test: 0.524064
 

Arquitectura: _2_3_3_3_1_
Semilla: 1788105400
Segundos: 140
NIteraciones: 100000

Costo_train: 0.247190
Precision_train: 0.550125
Recall_train: 0.549437
F1_train: 0.549781

Costo_test: 0.248783
Precision_test: 0.540000
Recall_test: 0.537313
F1_test: 0.538653
 

Arquitectura: _2_3_3_3_1_
Semilla: 1788105400
Segundos: 140
NIteraciones: 100000

Costo_train: 0.247451
Precision_train: 0.549367
Recall_train: 0.543179
F1_train: 0.546256

Costo_test: 0.248625
Precision_test: 0.539604
Recall_test: 0.542289
F1_test: 0.540943
 

Arquitectura: _2_3_3_3_1_
Semilla: 1788105400
Segundos: 140
NIteraciones: 100000

Costo_train: 0.245225
Precision_train: 0.549938
Recall_train: 0.558198
F1_train: 0.554037

Costo_test: 0.244962
Precision_test: 0.575758
Recall_test: 0.567164
F1_test: 0.571429
 

Arquitectura: _2_3_3_3_1_
Semilla: 1788105400
Segundos: 140
NIteraciones: 100000

Costo_train: 0.247592
Precision_train: 0.549118
Recall_train: 0.545682
F1_train: 0.547395

Costo_test: 0.248493
Precision_test: 0.540000
Recall_test: 0.537313
F1_test: 0.538653
 

Arquitectura: _2_3_3_3_1_
Semilla: 1788105400
Segundos: 140
NIteraciones: 100000

Costo_train: 0.245191
Precision_train: 0.574813
Recall_train: 0.576971
F1_train: 0.575890

Costo_test: 0.246380
Precision_test: 0.562500
Recall_test: 0.537313
F1_test: 0.549618
 

Arquitectura: _2_3_3_3_1_
Semilla: 1788105400
Segundos: 140
NIteraciones: 100000

Costo_train: 0.246297
Precision_train: 0.551553
Recall_train: 0.555695
F1_train: 0.553616

Costo_test: 0.246476
Precision_test: 0.572165
Recall_test: 0.552239
F1_test: 0.562025
 

Arquitectura: _2_3_3_3_1_
Semilla: 1788105400
Segundos: 140
NIteraciones: 100000

Costo_train: 0.246544
Precision_train: 0.549686
Recall_train: 0.546934
F1_train: 0.548306

Costo_test: 0.246234
Precision_test: 0.569231
Recall_test: 0.552239
F1_test: 0.560606
 

Arquitectura: _2_3_3_3_1_
Semilla: 1788105400
Segundos: 140
NIteraciones: 100000

Costo_train: 0.244523
Precision_train: 0.553506
Recall_train: 0.563204
F1_train: 0.558313

Costo_test: 0.244780
Precision_test: 0.566327
Recall_test: 0.552239
F1_test: 0.559194
 

Arquitectura: _2_3_3_3_1_
Semilla: 1788105400
Segundos: 140
NIteraciones: 100000

Costo_train: 0.246555
Precision_train: 0.550743
Recall_train: 0.556946
F1_train: 0.553827

Costo_test: 0.246200
Precision_test: 0.570707
Recall_test: 0.562189
F1_test: 0.566416
 

Arquitectura: _2_3_3_3_1_
Semilla: 1788105400
Segundos: 140
NIteraciones: 100000

Costo_train: 0.247471
Precision_train: 0.550505
Recall_train: 0.545682
F1_train: 0.548083

Costo_test: 0.248818
Precision_test: 0.540000
Recall_test: 0.537313
F1_test: 0.538653
 

Arquitectura: _2_3_3_3_1_
Semilla: 1788105400
Segundos: 140
NIteraciones: 100000

Costo_train: 0.245350
Precision_train: 0.551298
Recall_train: 0.558198
F1_train: 0.554726

Costo_test: 0.244767
Precision_test: 0.574359
Recall_test: 0.557214
F1_test: 0.565657
 


--- Test Angosta 4.0 ---
Iteración 10000
Costo: 0.241898
Iteración 20000
Costo: 0.239205
Iteración 30000
Costo: 0.237489
Iteración 40000
Costo: 0.236392
Iteración 50000
Costo: 0.235627
Iteración 60000
Costo: 0.235048
Iteración 70000
Costo: 0.235456
Iteración 80000
Costo: 0.233555
Iteración 90000
Costo: 0.232679

Arquitectura: _2_12_1_
Semilla: 1788105540
Segundos: 54
NIteraciones: 100000

Costo_train: 0.231832
Precision_train: 0.598015
Recall_train: 0.603254
F1_train: 0.600623

Costo_test: 0.239245
Precision_test: 0.596939
Recall_test: 0.582090
F1_test: 0.589421
 

Arquitectura: _2_12_1_
Semilla: 1788105540
Segundos: 54
NIteraciones: 100000

Costo_train: 0.233935
Precision_train: 0.602484
Recall_train: 0.607009
F1_train: 0.604738

Costo_test: 0.241024
Precision_test: 0.582090
Recall_test: 0.582090
F1_test: 0.582090
 

Arquitectura: _2_12_1_
Semilla: 1788105540
Segundos: 54
NIteraciones: 100000

Costo_train: 0.234037
Precision_train: 0.603053
Recall_train: 0.593242
F1_train: 0.598107

Costo_test: 0.239405
Precision_test: 0.604278
Recall_test: 0.562189
F1_test: 0.582474
 

Arquitectura: _2_12_1_
Semilla: 1788105540
Segundos: 54
NIteraciones: 100000

Costo_train: 0.229094
Precision_train: 0.629537
Recall_train: 0.629537
F1_train: 0.629537

Costo_test: 0.238339
Precision_test: 0.608247
Recall_test: 0.587065
F1_test: 0.597468
 

Arquitectura: _2_12_1_
Semilla: 1788105540
Segundos: 54
NIteraciones: 100000

Costo_train: 0.232687
Precision_train: 0.595031
Recall_train: 0.599499
F1_train: 0.597257

Costo_test: 0.243728
Precision_test: 0.588542
Recall_test: 0.562189
F1_test: 0.575064
 

Arquitectura: _2_12_1_
Semilla: 1788105540
Segundos: 54
NIteraciones: 100000

Costo_train: 0.235438
Precision_train: 0.585608
Recall_train: 0.590738
F1_train: 0.588162

Costo_test: 0.247597
Precision_test: 0.552083
Recall_test: 0.527363
F1_test: 0.539440
 

Arquitectura: _2_12_1_
Semilla: 1788105540
Segundos: 54
NIteraciones: 100000

Costo_train: 0.232806
Precision_train: 0.608586
Recall_train: 0.603254
F1_train: 0.605908

Costo_test: 0.241336
Precision_test: 0.602094
Recall_test: 0.572139
F1_test: 0.586735
 

Arquitectura: _2_12_1_
Semilla: 1788105540
Segundos: 54
NIteraciones: 100000

Costo_train: 0.237024
Precision_train: 0.575000
Recall_train: 0.575720
F1_train: 0.575360

Costo_test: 0.250450
Precision_test: 0.551220
Recall_test: 0.562189
F1_test: 0.556650
 

Arquitectura: _2_12_1_
Semilla: 1788105540
Segundos: 54
NIteraciones: 100000

Costo_train: 0.233267
Precision_train: 0.605198
Recall_train: 0.612015
F1_train: 0.608587

Costo_test: 0.241961
Precision_test: 0.585000
Recall_test: 0.582090
F1_test: 0.583541
 

Arquitectura: _2_12_1_
Semilla: 1788105540
Segundos: 54
NIteraciones: 100000

Costo_train: 0.233579
Precision_train: 0.606700
Recall_train: 0.612015
F1_train: 0.609346

Costo_test: 0.248953
Precision_test: 0.572165
Recall_test: 0.552239
F1_test: 0.562025
 

Arquitectura: _2_12_1_
Semilla: 1788105540
Segundos: 54
NIteraciones: 100000

Costo_train: 0.231680
Precision_train: 0.599751
Recall_train: 0.602003
F1_train: 0.600874

Costo_test: 0.239271
Precision_test: 0.590244
Recall_test: 0.601990
F1_test: 0.596059
 

Arquitectura: _2_12_1_
Semilla: 1788105540
Segundos: 54
NIteraciones: 100000

Costo_train: 0.233095
Precision_train: 0.588750
Recall_train: 0.589487
F1_train: 0.589118

Costo_test: 0.242308
Precision_test: 0.602041
Recall_test: 0.587065
F1_test: 0.594458
 

Arquitectura: _2_12_1_
Semilla: 1788105540
Segundos: 54
NIteraciones: 100000

Costo_train: 0.236435
Precision_train: 0.594828
Recall_train: 0.604506
F1_train: 0.599628

Costo_test: 0.245595
Precision_test: 0.562189
Recall_test: 0.562189
F1_test: 0.562189
 

Arquitectura: _2_12_1_
Semilla: 1788105540
Segundos: 54
NIteraciones: 100000

Costo_train: 0.235696
Precision_train: 0.593711
Recall_train: 0.590738
F1_train: 0.592221

Costo_test: 0.248827
Precision_test: 0.545946
Recall_test: 0.502488
F1_test: 0.523316
 

Arquitectura: _2_12_1_
Semilla: 1788105540
Segundos: 54
NIteraciones: 100000

Costo_train: 0.233415
Precision_train: 0.597619
Recall_train: 0.628285
F1_train: 0.612569

Costo_test: 0.244625
Precision_test: 0.591133
Recall_test: 0.597015
F1_test: 0.594059
 

Arquitectura: _2_12_1_
Semilla: 1788105540
Segundos: 54
NIteraciones: 100000

Costo_train: 0.228574
Precision_train: 0.586466
Recall_train: 0.585732
F1_train: 0.586099

Costo_test: 0.238883
Precision_test: 0.572165
Recall_test: 0.552239
F1_test: 0.562025
 

Arquitectura: _2_12_1_
Semilla: 1788105540
Segundos: 54
NIteraciones: 100000

Costo_train: 0.233728
Precision_train: 0.605433
Recall_train: 0.585732
F1_train: 0.595420

Costo_test: 0.240420
Precision_test: 0.584615
Recall_test: 0.567164
F1_test: 0.575758
 

Arquitectura: _2_12_1_
Semilla: 1788105540
Segundos: 54
NIteraciones: 100000

Costo_train: 0.232263
Precision_train: 0.579146
Recall_train: 0.576971
F1_train: 0.578056

Costo_test: 0.240077
Precision_test: 0.563452
Recall_test: 0.552239
F1_test: 0.557789
 

Arquitectura: _2_12_1_
Semilla: 1788105540
Segundos: 54
NIteraciones: 100000

Costo_train: 0.233560
Precision_train: 0.590738
Recall_train: 0.590738
F1_train: 0.590738

Costo_test: 0.241990
Precision_test: 0.574257
Recall_test: 0.577114
F1_test: 0.575682
 

Arquitectura: _2_12_1_
Semilla: 1788105540
Segundos: 54
NIteraciones: 100000

Costo_train: 0.234345
Precision_train: 0.583756
Recall_train: 0.575720
F1_train: 0.579710

Costo_test: 0.237483
Precision_test: 0.612245
Recall_test: 0.597015
F1_test: 0.604534
 

Arquitectura: _2_12_1_
Semilla: 1788105540
Segundos: 54
NIteraciones: 100000

Costo_train: 0.234709
Precision_train: 0.582500
Recall_train: 0.583229
F1_train: 0.582864

Costo_test: 0.248110
Precision_test: 0.554974
Recall_test: 0.527363
F1_test: 0.540816
 

Arquitectura: _2_12_1_
Semilla: 1788105540
Segundos: 54
NIteraciones: 100000

Costo_train: 0.232279
Precision_train: 0.589646
Recall_train: 0.584481
F1_train: 0.587052

Costo_test: 0.241746
Precision_test: 0.543590
Recall_test: 0.527363
F1_test: 0.535354
 

Arquitectura: _2_12_1_
Semilla: 1788105540
Segundos: 54
NIteraciones: 100000

Costo_train: 0.234285
Precision_train: 0.586428
Recall_train: 0.573216
F1_train: 0.579747

Costo_test: 0.248900
Precision_test: 0.563830
Recall_test: 0.527363
F1_test: 0.544987
 

Arquitectura: _2_12_1_
Semilla: 1788105540
Segundos: 54
NIteraciones: 100000

Costo_train: 0.232831
Precision_train: 0.579208
Recall_train: 0.585732
F1_train: 0.582452

Costo_test: 0.242594
Precision_test: 0.550802
Recall_test: 0.512438
F1_test: 0.530928
 

Arquitectura: _2_12_1_
Semilla: 1788105540
Segundos: 54
NIteraciones: 100000

Costo_train: 0.230465
Precision_train: 0.606914
Recall_train: 0.593242
F1_train: 0.600000

Costo_test: 0.240924
Precision_test: 0.578680
Recall_test: 0.567164
F1_test: 0.572864
 

Arquitectura: _2_12_1_
Semilla: 1788105540
Segundos: 54
NIteraciones: 100000

Costo_train: 0.237558
Precision_train: 0.582716
Recall_train: 0.590738
F1_train: 0.586700

Costo_test: 0.247241
Precision_test: 0.558824
Recall_test: 0.567164
F1_test: 0.562963
 

Arquitectura: _2_12_1_
Semilla: 1788105540
Segundos: 54
NIteraciones: 100000

Costo_train: 0.234553
Precision_train: 0.603704
Recall_train: 0.612015
F1_train: 0.607831

Costo_test: 0.249198
Precision_test: 0.557789
Recall_test: 0.552239
F1_test: 0.555000
 

Arquitectura: _2_12_1_
Semilla: 1788105540
Segundos: 54
NIteraciones: 100000

Costo_train: 0.235024
Precision_train: 0.595238
Recall_train: 0.594493
F1_train: 0.594865

Costo_test: 0.244859
Precision_test: 0.602210
Recall_test: 0.542289
F1_test: 0.570681
 

Arquitectura: _2_12_1_
Semilla: 1788105540
Segundos: 54
NIteraciones: 100000

Costo_train: 0.231917
Precision_train: 0.609238
Recall_train: 0.610763
F1_train: 0.610000

Costo_test: 0.240045
Precision_test: 0.585492
Recall_test: 0.562189
F1_test: 0.573604
 

Arquitectura: _2_12_1_
Semilla: 1788105540
Segundos: 54
NIteraciones: 100000

Costo_train: 0.235689
Precision_train: 0.584975
Recall_train: 0.594493
F1_train: 0.589696

Costo_test: 0.248616
Precision_test: 0.540404
Recall_test: 0.532338
F1_test: 0.536341
 

Arquitectura: _2_12_1_
Semilla: 1788105540
Segundos: 54
NIteraciones: 100000

Costo_train: 0.235066
Precision_train: 0.579146
Recall_train: 0.576971
F1_train: 0.578056

Costo_test: 0.239829
Precision_test: 0.577889
Recall_test: 0.572139
F1_test: 0.575000
 

Arquitectura: _2_12_1_
Semilla: 1788105540
Segundos: 54
NIteraciones: 100000

Costo_train: 0.233787
Precision_train: 0.587010
Recall_train: 0.599499
F1_train: 0.593189

Costo_test: 0.246823
Precision_test: 0.578680
Recall_test: 0.567164
F1_test: 0.572864
 

Arquitectura: _2_12_1_
Semilla: 1788105540
Segundos: 54
NIteraciones: 100000

Costo_train: 0.235149
Precision_train: 0.598039
Recall_train: 0.610763
F1_train: 0.604334

Costo_test: 0.244457
Precision_test: 0.581152
Recall_test: 0.552239
F1_test: 0.566327
 

Arquitectura: _2_12_1_
Semilla: 1788105540
Segundos: 54
NIteraciones: 100000

Costo_train: 0.233456
Precision_train: 0.603797
Recall_train: 0.596996
F1_train: 0.600378

Costo_test: 0.243216
Precision_test: 0.586387
Recall_test: 0.557214
F1_test: 0.571429
 

Arquitectura: _2_12_1_
Semilla: 1788105540
Segundos: 54
NIteraciones: 100000

Costo_train: 0.232531
Precision_train: 0.605793
Recall_train: 0.602003
F1_train: 0.603892

Costo_test: 0.239786
Precision_test: 0.585106
Recall_test: 0.547264
F1_test: 0.565553
 

Arquitectura: _2_12_1_
Semilla: 1788105540
Segundos: 54
NIteraciones: 100000

Costo_train: 0.234877
Precision_train: 0.584383
Recall_train: 0.580726
F1_train: 0.582549

Costo_test: 0.247823
Precision_test: 0.560847
Recall_test: 0.527363
F1_test: 0.543590
 

Arquitectura: _2_12_1_
Semilla: 1788105540
Segundos: 54
NIteraciones: 100000

Costo_train: 0.234012
Precision_train: 0.597546
Recall_train: 0.609512
F1_train: 0.603470

Costo_test: 0.238332
Precision_test: 0.581152
Recall_test: 0.552239
F1_test: 0.566327
 

Arquitectura: _2_12_1_
Semilla: 1788105540
Segundos: 54
NIteraciones: 100000

Costo_train: 0.230456
Precision_train: 0.591656
Recall_train: 0.585732
F1_train: 0.588679

Costo_test: 0.242381
Precision_test: 0.557789
Recall_test: 0.552239
F1_test: 0.555000
 

Arquitectura: _2_12_1_
Semilla: 1788105540
Segundos: 54
NIteraciones: 100000

Costo_train: 0.235150
Precision_train: 0.585821
Recall_train: 0.589487
F1_train: 0.587648

Costo_test: 0.247520
Precision_test: 0.563107
Recall_test: 0.577114
F1_test: 0.570025
 

Arquitectura: _2_12_1_
Semilla: 1788105540
Segundos: 54
NIteraciones: 100000

Costo_train: 0.231285
Precision_train: 0.610837
Recall_train: 0.620776
F1_train: 0.615767

Costo_test: 0.245220
Precision_test: 0.585492
Recall_test: 0.562189
F1_test: 0.573604
 

Arquitectura: _2_12_1_
Semilla: 1788105540
Segundos: 54
NIteraciones: 100000

Costo_train: 0.236337
Precision_train: 0.578947
Recall_train: 0.578223
F1_train: 0.578585

Costo_test: 0.247882
Precision_test: 0.558974
Recall_test: 0.542289
F1_test: 0.550505
 

Arquitectura: _2_12_1_
Semilla: 1788105540
Segundos: 54
NIteraciones: 100000

Costo_train: 0.239363
Precision_train: 0.571600
Recall_train: 0.594493
F1_train: 0.582822

Costo_test: 0.243178
Precision_test: 0.579710
Recall_test: 0.597015
F1_test: 0.588235
 

Arquitectura: _2_12_1_
Semilla: 1788105540
Segundos: 54
NIteraciones: 100000

Costo_train: 0.233464
Precision_train: 0.612658
Recall_train: 0.605757
F1_train: 0.609188

Costo_test: 0.239076
Precision_test: 0.580311
Recall_test: 0.557214
F1_test: 0.568528
 

Arquitectura: _2_12_1_
Semilla: 1788105540
Segundos: 54
NIteraciones: 100000

Costo_train: 0.231991
Precision_train: 0.608073
Recall_train: 0.584481
F1_train: 0.596043

Costo_test: 0.241270
Precision_test: 0.593750
Recall_test: 0.567164
F1_test: 0.580153
 

Arquitectura: _2_12_1_
Semilla: 1788105540
Segundos: 54
NIteraciones: 100000

Costo_train: 0.235035
Precision_train: 0.590853
Recall_train: 0.598248
F1_train: 0.594527

Costo_test: 0.247004
Precision_test: 0.552083
Recall_test: 0.527363
F1_test: 0.539440
 

Arquitectura: _2_12_1_
Semilla: 1788105540
Segundos: 54
NIteraciones: 100000

Costo_train: 0.231711
Precision_train: 0.604859
Recall_train: 0.591990
F1_train: 0.598355

Costo_test: 0.242326
Precision_test: 0.576720
Recall_test: 0.542289
F1_test: 0.558974
 

Arquitectura: _2_12_1_
Semilla: 1788105540
Segundos: 54
NIteraciones: 100000

Costo_train: 0.235601
Precision_train: 0.575910
Recall_train: 0.574468
F1_train: 0.575188

Costo_test: 0.246949
Precision_test: 0.568528
Recall_test: 0.557214
F1_test: 0.562814
 

Arquitectura: _2_12_1_
Semilla: 1788105540
Segundos: 54
NIteraciones: 100000

Costo_train: 0.235395
Precision_train: 0.585396
Recall_train: 0.591990
F1_train: 0.588675

Costo_test: 0.247541
Precision_test: 0.552083
Recall_test: 0.527363
F1_test: 0.539440
 

Arquitectura: _2_12_1_
Semilla: 1788105540
Segundos: 54
NIteraciones: 100000

Costo_train: 0.232276
Precision_train: 0.619480
Recall_train: 0.596996
F1_train: 0.608031

Costo_test: 0.242540
Precision_test: 0.571429
Recall_test: 0.537313
F1_test: 0.553846
 

Arquitectura: _2_12_1_
Semilla: 1788105540
Segundos: 54
NIteraciones: 100000

Costo_train: 0.239775
Precision_train: 0.590571
Recall_train: 0.595745
F1_train: 0.593146

Costo_test: 0.245851
Precision_test: 0.564103
Recall_test: 0.547264
F1_test: 0.555556
 

Arquitectura: _2_12_1_
Semilla: 1788105540
Segundos: 54
NIteraciones: 100000

Costo_train: 0.234021
Precision_train: 0.612091
Recall_train: 0.608260
F1_train: 0.610170

Costo_test: 0.242131
Precision_test: 0.589744
Recall_test: 0.572139
F1_test: 0.580808
 

Arquitectura: _2_12_1_
Semilla: 1788105540
Segundos: 54
NIteraciones: 100000

Costo_train: 0.236236
Precision_train: 0.589744
Recall_train: 0.604506
F1_train: 0.597033

Costo_test: 0.243642
Precision_test: 0.585000
Recall_test: 0.582090
F1_test: 0.583541
 

Arquitectura: _2_12_1_
Semilla: 1788105540
Segundos: 54
NIteraciones: 100000

Costo_train: 0.232623
Precision_train: 0.600493
Recall_train: 0.609512
F1_train: 0.604969

Costo_test: 0.243103
Precision_test: 0.575269
Recall_test: 0.532338
F1_test: 0.552972
 

Arquitectura: _2_12_1_
Semilla: 1788105540
Segundos: 54
NIteraciones: 100000

Costo_train: 0.232187
Precision_train: 0.611111
Recall_train: 0.591990
F1_train: 0.601399

Costo_test: 0.242993
Precision_test: 0.568421
Recall_test: 0.537313
F1_test: 0.552430
 

Arquitectura: _2_12_1_
Semilla: 1788105540
Segundos: 54
NIteraciones: 100000

Costo_train: 0.235715
Precision_train: 0.589839
Recall_train: 0.595745
F1_train: 0.592777

Costo_test: 0.243581
Precision_test: 0.573529
Recall_test: 0.582090
F1_test: 0.577778
 

Arquitectura: _2_12_1_
Semilla: 1788105540
Segundos: 54
NIteraciones: 100000

Costo_train: 0.238994
Precision_train: 0.580964
Recall_train: 0.588235
F1_train: 0.584577

Costo_test: 0.247454
Precision_test: 0.539683
Recall_test: 0.507463
F1_test: 0.523077
 

Arquitectura: _2_12_1_
Semilla: 1788105540
Segundos: 54
NIteraciones: 100000

Costo_train: 0.232955
Precision_train: 0.611580
Recall_train: 0.634543
F1_train: 0.622850

Costo_test: 0.241915
Precision_test: 0.587302
Recall_test: 0.552239
F1_test: 0.569231
 

Arquitectura: _2_12_1_
Semilla: 1788105540
Segundos: 54
NIteraciones: 100000

Costo_train: 0.233294
Precision_train: 0.563119
Recall_train: 0.569462
F1_train: 0.566273

Costo_test: 0.243971
Precision_test: 0.595628
Recall_test: 0.542289
F1_test: 0.567708
 

Arquitectura: _2_12_1_
Semilla: 1788105540
Segundos: 54
NIteraciones: 100000

Costo_train: 0.233733
Precision_train: 0.597240
Recall_train: 0.595745
F1_train: 0.596491

Costo_test: 0.248292
Precision_test: 0.552764
Recall_test: 0.547264
F1_test: 0.550000
 

Arquitectura: _2_12_1_
Semilla: 1788105540
Segundos: 54
NIteraciones: 100000

Costo_train: 0.233777
Precision_train: 0.579208
Recall_train: 0.585732
F1_train: 0.582452

Costo_test: 0.242997
Precision_test: 0.524752
Recall_test: 0.527363
F1_test: 0.526055
 

Arquitectura: _2_12_1_
Semilla: 1788105540
Segundos: 54
NIteraciones: 100000

Costo_train: 0.232119
Precision_train: 0.595020
Recall_train: 0.568210
F1_train: 0.581306

Costo_test: 0.242731
Precision_test: 0.574468
Recall_test: 0.537313
F1_test: 0.555270
 

Arquitectura: _2_12_1_
Semilla: 1788105540
Segundos: 54
NIteraciones: 100000

Costo_train: 0.233084
Precision_train: 0.595181
Recall_train: 0.618273
F1_train: 0.606507

Costo_test: 0.242015
Precision_test: 0.550000
Recall_test: 0.547264
F1_test: 0.548628
 

Arquitectura: _2_12_1_
Semilla: 1788105540
Segundos: 54
NIteraciones: 100000

Costo_train: 0.236649
Precision_train: 0.599755
Recall_train: 0.613267
F1_train: 0.606436

Costo_test: 0.243859
Precision_test: 0.553299
Recall_test: 0.542289
F1_test: 0.547739
 

Arquitectura: _2_12_1_
Semilla: 1788105540
Segundos: 54
NIteraciones: 100000

Costo_train: 0.233784
Precision_train: 0.625654
Recall_train: 0.598248
F1_train: 0.611644

Costo_test: 0.240527
Precision_test: 0.579487
Recall_test: 0.562189
F1_test: 0.570707
 

Arquitectura: _2_12_1_
Semilla: 1788105540
Segundos: 54
NIteraciones: 100000

Costo_train: 0.231576
Precision_train: 0.587863
Recall_train: 0.581977
F1_train: 0.584906

Costo_test: 0.243141
Precision_test: 0.586387
Recall_test: 0.557214
F1_test: 0.571429
 

Arquitectura: _2_12_1_
Semilla: 1788105540
Segundos: 54
NIteraciones: 100000

Costo_train: 0.236124
Precision_train: 0.592822
Recall_train: 0.599499
F1_train: 0.596142

Costo_test: 0.244328
Precision_test: 0.595745
Recall_test: 0.557214
F1_test: 0.575835
 

Arquitectura: _2_12_1_
Semilla: 1788105540
Segundos: 54
NIteraciones: 100000

Costo_train: 0.231167
Precision_train: 0.611866
Recall_train: 0.619524
F1_train: 0.615672

Costo_test: 0.244969
Precision_test: 0.590674
Recall_test: 0.567164
F1_test: 0.578680
 

Arquitectura: _2_12_1_
Semilla: 1788105540
Segundos: 54
NIteraciones: 100000

Costo_train: 0.230526
Precision_train: 0.590102
Recall_train: 0.581977
F1_train: 0.586011

Costo_test: 0.242513
Precision_test: 0.592593
Recall_test: 0.557214
F1_test: 0.574359
 

Arquitectura: _2_12_1_
Semilla: 1788105540
Segundos: 54
NIteraciones: 100000

Costo_train: 0.235432
Precision_train: 0.588089
Recall_train: 0.593242
F1_train: 0.590654

Costo_test: 0.247512
Precision_test: 0.557292
Recall_test: 0.532338
F1_test: 0.544529
 

Arquitectura: _2_12_1_
Semilla: 1788105540
Segundos: 54
NIteraciones: 100000

Costo_train: 0.235069
Precision_train: 0.586428
Recall_train: 0.573216
F1_train: 0.579747

Costo_test: 0.247435
Precision_test: 0.569892
Recall_test: 0.527363
F1_test: 0.547804
 

Arquitectura: _2_12_1_
Semilla: 1788105540
Segundos: 54
NIteraciones: 100000

Costo_train: 0.230380
Precision_train: 0.613497
Recall_train: 0.625782
F1_train: 0.619579

Costo_test: 0.238699
Precision_test: 0.595960
Recall_test: 0.587065
F1_test: 0.591479
 

Arquitectura: _2_12_1_
Semilla: 1788105540
Segundos: 54
NIteraciones: 100000

Costo_train: 0.233229
Precision_train: 0.598513
Recall_train: 0.604506
F1_train: 0.601494

Costo_test: 0.249356
Precision_test: 0.565657
Recall_test: 0.557214
F1_test: 0.561403
 

Arquitectura: _2_12_1_
Semilla: 1788105540
Segundos: 54
NIteraciones: 100000

Costo_train: 0.232450
Precision_train: 0.593476
Recall_train: 0.591990
F1_train: 0.592732

Costo_test: 0.238490
Precision_test: 0.575758
Recall_test: 0.567164
F1_test: 0.571429
 

Arquitectura: _2_12_1_
Semilla: 1788105540
Segundos: 54
NIteraciones: 100000

Costo_train: 0.232812
Precision_train: 0.592040
Recall_train: 0.595745
F1_train: 0.593886

Costo_test: 0.242908
Precision_test: 0.594059
Recall_test: 0.597015
F1_test: 0.595533
 

Arquitectura: _2_12_1_
Semilla: 1788105540
Segundos: 54
NIteraciones: 100000

Costo_train: 0.232948
Precision_train: 0.598742
Recall_train: 0.595745
F1_train: 0.597240

Costo_test: 0.242449
Precision_test: 0.575130
Recall_test: 0.552239
F1_test: 0.563452
 

Arquitectura: _2_12_1_
Semilla: 1788105540
Segundos: 54
NIteraciones: 100000

Costo_train: 0.232698
Precision_train: 0.597951
Recall_train: 0.584481
F1_train: 0.591139

Costo_test: 0.242983
Precision_test: 0.569892
Recall_test: 0.527363
F1_test: 0.547804
 

Arquitectura: _2_12_1_
Semilla: 1788105540
Segundos: 54
NIteraciones: 100000

Costo_train: 0.232457
Precision_train: 0.603275
Recall_train: 0.599499
F1_train: 0.601381

Costo_test: 0.242658
Precision_test: 0.598039
Recall_test: 0.606965
F1_test: 0.602469
 

Arquitectura: _2_12_1_
Semilla: 1788105540
Segundos: 54
NIteraciones: 100000

Costo_train: 0.236855
Precision_train: 0.578145
Recall_train: 0.569462
F1_train: 0.573771

Costo_test: 0.246620
Precision_test: 0.591398
Recall_test: 0.547264
F1_test: 0.568475
 

Arquitectura: _2_12_1_
Semilla: 1788105540
Segundos: 54
NIteraciones: 100000

Costo_train: 0.233982
Precision_train: 0.620603
Recall_train: 0.618273
F1_train: 0.619436

Costo_test: 0.238860
Precision_test: 0.602041
Recall_test: 0.587065
F1_test: 0.594458
 

Arquitectura: _2_12_1_
Semilla: 1788105540
Segundos: 54
NIteraciones: 100000

Costo_train: 0.236452
Precision_train: 0.568944
Recall_train: 0.573216
F1_train: 0.571072

Costo_test: 0.245435
Precision_test: 0.572192
Recall_test: 0.532338
F1_test: 0.551546
 

Arquitectura: _2_12_1_
Semilla: 1788105540
Segundos: 54
NIteraciones: 100000

Costo_train: 0.234139
Precision_train: 0.596919
Recall_train: 0.581977
F1_train: 0.589354

Costo_test: 0.241725
Precision_test: 0.563158
Recall_test: 0.532338
F1_test: 0.547315
 

Arquitectura: _2_12_1_
Semilla: 1788105540
Segundos: 54
NIteraciones: 100000

Costo_train: 0.235329
Precision_train: 0.584256
Recall_train: 0.594493
F1_train: 0.589330

Costo_test: 0.248299
Precision_test: 0.543147
Recall_test: 0.532338
F1_test: 0.537688
 

Arquitectura: _2_12_1_
Semilla: 1788105540
Segundos: 54
NIteraciones: 100000

Costo_train: 0.233918
Precision_train: 0.589514
Recall_train: 0.576971
F1_train: 0.583175

Costo_test: 0.242661
Precision_test: 0.576087
Recall_test: 0.527363
F1_test: 0.550649
 

Arquitectura: _2_12_1_
Semilla: 1788105540
Segundos: 54
NIteraciones: 100000

Costo_train: 0.232765
Precision_train: 0.598997
Recall_train: 0.598248
F1_train: 0.598622

Costo_test: 0.243971
Precision_test: 0.582011
Recall_test: 0.547264
F1_test: 0.564103
 

Arquitectura: _2_12_1_
Semilla: 1788105540
Segundos: 54
NIteraciones: 100000

Costo_train: 0.236057
Precision_train: 0.613130
Recall_train: 0.654568
F1_train: 0.633172

Costo_test: 0.241250
Precision_test: 0.598958
Recall_test: 0.572139
F1_test: 0.585242
 

Arquitectura: _2_12_1_
Semilla: 1788105540
Segundos: 54
NIteraciones: 100000

Costo_train: 0.233517
Precision_train: 0.582822
Recall_train: 0.594493
F1_train: 0.588600

Costo_test: 0.241869
Precision_test: 0.539216
Recall_test: 0.547264
F1_test: 0.543210
 

Arquitectura: _2_12_1_
Semilla: 1788105540
Segundos: 54
NIteraciones: 100000

Costo_train: 0.231739
Precision_train: 0.623899
Recall_train: 0.620776
F1_train: 0.622334

Costo_test: 0.239847
Precision_test: 0.573604
Recall_test: 0.562189
F1_test: 0.567839
 

Arquitectura: _2_12_1_
Semilla: 1788105540
Segundos: 54
NIteraciones: 100000

Costo_train: 0.235026
Precision_train: 0.584687
Recall_train: 0.630789
F1_train: 0.606863

Costo_test: 0.246385
Precision_test: 0.572917
Recall_test: 0.547264
F1_test: 0.559796
 

Arquitectura: _2_12_1_
Semilla: 1788105540
Segundos: 54
NIteraciones: 100000

Costo_train: 0.237990
Precision_train: 0.590522
Recall_train: 0.608260
F1_train: 0.599260

Costo_test: 0.246942
Precision_test: 0.556075
Recall_test: 0.592040
F1_test: 0.573494
 

Arquitectura: _2_12_1_
Semilla: 1788105540
Segundos: 54
NIteraciones: 100000

Costo_train: 0.233564
Precision_train: 0.586767
Recall_train: 0.588235
F1_train: 0.587500

Costo_test: 0.242667
Precision_test: 0.569307
Recall_test: 0.572139
F1_test: 0.570720
 

Arquitectura: _2_12_1_
Semilla: 1788105540
Segundos: 54
NIteraciones: 100000

Costo_train: 0.232809
Precision_train: 0.578616
Recall_train: 0.575720
F1_train: 0.577164

Costo_test: 0.242108
Precision_test: 0.585635
Recall_test: 0.527363
F1_test: 0.554974
 

Arquitectura: _2_12_1_
Semilla: 1788105540
Segundos: 54
NIteraciones: 100000

Costo_train: 0.234456
Precision_train: 0.602996
Recall_train: 0.604506
F1_train: 0.603750

Costo_test: 0.242399
Precision_test: 0.571429
Recall_test: 0.517413
F1_test: 0.543081
 

Arquitectura: _2_12_1_
Semilla: 1788105540
Segundos: 54
NIteraciones: 100000

Costo_train: 0.233502
Precision_train: 0.625000
Recall_train: 0.619524
F1_train: 0.622250

Costo_test: 0.240193
Precision_test: 0.612565
Recall_test: 0.582090
F1_test: 0.596939
 

Arquitectura: _2_12_1_
Semilla: 1788105540
Segundos: 54
NIteraciones: 100000

Costo_train: 0.232048
Precision_train: 0.607990
Recall_train: 0.609512
F1_train: 0.608750

Costo_test: 0.243196
Precision_test: 0.574359
Recall_test: 0.557214
F1_test: 0.565657
 

Arquitectura: _2_12_1_
Semilla: 1788105540
Segundos: 54
NIteraciones: 100000

Costo_train: 0.231997
Precision_train: 0.593179
Recall_train: 0.609512
F1_train: 0.601235

Costo_test: 0.241621
Precision_test: 0.581152
Recall_test: 0.552239
F1_test: 0.566327
 

Arquitectura: _2_12_1_
Semilla: 1788105540
Segundos: 54
NIteraciones: 100000

Costo_train: 0.232660
Precision_train: 0.588305
Recall_train: 0.617021
F1_train: 0.602321

Costo_test: 0.242701
Precision_test: 0.583756
Recall_test: 0.572139
F1_test: 0.577889
 

Arquitectura: _2_12_1_
Semilla: 1788105540
Segundos: 54
NIteraciones: 100000

Costo_train: 0.235997
Precision_train: 0.585335
Recall_train: 0.579474
F1_train: 0.582390

Costo_test: 0.247853
Precision_test: 0.560386
Recall_test: 0.577114
F1_test: 0.568627
 

Arquitectura: _2_12_1_
Semilla: 1788105540
Segundos: 54
NIteraciones: 100000

Costo_train: 0.234356
Precision_train: 0.592021
Recall_train: 0.575720
F1_train: 0.583756

Costo_test: 0.249436
Precision_test: 0.553763
Recall_test: 0.512438
F1_test: 0.532300
 

Arquitectura: _2_12_1_
Semilla: 1788105540
Segundos: 54
NIteraciones: 100000

Costo_train: 0.233581
Precision_train: 0.604218
Recall_train: 0.609512
F1_train: 0.606854

Costo_test: 0.249710
Precision_test: 0.550000
Recall_test: 0.547264
F1_test: 0.548628
 

Arquitectura: _2_12_1_
Semilla: 1788105540
Segundos: 54
NIteraciones: 100000

Costo_train: 0.237152
Precision_train: 0.586076
Recall_train: 0.579474
F1_train: 0.582756

Costo_test: 0.243975
Precision_test: 0.569149
Recall_test: 0.532338
F1_test: 0.550129
 


--- Test Profunda 4.0 ---
Iteración 10000
Costo: 0.249979
Iteración 20000
Costo: 0.249970
Iteración 30000
Costo: 0.249958
Iteración 40000
Costo: 0.249945
Iteración 50000
Costo: 0.249928
Iteración 60000
Costo: 0.249906
Iteración 70000
Costo: 0.249879
Iteración 80000
Costo: 0.249841
Iteración 90000
Costo: 0.249789

Arquitectura: _2_3_3_3_3_1_
Semilla: 1788105594
Segundos: 186
NIteraciones: 100000

Costo_train: 0.249713
Precision_train: 0.550518
Recall_train: 0.531915
F1_train: 0.541057

Costo_test: 0.249737
Precision_test: 0.535714
Recall_test: 0.522388
F1_test: 0.528967
 

Arquitectura: _2_3_3_3_3_1_
Semilla: 1788105594
Segundos: 186
NIteraciones: 100000

Costo_train: 0.249416
Precision_train: 0.548428
Recall_train: 0.545682
F1_train: 0.547051

Costo_test: 0.249546
Precision_test: 0.539216
Recall_test: 0.547264
F1_test: 0.543210
 

Arquitectura: _2_3_3_3_3_1_
Semilla: 1788105594
Segundos: 186
NIteraciones: 100000

Costo_train: 0.249904
Precision_train: 0.519256
Recall_train: 0.489362
F1_train: 0.503866

Costo_test: 0.249892
Precision_test: 0.538043
Recall_test: 0.492537
F1_test: 0.514286
 

Arquitectura: _2_3_3_3_3_1_
Semilla: 1788105594
Segundos: 186
NIteraciones: 100000

Costo_train: 0.247471
Precision_train: 0.551597
Recall_train: 0.561952
F1_train: 0.556727

Costo_test: 0.246167
Precision_test: 0.569231
Recall_test: 0.552239
F1_test: 0.560606
 

Arquitectura: _2_3_3_3_3_1_
Semilla: 1788105594
Segundos: 186
NIteraciones: 100000

Costo_train: 0.249159
Precision_train: 0.549938
Recall_train: 0.558198
F1_train: 0.554037

Costo_test: 0.248946
Precision_test: 0.572864
Recall_test: 0.567164
F1_test: 0.570000
 

Arquitectura: _2_3_3_3_3_1_
Semilla: 1788105594
Segundos: 186
NIteraciones: 100000

Costo_train: 0.248826
Precision_train: 0.551940
Recall_train: 0.551940
F1_train: 0.551940

Costo_test: 0.248371
Precision_test: 0.569948
Recall_test: 0.547264
F1_test: 0.558376
 

Arquitectura: _2_3_3_3_3_1_
Semilla: 1788105594
Segundos: 186
NIteraciones: 100000

Costo_train: 0.249408
Precision_train: 0.562500
Recall_train: 0.450563
F1_train: 0.500347

Costo_test: 0.249366
Precision_test: 0.562500
Recall_test: 0.447761
F1_test: 0.498615
 

Arquitectura: _2_3_3_3_3_1_
Semilla: 1788105594
Segundos: 186
NIteraciones: 100000

Costo_train: 0.246842
Precision_train: 0.545802
Recall_train: 0.536921
F1_train: 0.541325

Costo_test: 0.246373
Precision_test: 0.575916
Recall_test: 0.547264
F1_test: 0.561224
 

Arquitectura: _2_3_3_3_3_1_
Semilla: 1788105594
Segundos: 186
NIteraciones: 100000

Costo_train: 0.249691
Precision_train: 0.549839
Recall_train: 0.428035
F1_train: 0.481351

Costo_test: 0.249660
Precision_test: 0.574194
Recall_test: 0.442786
F1_test: 0.500000
 

Arquitectura: _2_3_3_3_3_1_
Semilla: 1788105594
Segundos: 186
NIteraciones: 100000

Costo_train: 0.247808
Precision_train: 0.550186
Recall_train: 0.555695
F1_train: 0.552926

Costo_test: 0.247994
Precision_test: 0.544118
Recall_test: 0.552239
F1_test: 0.548148
 

Arquitectura: _2_3_3_3_3_1_
Semilla: 1788105594
Segundos: 186
NIteraciones: 100000

Costo_train: 0.249472
Precision_train: 0.547408
Recall_train: 0.541927
F1_train: 0.544654

Costo_test: 0.249513
Precision_test: 0.549505
Recall_test: 0.552239
F1_test: 0.550869
 

Arquitectura: _2_3_3_3_3_1_
Semilla: 1788105594
Segundos: 186
NIteraciones: 100000

Costo_train: 0.248653
Precision_train: 0.553903
Recall_train: 0.559449
F1_train: 0.556662

Costo_test: 0.248162
Precision_test: 0.569231
Recall_test: 0.552239
F1_test: 0.560606
 

Arquitectura: _2_3_3_3_3_1_
Semilla: 1788105594
Segundos: 186
NIteraciones: 100000

Costo_train: 0.247015
Precision_train: 0.556886
Recall_train: 0.465582
F1_train: 0.507158

Costo_test: 0.246833
Precision_test: 0.570552
Recall_test: 0.462687
F1_test: 0.510989
 

Arquitectura: _2_3_3_3_3_1_
Semilla: 1788105594
Segundos: 186
NIteraciones: 100000

Costo_train: 0.247863
Precision_train: 0.546934
Recall_train: 0.546934
F1_train: 0.546934

Costo_test: 0.248368
Precision_test: 0.539216
Recall_test: 0.547264
F1_test: 0.543210
 

Arquitectura: _2_3_3_3_3_1_
Semilla: 1788105594
Segundos: 186
NIteraciones: 100000

Costo_train: 0.248556
Precision_train: 0.549677
Recall_train: 0.533166
F1_train: 0.541296

Costo_test: 0.248741
Precision_test: 0.532995
Recall_test: 0.522388
F1_test: 0.527638
 

Arquitectura: _2_3_3_3_3_1_
Semilla: 1788105594
Segundos: 186
NIteraciones: 100000

Costo_train: 0.247750
Precision_train: 0.550311
Recall_train: 0.554443
F1_train: 0.552369

Costo_test: 0.248350
Precision_test: 0.539216
Recall_test: 0.547264
F1_test: 0.543210
 

Arquitectura: _2_3_3_3_3_1_
Semilla: 1788105594
Segundos: 186
NIteraciones: 100000

Costo_train: 0.248775
Precision_train: 0.551151
Recall_train: 0.539424
F1_train: 0.545225

Costo_test: 0.248786
Precision_test: 0.545455
Recall_test: 0.537313
F1_test: 0.541353
 

Arquitectura: _2_3_3_3_3_1_
Semilla: 1788105594
Segundos: 186
NIteraciones: 100000

Costo_train: 0.248066
Precision_train: 0.542821
Recall_train: 0.539424
F1_train: 0.541117

Costo_test: 0.247717
Precision_test: 0.573684
Recall_test: 0.542289
F1_test: 0.557545
 

Arquitectura: _2_3_3_3_3_1_
Semilla: 1788105594
Segundos: 186
NIteraciones: 100000

Costo_train: 0.249683
Precision_train: 0.513399
Recall_train: 0.455569
F1_train: 0.482759

Costo_test: 0.249629
Precision_test: 0.530928
Recall_test: 0.512438
F1_test: 0.521519
 

Arquitectura: _2_3_3_3_3_1_
Semilla: 1788105594
Segundos: 186
NIteraciones: 100000

Costo_train: 0.246797
Precision_train: 0.545714
Recall_train: 0.478098
F1_train: 0.509673

Costo_test: 0.246667
Precision_test: 0.563218
Recall_test: 0.487562
F1_test: 0.522667
 

Arquitectura: _2_3_3_3_3_1_
Semilla: 1788105594
Segundos: 186
NIteraciones: 100000

Costo_train: 0.248596
Precision_train: 0.538835
Recall_train: 0.555695
F1_train: 0.547135

Costo_test: 0.248327
Precision_test: 0.564356
Recall_test: 0.567164
F1_test: 0.565757
 

Arquitectura: _2_3_3_3_3_1_
Semilla: 1788105594
Segundos: 186
NIteraciones: 100000

Costo_train: 0.247926
Precision_train: 0.542540
Recall_train: 0.550688
F1_train: 0.546584

Costo_test: 0.247664
Precision_test: 0.576531
Recall_test: 0.562189
F1_test: 0.569270
 

Arquitectura: _2_3_3_3_3_1_
Semilla: 1788105594
Segundos: 186
NIteraciones: 100000

Costo_train: 0.249905
Precision_train: 0.568019
Recall_train: 0.297872
F1_train: 0.390805

Costo_test: 0.249926
Precision_test: 0.519231
Recall_test: 0.268657
F1_test: 0.354098
 

Arquitectura: _2_3_3_3_3_1_
Semilla: 1788105594
Segundos: 186
NIteraciones: 100000

Costo_train: 0.249992
Precision_train: -nan(ind)
Recall_train: 0.000000
F1_train: -nan(ind)

Costo_test: 0.249993
Precision_test: -nan(ind)
Recall_test: 0.000000
F1_test: -nan(ind)
 

Arquitectura: _2_3_3_3_3_1_
Semilla: 1788105594
Segundos: 186
NIteraciones: 100000

Costo_train: 0.247055
Precision_train: 0.550743
Recall_train: 0.556946
F1_train: 0.553827

Costo_test: 0.246123
Precision_test: 0.571429
Recall_test: 0.557214
F1_test: 0.564232
 

Arquitectura: _2_3_3_3_3_1_
Semilla: 1788105594
Segundos: 186
NIteraciones: 100000

Costo_train: 0.248051
Precision_train: 0.549313
Recall_train: 0.550688
F1_train: 0.550000

Costo_test: 0.248449
Precision_test: 0.542289
Recall_test: 0.542289
F1_test: 0.542289
 

Arquitectura: _2_3_3_3_3_1_
Semilla: 1788105594
Segundos: 186
NIteraciones: 100000

Costo_train: 0.247200
Precision_train: 0.551597
Recall_train: 0.561952
F1_train: 0.556727

Costo_test: 0.245923
Precision_test: 0.569231
Recall_test: 0.552239
F1_test: 0.560606
 

Arquitectura: _2_3_3_3_3_1_
Semilla: 1788105594
Segundos: 186
NIteraciones: 100000

Costo_train: 0.248039
Precision_train: 0.549561
Recall_train: 0.548185
F1_train: 0.548872

Costo_test: 0.248418
Precision_test: 0.539604
Recall_test: 0.542289
F1_test: 0.540943
 

Arquitectura: _2_3_3_3_3_1_
Semilla: 1788105594
Segundos: 186
NIteraciones: 100000

Costo_train: 0.247506
Precision_train: 0.551046
Recall_train: 0.560701
F1_train: 0.555831

Costo_test: 0.246273
Precision_test: 0.569231
Recall_test: 0.552239
F1_test: 0.560606
 

Arquitectura: _2_3_3_3_3_1_
Semilla: 1788105594
Segundos: 186
NIteraciones: 100000

Costo_train: 0.249887
Precision_train: 0.539683
Recall_train: 0.510638
F1_train: 0.524759

Costo_test: 0.249871
Precision_test: 0.562162
Recall_test: 0.517413
F1_test: 0.538860
 

Arquitectura: _2_3_3_3_3_1_
Semilla: 1788105594
Segundos: 186
NIteraciones: 100000

Costo_train: 0.249691
Precision_train: 0.549096
Recall_train: 0.531915
F1_train: 0.540369

Costo_test: 0.249779
Precision_test: 0.541667
Recall_test: 0.517413
F1_test: 0.529262
 

Arquitectura: _2_3_3_3_3_1_
Semilla: 1788105594
Segundos: 186
NIteraciones: 100000

Costo_train: 0.248062
Precision_train: 0.548306
Recall_train: 0.546934
F1_train: 0.547619

Costo_test: 0.248573
Precision_test: 0.539604
Recall_test: 0.542289
F1_test: 0.540943
 

Arquitectura: _2_3_3_3_3_1_
Semilla: 1788105594
Segundos: 186
NIteraciones: 100000

Costo_train: 0.249800
Precision_train: 0.557604
Recall_train: 0.454318
F1_train: 0.500690

Costo_test: 0.249795
Precision_test: 0.568750
Recall_test: 0.452736
F1_test: 0.504155
 

Arquitectura: _2_3_3_3_3_1_
Semilla: 1788105594
Segundos: 186
NIteraciones: 100000

Costo_train: 0.249107
Precision_train: 0.550369
Recall_train: 0.560701
F1_train: 0.555487

Costo_test: 0.248716
Precision_test: 0.570707
Recall_test: 0.562189
F1_test: 0.566416
 

Arquitectura: _2_3_3_3_3_1_
Semilla: 1788105594
Segundos: 186
NIteraciones: 100000

Costo_train: 0.247687
Precision_train: 0.550311
Recall_train: 0.554443
F1_train: 0.552369

Costo_test: 0.248189
Precision_test: 0.541872
Recall_test: 0.547264
F1_test: 0.544554
 

Arquitectura: _2_3_3_3_3_1_
Semilla: 1788105594
Segundos: 186
NIteraciones: 100000

Costo_train: 0.247538
Precision_train: 0.547859
Recall_train: 0.544431
F1_train: 0.546139

Costo_test: 0.248554
Precision_test: 0.539604
Recall_test: 0.542289
F1_test: 0.540943
 

Arquitectura: _2_3_3_3_3_1_
Semilla: 1788105594
Segundos: 186
NIteraciones: 100000

Costo_train: 0.249889
Precision_train: 0.547009
Recall_train: 0.400501
F1_train: 0.462428

Costo_test: 0.249866
Precision_test: 0.573333
Recall_test: 0.427861
F1_test: 0.490029
 

Arquitectura: _2_3_3_3_3_1_
Semilla: 1788105594
Segundos: 186
NIteraciones: 100000

Costo_train: 0.246861
Precision_train: 0.556402
Recall_train: 0.456821
F1_train: 0.501718

Costo_test: 0.246438
Precision_test: 0.572289
Recall_test: 0.472637
F1_test: 0.517711
 

Arquitectura: _2_3_3_3_3_1_
Semilla: 1788105594
Segundos: 186
NIteraciones: 100000

Costo_train: 0.247244
Precision_train: 0.548826
Recall_train: 0.555695
F1_train: 0.552239

Costo_test: 0.247259
Precision_test: 0.548077
Recall_test: 0.567164
F1_test: 0.557457
 

Arquitectura: _2_3_3_3_3_1_
Semilla: 1788105594
Segundos: 186
NIteraciones: 100000

Costo_train: 0.247533
Precision_train: 0.543713
Recall_train: 0.568210
F1_train: 0.555692

Costo_test: 0.247187
Precision_test: 0.563725
Recall_test: 0.572139
F1_test: 0.567901
 

Arquitectura: _2_3_3_3_3_1_
Semilla: 1788105594
Segundos: 186
NIteraciones: 100000

Costo_train: 0.249571
Precision_train: 0.553642
Recall_train: 0.523154
F1_train: 0.537967

Costo_test: 0.249607
Precision_test: 0.533679
Recall_test: 0.512438
F1_test: 0.522843
 

Arquitectura: _2_3_3_3_3_1_
Semilla: 1788105594
Segundos: 186
NIteraciones: 100000

Costo_train: 0.248682
Precision_train: 0.549875
Recall_train: 0.551940
F1_train: 0.550906

Costo_test: 0.248395
Precision_test: 0.570707
Recall_test: 0.562189
F1_test: 0.566416
 

Arquitectura: _2_3_3_3_3_1_
Semilla: 1788105594
Segundos: 186
NIteraciones: 100000

Costo_train: 0.246756
Precision_train: 0.548148
Recall_train: 0.555695
F1_train: 0.551896

Costo_test: 0.246224
Precision_test: 0.570707
Recall_test: 0.562189
F1_test: 0.566416
 

Arquitectura: _2_3_3_3_3_1_
Semilla: 1788105594
Segundos: 186
NIteraciones: 100000

Costo_train: 0.249772
Precision_train: 0.565744
Recall_train: 0.409262
F1_train: 0.474946

Costo_test: 0.249751
Precision_test: 0.557823
Recall_test: 0.407960
F1_test: 0.471264
 

Arquitectura: _2_3_3_3_3_1_
Semilla: 1788105594
Segundos: 186
NIteraciones: 100000

Costo_train: 0.247019
Precision_train: 0.549572
Recall_train: 0.561952
F1_train: 0.555693

Costo_test: 0.246265
Precision_test: 0.572864
Recall_test: 0.567164
F1_test: 0.570000
 

Arquitectura: _2_3_3_3_3_1_
Semilla: 1788105594
Segundos: 186
NIteraciones: 100000

Costo_train: 0.249990
Precision_train: -nan(ind)
Recall_train: 0.000000
F1_train: -nan(ind)

Costo_test: 0.249998
Precision_test: -nan(ind)
Recall_test: 0.000000
F1_test: -nan(ind)
 

Arquitectura: _2_3_3_3_3_1_
Semilla: 1788105594
Segundos: 186
NIteraciones: 100000

Costo_train: 0.247832
Precision_train: 0.546354
Recall_train: 0.553191
F1_train: 0.549751

Costo_test: 0.248276
Precision_test: 0.539216
Recall_test: 0.547264
F1_test: 0.543210
 

Arquitectura: _2_3_3_3_3_1_
Semilla: 1788105594
Segundos: 186
NIteraciones: 100000

Costo_train: 0.249788
Precision_train: 0.540079
Recall_train: 0.514393
F1_train: 0.526923

Costo_test: 0.249751
Precision_test: 0.565217
Recall_test: 0.517413
F1_test: 0.540260
 

Arquitectura: _2_3_3_3_3_1_
Semilla: 1788105594
Segundos: 186
NIteraciones: 100000

Costo_train: 0.249070
Precision_train: 0.542184
Recall_train: 0.546934
F1_train: 0.544548

Costo_test: 0.248750
Precision_test: 0.566327
Recall_test: 0.552239
F1_test: 0.559194
 

Arquitectura: _2_3_3_3_3_1_
Semilla: 1788105594
Segundos: 186
NIteraciones: 100000

Costo_train: 0.247754
Precision_train: 0.549751
Recall_train: 0.553191
F1_train: 0.551466

Costo_test: 0.248325
Precision_test: 0.537313
Recall_test: 0.537313
F1_test: 0.537313
 

Arquitectura: _2_3_3_3_3_1_
Semilla: 1788105594
Segundos: 186
NIteraciones: 100000

Costo_train: 0.249682
Precision_train: 0.547368
Recall_train: 0.520651
F1_train: 0.533675

Costo_test: 0.249547
Precision_test: 0.573684
Recall_test: 0.542289
F1_test: 0.557545
 

Arquitectura: _2_3_3_3_3_1_
Semilla: 1788105594
Segundos: 186
NIteraciones: 100000

Costo_train: 0.249859
Precision_train: 0.522556
Recall_train: 0.521902
F1_train: 0.522229

Costo_test: 0.249745
Precision_test: 0.545455
Recall_test: 0.537313
F1_test: 0.541353
 

Arquitectura: _2_3_3_3_3_1_
Semilla: 1788105594
Segundos: 186
NIteraciones: 100000

Costo_train: 0.247569
Precision_train: 0.550251
Recall_train: 0.548185
F1_train: 0.549216

Costo_test: 0.247909
Precision_test: 0.540000
Recall_test: 0.537313
F1_test: 0.538653
 

Arquitectura: _2_3_3_3_3_1_
Semilla: 1788105594
Segundos: 186
NIteraciones: 100000

Costo_train: 0.249977
Precision_train: -nan(ind)
Recall_train: 0.000000
F1_train: -nan(ind)

Costo_test: 0.249977
Precision_test: -nan(ind)
Recall_test: 0.000000
F1_test: -nan(ind)
 

Arquitectura: _2_3_3_3_3_1_
Semilla: 1788105594
Segundos: 186
NIteraciones: 100000

Costo_train: 0.247087
Precision_train: 0.551171
Recall_train: 0.559449
F1_train: 0.555279

Costo_test: 0.246092
Precision_test: 0.569231
Recall_test: 0.552239
F1_test: 0.560606
 

Arquitectura: _2_3_3_3_3_1_
Semilla: 1788105594
Segundos: 186
NIteraciones: 100000

Costo_train: 0.247529
Precision_train: 0.550251
Recall_train: 0.548185
F1_train: 0.549216

Costo_test: 0.247950
Precision_test: 0.540000
Recall_test: 0.537313
F1_test: 0.538653
 

Arquitectura: _2_3_3_3_3_1_
Semilla: 1788105594
Segundos: 186
NIteraciones: 100000

Costo_train: 0.249878
Precision_train: 0.514825
Recall_train: 0.478098
F1_train: 0.495782

Costo_test: 0.249882
Precision_test: 0.520833
Recall_test: 0.497512
F1_test: 0.508906
 

Arquitectura: _2_3_3_3_3_1_
Semilla: 1788105594
Segundos: 186
NIteraciones: 100000

Costo_train: 0.248178
Precision_train: 0.550562
Recall_train: 0.551940
F1_train: 0.551250

Costo_test: 0.247493
Precision_test: 0.572917
Recall_test: 0.547264
F1_test: 0.559796
 

Arquitectura: _2_3_3_3_3_1_
Semilla: 1788105594
Segundos: 186
NIteraciones: 100000

Costo_train: 0.249922
Precision_train: 0.573134
Recall_train: 0.240300
F1_train: 0.338624

Costo_test: 0.249904
Precision_test: 0.566265
Recall_test: 0.233831
F1_test: 0.330986
 

Arquitectura: _2_3_3_3_3_1_
Semilla: 1788105594
Segundos: 186
NIteraciones: 100000

Costo_train: 0.246945
Precision_train: 0.551637
Recall_train: 0.548185
F1_train: 0.549906

Costo_test: 0.246085
Precision_test: 0.569948
Recall_test: 0.547264
F1_test: 0.558376
 

Arquitectura: _2_3_3_3_3_1_
Semilla: 1788105594
Segundos: 186
NIteraciones: 100000

Costo_train: 0.249993
Precision_train: 0.488000
Recall_train: 0.076345
F1_train: 0.132035

Costo_test: 0.250010
Precision_test: 0.419355
Recall_test: 0.064677
F1_test: 0.112069
 

Arquitectura: _2_3_3_3_3_1_
Semilla: 1788105594
Segundos: 186
NIteraciones: 100000

Costo_train: 0.245980
Precision_train: 0.547219
Recall_train: 0.529412
F1_train: 0.538168

Costo_test: 0.245902
Precision_test: 0.544041
Recall_test: 0.522388
F1_test: 0.532995
 

Arquitectura: _2_3_3_3_3_1_
Semilla: 1788105594
Segundos: 186
NIteraciones: 100000

Costo_train: 0.247048
Precision_train: 0.538378
Recall_train: 0.623279
F1_train: 0.577726

Costo_test: 0.246744
Precision_test: 0.553097
Recall_test: 0.621891
F1_test: 0.585480
 

Arquitectura: _2_3_3_3_3_1_
Semilla: 1788105594
Segundos: 186
NIteraciones: 100000

Costo_train: 0.249811
Precision_train: 0.552529
Recall_train: 0.533166
F1_train: 0.542675

Costo_test: 0.249843
Precision_test: 0.537688
Recall_test: 0.532338
F1_test: 0.535000
 

Arquitectura: _2_3_3_3_3_1_
Semilla: 1788105594
Segundos: 186
NIteraciones: 100000

Costo_train: 0.249183
Precision_train: 0.551674
Recall_train: 0.474343
F1_train: 0.510094

Costo_test: 0.249188
Precision_test: 0.561404
Recall_test: 0.477612
F1_test: 0.516129
 

Arquitectura: _2_3_3_3_3_1_
Semilla: 1788105594
Segundos: 186
NIteraciones: 100000

Costo_train: 0.249810
Precision_train: 0.546632
Recall_train: 0.528160
F1_train: 0.537237

Costo_test: 0.249782
Precision_test: 0.569892
Recall_test: 0.527363
F1_test: 0.547804
 

Arquitectura: _2_3_3_3_3_1_
Semilla: 1788105594
Segundos: 186
NIteraciones: 100000

Costo_train: 0.248005
Precision_train: 0.550129
Recall_train: 0.535670
F1_train: 0.542803

Costo_test: 0.248589
Precision_test: 0.540000
Recall_test: 0.537313
F1_test: 0.538653
 

Arquitectura: _2_3_3_3_3_1_
Semilla: 1788105594
Segundos: 186
NIteraciones: 100000

Costo_train: 0.246695
Precision_train: 0.552239
Recall_train: 0.555695
F1_train: 0.553961

Costo_test: 0.246108
Precision_test: 0.569231
Recall_test: 0.552239
F1_test: 0.560606
 

Arquitectura: _2_3_3_3_3_1_
Semilla: 1788105594
Segundos: 186
NIteraciones: 100000

Costo_train: 0.249210
Precision_train: 0.548969
Recall_train: 0.533166
F1_train: 0.540952

Costo_test: 0.249038
Precision_test: 0.576720
Recall_test: 0.542289
F1_test: 0.558974
 

Arquitectura: _2_3_3_3_3_1_
Semilla: 1788105594
Segundos: 186
NIteraciones: 100000

Costo_train: 0.245987
Precision_train: 0.552283
Recall_train: 0.469337
F1_train: 0.507442

Costo_test: 0.245780
Precision_test: 0.562130
Recall_test: 0.472637
F1_test: 0.513514
 

Arquitectura: _2_3_3_3_3_1_
Semilla: 1788105594
Segundos: 186
NIteraciones: 100000

Costo_train: 0.249295
Precision_train: 0.547649
Recall_train: 0.539424
F1_train: 0.543506

Costo_test: 0.249299
Precision_test: 0.547739
Recall_test: 0.542289
F1_test: 0.545000
 

Arquitectura: _2_3_3_3_3_1_
Semilla: 1788105594
Segundos: 186
NIteraciones: 100000

Costo_train: 0.249868
Precision_train: 0.567878
Recall_train: 0.371715
F1_train: 0.449319

Costo_test: 0.249889
Precision_test: 0.570370
Recall_test: 0.383085
F1_test: 0.458333
 

Arquitectura: _2_3_3_3_3_1_
Semilla: 1788105594
Segundos: 186
NIteraciones: 100000

Costo_train: 0.249222
Precision_train: 0.550633
Recall_train: 0.544431
F1_train: 0.547514

Costo_test: 0.249234
Precision_test: 0.540000
Recall_test: 0.537313
F1_test: 0.538653
 

Arquitectura: _2_3_3_3_3_1_
Semilla: 1788105594
Segundos: 186
NIteraciones: 100000

Costo_train: 0.249980
Precision_train: -nan(ind)
Recall_train: 0.000000
F1_train: -nan(ind)

Costo_test: 0.249971
Precision_test: -nan(ind)
Recall_test: 0.000000
F1_test: -nan(ind)
 

Arquitectura: _2_3_3_3_3_1_
Semilla: 1788105594
Segundos: 186
NIteraciones: 100000

Costo_train: 0.247656
Precision_train: 0.547859
Recall_train: 0.544431
F1_train: 0.546139

Costo_test: 0.248483
Precision_test: 0.536946
Recall_test: 0.542289
F1_test: 0.539604
 

Arquitectura: _2_3_3_3_3_1_
Semilla: 1788105594
Segundos: 186
NIteraciones: 100000

Costo_train: 0.246498
Precision_train: 0.538202
Recall_train: 0.599499
F1_train: 0.567200

Costo_test: 0.246138
Precision_test: 0.559633
Recall_test: 0.606965
F1_test: 0.582339
 

Arquitectura: _2_3_3_3_3_1_
Semilla: 1788105594
Segundos: 186
NIteraciones: 100000

Costo_train: 0.249935
Precision_train: 0.573705
Recall_train: 0.180225
F1_train: 0.274286

Costo_test: 0.249968
Precision_test: 0.551724
Recall_test: 0.159204
F1_test: 0.247104
 

Arquitectura: _2_3_3_3_3_1_
Semilla: 1788105594
Segundos: 186
NIteraciones: 100000

Costo_train: 0.247567
Precision_train: 0.546020
Recall_train: 0.549437
F1_train: 0.547723

Costo_test: 0.248477
Precision_test: 0.539216
Recall_test: 0.547264
F1_test: 0.543210
 

Arquitectura: _2_3_3_3_3_1_
Semilla: 1788105594
Segundos: 186
NIteraciones: 100000

Costo_train: 0.249144
Precision_train: 0.536716
Recall_train: 0.503129
F1_train: 0.519380

Costo_test: 0.249008
Precision_test: 0.532663
Recall_test: 0.527363
F1_test: 0.530000
 

Arquitectura: _2_3_3_3_3_1_
Semilla: 1788105594
Segundos: 186
NIteraciones: 100000

Costo_train: 0.248285
Precision_train: 0.546028
Recall_train: 0.541927
F1_train: 0.543970

Costo_test: 0.248564
Precision_test: 0.539216
Recall_test: 0.547264
F1_test: 0.543210
 

Arquitectura: _2_3_3_3_3_1_
Semilla: 1788105594
Segundos: 186
NIteraciones: 100000

Costo_train: 0.247486
Precision_train: 0.551072
Recall_train: 0.546934
F1_train: 0.548995

Costo_test: 0.247982
Precision_test: 0.540000
Recall_test: 0.537313
F1_test: 0.538653
 

Arquitectura: _2_3_3_3_3_1_
Semilla: 1788105594
Segundos: 186
NIteraciones: 100000

Costo_train: 0.247472
Precision_train: 0.550816
Recall_train: 0.549437
F1_train: 0.550125

Costo_test: 0.248098
Precision_test: 0.540000
Recall_test: 0.537313
F1_test: 0.538653
 

Arquitectura: _2_3_3_3_3_1_
Semilla: 1788105594
Segundos: 186
NIteraciones: 100000

Costo_train: 0.247094
Precision_train: 0.550493
Recall_train: 0.559449
F1_train: 0.554935

Costo_test: 0.245796
Precision_test: 0.571429
Recall_test: 0.557214
F1_test: 0.564232
 

Arquitectura: _2_3_3_3_3_1_
Semilla: 1788105594
Segundos: 186
NIteraciones: 100000

Costo_train: 0.247330
Precision_train: 0.543616
Recall_train: 0.538173
F1_train: 0.540881

Costo_test: 0.246778
Precision_test: 0.574468
Recall_test: 0.537313
F1_test: 0.555270
 

Arquitectura: _2_3_3_3_3_1_
Semilla: 1788105594
Segundos: 186
NIteraciones: 100000

Costo_train: 0.249809
Precision_train: 0.530357
Recall_train: 0.371715
F1_train: 0.437086

Costo_test: 0.249823
Precision_test: 0.556391
Recall_test: 0.368159
F1_test: 0.443114
 

Arquitectura: _2_3_3_3_3_1_
Semilla: 1788105594
Segundos: 186
NIteraciones: 100000

Costo_train: 0.249790
Precision_train: 0.538153
Recall_train: 0.503129
F1_train: 0.520052

Costo_test: 0.249795
Precision_test: 0.529703
Recall_test: 0.532338
F1_test: 0.531017
 

Arquitectura: _2_3_3_3_3_1_
Semilla: 1788105594
Segundos: 186
NIteraciones: 100000

Costo_train: 0.246721
Precision_train: 0.547879
Recall_train: 0.565707
F1_train: 0.556650

Costo_test: 0.246403
Precision_test: 0.570000
Recall_test: 0.567164
F1_test: 0.568579
 

Arquitectura: _2_3_3_3_3_1_
Semilla: 1788105594
Segundos: 186
NIteraciones: 100000

Costo_train: 0.249502
Precision_train: 0.544747
Recall_train: 0.525657
F1_train: 0.535032

Costo_test: 0.249398
Precision_test: 0.540816
Recall_test: 0.527363
F1_test: 0.534005
 

Arquitectura: _2_3_3_3_3_1_
Semilla: 1788105594
Segundos: 186
NIteraciones: 100000

Costo_train: 0.248121
Precision_train: 0.551592
Recall_train: 0.541927
F1_train: 0.546717

Costo_test: 0.248096
Precision_test: 0.548223
Recall_test: 0.537313
F1_test: 0.542714
 

Arquitectura: _2_3_3_3_3_1_
Semilla: 1788105594
Segundos: 186
NIteraciones: 100000

Costo_train: 0.249866
Precision_train: 0.567515
Recall_train: 0.362954
F1_train: 0.442748

Costo_test: 0.249931
Precision_test: 0.540984
Recall_test: 0.328358
F1_test: 0.408669
 

Arquitectura: _2_3_3_3_3_1_
Semilla: 1788105594
Segundos: 186
NIteraciones: 100000

Costo_train: 0.246164
Precision_train: 0.553299
Recall_train: 0.545682
F1_train: 0.549464

Costo_test: 0.246234
Precision_test: 0.542714
Recall_test: 0.537313
F1_test: 0.540000
 

Arquitectura: _2_3_3_3_3_1_
Semilla: 1788105594
Segundos: 186
NIteraciones: 100000

Costo_train: 0.247474
Precision_train: 0.551122
Recall_train: 0.553191
F1_train: 0.552155

Costo_test: 0.248126
Precision_test: 0.540000
Recall_test: 0.537313
F1_test: 0.538653
 

Arquitectura: _2_3_3_3_3_1_
Semilla: 1788105594
Segundos: 186
NIteraciones: 100000

Costo_train: 0.248357
Precision_train: 0.544542
Recall_train: 0.543179
F1_train: 0.543860

Costo_test: 0.248701
Precision_test: 0.536946
Recall_test: 0.542289
F1_test: 0.539604
 

Arquitectura: _2_3_3_3_3_1_
Semilla: 1788105594
Segundos: 186
NIteraciones: 100000

Costo_train: 0.248807
Precision_train: 0.539409
Recall_train: 0.548185
F1_train: 0.543762

Costo_test: 0.248756
Precision_test: 0.545894
Recall_test: 0.562189
F1_test: 0.553922
 

Arquitectura: _2_3_3_3_3_1_
Semilla: 1788105594
Segundos: 186
NIteraciones: 100000

Costo_train: 0.249876
Precision_train: 0.519355
Recall_train: 0.403004
F1_train: 0.453841

Costo_test: 0.249880
Precision_test: 0.520958
Recall_test: 0.432836
F1_test: 0.472826
 

Arquitectura: _2_3_3_3_3_1_
Semilla: 1788105594
Segundos: 186
NIteraciones: 100000

Costo_train: 0.249875
Precision_train: 0.520202
Recall_train: 0.515645
F1_train: 0.517913

Costo_test: 0.249940
Precision_test: 0.510000
Recall_test: 0.507463
F1_test: 0.508728
 

Arquitectura: _2_3_3_3_3_1_
Semilla: 1788105594
Segundos: 186
NIteraciones: 100000

Costo_train: 0.247724
Precision_train: 0.545229
Recall_train: 0.550688
F1_train: 0.547945

Costo_test: 0.248434
Precision_test: 0.539216
Recall_test: 0.547264
F1_test: 0.543210
 

Arquitectura: _2_3_3_3_3_1_
Semilla: 1788105594
Segundos: 186
NIteraciones: 100000

Costo_train: 0.249834
Precision_train: 0.540541
Recall_train: 0.525657
F1_train: 0.532995

Costo_test: 0.249897
Precision_test: 0.529703
Recall_test: 0.532338
F1_test: 0.531017
 

Arquitectura: _2_3_3_3_3_1_
Semilla: 1788105594
Segundos: 186
NIteraciones: 100000

Costo_train: 0.249998
Precision_train: -nan(ind)
Recall_train: 0.000000
F1_train: -nan(ind)

Costo_test: 0.250001
Precision_test: -nan(ind)
Recall_test: 0.000000
F1_test: -nan(ind)
 

Arquitectura: _2_3_3_3_3_1_
Semilla: 1788105594
Segundos: 186
NIteraciones: 100000

Costo_train: 0.247401
Precision_train: 0.548628
Recall_train: 0.550688
F1_train: 0.549656

Costo_test: 0.247952
Precision_test: 0.537313
Recall_test: 0.537313
F1_test: 0.537313
 


--- Test Angosta 5.0 ---
Iteración 10000
Costo: 0.236961
Iteración 20000
Costo: 0.234405
Iteración 30000
Costo: 0.232714
Iteración 40000
Costo: 0.231554
Iteración 50000
Costo: 0.230777
Iteración 60000
Costo: 0.231706
Iteración 70000
Costo: 0.231697
Iteración 80000
Costo: 0.231492
Iteración 90000
Costo: 0.230810

Arquitectura: _2_15_1_
Semilla: 1788105780
Segundos: 56
NIteraciones: 100000

Costo_train: 0.229744
Precision_train: 0.637168
Recall_train: 0.630789
F1_train: 0.633962

Costo_test: 0.237867
Precision_test: 0.593750
Recall_test: 0.567164
F1_test: 0.580153
 

Arquitectura: _2_15_1_
Semilla: 1788105780
Segundos: 56
NIteraciones: 100000

Costo_train: 0.228540
Precision_train: 0.624531
Recall_train: 0.624531
F1_train: 0.624531

Costo_test: 0.240875
Precision_test: 0.610526
Recall_test: 0.577114
F1_test: 0.593350
 

Arquitectura: _2_15_1_
Semilla: 1788105780
Segundos: 56
NIteraciones: 100000

Costo_train: 0.229189
Precision_train: 0.630711
Recall_train: 0.622028
F1_train: 0.626339

Costo_test: 0.236947
Precision_test: 0.602041
Recall_test: 0.587065
F1_test: 0.594458
 

Arquitectura: _2_15_1_
Semilla: 1788105780
Segundos: 56
NIteraciones: 100000

Costo_train: 0.229634
Precision_train: 0.625628
Recall_train: 0.623279
F1_train: 0.624451

Costo_test: 0.241231
Precision_test: 0.582474
Recall_test: 0.562189
F1_test: 0.572152
 

Arquitectura: _2_15_1_
Semilla: 1788105780
Segundos: 56
NIteraciones: 100000

Costo_train: 0.232469
Precision_train: 0.587863
Recall_train: 0.581977
F1_train: 0.584906

Costo_test: 0.248856
Precision_test: 0.556122
Recall_test: 0.542289
F1_test: 0.549118
 

Arquitectura: _2_15_1_
Semilla: 1788105780
Segundos: 56
NIteraciones: 100000

Costo_train: 0.229897
Precision_train: 0.610340
Recall_train: 0.605757
F1_train: 0.608040

Costo_test: 0.239601
Precision_test: 0.595745
Recall_test: 0.557214
F1_test: 0.575835
 

Arquitectura: _2_15_1_
Semilla: 1788105780
Segundos: 56
NIteraciones: 100000

Costo_train: 0.236029
Precision_train: 0.592593
Recall_train: 0.600751
F1_train: 0.596644

Costo_test: 0.242864
Precision_test: 0.595960
Recall_test: 0.587065
F1_test: 0.591479
 

Arquitectura: _2_15_1_
Semilla: 1788105780
Segundos: 56
NIteraciones: 100000

Costo_train: 0.232636
Precision_train: 0.607098
Recall_train: 0.599499
F1_train: 0.603275

Costo_test: 0.249705
Precision_test: 0.563452
Recall_test: 0.552239
F1_test: 0.557789
 

Arquitectura: _2_15_1_
Semilla: 1788105780
Segundos: 56
NIteraciones: 100000

Costo_train: 0.233402
Precision_train: 0.598494
Recall_train: 0.596996
F1_train: 0.597744

Costo_test: 0.248551
Precision_test: 0.552632
Recall_test: 0.522388
F1_test: 0.537084
 

Arquitectura: _2_15_1_
Semilla: 1788105780
Segundos: 56
NIteraciones: 100000

Costo_train: 0.229341
Precision_train: 0.617684
Recall_train: 0.620776
F1_train: 0.619226

Costo_test: 0.237587
Precision_test: 0.578680
Recall_test: 0.567164
F1_test: 0.572864
 

Arquitectura: _2_15_1_
Semilla: 1788105780
Segundos: 56
NIteraciones: 100000

Costo_train: 0.236572
Precision_train: 0.582798
Recall_train: 0.568210
F1_train: 0.575412

Costo_test: 0.249079
Precision_test: 0.566845
Recall_test: 0.527363
F1_test: 0.546392
 

Arquitectura: _2_15_1_
Semilla: 1788105780
Segundos: 56
NIteraciones: 100000

Costo_train: 0.228332
Precision_train: 0.633540
Recall_train: 0.638298
F1_train: 0.635910

Costo_test: 0.236930
Precision_test: 0.598985
Recall_test: 0.587065
F1_test: 0.592965
 

Arquitectura: _2_15_1_
Semilla: 1788105780
Segundos: 56
NIteraciones: 100000

Costo_train: 0.231223
Precision_train: 0.630653
Recall_train: 0.628285
F1_train: 0.629467

Costo_test: 0.238304
Precision_test: 0.587629
Recall_test: 0.567164
F1_test: 0.577215
 

Arquitectura: _2_15_1_
Semilla: 1788105780
Segundos: 56
NIteraciones: 100000

Costo_train: 0.230243
Precision_train: 0.606784
Recall_train: 0.604506
F1_train: 0.605643

Costo_test: 0.245176
Precision_test: 0.586957
Recall_test: 0.537313
F1_test: 0.561039
 

Arquitectura: _2_15_1_
Semilla: 1788105780
Segundos: 56
NIteraciones: 100000

Costo_train: 0.232656
Precision_train: 0.607891
Recall_train: 0.617021
F1_train: 0.612422

Costo_test: 0.242015
Precision_test: 0.564356
Recall_test: 0.567164
F1_test: 0.565757
 

Arquitectura: _2_15_1_
Semilla: 1788105780
Segundos: 56
NIteraciones: 100000

Costo_train: 0.228784
Precision_train: 0.615861
Recall_train: 0.622028
F1_train: 0.618929

Costo_test: 0.241975
Precision_test: 0.601036
Recall_test: 0.577114
F1_test: 0.588832
 

Arquitectura: _2_15_1_
Semilla: 1788105780
Segundos: 56
NIteraciones: 100000

Costo_train: 0.229837
Precision_train: 0.623011
Recall_train: 0.637046
F1_train: 0.629951

Costo_test: 0.240270
Precision_test: 0.574359
Recall_test: 0.557214
F1_test: 0.565657
 

Arquitectura: _2_15_1_
Semilla: 1788105780
Segundos: 56
NIteraciones: 100000

Costo_train: 0.231997
Precision_train: 0.610406
Recall_train: 0.602003
F1_train: 0.606175

Costo_test: 0.244317
Precision_test: 0.597884
Recall_test: 0.562189
F1_test: 0.579487
 

Arquitectura: _2_15_1_
Semilla: 1788105780
Segundos: 56
NIteraciones: 100000

Costo_train: 0.227861
Precision_train: 0.635443
Recall_train: 0.628285
F1_train: 0.631844

Costo_test: 0.238168
Precision_test: 0.621762
Recall_test: 0.597015
F1_test: 0.609137
 

Arquitectura: _2_15_1_
Semilla: 1788105780
Segundos: 56
NIteraciones: 100000

Costo_train: 0.229233
Precision_train: 0.621212
Recall_train: 0.615770
F1_train: 0.618479

Costo_test: 0.240267
Precision_test: 0.578680
Recall_test: 0.567164
F1_test: 0.572864
 

Arquitectura: _2_15_1_
Semilla: 1788105780
Segundos: 56
NIteraciones: 100000

Costo_train: 0.230035
Precision_train: 0.615104
Recall_train: 0.632040
F1_train: 0.623457

Costo_test: 0.243686
Precision_test: 0.586735
Recall_test: 0.572139
F1_test: 0.579345
 

Arquitectura: _2_15_1_
Semilla: 1788105780
Segundos: 56
NIteraciones: 100000

Costo_train: 0.231665
Precision_train: 0.602217
Recall_train: 0.612015
F1_train: 0.607076

Costo_test: 0.246862
Precision_test: 0.578199
Recall_test: 0.606965
F1_test: 0.592233
 

Arquitectura: _2_15_1_
Semilla: 1788105780
Segundos: 56
NIteraciones: 100000

Costo_train: 0.230530
Precision_train: 0.616352
Recall_train: 0.613267
F1_train: 0.614806

Costo_test: 0.239303
Precision_test: 0.569231
Recall_test: 0.552239
F1_test: 0.560606
 

Arquitectura: _2_15_1_
Semilla: 1788105780
Segundos: 56
NIteraciones: 100000

Costo_train: 0.231729
Precision_train: 0.596977
Recall_train: 0.593242
F1_train: 0.595104

Costo_test: 0.240329
Precision_test: 0.586735
Recall_test: 0.572139
F1_test: 0.579345
 

Arquitectura: _2_15_1_
Semilla: 1788105780
Segundos: 56
NIteraciones: 100000

Costo_train: 0.232279
Precision_train: 0.604192
Recall_train: 0.613267
F1_train: 0.608696

Costo_test: 0.238605
Precision_test: 0.592784
Recall_test: 0.572139
F1_test: 0.582278
 

Arquitectura: _2_15_1_
Semilla: 1788105780
Segundos: 56
NIteraciones: 100000

Costo_train: 0.232499
Precision_train: 0.598750
Recall_train: 0.599499
F1_train: 0.599124

Costo_test: 0.243891
Precision_test: 0.594595
Recall_test: 0.547264
F1_test: 0.569948
 

Arquitectura: _2_15_1_
Semilla: 1788105780
Segundos: 56
NIteraciones: 100000

Costo_train: 0.232236
Precision_train: 0.581454
Recall_train: 0.580726
F1_train: 0.581090

Costo_test: 0.241726
Precision_test: 0.572139
Recall_test: 0.572139
F1_test: 0.572139
 

Arquitectura: _2_15_1_
Semilla: 1788105780
Segundos: 56
NIteraciones: 100000

Costo_train: 0.231794
Precision_train: 0.602190
Recall_train: 0.619524
F1_train: 0.610734

Costo_test: 0.241672
Precision_test: 0.601010
Recall_test: 0.592040
F1_test: 0.596491
 

Arquitectura: _2_15_1_
Semilla: 1788105780
Segundos: 56
NIteraciones: 100000

Costo_train: 0.232572
Precision_train: 0.608158
Recall_train: 0.615770
F1_train: 0.611940

Costo_test: 0.244123
Precision_test: 0.576923
Recall_test: 0.522388
F1_test: 0.548303
 

Arquitectura: _2_15_1_
Semilla: 1788105780
Segundos: 56
NIteraciones: 100000

Costo_train: 0.229938
Precision_train: 0.612144
Recall_train: 0.618273
F1_train: 0.615193

Costo_test: 0.240072
Precision_test: 0.570707
Recall_test: 0.562189
F1_test: 0.566416
 

Arquitectura: _2_15_1_
Semilla: 1788105780
Segundos: 56
NIteraciones: 100000

Costo_train: 0.233466
Precision_train: 0.595092
Recall_train: 0.607009
F1_train: 0.600991

Costo_test: 0.244952
Precision_test: 0.601036
Recall_test: 0.577114
F1_test: 0.588832
 

Arquitectura: _2_15_1_
Semilla: 1788105780
Segundos: 56
NIteraciones: 100000

Costo_train: 0.232180
Precision_train: 0.558491
Recall_train: 0.555695
F1_train: 0.557089

Costo_test: 0.238197
Precision_test: 0.560000
Recall_test: 0.557214
F1_test: 0.558603
 

Arquitectura: _2_15_1_
Semilla: 1788105780
Segundos: 56
NIteraciones: 100000

Costo_train: 0.231096
Precision_train: 0.614035
Recall_train: 0.613267
F1_train: 0.613651

Costo_test: 0.244119
Precision_test: 0.594595
Recall_test: 0.547264
F1_test: 0.569948
 

Arquitectura: _2_15_1_
Semilla: 1788105780
Segundos: 56
NIteraciones: 100000

Costo_train: 0.230242
Precision_train: 0.606658
Recall_train: 0.615770
F1_train: 0.611180

Costo_test: 0.238175
Precision_test: 0.602041
Recall_test: 0.587065
F1_test: 0.594458
 

Arquitectura: _2_15_1_
Semilla: 1788105780
Segundos: 56
NIteraciones: 100000

Costo_train: 0.229934
Precision_train: 0.615960
Recall_train: 0.618273
F1_train: 0.617114

Costo_test: 0.242603
Precision_test: 0.591623
Recall_test: 0.562189
F1_test: 0.576531
 

Arquitectura: _2_15_1_
Semilla: 1788105780
Segundos: 56
NIteraciones: 100000

Costo_train: 0.229913
Precision_train: 0.631910
Recall_train: 0.629537
F1_train: 0.630721

Costo_test: 0.239267
Precision_test: 0.587940
Recall_test: 0.582090
F1_test: 0.585000
 

Arquitectura: _2_15_1_
Semilla: 1788105780
Segundos: 56
NIteraciones: 100000

Costo_train: 0.228355
Precision_train: 0.632911
Recall_train: 0.625782
F1_train: 0.629327

Costo_test: 0.240280
Precision_test: 0.606218
Recall_test: 0.582090
F1_test: 0.593909
 

Arquitectura: _2_15_1_
Semilla: 1788105780
Segundos: 56
NIteraciones: 100000

Costo_train: 0.231045
Precision_train: 0.615290
Recall_train: 0.624531
F1_train: 0.619876

Costo_test: 0.238284
Precision_test: 0.578125
Recall_test: 0.552239
F1_test: 0.564885
 

Arquitectura: _2_15_1_
Semilla: 1788105780
Segundos: 56
NIteraciones: 100000

Costo_train: 0.227352
Precision_train: 0.628352
Recall_train: 0.615770
F1_train: 0.621997

Costo_test: 0.238901
Precision_test: 0.602041
Recall_test: 0.587065
F1_test: 0.594458
 

Arquitectura: _2_15_1_
Semilla: 1788105780
Segundos: 56
NIteraciones: 100000

Costo_train: 0.233363
Precision_train: 0.606410
Recall_train: 0.591990
F1_train: 0.599113

Costo_test: 0.238450
Precision_test: 0.591623
Recall_test: 0.562189
F1_test: 0.576531
 

Arquitectura: _2_15_1_
Semilla: 1788105780
Segundos: 56
NIteraciones: 100000

Costo_train: 0.232855
Precision_train: 0.603254
Recall_train: 0.603254
F1_train: 0.603254

Costo_test: 0.249357
Precision_test: 0.568528
Recall_test: 0.557214
F1_test: 0.562814
 

Arquitectura: _2_15_1_
Semilla: 1788105780
Segundos: 56
NIteraciones: 100000

Costo_train: 0.233653
Precision_train: 0.606023
Recall_train: 0.604506
F1_train: 0.605263

Costo_test: 0.242134
Precision_test: 0.608696
Recall_test: 0.557214
F1_test: 0.581818
 

Arquitectura: _2_15_1_
Semilla: 1788105780
Segundos: 56
NIteraciones: 100000

Costo_train: 0.230808
Precision_train: 0.614035
Recall_train: 0.613267
F1_train: 0.613651

Costo_test: 0.240047
Precision_test: 0.606218
Recall_test: 0.582090
F1_test: 0.593909
 

Arquitectura: _2_15_1_
Semilla: 1788105780
Segundos: 56
NIteraciones: 100000

Costo_train: 0.234870
Precision_train: 0.587224
Recall_train: 0.598248
F1_train: 0.592684

Costo_test: 0.248354
Precision_test: 0.548223
Recall_test: 0.537313
F1_test: 0.542714
 

Arquitectura: _2_15_1_
Semilla: 1788105780
Segundos: 56
NIteraciones: 100000

Costo_train: 0.232414
Precision_train: 0.640827
Recall_train: 0.620776
F1_train: 0.630642

Costo_test: 0.238153
Precision_test: 0.614583
Recall_test: 0.587065
F1_test: 0.600509
 

Arquitectura: _2_15_1_
Semilla: 1788105780
Segundos: 56
NIteraciones: 100000

Costo_train: 0.229824
Precision_train: 0.580726
Recall_train: 0.580726
F1_train: 0.580726

Costo_test: 0.240382
Precision_test: 0.598930
Recall_test: 0.557214
F1_test: 0.577320
 

Arquitectura: _2_15_1_
Semilla: 1788105780
Segundos: 56
NIteraciones: 100000

Costo_train: 0.227301
Precision_train: 0.627673
Recall_train: 0.624531
F1_train: 0.626098

Costo_test: 0.239207
Precision_test: 0.611399
Recall_test: 0.587065
F1_test: 0.598985
 

Arquitectura: _2_15_1_
Semilla: 1788105780
Segundos: 56
NIteraciones: 100000

Costo_train: 0.230887
Precision_train: 0.609394
Recall_train: 0.617021
F1_train: 0.613184

Costo_test: 0.240324
Precision_test: 0.587629
Recall_test: 0.567164
F1_test: 0.577215
 

Arquitectura: _2_15_1_
Semilla: 1788105780
Segundos: 56
NIteraciones: 100000

Costo_train: 0.230074
Precision_train: 0.618634
Recall_train: 0.623279
F1_train: 0.620948

Costo_test: 0.241583
Precision_test: 0.563725
Recall_test: 0.572139
F1_test: 0.567901
 

Arquitectura: _2_15_1_
Semilla: 1788105780
Segundos: 56
NIteraciones: 100000

Costo_train: 0.228214
Precision_train: 0.592172
Recall_train: 0.586984
F1_train: 0.589566

Costo_test: 0.238220
Precision_test: 0.583333
Recall_test: 0.557214
F1_test: 0.569975
 

Arquitectura: _2_15_1_
Semilla: 1788105780
Segundos: 56
NIteraciones: 100000

Costo_train: 0.229971
Precision_train: 0.617128
Recall_train: 0.613267
F1_train: 0.615191

Costo_test: 0.242288
Precision_test: 0.562814
Recall_test: 0.557214
F1_test: 0.560000
 

Arquitectura: _2_15_1_
Semilla: 1788105780
Segundos: 56
NIteraciones: 100000

Costo_train: 0.232886
Precision_train: 0.605651
Recall_train: 0.617021
F1_train: 0.611283

Costo_test: 0.244152
Precision_test: 0.578125
Recall_test: 0.552239
F1_test: 0.564885
 

Arquitectura: _2_15_1_
Semilla: 1788105780
Segundos: 56
NIteraciones: 100000

Costo_train: 0.229075
Precision_train: 0.630050
Recall_train: 0.624531
F1_train: 0.627278

Costo_test: 0.238983
Precision_test: 0.598958
Recall_test: 0.572139
F1_test: 0.585242
 

Arquitectura: _2_15_1_
Semilla: 1788105780
Segundos: 56
NIteraciones: 100000

Costo_train: 0.230514
Precision_train: 0.615482
Recall_train: 0.607009
F1_train: 0.611216

Costo_test: 0.238760
Precision_test: 0.593909
Recall_test: 0.582090
F1_test: 0.587940
 

Arquitectura: _2_15_1_
Semilla: 1788105780
Segundos: 56
NIteraciones: 100000

Costo_train: 0.230132
Precision_train: 0.609572
Recall_train: 0.605757
F1_train: 0.607659

Costo_test: 0.244329
Precision_test: 0.602151
Recall_test: 0.557214
F1_test: 0.578811
 

Arquitectura: _2_15_1_
Semilla: 1788105780
Segundos: 56
NIteraciones: 100000

Costo_train: 0.229109
Precision_train: 0.620948
Recall_train: 0.623279
F1_train: 0.622111

Costo_test: 0.241136
Precision_test: 0.603261
Recall_test: 0.552239
F1_test: 0.576623
 

Arquitectura: _2_15_1_
Semilla: 1788105780
Segundos: 56
NIteraciones: 100000

Costo_train: 0.231033
Precision_train: 0.610905
Recall_train: 0.617021
F1_train: 0.613948

Costo_test: 0.243350
Precision_test: 0.600000
Recall_test: 0.567164
F1_test: 0.583120
 

Arquitectura: _2_15_1_
Semilla: 1788105780
Segundos: 56
NIteraciones: 100000

Costo_train: 0.232719
Precision_train: 0.572864
Recall_train: 0.570713
F1_train: 0.571787

Costo_test: 0.239152
Precision_test: 0.588832
Recall_test: 0.577114
F1_test: 0.582915
 

Arquitectura: _2_15_1_
Semilla: 1788105780
Segundos: 56
NIteraciones: 100000

Costo_train: 0.232290
Precision_train: 0.598027
Recall_train: 0.607009
F1_train: 0.602484

Costo_test: 0.243561
Precision_test: 0.578947
Recall_test: 0.547264
F1_test: 0.562660
 

Arquitectura: _2_15_1_
Semilla: 1788105780
Segundos: 56
NIteraciones: 100000

Costo_train: 0.233217
Precision_train: 0.597531
Recall_train: 0.605757
F1_train: 0.601616

Costo_test: 0.243115
Precision_test: 0.596939
Recall_test: 0.582090
F1_test: 0.589421
 

Arquitectura: _2_15_1_
Semilla: 1788105780
Segundos: 56
NIteraciones: 100000

Costo_train: 0.230346
Precision_train: 0.616774
Recall_train: 0.598248
F1_train: 0.607370

Costo_test: 0.242215
Precision_test: 0.568528
Recall_test: 0.557214
F1_test: 0.562814
 

Arquitectura: _2_15_1_
Semilla: 1788105780
Segundos: 56
NIteraciones: 100000

Costo_train: 0.236253
Precision_train: 0.613692
Recall_train: 0.628285
F1_train: 0.620903

Costo_test: 0.241774
Precision_test: 0.567708
Recall_test: 0.542289
F1_test: 0.554707
 

Arquitectura: _2_15_1_
Semilla: 1788105780
Segundos: 56
NIteraciones: 100000

Costo_train: 0.230016
Precision_train: 0.612069
Recall_train: 0.622028
F1_train: 0.617008

Costo_test: 0.243683
Precision_test: 0.601064
Recall_test: 0.562189
F1_test: 0.580977
 

Arquitectura: _2_15_1_
Semilla: 1788105780
Segundos: 56
NIteraciones: 100000

Costo_train: 0.231516
Precision_train: 0.612500
Recall_train: 0.613267
F1_train: 0.612883

Costo_test: 0.240233
Precision_test: 0.597884
Recall_test: 0.562189
F1_test: 0.579487
 

Arquitectura: _2_15_1_
Semilla: 1788105780
Segundos: 56
NIteraciones: 100000

Costo_train: 0.230006
Precision_train: 0.613665
Recall_train: 0.618273
F1_train: 0.615960

Costo_test: 0.242228
Precision_test: 0.575916
Recall_test: 0.547264
F1_test: 0.561224
 

Arquitectura: _2_15_1_
Semilla: 1788105780
Segundos: 56
NIteraciones: 100000

Costo_train: 0.231506
Precision_train: 0.597033
Recall_train: 0.604506
F1_train: 0.600746

Costo_test: 0.240132
Precision_test: 0.584158
Recall_test: 0.587065
F1_test: 0.585608
 

Arquitectura: _2_15_1_
Semilla: 1788105780
Segundos: 56
NIteraciones: 100000

Costo_train: 0.228499
Precision_train: 0.625000
Recall_train: 0.625782
F1_train: 0.625391

Costo_test: 0.240510
Precision_test: 0.612565
Recall_test: 0.582090
F1_test: 0.596939
 

Arquitectura: _2_15_1_
Semilla: 1788105780
Segundos: 56
NIteraciones: 100000

Costo_train: 0.230160
Precision_train: 0.613316
Recall_train: 0.599499
F1_train: 0.606329

Costo_test: 0.238533
Precision_test: 0.598958
Recall_test: 0.572139
F1_test: 0.585242
 

Arquitectura: _2_15_1_
Semilla: 1788105780
Segundos: 56
NIteraciones: 100000

Costo_train: 0.229770
Precision_train: 0.621347
Recall_train: 0.612015
F1_train: 0.616646

Costo_test: 0.242043
Precision_test: 0.570000
Recall_test: 0.567164
F1_test: 0.568579
 

Arquitectura: _2_15_1_
Semilla: 1788105780
Segundos: 56
NIteraciones: 100000

Costo_train: 0.234643
Precision_train: 0.590542
Recall_train: 0.640801
F1_train: 0.614646

Costo_test: 0.246130
Precision_test: 0.585492
Recall_test: 0.562189
F1_test: 0.573604
 

Arquitectura: _2_15_1_
Semilla: 1788105780
Segundos: 56
NIteraciones: 100000

Costo_train: 0.234230
Precision_train: 0.589844
Recall_train: 0.566959
F1_train: 0.578175

Costo_test: 0.248541
Precision_test: 0.560847
Recall_test: 0.527363
F1_test: 0.543590
 

Arquitectura: _2_15_1_
Semilla: 1788105780
Segundos: 56
NIteraciones: 100000

Costo_train: 0.229381
Precision_train: 0.616751
Recall_train: 0.608260
F1_train: 0.612476

Costo_test: 0.240462
Precision_test: 0.577320
Recall_test: 0.557214
F1_test: 0.567089
 

Arquitectura: _2_15_1_
Semilla: 1788105780
Segundos: 56
NIteraciones: 100000

Costo_train: 0.229892
Precision_train: 0.602258
Recall_train: 0.600751
F1_train: 0.601504

Costo_test: 0.244542
Precision_test: 0.589474
Recall_test: 0.557214
F1_test: 0.572890
 

Arquitectura: _2_15_1_
Semilla: 1788105780
Segundos: 56
NIteraciones: 100000

Costo_train: 0.234364
Precision_train: 0.595849
Recall_train: 0.610763
F1_train: 0.603214

Costo_test: 0.248271
Precision_test: 0.565000
Recall_test: 0.562189
F1_test: 0.563591
 

Arquitectura: _2_15_1_
Semilla: 1788105780
Segundos: 56
NIteraciones: 100000

Costo_train: 0.227446
Precision_train: 0.639752
Recall_train: 0.644556
F1_train: 0.642145

Costo_test: 0.239165
Precision_test: 0.623037
Recall_test: 0.592040
F1_test: 0.607143
 

Arquitectura: _2_15_1_
Semilla: 1788105780
Segundos: 56
NIteraciones: 100000

Costo_train: 0.233116
Precision_train: 0.603912
Recall_train: 0.618273
F1_train: 0.611008

Costo_test: 0.247419
Precision_test: 0.579208
Recall_test: 0.582090
F1_test: 0.580645
 

Arquitectura: _2_15_1_
Semilla: 1788105780
Segundos: 56
NIteraciones: 100000

Costo_train: 0.233564
Precision_train: 0.597772
Recall_train: 0.604506
F1_train: 0.601120

Costo_test: 0.248109
Precision_test: 0.553398
Recall_test: 0.567164
F1_test: 0.560197
 

Arquitectura: _2_15_1_
Semilla: 1788105780
Segundos: 56
NIteraciones: 100000

Costo_train: 0.233661
Precision_train: 0.609181
Recall_train: 0.614518
F1_train: 0.611838

Costo_test: 0.248328
Precision_test: 0.562814
Recall_test: 0.557214
F1_test: 0.560000
 

Arquitectura: _2_15_1_
Semilla: 1788105780
Segundos: 56
NIteraciones: 100000

Costo_train: 0.233836
Precision_train: 0.574282
Recall_train: 0.575720
F1_train: 0.575000

Costo_test: 0.243071
Precision_test: 0.515152
Recall_test: 0.507463
F1_test: 0.511278
 

Arquitectura: _2_15_1_
Semilla: 1788105780
Segundos: 56
NIteraciones: 100000

Costo_train: 0.230355
Precision_train: 0.585732
Recall_train: 0.585732
F1_train: 0.585732

Costo_test: 0.241034
Precision_test: 0.591160
Recall_test: 0.532338
F1_test: 0.560209
 

Arquitectura: _2_15_1_
Semilla: 1788105780
Segundos: 56
NIteraciones: 100000

Costo_train: 0.230257
Precision_train: 0.606516
Recall_train: 0.605757
F1_train: 0.606137

Costo_test: 0.241091
Precision_test: 0.582090
Recall_test: 0.582090
F1_test: 0.582090
 

Arquitectura: _2_15_1_
Semilla: 1788105780
Segundos: 56
NIteraciones: 100000

Costo_train: 0.231430
Precision_train: 0.593199
Recall_train: 0.589487
F1_train: 0.591337

Costo_test: 0.244168
Precision_test: 0.579235
Recall_test: 0.527363
F1_test: 0.552083
 

Arquitectura: _2_15_1_
Semilla: 1788105780
Segundos: 56
NIteraciones: 100000

Costo_train: 0.232998
Precision_train: 0.602190
Recall_train: 0.619524
F1_train: 0.610734

Costo_test: 0.241692
Precision_test: 0.556650
Recall_test: 0.562189
F1_test: 0.559406
 

Arquitectura: _2_15_1_
Semilla: 1788105780
Segundos: 56
NIteraciones: 100000

Costo_train: 0.231205
Precision_train: 0.600737
Recall_train: 0.612015
F1_train: 0.606324

Costo_test: 0.239349
Precision_test: 0.569149
Recall_test: 0.532338
F1_test: 0.550129
 

Arquitectura: _2_15_1_
Semilla: 1788105780
Segundos: 56
NIteraciones: 100000

Costo_train: 0.229419
Precision_train: 0.625313
Recall_train: 0.624531
F1_train: 0.624922

Costo_test: 0.240892
Precision_test: 0.572917
Recall_test: 0.547264
F1_test: 0.559796
 

Arquitectura: _2_15_1_
Semilla: 1788105780
Segundos: 56
NIteraciones: 100000

Costo_train: 0.231177
Precision_train: 0.609069
Recall_train: 0.622028
F1_train: 0.615480

Costo_test: 0.245559
Precision_test: 0.575130
Recall_test: 0.552239
F1_test: 0.563452
 

Arquitectura: _2_15_1_
Semilla: 1788105780
Segundos: 56
NIteraciones: 100000

Costo_train: 0.230197
Precision_train: 0.589809
Recall_train: 0.579474
F1_train: 0.584596

Costo_test: 0.241849
Precision_test: 0.593583
Recall_test: 0.552239
F1_test: 0.572165
 

Arquitectura: _2_15_1_
Semilla: 1788105780
Segundos: 56
NIteraciones: 100000

Costo_train: 0.231869
Precision_train: 0.619593
Recall_train: 0.609512
F1_train: 0.614511

Costo_test: 0.241958
Precision_test: 0.570000
Recall_test: 0.567164
F1_test: 0.568579
 

Arquitectura: _2_15_1_
Semilla: 1788105780
Segundos: 56
NIteraciones: 100000

Costo_train: 0.230253
Precision_train: 0.603034
Recall_train: 0.596996
F1_train: 0.600000

Costo_test: 0.238192
Precision_test: 0.577320
Recall_test: 0.557214
F1_test: 0.567089
 

Arquitectura: _2_15_1_
Semilla: 1788105780
Segundos: 56
NIteraciones: 100000

Costo_train: 0.230265
Precision_train: 0.608696
Recall_train: 0.613267
F1_train: 0.610973

Costo_test: 0.244291
Precision_test: 0.607527
Recall_test: 0.562189
F1_test: 0.583979
 

Arquitectura: _2_15_1_
Semilla: 1788105780
Segundos: 56
NIteraciones: 100000

Costo_train: 0.227488
Precision_train: 0.628827
Recall_train: 0.617021
F1_train: 0.622868

Costo_test: 0.239174
Precision_test: 0.601010
Recall_test: 0.592040
F1_test: 0.596491
 

Arquitectura: _2_15_1_
Semilla: 1788105780
Segundos: 56
NIteraciones: 100000

Costo_train: 0.232710
Precision_train: 0.598002
Recall_train: 0.599499
F1_train: 0.598750

Costo_test: 0.242758
Precision_test: 0.607330
Recall_test: 0.577114
F1_test: 0.591837
 

Arquitectura: _2_15_1_
Semilla: 1788105780
Segundos: 56
NIteraciones: 100000

Costo_train: 0.231255
Precision_train: 0.617128
Recall_train: 0.613267
F1_train: 0.615191

Costo_test: 0.240820
Precision_test: 0.600000
Recall_test: 0.582090
F1_test: 0.590909
 

Arquitectura: _2_15_1_
Semilla: 1788105780
Segundos: 56
NIteraciones: 100000

Costo_train: 0.230284
Precision_train: 0.620000
Recall_train: 0.620776
F1_train: 0.620388

Costo_test: 0.242296
Precision_test: 0.567010
Recall_test: 0.547264
F1_test: 0.556962
 

Arquitectura: _2_15_1_
Semilla: 1788105780
Segundos: 56
NIteraciones: 100000

Costo_train: 0.235340
Precision_train: 0.597324
Recall_train: 0.614518
F1_train: 0.605799

Costo_test: 0.248596
Precision_test: 0.564593
Recall_test: 0.587065
F1_test: 0.575610
 

Arquitectura: _2_15_1_
Semilla: 1788105780
Segundos: 56
NIteraciones: 100000

Costo_train: 0.234758
Precision_train: 0.596774
Recall_train: 0.648310
F1_train: 0.621476

Costo_test: 0.246131
Precision_test: 0.585859
Recall_test: 0.577114
F1_test: 0.581454
 

Arquitectura: _2_15_1_
Semilla: 1788105780
Segundos: 56
NIteraciones: 100000

Costo_train: 0.231003
Precision_train: 0.626263
Recall_train: 0.620776
F1_train: 0.623507

Costo_test: 0.238275
Precision_test: 0.572917
Recall_test: 0.547264
F1_test: 0.559796
 

Arquitectura: _2_15_1_
Semilla: 1788105780
Segundos: 56
NIteraciones: 100000

Costo_train: 0.232338
Precision_train: 0.600499
Recall_train: 0.602003
F1_train: 0.601250

Costo_test: 0.249521
Precision_test: 0.567839
Recall_test: 0.562189
F1_test: 0.565000
 

Arquitectura: _2_15_1_
Semilla: 1788105780
Segundos: 56
NIteraciones: 100000

Costo_train: 0.231641
Precision_train: 0.600248
Recall_train: 0.607009
F1_train: 0.603609

Costo_test: 0.238798
Precision_test: 0.586735
Recall_test: 0.572139
F1_test: 0.579345
 

Arquitectura: _2_15_1_
Semilla: 1788105780
Segundos: 56
NIteraciones: 100000

Costo_train: 0.233044
Precision_train: 0.595797
Recall_train: 0.603254
F1_train: 0.599503

Costo_test: 0.245222
Precision_test: 0.581152
Recall_test: 0.552239
F1_test: 0.566327
 


--- Test Profunda 5.0 ---
Iteración 10000
Costo: 0.250034
Iteración 20000
Costo: 0.250030
Iteración 30000
Costo: 0.250027
Iteración 40000
Costo: 0.250024
Iteración 50000
Costo: 0.250021
Iteración 60000
Costo: 0.250019
Iteración 70000
Costo: 0.250017
Iteración 80000
Costo: 0.250015
Iteración 90000
Costo: 0.250013

Arquitectura: _2_3_3_3_3_3_1_
Semilla: 1788105836
Segundos: 232
NIteraciones: 100000

Costo_train: 0.250012
Precision_train: -nan(ind)
Recall_train: 0.000000
F1_train: -nan(ind)

Costo_test: 0.250029
Precision_test: -nan(ind)
Recall_test: 0.000000
F1_test: -nan(ind)
 

Arquitectura: _2_3_3_3_3_3_1_
Semilla: 1788105836
Segundos: 232
NIteraciones: 100000

Costo_train: 0.249973
Precision_train: 1.000000
Recall_train: 0.055069
F1_train: 0.104389

Costo_test: 0.249963
Precision_test: 1.000000
Recall_test: 0.049751
F1_test: 0.094787
 

Arquitectura: _2_3_3_3_3_3_1_
Semilla: 1788105836
Segundos: 232
NIteraciones: 100000

Costo_train: 0.249933
Precision_train: 0.543396
Recall_train: 0.360451
F1_train: 0.433409

Costo_test: 0.249925
Precision_test: 0.545455
Recall_test: 0.388060
F1_test: 0.453488
 

Arquitectura: _2_3_3_3_3_3_1_
Semilla: 1788105836
Segundos: 232
NIteraciones: 100000

Costo_train: 0.249968
Precision_train: 0.549296
Recall_train: 0.048811
F1_train: 0.089655

Costo_test: 0.249980
Precision_test: 0.388889
Recall_test: 0.034826
F1_test: 0.063927
 

Arquitectura: _2_3_3_3_3_3_1_
Semilla: 1788105836
Segundos: 232
NIteraciones: 100000

Costo_train: 0.249999
Precision_train: -nan(ind)
Recall_train: 0.000000
F1_train: -nan(ind)

Costo_test: 0.250004
Precision_test: -nan(ind)
Recall_test: 0.000000
F1_test: -nan(ind)
 

Arquitectura: _2_3_3_3_3_3_1_
Semilla: 1788105836
Segundos: 232
NIteraciones: 100000

Costo_train: 0.249924
Precision_train: 0.562945
Recall_train: 0.296621
F1_train: 0.388525

Costo_test: 0.249948
Precision_test: 0.548077
Recall_test: 0.283582
F1_test: 0.373771
 

Arquitectura: _2_3_3_3_3_3_1_
Semilla: 1788105836
Segundos: 232
NIteraciones: 100000

Costo_train: 0.249976
Precision_train: -nan(ind)
Recall_train: 0.000000
F1_train: -nan(ind)

Costo_test: 0.249976
Precision_test: -nan(ind)
Recall_test: 0.000000
F1_test: -nan(ind)
 

Arquitectura: _2_3_3_3_3_3_1_
Semilla: 1788105836
Segundos: 232
NIteraciones: 100000

Costo_train: 0.250002
Precision_train: -nan(ind)
Recall_train: 0.000000
F1_train: -nan(ind)

Costo_test: 0.250010
Precision_test: -nan(ind)
Recall_test: 0.000000
F1_test: -nan(ind)
 

Arquitectura: _2_3_3_3_3_3_1_
Semilla: 1788105836
Segundos: 232
NIteraciones: 100000

Costo_train: 0.249997
Precision_train: -nan(ind)
Recall_train: 0.000000
F1_train: -nan(ind)

Costo_test: 0.249994
Precision_test: -nan(ind)
Recall_test: 0.000000
F1_test: -nan(ind)
 

Arquitectura: _2_3_3_3_3_3_1_
Semilla: 1788105836
Segundos: 232
NIteraciones: 100000

Costo_train: 0.249608
Precision_train: 0.553885
Recall_train: 0.553191
F1_train: 0.553538

Costo_test: 0.249463
Precision_test: 0.575130
Recall_test: 0.552239
F1_test: 0.563452
 

Arquitectura: _2_3_3_3_3_3_1_
Semilla: 1788105836
Segundos: 232
NIteraciones: 100000

Costo_train: 0.250006
Precision_train: -nan(ind)
Recall_train: 0.000000
F1_train: -nan(ind)

Costo_test: 0.250016
Precision_test: -nan(ind)
Recall_test: 0.000000
F1_test: -nan(ind)
 

Arquitectura: _2_3_3_3_3_3_1_
Semilla: 1788105836
Segundos: 232
NIteraciones: 100000

Costo_train: 0.249986
Precision_train: -nan(ind)
Recall_train: 0.000000
F1_train: -nan(ind)

Costo_test: 0.249989
Precision_test: -nan(ind)
Recall_test: 0.000000
F1_test: -nan(ind)
 

Arquitectura: _2_3_3_3_3_3_1_
Semilla: 1788105836
Segundos: 232
NIteraciones: 100000

Costo_train: 0.249995
Precision_train: -nan(ind)
Recall_train: 0.000000
F1_train: -nan(ind)

Costo_test: 0.250006
Precision_test: -nan(ind)
Recall_test: 0.000000
F1_test: -nan(ind)
 

Arquitectura: _2_3_3_3_3_3_1_
Semilla: 1788105836
Segundos: 232
NIteraciones: 100000

Costo_train: 0.249999
Precision_train: -nan(ind)
Recall_train: 0.000000
F1_train: -nan(ind)

Costo_test: 0.250002
Precision_test: -nan(ind)
Recall_test: 0.000000
F1_test: -nan(ind)
 

Arquitectura: _2_3_3_3_3_3_1_
Semilla: 1788105836
Segundos: 232
NIteraciones: 100000

Costo_train: 0.249997
Precision_train: -nan(ind)
Recall_train: 0.000000
F1_train: -nan(ind)

Costo_test: 0.249998
Precision_test: -nan(ind)
Recall_test: 0.000000
F1_test: -nan(ind)
 

Arquitectura: _2_3_3_3_3_3_1_
Semilla: 1788105836
Segundos: 232
NIteraciones: 100000

Costo_train: 0.249992
Precision_train: -nan(ind)
Recall_train: 0.000000
F1_train: -nan(ind)

Costo_test: 0.249996
Precision_test: -nan(ind)
Recall_test: 0.000000
F1_test: -nan(ind)
 

Arquitectura: _2_3_3_3_3_3_1_
Semilla: 1788105836
Segundos: 232
NIteraciones: 100000

Costo_train: 0.250003
Precision_train: -nan(ind)
Recall_train: 0.000000
F1_train: -nan(ind)

Costo_test: 0.250008
Precision_test: -nan(ind)
Recall_test: 0.000000
F1_test: -nan(ind)
 

Arquitectura: _2_3_3_3_3_3_1_
Semilla: 1788105836
Segundos: 232
NIteraciones: 100000

Costo_train: 0.249987
Precision_train: -nan(ind)
Recall_train: 0.000000
F1_train: -nan(ind)

Costo_test: 0.249984
Precision_test: -nan(ind)
Recall_test: 0.000000
F1_test: -nan(ind)
 

Arquitectura: _2_3_3_3_3_3_1_
Semilla: 1788105836
Segundos: 232
NIteraciones: 100000

Costo_train: 0.249956
Precision_train: 0.600000
Recall_train: 0.041302
F1_train: 0.077283

Costo_test: 0.249951
Precision_test: 0.571429
Recall_test: 0.039801
F1_test: 0.074419
 

Arquitectura: _2_3_3_3_3_3_1_
Semilla: 1788105836
Segundos: 232
NIteraciones: 100000

Costo_train: 0.249997
Precision_train: -nan(ind)
Recall_train: 0.000000
F1_train: -nan(ind)

Costo_test: 0.250002
Precision_test: -nan(ind)
Recall_test: 0.000000
F1_test: -nan(ind)
 

Arquitectura: _2_3_3_3_3_3_1_
Semilla: 1788105836
Segundos: 232
NIteraciones: 100000

Costo_train: 0.250002
Precision_train: -nan(ind)
Recall_train: 0.000000
F1_train: -nan(ind)

Costo_test: 0.250003
Precision_test: -nan(ind)
Recall_test: 0.000000
F1_test: -nan(ind)
 

Arquitectura: _2_3_3_3_3_3_1_
Semilla: 1788105836
Segundos: 232
NIteraciones: 100000

Costo_train: 0.249979
Precision_train: -nan(ind)
Recall_train: 0.000000
F1_train: -nan(ind)

Costo_test: 0.249982
Precision_test: -nan(ind)
Recall_test: 0.000000
F1_test: -nan(ind)
 

Arquitectura: _2_3_3_3_3_3_1_
Semilla: 1788105836
Segundos: 232
NIteraciones: 100000

Costo_train: 0.250019
Precision_train: 0.522013
Recall_train: 0.103880
F1_train: 0.173278

Costo_test: 0.250048
Precision_test: 0.444444
Recall_test: 0.079602
F1_test: 0.135021
 

Arquitectura: _2_3_3_3_3_3_1_
Semilla: 1788105836
Segundos: 232
NIteraciones: 100000

Costo_train: 0.249989
Precision_train: -nan(ind)
Recall_train: 0.000000
F1_train: -nan(ind)

Costo_test: 0.249987
Precision_test: -nan(ind)
Recall_test: 0.000000
F1_test: -nan(ind)
 

Arquitectura: _2_3_3_3_3_3_1_
Semilla: 1788105836
Segundos: 232
NIteraciones: 100000

Costo_train: 0.249990
Precision_train: -nan(ind)
Recall_train: 0.000000
F1_train: -nan(ind)

Costo_test: 0.249997
Precision_test: -nan(ind)
Recall_test: 0.000000
F1_test: -nan(ind)
 

Arquitectura: _2_3_3_3_3_3_1_
Semilla: 1788105836
Segundos: 232
NIteraciones: 100000

Costo_train: 0.249985
Precision_train: -nan(ind)
Recall_train: 0.000000
F1_train: -nan(ind)

Costo_test: 0.249990
Precision_test: -nan(ind)
Recall_test: 0.000000
F1_test: -nan(ind)
 

Arquitectura: _2_3_3_3_3_3_1_
Semilla: 1788105836
Segundos: 232
NIteraciones: 100000

Costo_train: 0.250047
Precision_train: -nan(ind)
Recall_train: 0.000000
F1_train: -nan(ind)

Costo_test: 0.250059
Precision_test: -nan(ind)
Recall_test: 0.000000
F1_test: -nan(ind)
 

Arquitectura: _2_3_3_3_3_3_1_
Semilla: 1788105836
Segundos: 232
NIteraciones: 100000

Costo_train: 0.250004
Precision_train: -nan(ind)
Recall_train: 0.000000
F1_train: -nan(ind)

Costo_test: 0.250002
Precision_test: -nan(ind)
Recall_test: 0.000000
F1_test: -nan(ind)
 

Arquitectura: _2_3_3_3_3_3_1_
Semilla: 1788105836
Segundos: 232
NIteraciones: 100000

Costo_train: 0.249887
Precision_train: 0.539326
Recall_train: 0.480601
F1_train: 0.508273

Costo_test: 0.249846
Precision_test: 0.581921
Recall_test: 0.512438
F1_test: 0.544974
 

Arquitectura: _2_3_3_3_3_3_1_
Semilla: 1788105836
Segundos: 232
NIteraciones: 100000

Costo_train: 0.250000
Precision_train: -nan(ind)
Recall_train: 0.000000
F1_train: -nan(ind)

Costo_test: 0.250001
Precision_test: -nan(ind)
Recall_test: 0.000000
F1_test: -nan(ind)
 

Arquitectura: _2_3_3_3_3_3_1_
Semilla: 1788105836
Segundos: 232
NIteraciones: 100000

Costo_train: 0.249889
Precision_train: 0.549180
Recall_train: 0.503129
F1_train: 0.525147

Costo_test: 0.249850
Precision_test: 0.578652
Recall_test: 0.512438
F1_test: 0.543536
 

Arquitectura: _2_3_3_3_3_3_1_
Semilla: 1788105836
Segundos: 232
NIteraciones: 100000

Costo_train: 0.249991
Precision_train: -nan(ind)
Recall_train: 0.000000
F1_train: -nan(ind)

Costo_test: 0.249988
Precision_test: -nan(ind)
Recall_test: 0.000000
F1_test: -nan(ind)
 

Arquitectura: _2_3_3_3_3_3_1_
Semilla: 1788105836
Segundos: 232
NIteraciones: 100000

Costo_train: 0.249990
Precision_train: -nan(ind)
Recall_train: 0.000000
F1_train: -nan(ind)

Costo_test: 0.249993
Precision_test: -nan(ind)
Recall_test: 0.000000
F1_test: -nan(ind)
 

Arquitectura: _2_3_3_3_3_3_1_
Semilla: 1788105836
Segundos: 232
NIteraciones: 100000

Costo_train: 0.250003
Precision_train: -nan(ind)
Recall_train: 0.000000
F1_train: -nan(ind)

Costo_test: 0.250007
Precision_test: -nan(ind)
Recall_test: 0.000000
F1_test: -nan(ind)
 

Arquitectura: _2_3_3_3_3_3_1_
Semilla: 1788105836
Segundos: 232
NIteraciones: 100000

Costo_train: 0.249976
Precision_train: -nan(ind)
Recall_train: 0.000000
F1_train: -nan(ind)

Costo_test: 0.249975
Precision_test: -nan(ind)
Recall_test: 0.000000
F1_test: -nan(ind)
 

Arquitectura: _2_3_3_3_3_3_1_
Semilla: 1788105836
Segundos: 232
NIteraciones: 100000

Costo_train: 0.249989
Precision_train: 0.506329
Recall_train: 0.250313
F1_train: 0.335008

Costo_test: 0.249980
Precision_test: 0.511905
Recall_test: 0.213930
F1_test: 0.301754
 

Arquitectura: _2_3_3_3_3_3_1_
Semilla: 1788105836
Segundos: 232
NIteraciones: 100000

Costo_train: 0.249992
Precision_train: -nan(ind)
Recall_train: 0.000000
F1_train: -nan(ind)

Costo_test: 0.249993
Precision_test: -nan(ind)
Recall_test: 0.000000
F1_test: -nan(ind)
 

Arquitectura: _2_3_3_3_3_3_1_
Semilla: 1788105836
Segundos: 232
NIteraciones: 100000

Costo_train: 0.249998
Precision_train: -nan(ind)
Recall_train: 0.000000
F1_train: -nan(ind)

Costo_test: 0.250003
Precision_test: -nan(ind)
Recall_test: 0.000000
F1_test: -nan(ind)
 

Arquitectura: _2_3_3_3_3_3_1_
Semilla: 1788105836
Segundos: 232
NIteraciones: 100000

Costo_train: 0.249662
Precision_train: 0.550706
Recall_train: 0.536921
F1_train: 0.543726

Costo_test: 0.249662
Precision_test: 0.548223
Recall_test: 0.537313
F1_test: 0.542714
 

Arquitectura: _2_3_3_3_3_3_1_
Semilla: 1788105836
Segundos: 232
NIteraciones: 100000

Costo_train: 0.249957
Precision_train: -nan(ind)
Recall_train: 0.000000
F1_train: -nan(ind)

Costo_test: 0.249944
Precision_test: -nan(ind)
Recall_test: 0.000000
F1_test: -nan(ind)
 

Arquitectura: _2_3_3_3_3_3_1_
Semilla: 1788105836
Segundos: 232
NIteraciones: 100000

Costo_train: 0.249981
Precision_train: -nan(ind)
Recall_train: 0.000000
F1_train: -nan(ind)

Costo_test: 0.249988
Precision_test: -nan(ind)
Recall_test: 0.000000
F1_test: -nan(ind)
 

Arquitectura: _2_3_3_3_3_3_1_
Semilla: 1788105836
Segundos: 232
NIteraciones: 100000

Costo_train: 0.249990
Precision_train: -nan(ind)
Recall_train: 0.000000
F1_train: -nan(ind)

Costo_test: 0.250004
Precision_test: -nan(ind)
Recall_test: 0.000000
F1_test: -nan(ind)
 

Arquitectura: _2_3_3_3_3_3_1_
Semilla: 1788105836
Segundos: 232
NIteraciones: 100000

Costo_train: 0.249986
Precision_train: 0.521739
Recall_train: 0.015019
F1_train: 0.029197

Costo_test: 0.250002
Precision_test: 0.500000
Recall_test: 0.004975
F1_test: 0.009852
 

Arquitectura: _2_3_3_3_3_3_1_
Semilla: 1788105836
Segundos: 232
NIteraciones: 100000

Costo_train: 0.249998
Precision_train: -nan(ind)
Recall_train: 0.000000
F1_train: -nan(ind)

Costo_test: 0.249999
Precision_test: -nan(ind)
Recall_test: 0.000000
F1_test: -nan(ind)
 

Arquitectura: _2_3_3_3_3_3_1_
Semilla: 1788105836
Segundos: 232
NIteraciones: 100000

Costo_train: 0.249984
Precision_train: -nan(ind)
Recall_train: 0.000000
F1_train: -nan(ind)

Costo_test: 0.249978
Precision_test: -nan(ind)
Recall_test: 0.000000
F1_test: -nan(ind)
 

Arquitectura: _2_3_3_3_3_3_1_
Semilla: 1788105836
Segundos: 232
NIteraciones: 100000

Costo_train: 0.250005
Precision_train: -nan(ind)
Recall_train: 0.000000
F1_train: -nan(ind)

Costo_test: 0.250020
Precision_test: -nan(ind)
Recall_test: 0.000000
F1_test: -nan(ind)
 

Arquitectura: _2_3_3_3_3_3_1_
Semilla: 1788105836
Segundos: 232
NIteraciones: 100000

Costo_train: 0.249992
Precision_train: -nan(ind)
Recall_train: 0.000000
F1_train: -nan(ind)

Costo_test: 0.250004
Precision_test: -nan(ind)
Recall_test: 0.000000
F1_test: -nan(ind)
 

Arquitectura: _2_3_3_3_3_3_1_
Semilla: 1788105836
Segundos: 232
NIteraciones: 100000

Costo_train: 0.249999
Precision_train: -nan(ind)
Recall_train: 0.000000
F1_train: -nan(ind)

Costo_test: 0.250002
Precision_test: -nan(ind)
Recall_test: 0.000000
F1_test: -nan(ind)
 

Arquitectura: _2_3_3_3_3_3_1_
Semilla: 1788105836
Segundos: 232
NIteraciones: 100000

Costo_train: 0.250004
Precision_train: -nan(ind)
Recall_train: 0.000000
F1_train: -nan(ind)

Costo_test: 0.250008
Precision_test: -nan(ind)
Recall_test: 0.000000
F1_test: -nan(ind)
 

Arquitectura: _2_3_3_3_3_3_1_
Semilla: 1788105836
Segundos: 232
NIteraciones: 100000

Costo_train: 0.249996
Precision_train: -nan(ind)
Recall_train: 0.000000
F1_train: -nan(ind)

Costo_test: 0.249999
Precision_test: -nan(ind)
Recall_test: 0.000000
F1_test: -nan(ind)
 

Arquitectura: _2_3_3_3_3_3_1_
Semilla: 1788105836
Segundos: 232
NIteraciones: 100000

Costo_train: 0.250013
Precision_train: -nan(ind)
Recall_train: 0.000000
F1_train: -nan(ind)

Costo_test: 0.250027
Precision_test: -nan(ind)
Recall_test: 0.000000
F1_test: -nan(ind)
 

Arquitectura: _2_3_3_3_3_3_1_
Semilla: 1788105836
Segundos: 232
NIteraciones: 100000

Costo_train: 0.249994
Precision_train: -nan(ind)
Recall_train: 0.000000
F1_train: -nan(ind)

Costo_test: 0.249999
Precision_test: -nan(ind)
Recall_test: 0.000000
F1_test: -nan(ind)
 

Arquitectura: _2_3_3_3_3_3_1_
Semilla: 1788105836
Segundos: 232
NIteraciones: 100000

Costo_train: 0.250000
Precision_train: -nan(ind)
Recall_train: 0.000000
F1_train: -nan(ind)

Costo_test: 0.250000
Precision_test: -nan(ind)
Recall_test: 0.000000
F1_test: -nan(ind)
 

Arquitectura: _2_3_3_3_3_3_1_
Semilla: 1788105836
Segundos: 232
NIteraciones: 100000

Costo_train: 0.249994
Precision_train: -nan(ind)
Recall_train: 0.000000
F1_train: -nan(ind)

Costo_test: 0.250001
Precision_test: -nan(ind)
Recall_test: 0.000000
F1_test: -nan(ind)
 

Arquitectura: _2_3_3_3_3_3_1_
Semilla: 1788105836
Segundos: 232
NIteraciones: 100000

Costo_train: 0.249999
Precision_train: -nan(ind)
Recall_train: 0.000000
F1_train: -nan(ind)

Costo_test: 0.249998
Precision_test: -nan(ind)
Recall_test: 0.000000
F1_test: -nan(ind)
 

Arquitectura: _2_3_3_3_3_3_1_
Semilla: 1788105836
Segundos: 232
NIteraciones: 100000

Costo_train: 0.249997
Precision_train: -nan(ind)
Recall_train: 0.000000
F1_train: -nan(ind)

Costo_test: 0.250000
Precision_test: -nan(ind)
Recall_test: 0.000000
F1_test: -nan(ind)
 

Arquitectura: _2_3_3_3_3_3_1_
Semilla: 1788105836
Segundos: 232
NIteraciones: 100000

Costo_train: 0.249737
Precision_train: 0.543448
Recall_train: 0.493116
F1_train: 0.517060

Costo_test: 0.249717
Precision_test: 0.561111
Recall_test: 0.502488
F1_test: 0.530184
 

Arquitectura: _2_3_3_3_3_3_1_
Semilla: 1788105836
Segundos: 232
NIteraciones: 100000

Costo_train: 0.250010
Precision_train: -nan(ind)
Recall_train: 0.000000
F1_train: -nan(ind)

Costo_test: 0.250023
Precision_test: -nan(ind)
Recall_test: 0.000000
F1_test: -nan(ind)
 

Arquitectura: _2_3_3_3_3_3_1_
Semilla: 1788105836
Segundos: 232
NIteraciones: 100000

Costo_train: 0.249998
Precision_train: -nan(ind)
Recall_train: 0.000000
F1_train: -nan(ind)

Costo_test: 0.250000
Precision_test: -nan(ind)
Recall_test: 0.000000
F1_test: -nan(ind)
 

Arquitectura: _2_3_3_3_3_3_1_
Semilla: 1788105836
Segundos: 232
NIteraciones: 100000

Costo_train: 0.249729
Precision_train: 0.543614
Recall_train: 0.436796
F1_train: 0.484386

Costo_test: 0.249693
Precision_test: 0.529070
Recall_test: 0.452736
F1_test: 0.487936
 

Arquitectura: _2_3_3_3_3_3_1_
Semilla: 1788105836
Segundos: 232
NIteraciones: 100000

Costo_train: 0.249905
Precision_train: 0.547059
Recall_train: 0.349186
F1_train: 0.426280

Costo_test: 0.249879
Precision_test: 0.593985
Recall_test: 0.393035
F1_test: 0.473054
 

Arquitectura: _2_3_3_3_3_3_1_
Semilla: 1788105836
Segundos: 232
NIteraciones: 100000

Costo_train: 0.249989
Precision_train: -nan(ind)
Recall_train: 0.000000
F1_train: -nan(ind)

Costo_test: 0.249999
Precision_test: -nan(ind)
Recall_test: 0.000000
F1_test: -nan(ind)
 

Arquitectura: _2_3_3_3_3_3_1_
Semilla: 1788105836
Segundos: 232
NIteraciones: 100000

Costo_train: 0.249999
Precision_train: -nan(ind)
Recall_train: 0.000000
F1_train: -nan(ind)

Costo_test: 0.250003
Precision_test: -nan(ind)
Recall_test: 0.000000
F1_test: -nan(ind)
 

Arquitectura: _2_3_3_3_3_3_1_
Semilla: 1788105836
Segundos: 232
NIteraciones: 100000

Costo_train: 0.249961
Precision_train: -nan(ind)
Recall_train: 0.000000
F1_train: -nan(ind)

Costo_test: 0.249965
Precision_test: -nan(ind)
Recall_test: 0.000000
F1_test: -nan(ind)
 

Arquitectura: _2_3_3_3_3_3_1_
Semilla: 1788105836
Segundos: 232
NIteraciones: 100000

Costo_train: 0.249981
Precision_train: -nan(ind)
Recall_train: 0.000000
F1_train: -nan(ind)

Costo_test: 0.249976
Precision_test: -nan(ind)
Recall_test: 0.000000
F1_test: -nan(ind)
 

Arquitectura: _2_3_3_3_3_3_1_
Semilla: 1788105836
Segundos: 232
NIteraciones: 100000

Costo_train: 0.249948
Precision_train: 0.596774
Recall_train: 0.185232
F1_train: 0.282712

Costo_test: 0.249937
Precision_test: 0.634921
Recall_test: 0.199005
F1_test: 0.303030
 

Arquitectura: _2_3_3_3_3_3_1_
Semilla: 1788105836
Segundos: 232
NIteraciones: 100000

Costo_train: 0.249990
Precision_train: -nan(ind)
Recall_train: 0.000000
F1_train: -nan(ind)

Costo_test: 0.249994
Precision_test: -nan(ind)
Recall_test: 0.000000
F1_test: -nan(ind)
 

Arquitectura: _2_3_3_3_3_3_1_
Semilla: 1788105836
Segundos: 232
NIteraciones: 100000

Costo_train: 0.250007
Precision_train: 0.478049
Recall_train: 0.245307
F1_train: 0.324235

Costo_test: 0.250027
Precision_test: 0.467890
Recall_test: 0.253731
F1_test: 0.329032
 

Arquitectura: _2_3_3_3_3_3_1_
Semilla: 1788105836
Segundos: 232
NIteraciones: 100000

Costo_train: 0.249985
Precision_train: 0.454545
Recall_train: 0.006258
F1_train: 0.012346

Costo_test: 0.249983
Precision_test: 0.666667
Recall_test: 0.009950
F1_test: 0.019608
 

Arquitectura: _2_3_3_3_3_3_1_
Semilla: 1788105836
Segundos: 232
NIteraciones: 100000

Costo_train: 0.249950
Precision_train: 0.531873
Recall_train: 0.334168
F1_train: 0.410454

Costo_test: 0.249956
Precision_test: 0.546875
Recall_test: 0.348259
F1_test: 0.425532
 

Arquitectura: _2_3_3_3_3_3_1_
Semilla: 1788105836
Segundos: 232
NIteraciones: 100000

Costo_train: 0.249957
Precision_train: 0.535109
Recall_train: 0.276596
F1_train: 0.364686

Costo_test: 0.249954
Precision_test: 0.571429
Recall_test: 0.278607
F1_test: 0.374582
 

Arquitectura: _2_3_3_3_3_3_1_
Semilla: 1788105836
Segundos: 232
NIteraciones: 100000

Costo_train: 0.249994
Precision_train: -nan(ind)
Recall_train: 0.000000
F1_train: -nan(ind)

Costo_test: 0.249998
Precision_test: -nan(ind)
Recall_test: 0.000000
F1_test: -nan(ind)
 

Arquitectura: _2_3_3_3_3_3_1_
Semilla: 1788105836
Segundos: 232
NIteraciones: 100000

Costo_train: 0.249984
Precision_train: -nan(ind)
Recall_train: 0.000000
F1_train: -nan(ind)

Costo_test: 0.250000
Precision_test: -nan(ind)
Recall_test: 0.000000
F1_test: -nan(ind)
 

Arquitectura: _2_3_3_3_3_3_1_
Semilla: 1788105836
Segundos: 232
NIteraciones: 100000

Costo_train: 0.249995
Precision_train: -nan(ind)
Recall_train: 0.000000
F1_train: -nan(ind)

Costo_test: 0.250006
Precision_test: -nan(ind)
Recall_test: 0.000000
F1_test: -nan(ind)
 

Arquitectura: _2_3_3_3_3_3_1_
Semilla: 1788105836
Segundos: 232
NIteraciones: 100000

Costo_train: 0.249673
Precision_train: 0.547219
Recall_train: 0.529412
F1_train: 0.538168

Costo_test: 0.249770
Precision_test: 0.541237
Recall_test: 0.522388
F1_test: 0.531646
 

Arquitectura: _2_3_3_3_3_3_1_
Semilla: 1788105836
Segundos: 232
NIteraciones: 100000

Costo_train: 0.249981
Precision_train: -nan(ind)
Recall_train: 0.000000
F1_train: -nan(ind)

Costo_test: 0.249981
Precision_test: -nan(ind)
Recall_test: 0.000000
F1_test: -nan(ind)
 

Arquitectura: _2_3_3_3_3_3_1_
Semilla: 1788105836
Segundos: 232
NIteraciones: 100000

Costo_train: 0.249997
Precision_train: -nan(ind)
Recall_train: 0.000000
F1_train: -nan(ind)

Costo_test: 0.249992
Precision_test: -nan(ind)
Recall_test: 0.000000
F1_test: -nan(ind)
 

Arquitectura: _2_3_3_3_3_3_1_
Semilla: 1788105836
Segundos: 232
NIteraciones: 100000

Costo_train: 0.249998
Precision_train: -nan(ind)
Recall_train: 0.000000
F1_train: -nan(ind)

Costo_test: 0.250003
Precision_test: -nan(ind)
Recall_test: 0.000000
F1_test: -nan(ind)
 

Arquitectura: _2_3_3_3_3_3_1_
Semilla: 1788105836
Segundos: 232
NIteraciones: 100000

Costo_train: 0.249991
Precision_train: -nan(ind)
Recall_train: 0.000000
F1_train: -nan(ind)

Costo_test: 0.250001
Precision_test: -nan(ind)
Recall_test: 0.000000
F1_test: -nan(ind)
 

Arquitectura: _2_3_3_3_3_3_1_
Semilla: 1788105836
Segundos: 232
NIteraciones: 100000

Costo_train: 0.249936
Precision_train: 0.548624
Recall_train: 0.374218
F1_train: 0.444940

Costo_test: 0.249928
Precision_test: 0.581560
Recall_test: 0.407960
F1_test: 0.479532
 

Arquitectura: _2_3_3_3_3_3_1_
Semilla: 1788105836
Segundos: 232
NIteraciones: 100000

Costo_train: 0.249992
Precision_train: -nan(ind)
Recall_train: 0.000000
F1_train: -nan(ind)

Costo_test: 0.249993
Precision_test: -nan(ind)
Recall_test: 0.000000
F1_test: -nan(ind)
 

Arquitectura: _2_3_3_3_3_3_1_
Semilla: 1788105836
Segundos: 232
NIteraciones: 100000

Costo_train: 0.249853
Precision_train: 0.547651
Recall_train: 0.510638
F1_train: 0.528497

Costo_test: 0.249801
Precision_test: 0.572222
Recall_test: 0.512438
F1_test: 0.540682
 

Arquitectura: _2_3_3_3_3_3_1_
Semilla: 1788105836
Segundos: 232
NIteraciones: 100000

Costo_train: 0.249997
Precision_train: 0.520202
Recall_train: 0.257822
F1_train: 0.344770

Costo_test: 0.250016
Precision_test: 0.511364
Recall_test: 0.223881
F1_test: 0.311419
 

Arquitectura: _2_3_3_3_3_3_1_
Semilla: 1788105836
Segundos: 232
NIteraciones: 100000

Costo_train: 0.249995
Precision_train: -nan(ind)
Recall_train: 0.000000
F1_train: -nan(ind)

Costo_test: 0.249999
Precision_test: -nan(ind)
Recall_test: 0.000000
F1_test: -nan(ind)
 

Arquitectura: _2_3_3_3_3_3_1_
Semilla: 1788105836
Segundos: 232
NIteraciones: 100000

Costo_train: 0.249959
Precision_train: -nan(ind)
Recall_train: 0.000000
F1_train: -nan(ind)

Costo_test: 0.249954
Precision_test: -nan(ind)
Recall_test: 0.000000
F1_test: -nan(ind)
 

Arquitectura: _2_3_3_3_3_3_1_
Semilla: 1788105836
Segundos: 232
NIteraciones: 100000

Costo_train: 0.249598
Precision_train: 0.536921
Recall_train: 0.536921
F1_train: 0.536921

Costo_test: 0.249592
Precision_test: 0.553846
Recall_test: 0.537313
F1_test: 0.545455
 

Arquitectura: _2_3_3_3_3_3_1_
Semilla: 1788105836
Segundos: 232
NIteraciones: 100000

Costo_train: 0.249957
Precision_train: 0.577465
Recall_train: 0.153942
F1_train: 0.243083

Costo_test: 0.249945
Precision_test: 0.655738
Recall_test: 0.199005
F1_test: 0.305344
 

Arquitectura: _2_3_3_3_3_3_1_
Semilla: 1788105836
Segundos: 232
NIteraciones: 100000

Costo_train: 0.249990
Precision_train: -nan(ind)
Recall_train: 0.000000
F1_train: -nan(ind)

Costo_test: 0.249992
Precision_test: -nan(ind)
Recall_test: 0.000000
F1_test: -nan(ind)
 

Arquitectura: _2_3_3_3_3_3_1_
Semilla: 1788105836
Segundos: 232
NIteraciones: 100000

Costo_train: 0.249987
Precision_train: -nan(ind)
Recall_train: 0.000000
F1_train: -nan(ind)

Costo_test: 0.250003
Precision_test: -nan(ind)
Recall_test: 0.000000
F1_test: -nan(ind)
 

Arquitectura: _2_3_3_3_3_3_1_
Semilla: 1788105836
Segundos: 232
NIteraciones: 100000

Costo_train: 0.249962
Precision_train: -nan(ind)
Recall_train: 0.000000
F1_train: -nan(ind)

Costo_test: 0.249964
Precision_test: -nan(ind)
Recall_test: 0.000000
F1_test: -nan(ind)
 

Arquitectura: _2_3_3_3_3_3_1_
Semilla: 1788105836
Segundos: 232
NIteraciones: 100000

Costo_train: 0.250024
Precision_train: 0.475000
Recall_train: 0.095119
F1_train: 0.158498

Costo_test: 0.250022
Precision_test: 0.580645
Recall_test: 0.089552
F1_test: 0.155172
 

Arquitectura: _2_3_3_3_3_3_1_
Semilla: 1788105836
Segundos: 232
NIteraciones: 100000

Costo_train: 0.250005
Precision_train: -nan(ind)
Recall_train: 0.000000
F1_train: -nan(ind)

Costo_test: 0.250011
Precision_test: -nan(ind)
Recall_test: 0.000000
F1_test: -nan(ind)
 

Arquitectura: _2_3_3_3_3_3_1_
Semilla: 1788105836
Segundos: 232
NIteraciones: 100000

Costo_train: 0.249988
Precision_train: -nan(ind)
Recall_train: 0.000000
F1_train: -nan(ind)

Costo_test: 0.249985
Precision_test: -nan(ind)
Recall_test: 0.000000
F1_test: -nan(ind)
 

Arquitectura: _2_3_3_3_3_3_1_
Semilla: 1788105836
Segundos: 232
NIteraciones: 100000

Costo_train: 0.249987
Precision_train: -nan(ind)
Recall_train: 0.000000
F1_train: -nan(ind)

Costo_test: 0.249972
Precision_test: -nan(ind)
Recall_test: 0.000000
F1_test: -nan(ind)
 

Arquitectura: _2_3_3_3_3_3_1_
Semilla: 1788105836
Segundos: 232
NIteraciones: 100000

Costo_train: 0.249978
Precision_train: -nan(ind)
Recall_train: 0.000000
F1_train: -nan(ind)

Costo_test: 0.249975
Precision_test: -nan(ind)
Recall_test: 0.000000
F1_test: -nan(ind)
 

Arquitectura: _2_3_3_3_3_3_1_
Semilla: 1788105836
Segundos: 232
NIteraciones: 100000

Costo_train: 0.249994
Precision_train: -nan(ind)
Recall_train: 0.000000
F1_train: -nan(ind)

Costo_test: 0.250000
Precision_test: -nan(ind)
Recall_test: 0.000000
F1_test: -nan(ind)
 

Arquitectura: _2_3_3_3_3_3_1_
Semilla: 1788105836
Segundos: 232
NIteraciones: 100000

Costo_train: 0.249977
Precision_train: -nan(ind)
Recall_train: 0.000000
F1_train: -nan(ind)

Costo_test: 0.249966
Precision_test: -nan(ind)
Recall_test: 0.000000
F1_test: -nan(ind)
 

Arquitectura: _2_3_3_3_3_3_1_
Semilla: 1788105836
Segundos: 232
NIteraciones: 100000

Costo_train: 0.250004
Precision_train: -nan(ind)
Recall_train: 0.000000
F1_train: -nan(ind)

Costo_test: 0.250009
Precision_test: -nan(ind)
Recall_test: 0.000000
F1_test: -nan(ind)
 

Arquitectura: _2_3_3_3_3_3_1_
Semilla: 1788105836
Segundos: 232
NIteraciones: 100000

Costo_train: 0.249968
Precision_train: 0.526682
Recall_train: 0.284105
F1_train: 0.369106

Costo_test: 0.249963
Precision_test: 0.515789
Recall_test: 0.243781
F1_test: 0.331081
 

Arquitectura: _2_3_3_3_3_3_1_
Semilla: 1788105836
Segundos: 232
NIteraciones: 100000

Costo_train: 0.249991
Precision_train: -nan(ind)
Recall_train: 0.000000
F1_train: -nan(ind)

Costo_test: 0.249997
Precision_test: -nan(ind)
Recall_test: 0.000000
F1_test: -nan(ind)
 
