--- Configuración Actual ---
Paso: 0.200000
Gamma: 0.000000
Parada: 0.100000
Iteraciones: 100000
CapasDesde: 2
CapasHasta: 5
Repeticiones: 1
Intervalo: 10000
Batch: 100
MultiplicadorProfunda: 0.700000
Tarjeta: NVIDIA GeForce RTX 3090 Ti
----------------------------
Dimensiones Datos
trainx: 2x1600 
trainy: 1x1600 
test_x: 2x400 


--- Test Angosta 2.0 ---
Iteración 10000
Costo: 0.010315
Iteración 20000
Costo: 0.004690
Iteración 30000
Costo: 0.003162
Iteración 40000
Costo: 0.002449
Iteración 50000
Costo: 0.002044
Iteración 60000
Costo: 0.001788
Iteración 70000
Costo: 0.001612
Iteración 80000
Costo: 0.001484
Iteración 90000
Costo: 0.001387

Arquitectura: _2_6_1_
Semilla: 1788100548
Segundos: 49
NIteraciones: 100000

Costo_train: 0.001310
Precision_train: 1.000000
Recall_train: 0.998741
F1_train: 0.999370

Costo_test: 0.001007
Precision_test: 1.000000
Recall_test: 1.000000
F1_test: 1.000000
 

Arquitectura: _2_6_1_
Semilla: 1788100548
Segundos: 49
NIteraciones: 100000

Costo_train: 0.009471
Precision_train: 0.987437
Recall_train: 0.989924
F1_train: 0.988679

Costo_test: 0.008359
Precision_test: 0.990291
Recall_test: 0.990291
F1_test: 0.990291
 

Arquitectura: _2_6_1_
Semilla: 1788100548
Segundos: 49
NIteraciones: 100000

Costo_train: 0.001433
Precision_train: 1.000000
Recall_train: 0.997481
F1_train: 0.998739

Costo_test: 0.001022
Precision_test: 1.000000
Recall_test: 1.000000
F1_test: 1.000000
 

Arquitectura: _2_6_1_
Semilla: 1788100548
Segundos: 49
NIteraciones: 100000

Costo_train: 0.001304
Precision_train: 1.000000
Recall_train: 0.998741
F1_train: 0.999370

Costo_test: 0.000863
Precision_test: 1.000000
Recall_test: 1.000000
F1_test: 1.000000
 

Arquitectura: _2_6_1_
Semilla: 1788100548
Segundos: 49
NIteraciones: 100000

Costo_train: 0.001276
Precision_train: 1.000000
Recall_train: 0.998741
F1_train: 0.999370

Costo_test: 0.000760
Precision_test: 1.000000
Recall_test: 1.000000
F1_test: 1.000000
 

Arquitectura: _2_6_1_
Semilla: 1788100548
Segundos: 49
NIteraciones: 100000

Costo_train: 0.002553
Precision_train: 0.998739
Recall_train: 0.997481
F1_train: 0.998110

Costo_test: 0.003738
Precision_test: 0.995146
Recall_test: 0.995146
F1_test: 0.995146
 

Arquitectura: _2_6_1_
Semilla: 1788100548
Segundos: 49
NIteraciones: 100000

Costo_train: 0.002176
Precision_train: 0.998739
Recall_train: 0.997481
F1_train: 0.998110

Costo_test: 0.001565
Precision_test: 1.000000
Recall_test: 0.995146
F1_test: 0.997567
 

Arquitectura: _2_6_1_
Semilla: 1788100548
Segundos: 49
NIteraciones: 100000

Costo_train: 0.006025
Precision_train: 0.992434
Recall_train: 0.991184
F1_train: 0.991808

Costo_test: 0.006352
Precision_test: 0.995122
Recall_test: 0.990291
F1_test: 0.992701
 

Arquitectura: _2_6_1_
Semilla: 1788100548
Segundos: 49
NIteraciones: 100000

Costo_train: 0.001287
Precision_train: 1.000000
Recall_train: 0.998741
F1_train: 0.999370

Costo_test: 0.000809
Precision_test: 1.000000
Recall_test: 1.000000
F1_test: 1.000000
 

Arquitectura: _2_6_1_
Semilla: 1788100548
Segundos: 49
NIteraciones: 100000

Costo_train: 0.001379
Precision_train: 1.000000
Recall_train: 0.998741
F1_train: 0.999370

Costo_test: 0.001597
Precision_test: 1.000000
Recall_test: 0.995146
F1_test: 0.997567
 

Arquitectura: _2_6_1_
Semilla: 1788100548
Segundos: 49
NIteraciones: 100000

Costo_train: 0.001409
Precision_train: 1.000000
Recall_train: 0.998741
F1_train: 0.999370

Costo_test: 0.000932
Precision_test: 1.000000
Recall_test: 1.000000
F1_test: 1.000000
 

Arquitectura: _2_6_1_
Semilla: 1788100548
Segundos: 49
NIteraciones: 100000

Costo_train: 0.001265
Precision_train: 1.000000
Recall_train: 0.998741
F1_train: 0.999370

Costo_test: 0.000774
Precision_test: 1.000000
Recall_test: 1.000000
F1_test: 1.000000
 

Arquitectura: _2_6_1_
Semilla: 1788100548
Segundos: 49
NIteraciones: 100000

Costo_train: 0.007751
Precision_train: 0.991184
Recall_train: 0.991184
F1_train: 0.991184

Costo_test: 0.007346
Precision_test: 0.990291
Recall_test: 0.990291
F1_test: 0.990291
 

Arquitectura: _2_6_1_
Semilla: 1788100548
Segundos: 49
NIteraciones: 100000

Costo_train: 0.001868
Precision_train: 0.998741
Recall_train: 0.998741
F1_train: 0.998741

Costo_test: 0.001409
Precision_test: 1.000000
Recall_test: 1.000000
F1_test: 1.000000
 

Arquitectura: _2_6_1_
Semilla: 1788100548
Segundos: 49
NIteraciones: 100000

Costo_train: 0.001497
Precision_train: 0.998739
Recall_train: 0.997481
F1_train: 0.998110

Costo_test: 0.001082
Precision_test: 1.000000
Recall_test: 1.000000
F1_test: 1.000000
 

Arquitectura: _2_6_1_
Semilla: 1788100548
Segundos: 49
NIteraciones: 100000

Costo_train: 0.001357
Precision_train: 1.000000
Recall_train: 0.998741
F1_train: 0.999370

Costo_test: 0.000877
Precision_test: 1.000000
Recall_test: 1.000000
F1_test: 1.000000
 

Arquitectura: _2_6_1_
Semilla: 1788100548
Segundos: 49
NIteraciones: 100000

Costo_train: 0.001331
Precision_train: 1.000000
Recall_train: 0.998741
F1_train: 0.999370

Costo_test: 0.000810
Precision_test: 1.000000
Recall_test: 1.000000
F1_test: 1.000000
 

Arquitectura: _2_6_1_
Semilla: 1788100548
Segundos: 49
NIteraciones: 100000

Costo_train: 0.001745
Precision_train: 0.998739
Recall_train: 0.997481
F1_train: 0.998110

Costo_test: 0.001288
Precision_test: 1.000000
Recall_test: 1.000000
F1_test: 1.000000
 

Arquitectura: _2_6_1_
Semilla: 1788100548
Segundos: 49
NIteraciones: 100000

Costo_train: 0.003529
Precision_train: 0.997478
Recall_train: 0.996222
F1_train: 0.996849

Costo_test: 0.002305
Precision_test: 0.995169
Recall_test: 1.000000
F1_test: 0.997579
 

Arquitectura: _2_6_1_
Semilla: 1788100548
Segundos: 49
NIteraciones: 100000

Costo_train: 0.002079
Precision_train: 0.998741
Recall_train: 0.998741
F1_train: 0.998741

Costo_test: 0.003344
Precision_test: 1.000000
Recall_test: 0.995146
F1_test: 0.997567
 

Arquitectura: _2_6_1_
Semilla: 1788100548
Segundos: 49
NIteraciones: 100000

Costo_train: 0.003442
Precision_train: 0.997478
Recall_train: 0.996222
F1_train: 0.996849

Costo_test: 0.002039
Precision_test: 1.000000
Recall_test: 1.000000
F1_test: 1.000000
 

Arquitectura: _2_6_1_
Semilla: 1788100548
Segundos: 49
NIteraciones: 100000

Costo_train: 0.006472
Precision_train: 0.993687
Recall_train: 0.991184
F1_train: 0.992434

Costo_test: 0.006061
Precision_test: 0.995122
Recall_test: 0.990291
F1_test: 0.992701
 

Arquitectura: _2_6_1_
Semilla: 1788100548
Segundos: 49
NIteraciones: 100000

Costo_train: 0.001278
Precision_train: 1.000000
Recall_train: 0.998741
F1_train: 0.999370

Costo_test: 0.000785
Precision_test: 1.000000
Recall_test: 1.000000
F1_test: 1.000000
 

Arquitectura: _2_6_1_
Semilla: 1788100548
Segundos: 49
NIteraciones: 100000

Costo_train: 0.001292
Precision_train: 1.000000
Recall_train: 0.998741
F1_train: 0.999370

Costo_test: 0.000782
Precision_test: 1.000000
Recall_test: 1.000000
F1_test: 1.000000
 

Arquitectura: _2_6_1_
Semilla: 1788100548
Segundos: 49
NIteraciones: 100000

Costo_train: 0.001730
Precision_train: 0.998739
Recall_train: 0.997481
F1_train: 0.998110

Costo_test: 0.001351
Precision_test: 1.000000
Recall_test: 1.000000
F1_test: 1.000000
 

Arquitectura: _2_6_1_
Semilla: 1788100548
Segundos: 49
NIteraciones: 100000

Costo_train: 0.001526
Precision_train: 0.998741
Recall_train: 0.998741
F1_train: 0.998741

Costo_test: 0.001097
Precision_test: 1.000000
Recall_test: 1.000000
F1_test: 1.000000
 

Arquitectura: _2_6_1_
Semilla: 1788100548
Segundos: 49
NIteraciones: 100000

Costo_train: 0.001288
Precision_train: 1.000000
Recall_train: 0.998741
F1_train: 0.999370

Costo_test: 0.000840
Precision_test: 1.000000
Recall_test: 1.000000
F1_test: 1.000000
 

Arquitectura: _2_6_1_
Semilla: 1788100548
Segundos: 49
NIteraciones: 100000

Costo_train: 0.001304
Precision_train: 1.000000
Recall_train: 0.998741
F1_train: 0.999370

Costo_test: 0.000836
Precision_test: 1.000000
Recall_test: 1.000000
F1_test: 1.000000
 

Arquitectura: _2_6_1_
Semilla: 1788100548
Segundos: 49
NIteraciones: 100000

Costo_train: 0.001330
Precision_train: 1.000000
Recall_train: 0.998741
F1_train: 0.999370

Costo_test: 0.000878
Precision_test: 1.000000
Recall_test: 1.000000
F1_test: 1.000000
 

Arquitectura: _2_6_1_
Semilla: 1788100548
Segundos: 49
NIteraciones: 100000

Costo_train: 0.001297
Precision_train: 1.000000
Recall_train: 0.998741
F1_train: 0.999370

Costo_test: 0.000803
Precision_test: 1.000000
Recall_test: 1.000000
F1_test: 1.000000
 

Arquitectura: _2_6_1_
Semilla: 1788100548
Segundos: 49
NIteraciones: 100000

Costo_train: 0.001742
Precision_train: 0.998737
Recall_train: 0.996222
F1_train: 0.997478

Costo_test: 0.001126
Precision_test: 1.000000
Recall_test: 1.000000
F1_test: 1.000000
 

Arquitectura: _2_6_1_
Semilla: 1788100548
Segundos: 49
NIteraciones: 100000

Costo_train: 0.009315
Precision_train: 0.987421
Recall_train: 0.988665
F1_train: 0.988043

Costo_test: 0.008384
Precision_test: 0.990291
Recall_test: 0.990291
F1_test: 0.990291
 

Arquitectura: _2_6_1_
Semilla: 1788100548
Segundos: 49
NIteraciones: 100000

Costo_train: 0.005808
Precision_train: 0.994962
Recall_train: 0.994962
F1_train: 0.994962

Costo_test: 0.005994
Precision_test: 0.995146
Recall_test: 0.995146
F1_test: 0.995146
 

Arquitectura: _2_6_1_
Semilla: 1788100548
Segundos: 49
NIteraciones: 100000

Costo_train: 0.007102
Precision_train: 0.992424
Recall_train: 0.989924
F1_train: 0.991173

Costo_test: 0.006971
Precision_test: 0.995122
Recall_test: 0.990291
F1_test: 0.992701
 

Arquitectura: _2_6_1_
Semilla: 1788100548
Segundos: 49
NIteraciones: 100000

Costo_train: 0.001218
Precision_train: 1.000000
Recall_train: 0.998741
F1_train: 0.999370

Costo_test: 0.000777
Precision_test: 1.000000
Recall_test: 1.000000
F1_test: 1.000000
 

Arquitectura: _2_6_1_
Semilla: 1788100548
Segundos: 49
NIteraciones: 100000

Costo_train: 0.001522
Precision_train: 0.998739
Recall_train: 0.997481
F1_train: 0.998110

Costo_test: 0.001276
Precision_test: 1.000000
Recall_test: 0.995146
F1_test: 0.997567
 

Arquitectura: _2_6_1_
Semilla: 1788100548
Segundos: 49
NIteraciones: 100000

Costo_train: 0.007591
Precision_train: 0.991173
Recall_train: 0.989924
F1_train: 0.990548

Costo_test: 0.007218
Precision_test: 0.995122
Recall_test: 0.990291
F1_test: 0.992701
 

Arquitectura: _2_6_1_
Semilla: 1788100548
Segundos: 49
NIteraciones: 100000

Costo_train: 0.001665
Precision_train: 0.998739
Recall_train: 0.997481
F1_train: 0.998110

Costo_test: 0.001231
Precision_test: 1.000000
Recall_test: 1.000000
F1_test: 1.000000
 

Arquitectura: _2_6_1_
Semilla: 1788100548
Segundos: 49
NIteraciones: 100000

Costo_train: 0.001386
Precision_train: 1.000000
Recall_train: 0.998741
F1_train: 0.999370

Costo_test: 0.000944
Precision_test: 1.000000
Recall_test: 1.000000
F1_test: 1.000000
 

Arquitectura: _2_6_1_
Semilla: 1788100548
Segundos: 49
NIteraciones: 100000

Costo_train: 0.001507
Precision_train: 0.998739
Recall_train: 0.997481
F1_train: 0.998110

Costo_test: 0.000847
Precision_test: 1.000000
Recall_test: 1.000000
F1_test: 1.000000
 

Arquitectura: _2_6_1_
Semilla: 1788100548
Segundos: 49
NIteraciones: 100000

Costo_train: 0.001276
Precision_train: 1.000000
Recall_train: 0.998741
F1_train: 0.999370

Costo_test: 0.000811
Precision_test: 1.000000
Recall_test: 1.000000
F1_test: 1.000000
 

Arquitectura: _2_6_1_
Semilla: 1788100548
Segundos: 49
NIteraciones: 100000

Costo_train: 0.001942
Precision_train: 0.998737
Recall_train: 0.996222
F1_train: 0.997478

Costo_test: 0.001364
Precision_test: 1.000000
Recall_test: 1.000000
F1_test: 1.000000
 

Arquitectura: _2_6_1_
Semilla: 1788100548
Segundos: 49
NIteraciones: 100000

Costo_train: 0.001424
Precision_train: 1.000000
Recall_train: 0.998741
F1_train: 0.999370

Costo_test: 0.001660
Precision_test: 1.000000
Recall_test: 0.995146
F1_test: 0.997567
 

Arquitectura: _2_6_1_
Semilla: 1788100548
Segundos: 49
NIteraciones: 100000

Costo_train: 0.001249
Precision_train: 1.000000
Recall_train: 0.997481
F1_train: 0.998739

Costo_test: 0.000788
Precision_test: 1.000000
Recall_test: 1.000000
F1_test: 1.000000
 

Arquitectura: _2_6_1_
Semilla: 1788100548
Segundos: 49
NIteraciones: 100000

Costo_train: 0.003420
Precision_train: 0.996226
Recall_train: 0.997481
F1_train: 0.996853

Costo_test: 0.002600
Precision_test: 1.000000
Recall_test: 0.995146
F1_test: 0.997567
 

Arquitectura: _2_6_1_
Semilla: 1788100548
Segundos: 49
NIteraciones: 100000

Costo_train: 0.001693
Precision_train: 0.998739
Recall_train: 0.997481
F1_train: 0.998110

Costo_test: 0.000900
Precision_test: 1.000000
Recall_test: 1.000000
F1_test: 1.000000
 

Arquitectura: _2_6_1_
Semilla: 1788100548
Segundos: 49
NIteraciones: 100000

Costo_train: 0.003803
Precision_train: 0.996226
Recall_train: 0.997481
F1_train: 0.996853

Costo_test: 0.002485
Precision_test: 1.000000
Recall_test: 0.995146
F1_test: 0.997567
 

Arquitectura: _2_6_1_
Semilla: 1788100548
Segundos: 49
NIteraciones: 100000

Costo_train: 0.001401
Precision_train: 0.998741
Recall_train: 0.998741
F1_train: 0.998741

Costo_test: 0.000867
Precision_test: 1.000000
Recall_test: 1.000000
F1_test: 1.000000
 

Arquitectura: _2_6_1_
Semilla: 1788100548
Segundos: 49
NIteraciones: 100000

Costo_train: 0.001261
Precision_train: 1.000000
Recall_train: 0.998741
F1_train: 0.999370

Costo_test: 0.000795
Precision_test: 1.000000
Recall_test: 1.000000
F1_test: 1.000000
 

Arquitectura: _2_6_1_
Semilla: 1788100548
Segundos: 49
NIteraciones: 100000

Costo_train: 0.001517
Precision_train: 1.000000
Recall_train: 0.997481
F1_train: 0.998739

Costo_test: 0.001049
Precision_test: 1.000000
Recall_test: 1.000000
F1_test: 1.000000
 

Arquitectura: _2_6_1_
Semilla: 1788100548
Segundos: 49
NIteraciones: 100000

Costo_train: 0.001272
Precision_train: 1.000000
Recall_train: 0.998741
F1_train: 0.999370

Costo_test: 0.000837
Precision_test: 1.000000
Recall_test: 1.000000
F1_test: 1.000000
 

Arquitectura: _2_6_1_
Semilla: 1788100548
Segundos: 49
NIteraciones: 100000

Costo_train: 0.001365
Precision_train: 1.000000
Recall_train: 0.998741
F1_train: 0.999370

Costo_test: 0.000885
Precision_test: 1.000000
Recall_test: 1.000000
F1_test: 1.000000
 

Arquitectura: _2_6_1_
Semilla: 1788100548
Segundos: 49
NIteraciones: 100000

Costo_train: 0.001266
Precision_train: 1.000000
Recall_train: 0.998741
F1_train: 0.999370

Costo_test: 0.001071
Precision_test: 1.000000
Recall_test: 1.000000
F1_test: 1.000000
 

Arquitectura: _2_6_1_
Semilla: 1788100548
Segundos: 49
NIteraciones: 100000

Costo_train: 0.001840
Precision_train: 0.998737
Recall_train: 0.996222
F1_train: 0.997478

Costo_test: 0.001389
Precision_test: 1.000000
Recall_test: 0.995146
F1_test: 0.997567
 

Arquitectura: _2_6_1_
Semilla: 1788100548
Segundos: 49
NIteraciones: 100000

Costo_train: 0.003463
Precision_train: 0.998736
Recall_train: 0.994962
F1_train: 0.996845

Costo_test: 0.003399
Precision_test: 0.995146
Recall_test: 0.995146
F1_test: 0.995146
 

Arquitectura: _2_6_1_
Semilla: 1788100548
Segundos: 49
NIteraciones: 100000

Costo_train: 0.003338
Precision_train: 0.997478
Recall_train: 0.996222
F1_train: 0.996849

Costo_test: 0.001996
Precision_test: 0.995169
Recall_test: 1.000000
F1_test: 0.997579
 

Arquitectura: _2_6_1_
Semilla: 1788100548
Segundos: 49
NIteraciones: 100000

Costo_train: 0.009384
Precision_train: 0.987406
Recall_train: 0.987406
F1_train: 0.987406

Costo_test: 0.008540
Precision_test: 0.990291
Recall_test: 0.990291
F1_test: 0.990291
 

Arquitectura: _2_6_1_
Semilla: 1788100548
Segundos: 49
NIteraciones: 100000

Costo_train: 0.001282
Precision_train: 1.000000
Recall_train: 0.998741
F1_train: 0.999370

Costo_test: 0.000891
Precision_test: 1.000000
Recall_test: 1.000000
F1_test: 1.000000
 

Arquitectura: _2_6_1_
Semilla: 1788100548
Segundos: 49
NIteraciones: 100000

Costo_train: 0.001263
Precision_train: 1.000000
Recall_train: 0.998741
F1_train: 0.999370

Costo_test: 0.000763
Precision_test: 1.000000
Recall_test: 1.000000
F1_test: 1.000000
 

Arquitectura: _2_6_1_
Semilla: 1788100548
Segundos: 49
NIteraciones: 100000

Costo_train: 0.001303
Precision_train: 1.000000
Recall_train: 0.998741
F1_train: 0.999370

Costo_test: 0.000923
Precision_test: 1.000000
Recall_test: 1.000000
F1_test: 1.000000
 

Arquitectura: _2_6_1_
Semilla: 1788100548
Segundos: 49
NIteraciones: 100000

Costo_train: 0.001919
Precision_train: 1.000000
Recall_train: 0.997481
F1_train: 0.998739

Costo_test: 0.001416
Precision_test: 1.000000
Recall_test: 1.000000
F1_test: 1.000000
 

Arquitectura: _2_6_1_
Semilla: 1788100548
Segundos: 49
NIteraciones: 100000

Costo_train: 0.001433
Precision_train: 0.998739
Recall_train: 0.997481
F1_train: 0.998110

Costo_test: 0.000936
Precision_test: 1.000000
Recall_test: 1.000000
F1_test: 1.000000
 

Arquitectura: _2_6_1_
Semilla: 1788100548
Segundos: 49
NIteraciones: 100000

Costo_train: 0.001614
Precision_train: 0.998739
Recall_train: 0.997481
F1_train: 0.998110

Costo_test: 0.001309
Precision_test: 1.000000
Recall_test: 1.000000
F1_test: 1.000000
 

Arquitectura: _2_6_1_
Semilla: 1788100548
Segundos: 49
NIteraciones: 100000

Costo_train: 0.002219
Precision_train: 1.000000
Recall_train: 0.997481
F1_train: 0.998739

Costo_test: 0.002141
Precision_test: 1.000000
Recall_test: 0.995146
F1_test: 0.997567
 

Arquitectura: _2_6_1_
Semilla: 1788100548
Segundos: 49
NIteraciones: 100000

Costo_train: 0.001523
Precision_train: 0.998741
Recall_train: 0.998741
F1_train: 0.998741

Costo_test: 0.001021
Precision_test: 1.000000
Recall_test: 1.000000
F1_test: 1.000000
 

Arquitectura: _2_6_1_
Semilla: 1788100548
Segundos: 49
NIteraciones: 100000

Costo_train: 0.001307
Precision_train: 1.000000
Recall_train: 0.998741
F1_train: 0.999370

Costo_test: 0.000952
Precision_test: 1.000000
Recall_test: 1.000000
F1_test: 1.000000
 

Arquitectura: _2_6_1_
Semilla: 1788100548
Segundos: 49
NIteraciones: 100000

Costo_train: 0.002643
Precision_train: 0.998736
Recall_train: 0.994962
F1_train: 0.996845

Costo_test: 0.003318
Precision_test: 0.995146
Recall_test: 0.995146
F1_test: 0.995146
 

Arquitectura: _2_6_1_
Semilla: 1788100548
Segundos: 49
NIteraciones: 100000

Costo_train: 0.001294
Precision_train: 1.000000
Recall_train: 0.997481
F1_train: 0.998739

Costo_test: 0.000828
Precision_test: 1.000000
Recall_test: 1.000000
F1_test: 1.000000
 

Arquitectura: _2_6_1_
Semilla: 1788100548
Segundos: 49
NIteraciones: 100000

Costo_train: 0.001211
Precision_train: 1.000000
Recall_train: 0.998741
F1_train: 0.999370

Costo_test: 0.000999
Precision_test: 1.000000
Recall_test: 1.000000
F1_test: 1.000000
 

Arquitectura: _2_6_1_
Semilla: 1788100548
Segundos: 49
NIteraciones: 100000

Costo_train: 0.009356
Precision_train: 0.987421
Recall_train: 0.988665
F1_train: 0.988043

Costo_test: 0.008522
Precision_test: 0.990291
Recall_test: 0.990291
F1_test: 0.990291
 

Arquitectura: _2_6_1_
Semilla: 1788100548
Segundos: 49
NIteraciones: 100000

Costo_train: 0.001315
Precision_train: 1.000000
Recall_train: 0.998741
F1_train: 0.999370

Costo_test: 0.001325
Precision_test: 1.000000
Recall_test: 0.995146
F1_test: 0.997567
 

Arquitectura: _2_6_1_
Semilla: 1788100548
Segundos: 49
NIteraciones: 100000

Costo_train: 0.001399
Precision_train: 1.000000
Recall_train: 0.998741
F1_train: 0.999370

Costo_test: 0.000909
Precision_test: 1.000000
Recall_test: 1.000000
F1_test: 1.000000
 

Arquitectura: _2_6_1_
Semilla: 1788100548
Segundos: 49
NIteraciones: 100000

Costo_train: 0.001338
Precision_train: 1.000000
Recall_train: 0.998741
F1_train: 0.999370

Costo_test: 0.000918
Precision_test: 1.000000
Recall_test: 1.000000
F1_test: 1.000000
 

Arquitectura: _2_6_1_
Semilla: 1788100548
Segundos: 49
NIteraciones: 100000

Costo_train: 0.009680
Precision_train: 0.988651
Recall_train: 0.987406
F1_train: 0.988028

Costo_test: 0.008933
Precision_test: 0.995098
Recall_test: 0.985437
F1_test: 0.990244
 

Arquitectura: _2_6_1_
Semilla: 1788100548
Segundos: 49
NIteraciones: 100000

Costo_train: 0.001846
Precision_train: 0.998741
Recall_train: 0.998741
F1_train: 0.998741

Costo_test: 0.002879
Precision_test: 1.000000
Recall_test: 0.995146
F1_test: 0.997567
 

Arquitectura: _2_6_1_
Semilla: 1788100548
Segundos: 49
NIteraciones: 100000

Costo_train: 0.001543
Precision_train: 0.998739
Recall_train: 0.997481
F1_train: 0.998110

Costo_test: 0.001032
Precision_test: 1.000000
Recall_test: 1.000000
F1_test: 1.000000
 

Arquitectura: _2_6_1_
Semilla: 1788100548
Segundos: 49
NIteraciones: 100000

Costo_train: 0.001298
Precision_train: 1.000000
Recall_train: 0.998741
F1_train: 0.999370

Costo_test: 0.000803
Precision_test: 1.000000
Recall_test: 1.000000
F1_test: 1.000000
 

Arquitectura: _2_6_1_
Semilla: 1788100548
Segundos: 49
NIteraciones: 100000

Costo_train: 0.002178
Precision_train: 0.998739
Recall_train: 0.997481
F1_train: 0.998110

Costo_test: 0.002114
Precision_test: 1.000000
Recall_test: 0.995146
F1_test: 0.997567
 

Arquitectura: _2_6_1_
Semilla: 1788100548
Segundos: 49
NIteraciones: 100000

Costo_train: 0.001328
Precision_train: 1.000000
Recall_train: 0.998741
F1_train: 0.999370

Costo_test: 0.000829
Precision_test: 1.000000
Recall_test: 1.000000
F1_test: 1.000000
 

Arquitectura: _2_6_1_
Semilla: 1788100548
Segundos: 49
NIteraciones: 100000

Costo_train: 0.001657
Precision_train: 1.000000
Recall_train: 0.997481
F1_train: 0.998739

Costo_test: 0.001141
Precision_test: 1.000000
Recall_test: 1.000000
F1_test: 1.000000
 

Arquitectura: _2_6_1_
Semilla: 1788100548
Segundos: 49
NIteraciones: 100000

Costo_train: 0.001474
Precision_train: 1.000000
Recall_train: 0.997481
F1_train: 0.998739

Costo_test: 0.001012
Precision_test: 1.000000
Recall_test: 1.000000
F1_test: 1.000000
 

Arquitectura: _2_6_1_
Semilla: 1788100548
Segundos: 49
NIteraciones: 100000

Costo_train: 0.007523
Precision_train: 0.991184
Recall_train: 0.991184
F1_train: 0.991184

Costo_test: 0.007132
Precision_test: 0.990291
Recall_test: 0.990291
F1_test: 0.990291
 

Arquitectura: _2_6_1_
Semilla: 1788100548
Segundos: 49
NIteraciones: 100000

Costo_train: 0.001355
Precision_train: 1.000000
Recall_train: 0.997481
F1_train: 0.998739

Costo_test: 0.000849
Precision_test: 1.000000
Recall_test: 1.000000
F1_test: 1.000000
 

Arquitectura: _2_6_1_
Semilla: 1788100548
Segundos: 49
NIteraciones: 100000

Costo_train: 0.001312
Precision_train: 1.000000
Recall_train: 0.997481
F1_train: 0.998739

Costo_test: 0.000812
Precision_test: 1.000000
Recall_test: 1.000000
F1_test: 1.000000
 

Arquitectura: _2_6_1_
Semilla: 1788100548
Segundos: 49
NIteraciones: 100000

Costo_train: 0.001277
Precision_train: 1.000000
Recall_train: 0.997481
F1_train: 0.998739

Costo_test: 0.000785
Precision_test: 1.000000
Recall_test: 1.000000
F1_test: 1.000000
 

Arquitectura: _2_6_1_
Semilla: 1788100548
Segundos: 49
NIteraciones: 100000

Costo_train: 0.001333
Precision_train: 1.000000
Recall_train: 0.998741
F1_train: 0.999370

Costo_test: 0.000863
Precision_test: 1.000000
Recall_test: 1.000000
F1_test: 1.000000
 

Arquitectura: _2_6_1_
Semilla: 1788100548
Segundos: 49
NIteraciones: 100000

Costo_train: 0.001299
Precision_train: 1.000000
Recall_train: 0.998741
F1_train: 0.999370

Costo_test: 0.000840
Precision_test: 1.000000
Recall_test: 1.000000
F1_test: 1.000000
 

Arquitectura: _2_6_1_
Semilla: 1788100548
Segundos: 49
NIteraciones: 100000

Costo_train: 0.001351
Precision_train: 1.000000
Recall_train: 0.997481
F1_train: 0.998739

Costo_test: 0.000885
Precision_test: 1.000000
Recall_test: 1.000000
F1_test: 1.000000
 

Arquitectura: _2_6_1_
Semilla: 1788100548
Segundos: 49
NIteraciones: 100000

Costo_train: 0.001339
Precision_train: 1.000000
Recall_train: 0.997481
F1_train: 0.998739

Costo_test: 0.000879
Precision_test: 1.000000
Recall_test: 1.000000
F1_test: 1.000000
 

Arquitectura: _2_6_1_
Semilla: 1788100548
Segundos: 49
NIteraciones: 100000

Costo_train: 0.002090
Precision_train: 0.998737
Recall_train: 0.996222
F1_train: 0.997478

Costo_test: 0.001363
Precision_test: 1.000000
Recall_test: 1.000000
F1_test: 1.000000
 

Arquitectura: _2_6_1_
Semilla: 1788100548
Segundos: 49
NIteraciones: 100000

Costo_train: 0.003688
Precision_train: 0.996231
Recall_train: 0.998741
F1_train: 0.997484

Costo_test: 0.002673
Precision_test: 1.000000
Recall_test: 0.995146
F1_test: 0.997567
 

Arquitectura: _2_6_1_
Semilla: 1788100548
Segundos: 49
NIteraciones: 100000

Costo_train: 0.002083
Precision_train: 0.998741
Recall_train: 0.998741
F1_train: 0.998741

Costo_test: 0.003458
Precision_test: 1.000000
Recall_test: 0.995146
F1_test: 0.997567
 

Arquitectura: _2_6_1_
Semilla: 1788100548
Segundos: 49
NIteraciones: 100000

Costo_train: 0.001929
Precision_train: 1.000000
Recall_train: 0.998741
F1_train: 0.999370

Costo_test: 0.003416
Precision_test: 1.000000
Recall_test: 0.995146
F1_test: 0.997567
 

Arquitectura: _2_6_1_
Semilla: 1788100548
Segundos: 49
NIteraciones: 100000

Costo_train: 0.002011
Precision_train: 0.998737
Recall_train: 0.996222
F1_train: 0.997478

Costo_test: 0.001215
Precision_test: 1.000000
Recall_test: 1.000000
F1_test: 1.000000
 

Arquitectura: _2_6_1_
Semilla: 1788100548
Segundos: 49
NIteraciones: 100000

Costo_train: 0.001330
Precision_train: 1.000000
Recall_train: 0.998741
F1_train: 0.999370

Costo_test: 0.000882
Precision_test: 1.000000
Recall_test: 1.000000
F1_test: 1.000000
 

Arquitectura: _2_6_1_
Semilla: 1788100548
Segundos: 49
NIteraciones: 100000

Costo_train: 0.006797
Precision_train: 0.993687
Recall_train: 0.991184
F1_train: 0.992434

Costo_test: 0.005681
Precision_test: 0.995122
Recall_test: 0.990291
F1_test: 0.992701
 

Arquitectura: _2_6_1_
Semilla: 1788100548
Segundos: 49
NIteraciones: 100000

Costo_train: 0.001957
Precision_train: 1.000000
Recall_train: 0.997481
F1_train: 0.998739

Costo_test: 0.001705
Precision_test: 1.000000
Recall_test: 1.000000
F1_test: 1.000000
 

Arquitectura: _2_6_1_
Semilla: 1788100548
Segundos: 49
NIteraciones: 100000

Costo_train: 0.006583
Precision_train: 0.991195
Recall_train: 0.992443
F1_train: 0.991819

Costo_test: 0.006537
Precision_test: 0.990338
Recall_test: 0.995146
F1_test: 0.992736
 

Arquitectura: _2_6_1_
Semilla: 1788100548
Segundos: 49
NIteraciones: 100000

Costo_train: 0.001732
Precision_train: 0.998737
Recall_train: 0.996222
F1_train: 0.997478

Costo_test: 0.001033
Precision_test: 1.000000
Recall_test: 1.000000
F1_test: 1.000000
 

Arquitectura: _2_6_1_
Semilla: 1788100548
Segundos: 49
NIteraciones: 100000

Costo_train: 0.001361
Precision_train: 1.000000
Recall_train: 0.998741
F1_train: 0.999370

Costo_test: 0.001130
Precision_test: 1.000000
Recall_test: 1.000000
F1_test: 1.000000
 


--- Test Profunda 2.0 ---
Iteración 10000
Costo: 0.250006
Iteración 20000
Costo: 0.249918
Iteración 30000
Costo: 0.249614
Iteración 40000
Costo: 0.182245
Iteración 50000
Costo: 0.009483
Iteración 60000
Costo: 0.004318
Iteración 70000
Costo: 0.002867
Iteración 80000
Costo: 0.002151
Iteración 90000
Costo: 0.001726

Arquitectura: _2_3_3_1_
Semilla: 1788100597
Segundos: 93
NIteraciones: 100000

Costo_train: 0.001443
Precision_train: 1.000000
Recall_train: 0.998741
F1_train: 0.999370

Costo_test: 0.001090
Precision_test: 1.000000
Recall_test: 1.000000
F1_test: 1.000000
 

Arquitectura: _2_3_3_1_
Semilla: 1788100597
Segundos: 93
NIteraciones: 100000

Costo_train: 0.001175
Precision_train: 1.000000
Recall_train: 0.998741
F1_train: 0.999370

Costo_test: 0.000712
Precision_test: 1.000000
Recall_test: 1.000000
F1_test: 1.000000
 

Arquitectura: _2_3_3_1_
Semilla: 1788100597
Segundos: 93
NIteraciones: 100000

Costo_train: 0.008242
Precision_train: 0.989937
Recall_train: 0.991184
F1_train: 0.990560

Costo_test: 0.008027
Precision_test: 0.990291
Recall_test: 0.990291
F1_test: 0.990291
 

Arquitectura: _2_3_3_1_
Semilla: 1788100597
Segundos: 93
NIteraciones: 100000

Costo_train: 0.009246
Precision_train: 0.987421
Recall_train: 0.988665
F1_train: 0.988043

Costo_test: 0.008258
Precision_test: 0.990291
Recall_test: 0.990291
F1_test: 0.990291
 

Arquitectura: _2_3_3_1_
Semilla: 1788100597
Segundos: 93
NIteraciones: 100000

Costo_train: 0.008884
Precision_train: 0.988679
Recall_train: 0.989924
F1_train: 0.989302

Costo_test: 0.008262
Precision_test: 0.995098
Recall_test: 0.985437
F1_test: 0.990244
 

Arquitectura: _2_3_3_1_
Semilla: 1788100597
Segundos: 93
NIteraciones: 100000

Costo_train: 0.009323
Precision_train: 0.988665
Recall_train: 0.988665
F1_train: 0.988665

Costo_test: 0.008378
Precision_test: 0.990291
Recall_test: 0.990291
F1_test: 0.990291
 

Arquitectura: _2_3_3_1_
Semilla: 1788100597
Segundos: 93
NIteraciones: 100000

Costo_train: 0.002740
Precision_train: 0.998737
Recall_train: 0.996222
F1_train: 0.997478

Costo_test: 0.001459
Precision_test: 1.000000
Recall_test: 1.000000
F1_test: 1.000000
 

Arquitectura: _2_3_3_1_
Semilla: 1788100597
Segundos: 93
NIteraciones: 100000

Costo_train: 0.002531
Precision_train: 0.998737
Recall_train: 0.996222
F1_train: 0.997478

Costo_test: 0.001108
Precision_test: 1.000000
Recall_test: 1.000000
F1_test: 1.000000
 

Arquitectura: _2_3_3_1_
Semilla: 1788100597
Segundos: 93
NIteraciones: 100000

Costo_train: 0.002256
Precision_train: 0.997481
Recall_train: 0.997481
F1_train: 0.997481

Costo_test: 0.001921
Precision_test: 1.000000
Recall_test: 0.995146
F1_test: 0.997567
 

Arquitectura: _2_3_3_1_
Semilla: 1788100597
Segundos: 93
NIteraciones: 100000

Costo_train: 0.002567
Precision_train: 0.998737
Recall_train: 0.996222
F1_train: 0.997478

Costo_test: 0.001285
Precision_test: 1.000000
Recall_test: 1.000000
F1_test: 1.000000
 

Arquitectura: _2_3_3_1_
Semilla: 1788100597
Segundos: 93
NIteraciones: 100000

Costo_train: 0.002286
Precision_train: 0.997481
Recall_train: 0.997481
F1_train: 0.997481

Costo_test: 0.001999
Precision_test: 1.000000
Recall_test: 0.995146
F1_test: 0.997567
 

Arquitectura: _2_3_3_1_
Semilla: 1788100597
Segundos: 93
NIteraciones: 100000

Costo_train: 0.009488
Precision_train: 0.988651
Recall_train: 0.987406
F1_train: 0.988028

Costo_test: 0.008996
Precision_test: 0.995098
Recall_test: 0.985437
F1_test: 0.990244
 

Arquitectura: _2_3_3_1_
Semilla: 1788100597
Segundos: 93
NIteraciones: 100000

Costo_train: 0.002080
Precision_train: 0.997481
Recall_train: 0.997481
F1_train: 0.997481

Costo_test: 0.001798
Precision_test: 1.000000
Recall_test: 0.995146
F1_test: 0.997567
 

Arquitectura: _2_3_3_1_
Semilla: 1788100597
Segundos: 93
NIteraciones: 100000

Costo_train: 0.009216
Precision_train: 0.987421
Recall_train: 0.988665
F1_train: 0.988043

Costo_test: 0.008248
Precision_test: 0.990291
Recall_test: 0.990291
F1_test: 0.990291
 

Arquitectura: _2_3_3_1_
Semilla: 1788100597
Segundos: 93
NIteraciones: 100000

Costo_train: 0.002365
Precision_train: 0.997481
Recall_train: 0.997481
F1_train: 0.997481

Costo_test: 0.002102
Precision_test: 1.000000
Recall_test: 0.995146
F1_test: 0.997567
 

Arquitectura: _2_3_3_1_
Semilla: 1788100597
Segundos: 93
NIteraciones: 100000

Costo_train: 0.001990
Precision_train: 1.000000
Recall_train: 0.997481
F1_train: 0.998739

Costo_test: 0.002204
Precision_test: 1.000000
Recall_test: 0.995146
F1_test: 0.997567
 

Arquitectura: _2_3_3_1_
Semilla: 1788100597
Segundos: 93
NIteraciones: 100000

Costo_train: 0.007893
Precision_train: 0.992405
Recall_train: 0.987406
F1_train: 0.989899

Costo_test: 0.007669
Precision_test: 0.995098
Recall_test: 0.985437
F1_test: 0.990244
 

Arquitectura: _2_3_3_1_
Semilla: 1788100597
Segundos: 93
NIteraciones: 100000

Costo_train: 0.009284
Precision_train: 0.987421
Recall_train: 0.988665
F1_train: 0.988043

Costo_test: 0.008294
Precision_test: 0.990291
Recall_test: 0.990291
F1_test: 0.990291
 

Arquitectura: _2_3_3_1_
Semilla: 1788100597
Segundos: 93
NIteraciones: 100000

Costo_train: 0.002536
Precision_train: 0.998737
Recall_train: 0.996222
F1_train: 0.997478

Costo_test: 0.001194
Precision_test: 1.000000
Recall_test: 1.000000
F1_test: 1.000000
 

Arquitectura: _2_3_3_1_
Semilla: 1788100597
Segundos: 93
NIteraciones: 100000

Costo_train: 0.001559
Precision_train: 1.000000
Recall_train: 0.998741
F1_train: 0.999370

Costo_test: 0.000922
Precision_test: 1.000000
Recall_test: 1.000000
F1_test: 1.000000
 

Arquitectura: _2_3_3_1_
Semilla: 1788100597
Segundos: 93
NIteraciones: 100000

Costo_train: 0.008671
Precision_train: 0.989924
Recall_train: 0.989924
F1_train: 0.989924

Costo_test: 0.007953
Precision_test: 0.990291
Recall_test: 0.990291
F1_test: 0.990291
 

Arquitectura: _2_3_3_1_
Semilla: 1788100597
Segundos: 93
NIteraciones: 100000

Costo_train: 0.009717
Precision_train: 0.988651
Recall_train: 0.987406
F1_train: 0.988028

Costo_test: 0.009022
Precision_test: 0.995098
Recall_test: 0.985437
F1_test: 0.990244
 

Arquitectura: _2_3_3_1_
Semilla: 1788100597
Segundos: 93
NIteraciones: 100000

Costo_train: 0.002022
Precision_train: 0.998741
Recall_train: 0.998741
F1_train: 0.998741

Costo_test: 0.003689
Precision_test: 0.995146
Recall_test: 0.995146
F1_test: 0.995146
 

Arquitectura: _2_3_3_1_
Semilla: 1788100597
Segundos: 93
NIteraciones: 100000

Costo_train: 0.009257
Precision_train: 0.987421
Recall_train: 0.988665
F1_train: 0.988043

Costo_test: 0.008237
Precision_test: 0.990291
Recall_test: 0.990291
F1_test: 0.990291
 

Arquitectura: _2_3_3_1_
Semilla: 1788100597
Segundos: 93
NIteraciones: 100000

Costo_train: 0.002159
Precision_train: 0.997481
Recall_train: 0.997481
F1_train: 0.997481

Costo_test: 0.001771
Precision_test: 1.000000
Recall_test: 0.995146
F1_test: 0.997567
 

Arquitectura: _2_3_3_1_
Semilla: 1788100597
Segundos: 93
NIteraciones: 100000

Costo_train: 0.009332
Precision_train: 0.988665
Recall_train: 0.988665
F1_train: 0.988665

Costo_test: 0.008459
Precision_test: 0.990291
Recall_test: 0.990291
F1_test: 0.990291
 

Arquitectura: _2_3_3_1_
Semilla: 1788100597
Segundos: 93
NIteraciones: 100000

Costo_train: 0.001507
Precision_train: 1.000000
Recall_train: 0.997481
F1_train: 0.998739

Costo_test: 0.001835
Precision_test: 1.000000
Recall_test: 0.995146
F1_test: 0.997567
 

Arquitectura: _2_3_3_1_
Semilla: 1788100597
Segundos: 93
NIteraciones: 100000

Costo_train: 0.008134
Precision_train: 0.988693
Recall_train: 0.991184
F1_train: 0.989937

Costo_test: 0.007404
Precision_test: 0.990291
Recall_test: 0.990291
F1_test: 0.990291
 

Arquitectura: _2_3_3_1_
Semilla: 1788100597
Segundos: 93
NIteraciones: 100000

Costo_train: 0.009328
Precision_train: 0.987421
Recall_train: 0.988665
F1_train: 0.988043

Costo_test: 0.008284
Precision_test: 0.990291
Recall_test: 0.990291
F1_test: 0.990291
 

Arquitectura: _2_3_3_1_
Semilla: 1788100597
Segundos: 93
NIteraciones: 100000

Costo_train: 0.003297
Precision_train: 0.998741
Recall_train: 0.998741
F1_train: 0.998741

Costo_test: 0.005254
Precision_test: 0.995122
Recall_test: 0.990291
F1_test: 0.992701
 

Arquitectura: _2_3_3_1_
Semilla: 1788100597
Segundos: 93
NIteraciones: 100000

Costo_train: 0.009214
Precision_train: 0.987421
Recall_train: 0.988665
F1_train: 0.988043

Costo_test: 0.008236
Precision_test: 0.990291
Recall_test: 0.990291
F1_test: 0.990291
 

Arquitectura: _2_3_3_1_
Semilla: 1788100597
Segundos: 93
NIteraciones: 100000

Costo_train: 0.002056
Precision_train: 0.997484
Recall_train: 0.998741
F1_train: 0.998112

Costo_test: 0.001731
Precision_test: 1.000000
Recall_test: 0.995146
F1_test: 0.997567
 

Arquitectura: _2_3_3_1_
Semilla: 1788100597
Segundos: 93
NIteraciones: 100000

Costo_train: 0.004114
Precision_train: 0.996226
Recall_train: 0.997481
F1_train: 0.996853

Costo_test: 0.005777
Precision_test: 0.995122
Recall_test: 0.990291
F1_test: 0.992701
 

Arquitectura: _2_3_3_1_
Semilla: 1788100597
Segundos: 93
NIteraciones: 100000

Costo_train: 0.002415
Precision_train: 0.998739
Recall_train: 0.997481
F1_train: 0.998110

Costo_test: 0.002861
Precision_test: 1.000000
Recall_test: 0.995146
F1_test: 0.997567
 

Arquitectura: _2_3_3_1_
Semilla: 1788100597
Segundos: 93
NIteraciones: 100000

Costo_train: 0.001438
Precision_train: 1.000000
Recall_train: 0.998741
F1_train: 0.999370

Costo_test: 0.003154
Precision_test: 1.000000
Recall_test: 0.995146
F1_test: 0.997567
 

Arquitectura: _2_3_3_1_
Semilla: 1788100597
Segundos: 93
NIteraciones: 100000

Costo_train: 0.008309
Precision_train: 0.989924
Recall_train: 0.989924
F1_train: 0.989924

Costo_test: 0.008079
Precision_test: 0.995098
Recall_test: 0.985437
F1_test: 0.990244
 

Arquitectura: _2_3_3_1_
Semilla: 1788100597
Segundos: 93
NIteraciones: 100000

Costo_train: 0.001383
Precision_train: 1.000000
Recall_train: 0.998741
F1_train: 0.999370

Costo_test: 0.003153
Precision_test: 1.000000
Recall_test: 0.995146
F1_test: 0.997567
 

Arquitectura: _2_3_3_1_
Semilla: 1788100597
Segundos: 93
NIteraciones: 100000

Costo_train: 0.001107
Precision_train: 1.000000
Recall_train: 0.998741
F1_train: 0.999370

Costo_test: 0.000935
Precision_test: 1.000000
Recall_test: 1.000000
F1_test: 1.000000
 

Arquitectura: _2_3_3_1_
Semilla: 1788100597
Segundos: 93
NIteraciones: 100000

Costo_train: 0.002178
Precision_train: 0.997481
Recall_train: 0.997481
F1_train: 0.997481

Costo_test: 0.001753
Precision_test: 1.000000
Recall_test: 0.995146
F1_test: 0.997567
 

Arquitectura: _2_3_3_1_
Semilla: 1788100597
Segundos: 93
NIteraciones: 100000

Costo_train: 0.009513
Precision_train: 0.988651
Recall_train: 0.987406
F1_train: 0.988028

Costo_test: 0.008893
Precision_test: 0.995098
Recall_test: 0.985437
F1_test: 0.990244
 

Arquitectura: _2_3_3_1_
Semilla: 1788100597
Segundos: 93
NIteraciones: 100000

Costo_train: 0.006028
Precision_train: 0.993687
Recall_train: 0.991184
F1_train: 0.992434

Costo_test: 0.005624
Precision_test: 0.990338
Recall_test: 0.995146
F1_test: 0.992736
 

Arquitectura: _2_3_3_1_
Semilla: 1788100597
Segundos: 93
NIteraciones: 100000

Costo_train: 0.001403
Precision_train: 1.000000
Recall_train: 0.998741
F1_train: 0.999370

Costo_test: 0.003080
Precision_test: 1.000000
Recall_test: 0.995146
F1_test: 0.997567
 

Arquitectura: _2_3_3_1_
Semilla: 1788100597
Segundos: 93
NIteraciones: 100000

Costo_train: 0.009521
Precision_train: 0.988651
Recall_train: 0.987406
F1_train: 0.988028

Costo_test: 0.008902
Precision_test: 0.995098
Recall_test: 0.985437
F1_test: 0.990244
 

Arquitectura: _2_3_3_1_
Semilla: 1788100597
Segundos: 93
NIteraciones: 100000

Costo_train: 0.002693
Precision_train: 0.997484
Recall_train: 0.998741
F1_train: 0.998112

Costo_test: 0.002809
Precision_test: 1.000000
Recall_test: 0.990291
F1_test: 0.995122
 

Arquitectura: _2_3_3_1_
Semilla: 1788100597
Segundos: 93
NIteraciones: 100000

Costo_train: 0.002260
Precision_train: 0.997481
Recall_train: 0.997481
F1_train: 0.997481

Costo_test: 0.001955
Precision_test: 1.000000
Recall_test: 0.995146
F1_test: 0.997567
 

Arquitectura: _2_3_3_1_
Semilla: 1788100597
Segundos: 93
NIteraciones: 100000

Costo_train: 0.002218
Precision_train: 0.997481
Recall_train: 0.997481
F1_train: 0.997481

Costo_test: 0.001810
Precision_test: 1.000000
Recall_test: 0.995146
F1_test: 0.997567
 

Arquitectura: _2_3_3_1_
Semilla: 1788100597
Segundos: 93
NIteraciones: 100000

Costo_train: 0.000971
Precision_train: 0.998742
Recall_train: 1.000000
F1_train: 0.999371

Costo_test: 0.000579
Precision_test: 1.000000
Recall_test: 1.000000
F1_test: 1.000000
 

Arquitectura: _2_3_3_1_
Semilla: 1788100597
Segundos: 93
NIteraciones: 100000

Costo_train: 0.009527
Precision_train: 0.988651
Recall_train: 0.987406
F1_train: 0.988028

Costo_test: 0.008826
Precision_test: 0.995098
Recall_test: 0.985437
F1_test: 0.990244
 

Arquitectura: _2_3_3_1_
Semilla: 1788100597
Segundos: 93
NIteraciones: 100000

Costo_train: 0.009126
Precision_train: 0.989912
Recall_train: 0.988665
F1_train: 0.989288

Costo_test: 0.008257
Precision_test: 0.990291
Recall_test: 0.990291
F1_test: 0.990291
 

Arquitectura: _2_3_3_1_
Semilla: 1788100597
Segundos: 93
NIteraciones: 100000

Costo_train: 0.009238
Precision_train: 0.987421
Recall_train: 0.988665
F1_train: 0.988043

Costo_test: 0.008158
Precision_test: 0.990291
Recall_test: 0.990291
F1_test: 0.990291
 

Arquitectura: _2_3_3_1_
Semilla: 1788100597
Segundos: 93
NIteraciones: 100000

Costo_train: 0.001954
Precision_train: 0.998739
Recall_train: 0.997481
F1_train: 0.998110

Costo_test: 0.002608
Precision_test: 0.995122
Recall_test: 0.990291
F1_test: 0.992701
 

Arquitectura: _2_3_3_1_
Semilla: 1788100597
Segundos: 93
NIteraciones: 100000

Costo_train: 0.009184
Precision_train: 0.988665
Recall_train: 0.988665
F1_train: 0.988665

Costo_test: 0.008306
Precision_test: 0.990291
Recall_test: 0.990291
F1_test: 0.990291
 

Arquitectura: _2_3_3_1_
Semilla: 1788100597
Segundos: 93
NIteraciones: 100000

Costo_train: 0.002184
Precision_train: 0.997484
Recall_train: 0.998741
F1_train: 0.998112

Costo_test: 0.002148
Precision_test: 1.000000
Recall_test: 0.990291
F1_test: 0.995122
 

Arquitectura: _2_3_3_1_
Semilla: 1788100597
Segundos: 93
NIteraciones: 100000

Costo_train: 0.009110
Precision_train: 0.989912
Recall_train: 0.988665
F1_train: 0.989288

Costo_test: 0.008281
Precision_test: 0.990291
Recall_test: 0.990291
F1_test: 0.990291
 

Arquitectura: _2_3_3_1_
Semilla: 1788100597
Segundos: 93
NIteraciones: 100000

Costo_train: 0.006358
Precision_train: 0.993695
Recall_train: 0.992443
F1_train: 0.993069

Costo_test: 0.006776
Precision_test: 0.990338
Recall_test: 0.995146
F1_test: 0.992736
 

Arquitectura: _2_3_3_1_
Semilla: 1788100597
Segundos: 94
NIteraciones: 100000

Costo_train: 0.001410
Precision_train: 1.000000
Recall_train: 0.998741
F1_train: 0.999370

Costo_test: 0.003090
Precision_test: 1.000000
Recall_test: 0.995146
F1_test: 0.997567
 

Arquitectura: _2_3_3_1_
Semilla: 1788100597
Segundos: 94
NIteraciones: 100000

Costo_train: 0.001521
Precision_train: 1.000000
Recall_train: 0.997481
F1_train: 0.998739

Costo_test: 0.001435
Precision_test: 1.000000
Recall_test: 1.000000
F1_test: 1.000000
 

Arquitectura: _2_3_3_1_
Semilla: 1788100597
Segundos: 94
NIteraciones: 100000

Costo_train: 0.002090
Precision_train: 0.997481
Recall_train: 0.997481
F1_train: 0.997481

Costo_test: 0.001722
Precision_test: 1.000000
Recall_test: 0.995146
F1_test: 0.997567
 

Arquitectura: _2_3_3_1_
Semilla: 1788100597
Segundos: 94
NIteraciones: 100000

Costo_train: 0.002694
Precision_train: 0.998737
Recall_train: 0.996222
F1_train: 0.997478

Costo_test: 0.001461
Precision_test: 1.000000
Recall_test: 1.000000
F1_test: 1.000000
 

Arquitectura: _2_3_3_1_
Semilla: 1788100597
Segundos: 94
NIteraciones: 100000

Costo_train: 0.002547
Precision_train: 0.998737
Recall_train: 0.996222
F1_train: 0.997478

Costo_test: 0.001116
Precision_test: 1.000000
Recall_test: 1.000000
F1_test: 1.000000
 

Arquitectura: _2_3_3_1_
Semilla: 1788100597
Segundos: 94
NIteraciones: 100000

Costo_train: 0.005392
Precision_train: 0.994950
Recall_train: 0.992443
F1_train: 0.993695

Costo_test: 0.006166
Precision_test: 0.990338
Recall_test: 0.995146
F1_test: 0.992736
 

Arquitectura: _2_3_3_1_
Semilla: 1788100597
Segundos: 94
NIteraciones: 100000

Costo_train: 0.009465
Precision_train: 0.988651
Recall_train: 0.987406
F1_train: 0.988028

Costo_test: 0.008923
Precision_test: 0.995098
Recall_test: 0.985437
F1_test: 0.990244
 

Arquitectura: _2_3_3_1_
Semilla: 1788100597
Segundos: 94
NIteraciones: 100000

Costo_train: 0.009536
Precision_train: 0.988651
Recall_train: 0.987406
F1_train: 0.988028

Costo_test: 0.008837
Precision_test: 0.995098
Recall_test: 0.985437
F1_test: 0.990244
 

Arquitectura: _2_3_3_1_
Semilla: 1788100597
Segundos: 94
NIteraciones: 100000

Costo_train: 0.001648
Precision_train: 1.000000
Recall_train: 0.997481
F1_train: 0.998739

Costo_test: 0.001600
Precision_test: 1.000000
Recall_test: 1.000000
F1_test: 1.000000
 

Arquitectura: _2_3_3_1_
Semilla: 1788100597
Segundos: 94
NIteraciones: 100000

Costo_train: 0.009031
Precision_train: 0.989912
Recall_train: 0.988665
F1_train: 0.989288

Costo_test: 0.008346
Precision_test: 0.990291
Recall_test: 0.990291
F1_test: 0.990291
 

Arquitectura: _2_3_3_1_
Semilla: 1788100597
Segundos: 94
NIteraciones: 100000

Costo_train: 0.009468
Precision_train: 0.988651
Recall_train: 0.987406
F1_train: 0.988028

Costo_test: 0.008933
Precision_test: 0.995098
Recall_test: 0.985437
F1_test: 0.990244
 

Arquitectura: _2_3_3_1_
Semilla: 1788100597
Segundos: 94
NIteraciones: 100000

Costo_train: 0.001434
Precision_train: 1.000000
Recall_train: 0.998741
F1_train: 0.999370

Costo_test: 0.003159
Precision_test: 0.995146
Recall_test: 0.995146
F1_test: 0.995146
 

Arquitectura: _2_3_3_1_
Semilla: 1788100597
Segundos: 94
NIteraciones: 100000

Costo_train: 0.002688
Precision_train: 0.998737
Recall_train: 0.996222
F1_train: 0.997478

Costo_test: 0.001409
Precision_test: 1.000000
Recall_test: 1.000000
F1_test: 1.000000
 

Arquitectura: _2_3_3_1_
Semilla: 1788100597
Segundos: 94
NIteraciones: 100000

Costo_train: 0.009408
Precision_train: 0.988665
Recall_train: 0.988665
F1_train: 0.988665

Costo_test: 0.008348
Precision_test: 0.990291
Recall_test: 0.990291
F1_test: 0.990291
 

Arquitectura: _2_3_3_1_
Semilla: 1788100597
Segundos: 94
NIteraciones: 100000

Costo_train: 0.002310
Precision_train: 0.997481
Recall_train: 0.997481
F1_train: 0.997481

Costo_test: 0.002079
Precision_test: 1.000000
Recall_test: 0.995146
F1_test: 0.997567
 

Arquitectura: _2_3_3_1_
Semilla: 1788100597
Segundos: 94
NIteraciones: 100000

Costo_train: 0.002529
Precision_train: 0.998737
Recall_train: 0.996222
F1_train: 0.997478

Costo_test: 0.001184
Precision_test: 1.000000
Recall_test: 1.000000
F1_test: 1.000000
 

Arquitectura: _2_3_3_1_
Semilla: 1788100597
Segundos: 94
NIteraciones: 100000

Costo_train: 0.009222
Precision_train: 0.987421
Recall_train: 0.988665
F1_train: 0.988043

Costo_test: 0.008165
Precision_test: 0.990291
Recall_test: 0.990291
F1_test: 0.990291
 

Arquitectura: _2_3_3_1_
Semilla: 1788100597
Segundos: 94
NIteraciones: 100000

Costo_train: 0.002374
Precision_train: 0.998741
Recall_train: 0.998741
F1_train: 0.998741

Costo_test: 0.002444
Precision_test: 1.000000
Recall_test: 0.990291
F1_test: 0.995122
 

Arquitectura: _2_3_3_1_
Semilla: 1788100597
Segundos: 94
NIteraciones: 100000

Costo_train: 0.002739
Precision_train: 0.998737
Recall_train: 0.996222
F1_train: 0.997478

Costo_test: 0.001393
Precision_test: 1.000000
Recall_test: 1.000000
F1_test: 1.000000
 

Arquitectura: _2_3_3_1_
Semilla: 1788100597
Segundos: 94
NIteraciones: 100000

Costo_train: 0.003649
Precision_train: 0.997475
Recall_train: 0.994962
F1_train: 0.996217

Costo_test: 0.002691
Precision_test: 0.995169
Recall_test: 1.000000
F1_test: 0.997579
 

Arquitectura: _2_3_3_1_
Semilla: 1788100597
Segundos: 94
NIteraciones: 100000

Costo_train: 0.001510
Precision_train: 1.000000
Recall_train: 0.997481
F1_train: 0.998739

Costo_test: 0.001639
Precision_test: 1.000000
Recall_test: 0.995146
F1_test: 0.997567
 

Arquitectura: _2_3_3_1_
Semilla: 1788100597
Segundos: 94
NIteraciones: 100000

Costo_train: 0.009228
Precision_train: 0.987421
Recall_train: 0.988665
F1_train: 0.988043

Costo_test: 0.008184
Precision_test: 0.990291
Recall_test: 0.990291
F1_test: 0.990291
 

Arquitectura: _2_3_3_1_
Semilla: 1788100597
Segundos: 94
NIteraciones: 100000

Costo_train: 0.002615
Precision_train: 0.998737
Recall_train: 0.996222
F1_train: 0.997478

Costo_test: 0.001275
Precision_test: 1.000000
Recall_test: 1.000000
F1_test: 1.000000
 

Arquitectura: _2_3_3_1_
Semilla: 1788100597
Segundos: 94
NIteraciones: 100000

Costo_train: 0.001524
Precision_train: 1.000000
Recall_train: 0.997481
F1_train: 0.998739

Costo_test: 0.001380
Precision_test: 1.000000
Recall_test: 1.000000
F1_test: 1.000000
 

Arquitectura: _2_3_3_1_
Semilla: 1788100597
Segundos: 94
NIteraciones: 100000

Costo_train: 0.001582
Precision_train: 1.000000
Recall_train: 0.997481
F1_train: 0.998739

Costo_test: 0.001727
Precision_test: 1.000000
Recall_test: 0.995146
F1_test: 0.997567
 

Arquitectura: _2_3_3_1_
Semilla: 1788100597
Segundos: 94
NIteraciones: 100000

Costo_train: 0.002329
Precision_train: 0.998739
Recall_train: 0.997481
F1_train: 0.998110

Costo_test: 0.003096
Precision_test: 1.000000
Recall_test: 0.995146
F1_test: 0.997567
 

Arquitectura: _2_3_3_1_
Semilla: 1788100597
Segundos: 94
NIteraciones: 100000

Costo_train: 0.001999
Precision_train: 0.998739
Recall_train: 0.997481
F1_train: 0.998110

Costo_test: 0.001498
Precision_test: 1.000000
Recall_test: 1.000000
F1_test: 1.000000
 

Arquitectura: _2_3_3_1_
Semilla: 1788100597
Segundos: 94
NIteraciones: 100000

Costo_train: 0.009190
Precision_train: 0.987421
Recall_train: 0.988665
F1_train: 0.988043

Costo_test: 0.008183
Precision_test: 0.990291
Recall_test: 0.990291
F1_test: 0.990291
 

Arquitectura: _2_3_3_1_
Semilla: 1788100597
Segundos: 94
NIteraciones: 100000

Costo_train: 0.002559
Precision_train: 0.998737
Recall_train: 0.996222
F1_train: 0.997478

Costo_test: 0.001241
Precision_test: 1.000000
Recall_test: 1.000000
F1_test: 1.000000
 

Arquitectura: _2_3_3_1_
Semilla: 1788100597
Segundos: 94
NIteraciones: 100000

Costo_train: 0.001787
Precision_train: 0.998741
Recall_train: 0.998741
F1_train: 0.998741

Costo_test: 0.003453
Precision_test: 1.000000
Recall_test: 0.995146
F1_test: 0.997567
 

Arquitectura: _2_3_3_1_
Semilla: 1788100597
Segundos: 94
NIteraciones: 100000

Costo_train: 0.009558
Precision_train: 0.989899
Recall_train: 0.987406
F1_train: 0.988651

Costo_test: 0.008865
Precision_test: 0.995098
Recall_test: 0.985437
F1_test: 0.990244
 

Arquitectura: _2_3_3_1_
Semilla: 1788100597
Segundos: 94
NIteraciones: 100000

Costo_train: 0.002919
Precision_train: 0.996231
Recall_train: 0.998741
F1_train: 0.997484

Costo_test: 0.003199
Precision_test: 1.000000
Recall_test: 0.990291
F1_test: 0.995122
 

Arquitectura: _2_3_3_1_
Semilla: 1788100597
Segundos: 94
NIteraciones: 100000

Costo_train: 0.005591
Precision_train: 0.993711
Recall_train: 0.994962
F1_train: 0.994336

Costo_test: 0.005688
Precision_test: 0.995146
Recall_test: 0.995146
F1_test: 0.995146
 

Arquitectura: _2_3_3_1_
Semilla: 1788100597
Segundos: 94
NIteraciones: 100000

Costo_train: 0.002358
Precision_train: 0.997481
Recall_train: 0.997481
F1_train: 0.997481

Costo_test: 0.001841
Precision_test: 1.000000
Recall_test: 0.995146
F1_test: 0.997567
 

Arquitectura: _2_3_3_1_
Semilla: 1788100597
Segundos: 94
NIteraciones: 100000

Costo_train: 0.002476
Precision_train: 0.997484
Recall_train: 0.998741
F1_train: 0.998112

Costo_test: 0.002598
Precision_test: 0.995169
Recall_test: 1.000000
F1_test: 0.997579
 

Arquitectura: _2_3_3_1_
Semilla: 1788100597
Segundos: 94
NIteraciones: 100000

Costo_train: 0.009230
Precision_train: 0.987421
Recall_train: 0.988665
F1_train: 0.988043

Costo_test: 0.008205
Precision_test: 0.990291
Recall_test: 0.990291
F1_test: 0.990291
 

Arquitectura: _2_3_3_1_
Semilla: 1788100597
Segundos: 94
NIteraciones: 100000

Costo_train: 0.009213
Precision_train: 0.987421
Recall_train: 0.988665
F1_train: 0.988043

Costo_test: 0.008293
Precision_test: 0.990291
Recall_test: 0.990291
F1_test: 0.990291
 

Arquitectura: _2_3_3_1_
Semilla: 1788100597
Segundos: 94
NIteraciones: 100000

Costo_train: 0.009507
Precision_train: 0.988651
Recall_train: 0.987406
F1_train: 0.988028

Costo_test: 0.008930
Precision_test: 0.995098
Recall_test: 0.985437
F1_test: 0.990244
 

Arquitectura: _2_3_3_1_
Semilla: 1788100597
Segundos: 94
NIteraciones: 100000

Costo_train: 0.009524
Precision_train: 0.988651
Recall_train: 0.987406
F1_train: 0.988028

Costo_test: 0.008874
Precision_test: 0.995098
Recall_test: 0.985437
F1_test: 0.990244
 

Arquitectura: _2_3_3_1_
Semilla: 1788100597
Segundos: 94
NIteraciones: 100000

Costo_train: 0.002295
Precision_train: 0.997484
Recall_train: 0.998741
F1_train: 0.998112

Costo_test: 0.001695
Precision_test: 1.000000
Recall_test: 0.995146
F1_test: 0.997567
 

Arquitectura: _2_3_3_1_
Semilla: 1788100597
Segundos: 94
NIteraciones: 100000

Costo_train: 0.009277
Precision_train: 0.988651
Recall_train: 0.987406
F1_train: 0.988028

Costo_test: 0.008811
Precision_test: 0.995098
Recall_test: 0.985437
F1_test: 0.990244
 

Arquitectura: _2_3_3_1_
Semilla: 1788100597
Segundos: 94
NIteraciones: 100000

Costo_train: 0.002141
Precision_train: 0.997484
Recall_train: 0.998741
F1_train: 0.998112

Costo_test: 0.002395
Precision_test: 1.000000
Recall_test: 0.990291
F1_test: 0.995122
 

Arquitectura: _2_3_3_1_
Semilla: 1788100597
Segundos: 94
NIteraciones: 100000

Costo_train: 0.009247
Precision_train: 0.988665
Recall_train: 0.988665
F1_train: 0.988665

Costo_test: 0.008325
Precision_test: 0.990291
Recall_test: 0.990291
F1_test: 0.990291
 

Arquitectura: _2_3_3_1_
Semilla: 1788100597
Segundos: 94
NIteraciones: 100000

Costo_train: 0.002072
Precision_train: 0.997484
Recall_train: 0.998741
F1_train: 0.998112

Costo_test: 0.001875
Precision_test: 1.000000
Recall_test: 0.995146
F1_test: 0.997567
 

Arquitectura: _2_3_3_1_
Semilla: 1788100597
Segundos: 94
NIteraciones: 100000

Costo_train: 0.003043
Precision_train: 0.998737
Recall_train: 0.996222
F1_train: 0.997478

Costo_test: 0.001860
Precision_test: 0.995169
Recall_test: 1.000000
F1_test: 0.997579
 


--- Test Angosta 3.0 ---
Iteración 10000
Costo: 0.006788
Iteración 20000
Costo: 0.003647
Iteración 30000
Costo: 0.002731
Iteración 40000
Costo: 0.002260
Iteración 50000
Costo: 0.001963
Iteración 60000
Costo: 0.001754
Iteración 70000
Costo: 0.001598
Iteración 80000
Costo: 0.001476
Iteración 90000
Costo: 0.001379

Arquitectura: _2_9_1_
Semilla: 1788100691
Segundos: 51
NIteraciones: 100000

Costo_train: 0.001298
Precision_train: 1.000000
Recall_train: 0.998741
F1_train: 0.999370

Costo_test: 0.000894
Precision_test: 1.000000
Recall_test: 1.000000
F1_test: 1.000000
 

Arquitectura: _2_9_1_
Semilla: 1788100691
Segundos: 51
NIteraciones: 100000

Costo_train: 0.001282
Precision_train: 1.000000
Recall_train: 0.998741
F1_train: 0.999370

Costo_test: 0.000776
Precision_test: 1.000000
Recall_test: 1.000000
F1_test: 1.000000
 

Arquitectura: _2_9_1_
Semilla: 1788100691
Segundos: 51
NIteraciones: 100000

Costo_train: 0.001311
Precision_train: 1.000000
Recall_train: 0.998741
F1_train: 0.999370

Costo_test: 0.000845
Precision_test: 1.000000
Recall_test: 1.000000
F1_test: 1.000000
 

Arquitectura: _2_9_1_
Semilla: 1788100691
Segundos: 51
NIteraciones: 100000

Costo_train: 0.001314
Precision_train: 1.000000
Recall_train: 0.998741
F1_train: 0.999370

Costo_test: 0.000821
Precision_test: 1.000000
Recall_test: 1.000000
F1_test: 1.000000
 

Arquitectura: _2_9_1_
Semilla: 1788100691
Segundos: 51
NIteraciones: 100000

Costo_train: 0.005008
Precision_train: 0.996217
Recall_train: 0.994962
F1_train: 0.995589

Costo_test: 0.004250
Precision_test: 0.995146
Recall_test: 0.995146
F1_test: 0.995146
 

Arquitectura: _2_9_1_
Semilla: 1788100691
Segundos: 51
NIteraciones: 100000

Costo_train: 0.001298
Precision_train: 1.000000
Recall_train: 0.998741
F1_train: 0.999370

Costo_test: 0.000849
Precision_test: 1.000000
Recall_test: 1.000000
F1_test: 1.000000
 

Arquitectura: _2_9_1_
Semilla: 1788100691
Segundos: 51
NIteraciones: 100000

Costo_train: 0.002152
Precision_train: 0.998737
Recall_train: 0.996222
F1_train: 0.997478

Costo_test: 0.001399
Precision_test: 1.000000
Recall_test: 1.000000
F1_test: 1.000000
 

Arquitectura: _2_9_1_
Semilla: 1788100691
Segundos: 51
NIteraciones: 100000

Costo_train: 0.001568
Precision_train: 0.998739
Recall_train: 0.997481
F1_train: 0.998110

Costo_test: 0.001265
Precision_test: 1.000000
Recall_test: 0.995146
F1_test: 0.997567
 

Arquitectura: _2_9_1_
Semilla: 1788100691
Segundos: 51
NIteraciones: 100000

Costo_train: 0.006333
Precision_train: 0.991195
Recall_train: 0.992443
F1_train: 0.991819

Costo_test: 0.006365
Precision_test: 0.990338
Recall_test: 0.995146
F1_test: 0.992736
 

Arquitectura: _2_9_1_
Semilla: 1788100691
Segundos: 51
NIteraciones: 100000

Costo_train: 0.001276
Precision_train: 1.000000
Recall_train: 0.998741
F1_train: 0.999370

Costo_test: 0.000794
Precision_test: 1.000000
Recall_test: 1.000000
F1_test: 1.000000
 

Arquitectura: _2_9_1_
Semilla: 1788100691
Segundos: 51
NIteraciones: 100000

Costo_train: 0.001309
Precision_train: 1.000000
Recall_train: 0.998741
F1_train: 0.999370

Costo_test: 0.000784
Precision_test: 1.000000
Recall_test: 1.000000
F1_test: 1.000000
 

Arquitectura: _2_9_1_
Semilla: 1788100691
Segundos: 51
NIteraciones: 100000

Costo_train: 0.001283
Precision_train: 1.000000
Recall_train: 0.998741
F1_train: 0.999370

Costo_test: 0.000875
Precision_test: 1.000000
Recall_test: 1.000000
F1_test: 1.000000
 

Arquitectura: _2_9_1_
Semilla: 1788100691
Segundos: 51
NIteraciones: 100000

Costo_train: 0.001293
Precision_train: 0.998741
Recall_train: 0.998741
F1_train: 0.998741

Costo_test: 0.000791
Precision_test: 1.000000
Recall_test: 1.000000
F1_test: 1.000000
 

Arquitectura: _2_9_1_
Semilla: 1788100691
Segundos: 51
NIteraciones: 100000

Costo_train: 0.001712
Precision_train: 0.998739
Recall_train: 0.997481
F1_train: 0.998110

Costo_test: 0.000907
Precision_test: 1.000000
Recall_test: 1.000000
F1_test: 1.000000
 

Arquitectura: _2_9_1_
Semilla: 1788100691
Segundos: 51
NIteraciones: 100000

Costo_train: 0.002162
Precision_train: 0.998739
Recall_train: 0.997481
F1_train: 0.998110

Costo_test: 0.001620
Precision_test: 1.000000
Recall_test: 0.995146
F1_test: 0.997567
 

Arquitectura: _2_9_1_
Semilla: 1788100691
Segundos: 51
NIteraciones: 100000

Costo_train: 0.001605
Precision_train: 0.998739
Recall_train: 0.997481
F1_train: 0.998110

Costo_test: 0.001020
Precision_test: 1.000000
Recall_test: 1.000000
F1_test: 1.000000
 

Arquitectura: _2_9_1_
Semilla: 1788100691
Segundos: 51
NIteraciones: 100000

Costo_train: 0.002860
Precision_train: 0.994975
Recall_train: 0.997481
F1_train: 0.996226

Costo_test: 0.002205
Precision_test: 1.000000
Recall_test: 0.995146
F1_test: 0.997567
 

Arquitectura: _2_9_1_
Semilla: 1788100691
Segundos: 51
NIteraciones: 100000

Costo_train: 0.001303
Precision_train: 1.000000
Recall_train: 0.998741
F1_train: 0.999370

Costo_test: 0.000814
Precision_test: 1.000000
Recall_test: 1.000000
F1_test: 1.000000
 

Arquitectura: _2_9_1_
Semilla: 1788100691
Segundos: 51
NIteraciones: 100000

Costo_train: 0.001226
Precision_train: 1.000000
Recall_train: 0.998741
F1_train: 0.999370

Costo_test: 0.000808
Precision_test: 1.000000
Recall_test: 1.000000
F1_test: 1.000000
 

Arquitectura: _2_9_1_
Semilla: 1788100691
Segundos: 51
NIteraciones: 100000

Costo_train: 0.001244
Precision_train: 1.000000
Recall_train: 0.998741
F1_train: 0.999370

Costo_test: 0.000856
Precision_test: 1.000000
Recall_test: 1.000000
F1_test: 1.000000
 

Arquitectura: _2_9_1_
Semilla: 1788100691
Segundos: 51
NIteraciones: 100000

Costo_train: 0.001225
Precision_train: 1.000000
Recall_train: 0.998741
F1_train: 0.999370

Costo_test: 0.000805
Precision_test: 1.000000
Recall_test: 1.000000
F1_test: 1.000000
 

Arquitectura: _2_9_1_
Semilla: 1788100691
Segundos: 51
NIteraciones: 100000

Costo_train: 0.001389
Precision_train: 1.000000
Recall_train: 0.998741
F1_train: 0.999370

Costo_test: 0.000976
Precision_test: 1.000000
Recall_test: 1.000000
F1_test: 1.000000
 

Arquitectura: _2_9_1_
Semilla: 1788100691
Segundos: 51
NIteraciones: 100000

Costo_train: 0.001418
Precision_train: 1.000000
Recall_train: 0.998741
F1_train: 0.999370

Costo_test: 0.000959
Precision_test: 1.000000
Recall_test: 1.000000
F1_test: 1.000000
 

Arquitectura: _2_9_1_
Semilla: 1788100691
Segundos: 51
NIteraciones: 100000

Costo_train: 0.001297
Precision_train: 1.000000
Recall_train: 0.998741
F1_train: 0.999370

Costo_test: 0.000770
Precision_test: 1.000000
Recall_test: 1.000000
F1_test: 1.000000
 

Arquitectura: _2_9_1_
Semilla: 1788100691
Segundos: 51
NIteraciones: 100000

Costo_train: 0.001770
Precision_train: 0.998739
Recall_train: 0.997481
F1_train: 0.998110

Costo_test: 0.001314
Precision_test: 1.000000
Recall_test: 1.000000
F1_test: 1.000000
 

Arquitectura: _2_9_1_
Semilla: 1788100691
Segundos: 51
NIteraciones: 100000

Costo_train: 0.001430
Precision_train: 1.000000
Recall_train: 0.998741
F1_train: 0.999370

Costo_test: 0.000934
Precision_test: 1.000000
Recall_test: 1.000000
F1_test: 1.000000
 

Arquitectura: _2_9_1_
Semilla: 1788100691
Segundos: 51
NIteraciones: 100000

Costo_train: 0.001349
Precision_train: 0.998741
Recall_train: 0.998741
F1_train: 0.998741

Costo_test: 0.001251
Precision_test: 1.000000
Recall_test: 0.995146
F1_test: 0.997567
 

Arquitectura: _2_9_1_
Semilla: 1788100691
Segundos: 51
NIteraciones: 100000

Costo_train: 0.009461
Precision_train: 0.987437
Recall_train: 0.989924
F1_train: 0.988679

Costo_test: 0.008402
Precision_test: 0.990291
Recall_test: 0.990291
F1_test: 0.990291
 

Arquitectura: _2_9_1_
Semilla: 1788100691
Segundos: 51
NIteraciones: 100000

Costo_train: 0.001199
Precision_train: 1.000000
Recall_train: 0.998741
F1_train: 0.999370

Costo_test: 0.000741
Precision_test: 1.000000
Recall_test: 1.000000
F1_test: 1.000000
 

Arquitectura: _2_9_1_
Semilla: 1788100691
Segundos: 51
NIteraciones: 100000

Costo_train: 0.001330
Precision_train: 1.000000
Recall_train: 0.998741
F1_train: 0.999370

Costo_test: 0.001026
Precision_test: 1.000000
Recall_test: 1.000000
F1_test: 1.000000
 

Arquitectura: _2_9_1_
Semilla: 1788100691
Segundos: 51
NIteraciones: 100000

Costo_train: 0.001235
Precision_train: 1.000000
Recall_train: 0.998741
F1_train: 0.999370

Costo_test: 0.000734
Precision_test: 1.000000
Recall_test: 1.000000
F1_test: 1.000000
 

Arquitectura: _2_9_1_
Semilla: 1788100691
Segundos: 51
NIteraciones: 100000

Costo_train: 0.001239
Precision_train: 1.000000
Recall_train: 0.998741
F1_train: 0.999370

Costo_test: 0.000745
Precision_test: 1.000000
Recall_test: 1.000000
F1_test: 1.000000
 

Arquitectura: _2_9_1_
Semilla: 1788100691
Segundos: 51
NIteraciones: 100000

Costo_train: 0.001240
Precision_train: 1.000000
Recall_train: 0.998741
F1_train: 0.999370

Costo_test: 0.000757
Precision_test: 1.000000
Recall_test: 1.000000
F1_test: 1.000000
 

Arquitectura: _2_9_1_
Semilla: 1788100691
Segundos: 51
NIteraciones: 100000

Costo_train: 0.003141
Precision_train: 0.998737
Recall_train: 0.996222
F1_train: 0.997478

Costo_test: 0.001889
Precision_test: 1.000000
Recall_test: 1.000000
F1_test: 1.000000
 

Arquitectura: _2_9_1_
Semilla: 1788100691
Segundos: 51
NIteraciones: 100000

Costo_train: 0.007904
Precision_train: 0.991173
Recall_train: 0.989924
F1_train: 0.990548

Costo_test: 0.007000
Precision_test: 0.995098
Recall_test: 0.985437
F1_test: 0.990244
 

Arquitectura: _2_9_1_
Semilla: 1788100691
Segundos: 51
NIteraciones: 100000

Costo_train: 0.001405
Precision_train: 0.998739
Recall_train: 0.997481
F1_train: 0.998110

Costo_test: 0.000887
Precision_test: 1.000000
Recall_test: 1.000000
F1_test: 1.000000
 

Arquitectura: _2_9_1_
Semilla: 1788100691
Segundos: 51
NIteraciones: 100000

Costo_train: 0.001299
Precision_train: 1.000000
Recall_train: 0.998741
F1_train: 0.999370

Costo_test: 0.000839
Precision_test: 1.000000
Recall_test: 1.000000
F1_test: 1.000000
 

Arquitectura: _2_9_1_
Semilla: 1788100691
Segundos: 51
NIteraciones: 100000

Costo_train: 0.002307
Precision_train: 0.998739
Recall_train: 0.997481
F1_train: 0.998110

Costo_test: 0.002603
Precision_test: 1.000000
Recall_test: 0.990291
F1_test: 0.995122
 

Arquitectura: _2_9_1_
Semilla: 1788100691
Segundos: 51
NIteraciones: 100000

Costo_train: 0.001201
Precision_train: 1.000000
Recall_train: 0.998741
F1_train: 0.999370

Costo_test: 0.000720
Precision_test: 1.000000
Recall_test: 1.000000
F1_test: 1.000000
 

Arquitectura: _2_9_1_
Semilla: 1788100691
Segundos: 51
NIteraciones: 100000

Costo_train: 0.003802
Precision_train: 0.997481
Recall_train: 0.997481
F1_train: 0.997481

Costo_test: 0.004644
Precision_test: 0.995122
Recall_test: 0.990291
F1_test: 0.992701
 

Arquitectura: _2_9_1_
Semilla: 1788100691
Segundos: 51
NIteraciones: 100000

Costo_train: 0.001261
Precision_train: 1.000000
Recall_train: 0.997481
F1_train: 0.998739

Costo_test: 0.000776
Precision_test: 1.000000
Recall_test: 1.000000
F1_test: 1.000000
 

Arquitectura: _2_9_1_
Semilla: 1788100691
Segundos: 51
NIteraciones: 100000

Costo_train: 0.001235
Precision_train: 1.000000
Recall_train: 0.997481
F1_train: 0.998739

Costo_test: 0.000762
Precision_test: 1.000000
Recall_test: 1.000000
F1_test: 1.000000
 

Arquitectura: _2_9_1_
Semilla: 1788100691
Segundos: 51
NIteraciones: 100000

Costo_train: 0.001292
Precision_train: 1.000000
Recall_train: 0.998741
F1_train: 0.999370

Costo_test: 0.000843
Precision_test: 1.000000
Recall_test: 1.000000
F1_test: 1.000000
 

Arquitectura: _2_9_1_
Semilla: 1788100691
Segundos: 51
NIteraciones: 100000

Costo_train: 0.001245
Precision_train: 1.000000
Recall_train: 0.998741
F1_train: 0.999370

Costo_test: 0.000818
Precision_test: 1.000000
Recall_test: 1.000000
F1_test: 1.000000
 

Arquitectura: _2_9_1_
Semilla: 1788100691
Segundos: 51
NIteraciones: 100000

Costo_train: 0.001292
Precision_train: 1.000000
Recall_train: 0.998741
F1_train: 0.999370

Costo_test: 0.000843
Precision_test: 1.000000
Recall_test: 1.000000
F1_test: 1.000000
 

Arquitectura: _2_9_1_
Semilla: 1788100691
Segundos: 51
NIteraciones: 100000

Costo_train: 0.001240
Precision_train: 1.000000
Recall_train: 0.998741
F1_train: 0.999370

Costo_test: 0.000776
Precision_test: 1.000000
Recall_test: 1.000000
F1_test: 1.000000
 

Arquitectura: _2_9_1_
Semilla: 1788100691
Segundos: 51
NIteraciones: 100000

Costo_train: 0.001709
Precision_train: 1.000000
Recall_train: 0.998741
F1_train: 0.999370

Costo_test: 0.002518
Precision_test: 1.000000
Recall_test: 0.995146
F1_test: 0.997567
 

Arquitectura: _2_9_1_
Semilla: 1788100691
Segundos: 51
NIteraciones: 100000

Costo_train: 0.001245
Precision_train: 1.000000
Recall_train: 0.998741
F1_train: 0.999370

Costo_test: 0.000749
Precision_test: 1.000000
Recall_test: 1.000000
F1_test: 1.000000
 

Arquitectura: _2_9_1_
Semilla: 1788100691
Segundos: 51
NIteraciones: 100000

Costo_train: 0.001321
Precision_train: 1.000000
Recall_train: 0.998741
F1_train: 0.999370

Costo_test: 0.000870
Precision_test: 1.000000
Recall_test: 1.000000
F1_test: 1.000000
 

Arquitectura: _2_9_1_
Semilla: 1788100691
Segundos: 51
NIteraciones: 100000

Costo_train: 0.001373
Precision_train: 1.000000
Recall_train: 0.998741
F1_train: 0.999370

Costo_test: 0.001195
Precision_test: 1.000000
Recall_test: 1.000000
F1_test: 1.000000
 

Arquitectura: _2_9_1_
Semilla: 1788100691
Segundos: 51
NIteraciones: 100000

Costo_train: 0.001285
Precision_train: 1.000000
Recall_train: 0.998741
F1_train: 0.999370

Costo_test: 0.000813
Precision_test: 1.000000
Recall_test: 1.000000
F1_test: 1.000000
 

Arquitectura: _2_9_1_
Semilla: 1788100691
Segundos: 51
NIteraciones: 100000

Costo_train: 0.001182
Precision_train: 1.000000
Recall_train: 0.998741
F1_train: 0.999370

Costo_test: 0.000723
Precision_test: 1.000000
Recall_test: 1.000000
F1_test: 1.000000
 

Arquitectura: _2_9_1_
Semilla: 1788100691
Segundos: 51
NIteraciones: 100000

Costo_train: 0.007194
Precision_train: 0.991173
Recall_train: 0.989924
F1_train: 0.990548

Costo_test: 0.006477
Precision_test: 0.995122
Recall_test: 0.990291
F1_test: 0.992701
 

Arquitectura: _2_9_1_
Semilla: 1788100691
Segundos: 51
NIteraciones: 100000

Costo_train: 0.001702
Precision_train: 0.998739
Recall_train: 0.997481
F1_train: 0.998110

Costo_test: 0.001517
Precision_test: 1.000000
Recall_test: 0.995146
F1_test: 0.997567
 

Arquitectura: _2_9_1_
Semilla: 1788100691
Segundos: 51
NIteraciones: 100000

Costo_train: 0.001995
Precision_train: 0.998739
Recall_train: 0.997481
F1_train: 0.998110

Costo_test: 0.001443
Precision_test: 1.000000
Recall_test: 0.995146
F1_test: 0.997567
 

Arquitectura: _2_9_1_
Semilla: 1788100691
Segundos: 51
NIteraciones: 100000

Costo_train: 0.001225
Precision_train: 1.000000
Recall_train: 0.998741
F1_train: 0.999370

Costo_test: 0.000767
Precision_test: 1.000000
Recall_test: 1.000000
F1_test: 1.000000
 

Arquitectura: _2_9_1_
Semilla: 1788100691
Segundos: 51
NIteraciones: 100000

Costo_train: 0.001327
Precision_train: 1.000000
Recall_train: 0.998741
F1_train: 0.999370

Costo_test: 0.000855
Precision_test: 1.000000
Recall_test: 1.000000
F1_test: 1.000000
 

Arquitectura: _2_9_1_
Semilla: 1788100691
Segundos: 51
NIteraciones: 100000

Costo_train: 0.009109
Precision_train: 0.989924
Recall_train: 0.989924
F1_train: 0.989924

Costo_test: 0.008209
Precision_test: 0.990291
Recall_test: 0.990291
F1_test: 0.990291
 

Arquitectura: _2_9_1_
Semilla: 1788100691
Segundos: 51
NIteraciones: 100000

Costo_train: 0.009670
Precision_train: 0.988651
Recall_train: 0.987406
F1_train: 0.988028

Costo_test: 0.008924
Precision_test: 0.995098
Recall_test: 0.985437
F1_test: 0.990244
 

Arquitectura: _2_9_1_
Semilla: 1788100691
Segundos: 51
NIteraciones: 100000

Costo_train: 0.001398
Precision_train: 1.000000
Recall_train: 0.997481
F1_train: 0.998739

Costo_test: 0.000925
Precision_test: 1.000000
Recall_test: 1.000000
F1_test: 1.000000
 

Arquitectura: _2_9_1_
Semilla: 1788100691
Segundos: 51
NIteraciones: 100000

Costo_train: 0.001315
Precision_train: 1.000000
Recall_train: 0.998741
F1_train: 0.999370

Costo_test: 0.000979
Precision_test: 1.000000
Recall_test: 1.000000
F1_test: 1.000000
 

Arquitectura: _2_9_1_
Semilla: 1788100691
Segundos: 51
NIteraciones: 100000

Costo_train: 0.001299
Precision_train: 1.000000
Recall_train: 0.998741
F1_train: 0.999370

Costo_test: 0.000816
Precision_test: 1.000000
Recall_test: 1.000000
F1_test: 1.000000
 

Arquitectura: _2_9_1_
Semilla: 1788100691
Segundos: 51
NIteraciones: 100000

Costo_train: 0.001330
Precision_train: 1.000000
Recall_train: 0.998741
F1_train: 0.999370

Costo_test: 0.000849
Precision_test: 1.000000
Recall_test: 1.000000
F1_test: 1.000000
 

Arquitectura: _2_9_1_
Semilla: 1788100691
Segundos: 51
NIteraciones: 100000

Costo_train: 0.001321
Precision_train: 1.000000
Recall_train: 0.998741
F1_train: 0.999370

Costo_test: 0.000883
Precision_test: 1.000000
Recall_test: 1.000000
F1_test: 1.000000
 

Arquitectura: _2_9_1_
Semilla: 1788100691
Segundos: 51
NIteraciones: 100000

Costo_train: 0.001288
Precision_train: 1.000000
Recall_train: 0.998741
F1_train: 0.999370

Costo_test: 0.000825
Precision_test: 1.000000
Recall_test: 1.000000
F1_test: 1.000000
 

Arquitectura: _2_9_1_
Semilla: 1788100691
Segundos: 51
NIteraciones: 100000

Costo_train: 0.001158
Precision_train: 1.000000
Recall_train: 0.998741
F1_train: 0.999370

Costo_test: 0.000689
Precision_test: 1.000000
Recall_test: 1.000000
F1_test: 1.000000
 

Arquitectura: _2_9_1_
Semilla: 1788100691
Segundos: 51
NIteraciones: 100000

Costo_train: 0.001327
Precision_train: 1.000000
Recall_train: 0.998741
F1_train: 0.999370

Costo_test: 0.000865
Precision_test: 1.000000
Recall_test: 1.000000
F1_test: 1.000000
 

Arquitectura: _2_9_1_
Semilla: 1788100691
Segundos: 51
NIteraciones: 100000

Costo_train: 0.002045
Precision_train: 0.998737
Recall_train: 0.996222
F1_train: 0.997478

Costo_test: 0.001228
Precision_test: 1.000000
Recall_test: 1.000000
F1_test: 1.000000
 

Arquitectura: _2_9_1_
Semilla: 1788100691
Segundos: 51
NIteraciones: 100000

Costo_train: 0.001242
Precision_train: 1.000000
Recall_train: 0.998741
F1_train: 0.999370

Costo_test: 0.000752
Precision_test: 1.000000
Recall_test: 1.000000
F1_test: 1.000000
 

Arquitectura: _2_9_1_
Semilla: 1788100691
Segundos: 51
NIteraciones: 100000

Costo_train: 0.003315
Precision_train: 0.994975
Recall_train: 0.997481
F1_train: 0.996226

Costo_test: 0.002487
Precision_test: 0.995146
Recall_test: 0.995146
F1_test: 0.995146
 

Arquitectura: _2_9_1_
Semilla: 1788100691
Segundos: 51
NIteraciones: 100000

Costo_train: 0.001270
Precision_train: 1.000000
Recall_train: 0.998741
F1_train: 0.999370

Costo_test: 0.000815
Precision_test: 1.000000
Recall_test: 1.000000
F1_test: 1.000000
 

Arquitectura: _2_9_1_
Semilla: 1788100691
Segundos: 51
NIteraciones: 100000

Costo_train: 0.001203
Precision_train: 1.000000
Recall_train: 0.998741
F1_train: 0.999370

Costo_test: 0.000767
Precision_test: 1.000000
Recall_test: 1.000000
F1_test: 1.000000
 

Arquitectura: _2_9_1_
Semilla: 1788100691
Segundos: 51
NIteraciones: 100000

Costo_train: 0.002649
Precision_train: 0.997478
Recall_train: 0.996222
F1_train: 0.996849

Costo_test: 0.002137
Precision_test: 1.000000
Recall_test: 0.995146
F1_test: 0.997567
 

Arquitectura: _2_9_1_
Semilla: 1788100691
Segundos: 51
NIteraciones: 100000

Costo_train: 0.001518
Precision_train: 0.998739
Recall_train: 0.997481
F1_train: 0.998110

Costo_test: 0.000958
Precision_test: 1.000000
Recall_test: 1.000000
F1_test: 1.000000
 

Arquitectura: _2_9_1_
Semilla: 1788100691
Segundos: 51
NIteraciones: 100000

Costo_train: 0.001678
Precision_train: 0.998739
Recall_train: 0.997481
F1_train: 0.998110

Costo_test: 0.001551
Precision_test: 1.000000
Recall_test: 0.995146
F1_test: 0.997567
 

Arquitectura: _2_9_1_
Semilla: 1788100691
Segundos: 51
NIteraciones: 100000

Costo_train: 0.002121
Precision_train: 0.997484
Recall_train: 0.998741
F1_train: 0.998112

Costo_test: 0.001682
Precision_test: 1.000000
Recall_test: 0.995146
F1_test: 0.997567
 

Arquitectura: _2_9_1_
Semilla: 1788100691
Segundos: 51
NIteraciones: 100000

Costo_train: 0.002715
Precision_train: 0.998737
Recall_train: 0.996222
F1_train: 0.997478

Costo_test: 0.001908
Precision_test: 1.000000
Recall_test: 0.995146
F1_test: 0.997567
 

Arquitectura: _2_9_1_
Semilla: 1788100691
Segundos: 51
NIteraciones: 100000

Costo_train: 0.001117
Precision_train: 1.000000
Recall_train: 0.998741
F1_train: 0.999370

Costo_test: 0.000680
Precision_test: 1.000000
Recall_test: 1.000000
F1_test: 1.000000
 

Arquitectura: _2_9_1_
Semilla: 1788100691
Segundos: 51
NIteraciones: 100000

Costo_train: 0.001542
Precision_train: 0.998741
Recall_train: 0.998741
F1_train: 0.998741

Costo_test: 0.001161
Precision_test: 1.000000
Recall_test: 1.000000
F1_test: 1.000000
 

Arquitectura: _2_9_1_
Semilla: 1788100691
Segundos: 51
NIteraciones: 100000

Costo_train: 0.001485
Precision_train: 0.998739
Recall_train: 0.997481
F1_train: 0.998110

Costo_test: 0.001090
Precision_test: 1.000000
Recall_test: 1.000000
F1_test: 1.000000
 

Arquitectura: _2_9_1_
Semilla: 1788100691
Segundos: 51
NIteraciones: 100000

Costo_train: 0.001230
Precision_train: 1.000000
Recall_train: 0.998741
F1_train: 0.999370

Costo_test: 0.000804
Precision_test: 1.000000
Recall_test: 1.000000
F1_test: 1.000000
 

Arquitectura: _2_9_1_
Semilla: 1788100691
Segundos: 51
NIteraciones: 100000

Costo_train: 0.001947
Precision_train: 0.998739
Recall_train: 0.997481
F1_train: 0.998110

Costo_test: 0.002358
Precision_test: 1.000000
Recall_test: 0.995146
F1_test: 0.997567
 

Arquitectura: _2_9_1_
Semilla: 1788100691
Segundos: 51
NIteraciones: 100000

Costo_train: 0.003002
Precision_train: 0.998736
Recall_train: 0.994962
F1_train: 0.996845

Costo_test: 0.003018
Precision_test: 0.995146
Recall_test: 0.995146
F1_test: 0.995146
 

Arquitectura: _2_9_1_
Semilla: 1788100691
Segundos: 51
NIteraciones: 100000

Costo_train: 0.001179
Precision_train: 1.000000
Recall_train: 0.998741
F1_train: 0.999370

Costo_test: 0.000715
Precision_test: 1.000000
Recall_test: 1.000000
F1_test: 1.000000
 

Arquitectura: _2_9_1_
Semilla: 1788100691
Segundos: 51
NIteraciones: 100000

Costo_train: 0.001283
Precision_train: 0.998741
Recall_train: 0.998741
F1_train: 0.998741

Costo_test: 0.000834
Precision_test: 1.000000
Recall_test: 1.000000
F1_test: 1.000000
 

Arquitectura: _2_9_1_
Semilla: 1788100691
Segundos: 51
NIteraciones: 100000

Costo_train: 0.001200
Precision_train: 1.000000
Recall_train: 0.998741
F1_train: 0.999370

Costo_test: 0.000761
Precision_test: 1.000000
Recall_test: 1.000000
F1_test: 1.000000
 

Arquitectura: _2_9_1_
Semilla: 1788100691
Segundos: 51
NIteraciones: 100000

Costo_train: 0.004977
Precision_train: 0.996212
Recall_train: 0.993703
F1_train: 0.994956

Costo_test: 0.004123
Precision_test: 1.000000
Recall_test: 0.990291
F1_test: 0.995122
 

Arquitectura: _2_9_1_
Semilla: 1788100691
Segundos: 51
NIteraciones: 100000

Costo_train: 0.001470
Precision_train: 0.998739
Recall_train: 0.997481
F1_train: 0.998110

Costo_test: 0.000907
Precision_test: 1.000000
Recall_test: 1.000000
F1_test: 1.000000
 

Arquitectura: _2_9_1_
Semilla: 1788100691
Segundos: 51
NIteraciones: 100000

Costo_train: 0.008113
Precision_train: 0.989937
Recall_train: 0.991184
F1_train: 0.990560

Costo_test: 0.007284
Precision_test: 0.995122
Recall_test: 0.990291
F1_test: 0.992701
 

Arquitectura: _2_9_1_
Semilla: 1788100691
Segundos: 51
NIteraciones: 100000

Costo_train: 0.001241
Precision_train: 1.000000
Recall_train: 0.998741
F1_train: 0.999370

Costo_test: 0.000747
Precision_test: 1.000000
Recall_test: 1.000000
F1_test: 1.000000
 

Arquitectura: _2_9_1_
Semilla: 1788100691
Segundos: 51
NIteraciones: 100000

Costo_train: 0.001303
Precision_train: 1.000000
Recall_train: 0.998741
F1_train: 0.999370

Costo_test: 0.000839
Precision_test: 1.000000
Recall_test: 1.000000
F1_test: 1.000000
 

Arquitectura: _2_9_1_
Semilla: 1788100691
Segundos: 51
NIteraciones: 100000

Costo_train: 0.001333
Precision_train: 1.000000
Recall_train: 0.998741
F1_train: 0.999370

Costo_test: 0.000904
Precision_test: 1.000000
Recall_test: 1.000000
F1_test: 1.000000
 

Arquitectura: _2_9_1_
Semilla: 1788100691
Segundos: 51
NIteraciones: 100000

Costo_train: 0.002655
Precision_train: 0.998737
Recall_train: 0.996222
F1_train: 0.997478

Costo_test: 0.001468
Precision_test: 1.000000
Recall_test: 1.000000
F1_test: 1.000000
 

Arquitectura: _2_9_1_
Semilla: 1788100691
Segundos: 51
NIteraciones: 100000

Costo_train: 0.001211
Precision_train: 1.000000
Recall_train: 0.998741
F1_train: 0.999370

Costo_test: 0.000722
Precision_test: 1.000000
Recall_test: 1.000000
F1_test: 1.000000
 

Arquitectura: _2_9_1_
Semilla: 1788100691
Segundos: 51
NIteraciones: 100000

Costo_train: 0.001317
Precision_train: 1.000000
Recall_train: 0.997481
F1_train: 0.998739

Costo_test: 0.000823
Precision_test: 1.000000
Recall_test: 1.000000
F1_test: 1.000000
 

Arquitectura: _2_9_1_
Semilla: 1788100691
Segundos: 51
NIteraciones: 100000

Costo_train: 0.001440
Precision_train: 1.000000
Recall_train: 0.997481
F1_train: 0.998739

Costo_test: 0.000949
Precision_test: 1.000000
Recall_test: 1.000000
F1_test: 1.000000
 

Arquitectura: _2_9_1_
Semilla: 1788100691
Segundos: 51
NIteraciones: 100000

Costo_train: 0.003036
Precision_train: 0.998737
Recall_train: 0.996222
F1_train: 0.997478

Costo_test: 0.001539
Precision_test: 1.000000
Recall_test: 1.000000
F1_test: 1.000000
 

Arquitectura: _2_9_1_
Semilla: 1788100691
Segundos: 51
NIteraciones: 100000

Costo_train: 0.001177
Precision_train: 1.000000
Recall_train: 0.998741
F1_train: 0.999370

Costo_test: 0.000731
Precision_test: 1.000000
Recall_test: 1.000000
F1_test: 1.000000
 

Arquitectura: _2_9_1_
Semilla: 1788100691
Segundos: 51
NIteraciones: 100000

Costo_train: 0.001440
Precision_train: 1.000000
Recall_train: 0.998741
F1_train: 0.999370

Costo_test: 0.001804
Precision_test: 1.000000
Recall_test: 0.995146
F1_test: 0.997567
 

Arquitectura: _2_9_1_
Semilla: 1788100691
Segundos: 51
NIteraciones: 100000

Costo_train: 0.001312
Precision_train: 1.000000
Recall_train: 0.998741
F1_train: 0.999370

Costo_test: 0.000873
Precision_test: 1.000000
Recall_test: 1.000000
F1_test: 1.000000
 


--- Test Profunda 3.0 ---
Iteración 10000
Costo: 0.249804
Iteración 20000
Costo: 0.248644
Iteración 30000
Costo: 0.205198
Iteración 40000
Costo: 0.179556
Iteración 50000
Costo: 0.171878
Iteración 60000
Costo: 0.012864
Iteración 70000
Costo: 0.004671
Iteración 80000
Costo: 0.003030
Iteración 90000
Costo: 0.002299

Arquitectura: _2_3_3_3_1_
Semilla: 1788100742
Segundos: 140
NIteraciones: 100000

Costo_train: 0.001748
Precision_train: 0.998739
Recall_train: 0.997481
F1_train: 0.998110

Costo_test: 0.001211
Precision_test: 1.000000
Recall_test: 1.000000
F1_test: 1.000000
 

Arquitectura: _2_3_3_3_1_
Semilla: 1788100742
Segundos: 140
NIteraciones: 100000

Costo_train: 0.176705
Precision_train: 0.668936
Recall_train: 0.989924
F1_train: 0.798375

Costo_test: 0.196359
Precision_test: 0.643533
Recall_test: 0.990291
F1_test: 0.780115
 

Arquitectura: _2_3_3_3_1_
Semilla: 1788100742
Segundos: 140
NIteraciones: 100000

Costo_train: 0.002002
Precision_train: 0.998741
Recall_train: 0.998741
F1_train: 0.998741

Costo_test: 0.001424
Precision_test: 1.000000
Recall_test: 0.995146
F1_test: 0.997567
 

Arquitectura: _2_3_3_3_1_
Semilla: 1788100742
Segundos: 140
NIteraciones: 100000

Costo_train: 0.002524
Precision_train: 0.998737
Recall_train: 0.996222
F1_train: 0.997478

Costo_test: 0.001123
Precision_test: 1.000000
Recall_test: 1.000000
F1_test: 1.000000
 

Arquitectura: _2_3_3_3_1_
Semilla: 1788100742
Segundos: 140
NIteraciones: 100000

Costo_train: 0.003643
Precision_train: 0.997475
Recall_train: 0.994962
F1_train: 0.996217

Costo_test: 0.002751
Precision_test: 0.995169
Recall_test: 1.000000
F1_test: 0.997579
 

Arquitectura: _2_3_3_3_1_
Semilla: 1788100742
Segundos: 140
NIteraciones: 100000

Costo_train: 0.009513
Precision_train: 0.987421
Recall_train: 0.988665
F1_train: 0.988043

Costo_test: 0.008704
Precision_test: 0.990291
Recall_test: 0.990291
F1_test: 0.990291
 

Arquitectura: _2_3_3_3_1_
Semilla: 1788100742
Segundos: 140
NIteraciones: 100000

Costo_train: 0.009282
Precision_train: 0.987421
Recall_train: 0.988665
F1_train: 0.988043

Costo_test: 0.008183
Precision_test: 0.990291
Recall_test: 0.990291
F1_test: 0.990291
 

Arquitectura: _2_3_3_3_1_
Semilla: 1788100742
Segundos: 140
NIteraciones: 100000

Costo_train: 0.006170
Precision_train: 0.993695
Recall_train: 0.992443
F1_train: 0.993069

Costo_test: 0.006233
Precision_test: 0.990338
Recall_test: 0.995146
F1_test: 0.992736
 

Arquitectura: _2_3_3_3_1_
Semilla: 1788100742
Segundos: 140
NIteraciones: 100000

Costo_train: 0.009219
Precision_train: 0.987421
Recall_train: 0.988665
F1_train: 0.988043

Costo_test: 0.008147
Precision_test: 0.990291
Recall_test: 0.990291
F1_test: 0.990291
 

Arquitectura: _2_3_3_3_1_
Semilla: 1788100742
Segundos: 140
NIteraciones: 100000

Costo_train: 0.004273
Precision_train: 0.997478
Recall_train: 0.996222
F1_train: 0.996849

Costo_test: 0.004609
Precision_test: 0.995146
Recall_test: 0.995146
F1_test: 0.995146
 

Arquitectura: _2_3_3_3_1_
Semilla: 1788100742
Segundos: 140
NIteraciones: 100000

Costo_train: 0.001807
Precision_train: 0.998742
Recall_train: 1.000000
F1_train: 0.999371

Costo_test: 0.001810
Precision_test: 1.000000
Recall_test: 0.995146
F1_test: 0.997567
 

Arquitectura: _2_3_3_3_1_
Semilla: 1788100742
Segundos: 140
NIteraciones: 100000

Costo_train: 0.001441
Precision_train: 1.000000
Recall_train: 0.997481
F1_train: 0.998739

Costo_test: 0.001180
Precision_test: 1.000000
Recall_test: 1.000000
F1_test: 1.000000
 

Arquitectura: _2_3_3_3_1_
Semilla: 1788100742
Segundos: 140
NIteraciones: 100000

Costo_train: 0.001843
Precision_train: 0.997484
Recall_train: 0.998741
F1_train: 0.998112

Costo_test: 0.001889
Precision_test: 0.995169
Recall_test: 1.000000
F1_test: 0.997579
 

Arquitectura: _2_3_3_3_1_
Semilla: 1788100742
Segundos: 140
NIteraciones: 100000

Costo_train: 0.002035
Precision_train: 0.996231
Recall_train: 0.998741
F1_train: 0.997484

Costo_test: 0.001628
Precision_test: 1.000000
Recall_test: 0.995146
F1_test: 0.997567
 

Arquitectura: _2_3_3_3_1_
Semilla: 1788100742
Segundos: 140
NIteraciones: 100000

Costo_train: 0.008824
Precision_train: 0.991150
Recall_train: 0.987406
F1_train: 0.989275

Costo_test: 0.008375
Precision_test: 0.995098
Recall_test: 0.985437
F1_test: 0.990244
 

Arquitectura: _2_3_3_3_1_
Semilla: 1788100742
Segundos: 140
NIteraciones: 100000

Costo_train: 0.002109
Precision_train: 0.998739
Recall_train: 0.997481
F1_train: 0.998110

Costo_test: 0.002073
Precision_test: 1.000000
Recall_test: 0.995146
F1_test: 0.997567
 

Arquitectura: _2_3_3_3_1_
Semilla: 1788100742
Segundos: 140
NIteraciones: 100000

Costo_train: 0.002316
Precision_train: 0.998739
Recall_train: 0.997481
F1_train: 0.998110

Costo_test: 0.002884
Precision_test: 1.000000
Recall_test: 0.995146
F1_test: 0.997567
 

Arquitectura: _2_3_3_3_1_
Semilla: 1788100742
Segundos: 140
NIteraciones: 100000

Costo_train: 0.212223
Precision_train: 0.662902
Recall_train: 0.960957
F1_train: 0.784576

Costo_test: 0.223744
Precision_test: 0.631922
Recall_test: 0.941748
F1_test: 0.756335
 

Arquitectura: _2_3_3_3_1_
Semilla: 1788100742
Segundos: 140
NIteraciones: 100000

Costo_train: 0.002152
Precision_train: 0.997481
Recall_train: 0.997481
F1_train: 0.997481

Costo_test: 0.001653
Precision_test: 1.000000
Recall_test: 0.995146
F1_test: 0.997567
 

Arquitectura: _2_3_3_3_1_
Semilla: 1788100742
Segundos: 140
NIteraciones: 100000

Costo_train: 0.249980
Precision_train: -nan(ind)
Recall_train: 0.000000
F1_train: -nan(ind)

Costo_test: 0.250145
Precision_test: -nan(ind)
Recall_test: 0.000000
F1_test: -nan(ind)
 

Arquitectura: _2_3_3_3_1_
Semilla: 1788100742
Segundos: 140
NIteraciones: 100000

Costo_train: 0.010006
Precision_train: 0.988651
Recall_train: 0.987406
F1_train: 0.988028

Costo_test: 0.009158
Precision_test: 0.995098
Recall_test: 0.985437
F1_test: 0.990244
 

Arquitectura: _2_3_3_3_1_
Semilla: 1788100742
Segundos: 140
NIteraciones: 100000

Costo_train: 0.009260
Precision_train: 0.988665
Recall_train: 0.988665
F1_train: 0.988665

Costo_test: 0.008121
Precision_test: 0.990291
Recall_test: 0.990291
F1_test: 0.990291
 

Arquitectura: _2_3_3_3_1_
Semilla: 1788100742
Segundos: 140
NIteraciones: 100000

Costo_train: 0.009516
Precision_train: 0.987421
Recall_train: 0.988665
F1_train: 0.988043

Costo_test: 0.008483
Precision_test: 0.990291
Recall_test: 0.990291
F1_test: 0.990291
 

Arquitectura: _2_3_3_3_1_
Semilla: 1788100742
Segundos: 140
NIteraciones: 100000

Costo_train: 0.002149
Precision_train: 0.998739
Recall_train: 0.997481
F1_train: 0.998110

Costo_test: 0.002327
Precision_test: 0.995169
Recall_test: 1.000000
F1_test: 0.997579
 

Arquitectura: _2_3_3_3_1_
Semilla: 1788100742
Segundos: 140
NIteraciones: 100000

Costo_train: 0.009371
Precision_train: 0.987421
Recall_train: 0.988665
F1_train: 0.988043

Costo_test: 0.008376
Precision_test: 0.990291
Recall_test: 0.990291
F1_test: 0.990291
 

Arquitectura: _2_3_3_3_1_
Semilla: 1788100742
Segundos: 140
NIteraciones: 100000

Costo_train: 0.004580
Precision_train: 0.996226
Recall_train: 0.997481
F1_train: 0.996853

Costo_test: 0.003721
Precision_test: 1.000000
Recall_test: 0.990291
F1_test: 0.995122
 

Arquitectura: _2_3_3_3_1_
Semilla: 1788100742
Segundos: 140
NIteraciones: 100000

Costo_train: 0.248447
Precision_train: 0.751908
Recall_train: 0.496222
F1_train: 0.597876

Costo_test: 0.249122
Precision_test: 0.742647
Recall_test: 0.490291
F1_test: 0.590643
 

Arquitectura: _2_3_3_3_1_
Semilla: 1788100742
Segundos: 140
NIteraciones: 100000

Costo_train: 0.009590
Precision_train: 0.988651
Recall_train: 0.987406
F1_train: 0.988028

Costo_test: 0.008886
Precision_test: 0.995098
Recall_test: 0.985437
F1_test: 0.990244
 

Arquitectura: _2_3_3_3_1_
Semilla: 1788100742
Segundos: 140
NIteraciones: 100000

Costo_train: 0.002446
Precision_train: 0.998737
Recall_train: 0.996222
F1_train: 0.997478

Costo_test: 0.001026
Precision_test: 1.000000
Recall_test: 1.000000
F1_test: 1.000000
 

Arquitectura: _2_3_3_3_1_
Semilla: 1788100742
Segundos: 140
NIteraciones: 100000

Costo_train: 0.003679
Precision_train: 0.996222
Recall_train: 0.996222
F1_train: 0.996222

Costo_test: 0.004614
Precision_test: 0.995122
Recall_test: 0.990291
F1_test: 0.992701
 

Arquitectura: _2_3_3_3_1_
Semilla: 1788100742
Segundos: 140
NIteraciones: 100000

Costo_train: 0.013891
Precision_train: 0.987437
Recall_train: 0.989924
F1_train: 0.988679

Costo_test: 0.013165
Precision_test: 0.990291
Recall_test: 0.990291
F1_test: 0.990291
 

Arquitectura: _2_3_3_3_1_
Semilla: 1788100742
Segundos: 140
NIteraciones: 100000

Costo_train: 0.007508
Precision_train: 0.993695
Recall_train: 0.992443
F1_train: 0.993069

Costo_test: 0.007749
Precision_test: 0.990338
Recall_test: 0.995146
F1_test: 0.992736
 

Arquitectura: _2_3_3_3_1_
Semilla: 1788100742
Segundos: 140
NIteraciones: 100000

Costo_train: 0.009194
Precision_train: 0.987421
Recall_train: 0.988665
F1_train: 0.988043

Costo_test: 0.008170
Precision_test: 0.990291
Recall_test: 0.990291
F1_test: 0.990291
 

Arquitectura: _2_3_3_3_1_
Semilla: 1788100742
Segundos: 140
NIteraciones: 100000

Costo_train: 0.249576
Precision_train: -nan(ind)
Recall_train: 0.000000
F1_train: -nan(ind)

Costo_test: 0.249867
Precision_test: -nan(ind)
Recall_test: 0.000000
F1_test: -nan(ind)
 

Arquitectura: _2_3_3_3_1_
Semilla: 1788100742
Segundos: 140
NIteraciones: 100000

Costo_train: 0.008133
Precision_train: 0.988693
Recall_train: 0.991184
F1_train: 0.989937

Costo_test: 0.007260
Precision_test: 0.990291
Recall_test: 0.990291
F1_test: 0.990291
 

Arquitectura: _2_3_3_3_1_
Semilla: 1788100742
Segundos: 140
NIteraciones: 100000

Costo_train: 0.009373
Precision_train: 0.987421
Recall_train: 0.988665
F1_train: 0.988043

Costo_test: 0.008392
Precision_test: 0.990291
Recall_test: 0.990291
F1_test: 0.990291
 

Arquitectura: _2_3_3_3_1_
Semilla: 1788100742
Segundos: 140
NIteraciones: 100000

Costo_train: 0.004134
Precision_train: 0.996222
Recall_train: 0.996222
F1_train: 0.996222

Costo_test: 0.003448
Precision_test: 0.995146
Recall_test: 0.995146
F1_test: 0.995146
 

Arquitectura: _2_3_3_3_1_
Semilla: 1788100742
Segundos: 140
NIteraciones: 100000

Costo_train: 0.001241
Precision_train: 1.000000
Recall_train: 0.998741
F1_train: 0.999370

Costo_test: 0.003175
Precision_test: 1.000000
Recall_test: 0.995146
F1_test: 0.997567
 

Arquitectura: _2_3_3_3_1_
Semilla: 1788100742
Segundos: 140
NIteraciones: 100000

Costo_train: 0.006948
Precision_train: 0.993687
Recall_train: 0.991184
F1_train: 0.992434

Costo_test: 0.007376
Precision_test: 0.995098
Recall_test: 0.985437
F1_test: 0.990244
 

Arquitectura: _2_3_3_3_1_
Semilla: 1788100742
Segundos: 140
NIteraciones: 100000

Costo_train: 0.009403
Precision_train: 0.987421
Recall_train: 0.988665
F1_train: 0.988043

Costo_test: 0.008416
Precision_test: 0.990291
Recall_test: 0.990291
F1_test: 0.990291
 

Arquitectura: _2_3_3_3_1_
Semilla: 1788100742
Segundos: 140
NIteraciones: 100000

Costo_train: 0.001420
Precision_train: 1.000000
Recall_train: 0.998741
F1_train: 0.999370

Costo_test: 0.002599
Precision_test: 1.000000
Recall_test: 0.995146
F1_test: 0.997567
 

Arquitectura: _2_3_3_3_1_
Semilla: 1788100742
Segundos: 140
NIteraciones: 100000

Costo_train: 0.009608
Precision_train: 0.987421
Recall_train: 0.988665
F1_train: 0.988043

Costo_test: 0.008589
Precision_test: 0.990291
Recall_test: 0.990291
F1_test: 0.990291
 

Arquitectura: _2_3_3_3_1_
Semilla: 1788100742
Segundos: 140
NIteraciones: 100000

Costo_train: 0.009575
Precision_train: 0.988665
Recall_train: 0.988665
F1_train: 0.988665

Costo_test: 0.008588
Precision_test: 0.990291
Recall_test: 0.990291
F1_test: 0.990291
 

Arquitectura: _2_3_3_3_1_
Semilla: 1788100742
Segundos: 140
NIteraciones: 100000

Costo_train: 0.013957
Precision_train: 0.988665
Recall_train: 0.988665
F1_train: 0.988665

Costo_test: 0.013040
Precision_test: 0.990291
Recall_test: 0.990291
F1_test: 0.990291
 

Arquitectura: _2_3_3_3_1_
Semilla: 1788100742
Segundos: 140
NIteraciones: 100000

Costo_train: 0.002743
Precision_train: 0.997481
Recall_train: 0.997481
F1_train: 0.997481

Costo_test: 0.003066
Precision_test: 1.000000
Recall_test: 0.995146
F1_test: 0.997567
 

Arquitectura: _2_3_3_3_1_
Semilla: 1788100742
Segundos: 140
NIteraciones: 100000

Costo_train: 0.009652
Precision_train: 0.988651
Recall_train: 0.987406
F1_train: 0.988028

Costo_test: 0.009034
Precision_test: 0.995098
Recall_test: 0.985437
F1_test: 0.990244
 

Arquitectura: _2_3_3_3_1_
Semilla: 1788100742
Segundos: 140
NIteraciones: 100000

Costo_train: 0.001428
Precision_train: 1.000000
Recall_train: 0.998741
F1_train: 0.999370

Costo_test: 0.003140
Precision_test: 1.000000
Recall_test: 0.995146
F1_test: 0.997567
 

Arquitectura: _2_3_3_3_1_
Semilla: 1788100742
Segundos: 140
NIteraciones: 100000

Costo_train: 0.010057
Precision_train: 0.988665
Recall_train: 0.988665
F1_train: 0.988665

Costo_test: 0.009061
Precision_test: 0.990291
Recall_test: 0.990291
F1_test: 0.990291
 

Arquitectura: _2_3_3_3_1_
Semilla: 1788100742
Segundos: 140
NIteraciones: 100000

Costo_train: 0.002637
Precision_train: 0.997484
Recall_train: 0.998741
F1_train: 0.998112

Costo_test: 0.002845
Precision_test: 1.000000
Recall_test: 0.990291
F1_test: 0.995122
 

Arquitectura: _2_3_3_3_1_
Semilla: 1788100742
Segundos: 140
NIteraciones: 100000

Costo_train: 0.006787
Precision_train: 0.993711
Recall_train: 0.994962
F1_train: 0.994336

Costo_test: 0.006953
Precision_test: 0.990338
Recall_test: 0.995146
F1_test: 0.992736
 

Arquitectura: _2_3_3_3_1_
Semilla: 1788100742
Segundos: 140
NIteraciones: 100000

Costo_train: 0.009659
Precision_train: 0.988651
Recall_train: 0.987406
F1_train: 0.988028

Costo_test: 0.008913
Precision_test: 0.995098
Recall_test: 0.985437
F1_test: 0.990244
 

Arquitectura: _2_3_3_3_1_
Semilla: 1788100742
Segundos: 140
NIteraciones: 100000

Costo_train: 0.206752
Precision_train: 0.931604
Recall_train: 0.497481
F1_train: 0.648604

Costo_test: 0.206466
Precision_test: 0.971963
Recall_test: 0.504854
F1_test: 0.664537
 

Arquitectura: _2_3_3_3_1_
Semilla: 1788100742
Segundos: 140
NIteraciones: 100000

Costo_train: 0.009701
Precision_train: 0.989899
Recall_train: 0.987406
F1_train: 0.988651

Costo_test: 0.008898
Precision_test: 0.995098
Recall_test: 0.985437
F1_test: 0.990244
 

Arquitectura: _2_3_3_3_1_
Semilla: 1788100742
Segundos: 140
NIteraciones: 100000

Costo_train: 0.009244
Precision_train: 0.987421
Recall_train: 0.988665
F1_train: 0.988043

Costo_test: 0.008216
Precision_test: 0.990291
Recall_test: 0.990291
F1_test: 0.990291
 

Arquitectura: _2_3_3_3_1_
Semilla: 1788100742
Segundos: 140
NIteraciones: 100000

Costo_train: 0.009005
Precision_train: 0.988679
Recall_train: 0.989924
F1_train: 0.989302

Costo_test: 0.008154
Precision_test: 0.990291
Recall_test: 0.990291
F1_test: 0.990291
 

Arquitectura: _2_3_3_3_1_
Semilla: 1788100742
Segundos: 140
NIteraciones: 100000

Costo_train: 0.004151
Precision_train: 0.994956
Recall_train: 0.993703
F1_train: 0.994329

Costo_test: 0.004821
Precision_test: 1.000000
Recall_test: 0.990291
F1_test: 0.995122
 

Arquitectura: _2_3_3_3_1_
Semilla: 1788100742
Segundos: 140
NIteraciones: 100000

Costo_train: 0.002391
Precision_train: 0.997481
Recall_train: 0.997481
F1_train: 0.997481

Costo_test: 0.002882
Precision_test: 1.000000
Recall_test: 0.995146
F1_test: 0.997567
 

Arquitectura: _2_3_3_3_1_
Semilla: 1788100742
Segundos: 140
NIteraciones: 100000

Costo_train: 0.008951
Precision_train: 0.988693
Recall_train: 0.991184
F1_train: 0.989937

Costo_test: 0.008342
Precision_test: 0.990291
Recall_test: 0.990291
F1_test: 0.990291
 

Arquitectura: _2_3_3_3_1_
Semilla: 1788100742
Segundos: 140
NIteraciones: 100000

Costo_train: 0.003446
Precision_train: 0.997481
Recall_train: 0.997481
F1_train: 0.997481

Costo_test: 0.004586
Precision_test: 0.995122
Recall_test: 0.990291
F1_test: 0.992701
 

Arquitectura: _2_3_3_3_1_
Semilla: 1788100742
Segundos: 140
NIteraciones: 100000

Costo_train: 0.001804
Precision_train: 0.998741
Recall_train: 0.998741
F1_train: 0.998741

Costo_test: 0.001497
Precision_test: 1.000000
Recall_test: 0.995146
F1_test: 0.997567
 

Arquitectura: _2_3_3_3_1_
Semilla: 1788100742
Segundos: 140
NIteraciones: 100000

Costo_train: 0.009306
Precision_train: 0.987421
Recall_train: 0.988665
F1_train: 0.988043

Costo_test: 0.008257
Precision_test: 0.990291
Recall_test: 0.990291
F1_test: 0.990291
 

Arquitectura: _2_3_3_3_1_
Semilla: 1788100742
Segundos: 140
NIteraciones: 100000

Costo_train: 0.010297
Precision_train: 0.991150
Recall_train: 0.987406
F1_train: 0.989275

Costo_test: 0.009325
Precision_test: 0.995098
Recall_test: 0.985437
F1_test: 0.990244
 

Arquitectura: _2_3_3_3_1_
Semilla: 1788100742
Segundos: 140
NIteraciones: 100000

Costo_train: 0.001664
Precision_train: 0.998741
Recall_train: 0.998741
F1_train: 0.998741

Costo_test: 0.003107
Precision_test: 1.000000
Recall_test: 0.995146
F1_test: 0.997567
 

Arquitectura: _2_3_3_3_1_
Semilla: 1788100742
Segundos: 140
NIteraciones: 100000

Costo_train: 0.001298
Precision_train: 1.000000
Recall_train: 0.998741
F1_train: 0.999370

Costo_test: 0.003122
Precision_test: 1.000000
Recall_test: 0.995146
F1_test: 0.997567
 

Arquitectura: _2_3_3_3_1_
Semilla: 1788100742
Segundos: 140
NIteraciones: 100000

Costo_train: 0.009237
Precision_train: 0.987421
Recall_train: 0.988665
F1_train: 0.988043

Costo_test: 0.008256
Precision_test: 0.990291
Recall_test: 0.990291
F1_test: 0.990291
 

Arquitectura: _2_3_3_3_1_
Semilla: 1788100742
Segundos: 140
NIteraciones: 100000

Costo_train: 0.009269
Precision_train: 0.988665
Recall_train: 0.988665
F1_train: 0.988665

Costo_test: 0.008156
Precision_test: 0.990291
Recall_test: 0.990291
F1_test: 0.990291
 

Arquitectura: _2_3_3_3_1_
Semilla: 1788100742
Segundos: 140
NIteraciones: 100000

Costo_train: 0.003234
Precision_train: 0.998737
Recall_train: 0.996222
F1_train: 0.997478

Costo_test: 0.001963
Precision_test: 1.000000
Recall_test: 1.000000
F1_test: 1.000000
 

Arquitectura: _2_3_3_3_1_
Semilla: 1788100742
Segundos: 140
NIteraciones: 100000

Costo_train: 0.001345
Precision_train: 1.000000
Recall_train: 0.998741
F1_train: 0.999370

Costo_test: 0.003082
Precision_test: 1.000000
Recall_test: 0.995146
F1_test: 0.997567
 

Arquitectura: _2_3_3_3_1_
Semilla: 1788100742
Segundos: 140
NIteraciones: 100000

Costo_train: 0.003261
Precision_train: 0.996231
Recall_train: 0.998741
F1_train: 0.997484

Costo_test: 0.003037
Precision_test: 1.000000
Recall_test: 0.990291
F1_test: 0.995122
 

Arquitectura: _2_3_3_3_1_
Semilla: 1788100742
Segundos: 140
NIteraciones: 100000

Costo_train: 0.009001
Precision_train: 0.988665
Recall_train: 0.988665
F1_train: 0.988665

Costo_test: 0.008140
Precision_test: 0.990291
Recall_test: 0.990291
F1_test: 0.990291
 

Arquitectura: _2_3_3_3_1_
Semilla: 1788100742
Segundos: 140
NIteraciones: 100000

Costo_train: 0.001383
Precision_train: 1.000000
Recall_train: 0.997481
F1_train: 0.998739

Costo_test: 0.001929
Precision_test: 1.000000
Recall_test: 0.995146
F1_test: 0.997567
 

Arquitectura: _2_3_3_3_1_
Semilla: 1788100742
Segundos: 140
NIteraciones: 100000

Costo_train: 0.009588
Precision_train: 0.987406
Recall_train: 0.987406
F1_train: 0.987406

Costo_test: 0.008452
Precision_test: 0.990291
Recall_test: 0.990291
F1_test: 0.990291
 

Arquitectura: _2_3_3_3_1_
Semilla: 1788100742
Segundos: 140
NIteraciones: 100000

Costo_train: 0.002298
Precision_train: 0.998739
Recall_train: 0.997481
F1_train: 0.998110

Costo_test: 0.002830
Precision_test: 1.000000
Recall_test: 0.995146
F1_test: 0.997567
 

Arquitectura: _2_3_3_3_1_
Semilla: 1788100742
Segundos: 140
NIteraciones: 100000

Costo_train: 0.004008
Precision_train: 0.994969
Recall_train: 0.996222
F1_train: 0.995595

Costo_test: 0.003858
Precision_test: 1.000000
Recall_test: 0.990291
F1_test: 0.995122
 

Arquitectura: _2_3_3_3_1_
Semilla: 1788100742
Segundos: 140
NIteraciones: 100000

Costo_train: 0.009306
Precision_train: 0.989899
Recall_train: 0.987406
F1_train: 0.988651

Costo_test: 0.008697
Precision_test: 0.995098
Recall_test: 0.985437
F1_test: 0.990244
 

Arquitectura: _2_3_3_3_1_
Semilla: 1788100742
Segundos: 140
NIteraciones: 100000

Costo_train: 0.001963
Precision_train: 0.997484
Recall_train: 0.998741
F1_train: 0.998112

Costo_test: 0.001843
Precision_test: 1.000000
Recall_test: 0.995146
F1_test: 0.997567
 

Arquitectura: _2_3_3_3_1_
Semilla: 1788100742
Segundos: 140
NIteraciones: 100000

Costo_train: 0.009276
Precision_train: 0.987421
Recall_train: 0.988665
F1_train: 0.988043

Costo_test: 0.008337
Precision_test: 0.990291
Recall_test: 0.990291
F1_test: 0.990291
 

Arquitectura: _2_3_3_3_1_
Semilla: 1788100742
Segundos: 140
NIteraciones: 100000

Costo_train: 0.009555
Precision_train: 0.988651
Recall_train: 0.987406
F1_train: 0.988028

Costo_test: 0.008887
Precision_test: 0.995098
Recall_test: 0.985437
F1_test: 0.990244
 

Arquitectura: _2_3_3_3_1_
Semilla: 1788100742
Segundos: 140
NIteraciones: 100000

Costo_train: 0.009191
Precision_train: 0.988665
Recall_train: 0.988665
F1_train: 0.988665

Costo_test: 0.008250
Precision_test: 0.990291
Recall_test: 0.990291
F1_test: 0.990291
 

Arquitectura: _2_3_3_3_1_
Semilla: 1788100742
Segundos: 140
NIteraciones: 100000

Costo_train: 0.009595
Precision_train: 0.988651
Recall_train: 0.987406
F1_train: 0.988028

Costo_test: 0.008946
Precision_test: 0.995098
Recall_test: 0.985437
F1_test: 0.990244
 

Arquitectura: _2_3_3_3_1_
Semilla: 1788100742
Segundos: 140
NIteraciones: 100000

Costo_train: 0.003338
Precision_train: 0.996231
Recall_train: 0.998741
F1_train: 0.997484

Costo_test: 0.005434
Precision_test: 0.995122
Recall_test: 0.990291
F1_test: 0.992701
 

Arquitectura: _2_3_3_3_1_
Semilla: 1788100742
Segundos: 140
NIteraciones: 100000

Costo_train: 0.001297
Precision_train: 1.000000
Recall_train: 0.997481
F1_train: 0.998739

Costo_test: 0.001400
Precision_test: 1.000000
Recall_test: 1.000000
F1_test: 1.000000
 

Arquitectura: _2_3_3_3_1_
Semilla: 1788100742
Segundos: 140
NIteraciones: 100000

Costo_train: 0.002030
Precision_train: 0.998741
Recall_train: 0.998741
F1_train: 0.998741

Costo_test: 0.003086
Precision_test: 1.000000
Recall_test: 0.995146
F1_test: 0.997567
 

Arquitectura: _2_3_3_3_1_
Semilla: 1788100742
Segundos: 140
NIteraciones: 100000

Costo_train: 0.001438
Precision_train: 1.000000
Recall_train: 0.998741
F1_train: 0.999370

Costo_test: 0.003179
Precision_test: 1.000000
Recall_test: 0.995146
F1_test: 0.997567
 

Arquitectura: _2_3_3_3_1_
Semilla: 1788100742
Segundos: 140
NIteraciones: 100000

Costo_train: 0.003057
Precision_train: 0.997478
Recall_train: 0.996222
F1_train: 0.996849

Costo_test: 0.002394
Precision_test: 0.995169
Recall_test: 1.000000
F1_test: 0.997579
 

Arquitectura: _2_3_3_3_1_
Semilla: 1788100742
Segundos: 140
NIteraciones: 100000

Costo_train: 0.002373
Precision_train: 0.998741
Recall_train: 0.998741
F1_train: 0.998741

Costo_test: 0.002025
Precision_test: 1.000000
Recall_test: 0.995146
F1_test: 0.997567
 

Arquitectura: _2_3_3_3_1_
Semilla: 1788100742
Segundos: 140
NIteraciones: 100000

Costo_train: 0.025134
Precision_train: 0.997475
Recall_train: 0.994962
F1_train: 0.996217

Costo_test: 0.025083
Precision_test: 1.000000
Recall_test: 0.995146
F1_test: 0.997567
 

Arquitectura: _2_3_3_3_1_
Semilla: 1788100742
Segundos: 140
NIteraciones: 100000

Costo_train: 0.005282
Precision_train: 0.994956
Recall_train: 0.993703
F1_train: 0.994329

Costo_test: 0.006088
Precision_test: 0.995122
Recall_test: 0.990291
F1_test: 0.992701
 

Arquitectura: _2_3_3_3_1_
Semilla: 1788100742
Segundos: 140
NIteraciones: 100000

Costo_train: 0.011424
Precision_train: 0.988651
Recall_train: 0.987406
F1_train: 0.988028

Costo_test: 0.010053
Precision_test: 0.995098
Recall_test: 0.985437
F1_test: 0.990244
 

Arquitectura: _2_3_3_3_1_
Semilla: 1788100742
Segundos: 140
NIteraciones: 100000

Costo_train: 0.009330
Precision_train: 0.987421
Recall_train: 0.988665
F1_train: 0.988043

Costo_test: 0.008298
Precision_test: 0.990291
Recall_test: 0.990291
F1_test: 0.990291
 

Arquitectura: _2_3_3_3_1_
Semilla: 1788100742
Segundos: 140
NIteraciones: 100000

Costo_train: 0.001505
Precision_train: 1.000000
Recall_train: 0.997481
F1_train: 0.998739

Costo_test: 0.001612
Precision_test: 1.000000
Recall_test: 1.000000
F1_test: 1.000000
 

Arquitectura: _2_3_3_3_1_
Semilla: 1788100742
Segundos: 140
NIteraciones: 100000

Costo_train: 0.007602
Precision_train: 0.993695
Recall_train: 0.992443
F1_train: 0.993069

Costo_test: 0.007547
Precision_test: 0.990338
Recall_test: 0.995146
F1_test: 0.992736
 

Arquitectura: _2_3_3_3_1_
Semilla: 1788100742
Segundos: 140
NIteraciones: 100000

Costo_train: 0.170587
Precision_train: 0.989899
Recall_train: 0.493703
F1_train: 0.658823

Costo_test: 0.173539
Precision_test: 0.990196
Recall_test: 0.490291
F1_test: 0.655844
 

Arquitectura: _2_3_3_3_1_
Semilla: 1788100742
Segundos: 140
NIteraciones: 100000

Costo_train: 0.001332
Precision_train: 1.000000
Recall_train: 0.998741
F1_train: 0.999370

Costo_test: 0.002889
Precision_test: 1.000000
Recall_test: 0.995146
F1_test: 0.997567
 

Arquitectura: _2_3_3_3_1_
Semilla: 1788100742
Segundos: 140
NIteraciones: 100000

Costo_train: 0.001879
Precision_train: 0.997487
Recall_train: 1.000000
F1_train: 0.998742

Costo_test: 0.001738
Precision_test: 1.000000
Recall_test: 0.995146
F1_test: 0.997567
 

Arquitectura: _2_3_3_3_1_
Semilla: 1788100742
Segundos: 140
NIteraciones: 100000

Costo_train: 0.009110
Precision_train: 0.988665
Recall_train: 0.988665
F1_train: 0.988665

Costo_test: 0.008067
Precision_test: 0.990291
Recall_test: 0.990291
F1_test: 0.990291
 

Arquitectura: _2_3_3_3_1_
Semilla: 1788100742
Segundos: 140
NIteraciones: 100000

Costo_train: 0.001496
Precision_train: 1.000000
Recall_train: 0.997481
F1_train: 0.998739

Costo_test: 0.001345
Precision_test: 1.000000
Recall_test: 1.000000
F1_test: 1.000000
 

Arquitectura: _2_3_3_3_1_
Semilla: 1788100742
Segundos: 140
NIteraciones: 100000

Costo_train: 0.003857
Precision_train: 0.996222
Recall_train: 0.996222
F1_train: 0.996222

Costo_test: 0.004382
Precision_test: 1.000000
Recall_test: 0.990291
F1_test: 0.995122
 

Arquitectura: _2_3_3_3_1_
Semilla: 1788100742
Segundos: 140
NIteraciones: 100000

Costo_train: 0.009244
Precision_train: 0.988665
Recall_train: 0.988665
F1_train: 0.988665

Costo_test: 0.008146
Precision_test: 0.990291
Recall_test: 0.990291
F1_test: 0.990291
 

Arquitectura: _2_3_3_3_1_
Semilla: 1788100742
Segundos: 140
NIteraciones: 100000

Costo_train: 0.008955
Precision_train: 0.988665
Recall_train: 0.988665
F1_train: 0.988665

Costo_test: 0.008135
Precision_test: 0.990291
Recall_test: 0.990291
F1_test: 0.990291
 


--- Test Angosta 4.0 ---
Iteración 10000
Costo: 0.006536
Iteración 20000
Costo: 0.003468
Iteración 30000
Costo: 0.002597
Iteración 40000
Costo: 0.002159
Iteración 50000
Costo: 0.001886
Iteración 60000
Costo: 0.001695
Iteración 70000
Costo: 0.001554
Iteración 80000
Costo: 0.001443
Iteración 90000
Costo: 0.001353

Arquitectura: _2_12_1_
Semilla: 1788100882
Segundos: 54
NIteraciones: 100000

Costo_train: 0.001280
Precision_train: 1.000000
Recall_train: 0.998741
F1_train: 0.999370

Costo_test: 0.001018
Precision_test: 1.000000
Recall_test: 1.000000
F1_test: 1.000000
 

Arquitectura: _2_12_1_
Semilla: 1788100882
Segundos: 54
NIteraciones: 100000

Costo_train: 0.005686
Precision_train: 0.993711
Recall_train: 0.994962
F1_train: 0.994336

Costo_test: 0.005214
Precision_test: 0.995146
Recall_test: 0.995146
F1_test: 0.995146
 

Arquitectura: _2_12_1_
Semilla: 1788100882
Segundos: 54
NIteraciones: 100000

Costo_train: 0.001226
Precision_train: 1.000000
Recall_train: 0.998741
F1_train: 0.999370

Costo_test: 0.000749
Precision_test: 1.000000
Recall_test: 1.000000
F1_test: 1.000000
 

Arquitectura: _2_12_1_
Semilla: 1788100882
Segundos: 54
NIteraciones: 100000

Costo_train: 0.001199
Precision_train: 1.000000
Recall_train: 0.998741
F1_train: 0.999370

Costo_test: 0.000725
Precision_test: 1.000000
Recall_test: 1.000000
F1_test: 1.000000
 

Arquitectura: _2_12_1_
Semilla: 1788100882
Segundos: 54
NIteraciones: 100000

Costo_train: 0.002060
Precision_train: 0.998737
Recall_train: 0.996222
F1_train: 0.997478

Costo_test: 0.001581
Precision_test: 1.000000
Recall_test: 0.995146
F1_test: 0.997567
 

Arquitectura: _2_12_1_
Semilla: 1788100882
Segundos: 54
NIteraciones: 100000

Costo_train: 0.001247
Precision_train: 1.000000
Recall_train: 0.998741
F1_train: 0.999370

Costo_test: 0.000772
Precision_test: 1.000000
Recall_test: 1.000000
F1_test: 1.000000
 

Arquitectura: _2_12_1_
Semilla: 1788100882
Segundos: 54
NIteraciones: 100000

Costo_train: 0.001382
Precision_train: 1.000000
Recall_train: 0.998741
F1_train: 0.999370

Costo_test: 0.000941
Precision_test: 1.000000
Recall_test: 1.000000
F1_test: 1.000000
 

Arquitectura: _2_12_1_
Semilla: 1788100882
Segundos: 54
NIteraciones: 100000

Costo_train: 0.001180
Precision_train: 1.000000
Recall_train: 0.998741
F1_train: 0.999370

Costo_test: 0.000707
Precision_test: 1.000000
Recall_test: 1.000000
F1_test: 1.000000
 

Arquitectura: _2_12_1_
Semilla: 1788100882
Segundos: 54
NIteraciones: 100000

Costo_train: 0.001263
Precision_train: 1.000000
Recall_train: 0.998741
F1_train: 0.999370

Costo_test: 0.000850
Precision_test: 1.000000
Recall_test: 1.000000
F1_test: 1.000000
 

Arquitectura: _2_12_1_
Semilla: 1788100882
Segundos: 54
NIteraciones: 100000

Costo_train: 0.001210
Precision_train: 1.000000
Recall_train: 0.998741
F1_train: 0.999370

Costo_test: 0.000755
Precision_test: 1.000000
Recall_test: 1.000000
F1_test: 1.000000
 

Arquitectura: _2_12_1_
Semilla: 1788100882
Segundos: 54
NIteraciones: 100000

Costo_train: 0.002404
Precision_train: 0.997484
Recall_train: 0.998741
F1_train: 0.998112

Costo_test: 0.001814
Precision_test: 1.000000
Recall_test: 0.995146
F1_test: 0.997567
 

Arquitectura: _2_12_1_
Semilla: 1788100882
Segundos: 54
NIteraciones: 100000

Costo_train: 0.001258
Precision_train: 1.000000
Recall_train: 0.997481
F1_train: 0.998739

Costo_test: 0.000796
Precision_test: 1.000000
Recall_test: 1.000000
F1_test: 1.000000
 

Arquitectura: _2_12_1_
Semilla: 1788100882
Segundos: 54
NIteraciones: 100000

Costo_train: 0.001356
Precision_train: 0.998741
Recall_train: 0.998741
F1_train: 0.998741

Costo_test: 0.000748
Precision_test: 1.000000
Recall_test: 1.000000
F1_test: 1.000000
 

Arquitectura: _2_12_1_
Semilla: 1788100882
Segundos: 54
NIteraciones: 100000

Costo_train: 0.001220
Precision_train: 1.000000
Recall_train: 0.998741
F1_train: 0.999370

Costo_test: 0.000662
Precision_test: 1.000000
Recall_test: 1.000000
F1_test: 1.000000
 

Arquitectura: _2_12_1_
Semilla: 1788100882
Segundos: 54
NIteraciones: 100000

Costo_train: 0.001340
Precision_train: 1.000000
Recall_train: 0.998741
F1_train: 0.999370

Costo_test: 0.000963
Precision_test: 1.000000
Recall_test: 1.000000
F1_test: 1.000000
 

Arquitectura: _2_12_1_
Semilla: 1788100882
Segundos: 54
NIteraciones: 100000

Costo_train: 0.001223
Precision_train: 1.000000
Recall_train: 0.998741
F1_train: 0.999370

Costo_test: 0.000739
Precision_test: 1.000000
Recall_test: 1.000000
F1_test: 1.000000
 

Arquitectura: _2_12_1_
Semilla: 1788100882
Segundos: 54
NIteraciones: 100000

Costo_train: 0.001286
Precision_train: 1.000000
Recall_train: 0.998741
F1_train: 0.999370

Costo_test: 0.000748
Precision_test: 1.000000
Recall_test: 1.000000
F1_test: 1.000000
 

Arquitectura: _2_12_1_
Semilla: 1788100882
Segundos: 54
NIteraciones: 100000

Costo_train: 0.001286
Precision_train: 0.998741
Recall_train: 0.998741
F1_train: 0.998741

Costo_test: 0.000821
Precision_test: 1.000000
Recall_test: 1.000000
F1_test: 1.000000
 

Arquitectura: _2_12_1_
Semilla: 1788100882
Segundos: 54
NIteraciones: 100000

Costo_train: 0.001455
Precision_train: 1.000000
Recall_train: 0.998741
F1_train: 0.999370

Costo_test: 0.001748
Precision_test: 1.000000
Recall_test: 0.995146
F1_test: 0.997567
 

Arquitectura: _2_12_1_
Semilla: 1788100882
Segundos: 54
NIteraciones: 100000

Costo_train: 0.001227
Precision_train: 1.000000
Recall_train: 0.998741
F1_train: 0.999370

Costo_test: 0.000728
Precision_test: 1.000000
Recall_test: 1.000000
F1_test: 1.000000
 

Arquitectura: _2_12_1_
Semilla: 1788100882
Segundos: 54
NIteraciones: 100000

Costo_train: 0.001506
Precision_train: 0.998739
Recall_train: 0.997481
F1_train: 0.998110

Costo_test: 0.001374
Precision_test: 1.000000
Recall_test: 0.995146
F1_test: 0.997567
 

Arquitectura: _2_12_1_
Semilla: 1788100882
Segundos: 54
NIteraciones: 100000

Costo_train: 0.001278
Precision_train: 1.000000
Recall_train: 0.998741
F1_train: 0.999370

Costo_test: 0.000811
Precision_test: 1.000000
Recall_test: 1.000000
F1_test: 1.000000
 

Arquitectura: _2_12_1_
Semilla: 1788100882
Segundos: 54
NIteraciones: 100000

Costo_train: 0.001331
Precision_train: 1.000000
Recall_train: 0.998741
F1_train: 0.999370

Costo_test: 0.001010
Precision_test: 1.000000
Recall_test: 1.000000
F1_test: 1.000000
 

Arquitectura: _2_12_1_
Semilla: 1788100882
Segundos: 54
NIteraciones: 100000

Costo_train: 0.003551
Precision_train: 0.997478
Recall_train: 0.996222
F1_train: 0.996849

Costo_test: 0.002256
Precision_test: 0.995169
Recall_test: 1.000000
F1_test: 0.997579
 

Arquitectura: _2_12_1_
Semilla: 1788100882
Segundos: 54
NIteraciones: 100000

Costo_train: 0.002520
Precision_train: 0.998739
Recall_train: 0.997481
F1_train: 0.998110

Costo_test: 0.002658
Precision_test: 0.995146
Recall_test: 0.995146
F1_test: 0.995146
 

Arquitectura: _2_12_1_
Semilla: 1788100882
Segundos: 54
NIteraciones: 100000

Costo_train: 0.001361
Precision_train: 0.998739
Recall_train: 0.997481
F1_train: 0.998110

Costo_test: 0.000752
Precision_test: 1.000000
Recall_test: 1.000000
F1_test: 1.000000
 

Arquitectura: _2_12_1_
Semilla: 1788100882
Segundos: 54
NIteraciones: 100000

Costo_train: 0.001770
Precision_train: 0.998742
Recall_train: 1.000000
F1_train: 0.999371

Costo_test: 0.001218
Precision_test: 1.000000
Recall_test: 1.000000
F1_test: 1.000000
 

Arquitectura: _2_12_1_
Semilla: 1788100882
Segundos: 54
NIteraciones: 100000

Costo_train: 0.001331
Precision_train: 1.000000
Recall_train: 0.997481
F1_train: 0.998739

Costo_test: 0.000848
Precision_test: 1.000000
Recall_test: 1.000000
F1_test: 1.000000
 

Arquitectura: _2_12_1_
Semilla: 1788100882
Segundos: 54
NIteraciones: 100000

Costo_train: 0.001329
Precision_train: 0.998741
Recall_train: 0.998741
F1_train: 0.998741

Costo_test: 0.000820
Precision_test: 1.000000
Recall_test: 1.000000
F1_test: 1.000000
 

Arquitectura: _2_12_1_
Semilla: 1788100882
Segundos: 54
NIteraciones: 100000

Costo_train: 0.001261
Precision_train: 1.000000
Recall_train: 0.998741
F1_train: 0.999370

Costo_test: 0.000780
Precision_test: 1.000000
Recall_test: 1.000000
F1_test: 1.000000
 

Arquitectura: _2_12_1_
Semilla: 1788100882
Segundos: 54
NIteraciones: 100000

Costo_train: 0.001336
Precision_train: 1.000000
Recall_train: 0.998741
F1_train: 0.999370

Costo_test: 0.000875
Precision_test: 1.000000
Recall_test: 1.000000
F1_test: 1.000000
 

Arquitectura: _2_12_1_
Semilla: 1788100882
Segundos: 54
NIteraciones: 100000

Costo_train: 0.001409
Precision_train: 1.000000
Recall_train: 0.998741
F1_train: 0.999370

Costo_test: 0.000937
Precision_test: 1.000000
Recall_test: 1.000000
F1_test: 1.000000
 

Arquitectura: _2_12_1_
Semilla: 1788100882
Segundos: 54
NIteraciones: 100000

Costo_train: 0.001292
Precision_train: 1.000000
Recall_train: 0.998741
F1_train: 0.999370

Costo_test: 0.000812
Precision_test: 1.000000
Recall_test: 1.000000
F1_test: 1.000000
 

Arquitectura: _2_12_1_
Semilla: 1788100882
Segundos: 54
NIteraciones: 100000

Costo_train: 0.001210
Precision_train: 1.000000
Recall_train: 0.998741
F1_train: 0.999370

Costo_test: 0.000781
Precision_test: 1.000000
Recall_test: 1.000000
F1_test: 1.000000
 

Arquitectura: _2_12_1_
Semilla: 1788100882
Segundos: 54
NIteraciones: 100000

Costo_train: 0.001211
Precision_train: 1.000000
Recall_train: 0.998741
F1_train: 0.999370

Costo_test: 0.000741
Precision_test: 1.000000
Recall_test: 1.000000
F1_test: 1.000000
 

Arquitectura: _2_12_1_
Semilla: 1788100882
Segundos: 54
NIteraciones: 100000

Costo_train: 0.001223
Precision_train: 1.000000
Recall_train: 0.998741
F1_train: 0.999370

Costo_test: 0.000751
Precision_test: 1.000000
Recall_test: 1.000000
F1_test: 1.000000
 

Arquitectura: _2_12_1_
Semilla: 1788100882
Segundos: 54
NIteraciones: 100000

Costo_train: 0.001222
Precision_train: 1.000000
Recall_train: 0.998741
F1_train: 0.999370

Costo_test: 0.000756
Precision_test: 1.000000
Recall_test: 1.000000
F1_test: 1.000000
 

Arquitectura: _2_12_1_
Semilla: 1788100882
Segundos: 54
NIteraciones: 100000

Costo_train: 0.001263
Precision_train: 1.000000
Recall_train: 0.998741
F1_train: 0.999370

Costo_test: 0.000799
Precision_test: 1.000000
Recall_test: 1.000000
F1_test: 1.000000
 

Arquitectura: _2_12_1_
Semilla: 1788100882
Segundos: 54
NIteraciones: 100000

Costo_train: 0.001296
Precision_train: 1.000000
Recall_train: 0.998741
F1_train: 0.999370

Costo_test: 0.000833
Precision_test: 1.000000
Recall_test: 1.000000
F1_test: 1.000000
 

Arquitectura: _2_12_1_
Semilla: 1788100882
Segundos: 54
NIteraciones: 100000

Costo_train: 0.001317
Precision_train: 1.000000
Recall_train: 0.998741
F1_train: 0.999370

Costo_test: 0.000846
Precision_test: 1.000000
Recall_test: 1.000000
F1_test: 1.000000
 

Arquitectura: _2_12_1_
Semilla: 1788100882
Segundos: 54
NIteraciones: 100000

Costo_train: 0.001358
Precision_train: 1.000000
Recall_train: 0.998741
F1_train: 0.999370

Costo_test: 0.000869
Precision_test: 1.000000
Recall_test: 1.000000
F1_test: 1.000000
 

Arquitectura: _2_12_1_
Semilla: 1788100882
Segundos: 54
NIteraciones: 100000

Costo_train: 0.001146
Precision_train: 1.000000
Recall_train: 0.998741
F1_train: 0.999370

Costo_test: 0.000680
Precision_test: 1.000000
Recall_test: 1.000000
F1_test: 1.000000
 

Arquitectura: _2_12_1_
Semilla: 1788100882
Segundos: 54
NIteraciones: 100000

Costo_train: 0.001326
Precision_train: 1.000000
Recall_train: 0.998741
F1_train: 0.999370

Costo_test: 0.000857
Precision_test: 1.000000
Recall_test: 1.000000
F1_test: 1.000000
 

Arquitectura: _2_12_1_
Semilla: 1788100882
Segundos: 54
NIteraciones: 100000

Costo_train: 0.001305
Precision_train: 1.000000
Recall_train: 0.998741
F1_train: 0.999370

Costo_test: 0.000859
Precision_test: 1.000000
Recall_test: 1.000000
F1_test: 1.000000
 

Arquitectura: _2_12_1_
Semilla: 1788100882
Segundos: 54
NIteraciones: 100000

Costo_train: 0.003216
Precision_train: 0.997478
Recall_train: 0.996222
F1_train: 0.996849

Costo_test: 0.002218
Precision_test: 0.995169
Recall_test: 1.000000
F1_test: 0.997579
 

Arquitectura: _2_12_1_
Semilla: 1788100882
Segundos: 54
NIteraciones: 100000

Costo_train: 0.001213
Precision_train: 1.000000
Recall_train: 0.998741
F1_train: 0.999370

Costo_test: 0.000751
Precision_test: 1.000000
Recall_test: 1.000000
F1_test: 1.000000
 

Arquitectura: _2_12_1_
Semilla: 1788100882
Segundos: 54
NIteraciones: 100000

Costo_train: 0.001503
Precision_train: 0.998739
Recall_train: 0.997481
F1_train: 0.998110

Costo_test: 0.000923
Precision_test: 1.000000
Recall_test: 1.000000
F1_test: 1.000000
 

Arquitectura: _2_12_1_
Semilla: 1788100882
Segundos: 54
NIteraciones: 100000

Costo_train: 0.001247
Precision_train: 1.000000
Recall_train: 0.998741
F1_train: 0.999370

Costo_test: 0.000808
Precision_test: 1.000000
Recall_test: 1.000000
F1_test: 1.000000
 

Arquitectura: _2_12_1_
Semilla: 1788100882
Segundos: 54
NIteraciones: 100000

Costo_train: 0.001202
Precision_train: 1.000000
Recall_train: 0.998741
F1_train: 0.999370

Costo_test: 0.000713
Precision_test: 1.000000
Recall_test: 1.000000
F1_test: 1.000000
 

Arquitectura: _2_12_1_
Semilla: 1788100882
Segundos: 54
NIteraciones: 100000

Costo_train: 0.001371
Precision_train: 1.000000
Recall_train: 0.998741
F1_train: 0.999370

Costo_test: 0.000952
Precision_test: 1.000000
Recall_test: 1.000000
F1_test: 1.000000
 

Arquitectura: _2_12_1_
Semilla: 1788100882
Segundos: 54
NIteraciones: 100000

Costo_train: 0.001238
Precision_train: 1.000000
Recall_train: 0.998741
F1_train: 0.999370

Costo_test: 0.000727
Precision_test: 1.000000
Recall_test: 1.000000
F1_test: 1.000000
 

Arquitectura: _2_12_1_
Semilla: 1788100882
Segundos: 54
NIteraciones: 100000

Costo_train: 0.009405
Precision_train: 0.987421
Recall_train: 0.988665
F1_train: 0.988043

Costo_test: 0.008669
Precision_test: 0.990291
Recall_test: 0.990291
F1_test: 0.990291
 

Arquitectura: _2_12_1_
Semilla: 1788100882
Segundos: 54
NIteraciones: 100000

Costo_train: 0.001194
Precision_train: 1.000000
Recall_train: 0.998741
F1_train: 0.999370

Costo_test: 0.000699
Precision_test: 1.000000
Recall_test: 1.000000
F1_test: 1.000000
 

Arquitectura: _2_12_1_
Semilla: 1788100882
Segundos: 54
NIteraciones: 100000

Costo_train: 0.001465
Precision_train: 1.000000
Recall_train: 0.997481
F1_train: 0.998739

Costo_test: 0.000957
Precision_test: 1.000000
Recall_test: 1.000000
F1_test: 1.000000
 

Arquitectura: _2_12_1_
Semilla: 1788100882
Segundos: 54
NIteraciones: 100000

Costo_train: 0.001375
Precision_train: 1.000000
Recall_train: 0.997481
F1_train: 0.998739

Costo_test: 0.000935
Precision_test: 1.000000
Recall_test: 1.000000
F1_test: 1.000000
 

Arquitectura: _2_12_1_
Semilla: 1788100882
Segundos: 54
NIteraciones: 100000

Costo_train: 0.001296
Precision_train: 1.000000
Recall_train: 0.997481
F1_train: 0.998739

Costo_test: 0.000800
Precision_test: 1.000000
Recall_test: 1.000000
F1_test: 1.000000
 

Arquitectura: _2_12_1_
Semilla: 1788100882
Segundos: 54
NIteraciones: 100000

Costo_train: 0.001277
Precision_train: 1.000000
Recall_train: 0.998741
F1_train: 0.999370

Costo_test: 0.000821
Precision_test: 1.000000
Recall_test: 1.000000
F1_test: 1.000000
 

Arquitectura: _2_12_1_
Semilla: 1788100882
Segundos: 54
NIteraciones: 100000

Costo_train: 0.002274
Precision_train: 0.998739
Recall_train: 0.997481
F1_train: 0.998110

Costo_test: 0.003704
Precision_test: 0.995146
Recall_test: 0.995146
F1_test: 0.995146
 

Arquitectura: _2_12_1_
Semilla: 1788100882
Segundos: 54
NIteraciones: 100000

Costo_train: 0.001765
Precision_train: 1.000000
Recall_train: 0.997481
F1_train: 0.998739

Costo_test: 0.001562
Precision_test: 1.000000
Recall_test: 1.000000
F1_test: 1.000000
 

Arquitectura: _2_12_1_
Semilla: 1788100882
Segundos: 54
NIteraciones: 100000

Costo_train: 0.001270
Precision_train: 1.000000
Recall_train: 0.998741
F1_train: 0.999370

Costo_test: 0.000782
Precision_test: 1.000000
Recall_test: 1.000000
F1_test: 1.000000
 

Arquitectura: _2_12_1_
Semilla: 1788100882
Segundos: 54
NIteraciones: 100000

Costo_train: 0.001262
Precision_train: 0.998741
Recall_train: 0.998741
F1_train: 0.998741

Costo_test: 0.000776
Precision_test: 1.000000
Recall_test: 1.000000
F1_test: 1.000000
 

Arquitectura: _2_12_1_
Semilla: 1788100882
Segundos: 54
NIteraciones: 100000

Costo_train: 0.001319
Precision_train: 1.000000
Recall_train: 0.998741
F1_train: 0.999370

Costo_test: 0.000930
Precision_test: 1.000000
Recall_test: 1.000000
F1_test: 1.000000
 

Arquitectura: _2_12_1_
Semilla: 1788100882
Segundos: 54
NIteraciones: 100000

Costo_train: 0.001350
Precision_train: 1.000000
Recall_train: 0.998741
F1_train: 0.999370

Costo_test: 0.000927
Precision_test: 1.000000
Recall_test: 1.000000
F1_test: 1.000000
 

Arquitectura: _2_12_1_
Semilla: 1788100882
Segundos: 54
NIteraciones: 100000

Costo_train: 0.001255
Precision_train: 0.998741
Recall_train: 0.998741
F1_train: 0.998741

Costo_test: 0.000779
Precision_test: 1.000000
Recall_test: 1.000000
F1_test: 1.000000
 

Arquitectura: _2_12_1_
Semilla: 1788100882
Segundos: 54
NIteraciones: 100000

Costo_train: 0.002980
Precision_train: 0.996226
Recall_train: 0.997481
F1_train: 0.996853

Costo_test: 0.002126
Precision_test: 1.000000
Recall_test: 0.995146
F1_test: 0.997567
 

Arquitectura: _2_12_1_
Semilla: 1788100882
Segundos: 54
NIteraciones: 100000

Costo_train: 0.001499
Precision_train: 0.998741
Recall_train: 0.998741
F1_train: 0.998741

Costo_test: 0.001051
Precision_test: 1.000000
Recall_test: 1.000000
F1_test: 1.000000
 

Arquitectura: _2_12_1_
Semilla: 1788100882
Segundos: 54
NIteraciones: 100000

Costo_train: 0.002030
Precision_train: 0.998741
Recall_train: 0.998741
F1_train: 0.998741

Costo_test: 0.001484
Precision_test: 1.000000
Recall_test: 0.995146
F1_test: 0.997567
 

Arquitectura: _2_12_1_
Semilla: 1788100882
Segundos: 54
NIteraciones: 100000

Costo_train: 0.001167
Precision_train: 1.000000
Recall_train: 0.998741
F1_train: 0.999370

Costo_test: 0.000717
Precision_test: 1.000000
Recall_test: 1.000000
F1_test: 1.000000
 

Arquitectura: _2_12_1_
Semilla: 1788100882
Segundos: 54
NIteraciones: 100000

Costo_train: 0.001186
Precision_train: 1.000000
Recall_train: 0.998741
F1_train: 0.999370

Costo_test: 0.000736
Precision_test: 1.000000
Recall_test: 1.000000
F1_test: 1.000000
 

Arquitectura: _2_12_1_
Semilla: 1788100882
Segundos: 54
NIteraciones: 100000

Costo_train: 0.001225
Precision_train: 1.000000
Recall_train: 0.998741
F1_train: 0.999370

Costo_test: 0.000727
Precision_test: 1.000000
Recall_test: 1.000000
F1_test: 1.000000
 

Arquitectura: _2_12_1_
Semilla: 1788100882
Segundos: 54
NIteraciones: 100000

Costo_train: 0.001322
Precision_train: 1.000000
Recall_train: 0.998741
F1_train: 0.999370

Costo_test: 0.000852
Precision_test: 1.000000
Recall_test: 1.000000
F1_test: 1.000000
 

Arquitectura: _2_12_1_
Semilla: 1788100882
Segundos: 54
NIteraciones: 100000

Costo_train: 0.001322
Precision_train: 1.000000
Recall_train: 0.998741
F1_train: 0.999370

Costo_test: 0.000941
Precision_test: 1.000000
Recall_test: 1.000000
F1_test: 1.000000
 

Arquitectura: _2_12_1_
Semilla: 1788100882
Segundos: 54
NIteraciones: 100000

Costo_train: 0.001267
Precision_train: 1.000000
Recall_train: 0.998741
F1_train: 0.999370

Costo_test: 0.000736
Precision_test: 1.000000
Recall_test: 1.000000
F1_test: 1.000000
 

Arquitectura: _2_12_1_
Semilla: 1788100882
Segundos: 54
NIteraciones: 100000

Costo_train: 0.001215
Precision_train: 1.000000
Recall_train: 0.998741
F1_train: 0.999370

Costo_test: 0.000786
Precision_test: 1.000000
Recall_test: 1.000000
F1_test: 1.000000
 

Arquitectura: _2_12_1_
Semilla: 1788100882
Segundos: 54
NIteraciones: 100000

Costo_train: 0.001620
Precision_train: 0.998737
Recall_train: 0.996222
F1_train: 0.997478

Costo_test: 0.000946
Precision_test: 1.000000
Recall_test: 1.000000
F1_test: 1.000000
 

Arquitectura: _2_12_1_
Semilla: 1788100882
Segundos: 54
NIteraciones: 100000

Costo_train: 0.001211
Precision_train: 1.000000
Recall_train: 0.998741
F1_train: 0.999370

Costo_test: 0.000739
Precision_test: 1.000000
Recall_test: 1.000000
F1_test: 1.000000
 

Arquitectura: _2_12_1_
Semilla: 1788100882
Segundos: 54
NIteraciones: 100000

Costo_train: 0.001198
Precision_train: 1.000000
Recall_train: 0.998741
F1_train: 0.999370

Costo_test: 0.000766
Precision_test: 1.000000
Recall_test: 1.000000
F1_test: 1.000000
 

Arquitectura: _2_12_1_
Semilla: 1788100882
Segundos: 54
NIteraciones: 100000

Costo_train: 0.001251
Precision_train: 1.000000
Recall_train: 0.998741
F1_train: 0.999370

Costo_test: 0.000776
Precision_test: 1.000000
Recall_test: 1.000000
F1_test: 1.000000
 

Arquitectura: _2_12_1_
Semilla: 1788100882
Segundos: 54
NIteraciones: 100000

Costo_train: 0.001176
Precision_train: 1.000000
Recall_train: 0.997481
F1_train: 0.998739

Costo_test: 0.000633
Precision_test: 1.000000
Recall_test: 1.000000
F1_test: 1.000000
 

Arquitectura: _2_12_1_
Semilla: 1788100882
Segundos: 54
NIteraciones: 100000

Costo_train: 0.001403
Precision_train: 1.000000
Recall_train: 0.998741
F1_train: 0.999370

Costo_test: 0.000943
Precision_test: 1.000000
Recall_test: 1.000000
F1_test: 1.000000
 

Arquitectura: _2_12_1_
Semilla: 1788100882
Segundos: 54
NIteraciones: 100000

Costo_train: 0.001337
Precision_train: 1.000000
Recall_train: 0.998741
F1_train: 0.999370

Costo_test: 0.001075
Precision_test: 1.000000
Recall_test: 1.000000
F1_test: 1.000000
 

Arquitectura: _2_12_1_
Semilla: 1788100882
Segundos: 54
NIteraciones: 100000

Costo_train: 0.001215
Precision_train: 1.000000
Recall_train: 0.998741
F1_train: 0.999370

Costo_test: 0.000754
Precision_test: 1.000000
Recall_test: 1.000000
F1_test: 1.000000
 

Arquitectura: _2_12_1_
Semilla: 1788100882
Segundos: 54
NIteraciones: 100000

Costo_train: 0.001414
Precision_train: 1.000000
Recall_train: 0.997481
F1_train: 0.998739

Costo_test: 0.000981
Precision_test: 1.000000
Recall_test: 1.000000
F1_test: 1.000000
 

Arquitectura: _2_12_1_
Semilla: 1788100882
Segundos: 54
NIteraciones: 100000

Costo_train: 0.001934
Precision_train: 0.998741
Recall_train: 0.998741
F1_train: 0.998741

Costo_test: 0.001355
Precision_test: 1.000000
Recall_test: 0.995146
F1_test: 0.997567
 

Arquitectura: _2_12_1_
Semilla: 1788100882
Segundos: 54
NIteraciones: 100000

Costo_train: 0.002045
Precision_train: 0.998739
Recall_train: 0.997481
F1_train: 0.998110

Costo_test: 0.001536
Precision_test: 1.000000
Recall_test: 0.995146
F1_test: 0.997567
 

Arquitectura: _2_12_1_
Semilla: 1788100882
Segundos: 54
NIteraciones: 100000

Costo_train: 0.001163
Precision_train: 1.000000
Recall_train: 0.998741
F1_train: 0.999370

Costo_test: 0.000678
Precision_test: 1.000000
Recall_test: 1.000000
F1_test: 1.000000
 

Arquitectura: _2_12_1_
Semilla: 1788100882
Segundos: 54
NIteraciones: 100000

Costo_train: 0.001170
Precision_train: 1.000000
Recall_train: 0.998741
F1_train: 0.999370

Costo_test: 0.000704
Precision_test: 1.000000
Recall_test: 1.000000
F1_test: 1.000000
 

Arquitectura: _2_12_1_
Semilla: 1788100882
Segundos: 54
NIteraciones: 100000

Costo_train: 0.001917
Precision_train: 0.998739
Recall_train: 0.997481
F1_train: 0.998110

Costo_test: 0.001641
Precision_test: 1.000000
Recall_test: 1.000000
F1_test: 1.000000
 

Arquitectura: _2_12_1_
Semilla: 1788100882
Segundos: 54
NIteraciones: 100000

Costo_train: 0.001226
Precision_train: 1.000000
Recall_train: 0.998741
F1_train: 0.999370

Costo_test: 0.000772
Precision_test: 1.000000
Recall_test: 1.000000
F1_test: 1.000000
 

Arquitectura: _2_12_1_
Semilla: 1788100882
Segundos: 54
NIteraciones: 100000

Costo_train: 0.001258
Precision_train: 1.000000
Recall_train: 0.998741
F1_train: 0.999370

Costo_test: 0.000844
Precision_test: 1.000000
Recall_test: 1.000000
F1_test: 1.000000
 

Arquitectura: _2_12_1_
Semilla: 1788100882
Segundos: 54
NIteraciones: 100000

Costo_train: 0.001289
Precision_train: 1.000000
Recall_train: 0.998741
F1_train: 0.999370

Costo_test: 0.000783
Precision_test: 1.000000
Recall_test: 1.000000
F1_test: 1.000000
 

Arquitectura: _2_12_1_
Semilla: 1788100882
Segundos: 54
NIteraciones: 100000

Costo_train: 0.001436
Precision_train: 1.000000
Recall_train: 0.998741
F1_train: 0.999370

Costo_test: 0.001623
Precision_test: 1.000000
Recall_test: 0.995146
F1_test: 0.997567
 

Arquitectura: _2_12_1_
Semilla: 1788100882
Segundos: 54
NIteraciones: 100000

Costo_train: 0.001286
Precision_train: 1.000000
Recall_train: 0.998741
F1_train: 0.999370

Costo_test: 0.000802
Precision_test: 1.000000
Recall_test: 1.000000
F1_test: 1.000000
 

Arquitectura: _2_12_1_
Semilla: 1788100882
Segundos: 54
NIteraciones: 100000

Costo_train: 0.001287
Precision_train: 1.000000
Recall_train: 0.998741
F1_train: 0.999370

Costo_test: 0.000795
Precision_test: 1.000000
Recall_test: 1.000000
F1_test: 1.000000
 

Arquitectura: _2_12_1_
Semilla: 1788100882
Segundos: 54
NIteraciones: 100000

Costo_train: 0.001204
Precision_train: 1.000000
Recall_train: 0.998741
F1_train: 0.999370

Costo_test: 0.000712
Precision_test: 1.000000
Recall_test: 1.000000
F1_test: 1.000000
 

Arquitectura: _2_12_1_
Semilla: 1788100882
Segundos: 54
NIteraciones: 100000

Costo_train: 0.001323
Precision_train: 1.000000
Recall_train: 0.998741
F1_train: 0.999370

Costo_test: 0.000818
Precision_test: 1.000000
Recall_test: 1.000000
F1_test: 1.000000
 

Arquitectura: _2_12_1_
Semilla: 1788100882
Segundos: 54
NIteraciones: 100000

Costo_train: 0.001235
Precision_train: 1.000000
Recall_train: 0.997481
F1_train: 0.998739

Costo_test: 0.000746
Precision_test: 1.000000
Recall_test: 1.000000
F1_test: 1.000000
 

Arquitectura: _2_12_1_
Semilla: 1788100882
Segundos: 54
NIteraciones: 100000

Costo_train: 0.002915
Precision_train: 0.998739
Recall_train: 0.997481
F1_train: 0.998110

Costo_test: 0.003529
Precision_test: 0.995122
Recall_test: 0.990291
F1_test: 0.992701
 

Arquitectura: _2_12_1_
Semilla: 1788100882
Segundos: 54
NIteraciones: 100000

Costo_train: 0.001286
Precision_train: 1.000000
Recall_train: 0.998741
F1_train: 0.999370

Costo_test: 0.000820
Precision_test: 1.000000
Recall_test: 1.000000
F1_test: 1.000000
 

Arquitectura: _2_12_1_
Semilla: 1788100882
Segundos: 54
NIteraciones: 100000

Costo_train: 0.006053
Precision_train: 0.992462
Recall_train: 0.994962
F1_train: 0.993711

Costo_test: 0.006073
Precision_test: 0.995146
Recall_test: 0.995146
F1_test: 0.995146
 


--- Test Profunda 4.0 ---
Iteración 10000
Costo: 0.250015
Iteración 20000
Costo: 0.250007
Iteración 30000
Costo: 0.250000
Iteración 40000
Costo: 0.249994
Iteración 50000
Costo: 0.249987
Iteración 60000
Costo: 0.249980
Iteración 70000
Costo: 0.249972
Iteración 80000
Costo: 0.249960
Iteración 90000
Costo: 0.249945

Arquitectura: _2_3_3_3_3_1_
Semilla: 1788100936
Segundos: 186
NIteraciones: 100000

Costo_train: 0.249923
Precision_train: -nan(ind)
Recall_train: 0.000000
F1_train: -nan(ind)

Costo_test: 0.250152
Precision_test: -nan(ind)
Recall_test: 0.000000
F1_test: -nan(ind)
 

Arquitectura: _2_3_3_3_3_1_
Semilla: 1788100936
Segundos: 186
NIteraciones: 100000

Costo_train: 0.249964
Precision_train: -nan(ind)
Recall_train: 0.000000
F1_train: -nan(ind)

Costo_test: 0.250172
Precision_test: -nan(ind)
Recall_test: 0.000000
F1_test: -nan(ind)
 

Arquitectura: _2_3_3_3_3_1_
Semilla: 1788100936
Segundos: 186
NIteraciones: 100000

Costo_train: 0.249910
Precision_train: -nan(ind)
Recall_train: 0.000000
F1_train: -nan(ind)

Costo_test: 0.250169
Precision_test: -nan(ind)
Recall_test: 0.000000
F1_test: -nan(ind)
 

Arquitectura: _2_3_3_3_3_1_
Semilla: 1788100936
Segundos: 186
NIteraciones: 100000

Costo_train: 0.244145
Precision_train: 0.914943
Recall_train: 0.501259
F1_train: 0.647681

Costo_test: 0.243907
Precision_test: 0.918919
Recall_test: 0.495146
F1_test: 0.643533
 

Arquitectura: _2_3_3_3_3_1_
Semilla: 1788100936
Segundos: 186
NIteraciones: 100000

Costo_train: 0.249980
Precision_train: -nan(ind)
Recall_train: 0.000000
F1_train: -nan(ind)

Costo_test: 0.250157
Precision_test: -nan(ind)
Recall_test: 0.000000
F1_test: -nan(ind)
 

Arquitectura: _2_3_3_3_3_1_
Semilla: 1788100936
Segundos: 186
NIteraciones: 100000

Costo_train: 0.249275
Precision_train: 0.921053
Recall_train: 0.484887
F1_train: 0.635314

Costo_test: 0.249621
Precision_test: 0.980392
Recall_test: 0.485437
F1_test: 0.649351
 

Arquitectura: _2_3_3_3_3_1_
Semilla: 1788100936
Segundos: 186
NIteraciones: 100000

Costo_train: 0.249934
Precision_train: -nan(ind)
Recall_train: 0.000000
F1_train: -nan(ind)

Costo_test: 0.250115
Precision_test: -nan(ind)
Recall_test: 0.000000
F1_test: -nan(ind)
 

Arquitectura: _2_3_3_3_3_1_
Semilla: 1788100936
Segundos: 186
NIteraciones: 100000

Costo_train: 0.249945
Precision_train: -nan(ind)
Recall_train: 0.000000
F1_train: -nan(ind)

Costo_test: 0.250125
Precision_test: -nan(ind)
Recall_test: 0.000000
F1_test: -nan(ind)
 

Arquitectura: _2_3_3_3_3_1_
Semilla: 1788100936
Segundos: 186
NIteraciones: 100000

Costo_train: 0.249771
Precision_train: -nan(ind)
Recall_train: 0.000000
F1_train: -nan(ind)

Costo_test: 0.250086
Precision_test: -nan(ind)
Recall_test: 0.000000
F1_test: -nan(ind)
 

Arquitectura: _2_3_3_3_3_1_
Semilla: 1788100936
Segundos: 186
NIteraciones: 100000

Costo_train: 0.249961
Precision_train: -nan(ind)
Recall_train: 0.000000
F1_train: -nan(ind)

Costo_test: 0.250147
Precision_test: -nan(ind)
Recall_test: 0.000000
F1_test: -nan(ind)
 

Arquitectura: _2_3_3_3_3_1_
Semilla: 1788100936
Segundos: 186
NIteraciones: 100000

Costo_train: 0.249905
Precision_train: -nan(ind)
Recall_train: 0.000000
F1_train: -nan(ind)

Costo_test: 0.250093
Precision_test: -nan(ind)
Recall_test: 0.000000
F1_test: -nan(ind)
 

Arquitectura: _2_3_3_3_3_1_
Semilla: 1788100936
Segundos: 186
NIteraciones: 100000

Costo_train: 0.249848
Precision_train: -nan(ind)
Recall_train: 0.000000
F1_train: -nan(ind)

Costo_test: 0.250011
Precision_test: -nan(ind)
Recall_test: 0.000000
F1_test: -nan(ind)
 

Arquitectura: _2_3_3_3_3_1_
Semilla: 1788100936
Segundos: 186
NIteraciones: 100000

Costo_train: 0.249975
Precision_train: -nan(ind)
Recall_train: 0.000000
F1_train: -nan(ind)

Costo_test: 0.250133
Precision_test: -nan(ind)
Recall_test: 0.000000
F1_test: -nan(ind)
 

Arquitectura: _2_3_3_3_3_1_
Semilla: 1788100936
Segundos: 186
NIteraciones: 100000

Costo_train: 0.249902
Precision_train: -nan(ind)
Recall_train: 0.000000
F1_train: -nan(ind)

Costo_test: 0.250056
Precision_test: -nan(ind)
Recall_test: 0.000000
F1_test: -nan(ind)
 

Arquitectura: _2_3_3_3_3_1_
Semilla: 1788100936
Segundos: 186
NIteraciones: 100000

Costo_train: 0.249950
Precision_train: -nan(ind)
Recall_train: 0.000000
F1_train: -nan(ind)

Costo_test: 0.250169
Precision_test: -nan(ind)
Recall_test: 0.000000
F1_test: -nan(ind)
 

Arquitectura: _2_3_3_3_3_1_
Semilla: 1788100936
Segundos: 186
NIteraciones: 100000

Costo_train: 0.249975
Precision_train: -nan(ind)
Recall_train: 0.000000
F1_train: -nan(ind)

Costo_test: 0.250144
Precision_test: -nan(ind)
Recall_test: 0.000000
F1_test: -nan(ind)
 

Arquitectura: _2_3_3_3_3_1_
Semilla: 1788100936
Segundos: 186
NIteraciones: 100000

Costo_train: 0.060485
Precision_train: 0.988636
Recall_train: 0.986146
F1_train: 0.987390

Costo_test: 0.056537
Precision_test: 0.995122
Recall_test: 0.990291
F1_test: 0.992701
 

Arquitectura: _2_3_3_3_3_1_
Semilla: 1788100936
Segundos: 186
NIteraciones: 100000

Costo_train: 0.249982
Precision_train: -nan(ind)
Recall_train: 0.000000
F1_train: -nan(ind)

Costo_test: 0.250131
Precision_test: -nan(ind)
Recall_test: 0.000000
F1_test: -nan(ind)
 

Arquitectura: _2_3_3_3_3_1_
Semilla: 1788100936
Segundos: 186
NIteraciones: 100000

Costo_train: 0.249965
Precision_train: -nan(ind)
Recall_train: 0.000000
F1_train: -nan(ind)

Costo_test: 0.250165
Precision_test: -nan(ind)
Recall_test: 0.000000
F1_test: -nan(ind)
 

Arquitectura: _2_3_3_3_3_1_
Semilla: 1788100936
Segundos: 186
NIteraciones: 100000

Costo_train: 0.249909
Precision_train: -nan(ind)
Recall_train: 0.000000
F1_train: -nan(ind)

Costo_test: 0.250118
Precision_test: -nan(ind)
Recall_test: 0.000000
F1_test: -nan(ind)
 

Arquitectura: _2_3_3_3_3_1_
Semilla: 1788100936
Segundos: 186
NIteraciones: 100000

Costo_train: 0.244328
Precision_train: 0.615308
Recall_train: 0.779597
F1_train: 0.687778

Costo_test: 0.247508
Precision_test: 0.573585
Recall_test: 0.737864
F1_test: 0.645435
 

Arquitectura: _2_3_3_3_3_1_
Semilla: 1788100936
Segundos: 186
NIteraciones: 100000

Costo_train: 0.249988
Precision_train: -nan(ind)
Recall_train: 0.000000
F1_train: -nan(ind)

Costo_test: 0.250101
Precision_test: -nan(ind)
Recall_test: 0.000000
F1_test: -nan(ind)
 

Arquitectura: _2_3_3_3_3_1_
Semilla: 1788100936
Segundos: 186
NIteraciones: 100000

Costo_train: 0.249986
Precision_train: -nan(ind)
Recall_train: 0.000000
F1_train: -nan(ind)

Costo_test: 0.250131
Precision_test: -nan(ind)
Recall_test: 0.000000
F1_test: -nan(ind)
 

Arquitectura: _2_3_3_3_3_1_
Semilla: 1788100936
Segundos: 186
NIteraciones: 100000

Costo_train: 0.249985
Precision_train: -nan(ind)
Recall_train: 0.000000
F1_train: -nan(ind)

Costo_test: 0.250135
Precision_test: -nan(ind)
Recall_test: 0.000000
F1_test: -nan(ind)
 

Arquitectura: _2_3_3_3_3_1_
Semilla: 1788100936
Segundos: 186
NIteraciones: 100000

Costo_train: 0.249835
Precision_train: -nan(ind)
Recall_train: 0.000000
F1_train: -nan(ind)

Costo_test: 0.250132
Precision_test: -nan(ind)
Recall_test: 0.000000
F1_test: -nan(ind)
 

Arquitectura: _2_3_3_3_3_1_
Semilla: 1788100936
Segundos: 186
NIteraciones: 100000

Costo_train: 0.249965
Precision_train: -nan(ind)
Recall_train: 0.000000
F1_train: -nan(ind)

Costo_test: 0.250054
Precision_test: -nan(ind)
Recall_test: 0.000000
F1_test: -nan(ind)
 

Arquitectura: _2_3_3_3_3_1_
Semilla: 1788100936
Segundos: 186
NIteraciones: 100000

Costo_train: 0.010137
Precision_train: 0.989899
Recall_train: 0.987406
F1_train: 0.988651

Costo_test: 0.009200
Precision_test: 0.995098
Recall_test: 0.985437
F1_test: 0.990244
 

Arquitectura: _2_3_3_3_3_1_
Semilla: 1788100936
Segundos: 186
NIteraciones: 100000

Costo_train: 0.249976
Precision_train: -nan(ind)
Recall_train: 0.000000
F1_train: -nan(ind)

Costo_test: 0.250147
Precision_test: -nan(ind)
Recall_test: 0.000000
F1_test: -nan(ind)
 

Arquitectura: _2_3_3_3_3_1_
Semilla: 1788100936
Segundos: 186
NIteraciones: 100000

Costo_train: 0.249628
Precision_train: 0.000000
Recall_train: 0.000000
F1_train: -nan(ind)

Costo_test: 0.250054
Precision_test: -nan(ind)
Recall_test: 0.000000
F1_test: -nan(ind)
 

Arquitectura: _2_3_3_3_3_1_
Semilla: 1788100936
Segundos: 186
NIteraciones: 100000

Costo_train: 0.249977
Precision_train: -nan(ind)
Recall_train: 0.000000
F1_train: -nan(ind)

Costo_test: 0.250153
Precision_test: -nan(ind)
Recall_test: 0.000000
F1_test: -nan(ind)
 

Arquitectura: _2_3_3_3_3_1_
Semilla: 1788100936
Segundos: 186
NIteraciones: 100000

Costo_train: 0.249637
Precision_train: 0.885714
Recall_train: 0.156171
F1_train: 0.265525

Costo_test: 0.250023
Precision_test: 0.950000
Recall_test: 0.184466
F1_test: 0.308943
 

Arquitectura: _2_3_3_3_3_1_
Semilla: 1788100936
Segundos: 186
NIteraciones: 100000

Costo_train: 0.249177
Precision_train: 0.994595
Recall_train: 0.463476
F1_train: 0.632302

Costo_test: 0.249327
Precision_test: 1.000000
Recall_test: 0.456311
F1_test: 0.626667
 

Arquitectura: _2_3_3_3_3_1_
Semilla: 1788100936
Segundos: 186
NIteraciones: 100000

Costo_train: 0.249956
Precision_train: -nan(ind)
Recall_train: 0.000000
F1_train: -nan(ind)

Costo_test: 0.250169
Precision_test: -nan(ind)
Recall_test: 0.000000
F1_test: -nan(ind)
 

Arquitectura: _2_3_3_3_3_1_
Semilla: 1788100936
Segundos: 186
NIteraciones: 100000

Costo_train: 0.249876
Precision_train: -nan(ind)
Recall_train: 0.000000
F1_train: -nan(ind)

Costo_test: 0.250153
Precision_test: -nan(ind)
Recall_test: 0.000000
F1_test: -nan(ind)
 

Arquitectura: _2_3_3_3_3_1_
Semilla: 1788100936
Segundos: 186
NIteraciones: 100000

Costo_train: 0.249953
Precision_train: -nan(ind)
Recall_train: 0.000000
F1_train: -nan(ind)

Costo_test: 0.250091
Precision_test: -nan(ind)
Recall_test: 0.000000
F1_test: -nan(ind)
 

Arquitectura: _2_3_3_3_3_1_
Semilla: 1788100936
Segundos: 186
NIteraciones: 100000

Costo_train: 0.249976
Precision_train: -nan(ind)
Recall_train: 0.000000
F1_train: -nan(ind)

Costo_test: 0.250145
Precision_test: -nan(ind)
Recall_test: 0.000000
F1_test: -nan(ind)
 

Arquitectura: _2_3_3_3_3_1_
Semilla: 1788100936
Segundos: 186
NIteraciones: 100000

Costo_train: 0.249935
Precision_train: -nan(ind)
Recall_train: 0.000000
F1_train: -nan(ind)

Costo_test: 0.250055
Precision_test: -nan(ind)
Recall_test: 0.000000
F1_test: -nan(ind)
 

Arquitectura: _2_3_3_3_3_1_
Semilla: 1788100936
Segundos: 186
NIteraciones: 100000

Costo_train: 0.249980
Precision_train: -nan(ind)
Recall_train: 0.000000
F1_train: -nan(ind)

Costo_test: 0.250128
Precision_test: -nan(ind)
Recall_test: 0.000000
F1_test: -nan(ind)
 

Arquitectura: _2_3_3_3_3_1_
Semilla: 1788100936
Segundos: 186
NIteraciones: 100000

Costo_train: 0.244683
Precision_train: 0.595188
Recall_train: 0.716625
F1_train: 0.650286

Costo_test: 0.247066
Precision_test: 0.560311
Recall_test: 0.699029
F1_test: 0.622030
 

Arquitectura: _2_3_3_3_3_1_
Semilla: 1788100936
Segundos: 186
NIteraciones: 100000

Costo_train: 0.249977
Precision_train: -nan(ind)
Recall_train: 0.000000
F1_train: -nan(ind)

Costo_test: 0.250114
Precision_test: -nan(ind)
Recall_test: 0.000000
F1_test: -nan(ind)
 

Arquitectura: _2_3_3_3_3_1_
Semilla: 1788100936
Segundos: 186
NIteraciones: 100000

Costo_train: 0.249968
Precision_train: -nan(ind)
Recall_train: 0.000000
F1_train: -nan(ind)

Costo_test: 0.250067
Precision_test: -nan(ind)
Recall_test: 0.000000
F1_test: -nan(ind)
 

Arquitectura: _2_3_3_3_3_1_
Semilla: 1788100936
Segundos: 186
NIteraciones: 100000

Costo_train: 0.244963
Precision_train: 0.914352
Recall_train: 0.497481
F1_train: 0.644372

Costo_test: 0.245463
Precision_test: 0.980952
Recall_test: 0.500000
F1_test: 0.662379
 

Arquitectura: _2_3_3_3_3_1_
Semilla: 1788100936
Segundos: 186
NIteraciones: 100000

Costo_train: 0.010379
Precision_train: 0.987437
Recall_train: 0.989924
F1_train: 0.988679

Costo_test: 0.009371
Precision_test: 0.990291
Recall_test: 0.990291
F1_test: 0.990291
 

Arquitectura: _2_3_3_3_3_1_
Semilla: 1788100936
Segundos: 186
NIteraciones: 100000

Costo_train: 0.026145
Precision_train: 0.991117
Recall_train: 0.983627
F1_train: 0.987358

Costo_test: 0.025945
Precision_test: 0.985507
Recall_test: 0.990291
F1_test: 0.987893
 

Arquitectura: _2_3_3_3_3_1_
Semilla: 1788100936
Segundos: 186
NIteraciones: 100000

Costo_train: 0.249969
Precision_train: -nan(ind)
Recall_train: 0.000000
F1_train: -nan(ind)

Costo_test: 0.250135
Precision_test: -nan(ind)
Recall_test: 0.000000
F1_test: -nan(ind)
 

Arquitectura: _2_3_3_3_3_1_
Semilla: 1788100936
Segundos: 186
NIteraciones: 100000

Costo_train: 0.249978
Precision_train: -nan(ind)
Recall_train: 0.000000
F1_train: -nan(ind)

Costo_test: 0.250126
Precision_test: -nan(ind)
Recall_test: 0.000000
F1_test: -nan(ind)
 

Arquitectura: _2_3_3_3_3_1_
Semilla: 1788100936
Segundos: 186
NIteraciones: 100000

Costo_train: 0.249335
Precision_train: 0.994382
Recall_train: 0.445844
F1_train: 0.615652

Costo_test: 0.249538
Precision_test: 1.000000
Recall_test: 0.446602
F1_test: 0.617450
 

Arquitectura: _2_3_3_3_3_1_
Semilla: 1788100936
Segundos: 186
NIteraciones: 100000

Costo_train: 0.249956
Precision_train: -nan(ind)
Recall_train: 0.000000
F1_train: -nan(ind)

Costo_test: 0.250012
Precision_test: -nan(ind)
Recall_test: 0.000000
F1_test: -nan(ind)
 

Arquitectura: _2_3_3_3_3_1_
Semilla: 1788100936
Segundos: 186
NIteraciones: 100000

Costo_train: 0.249988
Precision_train: -nan(ind)
Recall_train: 0.000000
F1_train: -nan(ind)

Costo_test: 0.250119
Precision_test: -nan(ind)
Recall_test: 0.000000
F1_test: -nan(ind)
 

Arquitectura: _2_3_3_3_3_1_
Semilla: 1788100936
Segundos: 186
NIteraciones: 100000

Costo_train: 0.249980
Precision_train: -nan(ind)
Recall_train: 0.000000
F1_train: -nan(ind)

Costo_test: 0.250117
Precision_test: -nan(ind)
Recall_test: 0.000000
F1_test: -nan(ind)
 

Arquitectura: _2_3_3_3_3_1_
Semilla: 1788100936
Segundos: 186
NIteraciones: 100000

Costo_train: 0.249880
Precision_train: -nan(ind)
Recall_train: 0.000000
F1_train: -nan(ind)

Costo_test: 0.250164
Precision_test: -nan(ind)
Recall_test: 0.000000
F1_test: -nan(ind)
 

Arquitectura: _2_3_3_3_3_1_
Semilla: 1788100936
Segundos: 186
NIteraciones: 100000

Costo_train: 0.249644
Precision_train: 0.000000
Recall_train: 0.000000
F1_train: -nan(ind)

Costo_test: 0.250103
Precision_test: 0.000000
Recall_test: 0.000000
F1_test: -nan(ind)
 

Arquitectura: _2_3_3_3_3_1_
Semilla: 1788100936
Segundos: 186
NIteraciones: 100000

Costo_train: 0.249961
Precision_train: -nan(ind)
Recall_train: 0.000000
F1_train: -nan(ind)

Costo_test: 0.250136
Precision_test: -nan(ind)
Recall_test: 0.000000
F1_test: -nan(ind)
 

Arquitectura: _2_3_3_3_3_1_
Semilla: 1788100936
Segundos: 186
NIteraciones: 100000

Costo_train: 0.249980
Precision_train: -nan(ind)
Recall_train: 0.000000
F1_train: -nan(ind)

Costo_test: 0.250138
Precision_test: -nan(ind)
Recall_test: 0.000000
F1_test: -nan(ind)
 

Arquitectura: _2_3_3_3_3_1_
Semilla: 1788100936
Segundos: 186
NIteraciones: 100000

Costo_train: 0.249988
Precision_train: -nan(ind)
Recall_train: 0.000000
F1_train: -nan(ind)

Costo_test: 0.250124
Precision_test: -nan(ind)
Recall_test: 0.000000
F1_test: -nan(ind)
 

Arquitectura: _2_3_3_3_3_1_
Semilla: 1788100936
Segundos: 186
NIteraciones: 100000

Costo_train: 0.201475
Precision_train: 0.663778
Recall_train: 0.964736
F1_train: 0.786448

Costo_test: 0.215977
Precision_test: 0.635484
Recall_test: 0.956311
F1_test: 0.763566
 

Arquitectura: _2_3_3_3_3_1_
Semilla: 1788100936
Segundos: 186
NIteraciones: 100000

Costo_train: 0.249975
Precision_train: -nan(ind)
Recall_train: 0.000000
F1_train: -nan(ind)

Costo_test: 0.250110
Precision_test: -nan(ind)
Recall_test: 0.000000
F1_test: -nan(ind)
 

Arquitectura: _2_3_3_3_3_1_
Semilla: 1788100936
Segundos: 186
NIteraciones: 100000

Costo_train: 0.249859
Precision_train: -nan(ind)
Recall_train: 0.000000
F1_train: -nan(ind)

Costo_test: 0.250066
Precision_test: -nan(ind)
Recall_test: 0.000000
F1_test: -nan(ind)
 

Arquitectura: _2_3_3_3_3_1_
Semilla: 1788100936
Segundos: 186
NIteraciones: 100000

Costo_train: 0.245961
Precision_train: 0.533735
Recall_train: 0.557935
F1_train: 0.545566

Costo_test: 0.247658
Precision_test: 0.495536
Recall_test: 0.538835
F1_test: 0.516279
 

Arquitectura: _2_3_3_3_3_1_
Semilla: 1788100936
Segundos: 186
NIteraciones: 100000

Costo_train: 0.009568
Precision_train: 0.988651
Recall_train: 0.987406
F1_train: 0.988028

Costo_test: 0.008928
Precision_test: 0.995098
Recall_test: 0.985437
F1_test: 0.990244
 

Arquitectura: _2_3_3_3_3_1_
Semilla: 1788100936
Segundos: 186
NIteraciones: 100000

Costo_train: 0.232760
Precision_train: 0.646252
Recall_train: 0.890428
F1_train: 0.748941

Costo_test: 0.238510
Precision_test: 0.613014
Recall_test: 0.868932
F1_test: 0.718875
 

Arquitectura: _2_3_3_3_3_1_
Semilla: 1788100936
Segundos: 186
NIteraciones: 100000

Costo_train: 0.173834
Precision_train: 0.987469
Recall_train: 0.496222
F1_train: 0.660520

Costo_test: 0.176017
Precision_test: 0.990196
Recall_test: 0.490291
F1_test: 0.655844
 

Arquitectura: _2_3_3_3_3_1_
Semilla: 1788100936
Segundos: 186
NIteraciones: 100000

Costo_train: 0.249955
Precision_train: -nan(ind)
Recall_train: 0.000000
F1_train: -nan(ind)

Costo_test: 0.250162
Precision_test: -nan(ind)
Recall_test: 0.000000
F1_test: -nan(ind)
 

Arquitectura: _2_3_3_3_3_1_
Semilla: 1788100936
Segundos: 186
NIteraciones: 100000

Costo_train: 0.009733
Precision_train: 0.993711
Recall_train: 0.994962
F1_train: 0.994336

Costo_test: 0.009112
Precision_test: 0.995122
Recall_test: 0.990291
F1_test: 0.992701
 

Arquitectura: _2_3_3_3_3_1_
Semilla: 1788100936
Segundos: 186
NIteraciones: 100000

Costo_train: 0.009885
Precision_train: 0.989899
Recall_train: 0.987406
F1_train: 0.988651

Costo_test: 0.009117
Precision_test: 0.995098
Recall_test: 0.985437
F1_test: 0.990244
 

Arquitectura: _2_3_3_3_3_1_
Semilla: 1788100936
Segundos: 186
NIteraciones: 100000

Costo_train: 0.171051
Precision_train: 0.668644
Recall_train: 0.993703
F1_train: 0.799392

Costo_test: 0.191365
Precision_test: 0.643533
Recall_test: 0.990291
F1_test: 0.780115
 

Arquitectura: _2_3_3_3_3_1_
Semilla: 1788100936
Segundos: 186
NIteraciones: 100000

Costo_train: 0.205081
Precision_train: 0.954436
Recall_train: 0.501259
F1_train: 0.657308

Costo_test: 0.205508
Precision_test: 0.944444
Recall_test: 0.495146
F1_test: 0.649682
 

Arquitectura: _2_3_3_3_3_1_
Semilla: 1788100936
Segundos: 186
NIteraciones: 100000

Costo_train: 0.248987
Precision_train: 0.387658
Recall_train: 0.308564
F1_train: 0.343619

Costo_test: 0.250035
Precision_test: 0.343023
Recall_test: 0.286408
F1_test: 0.312169
 

Arquitectura: _2_3_3_3_3_1_
Semilla: 1788100936
Segundos: 186
NIteraciones: 100000

Costo_train: 0.249532
Precision_train: -nan(ind)
Recall_train: 0.000000
F1_train: -nan(ind)

Costo_test: 0.249679
Precision_test: -nan(ind)
Recall_test: 0.000000
F1_test: -nan(ind)
 

Arquitectura: _2_3_3_3_3_1_
Semilla: 1788100936
Segundos: 186
NIteraciones: 100000

Costo_train: 0.249982
Precision_train: -nan(ind)
Recall_train: 0.000000
F1_train: -nan(ind)

Costo_test: 0.250127
Precision_test: -nan(ind)
Recall_test: 0.000000
F1_test: -nan(ind)
 

Arquitectura: _2_3_3_3_3_1_
Semilla: 1788100936
Segundos: 186
NIteraciones: 100000

Costo_train: 0.249935
Precision_train: -nan(ind)
Recall_train: 0.000000
F1_train: -nan(ind)

Costo_test: 0.250158
Precision_test: -nan(ind)
Recall_test: 0.000000
F1_test: -nan(ind)
 

Arquitectura: _2_3_3_3_3_1_
Semilla: 1788100936
Segundos: 186
NIteraciones: 100000

Costo_train: 0.249969
Precision_train: -nan(ind)
Recall_train: 0.000000
F1_train: -nan(ind)

Costo_test: 0.250128
Precision_test: -nan(ind)
Recall_test: 0.000000
F1_test: -nan(ind)
 

Arquitectura: _2_3_3_3_3_1_
Semilla: 1788100936
Segundos: 186
NIteraciones: 100000

Costo_train: 0.249961
Precision_train: -nan(ind)
Recall_train: 0.000000
F1_train: -nan(ind)

Costo_test: 0.250173
Precision_test: -nan(ind)
Recall_test: 0.000000
F1_test: -nan(ind)
 

Arquitectura: _2_3_3_3_3_1_
Semilla: 1788100936
Segundos: 186
NIteraciones: 100000

Costo_train: 0.249755
Precision_train: -nan(ind)
Recall_train: 0.000000
F1_train: -nan(ind)

Costo_test: 0.250137
Precision_test: -nan(ind)
Recall_test: 0.000000
F1_test: -nan(ind)
 

Arquitectura: _2_3_3_3_3_1_
Semilla: 1788100936
Segundos: 186
NIteraciones: 100000

Costo_train: 0.249928
Precision_train: -nan(ind)
Recall_train: 0.000000
F1_train: -nan(ind)

Costo_test: 0.250223
Precision_test: -nan(ind)
Recall_test: 0.000000
F1_test: -nan(ind)
 

Arquitectura: _2_3_3_3_3_1_
Semilla: 1788100936
Segundos: 186
NIteraciones: 100000

Costo_train: 0.249904
Precision_train: -nan(ind)
Recall_train: 0.000000
F1_train: -nan(ind)

Costo_test: 0.250082
Precision_test: -nan(ind)
Recall_test: 0.000000
F1_test: -nan(ind)
 

Arquitectura: _2_3_3_3_3_1_
Semilla: 1788100936
Segundos: 186
NIteraciones: 100000

Costo_train: 0.249981
Precision_train: -nan(ind)
Recall_train: 0.000000
F1_train: -nan(ind)

Costo_test: 0.250089
Precision_test: -nan(ind)
Recall_test: 0.000000
F1_test: -nan(ind)
 

Arquitectura: _2_3_3_3_3_1_
Semilla: 1788100936
Segundos: 186
NIteraciones: 100000

Costo_train: 0.249947
Precision_train: -nan(ind)
Recall_train: 0.000000
F1_train: -nan(ind)

Costo_test: 0.250075
Precision_test: -nan(ind)
Recall_test: 0.000000
F1_test: -nan(ind)
 

Arquitectura: _2_3_3_3_3_1_
Semilla: 1788100936
Segundos: 186
NIteraciones: 100000

Costo_train: 0.009956
Precision_train: 0.989899
Recall_train: 0.987406
F1_train: 0.988651

Costo_test: 0.009086
Precision_test: 0.995098
Recall_test: 0.985437
F1_test: 0.990244
 

Arquitectura: _2_3_3_3_3_1_
Semilla: 1788100936
Segundos: 186
NIteraciones: 100000

Costo_train: 0.249884
Precision_train: -nan(ind)
Recall_train: 0.000000
F1_train: -nan(ind)

Costo_test: 0.250163
Precision_test: -nan(ind)
Recall_test: 0.000000
F1_test: -nan(ind)
 

Arquitectura: _2_3_3_3_3_1_
Semilla: 1788100936
Segundos: 186
NIteraciones: 100000

Costo_train: 0.249671
Precision_train: 0.108586
Recall_train: 0.054156
F1_train: 0.072269

Costo_test: 0.250253
Precision_test: 0.109244
Recall_test: 0.063107
F1_test: 0.080000
 

Arquitectura: _2_3_3_3_3_1_
Semilla: 1788100936
Segundos: 186
NIteraciones: 100000

Costo_train: 0.007758
Precision_train: 0.989950
Recall_train: 0.992443
F1_train: 0.991195

Costo_test: 0.007481
Precision_test: 0.995122
Recall_test: 0.990291
F1_test: 0.992701
 

Arquitectura: _2_3_3_3_3_1_
Semilla: 1788100936
Segundos: 186
NIteraciones: 100000

Costo_train: 0.248594
Precision_train: 1.000000
Recall_train: 0.099496
F1_train: 0.180985

Costo_test: 0.248800
Precision_test: 1.000000
Recall_test: 0.101942
F1_test: 0.185022
 

Arquitectura: _2_3_3_3_3_1_
Semilla: 1788100936
Segundos: 186
NIteraciones: 100000

Costo_train: 0.248361
Precision_train: 0.848684
Recall_train: 0.487406
F1_train: 0.619200

Costo_test: 0.248903
Precision_test: 0.909091
Recall_test: 0.485437
F1_test: 0.632911
 

Arquitectura: _2_3_3_3_3_1_
Semilla: 1788100936
Segundos: 186
NIteraciones: 100000

Costo_train: 0.248412
Precision_train: 0.945409
Recall_train: 0.479849
F1_train: 0.636591

Costo_test: 0.248807
Precision_test: 0.950000
Recall_test: 0.461165
F1_test: 0.620915
 

Arquitectura: _2_3_3_3_3_1_
Semilla: 1788100936
Segundos: 186
NIteraciones: 100000

Costo_train: 0.011222
Precision_train: 0.989899
Recall_train: 0.987406
F1_train: 0.988651

Costo_test: 0.009939
Precision_test: 0.995098
Recall_test: 0.985437
F1_test: 0.990244
 

Arquitectura: _2_3_3_3_3_1_
Semilla: 1788100936
Segundos: 186
NIteraciones: 100000

Costo_train: 0.249515
Precision_train: 0.951219
Recall_train: 0.049118
F1_train: 0.093413

Costo_test: 0.249822
Precision_test: 1.000000
Recall_test: 0.048544
F1_test: 0.092593
 

Arquitectura: _2_3_3_3_3_1_
Semilla: 1788100936
Segundos: 186
NIteraciones: 100000

Costo_train: 0.249440
Precision_train: 0.002732
Recall_train: 0.001259
F1_train: 0.001724

Costo_test: 0.250110
Precision_test: 0.000000
Recall_test: 0.000000
F1_test: -nan(ind)
 

Arquitectura: _2_3_3_3_3_1_
Semilla: 1788100936
Segundos: 186
NIteraciones: 100000

Costo_train: 0.249841
Precision_train: -nan(ind)
Recall_train: 0.000000
F1_train: -nan(ind)

Costo_test: 0.249966
Precision_test: -nan(ind)
Recall_test: 0.000000
F1_test: -nan(ind)
 

Arquitectura: _2_3_3_3_3_1_
Semilla: 1788100936
Segundos: 186
NIteraciones: 100000

Costo_train: 0.249993
Precision_train: -nan(ind)
Recall_train: 0.000000
F1_train: -nan(ind)

Costo_test: 0.250106
Precision_test: -nan(ind)
Recall_test: 0.000000
F1_test: -nan(ind)
 

Arquitectura: _2_3_3_3_3_1_
Semilla: 1788100936
Segundos: 186
NIteraciones: 100000

Costo_train: 0.248087
Precision_train: 0.400000
Recall_train: 0.324937
F1_train: 0.358582

Costo_test: 0.249352
Precision_test: 0.389189
Recall_test: 0.349515
F1_test: 0.368286
 

Arquitectura: _2_3_3_3_3_1_
Semilla: 1788100936
Segundos: 186
NIteraciones: 100000

Costo_train: 0.249983
Precision_train: -nan(ind)
Recall_train: 0.000000
F1_train: -nan(ind)

Costo_test: 0.250135
Precision_test: -nan(ind)
Recall_test: 0.000000
F1_test: -nan(ind)
 

Arquitectura: _2_3_3_3_3_1_
Semilla: 1788100936
Segundos: 186
NIteraciones: 100000

Costo_train: 0.249959
Precision_train: -nan(ind)
Recall_train: 0.000000
F1_train: -nan(ind)

Costo_test: 0.250155
Precision_test: -nan(ind)
Recall_test: 0.000000
F1_test: -nan(ind)
 

Arquitectura: _2_3_3_3_3_1_
Semilla: 1788100936
Segundos: 186
NIteraciones: 100000

Costo_train: 0.249948
Precision_train: -nan(ind)
Recall_train: 0.000000
F1_train: -nan(ind)

Costo_test: 0.250150
Precision_test: -nan(ind)
Recall_test: 0.000000
F1_test: -nan(ind)
 

Arquitectura: _2_3_3_3_3_1_
Semilla: 1788100936
Segundos: 186
NIteraciones: 100000

Costo_train: 0.249986
Precision_train: -nan(ind)
Recall_train: 0.000000
F1_train: -nan(ind)

Costo_test: 0.250128
Precision_test: -nan(ind)
Recall_test: 0.000000
F1_test: -nan(ind)
 

Arquitectura: _2_3_3_3_3_1_
Semilla: 1788100936
Segundos: 186
NIteraciones: 100000

Costo_train: 0.249935
Precision_train: -nan(ind)
Recall_train: 0.000000
F1_train: -nan(ind)

Costo_test: 0.250065
Precision_test: -nan(ind)
Recall_test: 0.000000
F1_test: -nan(ind)
 

Arquitectura: _2_3_3_3_3_1_
Semilla: 1788100936
Segundos: 186
NIteraciones: 100000

Costo_train: 0.249985
Precision_train: -nan(ind)
Recall_train: 0.000000
F1_train: -nan(ind)

Costo_test: 0.250121
Precision_test: -nan(ind)
Recall_test: 0.000000
F1_test: -nan(ind)
 

Arquitectura: _2_3_3_3_3_1_
Semilla: 1788100936
Segundos: 186
NIteraciones: 100000

Costo_train: 0.249963
Precision_train: -nan(ind)
Recall_train: 0.000000
F1_train: -nan(ind)

Costo_test: 0.250147
Precision_test: -nan(ind)
Recall_test: 0.000000
F1_test: -nan(ind)
 

Arquitectura: _2_3_3_3_3_1_
Semilla: 1788100936
Segundos: 186
NIteraciones: 100000

Costo_train: 0.249987
Precision_train: -nan(ind)
Recall_train: 0.000000
F1_train: -nan(ind)

Costo_test: 0.250124
Precision_test: -nan(ind)
Recall_test: 0.000000
F1_test: -nan(ind)
 

Arquitectura: _2_3_3_3_3_1_
Semilla: 1788100936
Segundos: 186
NIteraciones: 100000

Costo_train: 0.249931
Precision_train: -nan(ind)
Recall_train: 0.000000
F1_train: -nan(ind)

Costo_test: 0.250122
Precision_test: -nan(ind)
Recall_test: 0.000000
F1_test: -nan(ind)
 


--- Test Angosta 5.0 ---
Iteración 10000
Costo: 0.005905
Iteración 20000
Costo: 0.003155
Iteración 30000
Costo: 0.002387
Iteración 40000
Costo: 0.002001
Iteración 50000
Costo: 0.001761
Iteración 60000
Costo: 0.001593
Iteración 70000
Costo: 0.001468
Iteración 80000
Costo: 0.001369
Iteración 90000
Costo: 0.001289

Arquitectura: _2_15_1_
Semilla: 1788101122
Segundos: 57
NIteraciones: 100000

Costo_train: 0.001223
Precision_train: 1.000000
Recall_train: 0.998741
F1_train: 0.999370

Costo_test: 0.000849
Precision_test: 1.000000
Recall_test: 1.000000
F1_test: 1.000000
 

Arquitectura: _2_15_1_
Semilla: 1788101122
Segundos: 57
NIteraciones: 100000

Costo_train: 0.001285
Precision_train: 1.000000
Recall_train: 0.998741
F1_train: 0.999370

Costo_test: 0.000761
Precision_test: 1.000000
Recall_test: 1.000000
F1_test: 1.000000
 

Arquitectura: _2_15_1_
Semilla: 1788101122
Segundos: 57
NIteraciones: 100000

Costo_train: 0.001382
Precision_train: 1.000000
Recall_train: 0.998741
F1_train: 0.999370

Costo_test: 0.001360
Precision_test: 1.000000
Recall_test: 0.995146
F1_test: 0.997567
 

Arquitectura: _2_15_1_
Semilla: 1788101122
Segundos: 57
NIteraciones: 100000

Costo_train: 0.001804
Precision_train: 0.998741
Recall_train: 0.998741
F1_train: 0.998741

Costo_test: 0.002444
Precision_test: 1.000000
Recall_test: 0.995146
F1_test: 0.997567
 

Arquitectura: _2_15_1_
Semilla: 1788101122
Segundos: 57
NIteraciones: 100000

Costo_train: 0.001323
Precision_train: 1.000000
Recall_train: 0.998741
F1_train: 0.999370

Costo_test: 0.000857
Precision_test: 1.000000
Recall_test: 1.000000
F1_test: 1.000000
 

Arquitectura: _2_15_1_
Semilla: 1788101122
Segundos: 57
NIteraciones: 100000

Costo_train: 0.001772
Precision_train: 1.000000
Recall_train: 0.997481
F1_train: 0.998739

Costo_test: 0.001506
Precision_test: 1.000000
Recall_test: 1.000000
F1_test: 1.000000
 

Arquitectura: _2_15_1_
Semilla: 1788101122
Segundos: 57
NIteraciones: 100000

Costo_train: 0.001271
Precision_train: 1.000000
Recall_train: 0.998741
F1_train: 0.999370

Costo_test: 0.000748
Precision_test: 1.000000
Recall_test: 1.000000
F1_test: 1.000000
 

Arquitectura: _2_15_1_
Semilla: 1788101122
Segundos: 57
NIteraciones: 100000

Costo_train: 0.003074
Precision_train: 0.996226
Recall_train: 0.997481
F1_train: 0.996853

Costo_test: 0.002319
Precision_test: 1.000000
Recall_test: 0.995146
F1_test: 0.997567
 

Arquitectura: _2_15_1_
Semilla: 1788101122
Segundos: 57
NIteraciones: 100000

Costo_train: 0.001629
Precision_train: 0.998737
Recall_train: 0.996222
F1_train: 0.997478

Costo_test: 0.000869
Precision_test: 1.000000
Recall_test: 1.000000
F1_test: 1.000000
 

Arquitectura: _2_15_1_
Semilla: 1788101122
Segundos: 57
NIteraciones: 100000

Costo_train: 0.001288
Precision_train: 1.000000
Recall_train: 0.998741
F1_train: 0.999370

Costo_test: 0.000804
Precision_test: 1.000000
Recall_test: 1.000000
F1_test: 1.000000
 

Arquitectura: _2_15_1_
Semilla: 1788101122
Segundos: 57
NIteraciones: 100000

Costo_train: 0.001227
Precision_train: 0.998741
Recall_train: 0.998741
F1_train: 0.998741

Costo_test: 0.000732
Precision_test: 1.000000
Recall_test: 1.000000
F1_test: 1.000000
 

Arquitectura: _2_15_1_
Semilla: 1788101122
Segundos: 57
NIteraciones: 100000

Costo_train: 0.001259
Precision_train: 1.000000
Recall_train: 0.998741
F1_train: 0.999370

Costo_test: 0.000845
Precision_test: 1.000000
Recall_test: 1.000000
F1_test: 1.000000
 

Arquitectura: _2_15_1_
Semilla: 1788101122
Segundos: 57
NIteraciones: 100000

Costo_train: 0.001247
Precision_train: 1.000000
Recall_train: 0.998741
F1_train: 0.999370

Costo_test: 0.000863
Precision_test: 1.000000
Recall_test: 1.000000
F1_test: 1.000000
 

Arquitectura: _2_15_1_
Semilla: 1788101122
Segundos: 57
NIteraciones: 100000

Costo_train: 0.001235
Precision_train: 1.000000
Recall_train: 0.998741
F1_train: 0.999370

Costo_test: 0.000767
Precision_test: 1.000000
Recall_test: 1.000000
F1_test: 1.000000
 

Arquitectura: _2_15_1_
Semilla: 1788101122
Segundos: 57
NIteraciones: 100000

Costo_train: 0.001487
Precision_train: 1.000000
Recall_train: 0.997481
F1_train: 0.998739

Costo_test: 0.001042
Precision_test: 1.000000
Recall_test: 1.000000
F1_test: 1.000000
 

Arquitectura: _2_15_1_
Semilla: 1788101122
Segundos: 57
NIteraciones: 100000

Costo_train: 0.002197
Precision_train: 0.998737
Recall_train: 0.996222
F1_train: 0.997478

Costo_test: 0.001800
Precision_test: 1.000000
Recall_test: 0.995146
F1_test: 0.997567
 

Arquitectura: _2_15_1_
Semilla: 1788101122
Segundos: 57
NIteraciones: 100000

Costo_train: 0.001170
Precision_train: 1.000000
Recall_train: 0.998741
F1_train: 0.999370

Costo_test: 0.000696
Precision_test: 1.000000
Recall_test: 1.000000
F1_test: 1.000000
 

Arquitectura: _2_15_1_
Semilla: 1788101122
Segundos: 57
NIteraciones: 100000

Costo_train: 0.001231
Precision_train: 1.000000
Recall_train: 0.998741
F1_train: 0.999370

Costo_test: 0.000764
Precision_test: 1.000000
Recall_test: 1.000000
F1_test: 1.000000
 

Arquitectura: _2_15_1_
Semilla: 1788101122
Segundos: 57
NIteraciones: 100000

Costo_train: 0.001398
Precision_train: 1.000000
Recall_train: 0.998741
F1_train: 0.999370

Costo_test: 0.001230
Precision_test: 1.000000
Recall_test: 1.000000
F1_test: 1.000000
 

Arquitectura: _2_15_1_
Semilla: 1788101122
Segundos: 57
NIteraciones: 100000

Costo_train: 0.001383
Precision_train: 1.000000
Recall_train: 0.998741
F1_train: 0.999370

Costo_test: 0.000843
Precision_test: 1.000000
Recall_test: 1.000000
F1_test: 1.000000
 

Arquitectura: _2_15_1_
Semilla: 1788101122
Segundos: 57
NIteraciones: 100000

Costo_train: 0.001655
Precision_train: 0.998739
Recall_train: 0.997481
F1_train: 0.998110

Costo_test: 0.001229
Precision_test: 1.000000
Recall_test: 1.000000
F1_test: 1.000000
 

Arquitectura: _2_15_1_
Semilla: 1788101122
Segundos: 57
NIteraciones: 100000

Costo_train: 0.001249
Precision_train: 1.000000
Recall_train: 0.997481
F1_train: 0.998739

Costo_test: 0.000765
Precision_test: 1.000000
Recall_test: 1.000000
F1_test: 1.000000
 

Arquitectura: _2_15_1_
Semilla: 1788101122
Segundos: 57
NIteraciones: 100000

Costo_train: 0.001292
Precision_train: 1.000000
Recall_train: 0.997481
F1_train: 0.998739

Costo_test: 0.000834
Precision_test: 1.000000
Recall_test: 1.000000
F1_test: 1.000000
 

Arquitectura: _2_15_1_
Semilla: 1788101122
Segundos: 57
NIteraciones: 100000

Costo_train: 0.001270
Precision_train: 1.000000
Recall_train: 0.998741
F1_train: 0.999370

Costo_test: 0.000799
Precision_test: 1.000000
Recall_test: 1.000000
F1_test: 1.000000
 

Arquitectura: _2_15_1_
Semilla: 1788101122
Segundos: 57
NIteraciones: 100000

Costo_train: 0.001214
Precision_train: 1.000000
Recall_train: 0.998741
F1_train: 0.999370

Costo_test: 0.000719
Precision_test: 1.000000
Recall_test: 1.000000
F1_test: 1.000000
 

Arquitectura: _2_15_1_
Semilla: 1788101122
Segundos: 57
NIteraciones: 100000

Costo_train: 0.001283
Precision_train: 1.000000
Recall_train: 0.998741
F1_train: 0.999370

Costo_test: 0.000748
Precision_test: 1.000000
Recall_test: 1.000000
F1_test: 1.000000
 

Arquitectura: _2_15_1_
Semilla: 1788101122
Segundos: 57
NIteraciones: 100000

Costo_train: 0.001308
Precision_train: 0.998741
Recall_train: 0.998741
F1_train: 0.998741

Costo_test: 0.000848
Precision_test: 1.000000
Recall_test: 1.000000
F1_test: 1.000000
 

Arquitectura: _2_15_1_
Semilla: 1788101122
Segundos: 57
NIteraciones: 100000

Costo_train: 0.001241
Precision_train: 1.000000
Recall_train: 0.998741
F1_train: 0.999370

Costo_test: 0.000830
Precision_test: 1.000000
Recall_test: 1.000000
F1_test: 1.000000
 

Arquitectura: _2_15_1_
Semilla: 1788101122
Segundos: 57
NIteraciones: 100000

Costo_train: 0.001415
Precision_train: 0.998739
Recall_train: 0.997481
F1_train: 0.998110

Costo_test: 0.001006
Precision_test: 1.000000
Recall_test: 1.000000
F1_test: 1.000000
 

Arquitectura: _2_15_1_
Semilla: 1788101122
Segundos: 57
NIteraciones: 100000

Costo_train: 0.001265
Precision_train: 1.000000
Recall_train: 0.997481
F1_train: 0.998739

Costo_test: 0.000727
Precision_test: 1.000000
Recall_test: 1.000000
F1_test: 1.000000
 

Arquitectura: _2_15_1_
Semilla: 1788101122
Segundos: 57
NIteraciones: 100000

Costo_train: 0.001400
Precision_train: 0.998739
Recall_train: 0.997481
F1_train: 0.998110

Costo_test: 0.000901
Precision_test: 1.000000
Recall_test: 1.000000
F1_test: 1.000000
 

Arquitectura: _2_15_1_
Semilla: 1788101122
Segundos: 57
NIteraciones: 100000

Costo_train: 0.001254
Precision_train: 1.000000
Recall_train: 0.997481
F1_train: 0.998739

Costo_test: 0.000815
Precision_test: 1.000000
Recall_test: 1.000000
F1_test: 1.000000
 

Arquitectura: _2_15_1_
Semilla: 1788101122
Segundos: 57
NIteraciones: 100000

Costo_train: 0.002389
Precision_train: 0.997481
Recall_train: 0.997481
F1_train: 0.997481

Costo_test: 0.002369
Precision_test: 0.995146
Recall_test: 0.995146
F1_test: 0.995146
 

Arquitectura: _2_15_1_
Semilla: 1788101122
Segundos: 57
NIteraciones: 100000

Costo_train: 0.001250
Precision_train: 1.000000
Recall_train: 0.998741
F1_train: 0.999370

Costo_test: 0.000767
Precision_test: 1.000000
Recall_test: 1.000000
F1_test: 1.000000
 

Arquitectura: _2_15_1_
Semilla: 1788101122
Segundos: 57
NIteraciones: 100000

Costo_train: 0.001212
Precision_train: 1.000000
Recall_train: 0.998741
F1_train: 0.999370

Costo_test: 0.000718
Precision_test: 1.000000
Recall_test: 1.000000
F1_test: 1.000000
 

Arquitectura: _2_15_1_
Semilla: 1788101122
Segundos: 57
NIteraciones: 100000

Costo_train: 0.001321
Precision_train: 0.998739
Recall_train: 0.997481
F1_train: 0.998110

Costo_test: 0.000841
Precision_test: 1.000000
Recall_test: 1.000000
F1_test: 1.000000
 

Arquitectura: _2_15_1_
Semilla: 1788101122
Segundos: 57
NIteraciones: 100000

Costo_train: 0.001270
Precision_train: 1.000000
Recall_train: 0.998741
F1_train: 0.999370

Costo_test: 0.000808
Precision_test: 1.000000
Recall_test: 1.000000
F1_test: 1.000000
 

Arquitectura: _2_15_1_
Semilla: 1788101122
Segundos: 57
NIteraciones: 100000

Costo_train: 0.001263
Precision_train: 1.000000
Recall_train: 0.997481
F1_train: 0.998739

Costo_test: 0.000765
Precision_test: 1.000000
Recall_test: 1.000000
F1_test: 1.000000
 

Arquitectura: _2_15_1_
Semilla: 1788101122
Segundos: 57
NIteraciones: 100000

Costo_train: 0.001405
Precision_train: 1.000000
Recall_train: 0.998741
F1_train: 0.999370

Costo_test: 0.001046
Precision_test: 1.000000
Recall_test: 1.000000
F1_test: 1.000000
 

Arquitectura: _2_15_1_
Semilla: 1788101122
Segundos: 57
NIteraciones: 100000

Costo_train: 0.001185
Precision_train: 1.000000
Recall_train: 0.998741
F1_train: 0.999370

Costo_test: 0.000694
Precision_test: 1.000000
Recall_test: 1.000000
F1_test: 1.000000
 

Arquitectura: _2_15_1_
Semilla: 1788101122
Segundos: 57
NIteraciones: 100000

Costo_train: 0.001220
Precision_train: 1.000000
Recall_train: 0.998741
F1_train: 0.999370

Costo_test: 0.000744
Precision_test: 1.000000
Recall_test: 1.000000
F1_test: 1.000000
 

Arquitectura: _2_15_1_
Semilla: 1788101122
Segundos: 57
NIteraciones: 100000

Costo_train: 0.002680
Precision_train: 0.998737
Recall_train: 0.996222
F1_train: 0.997478

Costo_test: 0.001774
Precision_test: 1.000000
Recall_test: 1.000000
F1_test: 1.000000
 

Arquitectura: _2_15_1_
Semilla: 1788101122
Segundos: 57
NIteraciones: 100000

Costo_train: 0.002321
Precision_train: 0.998737
Recall_train: 0.996222
F1_train: 0.997478

Costo_test: 0.001559
Precision_test: 1.000000
Recall_test: 1.000000
F1_test: 1.000000
 

Arquitectura: _2_15_1_
Semilla: 1788101122
Segundos: 57
NIteraciones: 100000

Costo_train: 0.001178
Precision_train: 1.000000
Recall_train: 0.998741
F1_train: 0.999370

Costo_test: 0.000716
Precision_test: 1.000000
Recall_test: 1.000000
F1_test: 1.000000
 

Arquitectura: _2_15_1_
Semilla: 1788101122
Segundos: 57
NIteraciones: 100000

Costo_train: 0.001262
Precision_train: 1.000000
Recall_train: 0.997481
F1_train: 0.998739

Costo_test: 0.000764
Precision_test: 1.000000
Recall_test: 1.000000
F1_test: 1.000000
 

Arquitectura: _2_15_1_
Semilla: 1788101122
Segundos: 57
NIteraciones: 100000

Costo_train: 0.001282
Precision_train: 1.000000
Recall_train: 0.998741
F1_train: 0.999370

Costo_test: 0.000934
Precision_test: 1.000000
Recall_test: 1.000000
F1_test: 1.000000
 

Arquitectura: _2_15_1_
Semilla: 1788101122
Segundos: 57
NIteraciones: 100000

Costo_train: 0.001408
Precision_train: 1.000000
Recall_train: 0.998741
F1_train: 0.999370

Costo_test: 0.001111
Precision_test: 1.000000
Recall_test: 1.000000
F1_test: 1.000000
 

Arquitectura: _2_15_1_
Semilla: 1788101122
Segundos: 57
NIteraciones: 100000

Costo_train: 0.003465
Precision_train: 0.996222
Recall_train: 0.996222
F1_train: 0.996222

Costo_test: 0.002865
Precision_test: 0.995146
Recall_test: 0.995146
F1_test: 0.995146
 

Arquitectura: _2_15_1_
Semilla: 1788101122
Segundos: 57
NIteraciones: 100000

Costo_train: 0.001280
Precision_train: 0.998741
Recall_train: 0.998741
F1_train: 0.998741

Costo_test: 0.000772
Precision_test: 1.000000
Recall_test: 1.000000
F1_test: 1.000000
 

Arquitectura: _2_15_1_
Semilla: 1788101122
Segundos: 57
NIteraciones: 100000

Costo_train: 0.002345
Precision_train: 0.997481
Recall_train: 0.997481
F1_train: 0.997481

Costo_test: 0.001763
Precision_test: 1.000000
Recall_test: 0.995146
F1_test: 0.997567
 

Arquitectura: _2_15_1_
Semilla: 1788101122
Segundos: 57
NIteraciones: 100000

Costo_train: 0.001368
Precision_train: 0.998739
Recall_train: 0.997481
F1_train: 0.998110

Costo_test: 0.000829
Precision_test: 1.000000
Recall_test: 1.000000
F1_test: 1.000000
 

Arquitectura: _2_15_1_
Semilla: 1788101122
Segundos: 57
NIteraciones: 100000

Costo_train: 0.001368
Precision_train: 1.000000
Recall_train: 0.998741
F1_train: 0.999370

Costo_test: 0.000984
Precision_test: 1.000000
Recall_test: 1.000000
F1_test: 1.000000
 

Arquitectura: _2_15_1_
Semilla: 1788101122
Segundos: 57
NIteraciones: 100000

Costo_train: 0.003089
Precision_train: 0.997478
Recall_train: 0.996222
F1_train: 0.996849

Costo_test: 0.002143
Precision_test: 0.995169
Recall_test: 1.000000
F1_test: 0.997579
 

Arquitectura: _2_15_1_
Semilla: 1788101122
Segundos: 57
NIteraciones: 100000

Costo_train: 0.001290
Precision_train: 1.000000
Recall_train: 0.998741
F1_train: 0.999370

Costo_test: 0.000807
Precision_test: 1.000000
Recall_test: 1.000000
F1_test: 1.000000
 

Arquitectura: _2_15_1_
Semilla: 1788101122
Segundos: 57
NIteraciones: 100000

Costo_train: 0.001220
Precision_train: 1.000000
Recall_train: 0.998741
F1_train: 0.999370

Costo_test: 0.000724
Precision_test: 1.000000
Recall_test: 1.000000
F1_test: 1.000000
 

Arquitectura: _2_15_1_
Semilla: 1788101122
Segundos: 57
NIteraciones: 100000

Costo_train: 0.001723
Precision_train: 0.998741
Recall_train: 0.998741
F1_train: 0.998741

Costo_test: 0.001223
Precision_test: 1.000000
Recall_test: 1.000000
F1_test: 1.000000
 

Arquitectura: _2_15_1_
Semilla: 1788101122
Segundos: 57
NIteraciones: 100000

Costo_train: 0.001282
Precision_train: 1.000000
Recall_train: 0.997481
F1_train: 0.998739

Costo_test: 0.000885
Precision_test: 1.000000
Recall_test: 1.000000
F1_test: 1.000000
 

Arquitectura: _2_15_1_
Semilla: 1788101122
Segundos: 57
NIteraciones: 100000

Costo_train: 0.001579
Precision_train: 0.998739
Recall_train: 0.997481
F1_train: 0.998110

Costo_test: 0.000931
Precision_test: 1.000000
Recall_test: 1.000000
F1_test: 1.000000
 

Arquitectura: _2_15_1_
Semilla: 1788101122
Segundos: 57
NIteraciones: 100000

Costo_train: 0.001109
Precision_train: 1.000000
Recall_train: 0.998741
F1_train: 0.999370

Costo_test: 0.000673
Precision_test: 1.000000
Recall_test: 1.000000
F1_test: 1.000000
 

Arquitectura: _2_15_1_
Semilla: 1788101122
Segundos: 57
NIteraciones: 100000

Costo_train: 0.003765
Precision_train: 0.996217
Recall_train: 0.994962
F1_train: 0.995589

Costo_test: 0.004049
Precision_test: 0.995146
Recall_test: 0.995146
F1_test: 0.995146
 

Arquitectura: _2_15_1_
Semilla: 1788101122
Segundos: 57
NIteraciones: 100000

Costo_train: 0.001350
Precision_train: 1.000000
Recall_train: 0.997481
F1_train: 0.998739

Costo_test: 0.000863
Precision_test: 1.000000
Recall_test: 1.000000
F1_test: 1.000000
 

Arquitectura: _2_15_1_
Semilla: 1788101122
Segundos: 57
NIteraciones: 100000

Costo_train: 0.001176
Precision_train: 1.000000
Recall_train: 0.998741
F1_train: 0.999370

Costo_test: 0.000730
Precision_test: 1.000000
Recall_test: 1.000000
F1_test: 1.000000
 

Arquitectura: _2_15_1_
Semilla: 1788101122
Segundos: 57
NIteraciones: 100000

Costo_train: 0.001233
Precision_train: 1.000000
Recall_train: 0.998741
F1_train: 0.999370

Costo_test: 0.000794
Precision_test: 1.000000
Recall_test: 1.000000
F1_test: 1.000000
 

Arquitectura: _2_15_1_
Semilla: 1788101122
Segundos: 57
NIteraciones: 100000

Costo_train: 0.001257
Precision_train: 1.000000
Recall_train: 0.998741
F1_train: 0.999370

Costo_test: 0.000784
Precision_test: 1.000000
Recall_test: 1.000000
F1_test: 1.000000
 

Arquitectura: _2_15_1_
Semilla: 1788101122
Segundos: 57
NIteraciones: 100000

Costo_train: 0.001298
Precision_train: 1.000000
Recall_train: 0.997481
F1_train: 0.998739

Costo_test: 0.000821
Precision_test: 1.000000
Recall_test: 1.000000
F1_test: 1.000000
 

Arquitectura: _2_15_1_
Semilla: 1788101122
Segundos: 57
NIteraciones: 100000

Costo_train: 0.001297
Precision_train: 1.000000
Recall_train: 0.998741
F1_train: 0.999370

Costo_test: 0.000800
Precision_test: 1.000000
Recall_test: 1.000000
F1_test: 1.000000
 

Arquitectura: _2_15_1_
Semilla: 1788101122
Segundos: 57
NIteraciones: 100000

Costo_train: 0.001167
Precision_train: 1.000000
Recall_train: 0.997481
F1_train: 0.998739

Costo_test: 0.000663
Precision_test: 1.000000
Recall_test: 1.000000
F1_test: 1.000000
 

Arquitectura: _2_15_1_
Semilla: 1788101122
Segundos: 57
NIteraciones: 100000

Costo_train: 0.001350
Precision_train: 1.000000
Recall_train: 0.998741
F1_train: 0.999370

Costo_test: 0.000875
Precision_test: 1.000000
Recall_test: 1.000000
F1_test: 1.000000
 

Arquitectura: _2_15_1_
Semilla: 1788101122
Segundos: 57
NIteraciones: 100000

Costo_train: 0.001308
Precision_train: 1.000000
Recall_train: 0.997481
F1_train: 0.998739

Costo_test: 0.000865
Precision_test: 1.000000
Recall_test: 1.000000
F1_test: 1.000000
 

Arquitectura: _2_15_1_
Semilla: 1788101122
Segundos: 57
NIteraciones: 100000

Costo_train: 0.001382
Precision_train: 0.998741
Recall_train: 0.998741
F1_train: 0.998741

Costo_test: 0.000844
Precision_test: 1.000000
Recall_test: 1.000000
F1_test: 1.000000
 

Arquitectura: _2_15_1_
Semilla: 1788101122
Segundos: 57
NIteraciones: 100000

Costo_train: 0.001325
Precision_train: 1.000000
Recall_train: 0.997481
F1_train: 0.998739

Costo_test: 0.000908
Precision_test: 1.000000
Recall_test: 1.000000
F1_test: 1.000000
 

Arquitectura: _2_15_1_
Semilla: 1788101122
Segundos: 57
NIteraciones: 100000

Costo_train: 0.001303
Precision_train: 1.000000
Recall_train: 0.998741
F1_train: 0.999370

Costo_test: 0.000858
Precision_test: 1.000000
Recall_test: 1.000000
F1_test: 1.000000
 

Arquitectura: _2_15_1_
Semilla: 1788101122
Segundos: 57
NIteraciones: 100000

Costo_train: 0.001421
Precision_train: 0.998739
Recall_train: 0.997481
F1_train: 0.998110

Costo_test: 0.000800
Precision_test: 1.000000
Recall_test: 1.000000
F1_test: 1.000000
 

Arquitectura: _2_15_1_
Semilla: 1788101122
Segundos: 57
NIteraciones: 100000

Costo_train: 0.001240
Precision_train: 1.000000
Recall_train: 0.998741
F1_train: 0.999370

Costo_test: 0.000861
Precision_test: 1.000000
Recall_test: 1.000000
F1_test: 1.000000
 

Arquitectura: _2_15_1_
Semilla: 1788101122
Segundos: 57
NIteraciones: 100000

Costo_train: 0.001281
Precision_train: 1.000000
Recall_train: 0.998741
F1_train: 0.999370

Costo_test: 0.000811
Precision_test: 1.000000
Recall_test: 1.000000
F1_test: 1.000000
 

Arquitectura: _2_15_1_
Semilla: 1788101122
Segundos: 57
NIteraciones: 100000

Costo_train: 0.001310
Precision_train: 1.000000
Recall_train: 0.998741
F1_train: 0.999370

Costo_test: 0.000838
Precision_test: 1.000000
Recall_test: 1.000000
F1_test: 1.000000
 

Arquitectura: _2_15_1_
Semilla: 1788101122
Segundos: 57
NIteraciones: 100000

Costo_train: 0.001383
Precision_train: 1.000000
Recall_train: 0.998741
F1_train: 0.999370

Costo_test: 0.000852
Precision_test: 1.000000
Recall_test: 1.000000
F1_test: 1.000000
 

Arquitectura: _2_15_1_
Semilla: 1788101122
Segundos: 57
NIteraciones: 100000

Costo_train: 0.001251
Precision_train: 1.000000
Recall_train: 0.998741
F1_train: 0.999370

Costo_test: 0.000754
Precision_test: 1.000000
Recall_test: 1.000000
F1_test: 1.000000
 

Arquitectura: _2_15_1_
Semilla: 1788101122
Segundos: 57
NIteraciones: 100000

Costo_train: 0.002478
Precision_train: 0.998737
Recall_train: 0.996222
F1_train: 0.997478

Costo_test: 0.001388
Precision_test: 1.000000
Recall_test: 1.000000
F1_test: 1.000000
 

Arquitectura: _2_15_1_
Semilla: 1788101122
Segundos: 57
NIteraciones: 100000

Costo_train: 0.001325
Precision_train: 1.000000
Recall_train: 0.998741
F1_train: 0.999370

Costo_test: 0.000855
Precision_test: 1.000000
Recall_test: 1.000000
F1_test: 1.000000
 

Arquitectura: _2_15_1_
Semilla: 1788101122
Segundos: 57
NIteraciones: 100000

Costo_train: 0.001208
Precision_train: 1.000000
Recall_train: 0.998741
F1_train: 0.999370

Costo_test: 0.000720
Precision_test: 1.000000
Recall_test: 1.000000
F1_test: 1.000000
 

Arquitectura: _2_15_1_
Semilla: 1788101122
Segundos: 57
NIteraciones: 100000

Costo_train: 0.001346
Precision_train: 1.000000
Recall_train: 0.998741
F1_train: 0.999370

Costo_test: 0.000886
Precision_test: 1.000000
Recall_test: 1.000000
F1_test: 1.000000
 

Arquitectura: _2_15_1_
Semilla: 1788101122
Segundos: 57
NIteraciones: 100000

Costo_train: 0.001233
Precision_train: 1.000000
Recall_train: 0.998741
F1_train: 0.999370

Costo_test: 0.000744
Precision_test: 1.000000
Recall_test: 1.000000
F1_test: 1.000000
 

Arquitectura: _2_15_1_
Semilla: 1788101122
Segundos: 57
NIteraciones: 100000

Costo_train: 0.001447
Precision_train: 1.000000
Recall_train: 0.997481
F1_train: 0.998739

Costo_test: 0.001030
Precision_test: 1.000000
Recall_test: 1.000000
F1_test: 1.000000
 

Arquitectura: _2_15_1_
Semilla: 1788101122
Segundos: 57
NIteraciones: 100000

Costo_train: 0.001343
Precision_train: 1.000000
Recall_train: 0.998741
F1_train: 0.999370

Costo_test: 0.000894
Precision_test: 1.000000
Recall_test: 1.000000
F1_test: 1.000000
 

Arquitectura: _2_15_1_
Semilla: 1788101122
Segundos: 57
NIteraciones: 100000

Costo_train: 0.001261
Precision_train: 1.000000
Recall_train: 0.998741
F1_train: 0.999370

Costo_test: 0.000733
Precision_test: 1.000000
Recall_test: 1.000000
F1_test: 1.000000
 

Arquitectura: _2_15_1_
Semilla: 1788101122
Segundos: 57
NIteraciones: 100000

Costo_train: 0.001331
Precision_train: 1.000000
Recall_train: 0.998741
F1_train: 0.999370

Costo_test: 0.000966
Precision_test: 1.000000
Recall_test: 1.000000
F1_test: 1.000000
 

Arquitectura: _2_15_1_
Semilla: 1788101122
Segundos: 57
NIteraciones: 100000

Costo_train: 0.001351
Precision_train: 1.000000
Recall_train: 0.998741
F1_train: 0.999370

Costo_test: 0.000968
Precision_test: 1.000000
Recall_test: 1.000000
F1_test: 1.000000
 

Arquitectura: _2_15_1_
Semilla: 1788101122
Segundos: 57
NIteraciones: 100000

Costo_train: 0.003339
Precision_train: 0.997478
Recall_train: 0.996222
F1_train: 0.996849

Costo_test: 0.002274
Precision_test: 0.995169
Recall_test: 1.000000
F1_test: 0.997579
 

Arquitectura: _2_15_1_
Semilla: 1788101122
Segundos: 57
NIteraciones: 100000

Costo_train: 0.001312
Precision_train: 1.000000
Recall_train: 0.997481
F1_train: 0.998739

Costo_test: 0.000859
Precision_test: 1.000000
Recall_test: 1.000000
F1_test: 1.000000
 

Arquitectura: _2_15_1_
Semilla: 1788101122
Segundos: 57
NIteraciones: 100000

Costo_train: 0.001416
Precision_train: 1.000000
Recall_train: 0.997481
F1_train: 0.998739

Costo_test: 0.001177
Precision_test: 1.000000
Recall_test: 1.000000
F1_test: 1.000000
 

Arquitectura: _2_15_1_
Semilla: 1788101122
Segundos: 57
NIteraciones: 100000

Costo_train: 0.001332
Precision_train: 1.000000
Recall_train: 0.998741
F1_train: 0.999370

Costo_test: 0.000864
Precision_test: 1.000000
Recall_test: 1.000000
F1_test: 1.000000
 

Arquitectura: _2_15_1_
Semilla: 1788101122
Segundos: 57
NIteraciones: 100000

Costo_train: 0.001332
Precision_train: 1.000000
Recall_train: 0.998741
F1_train: 0.999370

Costo_test: 0.001072
Precision_test: 1.000000
Recall_test: 1.000000
F1_test: 1.000000
 

Arquitectura: _2_15_1_
Semilla: 1788101122
Segundos: 57
NIteraciones: 100000

Costo_train: 0.002045
Precision_train: 0.998737
Recall_train: 0.996222
F1_train: 0.997478

Costo_test: 0.001867
Precision_test: 1.000000
Recall_test: 0.995146
F1_test: 0.997567
 

Arquitectura: _2_15_1_
Semilla: 1788101122
Segundos: 57
NIteraciones: 100000

Costo_train: 0.001375
Precision_train: 1.000000
Recall_train: 0.998741
F1_train: 0.999370

Costo_test: 0.000842
Precision_test: 1.000000
Recall_test: 1.000000
F1_test: 1.000000
 

Arquitectura: _2_15_1_
Semilla: 1788101122
Segundos: 57
NIteraciones: 100000

Costo_train: 0.001259
Precision_train: 1.000000
Recall_train: 0.998741
F1_train: 0.999370

Costo_test: 0.000752
Precision_test: 1.000000
Recall_test: 1.000000
F1_test: 1.000000
 

Arquitectura: _2_15_1_
Semilla: 1788101122
Segundos: 57
NIteraciones: 100000

Costo_train: 0.001265
Precision_train: 1.000000
Recall_train: 0.998741
F1_train: 0.999370

Costo_test: 0.000693
Precision_test: 1.000000
Recall_test: 1.000000
F1_test: 1.000000
 

Arquitectura: _2_15_1_
Semilla: 1788101122
Segundos: 57
NIteraciones: 100000

Costo_train: 0.001213
Precision_train: 1.000000
Recall_train: 0.998741
F1_train: 0.999370

Costo_test: 0.000724
Precision_test: 1.000000
Recall_test: 1.000000
F1_test: 1.000000
 

Arquitectura: _2_15_1_
Semilla: 1788101122
Segundos: 57
NIteraciones: 100000

Costo_train: 0.001207
Precision_train: 1.000000
Recall_train: 0.998741
F1_train: 0.999370

Costo_test: 0.000716
Precision_test: 1.000000
Recall_test: 1.000000
F1_test: 1.000000
 

Arquitectura: _2_15_1_
Semilla: 1788101122
Segundos: 57
NIteraciones: 100000

Costo_train: 0.001212
Precision_train: 1.000000
Recall_train: 0.998741
F1_train: 0.999370

Costo_test: 0.000708
Precision_test: 1.000000
Recall_test: 1.000000
F1_test: 1.000000
 


--- Test Profunda 5.0 ---
Iteración 10000
Costo: 0.249987
Iteración 20000
Costo: 0.249987
Iteración 30000
Costo: 0.249987
Iteración 40000
Costo: 0.249987
Iteración 50000
Costo: 0.249987
Iteración 60000
Costo: 0.249987
Iteración 70000
Costo: 0.249987
Iteración 80000
Costo: 0.249987
Iteración 90000
Costo: 0.249987

Arquitectura: _2_3_3_3_3_3_1_
Semilla: 1788101179
Segundos: 232
NIteraciones: 100000

Costo_train: 0.249987
Precision_train: -nan(ind)
Recall_train: 0.000000
F1_train: -nan(ind)

Costo_test: 0.250125
Precision_test: -nan(ind)
Recall_test: 0.000000
F1_test: -nan(ind)
 

Arquitectura: _2_3_3_3_3_3_1_
Semilla: 1788101179
Segundos: 232
NIteraciones: 100000

Costo_train: 0.249984
Precision_train: -nan(ind)
Recall_train: 0.000000
F1_train: -nan(ind)

Costo_test: 0.250130
Precision_test: -nan(ind)
Recall_test: 0.000000
F1_test: -nan(ind)
 

Arquitectura: _2_3_3_3_3_3_1_
Semilla: 1788101179
Segundos: 232
NIteraciones: 100000

Costo_train: 0.249988
Precision_train: -nan(ind)
Recall_train: 0.000000
F1_train: -nan(ind)

Costo_test: 0.250126
Precision_test: -nan(ind)
Recall_test: 0.000000
F1_test: -nan(ind)
 

Arquitectura: _2_3_3_3_3_3_1_
Semilla: 1788101179
Segundos: 232
NIteraciones: 100000

Costo_train: 0.249985
Precision_train: -nan(ind)
Recall_train: 0.000000
F1_train: -nan(ind)

Costo_test: 0.250128
Precision_test: -nan(ind)
Recall_test: 0.000000
F1_test: -nan(ind)
 

Arquitectura: _2_3_3_3_3_3_1_
Semilla: 1788101179
Segundos: 232
NIteraciones: 100000

Costo_train: 0.249990
Precision_train: -nan(ind)
Recall_train: 0.000000
F1_train: -nan(ind)

Costo_test: 0.250115
Precision_test: -nan(ind)
Recall_test: 0.000000
F1_test: -nan(ind)
 

Arquitectura: _2_3_3_3_3_3_1_
Semilla: 1788101179
Segundos: 232
NIteraciones: 100000

Costo_train: 0.249987
Precision_train: -nan(ind)
Recall_train: 0.000000
F1_train: -nan(ind)

Costo_test: 0.250122
Precision_test: -nan(ind)
Recall_test: 0.000000
F1_test: -nan(ind)
 

Arquitectura: _2_3_3_3_3_3_1_
Semilla: 1788101179
Segundos: 232
NIteraciones: 100000

Costo_train: 0.249987
Precision_train: -nan(ind)
Recall_train: 0.000000
F1_train: -nan(ind)

Costo_test: 0.250131
Precision_test: -nan(ind)
Recall_test: 0.000000
F1_test: -nan(ind)
 

Arquitectura: _2_3_3_3_3_3_1_
Semilla: 1788101179
Segundos: 232
NIteraciones: 100000

Costo_train: 0.249985
Precision_train: -nan(ind)
Recall_train: 0.000000
F1_train: -nan(ind)

Costo_test: 0.250128
Precision_test: -nan(ind)
Recall_test: 0.000000
F1_test: -nan(ind)
 

Arquitectura: _2_3_3_3_3_3_1_
Semilla: 1788101179
Segundos: 232
NIteraciones: 100000

Costo_train: 0.249987
Precision_train: -nan(ind)
Recall_train: 0.000000
F1_train: -nan(ind)

Costo_test: 0.250127
Precision_test: -nan(ind)
Recall_test: 0.000000
F1_test: -nan(ind)
 

Arquitectura: _2_3_3_3_3_3_1_
Semilla: 1788101179
Segundos: 232
NIteraciones: 100000

Costo_train: 0.249979
Precision_train: -nan(ind)
Recall_train: 0.000000
F1_train: -nan(ind)

Costo_test: 0.250151
Precision_test: -nan(ind)
Recall_test: 0.000000
F1_test: -nan(ind)
 

Arquitectura: _2_3_3_3_3_3_1_
Semilla: 1788101179
Segundos: 232
NIteraciones: 100000

Costo_train: 0.249971
Precision_train: -nan(ind)
Recall_train: 0.000000
F1_train: -nan(ind)

Costo_test: 0.250132
Precision_test: -nan(ind)
Recall_test: 0.000000
F1_test: -nan(ind)
 

Arquitectura: _2_3_3_3_3_3_1_
Semilla: 1788101179
Segundos: 232
NIteraciones: 100000

Costo_train: 0.249977
Precision_train: -nan(ind)
Recall_train: 0.000000
F1_train: -nan(ind)

Costo_test: 0.250080
Precision_test: -nan(ind)
Recall_test: 0.000000
F1_test: -nan(ind)
 

Arquitectura: _2_3_3_3_3_3_1_
Semilla: 1788101179
Segundos: 232
NIteraciones: 100000

Costo_train: 0.249982
Precision_train: -nan(ind)
Recall_train: 0.000000
F1_train: -nan(ind)

Costo_test: 0.250134
Precision_test: -nan(ind)
Recall_test: 0.000000
F1_test: -nan(ind)
 

Arquitectura: _2_3_3_3_3_3_1_
Semilla: 1788101179
Segundos: 232
NIteraciones: 100000

Costo_train: 0.249985
Precision_train: -nan(ind)
Recall_train: 0.000000
F1_train: -nan(ind)

Costo_test: 0.250122
Precision_test: -nan(ind)
Recall_test: 0.000000
F1_test: -nan(ind)
 

Arquitectura: _2_3_3_3_3_3_1_
Semilla: 1788101179
Segundos: 232
NIteraciones: 100000

Costo_train: 0.249949
Precision_train: -nan(ind)
Recall_train: 0.000000
F1_train: -nan(ind)

Costo_test: 0.250084
Precision_test: -nan(ind)
Recall_test: 0.000000
F1_test: -nan(ind)
 

Arquitectura: _2_3_3_3_3_3_1_
Semilla: 1788101179
Segundos: 232
NIteraciones: 100000

Costo_train: 0.249987
Precision_train: -nan(ind)
Recall_train: 0.000000
F1_train: -nan(ind)

Costo_test: 0.250118
Precision_test: -nan(ind)
Recall_test: 0.000000
F1_test: -nan(ind)
 

Arquitectura: _2_3_3_3_3_3_1_
Semilla: 1788101179
Segundos: 232
NIteraciones: 100000

Costo_train: 0.249989
Precision_train: -nan(ind)
Recall_train: 0.000000
F1_train: -nan(ind)

Costo_test: 0.250103
Precision_test: -nan(ind)
Recall_test: 0.000000
F1_test: -nan(ind)
 

Arquitectura: _2_3_3_3_3_3_1_
Semilla: 1788101179
Segundos: 232
NIteraciones: 100000

Costo_train: 0.249989
Precision_train: -nan(ind)
Recall_train: 0.000000
F1_train: -nan(ind)

Costo_test: 0.250108
Precision_test: -nan(ind)
Recall_test: 0.000000
F1_test: -nan(ind)
 

Arquitectura: _2_3_3_3_3_3_1_
Semilla: 1788101179
Segundos: 232
NIteraciones: 100000

Costo_train: 0.249985
Precision_train: -nan(ind)
Recall_train: 0.000000
F1_train: -nan(ind)

Costo_test: 0.250122
Precision_test: -nan(ind)
Recall_test: 0.000000
F1_test: -nan(ind)
 

Arquitectura: _2_3_3_3_3_3_1_
Semilla: 1788101179
Segundos: 232
NIteraciones: 100000

Costo_train: 0.249976
Precision_train: -nan(ind)
Recall_train: 0.000000
F1_train: -nan(ind)

Costo_test: 0.250130
Precision_test: -nan(ind)
Recall_test: 0.000000
F1_test: -nan(ind)
 

Arquitectura: _2_3_3_3_3_3_1_
Semilla: 1788101179
Segundos: 232
NIteraciones: 100000

Costo_train: 0.249985
Precision_train: -nan(ind)
Recall_train: 0.000000
F1_train: -nan(ind)

Costo_test: 0.250127
Precision_test: -nan(ind)
Recall_test: 0.000000
F1_test: -nan(ind)
 

Arquitectura: _2_3_3_3_3_3_1_
Semilla: 1788101179
Segundos: 232
NIteraciones: 100000

Costo_train: 0.249986
Precision_train: -nan(ind)
Recall_train: 0.000000
F1_train: -nan(ind)

Costo_test: 0.250126
Precision_test: -nan(ind)
Recall_test: 0.000000
F1_test: -nan(ind)
 

Arquitectura: _2_3_3_3_3_3_1_
Semilla: 1788101179
Segundos: 232
NIteraciones: 100000

Costo_train: 0.249987
Precision_train: -nan(ind)
Recall_train: 0.000000
F1_train: -nan(ind)

Costo_test: 0.250127
Precision_test: -nan(ind)
Recall_test: 0.000000
F1_test: -nan(ind)
 

Arquitectura: _2_3_3_3_3_3_1_
Semilla: 1788101179
Segundos: 232
NIteraciones: 100000

Costo_train: 0.249984
Precision_train: -nan(ind)
Recall_train: 0.000000
F1_train: -nan(ind)

Costo_test: 0.250131
Precision_test: -nan(ind)
Recall_test: 0.000000
F1_test: -nan(ind)
 

Arquitectura: _2_3_3_3_3_3_1_
Semilla: 1788101179
Segundos: 232
NIteraciones: 100000

Costo_train: 0.249983
Precision_train: -nan(ind)
Recall_train: 0.000000
F1_train: -nan(ind)

Costo_test: 0.250133
Precision_test: -nan(ind)
Recall_test: 0.000000
F1_test: -nan(ind)
 

Arquitectura: _2_3_3_3_3_3_1_
Semilla: 1788101179
Segundos: 232
NIteraciones: 100000

Costo_train: 0.249990
Precision_train: -nan(ind)
Recall_train: 0.000000
F1_train: -nan(ind)

Costo_test: 0.250116
Precision_test: -nan(ind)
Recall_test: 0.000000
F1_test: -nan(ind)
 

Arquitectura: _2_3_3_3_3_3_1_
Semilla: 1788101179
Segundos: 232
NIteraciones: 100000

Costo_train: 0.249979
Precision_train: -nan(ind)
Recall_train: 0.000000
F1_train: -nan(ind)

Costo_test: 0.250138
Precision_test: -nan(ind)
Recall_test: 0.000000
F1_test: -nan(ind)
 

Arquitectura: _2_3_3_3_3_3_1_
Semilla: 1788101179
Segundos: 232
NIteraciones: 100000

Costo_train: 0.249985
Precision_train: -nan(ind)
Recall_train: 0.000000
F1_train: -nan(ind)

Costo_test: 0.250129
Precision_test: -nan(ind)
Recall_test: 0.000000
F1_test: -nan(ind)
 

Arquitectura: _2_3_3_3_3_3_1_
Semilla: 1788101179
Segundos: 232
NIteraciones: 100000

Costo_train: 0.249985
Precision_train: -nan(ind)
Recall_train: 0.000000
F1_train: -nan(ind)

Costo_test: 0.250130
Precision_test: -nan(ind)
Recall_test: 0.000000
F1_test: -nan(ind)
 

Arquitectura: _2_3_3_3_3_3_1_
Semilla: 1788101179
Segundos: 232
NIteraciones: 100000

Costo_train: 0.249983
Precision_train: -nan(ind)
Recall_train: 0.000000
F1_train: -nan(ind)

Costo_test: 0.250132
Precision_test: -nan(ind)
Recall_test: 0.000000
F1_test: -nan(ind)
 

Arquitectura: _2_3_3_3_3_3_1_
Semilla: 1788101179
Segundos: 232
NIteraciones: 100000

Costo_train: 0.249984
Precision_train: -nan(ind)
Recall_train: 0.000000
F1_train: -nan(ind)

Costo_test: 0.250117
Precision_test: -nan(ind)
Recall_test: 0.000000
F1_test: -nan(ind)
 

Arquitectura: _2_3_3_3_3_3_1_
Semilla: 1788101179
Segundos: 232
NIteraciones: 100000

Costo_train: 0.249989
Precision_train: -nan(ind)
Recall_train: 0.000000
F1_train: -nan(ind)

Costo_test: 0.250109
Precision_test: -nan(ind)
Recall_test: 0.000000
F1_test: -nan(ind)
 

Arquitectura: _2_3_3_3_3_3_1_
Semilla: 1788101179
Segundos: 232
NIteraciones: 100000

Costo_train: 0.249984
Precision_train: -nan(ind)
Recall_train: 0.000000
F1_train: -nan(ind)

Costo_test: 0.250127
Precision_test: -nan(ind)
Recall_test: 0.000000
F1_test: -nan(ind)
 

Arquitectura: _2_3_3_3_3_3_1_
Semilla: 1788101179
Segundos: 232
NIteraciones: 100000

Costo_train: 0.249987
Precision_train: -nan(ind)
Recall_train: 0.000000
F1_train: -nan(ind)

Costo_test: 0.250126
Precision_test: -nan(ind)
Recall_test: 0.000000
F1_test: -nan(ind)
 

Arquitectura: _2_3_3_3_3_3_1_
Semilla: 1788101179
Segundos: 232
NIteraciones: 100000

Costo_train: 0.249986
Precision_train: -nan(ind)
Recall_train: 0.000000
F1_train: -nan(ind)

Costo_test: 0.250126
Precision_test: -nan(ind)
Recall_test: 0.000000
F1_test: -nan(ind)
 

Arquitectura: _2_3_3_3_3_3_1_
Semilla: 1788101179
Segundos: 232
NIteraciones: 100000

Costo_train: 0.249989
Precision_train: -nan(ind)
Recall_train: 0.000000
F1_train: -nan(ind)

Costo_test: 0.250136
Precision_test: -nan(ind)
Recall_test: 0.000000
F1_test: -nan(ind)
 

Arquitectura: _2_3_3_3_3_3_1_
Semilla: 1788101179
Segundos: 232
NIteraciones: 100000

Costo_train: 0.249985
Precision_train: -nan(ind)
Recall_train: 0.000000
F1_train: -nan(ind)

Costo_test: 0.250126
Precision_test: -nan(ind)
Recall_test: 0.000000
F1_test: -nan(ind)
 

Arquitectura: _2_3_3_3_3_3_1_
Semilla: 1788101179
Segundos: 232
NIteraciones: 100000

Costo_train: 0.249988
Precision_train: -nan(ind)
Recall_train: 0.000000
F1_train: -nan(ind)

Costo_test: 0.250127
Precision_test: -nan(ind)
Recall_test: 0.000000
F1_test: -nan(ind)
 

Arquitectura: _2_3_3_3_3_3_1_
Semilla: 1788101179
Segundos: 232
NIteraciones: 100000

Costo_train: 0.249986
Precision_train: -nan(ind)
Recall_train: 0.000000
F1_train: -nan(ind)

Costo_test: 0.250127
Precision_test: -nan(ind)
Recall_test: 0.000000
F1_test: -nan(ind)
 

Arquitectura: _2_3_3_3_3_3_1_
Semilla: 1788101179
Segundos: 232
NIteraciones: 100000

Costo_train: 0.249987
Precision_train: -nan(ind)
Recall_train: 0.000000
F1_train: -nan(ind)

Costo_test: 0.250125
Precision_test: -nan(ind)
Recall_test: 0.000000
F1_test: -nan(ind)
 

Arquitectura: _2_3_3_3_3_3_1_
Semilla: 1788101179
Segundos: 232
NIteraciones: 100000

Costo_train: 0.249982
Precision_train: -nan(ind)
Recall_train: 0.000000
F1_train: -nan(ind)

Costo_test: 0.250133
Precision_test: -nan(ind)
Recall_test: 0.000000
F1_test: -nan(ind)
 

Arquitectura: _2_3_3_3_3_3_1_
Semilla: 1788101179
Segundos: 232
NIteraciones: 100000

Costo_train: 0.249985
Precision_train: -nan(ind)
Recall_train: 0.000000
F1_train: -nan(ind)

Costo_test: 0.250127
Precision_test: -nan(ind)
Recall_test: 0.000000
F1_test: -nan(ind)
 

Arquitectura: _2_3_3_3_3_3_1_
Semilla: 1788101179
Segundos: 232
NIteraciones: 100000

Costo_train: 0.249985
Precision_train: -nan(ind)
Recall_train: 0.000000
F1_train: -nan(ind)

Costo_test: 0.250117
Precision_test: -nan(ind)
Recall_test: 0.000000
F1_test: -nan(ind)
 

Arquitectura: _2_3_3_3_3_3_1_
Semilla: 1788101179
Segundos: 232
NIteraciones: 100000

Costo_train: 0.249985
Precision_train: -nan(ind)
Recall_train: 0.000000
F1_train: -nan(ind)

Costo_test: 0.250125
Precision_test: -nan(ind)
Recall_test: 0.000000
F1_test: -nan(ind)
 

Arquitectura: _2_3_3_3_3_3_1_
Semilla: 1788101179
Segundos: 232
NIteraciones: 100000

Costo_train: 0.249989
Precision_train: -nan(ind)
Recall_train: 0.000000
F1_train: -nan(ind)

Costo_test: 0.250117
Precision_test: -nan(ind)
Recall_test: 0.000000
F1_test: -nan(ind)
 

Arquitectura: _2_3_3_3_3_3_1_
Semilla: 1788101179
Segundos: 232
NIteraciones: 100000

Costo_train: 0.249985
Precision_train: -nan(ind)
Recall_train: 0.000000
F1_train: -nan(ind)

Costo_test: 0.250128
Precision_test: -nan(ind)
Recall_test: 0.000000
F1_test: -nan(ind)
 

Arquitectura: _2_3_3_3_3_3_1_
Semilla: 1788101179
Segundos: 232
NIteraciones: 100000

Costo_train: 0.249986
Precision_train: -nan(ind)
Recall_train: 0.000000
F1_train: -nan(ind)

Costo_test: 0.250131
Precision_test: -nan(ind)
Recall_test: 0.000000
F1_test: -nan(ind)
 

Arquitectura: _2_3_3_3_3_3_1_
Semilla: 1788101179
Segundos: 232
NIteraciones: 100000

Costo_train: 0.249982
Precision_train: -nan(ind)
Recall_train: 0.000000
F1_train: -nan(ind)

Costo_test: 0.250136
Precision_test: -nan(ind)
Recall_test: 0.000000
F1_test: -nan(ind)
 

Arquitectura: _2_3_3_3_3_3_1_
Semilla: 1788101179
Segundos: 232
NIteraciones: 100000

Costo_train: 0.249985
Precision_train: -nan(ind)
Recall_train: 0.000000
F1_train: -nan(ind)

Costo_test: 0.250129
Precision_test: -nan(ind)
Recall_test: 0.000000
F1_test: -nan(ind)
 

Arquitectura: _2_3_3_3_3_3_1_
Semilla: 1788101179
Segundos: 232
NIteraciones: 100000

Costo_train: 0.249985
Precision_train: -nan(ind)
Recall_train: 0.000000
F1_train: -nan(ind)

Costo_test: 0.250120
Precision_test: -nan(ind)
Recall_test: 0.000000
F1_test: -nan(ind)
 

Arquitectura: _2_3_3_3_3_3_1_
Semilla: 1788101179
Segundos: 232
NIteraciones: 100000

Costo_train: 0.249987
Precision_train: -nan(ind)
Recall_train: 0.000000
F1_train: -nan(ind)

Costo_test: 0.250121
Precision_test: -nan(ind)
Recall_test: 0.000000
F1_test: -nan(ind)
 

Arquitectura: _2_3_3_3_3_3_1_
Semilla: 1788101179
Segundos: 232
NIteraciones: 100000

Costo_train: 0.249985
Precision_train: -nan(ind)
Recall_train: 0.000000
F1_train: -nan(ind)

Costo_test: 0.250128
Precision_test: -nan(ind)
Recall_test: 0.000000
F1_test: -nan(ind)
 

Arquitectura: _2_3_3_3_3_3_1_
Semilla: 1788101179
Segundos: 232
NIteraciones: 100000

Costo_train: 0.249986
Precision_train: -nan(ind)
Recall_train: 0.000000
F1_train: -nan(ind)

Costo_test: 0.250126
Precision_test: -nan(ind)
Recall_test: 0.000000
F1_test: -nan(ind)
 

Arquitectura: _2_3_3_3_3_3_1_
Semilla: 1788101179
Segundos: 232
NIteraciones: 100000

Costo_train: 0.249976
Precision_train: -nan(ind)
Recall_train: 0.000000
F1_train: -nan(ind)

Costo_test: 0.250153
Precision_test: -nan(ind)
Recall_test: 0.000000
F1_test: -nan(ind)
 

Arquitectura: _2_3_3_3_3_3_1_
Semilla: 1788101179
Segundos: 232
NIteraciones: 100000

Costo_train: 0.249986
Precision_train: -nan(ind)
Recall_train: 0.000000
F1_train: -nan(ind)

Costo_test: 0.250111
Precision_test: -nan(ind)
Recall_test: 0.000000
F1_test: -nan(ind)
 

Arquitectura: _2_3_3_3_3_3_1_
Semilla: 1788101179
Segundos: 232
NIteraciones: 100000

Costo_train: 0.249984
Precision_train: -nan(ind)
Recall_train: 0.000000
F1_train: -nan(ind)

Costo_test: 0.250125
Precision_test: -nan(ind)
Recall_test: 0.000000
F1_test: -nan(ind)
 

Arquitectura: _2_3_3_3_3_3_1_
Semilla: 1788101179
Segundos: 232
NIteraciones: 100000

Costo_train: 0.250000
Precision_train: -nan(ind)
Recall_train: 0.000000
F1_train: -nan(ind)

Costo_test: 0.250131
Precision_test: -nan(ind)
Recall_test: 0.000000
F1_test: -nan(ind)
 

Arquitectura: _2_3_3_3_3_3_1_
Semilla: 1788101179
Segundos: 232
NIteraciones: 100000

Costo_train: 0.249987
Precision_train: -nan(ind)
Recall_train: 0.000000
F1_train: -nan(ind)

Costo_test: 0.250117
Precision_test: -nan(ind)
Recall_test: 0.000000
F1_test: -nan(ind)
 

Arquitectura: _2_3_3_3_3_3_1_
Semilla: 1788101179
Segundos: 232
NIteraciones: 100000

Costo_train: 0.249983
Precision_train: -nan(ind)
Recall_train: 0.000000
F1_train: -nan(ind)

Costo_test: 0.250132
Precision_test: -nan(ind)
Recall_test: 0.000000
F1_test: -nan(ind)
 

Arquitectura: _2_3_3_3_3_3_1_
Semilla: 1788101179
Segundos: 232
NIteraciones: 100000

Costo_train: 0.249958
Precision_train: -nan(ind)
Recall_train: 0.000000
F1_train: -nan(ind)

Costo_test: 0.250155
Precision_test: -nan(ind)
Recall_test: 0.000000
F1_test: -nan(ind)
 

Arquitectura: _2_3_3_3_3_3_1_
Semilla: 1788101179
Segundos: 232
NIteraciones: 100000

Costo_train: 0.249987
Precision_train: -nan(ind)
Recall_train: 0.000000
F1_train: -nan(ind)

Costo_test: 0.250126
Precision_test: -nan(ind)
Recall_test: 0.000000
F1_test: -nan(ind)
 

Arquitectura: _2_3_3_3_3_3_1_
Semilla: 1788101179
Segundos: 232
NIteraciones: 100000

Costo_train: 0.249983
Precision_train: -nan(ind)
Recall_train: 0.000000
F1_train: -nan(ind)

Costo_test: 0.250125
Precision_test: -nan(ind)
Recall_test: 0.000000
F1_test: -nan(ind)
 

Arquitectura: _2_3_3_3_3_3_1_
Semilla: 1788101179
Segundos: 232
NIteraciones: 100000

Costo_train: 0.249986
Precision_train: -nan(ind)
Recall_train: 0.000000
F1_train: -nan(ind)

Costo_test: 0.250122
Precision_test: -nan(ind)
Recall_test: 0.000000
F1_test: -nan(ind)
 

Arquitectura: _2_3_3_3_3_3_1_
Semilla: 1788101179
Segundos: 232
NIteraciones: 100000

Costo_train: 0.249987
Precision_train: -nan(ind)
Recall_train: 0.000000
F1_train: -nan(ind)

Costo_test: 0.250126
Precision_test: -nan(ind)
Recall_test: 0.000000
F1_test: -nan(ind)
 

Arquitectura: _2_3_3_3_3_3_1_
Semilla: 1788101179
Segundos: 232
NIteraciones: 100000

Costo_train: 0.249984
Precision_train: -nan(ind)
Recall_train: 0.000000
F1_train: -nan(ind)

Costo_test: 0.250132
Precision_test: -nan(ind)
Recall_test: 0.000000
F1_test: -nan(ind)
 

Arquitectura: _2_3_3_3_3_3_1_
Semilla: 1788101179
Segundos: 232
NIteraciones: 100000

Costo_train: 0.249969
Precision_train: -nan(ind)
Recall_train: 0.000000
F1_train: -nan(ind)

Costo_test: 0.250029
Precision_test: -nan(ind)
Recall_test: 0.000000
F1_test: -nan(ind)
 

Arquitectura: _2_3_3_3_3_3_1_
Semilla: 1788101179
Segundos: 232
NIteraciones: 100000

Costo_train: 0.249987
Precision_train: -nan(ind)
Recall_train: 0.000000
F1_train: -nan(ind)

Costo_test: 0.250124
Precision_test: -nan(ind)
Recall_test: 0.000000
F1_test: -nan(ind)
 

Arquitectura: _2_3_3_3_3_3_1_
Semilla: 1788101179
Segundos: 232
NIteraciones: 100000

Costo_train: 0.249988
Precision_train: -nan(ind)
Recall_train: 0.000000
F1_train: -nan(ind)

Costo_test: 0.250128
Precision_test: -nan(ind)
Recall_test: 0.000000
F1_test: -nan(ind)
 

Arquitectura: _2_3_3_3_3_3_1_
Semilla: 1788101179
Segundos: 232
NIteraciones: 100000

Costo_train: 0.249986
Precision_train: -nan(ind)
Recall_train: 0.000000
F1_train: -nan(ind)

Costo_test: 0.250124
Precision_test: -nan(ind)
Recall_test: 0.000000
F1_test: -nan(ind)
 

Arquitectura: _2_3_3_3_3_3_1_
Semilla: 1788101179
Segundos: 232
NIteraciones: 100000

Costo_train: 0.249985
Precision_train: -nan(ind)
Recall_train: 0.000000
F1_train: -nan(ind)

Costo_test: 0.250131
Precision_test: -nan(ind)
Recall_test: 0.000000
F1_test: -nan(ind)
 

Arquitectura: _2_3_3_3_3_3_1_
Semilla: 1788101179
Segundos: 232
NIteraciones: 100000

Costo_train: 0.249986
Precision_train: -nan(ind)
Recall_train: 0.000000
F1_train: -nan(ind)

Costo_test: 0.250125
Precision_test: -nan(ind)
Recall_test: 0.000000
F1_test: -nan(ind)
 

Arquitectura: _2_3_3_3_3_3_1_
Semilla: 1788101179
Segundos: 232
NIteraciones: 100000

Costo_train: 0.249978
Precision_train: -nan(ind)
Recall_train: 0.000000
F1_train: -nan(ind)

Costo_test: 0.250127
Precision_test: -nan(ind)
Recall_test: 0.000000
F1_test: -nan(ind)
 

Arquitectura: _2_3_3_3_3_3_1_
Semilla: 1788101179
Segundos: 232
NIteraciones: 100000

Costo_train: 0.249987
Precision_train: -nan(ind)
Recall_train: 0.000000
F1_train: -nan(ind)

Costo_test: 0.250119
Precision_test: -nan(ind)
Recall_test: 0.000000
F1_test: -nan(ind)
 

Arquitectura: _2_3_3_3_3_3_1_
Semilla: 1788101179
Segundos: 232
NIteraciones: 100000

Costo_train: 0.249983
Precision_train: -nan(ind)
Recall_train: 0.000000
F1_train: -nan(ind)

Costo_test: 0.250133
Precision_test: -nan(ind)
Recall_test: 0.000000
F1_test: -nan(ind)
 

Arquitectura: _2_3_3_3_3_3_1_
Semilla: 1788101179
Segundos: 232
NIteraciones: 100000

Costo_train: 0.249987
Precision_train: -nan(ind)
Recall_train: 0.000000
F1_train: -nan(ind)

Costo_test: 0.250125
Precision_test: -nan(ind)
Recall_test: 0.000000
F1_test: -nan(ind)
 

Arquitectura: _2_3_3_3_3_3_1_
Semilla: 1788101179
Segundos: 232
NIteraciones: 100000

Costo_train: 0.249984
Precision_train: -nan(ind)
Recall_train: 0.000000
F1_train: -nan(ind)

Costo_test: 0.250131
Precision_test: -nan(ind)
Recall_test: 0.000000
F1_test: -nan(ind)
 

Arquitectura: _2_3_3_3_3_3_1_
Semilla: 1788101179
Segundos: 232
NIteraciones: 100000

Costo_train: 0.249984
Precision_train: -nan(ind)
Recall_train: 0.000000
F1_train: -nan(ind)

Costo_test: 0.250132
Precision_test: -nan(ind)
Recall_test: 0.000000
F1_test: -nan(ind)
 

Arquitectura: _2_3_3_3_3_3_1_
Semilla: 1788101179
Segundos: 232
NIteraciones: 100000

Costo_train: 0.249985
Precision_train: -nan(ind)
Recall_train: 0.000000
F1_train: -nan(ind)

Costo_test: 0.250125
Precision_test: -nan(ind)
Recall_test: 0.000000
F1_test: -nan(ind)
 

Arquitectura: _2_3_3_3_3_3_1_
Semilla: 1788101179
Segundos: 232
NIteraciones: 100000

Costo_train: 0.249986
Precision_train: -nan(ind)
Recall_train: 0.000000
F1_train: -nan(ind)

Costo_test: 0.250126
Precision_test: -nan(ind)
Recall_test: 0.000000
F1_test: -nan(ind)
 

Arquitectura: _2_3_3_3_3_3_1_
Semilla: 1788101179
Segundos: 232
NIteraciones: 100000

Costo_train: 0.249979
Precision_train: -nan(ind)
Recall_train: 0.000000
F1_train: -nan(ind)

Costo_test: 0.250073
Precision_test: -nan(ind)
Recall_test: 0.000000
F1_test: -nan(ind)
 

Arquitectura: _2_3_3_3_3_3_1_
Semilla: 1788101179
Segundos: 232
NIteraciones: 100000

Costo_train: 0.249985
Precision_train: -nan(ind)
Recall_train: 0.000000
F1_train: -nan(ind)

Costo_test: 0.250132
Precision_test: -nan(ind)
Recall_test: 0.000000
F1_test: -nan(ind)
 

Arquitectura: _2_3_3_3_3_3_1_
Semilla: 1788101179
Segundos: 232
NIteraciones: 100000

Costo_train: 0.249988
Precision_train: -nan(ind)
Recall_train: 0.000000
F1_train: -nan(ind)

Costo_test: 0.250125
Precision_test: -nan(ind)
Recall_test: 0.000000
F1_test: -nan(ind)
 

Arquitectura: _2_3_3_3_3_3_1_
Semilla: 1788101179
Segundos: 232
NIteraciones: 100000

Costo_train: 0.249986
Precision_train: -nan(ind)
Recall_train: 0.000000
F1_train: -nan(ind)

Costo_test: 0.250128
Precision_test: -nan(ind)
Recall_test: 0.000000
F1_test: -nan(ind)
 

Arquitectura: _2_3_3_3_3_3_1_
Semilla: 1788101179
Segundos: 232
NIteraciones: 100000

Costo_train: 0.249989
Precision_train: -nan(ind)
Recall_train: 0.000000
F1_train: -nan(ind)

Costo_test: 0.250106
Precision_test: -nan(ind)
Recall_test: 0.000000
F1_test: -nan(ind)
 

Arquitectura: _2_3_3_3_3_3_1_
Semilla: 1788101179
Segundos: 232
NIteraciones: 100000

Costo_train: 0.249984
Precision_train: -nan(ind)
Recall_train: 0.000000
F1_train: -nan(ind)

Costo_test: 0.250129
Precision_test: -nan(ind)
Recall_test: 0.000000
F1_test: -nan(ind)
 

Arquitectura: _2_3_3_3_3_3_1_
Semilla: 1788101179
Segundos: 232
NIteraciones: 100000

Costo_train: 0.249988
Precision_train: -nan(ind)
Recall_train: 0.000000
F1_train: -nan(ind)

Costo_test: 0.250120
Precision_test: -nan(ind)
Recall_test: 0.000000
F1_test: -nan(ind)
 

Arquitectura: _2_3_3_3_3_3_1_
Semilla: 1788101179
Segundos: 232
NIteraciones: 100000

Costo_train: 0.249986
Precision_train: -nan(ind)
Recall_train: 0.000000
F1_train: -nan(ind)

Costo_test: 0.250127
Precision_test: -nan(ind)
Recall_test: 0.000000
F1_test: -nan(ind)
 

Arquitectura: _2_3_3_3_3_3_1_
Semilla: 1788101179
Segundos: 232
NIteraciones: 100000

Costo_train: 0.249953
Precision_train: -nan(ind)
Recall_train: 0.000000
F1_train: -nan(ind)

Costo_test: 0.250102
Precision_test: -nan(ind)
Recall_test: 0.000000
F1_test: -nan(ind)
 

Arquitectura: _2_3_3_3_3_3_1_
Semilla: 1788101179
Segundos: 232
NIteraciones: 100000

Costo_train: 0.249976
Precision_train: -nan(ind)
Recall_train: 0.000000
F1_train: -nan(ind)

Costo_test: 0.250139
Precision_test: -nan(ind)
Recall_test: 0.000000
F1_test: -nan(ind)
 

Arquitectura: _2_3_3_3_3_3_1_
Semilla: 1788101179
Segundos: 232
NIteraciones: 100000

Costo_train: 0.249990
Precision_train: -nan(ind)
Recall_train: 0.000000
F1_train: -nan(ind)

Costo_test: 0.250128
Precision_test: -nan(ind)
Recall_test: 0.000000
F1_test: -nan(ind)
 

Arquitectura: _2_3_3_3_3_3_1_
Semilla: 1788101179
Segundos: 232
NIteraciones: 100000

Costo_train: 0.249956
Precision_train: -nan(ind)
Recall_train: 0.000000
F1_train: -nan(ind)

Costo_test: 0.250149
Precision_test: -nan(ind)
Recall_test: 0.000000
F1_test: -nan(ind)
 

Arquitectura: _2_3_3_3_3_3_1_
Semilla: 1788101179
Segundos: 232
NIteraciones: 100000

Costo_train: 0.249973
Precision_train: -nan(ind)
Recall_train: 0.000000
F1_train: -nan(ind)

Costo_test: 0.250117
Precision_test: -nan(ind)
Recall_test: 0.000000
F1_test: -nan(ind)
 

Arquitectura: _2_3_3_3_3_3_1_
Semilla: 1788101179
Segundos: 232
NIteraciones: 100000

Costo_train: 0.249982
Precision_train: -nan(ind)
Recall_train: 0.000000
F1_train: -nan(ind)

Costo_test: 0.250127
Precision_test: -nan(ind)
Recall_test: 0.000000
F1_test: -nan(ind)
 

Arquitectura: _2_3_3_3_3_3_1_
Semilla: 1788101179
Segundos: 232
NIteraciones: 100000

Costo_train: 0.249983
Precision_train: -nan(ind)
Recall_train: 0.000000
F1_train: -nan(ind)

Costo_test: 0.250137
Precision_test: -nan(ind)
Recall_test: 0.000000
F1_test: -nan(ind)
 

Arquitectura: _2_3_3_3_3_3_1_
Semilla: 1788101179
Segundos: 232
NIteraciones: 100000

Costo_train: 0.249986
Precision_train: -nan(ind)
Recall_train: 0.000000
F1_train: -nan(ind)

Costo_test: 0.250127
Precision_test: -nan(ind)
Recall_test: 0.000000
F1_test: -nan(ind)
 

Arquitectura: _2_3_3_3_3_3_1_
Semilla: 1788101179
Segundos: 232
NIteraciones: 100000

Costo_train: 0.249984
Precision_train: -nan(ind)
Recall_train: 0.000000
F1_train: -nan(ind)

Costo_test: 0.250127
Precision_test: -nan(ind)
Recall_test: 0.000000
F1_test: -nan(ind)
 

Arquitectura: _2_3_3_3_3_3_1_
Semilla: 1788101179
Segundos: 232
NIteraciones: 100000

Costo_train: 0.249982
Precision_train: -nan(ind)
Recall_train: 0.000000
F1_train: -nan(ind)

Costo_test: 0.250132
Precision_test: -nan(ind)
Recall_test: 0.000000
F1_test: -nan(ind)
 

Arquitectura: _2_3_3_3_3_3_1_
Semilla: 1788101179
Segundos: 232
NIteraciones: 100000

Costo_train: 0.249991
Precision_train: -nan(ind)
Recall_train: 0.000000
F1_train: -nan(ind)

Costo_test: 0.250123
Precision_test: -nan(ind)
Recall_test: 0.000000
F1_test: -nan(ind)
 

Arquitectura: _2_3_3_3_3_3_1_
Semilla: 1788101179
Segundos: 232
NIteraciones: 100000

Costo_train: 0.249985
Precision_train: -nan(ind)
Recall_train: 0.000000
F1_train: -nan(ind)

Costo_test: 0.250129
Precision_test: -nan(ind)
Recall_test: 0.000000
F1_test: -nan(ind)
 

Arquitectura: _2_3_3_3_3_3_1_
Semilla: 1788101179
Segundos: 232
NIteraciones: 100000

Costo_train: 0.249985
Precision_train: -nan(ind)
Recall_train: 0.000000
F1_train: -nan(ind)

Costo_test: 0.250127
Precision_test: -nan(ind)
Recall_test: 0.000000
F1_test: -nan(ind)
 
