--- Configuración Actual ---
Paso: 0.200000
Gamma: 0.000000
Parada: 0.100000
Iteraciones: 100000
CapasDesde: 2
CapasHasta: 5
Repeticiones: 1
Intervalo: 10000
Batch: 100
MultiplicadorProfunda: 0.700000
Tarjeta: NVIDIA GeForce RTX 3090 Ti
----------------------------
Dimensiones Datos
trainx: 2x1600 
trainy: 1x1600 
test_x: 2x400 


--- Test Angosta 2.0 ---
Iteración 10000
Costo: 0.217929
Iteración 20000
Costo: 0.209419
Iteración 30000
Costo: 0.206483
Iteración 40000
Costo: 0.204665
Iteración 50000
Costo: 0.203342
Iteración 60000
Costo: 0.203533
Iteración 70000
Costo: 0.200882
Iteración 80000
Costo: 0.194703
Iteración 90000
Costo: 0.184685

Arquitectura: _2_6_1_
Semilla: 1788106069
Segundos: 48
NIteraciones: 100000

Costo_train: 0.179873
Precision_train: 0.723350
Recall_train: 0.713392
F1_train: 0.718336

Costo_test: 0.193611
Precision_test: 0.665072
Recall_test: 0.691542
F1_test: 0.678049
 

Arquitectura: _2_6_1_
Semilla: 1788106069
Segundos: 48
NIteraciones: 100000

Costo_train: 0.181727
Precision_train: 0.744417
Recall_train: 0.750939
F1_train: 0.747663

Costo_test: 0.193494
Precision_test: 0.702326
Recall_test: 0.751244
F1_test: 0.725961
 

Arquitectura: _2_6_1_
Semilla: 1788106069
Segundos: 48
NIteraciones: 100000

Costo_train: 0.164060
Precision_train: 0.740244
Recall_train: 0.759700
F1_train: 0.749846

Costo_test: 0.182302
Precision_test: 0.695853
Recall_test: 0.751244
F1_test: 0.722488
 

Arquitectura: _2_6_1_
Semilla: 1788106069
Segundos: 48
NIteraciones: 100000

Costo_train: 0.187948
Precision_train: 0.721598
Recall_train: 0.723404
F1_train: 0.722500

Costo_test: 0.200111
Precision_test: 0.674419
Recall_test: 0.721393
F1_test: 0.697115
 

Arquitectura: _2_6_1_
Semilla: 1788106069
Segundos: 48
NIteraciones: 100000

Costo_train: 0.172598
Precision_train: 0.750000
Recall_train: 0.758448
F1_train: 0.754200

Costo_test: 0.186253
Precision_test: 0.698198
Recall_test: 0.771144
F1_test: 0.732861
 

Arquitectura: _2_6_1_
Semilla: 1788106069
Segundos: 48
NIteraciones: 100000

Costo_train: 0.157066
Precision_train: 0.741935
Recall_train: 0.748436
F1_train: 0.745171

Costo_test: 0.173703
Precision_test: 0.695238
Recall_test: 0.726368
F1_test: 0.710462
 

Arquitectura: _2_6_1_
Semilla: 1788106069
Segundos: 48
NIteraciones: 100000

Costo_train: 0.178152
Precision_train: 0.752911
Recall_train: 0.728411
F1_train: 0.740458

Costo_test: 0.193714
Precision_test: 0.703518
Recall_test: 0.696517
F1_test: 0.700000
 

Arquitectura: _2_6_1_
Semilla: 1788106069
Segundos: 48
NIteraciones: 100000

Costo_train: 0.167570
Precision_train: 0.739035
Recall_train: 0.843554
F1_train: 0.787843

Costo_test: 0.180873
Precision_test: 0.705645
Recall_test: 0.870647
F1_test: 0.779510
 

Arquitectura: _2_6_1_
Semilla: 1788106069
Segundos: 48
NIteraciones: 100000

Costo_train: 0.172735
Precision_train: 0.758448
Recall_train: 0.758448
F1_train: 0.758448

Costo_test: 0.191245
Precision_test: 0.703349
Recall_test: 0.731343
F1_test: 0.717073
 

Arquitectura: _2_6_1_
Semilla: 1788106069
Segundos: 48
NIteraciones: 100000

Costo_train: 0.173076
Precision_train: 0.759399
Recall_train: 0.758448
F1_train: 0.758923

Costo_test: 0.191359
Precision_test: 0.703349
Recall_test: 0.731343
F1_test: 0.717073
 

Arquitectura: _2_6_1_
Semilla: 1788106069
Segundos: 48
NIteraciones: 100000

Costo_train: 0.209242
Precision_train: 0.570153
Recall_train: 0.559449
F1_train: 0.564750

Costo_test: 0.218854
Precision_test: 0.547619
Recall_test: 0.572139
F1_test: 0.559611
 

Arquitectura: _2_6_1_
Semilla: 1788106069
Segundos: 48
NIteraciones: 100000

Costo_train: 0.167632
Precision_train: 0.736077
Recall_train: 0.760951
F1_train: 0.748308

Costo_test: 0.185231
Precision_test: 0.696833
Recall_test: 0.766169
F1_test: 0.729858
 

Arquitectura: _2_6_1_
Semilla: 1788106069
Segundos: 48
NIteraciones: 100000

Costo_train: 0.158604
Precision_train: 0.750311
Recall_train: 0.755945
F1_train: 0.753117

Costo_test: 0.175684
Precision_test: 0.694836
Recall_test: 0.736318
F1_test: 0.714976
 

Arquitectura: _2_6_1_
Semilla: 1788106069
Segundos: 48
NIteraciones: 100000

Costo_train: 0.179939
Precision_train: 0.750000
Recall_train: 0.747184
F1_train: 0.748589

Costo_test: 0.193572
Precision_test: 0.705607
Recall_test: 0.751244
F1_test: 0.727711
 

Arquitectura: _2_6_1_
Semilla: 1788106069
Segundos: 48
NIteraciones: 100000

Costo_train: 0.179885
Precision_train: 0.751889
Recall_train: 0.747184
F1_train: 0.749529

Costo_test: 0.193950
Precision_test: 0.704225
Recall_test: 0.746269
F1_test: 0.724638
 

Arquitectura: _2_6_1_
Semilla: 1788106069
Segundos: 48
NIteraciones: 100000

Costo_train: 0.179894
Precision_train: 0.721886
Recall_train: 0.747184
F1_train: 0.734317

Costo_test: 0.196003
Precision_test: 0.678571
Recall_test: 0.756219
F1_test: 0.715294
 

Arquitectura: _2_6_1_
Semilla: 1788106069
Segundos: 48
NIteraciones: 100000

Costo_train: 0.164168
Precision_train: 0.737923
Recall_train: 0.764706
F1_train: 0.751076

Costo_test: 0.181767
Precision_test: 0.698630
Recall_test: 0.761194
F1_test: 0.728571
 

Arquitectura: _2_6_1_
Semilla: 1788106069
Segundos: 48
NIteraciones: 100000

Costo_train: 0.211582
Precision_train: 0.646135
Recall_train: 0.669587
F1_train: 0.657652

Costo_test: 0.223644
Precision_test: 0.558559
Recall_test: 0.616915
F1_test: 0.586288
 

Arquitectura: _2_6_1_
Semilla: 1788106069
Segundos: 48
NIteraciones: 100000

Costo_train: 0.167558
Precision_train: 0.782178
Recall_train: 0.790989
F1_train: 0.786559

Costo_test: 0.184160
Precision_test: 0.743119
Recall_test: 0.805970
F1_test: 0.773270
 

Arquitectura: _2_6_1_
Semilla: 1788106069
Segundos: 48
NIteraciones: 100000

Costo_train: 0.212034
Precision_train: 0.618340
Recall_train: 0.624531
F1_train: 0.621420

Costo_test: 0.219858
Precision_test: 0.595455
Recall_test: 0.651741
F1_test: 0.622328
 

Arquitectura: _2_6_1_
Semilla: 1788106069
Segundos: 48
NIteraciones: 100000

Costo_train: 0.181692
Precision_train: 0.764628
Recall_train: 0.719650
F1_train: 0.741457

Costo_test: 0.202021
Precision_test: 0.722222
Recall_test: 0.711443
F1_test: 0.716792
 

Arquitectura: _2_6_1_
Semilla: 1788106069
Segundos: 48
NIteraciones: 100000

Costo_train: 0.156367
Precision_train: 0.752911
Recall_train: 0.728411
F1_train: 0.740458

Costo_test: 0.169723
Precision_test: 0.689320
Recall_test: 0.706468
F1_test: 0.697789
 

Arquitectura: _2_6_1_
Semilla: 1788106069
Segundos: 48
NIteraciones: 100000

Costo_train: 0.179213
Precision_train: 0.722785
Recall_train: 0.714643
F1_train: 0.718691

Costo_test: 0.192747
Precision_test: 0.666667
Recall_test: 0.686567
F1_test: 0.676471
 

Arquitectura: _2_6_1_
Semilla: 1788106069
Segundos: 48
NIteraciones: 100000

Costo_train: 0.153644
Precision_train: 0.754476
Recall_train: 0.738423
F1_train: 0.746363

Costo_test: 0.166412
Precision_test: 0.692683
Recall_test: 0.706468
F1_test: 0.699507
 

Arquitectura: _2_6_1_
Semilla: 1788106069
Segundos: 48
NIteraciones: 100000

Costo_train: 0.153179
Precision_train: 0.765526
Recall_train: 0.755945
F1_train: 0.760705

Costo_test: 0.160336
Precision_test: 0.730392
Recall_test: 0.741294
F1_test: 0.735803
 

Arquitectura: _2_6_1_
Semilla: 1788106069
Segundos: 48
NIteraciones: 100000

Costo_train: 0.158055
Precision_train: 0.736145
Recall_train: 0.764706
F1_train: 0.750153

Costo_test: 0.176209
Precision_test: 0.698630
Recall_test: 0.761194
F1_test: 0.728571
 

Arquitectura: _2_6_1_
Semilla: 1788106069
Segundos: 48
NIteraciones: 100000

Costo_train: 0.212139
Precision_train: 0.618340
Recall_train: 0.624531
F1_train: 0.621420

Costo_test: 0.220399
Precision_test: 0.597285
Recall_test: 0.656716
F1_test: 0.625592
 

Arquitectura: _2_6_1_
Semilla: 1788106069
Segundos: 48
NIteraciones: 100000

Costo_train: 0.210444
Precision_train: 0.583333
Recall_train: 0.622028
F1_train: 0.602059

Costo_test: 0.221885
Precision_test: 0.600917
Recall_test: 0.651741
F1_test: 0.625298
 

Arquitectura: _2_6_1_
Semilla: 1788106069
Segundos: 48
NIteraciones: 100000

Costo_train: 0.178937
Precision_train: 0.740695
Recall_train: 0.747184
F1_train: 0.743925

Costo_test: 0.194748
Precision_test: 0.687783
Recall_test: 0.756219
F1_test: 0.720379
 

Arquitectura: _2_6_1_
Semilla: 1788106069
Segundos: 48
NIteraciones: 100000

Costo_train: 0.177206
Precision_train: 0.690594
Recall_train: 0.698373
F1_train: 0.694462

Costo_test: 0.181290
Precision_test: 0.652778
Recall_test: 0.701493
F1_test: 0.676259
 

Arquitectura: _2_6_1_
Semilla: 1788106069
Segundos: 48
NIteraciones: 100000

Costo_train: 0.178725
Precision_train: 0.748336
Recall_train: 0.703379
F1_train: 0.725161

Costo_test: 0.191892
Precision_test: 0.698980
Recall_test: 0.681592
F1_test: 0.690176
 

Arquitectura: _2_6_1_
Semilla: 1788106069
Segundos: 48
NIteraciones: 100000

Costo_train: 0.159966
Precision_train: 0.751493
Recall_train: 0.787234
F1_train: 0.768949

Costo_test: 0.178939
Precision_test: 0.704036
Recall_test: 0.781095
F1_test: 0.740566
 

Arquitectura: _2_6_1_
Semilla: 1788106069
Segundos: 48
NIteraciones: 100000

Costo_train: 0.160932
Precision_train: 0.731144
Recall_train: 0.752190
F1_train: 0.741517

Costo_test: 0.178029
Precision_test: 0.683258
Recall_test: 0.751244
F1_test: 0.715640
 

Arquitectura: _2_6_1_
Semilla: 1788106069
Segundos: 48
NIteraciones: 100000

Costo_train: 0.177613
Precision_train: 0.727056
Recall_train: 0.763454
F1_train: 0.744811

Costo_test: 0.194880
Precision_test: 0.685841
Recall_test: 0.771144
F1_test: 0.725995
 

Arquitectura: _2_6_1_
Semilla: 1788106069
Segundos: 48
NIteraciones: 100000

Costo_train: 0.176708
Precision_train: 0.720350
Recall_train: 0.722153
F1_train: 0.721250

Costo_test: 0.191143
Precision_test: 0.665094
Recall_test: 0.701493
F1_test: 0.682809
 

Arquitectura: _2_6_1_
Semilla: 1788106069
Segundos: 48
NIteraciones: 100000

Costo_train: 0.154054
Precision_train: 0.766839
Recall_train: 0.740926
F1_train: 0.753660

Costo_test: 0.158787
Precision_test: 0.743842
Recall_test: 0.751244
F1_test: 0.747525
 

Arquitectura: _2_6_1_
Semilla: 1788106069
Segundos: 48
NIteraciones: 100000

Costo_train: 0.174098
Precision_train: 0.690476
Recall_train: 0.689612
F1_train: 0.690044

Costo_test: 0.176289
Precision_test: 0.646512
Recall_test: 0.691542
F1_test: 0.668269
 

Arquitectura: _2_6_1_
Semilla: 1788106069
Segundos: 48
NIteraciones: 100000

Costo_train: 0.179757
Precision_train: 0.752837
Recall_train: 0.747184
F1_train: 0.750000

Costo_test: 0.193282
Precision_test: 0.704225
Recall_test: 0.746269
F1_test: 0.724638
 

Arquitectura: _2_6_1_
Semilla: 1788106069
Segundos: 48
NIteraciones: 100000

Costo_train: 0.194619
Precision_train: 0.669598
Recall_train: 0.667084
F1_train: 0.668339

Costo_test: 0.206146
Precision_test: 0.641509
Recall_test: 0.676617
F1_test: 0.658596
 

Arquitectura: _2_6_1_
Semilla: 1788106069
Segundos: 48
NIteraciones: 100000

Costo_train: 0.181271
Precision_train: 0.724305
Recall_train: 0.749687
F1_train: 0.736777

Costo_test: 0.196276
Precision_test: 0.677273
Recall_test: 0.741294
F1_test: 0.707839
 

Arquitectura: _2_6_1_
Semilla: 1788106069
Segundos: 48
NIteraciones: 100000

Costo_train: 0.178012
Precision_train: 0.721945
Recall_train: 0.724656
F1_train: 0.723298

Costo_test: 0.192918
Precision_test: 0.665094
Recall_test: 0.701493
F1_test: 0.682809
 

Arquitectura: _2_6_1_
Semilla: 1788106069
Segundos: 48
NIteraciones: 100000

Costo_train: 0.182131
Precision_train: 0.738035
Recall_train: 0.733417
F1_train: 0.735719

Costo_test: 0.197212
Precision_test: 0.690476
Recall_test: 0.721393
F1_test: 0.705596
 

Arquitectura: _2_6_1_
Semilla: 1788106069
Segundos: 48
NIteraciones: 100000

Costo_train: 0.167986
Precision_train: 0.743842
Recall_train: 0.755945
F1_train: 0.749845

Costo_test: 0.188385
Precision_test: 0.694836
Recall_test: 0.736318
F1_test: 0.714976
 

Arquitectura: _2_6_1_
Semilla: 1788106069
Segundos: 48
NIteraciones: 100000

Costo_train: 0.155851
Precision_train: 0.745547
Recall_train: 0.733417
F1_train: 0.739432

Costo_test: 0.170697
Precision_test: 0.696078
Recall_test: 0.706468
F1_test: 0.701235
 

Arquitectura: _2_6_1_
Semilla: 1788106069
Segundos: 48
NIteraciones: 100000

Costo_train: 0.155614
Precision_train: 0.754814
Recall_train: 0.735920
F1_train: 0.745247

Costo_test: 0.170111
Precision_test: 0.699029
Recall_test: 0.716418
F1_test: 0.707617
 

Arquitectura: _2_6_1_
Semilla: 1788106069
Segundos: 48
NIteraciones: 100000

Costo_train: 0.212155
Precision_train: 0.619165
Recall_train: 0.630789
F1_train: 0.624923

Costo_test: 0.221115
Precision_test: 0.592760
Recall_test: 0.651741
F1_test: 0.620853
 

Arquitectura: _2_6_1_
Semilla: 1788106069
Segundos: 48
NIteraciones: 100000

Costo_train: 0.169574
Precision_train: 0.760148
Recall_train: 0.773467
F1_train: 0.766749

Costo_test: 0.188255
Precision_test: 0.720379
Recall_test: 0.756219
F1_test: 0.737864
 

Arquitectura: _2_6_1_
Semilla: 1788106069
Segundos: 48
NIteraciones: 100000

Costo_train: 0.209529
Precision_train: 0.592365
Recall_train: 0.602003
F1_train: 0.597145

Costo_test: 0.219320
Precision_test: 0.560748
Recall_test: 0.597015
F1_test: 0.578313
 

Arquitectura: _2_6_1_
Semilla: 1788106069
Segundos: 48
NIteraciones: 100000

Costo_train: 0.164321
Precision_train: 0.747537
Recall_train: 0.759700
F1_train: 0.753569

Costo_test: 0.185285
Precision_test: 0.702830
Recall_test: 0.741294
F1_test: 0.721550
 

Arquitectura: _2_6_1_
Semilla: 1788106069
Segundos: 48
NIteraciones: 100000

Costo_train: 0.162293
Precision_train: 0.734620
Recall_train: 0.762203
F1_train: 0.748157

Costo_test: 0.182300
Precision_test: 0.688073
Recall_test: 0.746269
F1_test: 0.715990
 

Arquitectura: _2_6_1_
Semilla: 1788106069
Segundos: 48
NIteraciones: 100000

Costo_train: 0.212253
Precision_train: 0.616149
Recall_train: 0.620776
F1_train: 0.618454

Costo_test: 0.220556
Precision_test: 0.594470
Recall_test: 0.641791
F1_test: 0.617225
 

Arquitectura: _2_6_1_
Semilla: 1788106069
Segundos: 48
NIteraciones: 100000

Costo_train: 0.167722
Precision_train: 0.726730
Recall_train: 0.762203
F1_train: 0.744044

Costo_test: 0.186578
Precision_test: 0.683258
Recall_test: 0.751244
F1_test: 0.715640
 

Arquitectura: _2_6_1_
Semilla: 1788106069
Segundos: 48
NIteraciones: 100000

Costo_train: 0.174617
Precision_train: 0.687657
Recall_train: 0.683354
F1_train: 0.685499

Costo_test: 0.178116
Precision_test: 0.635071
Recall_test: 0.666667
F1_test: 0.650485
 

Arquitectura: _2_6_1_
Semilla: 1788106069
Segundos: 48
NIteraciones: 100000

Costo_train: 0.153714
Precision_train: 0.759352
Recall_train: 0.762203
F1_train: 0.760774

Costo_test: 0.158644
Precision_test: 0.757282
Recall_test: 0.776119
F1_test: 0.766585
 

Arquitectura: _2_6_1_
Semilla: 1788106069
Segundos: 48
NIteraciones: 100000

Costo_train: 0.211170
Precision_train: 0.594022
Recall_train: 0.596996
F1_train: 0.595506

Costo_test: 0.223226
Precision_test: 0.555046
Recall_test: 0.601990
F1_test: 0.577566
 

Arquitectura: _2_6_1_
Semilla: 1788106069
Segundos: 48
NIteraciones: 100000

Costo_train: 0.181246
Precision_train: 0.732748
Recall_train: 0.730914
F1_train: 0.731830

Costo_test: 0.187530
Precision_test: 0.695238
Recall_test: 0.726368
F1_test: 0.710462
 

Arquitectura: _2_6_1_
Semilla: 1788106069
Segundos: 48
NIteraciones: 100000

Costo_train: 0.179429
Precision_train: 0.723701
Recall_train: 0.714643
F1_train: 0.719144

Costo_test: 0.193423
Precision_test: 0.665072
Recall_test: 0.691542
F1_test: 0.678049
 

Arquitectura: _2_6_1_
Semilla: 1788106069
Segundos: 48
NIteraciones: 100000

Costo_train: 0.175819
Precision_train: 0.745547
Recall_train: 0.733417
F1_train: 0.739432

Costo_test: 0.190490
Precision_test: 0.695652
Recall_test: 0.716418
F1_test: 0.705882
 

Arquitectura: _2_6_1_
Semilla: 1788106069
Segundos: 48
NIteraciones: 100000

Costo_train: 0.166164
Precision_train: 0.746173
Recall_train: 0.732165
F1_train: 0.739103

Costo_test: 0.178575
Precision_test: 0.692308
Recall_test: 0.716418
F1_test: 0.704156
 

Arquitectura: _2_6_1_
Semilla: 1788106069
Segundos: 48
NIteraciones: 100000

Costo_train: 0.166189
Precision_train: 0.755501
Recall_train: 0.773467
F1_train: 0.764378

Costo_test: 0.190060
Precision_test: 0.712919
Recall_test: 0.741294
F1_test: 0.726829
 

Arquitectura: _2_6_1_
Semilla: 1788106069
Segundos: 48
NIteraciones: 100000

Costo_train: 0.165459
Precision_train: 0.747826
Recall_train: 0.753442
F1_train: 0.750623

Costo_test: 0.180375
Precision_test: 0.691244
Recall_test: 0.746269
F1_test: 0.717703
 

Arquitectura: _2_6_1_
Semilla: 1788106069
Segundos: 48
NIteraciones: 100000

Costo_train: 0.178996
Precision_train: 0.731865
Recall_train: 0.707134
F1_train: 0.719287

Costo_test: 0.192421
Precision_test: 0.671498
Recall_test: 0.691542
F1_test: 0.681373
 

Arquitectura: _2_6_1_
Semilla: 1788106069
Segundos: 48
NIteraciones: 100000

Costo_train: 0.166676
Precision_train: 0.744186
Recall_train: 0.760951
F1_train: 0.752475

Costo_test: 0.183139
Precision_test: 0.692308
Recall_test: 0.761194
F1_test: 0.725119
 

Arquitectura: _2_6_1_
Semilla: 1788106069
Segundos: 48
NIteraciones: 100000

Costo_train: 0.175254
Precision_train: 0.740148
Recall_train: 0.752190
F1_train: 0.746120

Costo_test: 0.192659
Precision_test: 0.707547
Recall_test: 0.746269
F1_test: 0.726392
 

Arquitectura: _2_6_1_
Semilla: 1788106069
Segundos: 48
NIteraciones: 100000

Costo_train: 0.150201
Precision_train: 0.773067
Recall_train: 0.775970
F1_train: 0.774516

Costo_test: 0.158220
Precision_test: 0.740385
Recall_test: 0.766169
F1_test: 0.753056
 

Arquitectura: _2_6_1_
Semilla: 1788106069
Segundos: 48
NIteraciones: 100000

Costo_train: 0.173747
Precision_train: 0.748130
Recall_train: 0.750939
F1_train: 0.749532

Costo_test: 0.189946
Precision_test: 0.697248
Recall_test: 0.756219
F1_test: 0.725537
 

Arquitectura: _2_6_1_
Semilla: 1788106069
Segundos: 48
NIteraciones: 100000

Costo_train: 0.177924
Precision_train: 0.747989
Recall_train: 0.698373
F1_train: 0.722330

Costo_test: 0.191117
Precision_test: 0.695431
Recall_test: 0.681592
F1_test: 0.688442
 

Arquitectura: _2_6_1_
Semilla: 1788106069
Segundos: 48
NIteraciones: 100000

Costo_train: 0.166456
Precision_train: 0.738386
Recall_train: 0.755945
F1_train: 0.747062

Costo_test: 0.186546
Precision_test: 0.700935
Recall_test: 0.746269
F1_test: 0.722892
 

Arquitectura: _2_6_1_
Semilla: 1788106069
Segundos: 48
NIteraciones: 100000

Costo_train: 0.213688
Precision_train: 0.648780
Recall_train: 0.665832
F1_train: 0.657196

Costo_test: 0.223399
Precision_test: 0.580087
Recall_test: 0.666667
F1_test: 0.620370
 

Arquitectura: _2_6_1_
Semilla: 1788106069
Segundos: 48
NIteraciones: 100000

Costo_train: 0.150696
Precision_train: 0.757033
Recall_train: 0.740926
F1_train: 0.748893

Costo_test: 0.162289
Precision_test: 0.702439
Recall_test: 0.716418
F1_test: 0.709360
 

Arquitectura: _2_6_1_
Semilla: 1788106069
Segundos: 48
NIteraciones: 100000

Costo_train: 0.162290
Precision_train: 0.729927
Recall_train: 0.750939
F1_train: 0.740284

Costo_test: 0.172045
Precision_test: 0.691244
Recall_test: 0.746269
F1_test: 0.717703
 

Arquitectura: _2_6_1_
Semilla: 1788106069
Segundos: 48
NIteraciones: 100000

Costo_train: 0.178832
Precision_train: 0.727163
Recall_train: 0.757196
F1_train: 0.741876

Costo_test: 0.196311
Precision_test: 0.683036
Recall_test: 0.761194
F1_test: 0.720000
 

Arquitectura: _2_6_1_
Semilla: 1788106069
Segundos: 48
NIteraciones: 100000

Costo_train: 0.167212
Precision_train: 0.730861
Recall_train: 0.764706
F1_train: 0.747401

Costo_test: 0.185340
Precision_test: 0.686099
Recall_test: 0.761194
F1_test: 0.721698
 

Arquitectura: _2_6_1_
Semilla: 1788106069
Segundos: 48
NIteraciones: 100000

Costo_train: 0.165299
Precision_train: 0.799439
Recall_train: 0.713392
F1_train: 0.753968

Costo_test: 0.187003
Precision_test: 0.745763
Recall_test: 0.656716
F1_test: 0.698413
 

Arquitectura: _2_6_1_
Semilla: 1788106069
Segundos: 48
NIteraciones: 100000

Costo_train: 0.181332
Precision_train: 0.718398
Recall_train: 0.718398
F1_train: 0.718398

Costo_test: 0.195818
Precision_test: 0.666667
Recall_test: 0.696517
F1_test: 0.681265
 

Arquitectura: _2_6_1_
Semilla: 1788106069
Segundos: 48
NIteraciones: 100000

Costo_train: 0.214143
Precision_train: 0.636252
Recall_train: 0.645807
F1_train: 0.640994

Costo_test: 0.223745
Precision_test: 0.576037
Recall_test: 0.621891
F1_test: 0.598086
 

Arquitectura: _2_6_1_
Semilla: 1788106069
Segundos: 48
NIteraciones: 100000

Costo_train: 0.180207
Precision_train: 0.729974
Recall_train: 0.707134
F1_train: 0.718373

Costo_test: 0.193571
Precision_test: 0.671569
Recall_test: 0.681592
F1_test: 0.676543
 

Arquitectura: _2_6_1_
Semilla: 1788106069
Segundos: 48
NIteraciones: 100000

Costo_train: 0.167562
Precision_train: 0.790488
Recall_train: 0.769712
F1_train: 0.779962

Costo_test: 0.190732
Precision_test: 0.764103
Recall_test: 0.741294
F1_test: 0.752525
 

Arquitectura: _2_6_1_
Semilla: 1788106069
Segundos: 48
NIteraciones: 100000

Costo_train: 0.209598
Precision_train: 0.622807
Recall_train: 0.622028
F1_train: 0.622417

Costo_test: 0.208037
Precision_test: 0.613527
Recall_test: 0.631841
F1_test: 0.622549
 

Arquitectura: _2_6_1_
Semilla: 1788106069
Segundos: 48
NIteraciones: 100000

Costo_train: 0.185861
Precision_train: 0.721106
Recall_train: 0.718398
F1_train: 0.719749

Costo_test: 0.200593
Precision_test: 0.671296
Recall_test: 0.721393
F1_test: 0.695444
 

Arquitectura: _2_6_1_
Semilla: 1788106069
Segundos: 48
NIteraciones: 100000

Costo_train: 0.213356
Precision_train: 0.655087
Recall_train: 0.660826
F1_train: 0.657944

Costo_test: 0.220518
Precision_test: 0.566964
Recall_test: 0.631841
F1_test: 0.597647
 

Arquitectura: _2_6_1_
Semilla: 1788106069
Segundos: 48
NIteraciones: 100000

Costo_train: 0.170633
Precision_train: 0.760897
Recall_train: 0.764706
F1_train: 0.762797

Costo_test: 0.188451
Precision_test: 0.711538
Recall_test: 0.736318
F1_test: 0.723716
 

Arquitectura: _2_6_1_
Semilla: 1788106069
Segundos: 48
NIteraciones: 100000

Costo_train: 0.174838
Precision_train: 0.681537
Recall_train: 0.688360
F1_train: 0.684932

Costo_test: 0.177450
Precision_test: 0.649770
Recall_test: 0.701493
F1_test: 0.674641
 

Arquitectura: _2_6_1_
Semilla: 1788106069
Segundos: 48
NIteraciones: 100000

Costo_train: 0.212130
Precision_train: 0.619107
Recall_train: 0.624531
F1_train: 0.621807

Costo_test: 0.220427
Precision_test: 0.597285
Recall_test: 0.656716
F1_test: 0.625592
 

Arquitectura: _2_6_1_
Semilla: 1788106069
Segundos: 48
NIteraciones: 100000

Costo_train: 0.212216
Precision_train: 0.615479
Recall_train: 0.627034
F1_train: 0.621203

Costo_test: 0.221350
Precision_test: 0.593607
Recall_test: 0.646766
F1_test: 0.619048
 

Arquitectura: _2_6_1_
Semilla: 1788106069
Segundos: 48
NIteraciones: 100000

Costo_train: 0.177164
Precision_train: 0.727749
Recall_train: 0.695870
F1_train: 0.711452

Costo_test: 0.187749
Precision_test: 0.668293
Recall_test: 0.681592
F1_test: 0.674877
 

Arquitectura: _2_6_1_
Semilla: 1788106069
Segundos: 48
NIteraciones: 100000

Costo_train: 0.175632
Precision_train: 0.751244
Recall_train: 0.755945
F1_train: 0.753587

Costo_test: 0.191025
Precision_test: 0.691244
Recall_test: 0.746269
F1_test: 0.717703
 

Arquitectura: _2_6_1_
Semilla: 1788106069
Segundos: 48
NIteraciones: 100000

Costo_train: 0.210808
Precision_train: 0.584975
Recall_train: 0.594493
F1_train: 0.589696

Costo_test: 0.221727
Precision_test: 0.610860
Recall_test: 0.671642
F1_test: 0.639810
 

Arquitectura: _2_6_1_
Semilla: 1788106069
Segundos: 48
NIteraciones: 100000

Costo_train: 0.172310
Precision_train: 0.760000
Recall_train: 0.760951
F1_train: 0.760475

Costo_test: 0.189809
Precision_test: 0.693396
Recall_test: 0.731343
F1_test: 0.711864
 

Arquitectura: _2_6_1_
Semilla: 1788106069
Segundos: 48
NIteraciones: 100000

Costo_train: 0.212206
Precision_train: 0.619107
Recall_train: 0.624531
F1_train: 0.621807

Costo_test: 0.220389
Precision_test: 0.600000
Recall_test: 0.656716
F1_test: 0.627078
 

Arquitectura: _2_6_1_
Semilla: 1788106069
Segundos: 48
NIteraciones: 100000

Costo_train: 0.156934
Precision_train: 0.723926
Recall_train: 0.738423
F1_train: 0.731103

Costo_test: 0.167174
Precision_test: 0.690476
Recall_test: 0.721393
F1_test: 0.705596
 

Arquitectura: _2_6_1_
Semilla: 1788106069
Segundos: 48
NIteraciones: 100000

Costo_train: 0.179682
Precision_train: 0.721311
Recall_train: 0.715895
F1_train: 0.718593

Costo_test: 0.193565
Precision_test: 0.668269
Recall_test: 0.691542
F1_test: 0.679707
 

Arquitectura: _2_6_1_
Semilla: 1788106069
Segundos: 48
NIteraciones: 100000

Costo_train: 0.167176
Precision_train: 0.737226
Recall_train: 0.758448
F1_train: 0.747687

Costo_test: 0.181911
Precision_test: 0.689189
Recall_test: 0.761194
F1_test: 0.723404
 

Arquitectura: _2_6_1_
Semilla: 1788106069
Segundos: 48
NIteraciones: 100000

Costo_train: 0.153251
Precision_train: 0.729795
Recall_train: 0.757196
F1_train: 0.743243

Costo_test: 0.165435
Precision_test: 0.693023
Recall_test: 0.741294
F1_test: 0.716346
 

Arquitectura: _2_6_1_
Semilla: 1788106069
Segundos: 48
NIteraciones: 100000

Costo_train: 0.162348
Precision_train: 0.738182
Recall_train: 0.762203
F1_train: 0.750000

Costo_test: 0.180223
Precision_test: 0.684685
Recall_test: 0.756219
F1_test: 0.718676
 

Arquitectura: _2_6_1_
Semilla: 1788106069
Segundos: 48
NIteraciones: 100000

Costo_train: 0.161996
Precision_train: 0.742169
Recall_train: 0.770964
F1_train: 0.756292

Costo_test: 0.181472
Precision_test: 0.689815
Recall_test: 0.741294
F1_test: 0.714628
 

Arquitectura: _2_6_1_
Semilla: 1788106069
Segundos: 48
NIteraciones: 100000

Costo_train: 0.155565
Precision_train: 0.740177
Recall_train: 0.730914
F1_train: 0.735516

Costo_test: 0.167251
Precision_test: 0.695652
Recall_test: 0.716418
F1_test: 0.705882
 

Arquitectura: _2_6_1_
Semilla: 1788106069
Segundos: 48
NIteraciones: 100000

Costo_train: 0.165052
Precision_train: 0.744129
Recall_train: 0.753442
F1_train: 0.748756

Costo_test: 0.179193
Precision_test: 0.709091
Recall_test: 0.776119
F1_test: 0.741093
 

Arquitectura: _2_6_1_
Semilla: 1788106069
Segundos: 48
NIteraciones: 100000

Costo_train: 0.162967
Precision_train: 0.745679
Recall_train: 0.755945
F1_train: 0.750777

Costo_test: 0.182899
Precision_test: 0.696262
Recall_test: 0.741294
F1_test: 0.718072
 

Arquitectura: _2_6_1_
Semilla: 1788106069
Segundos: 48
NIteraciones: 100000

Costo_train: 0.200745
Precision_train: 0.657669
Recall_train: 0.670839
F1_train: 0.664188

Costo_test: 0.199964
Precision_test: 0.675926
Recall_test: 0.726368
F1_test: 0.700240
 


--- Test Profunda 2.0 ---
Iteración 10000
Costo: 0.230773
Iteración 20000
Costo: 0.230082
Iteración 30000
Costo: 0.229522
Iteración 40000
Costo: 0.229097
Iteración 50000
Costo: 0.228790
Iteración 60000
Costo: 0.228481
Iteración 70000
Costo: 0.226213
Iteración 80000
Costo: 0.224597
Iteración 90000
Costo: 0.223345

Arquitectura: _2_3_3_1_
Semilla: 1788106117
Segundos: 94
NIteraciones: 100000

Costo_train: 0.222340
Precision_train: 0.603073
Recall_train: 0.589487
F1_train: 0.596202

Costo_test: 0.222820
Precision_test: 0.595000
Recall_test: 0.592040
F1_test: 0.593516
 

Arquitectura: _2_3_3_1_
Semilla: 1788106117
Segundos: 94
NIteraciones: 100000

Costo_train: 0.213850
Precision_train: 0.630789
Recall_train: 0.630789
F1_train: 0.630789

Costo_test: 0.224136
Precision_test: 0.580645
Recall_test: 0.626866
F1_test: 0.602871
 

Arquitectura: _2_3_3_1_
Semilla: 1788106117
Segundos: 94
NIteraciones: 100000

Costo_train: 0.222977
Precision_train: 0.596129
Recall_train: 0.578223
F1_train: 0.587039

Costo_test: 0.221250
Precision_test: 0.590000
Recall_test: 0.587065
F1_test: 0.588529
 

Arquitectura: _2_3_3_1_
Semilla: 1788106117
Segundos: 94
NIteraciones: 100000

Costo_train: 0.208220
Precision_train: 0.601220
Recall_train: 0.617021
F1_train: 0.609018

Costo_test: 0.216089
Precision_test: 0.584475
Recall_test: 0.636816
F1_test: 0.609524
 

Arquitectura: _2_3_3_1_
Semilla: 1788106117
Segundos: 94
NIteraciones: 100000

Costo_train: 0.222881
Precision_train: 0.609986
Recall_train: 0.565707
F1_train: 0.587013

Costo_test: 0.223144
Precision_test: 0.606383
Recall_test: 0.567164
F1_test: 0.586118
 

Arquitectura: _2_3_3_1_
Semilla: 1788106117
Segundos: 94
NIteraciones: 100000

Costo_train: 0.204218
Precision_train: 0.621140
Recall_train: 0.654568
F1_train: 0.637416

Costo_test: 0.213707
Precision_test: 0.591111
Recall_test: 0.661692
F1_test: 0.624413
 

Arquitectura: _2_3_3_1_
Semilla: 1788106117
Segundos: 94
NIteraciones: 100000

Costo_train: 0.208636
Precision_train: 0.610981
Recall_train: 0.654568
F1_train: 0.632024

Costo_test: 0.217129
Precision_test: 0.576577
Recall_test: 0.636816
F1_test: 0.605201
 

Arquitectura: _2_3_3_1_
Semilla: 1788106117
Segundos: 94
NIteraciones: 100000

Costo_train: 0.222006
Precision_train: 0.598718
Recall_train: 0.584481
F1_train: 0.591514

Costo_test: 0.222598
Precision_test: 0.598985
Recall_test: 0.587065
F1_test: 0.592965
 

Arquitectura: _2_3_3_1_
Semilla: 1788106117
Segundos: 94
NIteraciones: 100000

Costo_train: 0.205355
Precision_train: 0.617402
Recall_train: 0.648310
F1_train: 0.632479

Costo_test: 0.214380
Precision_test: 0.591928
Recall_test: 0.656716
F1_test: 0.622642
 

Arquitectura: _2_3_3_1_
Semilla: 1788106117
Segundos: 94
NIteraciones: 100000

Costo_train: 0.223880
Precision_train: 0.576826
Recall_train: 0.573216
F1_train: 0.575016

Costo_test: 0.222380
Precision_test: 0.603960
Recall_test: 0.606965
F1_test: 0.605459
 

Arquitectura: _2_3_3_1_
Semilla: 1788106117
Segundos: 94
NIteraciones: 100000

Costo_train: 0.222296
Precision_train: 0.603113
Recall_train: 0.581977
F1_train: 0.592357

Costo_test: 0.222803
Precision_test: 0.595960
Recall_test: 0.587065
F1_test: 0.591479
 

Arquitectura: _2_3_3_1_
Semilla: 1788106117
Segundos: 94
NIteraciones: 100000

Costo_train: 0.223220
Precision_train: 0.610755
Recall_train: 0.596996
F1_train: 0.603797

Costo_test: 0.223791
Precision_test: 0.599010
Recall_test: 0.601990
F1_test: 0.600496
 

Arquitectura: _2_3_3_1_
Semilla: 1788106117
Segundos: 94
NIteraciones: 100000

Costo_train: 0.208214
Precision_train: 0.609113
Recall_train: 0.635795
F1_train: 0.622168

Costo_test: 0.216411
Precision_test: 0.580357
Recall_test: 0.646766
F1_test: 0.611765
 

Arquitectura: _2_3_3_1_
Semilla: 1788106117
Segundos: 94
NIteraciones: 100000

Costo_train: 0.223842
Precision_train: 0.586902
Recall_train: 0.583229
F1_train: 0.585060

Costo_test: 0.224486
Precision_test: 0.595122
Recall_test: 0.606965
F1_test: 0.600985
 

Arquitectura: _2_3_3_1_
Semilla: 1788106117
Segundos: 94
NIteraciones: 100000

Costo_train: 0.223277
Precision_train: 0.603659
Recall_train: 0.619524
F1_train: 0.611489

Costo_test: 0.223776
Precision_test: 0.595122
Recall_test: 0.606965
F1_test: 0.600985
 

Arquitectura: _2_3_3_1_
Semilla: 1788106117
Segundos: 94
NIteraciones: 100000

Costo_train: 0.210853
Precision_train: 0.593095
Recall_train: 0.602003
F1_train: 0.597516

Costo_test: 0.217357
Precision_test: 0.560748
Recall_test: 0.597015
F1_test: 0.578313
 

Arquitectura: _2_3_3_1_
Semilla: 1788106117
Segundos: 94
NIteraciones: 100000

Costo_train: 0.203739
Precision_train: 0.624553
Recall_train: 0.655820
F1_train: 0.639805

Costo_test: 0.213476
Precision_test: 0.596491
Recall_test: 0.676617
F1_test: 0.634033
 

Arquitectura: _2_3_3_1_
Semilla: 1788106117
Segundos: 94
NIteraciones: 100000

Costo_train: 0.211432
Precision_train: 0.596998
Recall_train: 0.647059
F1_train: 0.621021

Costo_test: 0.220486
Precision_test: 0.593750
Recall_test: 0.661692
F1_test: 0.625882
 

Arquitectura: _2_3_3_1_
Semilla: 1788106117
Segundos: 94
NIteraciones: 100000

Costo_train: 0.222946
Precision_train: 0.600285
Recall_train: 0.528160
F1_train: 0.561917

Costo_test: 0.223319
Precision_test: 0.612022
Recall_test: 0.557214
F1_test: 0.583333
 

Arquitectura: _2_3_3_1_
Semilla: 1788106117
Segundos: 94
NIteraciones: 100000

Costo_train: 0.222144
Precision_train: 0.601342
Recall_train: 0.560701
F1_train: 0.580311

Costo_test: 0.222809
Precision_test: 0.606383
Recall_test: 0.567164
F1_test: 0.586118
 

Arquitectura: _2_3_3_1_
Semilla: 1788106117
Segundos: 94
NIteraciones: 100000

Costo_train: 0.207169
Precision_train: 0.610778
Recall_train: 0.638298
F1_train: 0.624235

Costo_test: 0.215665
Precision_test: 0.586667
Recall_test: 0.656716
F1_test: 0.619718
 

Arquitectura: _2_3_3_1_
Semilla: 1788106117
Segundos: 94
NIteraciones: 100000

Costo_train: 0.222815
Precision_train: 0.603034
Recall_train: 0.596996
F1_train: 0.600000

Costo_test: 0.223304
Precision_test: 0.597015
Recall_test: 0.597015
F1_test: 0.597015
 

Arquitectura: _2_3_3_1_
Semilla: 1788106117
Segundos: 94
NIteraciones: 100000

Costo_train: 0.205235
Precision_train: 0.616125
Recall_train: 0.640801
F1_train: 0.628221

Costo_test: 0.214124
Precision_test: 0.593750
Recall_test: 0.661692
F1_test: 0.625882
 

Arquitectura: _2_3_3_1_
Semilla: 1788106117
Segundos: 94
NIteraciones: 100000

Costo_train: 0.220753
Precision_train: 0.595178
Recall_train: 0.586984
F1_train: 0.591052

Costo_test: 0.221193
Precision_test: 0.592233
Recall_test: 0.606965
F1_test: 0.599509
 

Arquitectura: _2_3_3_1_
Semilla: 1788106117
Segundos: 94
NIteraciones: 100000

Costo_train: 0.199103
Precision_train: 0.636782
Recall_train: 0.693367
F1_train: 0.663871

Costo_test: 0.210420
Precision_test: 0.615044
Recall_test: 0.691542
F1_test: 0.651054
 

Arquitectura: _2_3_3_1_
Semilla: 1788106117
Segundos: 94
NIteraciones: 100000

Costo_train: 0.202213
Precision_train: 0.640244
Recall_train: 0.657071
F1_train: 0.648548

Costo_test: 0.212059
Precision_test: 0.611872
Recall_test: 0.666667
F1_test: 0.638095
 

Arquitectura: _2_3_3_1_
Semilla: 1788106117
Segundos: 94
NIteraciones: 100000

Costo_train: 0.220482
Precision_train: 0.593350
Recall_train: 0.580726
F1_train: 0.586970

Costo_test: 0.221003
Precision_test: 0.596059
Recall_test: 0.601990
F1_test: 0.599010
 

Arquitectura: _2_3_3_1_
Semilla: 1788106117
Segundos: 94
NIteraciones: 100000

Costo_train: 0.222277
Precision_train: 0.570881
Recall_train: 0.559449
F1_train: 0.565107

Costo_test: 0.222014
Precision_test: 0.593137
Recall_test: 0.601990
F1_test: 0.597531
 

Arquitectura: _2_3_3_1_
Semilla: 1788106117
Segundos: 94
NIteraciones: 100000

Costo_train: 0.223855
Precision_train: 0.579416
Recall_train: 0.570713
F1_train: 0.575032

Costo_test: 0.222379
Precision_test: 0.616162
Recall_test: 0.606965
F1_test: 0.611529
 

Arquitectura: _2_3_3_1_
Semilla: 1788106117
Segundos: 94
NIteraciones: 100000

Costo_train: 0.214195
Precision_train: 0.598351
Recall_train: 0.635795
F1_train: 0.616505

Costo_test: 0.220731
Precision_test: 0.570796
Recall_test: 0.641791
F1_test: 0.604215
 

Arquitectura: _2_3_3_1_
Semilla: 1788106117
Segundos: 94
NIteraciones: 100000

Costo_train: 0.203597
Precision_train: 0.626506
Recall_train: 0.650814
F1_train: 0.638429

Costo_test: 0.213084
Precision_test: 0.596413
Recall_test: 0.661692
F1_test: 0.627358
 

Arquitectura: _2_3_3_1_
Semilla: 1788106117
Segundos: 94
NIteraciones: 100000

Costo_train: 0.223213
Precision_train: 0.597938
Recall_train: 0.580726
F1_train: 0.589206

Costo_test: 0.223257
Precision_test: 0.595000
Recall_test: 0.592040
F1_test: 0.593516
 

Arquitectura: _2_3_3_1_
Semilla: 1788106117
Segundos: 94
NIteraciones: 100000

Costo_train: 0.204445
Precision_train: 0.618096
Recall_train: 0.658323
F1_train: 0.637576

Costo_test: 0.214344
Precision_test: 0.595652
Recall_test: 0.681592
F1_test: 0.635731
 

Arquitectura: _2_3_3_1_
Semilla: 1788106117
Segundos: 94
NIteraciones: 100000

Costo_train: 0.212733
Precision_train: 0.624848
Recall_train: 0.642053
F1_train: 0.633333

Costo_test: 0.223341
Precision_test: 0.574661
Recall_test: 0.631841
F1_test: 0.601896
 

Arquitectura: _2_3_3_1_
Semilla: 1788106117
Segundos: 94
NIteraciones: 100000

Costo_train: 0.223436
Precision_train: 0.592157
Recall_train: 0.566959
F1_train: 0.579284

Costo_test: 0.223566
Precision_test: 0.595960
Recall_test: 0.587065
F1_test: 0.591479
 

Arquitectura: _2_3_3_1_
Semilla: 1788106117
Segundos: 94
NIteraciones: 100000

Costo_train: 0.224418
Precision_train: 0.587202
Recall_train: 0.585732
F1_train: 0.586466

Costo_test: 0.225041
Precision_test: 0.590244
Recall_test: 0.601990
F1_test: 0.596059
 

Arquitectura: _2_3_3_1_
Semilla: 1788106117
Segundos: 94
NIteraciones: 100000

Costo_train: 0.211576
Precision_train: 0.598608
Recall_train: 0.645807
F1_train: 0.621312

Costo_test: 0.221004
Precision_test: 0.600000
Recall_test: 0.671642
F1_test: 0.633803
 

Arquitectura: _2_3_3_1_
Semilla: 1788106117
Segundos: 94
NIteraciones: 100000

Costo_train: 0.224008
Precision_train: 0.579284
Recall_train: 0.566959
F1_train: 0.573055

Costo_test: 0.223274
Precision_test: 0.608040
Recall_test: 0.601990
F1_test: 0.605000
 

Arquitectura: _2_3_3_1_
Semilla: 1788106117
Segundos: 94
NIteraciones: 100000

Costo_train: 0.223295
Precision_train: 0.599752
Recall_train: 0.605757
F1_train: 0.602740

Costo_test: 0.223815
Precision_test: 0.598039
Recall_test: 0.606965
F1_test: 0.602469
 

Arquitectura: _2_3_3_1_
Semilla: 1788106117
Segundos: 94
NIteraciones: 100000

Costo_train: 0.213975
Precision_train: 0.630542
Recall_train: 0.640801
F1_train: 0.635630

Costo_test: 0.224357
Precision_test: 0.581395
Recall_test: 0.621891
F1_test: 0.600962
 

Arquitectura: _2_3_3_1_
Semilla: 1788106117
Segundos: 94
NIteraciones: 100000

Costo_train: 0.222004
Precision_train: 0.597977
Recall_train: 0.591990
F1_train: 0.594969

Costo_test: 0.222558
Precision_test: 0.600000
Recall_test: 0.597015
F1_test: 0.598504
 

Arquitectura: _2_3_3_1_
Semilla: 1788106117
Segundos: 94
NIteraciones: 100000

Costo_train: 0.214801
Precision_train: 0.620690
Recall_train: 0.630789
F1_train: 0.625698

Costo_test: 0.220993
Precision_test: 0.583710
Recall_test: 0.641791
F1_test: 0.611374
 

Arquitectura: _2_3_3_1_
Semilla: 1788106117
Segundos: 94
NIteraciones: 100000

Costo_train: 0.217741
Precision_train: 0.575377
Recall_train: 0.573216
F1_train: 0.574295

Costo_test: 0.217913
Precision_test: 0.567308
Recall_test: 0.587065
F1_test: 0.577017
 

Arquitectura: _2_3_3_1_
Semilla: 1788106117
Segundos: 94
NIteraciones: 100000

Costo_train: 0.224415
Precision_train: 0.586381
Recall_train: 0.581977
F1_train: 0.584171

Costo_test: 0.225077
Precision_test: 0.598985
Recall_test: 0.587065
F1_test: 0.592965
 

Arquitectura: _2_3_3_1_
Semilla: 1788106117
Segundos: 94
NIteraciones: 100000

Costo_train: 0.211926
Precision_train: 0.579974
Recall_train: 0.558198
F1_train: 0.568878

Costo_test: 0.218881
Precision_test: 0.527363
Recall_test: 0.527363
F1_test: 0.527363
 

Arquitectura: _2_3_3_1_
Semilla: 1788106117
Segundos: 94
NIteraciones: 100000

Costo_train: 0.214446
Precision_train: 0.585276
Recall_train: 0.596996
F1_train: 0.591078

Costo_test: 0.221587
Precision_test: 0.611607
Recall_test: 0.681592
F1_test: 0.644706
 

Arquitectura: _2_3_3_1_
Semilla: 1788106117
Segundos: 94
NIteraciones: 100000

Costo_train: 0.222941
Precision_train: 0.592287
Recall_train: 0.538173
F1_train: 0.563934

Costo_test: 0.223176
Precision_test: 0.594872
Recall_test: 0.577114
F1_test: 0.585859
 

Arquitectura: _2_3_3_1_
Semilla: 1788106117
Segundos: 94
NIteraciones: 100000

Costo_train: 0.210185
Precision_train: 0.597070
Recall_train: 0.612015
F1_train: 0.604450

Costo_test: 0.217130
Precision_test: 0.568182
Recall_test: 0.621891
F1_test: 0.593824
 

Arquitectura: _2_3_3_1_
Semilla: 1788106117
Segundos: 94
NIteraciones: 100000

Costo_train: 0.212707
Precision_train: 0.594921
Recall_train: 0.615770
F1_train: 0.605166

Costo_test: 0.221433
Precision_test: 0.603687
Recall_test: 0.651741
F1_test: 0.626794
 

Arquitectura: _2_3_3_1_
Semilla: 1788106117
Segundos: 94
NIteraciones: 100000

Costo_train: 0.206334
Precision_train: 0.614014
Recall_train: 0.647059
F1_train: 0.630104

Costo_test: 0.215293
Precision_test: 0.586667
Recall_test: 0.656716
F1_test: 0.619718
 

Arquitectura: _2_3_3_1_
Semilla: 1788106117
Segundos: 94
NIteraciones: 100000

Costo_train: 0.206960
Precision_train: 0.610451
Recall_train: 0.643304
F1_train: 0.626447

Costo_test: 0.215674
Precision_test: 0.584821
Recall_test: 0.651741
F1_test: 0.616471
 

Arquitectura: _2_3_3_1_
Semilla: 1788106117
Segundos: 94
NIteraciones: 100000

Costo_train: 0.223708
Precision_train: 0.602273
Recall_train: 0.596996
F1_train: 0.599623

Costo_test: 0.225864
Precision_test: 0.573604
Recall_test: 0.562189
F1_test: 0.567839
 

Arquitectura: _2_3_3_1_
Semilla: 1788106117
Segundos: 94
NIteraciones: 100000

Costo_train: 0.210908
Precision_train: 0.588600
Recall_train: 0.594493
F1_train: 0.591532

Costo_test: 0.217415
Precision_test: 0.550926
Recall_test: 0.592040
F1_test: 0.570743
 

Arquitectura: _2_3_3_1_
Semilla: 1788106117
Segundos: 94
NIteraciones: 100000

Costo_train: 0.224480
Precision_train: 0.586164
Recall_train: 0.583229
F1_train: 0.584693

Costo_test: 0.225086
Precision_test: 0.589109
Recall_test: 0.592040
F1_test: 0.590571
 

Arquitectura: _2_3_3_1_
Semilla: 1788106117
Segundos: 94
NIteraciones: 100000

Costo_train: 0.212498
Precision_train: 0.593865
Recall_train: 0.605757
F1_train: 0.599752

Costo_test: 0.221224
Precision_test: 0.607477
Recall_test: 0.646766
F1_test: 0.626506
 

Arquitectura: _2_3_3_1_
Semilla: 1788106117
Segundos: 94
NIteraciones: 100000

Costo_train: 0.221640
Precision_train: 0.602165
Recall_train: 0.556946
F1_train: 0.578674

Costo_test: 0.222343
Precision_test: 0.614973
Recall_test: 0.572139
F1_test: 0.592784
 

Arquitectura: _2_3_3_1_
Semilla: 1788106117
Segundos: 94
NIteraciones: 100000

Costo_train: 0.209988
Precision_train: 0.590853
Recall_train: 0.598248
F1_train: 0.594527

Costo_test: 0.217845
Precision_test: 0.589520
Recall_test: 0.671642
F1_test: 0.627907
 

Arquitectura: _2_3_3_1_
Semilla: 1788106117
Segundos: 94
NIteraciones: 100000

Costo_train: 0.223125
Precision_train: 0.605943
Recall_train: 0.586984
F1_train: 0.596313

Costo_test: 0.223749
Precision_test: 0.599010
Recall_test: 0.601990
F1_test: 0.600496
 

Arquitectura: _2_3_3_1_
Semilla: 1788106117
Segundos: 94
NIteraciones: 100000

Costo_train: 0.222923
Precision_train: 0.599480
Recall_train: 0.576971
F1_train: 0.588010

Costo_test: 0.223076
Precision_test: 0.587940
Recall_test: 0.582090
F1_test: 0.585000
 

Arquitectura: _2_3_3_1_
Semilla: 1788106117
Segundos: 94
NIteraciones: 100000

Costo_train: 0.211623
Precision_train: 0.589525
Recall_train: 0.605757
F1_train: 0.597531

Costo_test: 0.220371
Precision_test: 0.597222
Recall_test: 0.641791
F1_test: 0.618705
 

Arquitectura: _2_3_3_1_
Semilla: 1788106117
Segundos: 94
NIteraciones: 100000

Costo_train: 0.222670
Precision_train: 0.589646
Recall_train: 0.584481
F1_train: 0.587052

Costo_test: 0.220611
Precision_test: 0.591133
Recall_test: 0.597015
F1_test: 0.594059
 

Arquitectura: _2_3_3_1_
Semilla: 1788106117
Segundos: 94
NIteraciones: 100000

Costo_train: 0.225467
Precision_train: 0.626250
Recall_train: 0.627034
F1_train: 0.626642

Costo_test: 0.227435
Precision_test: 0.618812
Recall_test: 0.621891
F1_test: 0.620347
 

Arquitectura: _2_3_3_1_
Semilla: 1788106117
Segundos: 94
NIteraciones: 100000

Costo_train: 0.213840
Precision_train: 0.634395
Recall_train: 0.623279
F1_train: 0.628788

Costo_test: 0.223466
Precision_test: 0.581395
Recall_test: 0.621891
F1_test: 0.600962
 

Arquitectura: _2_3_3_1_
Semilla: 1788106117
Segundos: 94
NIteraciones: 100000

Costo_train: 0.223819
Precision_train: 0.588387
Recall_train: 0.570713
F1_train: 0.579415

Costo_test: 0.223796
Precision_test: 0.590909
Recall_test: 0.582090
F1_test: 0.586466
 

Arquitectura: _2_3_3_1_
Semilla: 1788106117
Segundos: 94
NIteraciones: 100000

Costo_train: 0.220601
Precision_train: 0.578947
Recall_train: 0.578223
F1_train: 0.578585

Costo_test: 0.220389
Precision_test: 0.584541
Recall_test: 0.601990
F1_test: 0.593137
 

Arquitectura: _2_3_3_1_
Semilla: 1788106117
Segundos: 94
NIteraciones: 100000

Costo_train: 0.203848
Precision_train: 0.624105
Recall_train: 0.654568
F1_train: 0.638974

Costo_test: 0.213307
Precision_test: 0.593750
Recall_test: 0.661692
F1_test: 0.625882
 

Arquitectura: _2_3_3_1_
Semilla: 1788106117
Segundos: 94
NIteraciones: 100000

Costo_train: 0.199432
Precision_train: 0.650544
Recall_train: 0.673342
F1_train: 0.661747

Costo_test: 0.210007
Precision_test: 0.631818
Recall_test: 0.691542
F1_test: 0.660333
 

Arquitectura: _2_3_3_1_
Semilla: 1788106117
Segundos: 94
NIteraciones: 100000

Costo_train: 0.223896
Precision_train: 0.603846
Recall_train: 0.589487
F1_train: 0.596580

Costo_test: 0.224304
Precision_test: 0.610256
Recall_test: 0.592040
F1_test: 0.601010
 

Arquitectura: _2_3_3_1_
Semilla: 1788106117
Segundos: 94
NIteraciones: 100000

Costo_train: 0.206739
Precision_train: 0.611442
Recall_train: 0.642053
F1_train: 0.626374

Costo_test: 0.215452
Precision_test: 0.586667
Recall_test: 0.656716
F1_test: 0.619718
 

Arquitectura: _2_3_3_1_
Semilla: 1788106117
Segundos: 94
NIteraciones: 100000

Costo_train: 0.214592
Precision_train: 0.618634
Recall_train: 0.623279
F1_train: 0.620948

Costo_test: 0.221796
Precision_test: 0.568075
Recall_test: 0.601990
F1_test: 0.584541
 

Arquitectura: _2_3_3_1_
Semilla: 1788106117
Segundos: 94
NIteraciones: 100000

Costo_train: 0.204939
Precision_train: 0.617506
Recall_train: 0.644556
F1_train: 0.630741

Costo_test: 0.213850
Precision_test: 0.593750
Recall_test: 0.661692
F1_test: 0.625882
 

Arquitectura: _2_3_3_1_
Semilla: 1788106117
Segundos: 94
NIteraciones: 100000

Costo_train: 0.223427
Precision_train: 0.604061
Recall_train: 0.595745
F1_train: 0.599874

Costo_test: 0.223921
Precision_test: 0.601010
Recall_test: 0.592040
F1_test: 0.596491
 

Arquitectura: _2_3_3_1_
Semilla: 1788106117
Segundos: 94
NIteraciones: 100000

Costo_train: 0.224115
Precision_train: 0.605793
Recall_train: 0.602003
F1_train: 0.603892

Costo_test: 0.226303
Precision_test: 0.576355
Recall_test: 0.582090
F1_test: 0.579208
 

Arquitectura: _2_3_3_1_
Semilla: 1788106117
Segundos: 94
NIteraciones: 100000

Costo_train: 0.211438
Precision_train: 0.601143
Recall_train: 0.658323
F1_train: 0.628435

Costo_test: 0.220798
Precision_test: 0.589520
Recall_test: 0.671642
F1_test: 0.627907
 

Arquitectura: _2_3_3_1_
Semilla: 1788106117
Segundos: 94
NIteraciones: 100000

Costo_train: 0.223020
Precision_train: 0.602564
Recall_train: 0.588235
F1_train: 0.595313

Costo_test: 0.223463
Precision_test: 0.601010
Recall_test: 0.592040
F1_test: 0.596491
 

Arquitectura: _2_3_3_1_
Semilla: 1788106117
Segundos: 94
NIteraciones: 100000

Costo_train: 0.223407
Precision_train: 0.580231
Recall_train: 0.565707
F1_train: 0.572877

Costo_test: 0.221475
Precision_test: 0.591837
Recall_test: 0.577114
F1_test: 0.584383
 

Arquitectura: _2_3_3_1_
Semilla: 1788106117
Segundos: 94
NIteraciones: 100000

Costo_train: 0.202282
Precision_train: 0.631325
Recall_train: 0.655820
F1_train: 0.643339

Costo_test: 0.212153
Precision_test: 0.600897
Recall_test: 0.666667
F1_test: 0.632075
 

Arquitectura: _2_3_3_1_
Semilla: 1788106117
Segundos: 94
NIteraciones: 100000

Costo_train: 0.221260
Precision_train: 0.596178
Recall_train: 0.585732
F1_train: 0.590909

Costo_test: 0.221689
Precision_test: 0.593137
Recall_test: 0.601990
F1_test: 0.597531
 

Arquitectura: _2_3_3_1_
Semilla: 1788106117
Segundos: 94
NIteraciones: 100000

Costo_train: 0.215401
Precision_train: 0.620347
Recall_train: 0.625782
F1_train: 0.623053

Costo_test: 0.221370
Precision_test: 0.590909
Recall_test: 0.646766
F1_test: 0.617577
 

Arquitectura: _2_3_3_1_
Semilla: 1788106117
Segundos: 94
NIteraciones: 100000

Costo_train: 0.222824
Precision_train: 0.599749
Recall_train: 0.598248
F1_train: 0.598998

Costo_test: 0.223251
Precision_test: 0.594059
Recall_test: 0.597015
F1_test: 0.595533
 

Arquitectura: _2_3_3_1_
Semilla: 1788106117
Segundos: 94
NIteraciones: 100000

Costo_train: 0.222622
Precision_train: 0.584416
Recall_train: 0.563204
F1_train: 0.573614

Costo_test: 0.221155
Precision_test: 0.587065
Recall_test: 0.587065
F1_test: 0.587065
 

Arquitectura: _2_3_3_1_
Semilla: 1788106117
Segundos: 94
NIteraciones: 100000

Costo_train: 0.224429
Precision_train: 0.586599
Recall_train: 0.580726
F1_train: 0.583648

Costo_test: 0.225077
Precision_test: 0.595122
Recall_test: 0.606965
F1_test: 0.600985
 

Arquitectura: _2_3_3_1_
Semilla: 1788106117
Segundos: 94
NIteraciones: 100000

Costo_train: 0.213650
Precision_train: 0.630864
Recall_train: 0.639549
F1_train: 0.635177

Costo_test: 0.224089
Precision_test: 0.583333
Recall_test: 0.626866
F1_test: 0.604317
 

Arquitectura: _2_3_3_1_
Semilla: 1788106117
Segundos: 94
NIteraciones: 100000

Costo_train: 0.202633
Precision_train: 0.627934
Recall_train: 0.669587
F1_train: 0.648092

Costo_test: 0.212907
Precision_test: 0.596491
Recall_test: 0.676617
F1_test: 0.634033
 

Arquitectura: _2_3_3_1_
Semilla: 1788106117
Segundos: 94
NIteraciones: 100000

Costo_train: 0.211468
Precision_train: 0.584464
Recall_train: 0.593242
F1_train: 0.588820

Costo_test: 0.218114
Precision_test: 0.589286
Recall_test: 0.656716
F1_test: 0.621176
 

Arquitectura: _2_3_3_1_
Semilla: 1788106117
Segundos: 94
NIteraciones: 100000

Costo_train: 0.205139
Precision_train: 0.616667
Recall_train: 0.648310
F1_train: 0.632093

Costo_test: 0.214291
Precision_test: 0.591928
Recall_test: 0.656716
F1_test: 0.622642
 

Arquitectura: _2_3_3_1_
Semilla: 1788106117
Segundos: 94
NIteraciones: 100000

Costo_train: 0.223544
Precision_train: 0.594595
Recall_train: 0.578223
F1_train: 0.586294

Costo_test: 0.223586
Precision_test: 0.595960
Recall_test: 0.587065
F1_test: 0.591479
 

Arquitectura: _2_3_3_1_
Semilla: 1788106117
Segundos: 94
NIteraciones: 100000

Costo_train: 0.223803
Precision_train: 0.582814
Recall_train: 0.585732
F1_train: 0.584270

Costo_test: 0.223572
Precision_test: 0.588235
Recall_test: 0.597015
F1_test: 0.592593
 

Arquitectura: _2_3_3_1_
Semilla: 1788106117
Segundos: 94
NIteraciones: 100000

Costo_train: 0.222788
Precision_train: 0.602136
Recall_train: 0.564456
F1_train: 0.582687

Costo_test: 0.223000
Precision_test: 0.587940
Recall_test: 0.582090
F1_test: 0.585000
 

Arquitectura: _2_3_3_1_
Semilla: 1788106117
Segundos: 94
NIteraciones: 100000

Costo_train: 0.211659
Precision_train: 0.592186
Recall_train: 0.607009
F1_train: 0.599506

Costo_test: 0.219246
Precision_test: 0.593074
Recall_test: 0.681592
F1_test: 0.634259
 

Arquitectura: _2_3_3_1_
Semilla: 1788106117
Segundos: 94
NIteraciones: 100000

Costo_train: 0.222231
Precision_train: 0.572491
Recall_train: 0.578223
F1_train: 0.575342

Costo_test: 0.222044
Precision_test: 0.595000
Recall_test: 0.592040
F1_test: 0.593516
 

Arquitectura: _2_3_3_1_
Semilla: 1788106117
Segundos: 94
NIteraciones: 100000

Costo_train: 0.212172
Precision_train: 0.594306
Recall_train: 0.627034
F1_train: 0.610231

Costo_test: 0.220913
Precision_test: 0.594595
Recall_test: 0.656716
F1_test: 0.624113
 

Arquitectura: _2_3_3_1_
Semilla: 1788106117
Segundos: 94
NIteraciones: 100000

Costo_train: 0.222088
Precision_train: 0.592453
Recall_train: 0.589487
F1_train: 0.590966

Costo_test: 0.222467
Precision_test: 0.594059
Recall_test: 0.597015
F1_test: 0.595533
 

Arquitectura: _2_3_3_1_
Semilla: 1788106117
Segundos: 94
NIteraciones: 100000

Costo_train: 0.220905
Precision_train: 0.597452
Recall_train: 0.586984
F1_train: 0.592172

Costo_test: 0.221398
Precision_test: 0.597087
Recall_test: 0.611940
F1_test: 0.604423
 

Arquitectura: _2_3_3_1_
Semilla: 1788106117
Segundos: 94
NIteraciones: 100000

Costo_train: 0.222164
Precision_train: 0.610354
Recall_train: 0.560701
F1_train: 0.584475

Costo_test: 0.222910
Precision_test: 0.621622
Recall_test: 0.572139
F1_test: 0.595855
 

Arquitectura: _2_3_3_1_
Semilla: 1788106117
Segundos: 94
NIteraciones: 100000

Costo_train: 0.225150
Precision_train: 0.620474
Recall_train: 0.622028
F1_train: 0.621250

Costo_test: 0.227142
Precision_test: 0.608911
Recall_test: 0.611940
F1_test: 0.610422
 

Arquitectura: _2_3_3_1_
Semilla: 1788106117
Segundos: 94
NIteraciones: 100000

Costo_train: 0.224989
Precision_train: 0.603960
Recall_train: 0.610763
F1_train: 0.607343

Costo_test: 0.225432
Precision_test: 0.601990
Recall_test: 0.601990
F1_test: 0.601990
 

Arquitectura: _2_3_3_1_
Semilla: 1788106117
Segundos: 94
NIteraciones: 100000

Costo_train: 0.211840
Precision_train: 0.601170
Recall_train: 0.643304
F1_train: 0.621524

Costo_test: 0.220510
Precision_test: 0.596413
Recall_test: 0.661692
F1_test: 0.627358
 

Arquitectura: _2_3_3_1_
Semilla: 1788106117
Segundos: 94
NIteraciones: 100000

Costo_train: 0.207363
Precision_train: 0.610778
Recall_train: 0.638298
F1_train: 0.624235

Costo_test: 0.215844
Precision_test: 0.586667
Recall_test: 0.656716
F1_test: 0.619718
 

Arquitectura: _2_3_3_1_
Semilla: 1788106117
Segundos: 94
NIteraciones: 100000

Costo_train: 0.211628
Precision_train: 0.589617
Recall_train: 0.596996
F1_train: 0.593284

Costo_test: 0.218066
Precision_test: 0.561644
Recall_test: 0.611940
F1_test: 0.585714
 


--- Test Angosta 3.0 ---
Iteración 10000
Costo: 0.214941
Iteración 20000
Costo: 0.209287
Iteración 30000
Costo: 0.205277
Iteración 40000
Costo: 0.202669
Iteración 50000
Costo: 0.203007
Iteración 60000
Costo: 0.200818
Iteración 70000
Costo: 0.192900
Iteración 80000
Costo: 0.178931
Iteración 90000
Costo: 0.168148

Arquitectura: _2_9_1_
Semilla: 1788106211
Segundos: 52
NIteraciones: 100000

Costo_train: 0.159678
Precision_train: 0.772327
Recall_train: 0.768461
F1_train: 0.770389

Costo_test: 0.179341
Precision_test: 0.719048
Recall_test: 0.751244
F1_test: 0.734793
 

Arquitectura: _2_9_1_
Semilla: 1788106211
Segundos: 52
NIteraciones: 100000

Costo_train: 0.174181
Precision_train: 0.727503
Recall_train: 0.718398
F1_train: 0.722922

Costo_test: 0.188616
Precision_test: 0.671362
Recall_test: 0.711443
F1_test: 0.690821
 

Arquitectura: _2_9_1_
Semilla: 1788106211
Segundos: 52
NIteraciones: 100000

Costo_train: 0.144362
Precision_train: 0.779841
Recall_train: 0.735920
F1_train: 0.757244

Costo_test: 0.149619
Precision_test: 0.755102
Recall_test: 0.736318
F1_test: 0.745592
 

Arquitectura: _2_9_1_
Semilla: 1788106211
Segundos: 52
NIteraciones: 100000

Costo_train: 0.170915
Precision_train: 0.762926
Recall_train: 0.757196
F1_train: 0.760050

Costo_test: 0.188500
Precision_test: 0.702326
Recall_test: 0.751244
F1_test: 0.725961
 

Arquitectura: _2_9_1_
Semilla: 1788106211
Segundos: 52
NIteraciones: 100000

Costo_train: 0.169379
Precision_train: 0.749064
Recall_train: 0.750939
F1_train: 0.750000

Costo_test: 0.187307
Precision_test: 0.688372
Recall_test: 0.736318
F1_test: 0.711538
 

Arquitectura: _2_9_1_
Semilla: 1788106211
Segundos: 52
NIteraciones: 100000

Costo_train: 0.178558
Precision_train: 0.716604
Recall_train: 0.718398
F1_train: 0.717500

Costo_test: 0.195051
Precision_test: 0.660287
Recall_test: 0.686567
F1_test: 0.673171
 

Arquitectura: _2_9_1_
Semilla: 1788106211
Segundos: 52
NIteraciones: 100000

Costo_train: 0.177958
Precision_train: 0.710000
Recall_train: 0.710889
F1_train: 0.710444

Costo_test: 0.184909
Precision_test: 0.675926
Recall_test: 0.726368
F1_test: 0.700240
 

Arquitectura: _2_9_1_
Semilla: 1788106211
Segundos: 52
NIteraciones: 100000

Costo_train: 0.160510
Precision_train: 0.715711
Recall_train: 0.718398
F1_train: 0.717052

Costo_test: 0.168714
Precision_test: 0.683721
Recall_test: 0.731343
F1_test: 0.706731
 

Arquitectura: _2_9_1_
Semilla: 1788106211
Segundos: 52
NIteraciones: 100000

Costo_train: 0.162918
Precision_train: 0.758186
Recall_train: 0.753442
F1_train: 0.755807

Costo_test: 0.164763
Precision_test: 0.752381
Recall_test: 0.786070
F1_test: 0.768856
 

Arquitectura: _2_9_1_
Semilla: 1788106211
Segundos: 52
NIteraciones: 100000

Costo_train: 0.167705
Precision_train: 0.770886
Recall_train: 0.762203
F1_train: 0.766520

Costo_test: 0.190218
Precision_test: 0.719807
Recall_test: 0.741294
F1_test: 0.730392
 

Arquitectura: _2_9_1_
Semilla: 1788106211
Segundos: 52
NIteraciones: 100000

Costo_train: 0.175895
Precision_train: 0.721804
Recall_train: 0.720901
F1_train: 0.721353

Costo_test: 0.191189
Precision_test: 0.669811
Recall_test: 0.706468
F1_test: 0.687651
 

Arquitectura: _2_9_1_
Semilla: 1788106211
Segundos: 52
NIteraciones: 100000

Costo_train: 0.171223
Precision_train: 0.674907
Recall_train: 0.683354
F1_train: 0.679104

Costo_test: 0.178745
Precision_test: 0.621005
Recall_test: 0.676617
F1_test: 0.647619
 

Arquitectura: _2_9_1_
Semilla: 1788106211
Segundos: 52
NIteraciones: 100000

Costo_train: 0.163228
Precision_train: 0.751576
Recall_train: 0.745932
F1_train: 0.748744

Costo_test: 0.184312
Precision_test: 0.710900
Recall_test: 0.746269
F1_test: 0.728155
 

Arquitectura: _2_9_1_
Semilla: 1788106211
Segundos: 52
NIteraciones: 100000

Costo_train: 0.166774
Precision_train: 0.770701
Recall_train: 0.757196
F1_train: 0.763889

Costo_test: 0.182040
Precision_test: 0.704225
Recall_test: 0.746269
F1_test: 0.724638
 

Arquitectura: _2_9_1_
Semilla: 1788106211
Segundos: 52
NIteraciones: 100000

Costo_train: 0.158552
Precision_train: 0.743812
Recall_train: 0.752190
F1_train: 0.747978

Costo_test: 0.164271
Precision_test: 0.722222
Recall_test: 0.776119
F1_test: 0.748201
 

Arquitectura: _2_9_1_
Semilla: 1788106211
Segundos: 52
NIteraciones: 100000

Costo_train: 0.171609
Precision_train: 0.757125
Recall_train: 0.764706
F1_train: 0.760897

Costo_test: 0.189712
Precision_test: 0.708333
Recall_test: 0.761194
F1_test: 0.733813
 

Arquitectura: _2_9_1_
Semilla: 1788106211
Segundos: 52
NIteraciones: 100000

Costo_train: 0.159437
Precision_train: 0.777778
Recall_train: 0.779725
F1_train: 0.778750

Costo_test: 0.176316
Precision_test: 0.713004
Recall_test: 0.791045
F1_test: 0.750000
 

Arquitectura: _2_9_1_
Semilla: 1788106211
Segundos: 52
NIteraciones: 100000

Costo_train: 0.181654
Precision_train: 0.721804
Recall_train: 0.720901
F1_train: 0.721353

Costo_test: 0.197665
Precision_test: 0.668246
Recall_test: 0.701493
F1_test: 0.684466
 

Arquitectura: _2_9_1_
Semilla: 1788106211
Segundos: 52
NIteraciones: 100000

Costo_train: 0.167782
Precision_train: 0.753731
Recall_train: 0.758448
F1_train: 0.756082

Costo_test: 0.184950
Precision_test: 0.702326
Recall_test: 0.751244
F1_test: 0.725961
 

Arquitectura: _2_9_1_
Semilla: 1788106211
Segundos: 52
NIteraciones: 100000

Costo_train: 0.182630
Precision_train: 0.720663
Recall_train: 0.707134
F1_train: 0.713835

Costo_test: 0.197129
Precision_test: 0.669811
Recall_test: 0.706468
F1_test: 0.687651
 

Arquitectura: _2_9_1_
Semilla: 1788106211
Segundos: 52
NIteraciones: 100000

Costo_train: 0.162501
Precision_train: 0.759538
Recall_train: 0.822278
F1_train: 0.789663

Costo_test: 0.184447
Precision_test: 0.700000
Recall_test: 0.800995
F1_test: 0.747100
 

Arquitectura: _2_9_1_
Semilla: 1788106211
Segundos: 52
NIteraciones: 100000

Costo_train: 0.156081
Precision_train: 0.723971
Recall_train: 0.748436
F1_train: 0.736000

Costo_test: 0.164395
Precision_test: 0.688372
Recall_test: 0.736318
F1_test: 0.711538
 

Arquitectura: _2_9_1_
Semilla: 1788106211
Segundos: 52
NIteraciones: 100000

Costo_train: 0.146444
Precision_train: 0.771001
Recall_train: 0.838548
F1_train: 0.803357

Costo_test: 0.154084
Precision_test: 0.739910
Recall_test: 0.820895
F1_test: 0.778302
 

Arquitectura: _2_9_1_
Semilla: 1788106211
Segundos: 52
NIteraciones: 100000

Costo_train: 0.157309
Precision_train: 0.778465
Recall_train: 0.787234
F1_train: 0.782825

Costo_test: 0.175121
Precision_test: 0.714286
Recall_test: 0.796020
F1_test: 0.752941
 

Arquitectura: _2_9_1_
Semilla: 1788106211
Segundos: 52
NIteraciones: 100000

Costo_train: 0.175025
Precision_train: 0.703657
Recall_train: 0.698373
F1_train: 0.701005

Costo_test: 0.180081
Precision_test: 0.663507
Recall_test: 0.696517
F1_test: 0.679612
 

Arquitectura: _2_9_1_
Semilla: 1788106211
Segundos: 52
NIteraciones: 100000

Costo_train: 0.142184
Precision_train: 0.780098
Recall_train: 0.794743
F1_train: 0.787353

Costo_test: 0.155696
Precision_test: 0.742857
Recall_test: 0.776119
F1_test: 0.759124
 

Arquitectura: _2_9_1_
Semilla: 1788106211
Segundos: 52
NIteraciones: 100000

Costo_train: 0.158709
Precision_train: 0.755886
Recall_train: 0.763454
F1_train: 0.759651

Costo_test: 0.161899
Precision_test: 0.750000
Recall_test: 0.791045
F1_test: 0.769976
 

Arquitectura: _2_9_1_
Semilla: 1788106211
Segundos: 52
NIteraciones: 100000

Costo_train: 0.159573
Precision_train: 0.795485
Recall_train: 0.749687
F1_train: 0.771907

Costo_test: 0.174704
Precision_test: 0.736318
Recall_test: 0.736318
F1_test: 0.736318
 

Arquitectura: _2_9_1_
Semilla: 1788106211
Segundos: 52
NIteraciones: 100000

Costo_train: 0.153418
Precision_train: 0.808824
Recall_train: 0.826033
F1_train: 0.817338

Costo_test: 0.163670
Precision_test: 0.763889
Recall_test: 0.820895
F1_test: 0.791367
 

Arquitectura: _2_9_1_
Semilla: 1788106211
Segundos: 52
NIteraciones: 100000

Costo_train: 0.170782
Precision_train: 0.778784
Recall_train: 0.753442
F1_train: 0.765903

Costo_test: 0.186655
Precision_test: 0.719807
Recall_test: 0.741294
F1_test: 0.730392
 

Arquitectura: _2_9_1_
Semilla: 1788106211
Segundos: 52
NIteraciones: 100000

Costo_train: 0.208693
Precision_train: 0.592317
Recall_train: 0.598248
F1_train: 0.595268

Costo_test: 0.218420
Precision_test: 0.564815
Recall_test: 0.606965
F1_test: 0.585132
 

Arquitectura: _2_9_1_
Semilla: 1788106211
Segundos: 52
NIteraciones: 100000

Costo_train: 0.157076
Precision_train: 0.747239
Recall_train: 0.762203
F1_train: 0.754647

Costo_test: 0.169511
Precision_test: 0.706977
Recall_test: 0.756219
F1_test: 0.730769
 

Arquitectura: _2_9_1_
Semilla: 1788106211
Segundos: 52
NIteraciones: 100000

Costo_train: 0.180812
Precision_train: 0.729592
Recall_train: 0.715895
F1_train: 0.722678

Costo_test: 0.199964
Precision_test: 0.673171
Recall_test: 0.686567
F1_test: 0.679803
 

Arquitectura: _2_9_1_
Semilla: 1788106211
Segundos: 52
NIteraciones: 100000

Costo_train: 0.169672
Precision_train: 0.704348
Recall_train: 0.709637
F1_train: 0.706983

Costo_test: 0.178145
Precision_test: 0.680952
Recall_test: 0.711443
F1_test: 0.695864
 

Arquitectura: _2_9_1_
Semilla: 1788106211
Segundos: 52
NIteraciones: 100000

Costo_train: 0.170897
Precision_train: 0.743243
Recall_train: 0.757196
F1_train: 0.750155

Costo_test: 0.186562
Precision_test: 0.693780
Recall_test: 0.721393
F1_test: 0.707317
 

Arquitectura: _2_9_1_
Semilla: 1788106211
Segundos: 52
NIteraciones: 100000

Costo_train: 0.181069
Precision_train: 0.715347
Recall_train: 0.723404
F1_train: 0.719353

Costo_test: 0.198028
Precision_test: 0.661905
Recall_test: 0.691542
F1_test: 0.676399
 

Arquitectura: _2_9_1_
Semilla: 1788106211
Segundos: 52
NIteraciones: 100000

Costo_train: 0.177293
Precision_train: 0.721311
Recall_train: 0.715895
F1_train: 0.718593

Costo_test: 0.193506
Precision_test: 0.665072
Recall_test: 0.691542
F1_test: 0.678049
 

Arquitectura: _2_9_1_
Semilla: 1788106211
Segundos: 52
NIteraciones: 100000

Costo_train: 0.182835
Precision_train: 0.734275
Recall_train: 0.715895
F1_train: 0.724968

Costo_test: 0.197279
Precision_test: 0.678049
Recall_test: 0.691542
F1_test: 0.684729
 

Arquitectura: _2_9_1_
Semilla: 1788106211
Segundos: 52
NIteraciones: 100000

Costo_train: 0.166783
Precision_train: 0.742131
Recall_train: 0.767209
F1_train: 0.754461

Costo_test: 0.170439
Precision_test: 0.724771
Recall_test: 0.786070
F1_test: 0.754177
 

Arquitectura: _2_9_1_
Semilla: 1788106211
Segundos: 52
NIteraciones: 100000

Costo_train: 0.153931
Precision_train: 0.745993
Recall_train: 0.757196
F1_train: 0.751553

Costo_test: 0.166344
Precision_test: 0.706422
Recall_test: 0.766169
F1_test: 0.735083
 

Arquitectura: _2_9_1_
Semilla: 1788106211
Segundos: 52
NIteraciones: 100000

Costo_train: 0.162088
Precision_train: 0.744861
Recall_train: 0.770964
F1_train: 0.757688

Costo_test: 0.179389
Precision_test: 0.694323
Recall_test: 0.791045
F1_test: 0.739535
 

Arquitectura: _2_9_1_
Semilla: 1788106211
Segundos: 52
NIteraciones: 100000

Costo_train: 0.138314
Precision_train: 0.789281
Recall_train: 0.811014
F1_train: 0.800000

Costo_test: 0.149830
Precision_test: 0.721973
Recall_test: 0.800995
F1_test: 0.759434
 

Arquitectura: _2_9_1_
Semilla: 1788106211
Segundos: 52
NIteraciones: 100000

Costo_train: 0.177670
Precision_train: 0.721871
Recall_train: 0.714643
F1_train: 0.718239

Costo_test: 0.193432
Precision_test: 0.666667
Recall_test: 0.696517
F1_test: 0.681265
 

Arquitectura: _2_9_1_
Semilla: 1788106211
Segundos: 52
NIteraciones: 100000

Costo_train: 0.175033
Precision_train: 0.696855
Recall_train: 0.693367
F1_train: 0.695107

Costo_test: 0.185617
Precision_test: 0.649289
Recall_test: 0.681592
F1_test: 0.665049
 

Arquitectura: _2_9_1_
Semilla: 1788106211
Segundos: 52
NIteraciones: 100000

Costo_train: 0.159009
Precision_train: 0.729879
Recall_train: 0.828536
F1_train: 0.776084

Costo_test: 0.170702
Precision_test: 0.692946
Recall_test: 0.830846
F1_test: 0.755656
 

Arquitectura: _2_9_1_
Semilla: 1788106211
Segundos: 52
NIteraciones: 100000

Costo_train: 0.143642
Precision_train: 0.772837
Recall_train: 0.804756
F1_train: 0.788473

Costo_test: 0.161881
Precision_test: 0.710900
Recall_test: 0.746269
F1_test: 0.728155
 

Arquitectura: _2_9_1_
Semilla: 1788106211
Segundos: 52
NIteraciones: 100000

Costo_train: 0.158772
Precision_train: 0.742386
Recall_train: 0.732165
F1_train: 0.737240

Costo_test: 0.169876
Precision_test: 0.697248
Recall_test: 0.756219
F1_test: 0.725537
 

Arquitectura: _2_9_1_
Semilla: 1788106211
Segundos: 52
NIteraciones: 100000

Costo_train: 0.172631
Precision_train: 0.732573
Recall_train: 0.723404
F1_train: 0.727960

Costo_test: 0.180269
Precision_test: 0.690821
Recall_test: 0.711443
F1_test: 0.700980
 

Arquitectura: _2_9_1_
Semilla: 1788106211
Segundos: 52
NIteraciones: 100000

Costo_train: 0.152982
Precision_train: 0.738213
Recall_train: 0.744681
F1_train: 0.741433

Costo_test: 0.166850
Precision_test: 0.700000
Recall_test: 0.731343
F1_test: 0.715328
 

Arquitectura: _2_9_1_
Semilla: 1788106211
Segundos: 52
NIteraciones: 100000

Costo_train: 0.175614
Precision_train: 0.704261
Recall_train: 0.703379
F1_train: 0.703820

Costo_test: 0.186659
Precision_test: 0.649289
Recall_test: 0.681592
F1_test: 0.665049
 

Arquitectura: _2_9_1_
Semilla: 1788106211
Segundos: 52
NIteraciones: 100000

Costo_train: 0.174667
Precision_train: 0.718866
Recall_train: 0.729662
F1_train: 0.724224

Costo_test: 0.184905
Precision_test: 0.669811
Recall_test: 0.706468
F1_test: 0.687651
 

Arquitectura: _2_9_1_
Semilla: 1788106211
Segundos: 52
NIteraciones: 100000

Costo_train: 0.176846
Precision_train: 0.694789
Recall_train: 0.700876
F1_train: 0.697819

Costo_test: 0.190583
Precision_test: 0.658768
Recall_test: 0.691542
F1_test: 0.674757
 

Arquitectura: _2_9_1_
Semilla: 1788106211
Segundos: 52
NIteraciones: 100000

Costo_train: 0.168110
Precision_train: 0.733333
Recall_train: 0.729662
F1_train: 0.731493

Costo_test: 0.178946
Precision_test: 0.689815
Recall_test: 0.741294
F1_test: 0.714628
 

Arquitectura: _2_9_1_
Semilla: 1788106211
Segundos: 52
NIteraciones: 100000

Costo_train: 0.167597
Precision_train: 0.754951
Recall_train: 0.763454
F1_train: 0.759179

Costo_test: 0.185588
Precision_test: 0.694064
Recall_test: 0.756219
F1_test: 0.723810
 

Arquitectura: _2_9_1_
Semilla: 1788106211
Segundos: 52
NIteraciones: 100000

Costo_train: 0.173828
Precision_train: 0.729412
Recall_train: 0.775970
F1_train: 0.751971

Costo_test: 0.187866
Precision_test: 0.685841
Recall_test: 0.771144
F1_test: 0.725995
 

Arquitectura: _2_9_1_
Semilla: 1788106211
Segundos: 52
NIteraciones: 100000

Costo_train: 0.147965
Precision_train: 0.762326
Recall_train: 0.754693
F1_train: 0.758491

Costo_test: 0.152957
Precision_test: 0.732057
Recall_test: 0.761194
F1_test: 0.746341
 

Arquitectura: _2_9_1_
Semilla: 1788106211
Segundos: 52
NIteraciones: 100000

Costo_train: 0.169264
Precision_train: 0.761307
Recall_train: 0.758448
F1_train: 0.759875

Costo_test: 0.190350
Precision_test: 0.712264
Recall_test: 0.751244
F1_test: 0.731235
 

Arquitectura: _2_9_1_
Semilla: 1788106211
Segundos: 52
NIteraciones: 100000

Costo_train: 0.169276
Precision_train: 0.750630
Recall_train: 0.745932
F1_train: 0.748274

Costo_test: 0.188510
Precision_test: 0.693396
Recall_test: 0.731343
F1_test: 0.711864
 

Arquitectura: _2_9_1_
Semilla: 1788106211
Segundos: 52
NIteraciones: 100000

Costo_train: 0.166603
Precision_train: 0.766497
Recall_train: 0.755945
F1_train: 0.761185

Costo_test: 0.186023
Precision_test: 0.704762
Recall_test: 0.736318
F1_test: 0.720195
 

Arquitectura: _2_9_1_
Semilla: 1788106211
Segundos: 52
NIteraciones: 100000

Costo_train: 0.175091
Precision_train: 0.750000
Recall_train: 0.758448
F1_train: 0.754200

Costo_test: 0.191134
Precision_test: 0.693023
Recall_test: 0.741294
F1_test: 0.716346
 

Arquitectura: _2_9_1_
Semilla: 1788106211
Segundos: 52
NIteraciones: 100000

Costo_train: 0.167496
Precision_train: 0.767383
Recall_train: 0.759700
F1_train: 0.763522

Costo_test: 0.186704
Precision_test: 0.698113
Recall_test: 0.736318
F1_test: 0.716707
 

Arquitectura: _2_9_1_
Semilla: 1788106211
Segundos: 52
NIteraciones: 100000

Costo_train: 0.169729
Precision_train: 0.744361
Recall_train: 0.743429
F1_train: 0.743895

Costo_test: 0.170855
Precision_test: 0.745283
Recall_test: 0.786070
F1_test: 0.765133
 

Arquitectura: _2_9_1_
Semilla: 1788106211
Segundos: 52
NIteraciones: 100000

Costo_train: 0.168806
Precision_train: 0.745295
Recall_train: 0.743429
F1_train: 0.744361

Costo_test: 0.170420
Precision_test: 0.741627
Recall_test: 0.771144
F1_test: 0.756098
 

Arquitectura: _2_9_1_
Semilla: 1788106211
Segundos: 52
NIteraciones: 100000

Costo_train: 0.152610
Precision_train: 0.746163
Recall_train: 0.790989
F1_train: 0.767922

Costo_test: 0.163613
Precision_test: 0.720721
Recall_test: 0.796020
F1_test: 0.756501
 

Arquitectura: _2_9_1_
Semilla: 1788106211
Segundos: 52
NIteraciones: 100000

Costo_train: 0.190536
Precision_train: 0.693141
Recall_train: 0.720901
F1_train: 0.706748

Costo_test: 0.207181
Precision_test: 0.640000
Recall_test: 0.716418
F1_test: 0.676056
 

Arquitectura: _2_9_1_
Semilla: 1788106211
Segundos: 52
NIteraciones: 100000

Costo_train: 0.177716
Precision_train: 0.708955
Recall_train: 0.713392
F1_train: 0.711167

Costo_test: 0.192336
Precision_test: 0.658879
Recall_test: 0.701493
F1_test: 0.679518
 

Arquitectura: _2_9_1_
Semilla: 1788106211
Segundos: 52
NIteraciones: 100000

Costo_train: 0.157880
Precision_train: 0.775885
Recall_train: 0.740926
F1_train: 0.758003

Costo_test: 0.176915
Precision_test: 0.715736
Recall_test: 0.701493
F1_test: 0.708543
 

Arquitectura: _2_9_1_
Semilla: 1788106211
Segundos: 52
NIteraciones: 100000

Costo_train: 0.167127
Precision_train: 0.764855
Recall_train: 0.757196
F1_train: 0.761006

Costo_test: 0.186396
Precision_test: 0.697674
Recall_test: 0.746269
F1_test: 0.721154
 

Arquitectura: _2_9_1_
Semilla: 1788106211
Segundos: 52
NIteraciones: 100000

Costo_train: 0.172490
Precision_train: 0.759097
Recall_train: 0.757196
F1_train: 0.758145

Costo_test: 0.180355
Precision_test: 0.734597
Recall_test: 0.771144
F1_test: 0.752427
 

Arquitectura: _2_9_1_
Semilla: 1788106211
Segundos: 52
NIteraciones: 100000

Costo_train: 0.160949
Precision_train: 0.733650
Recall_train: 0.772215
F1_train: 0.752439

Costo_test: 0.170366
Precision_test: 0.709251
Recall_test: 0.800995
F1_test: 0.752337
 

Arquitectura: _2_9_1_
Semilla: 1788106211
Segundos: 52
NIteraciones: 100000

Costo_train: 0.170034
Precision_train: 0.740000
Recall_train: 0.740926
F1_train: 0.740463

Costo_test: 0.171526
Precision_test: 0.731481
Recall_test: 0.786070
F1_test: 0.757794
 

Arquitectura: _2_9_1_
Semilla: 1788106211
Segundos: 52
NIteraciones: 100000

Costo_train: 0.186368
Precision_train: 0.726928
Recall_train: 0.719650
F1_train: 0.723270

Costo_test: 0.201356
Precision_test: 0.668269
Recall_test: 0.691542
F1_test: 0.679707
 

Arquitectura: _2_9_1_
Semilla: 1788106211
Segundos: 52
NIteraciones: 100000

Costo_train: 0.178324
Precision_train: 0.719638
Recall_train: 0.697121
F1_train: 0.708201

Costo_test: 0.190839
Precision_test: 0.666667
Recall_test: 0.686567
F1_test: 0.676471
 

Arquitectura: _2_9_1_
Semilla: 1788106211
Segundos: 52
NIteraciones: 100000

Costo_train: 0.184474
Precision_train: 0.725786
Recall_train: 0.722153
F1_train: 0.723965

Costo_test: 0.200120
Precision_test: 0.673077
Recall_test: 0.696517
F1_test: 0.684597
 

Arquitectura: _2_9_1_
Semilla: 1788106211
Segundos: 52
NIteraciones: 100000

Costo_train: 0.171246
Precision_train: 0.766201
Recall_train: 0.754693
F1_train: 0.760404

Costo_test: 0.189486
Precision_test: 0.702830
Recall_test: 0.741294
F1_test: 0.721550
 

Arquitectura: _2_9_1_
Semilla: 1788106211
Segundos: 52
NIteraciones: 100000

Costo_train: 0.162311
Precision_train: 0.754975
Recall_train: 0.759700
F1_train: 0.757330

Costo_test: 0.163540
Precision_test: 0.759434
Recall_test: 0.800995
F1_test: 0.779661
 

Arquitectura: _2_9_1_
Semilla: 1788106211
Segundos: 52
NIteraciones: 100000

Costo_train: 0.172800
Precision_train: 0.773869
Recall_train: 0.770964
F1_train: 0.772414

Costo_test: 0.192541
Precision_test: 0.714286
Recall_test: 0.746269
F1_test: 0.729927
 

Arquitectura: _2_9_1_
Semilla: 1788106211
Segundos: 52
NIteraciones: 100000

Costo_train: 0.170202
Precision_train: 0.771753
Recall_train: 0.765957
F1_train: 0.768844

Costo_test: 0.190963
Precision_test: 0.707547
Recall_test: 0.746269
F1_test: 0.726392
 

Arquitectura: _2_9_1_
Semilla: 1788106211
Segundos: 52
NIteraciones: 100000

Costo_train: 0.159641
Precision_train: 0.717337
Recall_train: 0.714643
F1_train: 0.715987

Costo_test: 0.168957
Precision_test: 0.683721
Recall_test: 0.731343
F1_test: 0.706731
 

Arquitectura: _2_9_1_
Semilla: 1788106211
Segundos: 52
NIteraciones: 100000

Costo_train: 0.196007
Precision_train: 0.676845
Recall_train: 0.665832
F1_train: 0.671293

Costo_test: 0.210511
Precision_test: 0.627273
Recall_test: 0.686567
F1_test: 0.655582
 

Arquitectura: _2_9_1_
Semilla: 1788106211
Segundos: 52
NIteraciones: 100000

Costo_train: 0.153137
Precision_train: 0.739075
Recall_train: 0.719650
F1_train: 0.729233

Costo_test: 0.160946
Precision_test: 0.702439
Recall_test: 0.716418
F1_test: 0.709360
 

Arquitectura: _2_9_1_
Semilla: 1788106211
Segundos: 52
NIteraciones: 100000

Costo_train: 0.174003
Precision_train: 0.735000
Recall_train: 0.735920
F1_train: 0.735460

Costo_test: 0.186571
Precision_test: 0.689498
Recall_test: 0.751244
F1_test: 0.719048
 

Arquitectura: _2_9_1_
Semilla: 1788106211
Segundos: 52
NIteraciones: 100000

Costo_train: 0.164572
Precision_train: 0.755716
Recall_train: 0.785982
F1_train: 0.770552

Costo_test: 0.185584
Precision_test: 0.701835
Recall_test: 0.761194
F1_test: 0.730310
 

Arquitectura: _2_9_1_
Semilla: 1788106211
Segundos: 52
NIteraciones: 100000

Costo_train: 0.163002
Precision_train: 0.747331
Recall_train: 0.788486
F1_train: 0.767357

Costo_test: 0.179533
Precision_test: 0.718894
Recall_test: 0.776119
F1_test: 0.746411
 

Arquitectura: _2_9_1_
Semilla: 1788106211
Segundos: 52
NIteraciones: 100000

Costo_train: 0.180034
Precision_train: 0.728288
Recall_train: 0.734668
F1_train: 0.731464

Costo_test: 0.197473
Precision_test: 0.677419
Recall_test: 0.731343
F1_test: 0.703349
 

Arquitectura: _2_9_1_
Semilla: 1788106211
Segundos: 52
NIteraciones: 100000

Costo_train: 0.162909
Precision_train: 0.761349
Recall_train: 0.734668
F1_train: 0.747771

Costo_test: 0.180853
Precision_test: 0.719807
Recall_test: 0.741294
F1_test: 0.730392
 

Arquitectura: _2_9_1_
Semilla: 1788106211
Segundos: 52
NIteraciones: 100000

Costo_train: 0.179180
Precision_train: 0.700252
Recall_train: 0.695870
F1_train: 0.698054

Costo_test: 0.185702
Precision_test: 0.661972
Recall_test: 0.701493
F1_test: 0.681159
 

Arquitectura: _2_9_1_
Semilla: 1788106211
Segundos: 52
NIteraciones: 100000

Costo_train: 0.173236
Precision_train: 0.736236
Recall_train: 0.719650
F1_train: 0.727848

Costo_test: 0.186936
Precision_test: 0.676190
Recall_test: 0.706468
F1_test: 0.690998
 

Arquitectura: _2_9_1_
Semilla: 1788106211
Segundos: 52
NIteraciones: 100000

Costo_train: 0.166311
Precision_train: 0.793734
Recall_train: 0.760951
F1_train: 0.776997

Costo_test: 0.186869
Precision_test: 0.721951
Recall_test: 0.736318
F1_test: 0.729064
 

Arquitectura: _2_9_1_
Semilla: 1788106211
Segundos: 52
NIteraciones: 100000

Costo_train: 0.162545
Precision_train: 0.751220
Recall_train: 0.770964
F1_train: 0.760964

Costo_test: 0.184056
Precision_test: 0.709677
Recall_test: 0.766169
F1_test: 0.736842
 

Arquitectura: _2_9_1_
Semilla: 1788106211
Segundos: 52
NIteraciones: 100000

Costo_train: 0.172810
Precision_train: 0.723192
Recall_train: 0.725907
F1_train: 0.724547

Costo_test: 0.188497
Precision_test: 0.666667
Recall_test: 0.726368
F1_test: 0.695238
 

Arquitectura: _2_9_1_
Semilla: 1788106211
Segundos: 52
NIteraciones: 100000

Costo_train: 0.179370
Precision_train: 0.747500
Recall_train: 0.748436
F1_train: 0.747967

Costo_test: 0.199827
Precision_test: 0.693023
Recall_test: 0.741294
F1_test: 0.716346
 

Arquitectura: _2_9_1_
Semilla: 1788106211
Segundos: 52
NIteraciones: 100000

Costo_train: 0.176982
Precision_train: 0.721662
Recall_train: 0.717146
F1_train: 0.719397

Costo_test: 0.193544
Precision_test: 0.663507
Recall_test: 0.696517
F1_test: 0.679612
 

Arquitectura: _2_9_1_
Semilla: 1788106211
Segundos: 52
NIteraciones: 100000

Costo_train: 0.171759
Precision_train: 0.784261
Recall_train: 0.723404
F1_train: 0.752604

Costo_test: 0.194534
Precision_test: 0.734043
Recall_test: 0.686567
F1_test: 0.709512
 

Arquitectura: _2_9_1_
Semilla: 1788106211
Segundos: 52
NIteraciones: 100000

Costo_train: 0.153202
Precision_train: 0.749698
Recall_train: 0.775970
F1_train: 0.762608

Costo_test: 0.166193
Precision_test: 0.697674
Recall_test: 0.746269
F1_test: 0.721154
 

Arquitectura: _2_9_1_
Semilla: 1788106211
Segundos: 52
NIteraciones: 100000

Costo_train: 0.217387
Precision_train: 0.594221
Recall_train: 0.591990
F1_train: 0.593103

Costo_test: 0.218687
Precision_test: 0.607656
Recall_test: 0.631841
F1_test: 0.619512
 

Arquitectura: _2_9_1_
Semilla: 1788106211
Segundos: 52
NIteraciones: 100000

Costo_train: 0.166481
Precision_train: 0.750000
Recall_train: 0.784731
F1_train: 0.766972

Costo_test: 0.185358
Precision_test: 0.690265
Recall_test: 0.776119
F1_test: 0.730679
 

Arquitectura: _2_9_1_
Semilla: 1788106211
Segundos: 52
NIteraciones: 100000

Costo_train: 0.147008
Precision_train: 0.779923
Recall_train: 0.758448
F1_train: 0.769036

Costo_test: 0.155733
Precision_test: 0.724638
Recall_test: 0.746269
F1_test: 0.735294
 

Arquitectura: _2_9_1_
Semilla: 1788106211
Segundos: 52
NIteraciones: 100000

Costo_train: 0.187644
Precision_train: 0.713208
Recall_train: 0.709637
F1_train: 0.711418

Costo_test: 0.202303
Precision_test: 0.669811
Recall_test: 0.706468
F1_test: 0.687651
 

Arquitectura: _2_9_1_
Semilla: 1788106211
Segundos: 52
NIteraciones: 100000

Costo_train: 0.161440
Precision_train: 0.756219
Recall_train: 0.760951
F1_train: 0.758578

Costo_test: 0.171672
Precision_test: 0.727700
Recall_test: 0.771144
F1_test: 0.748792
 


--- Test Profunda 3.0 ---
Iteración 10000
Costo: 0.238955
Iteración 20000
Costo: 0.233317
Iteración 30000
Costo: 0.232443
Iteración 40000
Costo: 0.231284
Iteración 50000
Costo: 0.230890
Iteración 60000
Costo: 0.230463
Iteración 70000
Costo: 0.230021
Iteración 80000
Costo: 0.229607
Iteración 90000
Costo: 0.229255

Arquitectura: _2_3_3_3_1_
Semilla: 1788106263
Segundos: 139
NIteraciones: 100000

Costo_train: 0.228977
Precision_train: 0.621690
Recall_train: 0.617021
F1_train: 0.619347

Costo_test: 0.228257
Precision_test: 0.608040
Recall_test: 0.601990
F1_test: 0.605000
 

Arquitectura: _2_3_3_3_1_
Semilla: 1788106263
Segundos: 139
NIteraciones: 100000

Costo_train: 0.228593
Precision_train: 0.613402
Recall_train: 0.595745
F1_train: 0.604444

Costo_test: 0.227865
Precision_test: 0.609137
Recall_test: 0.597015
F1_test: 0.603015
 

Arquitectura: _2_3_3_3_1_
Semilla: 1788106263
Segundos: 139
NIteraciones: 100000

Costo_train: 0.227104
Precision_train: 0.625815
Recall_train: 0.600751
F1_train: 0.613027

Costo_test: 0.228787
Precision_test: 0.615385
Recall_test: 0.597015
F1_test: 0.606061
 

Arquitectura: _2_3_3_3_1_
Semilla: 1788106263
Segundos: 139
NIteraciones: 100000

Costo_train: 0.207705
Precision_train: 0.607702
Recall_train: 0.632040
F1_train: 0.619632

Costo_test: 0.216077
Precision_test: 0.583710
Recall_test: 0.641791
F1_test: 0.611374
 

Arquitectura: _2_3_3_3_1_
Semilla: 1788106263
Segundos: 139
NIteraciones: 100000

Costo_train: 0.229621
Precision_train: 0.623574
Recall_train: 0.615770
F1_train: 0.619647

Costo_test: 0.228952
Precision_test: 0.612745
Recall_test: 0.621891
F1_test: 0.617284
 

Arquitectura: _2_3_3_3_1_
Semilla: 1788106263
Segundos: 139
NIteraciones: 100000

Costo_train: 0.227356
Precision_train: 0.609079
Recall_train: 0.604506
F1_train: 0.606784

Costo_test: 0.227978
Precision_test: 0.616162
Recall_test: 0.606965
F1_test: 0.611529
 

Arquitectura: _2_3_3_3_1_
Semilla: 1788106263
Segundos: 139
NIteraciones: 100000

Costo_train: 0.227536
Precision_train: 0.605330
Recall_train: 0.596996
F1_train: 0.601134

Costo_test: 0.227667
Precision_test: 0.617347
Recall_test: 0.601990
F1_test: 0.609572
 

Arquitectura: _2_3_3_3_1_
Semilla: 1788106263
Segundos: 139
NIteraciones: 100000

Costo_train: 0.225040
Precision_train: 0.602978
Recall_train: 0.608260
F1_train: 0.605608

Costo_test: 0.225378
Precision_test: 0.606965
Recall_test: 0.606965
F1_test: 0.606965
 

Arquitectura: _2_3_3_3_1_
Semilla: 1788106263
Segundos: 139
NIteraciones: 100000

Costo_train: 0.211897
Precision_train: 0.610169
Recall_train: 0.630789
F1_train: 0.620308

Costo_test: 0.220770
Precision_test: 0.553991
Recall_test: 0.587065
F1_test: 0.570048
 

Arquitectura: _2_3_3_3_1_
Semilla: 1788106263
Segundos: 139
NIteraciones: 100000

Costo_train: 0.211280
Precision_train: 0.603045
Recall_train: 0.644556
F1_train: 0.623110

Costo_test: 0.219285
Precision_test: 0.576923
Recall_test: 0.671642
F1_test: 0.620690
 

Arquitectura: _2_3_3_3_1_
Semilla: 1788106263
Segundos: 139
NIteraciones: 100000

Costo_train: 0.222418
Precision_train: 0.598991
Recall_train: 0.594493
F1_train: 0.596734

Costo_test: 0.222952
Precision_test: 0.598039
Recall_test: 0.606965
F1_test: 0.602469
 

Arquitectura: _2_3_3_3_1_
Semilla: 1788106263
Segundos: 139
NIteraciones: 100000

Costo_train: 0.229126
Precision_train: 0.623226
Recall_train: 0.604506
F1_train: 0.613723

Costo_test: 0.228433
Precision_test: 0.615385
Recall_test: 0.597015
F1_test: 0.606061
 

Arquitectura: _2_3_3_3_1_
Semilla: 1788106263
Segundos: 139
NIteraciones: 100000

Costo_train: 0.225086
Precision_train: 0.608142
Recall_train: 0.598248
F1_train: 0.603155

Costo_test: 0.225582
Precision_test: 0.617347
Recall_test: 0.601990
F1_test: 0.609572
 

Arquitectura: _2_3_3_3_1_
Semilla: 1788106263
Segundos: 139
NIteraciones: 100000

Costo_train: 0.213349
Precision_train: 0.597105
Recall_train: 0.619524
F1_train: 0.608108

Costo_test: 0.219609
Precision_test: 0.561086
Recall_test: 0.616915
F1_test: 0.587678
 

Arquitectura: _2_3_3_3_1_
Semilla: 1788106263
Segundos: 139
NIteraciones: 100000

Costo_train: 0.212028
Precision_train: 0.637609
Recall_train: 0.640801
F1_train: 0.639201

Costo_test: 0.223286
Precision_test: 0.621495
Recall_test: 0.661692
F1_test: 0.640964
 

Arquitectura: _2_3_3_3_1_
Semilla: 1788106263
Segundos: 139
NIteraciones: 100000

Costo_train: 0.229653
Precision_train: 0.623574
Recall_train: 0.615770
F1_train: 0.619647

Costo_test: 0.228942
Precision_test: 0.612745
Recall_test: 0.621891
F1_test: 0.617284
 

Arquitectura: _2_3_3_3_1_
Semilla: 1788106263
Segundos: 139
NIteraciones: 100000

Costo_train: 0.228651
Precision_train: 0.615776
Recall_train: 0.605757
F1_train: 0.610725

Costo_test: 0.227877
Precision_test: 0.609137
Recall_test: 0.597015
F1_test: 0.603015
 

Arquitectura: _2_3_3_3_1_
Semilla: 1788106263
Segundos: 139
NIteraciones: 100000

Costo_train: 0.222898
Precision_train: 0.596996
Recall_train: 0.596996
F1_train: 0.596996

Costo_test: 0.223232
Precision_test: 0.595122
Recall_test: 0.606965
F1_test: 0.600985
 

Arquitectura: _2_3_3_3_1_
Semilla: 1788106263
Segundos: 139
NIteraciones: 100000

Costo_train: 0.210537
Precision_train: 0.596598
Recall_train: 0.614518
F1_train: 0.605425

Costo_test: 0.217700
Precision_test: 0.565022
Recall_test: 0.626866
F1_test: 0.594340
 

Arquitectura: _2_3_3_3_1_
Semilla: 1788106263
Segundos: 139
NIteraciones: 100000

Costo_train: 0.211593
Precision_train: 0.595181
Recall_train: 0.618273
F1_train: 0.606507

Costo_test: 0.218571
Precision_test: 0.574561
Recall_test: 0.651741
F1_test: 0.610723
 

Arquitectura: _2_3_3_3_1_
Semilla: 1788106263
Segundos: 139
NIteraciones: 100000

Costo_train: 0.225441
Precision_train: 0.607465
Recall_train: 0.590738
F1_train: 0.598985

Costo_test: 0.225903
Precision_test: 0.615385
Recall_test: 0.597015
F1_test: 0.606061
 

Arquitectura: _2_3_3_3_1_
Semilla: 1788106263
Segundos: 139
NIteraciones: 100000

Costo_train: 0.228480
Precision_train: 0.610687
Recall_train: 0.600751
F1_train: 0.605678

Costo_test: 0.227913
Precision_test: 0.608040
Recall_test: 0.601990
F1_test: 0.605000
 

Arquitectura: _2_3_3_3_1_
Semilla: 1788106263
Segundos: 139
NIteraciones: 100000

Costo_train: 0.225793
Precision_train: 0.609632
Recall_train: 0.602003
F1_train: 0.605793

Costo_test: 0.226896
Precision_test: 0.613065
Recall_test: 0.606965
F1_test: 0.610000
 

Arquitectura: _2_3_3_3_1_
Semilla: 1788106263
Segundos: 139
NIteraciones: 100000

Costo_train: 0.228582
Precision_train: 0.619664
Recall_train: 0.599499
F1_train: 0.609415

Costo_test: 0.227976
Precision_test: 0.611111
Recall_test: 0.601990
F1_test: 0.606516
 

Arquitectura: _2_3_3_3_1_
Semilla: 1788106263
Segundos: 139
NIteraciones: 100000

Costo_train: 0.229372
Precision_train: 0.616049
Recall_train: 0.624531
F1_train: 0.620261

Costo_test: 0.228662
Precision_test: 0.616505
Recall_test: 0.631841
F1_test: 0.624079
 

Arquitectura: _2_3_3_3_1_
Semilla: 1788106263
Segundos: 139
NIteraciones: 100000

Costo_train: 0.210115
Precision_train: 0.637890
Recall_train: 0.665832
F1_train: 0.651562

Costo_test: 0.219742
Precision_test: 0.608108
Recall_test: 0.671642
F1_test: 0.638298
 

Arquitectura: _2_3_3_3_1_
Semilla: 1788106263
Segundos: 139
NIteraciones: 100000

Costo_train: 0.212389
Precision_train: 0.641089
Recall_train: 0.648310
F1_train: 0.644680

Costo_test: 0.222692
Precision_test: 0.623256
Recall_test: 0.666667
F1_test: 0.644231
 

Arquitectura: _2_3_3_3_1_
Semilla: 1788106263
Segundos: 139
NIteraciones: 100000

Costo_train: 0.212297
Precision_train: 0.640147
Recall_train: 0.654568
F1_train: 0.647277

Costo_test: 0.222866
Precision_test: 0.617512
Recall_test: 0.666667
F1_test: 0.641148
 

Arquitectura: _2_3_3_3_1_
Semilla: 1788106263
Segundos: 139
NIteraciones: 100000

Costo_train: 0.225952
Precision_train: 0.608365
Recall_train: 0.600751
F1_train: 0.604534

Costo_test: 0.226859
Precision_test: 0.613065
Recall_test: 0.606965
F1_test: 0.610000
 

Arquitectura: _2_3_3_3_1_
Semilla: 1788106263
Segundos: 139
NIteraciones: 100000

Costo_train: 0.213818
Precision_train: 0.607795
Recall_train: 0.624531
F1_train: 0.616049

Costo_test: 0.220215
Precision_test: 0.583710
Recall_test: 0.641791
F1_test: 0.611374
 

Arquitectura: _2_3_3_3_1_
Semilla: 1788106263
Segundos: 139
NIteraciones: 100000

Costo_train: 0.210073
Precision_train: 0.639163
Recall_train: 0.649562
F1_train: 0.644320

Costo_test: 0.220204
Precision_test: 0.611111
Recall_test: 0.656716
F1_test: 0.633094
 

Arquitectura: _2_3_3_3_1_
Semilla: 1788106263
Segundos: 139
NIteraciones: 100000

Costo_train: 0.229585
Precision_train: 0.621384
Recall_train: 0.618273
F1_train: 0.619824

Costo_test: 0.228926
Precision_test: 0.616505
Recall_test: 0.631841
F1_test: 0.624079
 

Arquitectura: _2_3_3_3_1_
Semilla: 1788106263
Segundos: 139
NIteraciones: 100000

Costo_train: 0.216181
Precision_train: 0.619332
Recall_train: 0.649562
F1_train: 0.634087

Costo_test: 0.222736
Precision_test: 0.578261
Recall_test: 0.661692
F1_test: 0.617169
 

Arquitectura: _2_3_3_3_1_
Semilla: 1788106263
Segundos: 139
NIteraciones: 100000

Costo_train: 0.222575
Precision_train: 0.591990
Recall_train: 0.591990
F1_train: 0.591990

Costo_test: 0.224409
Precision_test: 0.607143
Recall_test: 0.592040
F1_test: 0.599496
 

Arquitectura: _2_3_3_3_1_
Semilla: 1788106263
Segundos: 139
NIteraciones: 100000

Costo_train: 0.221524
Precision_train: 0.616368
Recall_train: 0.603254
F1_train: 0.609741

Costo_test: 0.223059
Precision_test: 0.619289
Recall_test: 0.606965
F1_test: 0.613065
 

Arquitectura: _2_3_3_3_1_
Semilla: 1788106263
Segundos: 139
NIteraciones: 100000

Costo_train: 0.226977
Precision_train: 0.618986
Recall_train: 0.595745
F1_train: 0.607143

Costo_test: 0.227709
Precision_test: 0.614213
Recall_test: 0.601990
F1_test: 0.608040
 

Arquitectura: _2_3_3_3_1_
Semilla: 1788106263
Segundos: 139
NIteraciones: 100000

Costo_train: 0.221381
Precision_train: 0.595691
Recall_train: 0.588235
F1_train: 0.591940

Costo_test: 0.221804
Precision_test: 0.595122
Recall_test: 0.606965
F1_test: 0.600985
 

Arquitectura: _2_3_3_3_1_
Semilla: 1788106263
Segundos: 139
NIteraciones: 100000

Costo_train: 0.220903
Precision_train: 0.616060
Recall_train: 0.614518
F1_train: 0.615288

Costo_test: 0.222636
Precision_test: 0.618812
Recall_test: 0.621891
F1_test: 0.620347
 

Arquitectura: _2_3_3_3_1_
Semilla: 1788106263
Segundos: 139
NIteraciones: 100000

Costo_train: 0.222375
Precision_train: 0.585806
Recall_train: 0.568210
F1_train: 0.576874

Costo_test: 0.222051
Precision_test: 0.585000
Recall_test: 0.582090
F1_test: 0.583541
 

Arquitectura: _2_3_3_3_1_
Semilla: 1788106263
Segundos: 139
NIteraciones: 100000

Costo_train: 0.229769
Precision_train: 0.614251
Recall_train: 0.625782
F1_train: 0.619963

Costo_test: 0.229125
Precision_test: 0.613527
Recall_test: 0.631841
F1_test: 0.622549
 

Arquitectura: _2_3_3_3_1_
Semilla: 1788106263
Segundos: 139
NIteraciones: 100000

Costo_train: 0.220625
Precision_train: 0.581749
Recall_train: 0.574468
F1_train: 0.578086

Costo_test: 0.220464
Precision_test: 0.583333
Recall_test: 0.592040
F1_test: 0.587654
 

Arquitectura: _2_3_3_3_1_
Semilla: 1788106263
Segundos: 139
NIteraciones: 100000

Costo_train: 0.229819
Precision_train: 0.630810
Recall_train: 0.594493
F1_train: 0.612113

Costo_test: 0.229142
Precision_test: 0.616580
Recall_test: 0.592040
F1_test: 0.604061
 

Arquitectura: _2_3_3_3_1_
Semilla: 1788106263
Segundos: 139
NIteraciones: 100000

Costo_train: 0.224937
Precision_train: 0.613607
Recall_train: 0.598248
F1_train: 0.605830

Costo_test: 0.225623
Precision_test: 0.611111
Recall_test: 0.601990
F1_test: 0.606516
 

Arquitectura: _2_3_3_3_1_
Semilla: 1788106263
Segundos: 139
NIteraciones: 100000

Costo_train: 0.208895
Precision_train: 0.603155
Recall_train: 0.622028
F1_train: 0.612446

Costo_test: 0.216737
Precision_test: 0.573991
Recall_test: 0.636816
F1_test: 0.603774
 

Arquitectura: _2_3_3_3_1_
Semilla: 1788106263
Segundos: 139
NIteraciones: 100000

Costo_train: 0.221386
Precision_train: 0.654523
Recall_train: 0.652065
F1_train: 0.653292

Costo_test: 0.222792
Precision_test: 0.641148
Recall_test: 0.666667
F1_test: 0.653659
 

Arquitectura: _2_3_3_3_1_
Semilla: 1788106263
Segundos: 139
NIteraciones: 100000

Costo_train: 0.228949
Precision_train: 0.622739
Recall_train: 0.603254
F1_train: 0.612842

Costo_test: 0.228217
Precision_test: 0.612245
Recall_test: 0.597015
F1_test: 0.604534
 

Arquitectura: _2_3_3_3_1_
Semilla: 1788106263
Segundos: 139
NIteraciones: 100000

Costo_train: 0.227838
Precision_train: 0.617801
Recall_train: 0.590738
F1_train: 0.603967

Costo_test: 0.228371
Precision_test: 0.614213
Recall_test: 0.601990
F1_test: 0.608040
 

Arquitectura: _2_3_3_3_1_
Semilla: 1788106263
Segundos: 139
NIteraciones: 100000

Costo_train: 0.227213
Precision_train: 0.614796
Recall_train: 0.603254
F1_train: 0.608970

Costo_test: 0.227822
Precision_test: 0.616162
Recall_test: 0.606965
F1_test: 0.611529
 

Arquitectura: _2_3_3_3_1_
Semilla: 1788106263
Segundos: 139
NIteraciones: 100000

Costo_train: 0.212012
Precision_train: 0.584975
Recall_train: 0.594493
F1_train: 0.589696

Costo_test: 0.219071
Precision_test: 0.586667
Recall_test: 0.656716
F1_test: 0.619718
 

Arquitectura: _2_3_3_3_1_
Semilla: 1788106263
Segundos: 139
NIteraciones: 100000

Costo_train: 0.211099
Precision_train: 0.609524
Recall_train: 0.640801
F1_train: 0.624771

Costo_test: 0.220686
Precision_test: 0.558140
Recall_test: 0.597015
F1_test: 0.576923
 

Arquitectura: _2_3_3_3_1_
Semilla: 1788106263
Segundos: 139
NIteraciones: 100000

Costo_train: 0.223841
Precision_train: 0.601533
Recall_train: 0.589487
F1_train: 0.595449

Costo_test: 0.224102
Precision_test: 0.601010
Recall_test: 0.592040
F1_test: 0.596491
 

Arquitectura: _2_3_3_3_1_
Semilla: 1788106263
Segundos: 139
NIteraciones: 100000

Costo_train: 0.223707
Precision_train: 0.607769
Recall_train: 0.607009
F1_train: 0.607389

Costo_test: 0.224953
Precision_test: 0.624366
Recall_test: 0.611940
F1_test: 0.618091
 

Arquitectura: _2_3_3_3_1_
Semilla: 1788106263
Segundos: 139
NIteraciones: 100000

Costo_train: 0.211440
Precision_train: 0.587879
Recall_train: 0.607009
F1_train: 0.597291

Costo_test: 0.219241
Precision_test: 0.594828
Recall_test: 0.686567
F1_test: 0.637413
 

Arquitectura: _2_3_3_3_1_
Semilla: 1788106263
Segundos: 139
NIteraciones: 100000

Costo_train: 0.221106
Precision_train: 0.591811
Recall_train: 0.596996
F1_train: 0.594392

Costo_test: 0.222155
Precision_test: 0.596059
Recall_test: 0.601990
F1_test: 0.599010
 

Arquitectura: _2_3_3_3_1_
Semilla: 1788106263
Segundos: 139
NIteraciones: 100000

Costo_train: 0.229124
Precision_train: 0.614815
Recall_train: 0.623279
F1_train: 0.619018

Costo_test: 0.228341
Precision_test: 0.609756
Recall_test: 0.621891
F1_test: 0.615764
 

Arquitectura: _2_3_3_3_1_
Semilla: 1788106263
Segundos: 139
NIteraciones: 100000

Costo_train: 0.228984
Precision_train: 0.623226
Recall_train: 0.604506
F1_train: 0.613723

Costo_test: 0.228287
Precision_test: 0.612245
Recall_test: 0.597015
F1_test: 0.604534
 

Arquitectura: _2_3_3_3_1_
Semilla: 1788106263
Segundos: 139
NIteraciones: 100000

Costo_train: 0.226206
Precision_train: 0.612944
Recall_train: 0.604506
F1_train: 0.608696

Costo_test: 0.227874
Precision_test: 0.610000
Recall_test: 0.606965
F1_test: 0.608479
 

Arquitectura: _2_3_3_3_1_
Semilla: 1788106263
Segundos: 139
NIteraciones: 100000

Costo_train: 0.209644
Precision_train: 0.594859
Recall_train: 0.608260
F1_train: 0.601485

Costo_test: 0.218279
Precision_test: 0.596491
Recall_test: 0.676617
F1_test: 0.634033
 

Arquitectura: _2_3_3_3_1_
Semilla: 1788106263
Segundos: 139
NIteraciones: 100000

Costo_train: 0.222470
Precision_train: 0.658537
Recall_train: 0.642053
F1_train: 0.650190

Costo_test: 0.225423
Precision_test: 0.644231
Recall_test: 0.666667
F1_test: 0.655257
 

Arquitectura: _2_3_3_3_1_
Semilla: 1788106263
Segundos: 139
NIteraciones: 100000

Costo_train: 0.229060
Precision_train: 0.622618
Recall_train: 0.613267
F1_train: 0.617907

Costo_test: 0.228839
Precision_test: 0.611940
Recall_test: 0.611940
F1_test: 0.611940
 

Arquitectura: _2_3_3_3_1_
Semilla: 1788106263
Segundos: 139
NIteraciones: 100000

Costo_train: 0.228653
Precision_train: 0.614428
Recall_train: 0.618273
F1_train: 0.616344

Costo_test: 0.228033
Precision_test: 0.610000
Recall_test: 0.606965
F1_test: 0.608479
 

Arquitectura: _2_3_3_3_1_
Semilla: 1788106263
Segundos: 139
NIteraciones: 100000

Costo_train: 0.210515
Precision_train: 0.618329
Recall_train: 0.667084
F1_train: 0.641782

Costo_test: 0.219850
Precision_test: 0.561644
Recall_test: 0.611940
F1_test: 0.585714
 

Arquitectura: _2_3_3_3_1_
Semilla: 1788106263
Segundos: 139
NIteraciones: 100000

Costo_train: 0.209968
Precision_train: 0.590123
Recall_train: 0.598248
F1_train: 0.594158

Costo_test: 0.218008
Precision_test: 0.603524
Recall_test: 0.681592
F1_test: 0.640187
 

Arquitectura: _2_3_3_3_1_
Semilla: 1788106263
Segundos: 139
NIteraciones: 100000

Costo_train: 0.223257
Precision_train: 0.605634
Recall_train: 0.591990
F1_train: 0.598734

Costo_test: 0.223736
Precision_test: 0.625000
Recall_test: 0.597015
F1_test: 0.610687
 

Arquitectura: _2_3_3_3_1_
Semilla: 1788106263
Segundos: 139
NIteraciones: 100000

Costo_train: 0.211579
Precision_train: 0.610778
Recall_train: 0.638298
F1_train: 0.624235

Costo_test: 0.220489
Precision_test: 0.555556
Recall_test: 0.597015
F1_test: 0.575540
 

Arquitectura: _2_3_3_3_1_
Semilla: 1788106263
Segundos: 139
NIteraciones: 100000

Costo_train: 0.228740
Precision_train: 0.619413
Recall_train: 0.607009
F1_train: 0.613148

Costo_test: 0.227975
Precision_test: 0.612245
Recall_test: 0.597015
F1_test: 0.604534
 

Arquitectura: _2_3_3_3_1_
Semilla: 1788106263
Segundos: 139
NIteraciones: 100000

Costo_train: 0.226933
Precision_train: 0.606436
Recall_train: 0.613267
F1_train: 0.609832

Costo_test: 0.227151
Precision_test: 0.613861
Recall_test: 0.616915
F1_test: 0.615385
 

Arquitectura: _2_3_3_3_1_
Semilla: 1788106263
Segundos: 139
NIteraciones: 100000

Costo_train: 0.226571
Precision_train: 0.615776
Recall_train: 0.605757
F1_train: 0.610725

Costo_test: 0.228079
Precision_test: 0.608040
Recall_test: 0.601990
F1_test: 0.605000
 

Arquitectura: _2_3_3_3_1_
Semilla: 1788106263
Segundos: 139
NIteraciones: 100000

Costo_train: 0.227402
Precision_train: 0.625162
Recall_train: 0.603254
F1_train: 0.614013

Costo_test: 0.228844
Precision_test: 0.617347
Recall_test: 0.601990
F1_test: 0.609572
 

Arquitectura: _2_3_3_3_1_
Semilla: 1788106263
Segundos: 139
NIteraciones: 100000

Costo_train: 0.220648
Precision_train: 0.593909
Recall_train: 0.585732
F1_train: 0.589792

Costo_test: 0.221111
Precision_test: 0.593137
Recall_test: 0.601990
F1_test: 0.597531
 

Arquitectura: _2_3_3_3_1_
Semilla: 1788106263
Segundos: 139
NIteraciones: 100000

Costo_train: 0.222494
Precision_train: 0.601523
Recall_train: 0.593242
F1_train: 0.597354

Costo_test: 0.223002
Precision_test: 0.600985
Recall_test: 0.606965
F1_test: 0.603960
 

Arquitectura: _2_3_3_3_1_
Semilla: 1788106263
Segundos: 139
NIteraciones: 100000

Costo_train: 0.225594
Precision_train: 0.609632
Recall_train: 0.602003
F1_train: 0.605793

Costo_test: 0.226848
Precision_test: 0.610000
Recall_test: 0.606965
F1_test: 0.608479
 

Arquitectura: _2_3_3_3_1_
Semilla: 1788106263
Segundos: 139
NIteraciones: 100000

Costo_train: 0.226351
Precision_train: 0.611321
Recall_train: 0.608260
F1_train: 0.609787

Costo_test: 0.226715
Precision_test: 0.610000
Recall_test: 0.606965
F1_test: 0.608479
 

Arquitectura: _2_3_3_3_1_
Semilla: 1788106263
Segundos: 139
NIteraciones: 100000

Costo_train: 0.223655
Precision_train: 0.604061
Recall_train: 0.595745
F1_train: 0.599874

Costo_test: 0.224006
Precision_test: 0.601010
Recall_test: 0.592040
F1_test: 0.596491
 

Arquitectura: _2_3_3_3_1_
Semilla: 1788106263
Segundos: 139
NIteraciones: 100000

Costo_train: 0.227201
Precision_train: 0.614597
Recall_train: 0.600751
F1_train: 0.607595

Costo_test: 0.227529
Precision_test: 0.614213
Recall_test: 0.601990
F1_test: 0.608040
 

Arquitectura: _2_3_3_3_1_
Semilla: 1788106263
Segundos: 139
NIteraciones: 100000

Costo_train: 0.221506
Precision_train: 0.598191
Recall_train: 0.579474
F1_train: 0.588684

Costo_test: 0.222116
Precision_test: 0.592965
Recall_test: 0.587065
F1_test: 0.590000
 

Arquitectura: _2_3_3_3_1_
Semilla: 1788106263
Segundos: 139
NIteraciones: 100000

Costo_train: 0.222979
Precision_train: 0.601010
Recall_train: 0.595745
F1_train: 0.598366

Costo_test: 0.223323
Precision_test: 0.596059
Recall_test: 0.601990
F1_test: 0.599010
 

Arquitectura: _2_3_3_3_1_
Semilla: 1788106263
Segundos: 139
NIteraciones: 100000

Costo_train: 0.224987
Precision_train: 0.603254
Recall_train: 0.603254
F1_train: 0.603254

Costo_test: 0.225337
Precision_test: 0.609137
Recall_test: 0.597015
F1_test: 0.603015
 

Arquitectura: _2_3_3_3_1_
Semilla: 1788106263
Segundos: 139
NIteraciones: 100000

Costo_train: 0.223583
Precision_train: 0.599246
Recall_train: 0.596996
F1_train: 0.598119

Costo_test: 0.224059
Precision_test: 0.602041
Recall_test: 0.587065
F1_test: 0.594458
 

Arquitectura: _2_3_3_3_1_
Semilla: 1788106263
Segundos: 139
NIteraciones: 100000

Costo_train: 0.216222
Precision_train: 0.618357
Recall_train: 0.640801
F1_train: 0.629379

Costo_test: 0.222028
Precision_test: 0.591304
Recall_test: 0.676617
F1_test: 0.631091
 

Arquitectura: _2_3_3_3_1_
Semilla: 1788106263
Segundos: 139
NIteraciones: 100000

Costo_train: 0.223121
Precision_train: 0.599256
Recall_train: 0.604506
F1_train: 0.601869

Costo_test: 0.223505
Precision_test: 0.594059
Recall_test: 0.597015
F1_test: 0.595533
 

Arquitectura: _2_3_3_3_1_
Semilla: 1788106263
Segundos: 139
NIteraciones: 100000

Costo_train: 0.214799
Precision_train: 0.620813
Recall_train: 0.649562
F1_train: 0.634862

Costo_test: 0.222019
Precision_test: 0.579399
Recall_test: 0.671642
F1_test: 0.622120
 

Arquitectura: _2_3_3_3_1_
Semilla: 1788106263
Segundos: 139
NIteraciones: 100000

Costo_train: 0.213700
Precision_train: 0.604291
Recall_train: 0.634543
F1_train: 0.619048

Costo_test: 0.220537
Precision_test: 0.582222
Recall_test: 0.651741
F1_test: 0.615023
 

Arquitectura: _2_3_3_3_1_
Semilla: 1788106263
Segundos: 139
NIteraciones: 100000

Costo_train: 0.220680
Precision_train: 0.594458
Recall_train: 0.590738
F1_train: 0.592593

Costo_test: 0.221099
Precision_test: 0.592233
Recall_test: 0.606965
F1_test: 0.599509
 

Arquitectura: _2_3_3_3_1_
Semilla: 1788106263
Segundos: 139
NIteraciones: 100000

Costo_train: 0.212968
Precision_train: 0.598311
Recall_train: 0.620776
F1_train: 0.609337

Costo_test: 0.219333
Precision_test: 0.563063
Recall_test: 0.621891
F1_test: 0.591017
 

Arquitectura: _2_3_3_3_1_
Semilla: 1788106263
Segundos: 139
NIteraciones: 100000

Costo_train: 0.227967
Precision_train: 0.618370
Recall_train: 0.598248
F1_train: 0.608142

Costo_test: 0.228586
Precision_test: 0.612245
Recall_test: 0.597015
F1_test: 0.604534
 

Arquitectura: _2_3_3_3_1_
Semilla: 1788106263
Segundos: 139
NIteraciones: 100000

Costo_train: 0.228999
Precision_train: 0.620558
Recall_train: 0.612015
F1_train: 0.616257

Costo_test: 0.228244
Precision_test: 0.611111
Recall_test: 0.601990
F1_test: 0.606516
 

Arquitectura: _2_3_3_3_1_
Semilla: 1788106263
Segundos: 139
NIteraciones: 100000

Costo_train: 0.225357
Precision_train: 0.613577
Recall_train: 0.588235
F1_train: 0.600639

Costo_test: 0.226037
Precision_test: 0.617347
Recall_test: 0.601990
F1_test: 0.609572
 

Arquitectura: _2_3_3_3_1_
Semilla: 1788106263
Segundos: 139
NIteraciones: 100000

Costo_train: 0.229041
Precision_train: 0.623711
Recall_train: 0.605757
F1_train: 0.614603

Costo_test: 0.228325
Precision_test: 0.612245
Recall_test: 0.597015
F1_test: 0.604534
 

Arquitectura: _2_3_3_3_1_
Semilla: 1788106263
Segundos: 139
NIteraciones: 100000

Costo_train: 0.224693
Precision_train: 0.602810
Recall_train: 0.590738
F1_train: 0.596713

Costo_test: 0.225211
Precision_test: 0.612245
Recall_test: 0.597015
F1_test: 0.604534
 

Arquitectura: _2_3_3_3_1_
Semilla: 1788106263
Segundos: 139
NIteraciones: 100000

Costo_train: 0.215953
Precision_train: 0.620269
Recall_train: 0.635795
F1_train: 0.627936

Costo_test: 0.222110
Precision_test: 0.579646
Recall_test: 0.651741
F1_test: 0.613583
 

Arquitectura: _2_3_3_3_1_
Semilla: 1788106263
Segundos: 139
NIteraciones: 100000

Costo_train: 0.208611
Precision_train: 0.622619
Recall_train: 0.654568
F1_train: 0.638194

Costo_test: 0.218277
Precision_test: 0.593458
Recall_test: 0.631841
F1_test: 0.612048
 

Arquitectura: _2_3_3_3_1_
Semilla: 1788106263
Segundos: 139
NIteraciones: 100000

Costo_train: 0.210621
Precision_train: 0.596890
Recall_train: 0.624531
F1_train: 0.610398

Costo_test: 0.218082
Precision_test: 0.572687
Recall_test: 0.646766
F1_test: 0.607477
 

Arquitectura: _2_3_3_3_1_
Semilla: 1788106263
Segundos: 139
NIteraciones: 100000

Costo_train: 0.220920
Precision_train: 0.590452
Recall_train: 0.588235
F1_train: 0.589342

Costo_test: 0.221247
Precision_test: 0.592233
Recall_test: 0.606965
F1_test: 0.599509
 

Arquitectura: _2_3_3_3_1_
Semilla: 1788106263
Segundos: 140
NIteraciones: 100000

Costo_train: 0.221111
Precision_train: 0.594185
Recall_train: 0.588235
F1_train: 0.591195

Costo_test: 0.221493
Precision_test: 0.594203
Recall_test: 0.611940
F1_test: 0.602941
 

Arquitectura: _2_3_3_3_1_
Semilla: 1788106263
Segundos: 140
NIteraciones: 100000

Costo_train: 0.226590
Precision_train: 0.611321
Recall_train: 0.608260
F1_train: 0.609787

Costo_test: 0.227301
Precision_test: 0.611940
Recall_test: 0.611940
F1_test: 0.611940
 

Arquitectura: _2_3_3_3_1_
Semilla: 1788106263
Segundos: 140
NIteraciones: 100000

Costo_train: 0.224277
Precision_train: 0.607098
Recall_train: 0.599499
F1_train: 0.603275

Costo_test: 0.224751
Precision_test: 0.617347
Recall_test: 0.601990
F1_test: 0.609572
 

Arquitectura: _2_3_3_3_1_
Semilla: 1788106263
Segundos: 140
NIteraciones: 100000

Costo_train: 0.229072
Precision_train: 0.615193
Recall_train: 0.618273
F1_train: 0.616729

Costo_test: 0.228292
Precision_test: 0.608911
Recall_test: 0.611940
F1_test: 0.610422
 

Arquitectura: _2_3_3_3_1_
Semilla: 1788106263
Segundos: 140
NIteraciones: 100000

Costo_train: 0.222917
Precision_train: 0.600756
Recall_train: 0.596996
F1_train: 0.598870

Costo_test: 0.223254
Precision_test: 0.593137
Recall_test: 0.601990
F1_test: 0.597531
 

Arquitectura: _2_3_3_3_1_
Semilla: 1788106263
Segundos: 140
NIteraciones: 100000

Costo_train: 0.229002
Precision_train: 0.624668
Recall_train: 0.589487
F1_train: 0.606568

Costo_test: 0.229251
Precision_test: 0.615385
Recall_test: 0.597015
F1_test: 0.606061
 


--- Test Angosta 4.0 ---
Iteración 10000
Costo: 0.209365
Iteración 20000
Costo: 0.204911
Iteración 30000
Costo: 0.201155
Iteración 40000
Costo: 0.197946
Iteración 50000
Costo: 0.199581
Iteración 60000
Costo: 0.199257
Iteración 70000
Costo: 0.195140
Iteración 80000
Costo: 0.189569
Iteración 90000
Costo: 0.183156

Arquitectura: _2_12_1_
Semilla: 1788106403
Segundos: 53
NIteraciones: 100000

Costo_train: 0.174373
Precision_train: 0.746070
Recall_train: 0.772215
F1_train: 0.758918

Costo_test: 0.193700
Precision_test: 0.707763
Recall_test: 0.771144
F1_test: 0.738095
 

Arquitectura: _2_12_1_
Semilla: 1788106403
Segundos: 53
NIteraciones: 100000

Costo_train: 0.170327
Precision_train: 0.727729
Recall_train: 0.725907
F1_train: 0.726817

Costo_test: 0.176241
Precision_test: 0.676190
Recall_test: 0.706468
F1_test: 0.690998
 

Arquitectura: _2_12_1_
Semilla: 1788106403
Segundos: 53
NIteraciones: 100000

Costo_train: 0.142903
Precision_train: 0.792428
Recall_train: 0.759700
F1_train: 0.775719

Costo_test: 0.151708
Precision_test: 0.746341
Recall_test: 0.761194
F1_test: 0.753695
 

Arquitectura: _2_12_1_
Semilla: 1788106403
Segundos: 53
NIteraciones: 100000

Costo_train: 0.133607
Precision_train: 0.818066
Recall_train: 0.804756
F1_train: 0.811356

Costo_test: 0.141314
Precision_test: 0.771429
Recall_test: 0.805970
F1_test: 0.788321
 

Arquitectura: _2_12_1_
Semilla: 1788106403
Segundos: 53
NIteraciones: 100000

Costo_train: 0.175560
Precision_train: 0.723926
Recall_train: 0.738423
F1_train: 0.731103

Costo_test: 0.178264
Precision_test: 0.683258
Recall_test: 0.751244
F1_test: 0.715640
 

Arquitectura: _2_12_1_
Semilla: 1788106403
Segundos: 53
NIteraciones: 100000

Costo_train: 0.186315
Precision_train: 0.721739
Recall_train: 0.727159
F1_train: 0.724439

Costo_test: 0.203116
Precision_test: 0.668224
Recall_test: 0.711443
F1_test: 0.689157
 

Arquitectura: _2_12_1_
Semilla: 1788106403
Segundos: 53
NIteraciones: 100000

Costo_train: 0.173466
Precision_train: 0.728395
Recall_train: 0.738423
F1_train: 0.733375

Costo_test: 0.177569
Precision_test: 0.690141
Recall_test: 0.731343
F1_test: 0.710145
 

Arquitectura: _2_12_1_
Semilla: 1788106403
Segundos: 53
NIteraciones: 100000

Costo_train: 0.177057
Precision_train: 0.726474
Recall_train: 0.724656
F1_train: 0.725564

Costo_test: 0.182120
Precision_test: 0.676056
Recall_test: 0.716418
F1_test: 0.695652
 

Arquitectura: _2_12_1_
Semilla: 1788106403
Segundos: 53
NIteraciones: 100000

Costo_train: 0.148351
Precision_train: 0.756490
Recall_train: 0.765957
F1_train: 0.761194

Costo_test: 0.160240
Precision_test: 0.721154
Recall_test: 0.746269
F1_test: 0.733496
 

Arquitectura: _2_12_1_
Semilla: 1788106403
Segundos: 53
NIteraciones: 100000

Costo_train: 0.165898
Precision_train: 0.718826
Recall_train: 0.735920
F1_train: 0.727273

Costo_test: 0.173175
Precision_test: 0.697248
Recall_test: 0.756219
F1_test: 0.725537
 

Arquitectura: _2_12_1_
Semilla: 1788106403
Segundos: 53
NIteraciones: 100000

Costo_train: 0.175421
Precision_train: 0.746032
Recall_train: 0.764706
F1_train: 0.755253

Costo_test: 0.185548
Precision_test: 0.726027
Recall_test: 0.791045
F1_test: 0.757143
 

Arquitectura: _2_12_1_
Semilla: 1788106403
Segundos: 53
NIteraciones: 100000

Costo_train: 0.160551
Precision_train: 0.736585
Recall_train: 0.755945
F1_train: 0.746140

Costo_test: 0.173009
Precision_test: 0.702326
Recall_test: 0.751244
F1_test: 0.725961
 

Arquitectura: _2_12_1_
Semilla: 1788106403
Segundos: 53
NIteraciones: 100000

Costo_train: 0.155165
Precision_train: 0.754157
Recall_train: 0.794743
F1_train: 0.773918

Costo_test: 0.164384
Precision_test: 0.730942
Recall_test: 0.810945
F1_test: 0.768868
 

Arquitectura: _2_12_1_
Semilla: 1788106403
Segundos: 53
NIteraciones: 100000

Costo_train: 0.184667
Precision_train: 0.722081
Recall_train: 0.712140
F1_train: 0.717076

Costo_test: 0.200203
Precision_test: 0.676190
Recall_test: 0.706468
F1_test: 0.690998
 

Arquitectura: _2_12_1_
Semilla: 1788106403
Segundos: 53
NIteraciones: 100000

Costo_train: 0.131706
Precision_train: 0.821118
Recall_train: 0.827284
F1_train: 0.824190

Costo_test: 0.137400
Precision_test: 0.796209
Recall_test: 0.835821
F1_test: 0.815534
 

Arquitectura: _2_12_1_
Semilla: 1788106403
Segundos: 53
NIteraciones: 100000

Costo_train: 0.178486
Precision_train: 0.729140
Recall_train: 0.710889
F1_train: 0.719899

Costo_test: 0.193981
Precision_test: 0.676328
Recall_test: 0.696517
F1_test: 0.686274
 

Arquitectura: _2_12_1_
Semilla: 1788106403
Segundos: 53
NIteraciones: 100000

Costo_train: 0.177278
Precision_train: 0.719059
Recall_train: 0.727159
F1_train: 0.723086

Costo_test: 0.183117
Precision_test: 0.688995
Recall_test: 0.716418
F1_test: 0.702439
 

Arquitectura: _2_12_1_
Semilla: 1788106403
Segundos: 53
NIteraciones: 100000

Costo_train: 0.192502
Precision_train: 0.698232
Recall_train: 0.692115
F1_train: 0.695160

Costo_test: 0.206293
Precision_test: 0.663551
Recall_test: 0.706468
F1_test: 0.684337
 

Arquitectura: _2_12_1_
Semilla: 1788106403
Segundos: 53
NIteraciones: 100000

Costo_train: 0.145425
Precision_train: 0.791506
Recall_train: 0.769712
F1_train: 0.780457

Costo_test: 0.157490
Precision_test: 0.741463
Recall_test: 0.756219
F1_test: 0.748768
 

Arquitectura: _2_12_1_
Semilla: 1788106403
Segundos: 53
NIteraciones: 100000

Costo_train: 0.179139
Precision_train: 0.714650
Recall_train: 0.702128
F1_train: 0.708333

Costo_test: 0.193159
Precision_test: 0.671498
Recall_test: 0.691542
F1_test: 0.681373
 

Arquitectura: _2_12_1_
Semilla: 1788106403
Segundos: 53
NIteraciones: 100000

Costo_train: 0.170680
Precision_train: 0.752147
Recall_train: 0.767209
F1_train: 0.759604

Costo_test: 0.188957
Precision_test: 0.711628
Recall_test: 0.761194
F1_test: 0.735577
 

Arquitectura: _2_12_1_
Semilla: 1788106403
Segundos: 53
NIteraciones: 100000

Costo_train: 0.170781
Precision_train: 0.739234
Recall_train: 0.773467
F1_train: 0.755963

Costo_test: 0.181912
Precision_test: 0.702703
Recall_test: 0.776119
F1_test: 0.737589
 

Arquitectura: _2_12_1_
Semilla: 1788106403
Segundos: 53
NIteraciones: 100000

Costo_train: 0.172709
Precision_train: 0.744600
Recall_train: 0.733417
F1_train: 0.738966

Costo_test: 0.180199
Precision_test: 0.704762
Recall_test: 0.736318
F1_test: 0.720195
 

Arquitectura: _2_12_1_
Semilla: 1788106403
Segundos: 53
NIteraciones: 100000

Costo_train: 0.178548
Precision_train: 0.740276
Recall_train: 0.738423
F1_train: 0.739348

Costo_test: 0.194855
Precision_test: 0.703349
Recall_test: 0.731343
F1_test: 0.717073
 

Arquitectura: _2_12_1_
Semilla: 1788106403
Segundos: 53
NIteraciones: 100000

Costo_train: 0.150585
Precision_train: 0.768029
Recall_train: 0.799750
F1_train: 0.783568

Costo_test: 0.163276
Precision_test: 0.730942
Recall_test: 0.810945
F1_test: 0.768868
 

Arquitectura: _2_12_1_
Semilla: 1788106403
Segundos: 53
NIteraciones: 100000

Costo_train: 0.189255
Precision_train: 0.685464
Recall_train: 0.684606
F1_train: 0.685034

Costo_test: 0.201009
Precision_test: 0.654206
Recall_test: 0.696517
F1_test: 0.674699
 

Arquitectura: _2_12_1_
Semilla: 1788106403
Segundos: 53
NIteraciones: 100000

Costo_train: 0.190089
Precision_train: 0.715776
Recall_train: 0.687109
F1_train: 0.701149

Costo_test: 0.206041
Precision_test: 0.674641
Recall_test: 0.701493
F1_test: 0.687805
 

Arquitectura: _2_12_1_
Semilla: 1788106403
Segundos: 53
NIteraciones: 100000

Costo_train: 0.150836
Precision_train: 0.784387
Recall_train: 0.792240
F1_train: 0.788294

Costo_test: 0.161705
Precision_test: 0.745283
Recall_test: 0.786070
F1_test: 0.765133
 

Arquitectura: _2_12_1_
Semilla: 1788106403
Segundos: 53
NIteraciones: 100000

Costo_train: 0.182433
Precision_train: 0.738329
Recall_train: 0.752190
F1_train: 0.745195

Costo_test: 0.204032
Precision_test: 0.686916
Recall_test: 0.731343
F1_test: 0.708434
 

Arquitectura: _2_12_1_
Semilla: 1788106403
Segundos: 53
NIteraciones: 100000

Costo_train: 0.147360
Precision_train: 0.783718
Recall_train: 0.807259
F1_train: 0.795314

Costo_test: 0.165109
Precision_test: 0.734884
Recall_test: 0.786070
F1_test: 0.759615
 

Arquitectura: _2_12_1_
Semilla: 1788106403
Segundos: 53
NIteraciones: 100000

Costo_train: 0.153052
Precision_train: 0.827673
Recall_train: 0.823529
F1_train: 0.825596

Costo_test: 0.162441
Precision_test: 0.789474
Recall_test: 0.820895
F1_test: 0.804878
 

Arquitectura: _2_12_1_
Semilla: 1788106403
Segundos: 53
NIteraciones: 100000

Costo_train: 0.181412
Precision_train: 0.701005
Recall_train: 0.698373
F1_train: 0.699686

Costo_test: 0.183635
Precision_test: 0.729858
Recall_test: 0.766169
F1_test: 0.747573
 

Arquitectura: _2_12_1_
Semilla: 1788106403
Segundos: 53
NIteraciones: 100000

Costo_train: 0.159313
Precision_train: 0.747500
Recall_train: 0.748436
F1_train: 0.747967

Costo_test: 0.162875
Precision_test: 0.750000
Recall_test: 0.776119
F1_test: 0.762836
 

Arquitectura: _2_12_1_
Semilla: 1788106403
Segundos: 53
NIteraciones: 100000

Costo_train: 0.177960
Precision_train: 0.736842
Recall_train: 0.735920
F1_train: 0.736381

Costo_test: 0.182278
Precision_test: 0.685446
Recall_test: 0.726368
F1_test: 0.705314
 

Arquitectura: _2_12_1_
Semilla: 1788106403
Segundos: 53
NIteraciones: 100000

Costo_train: 0.178966
Precision_train: 0.725095
Recall_train: 0.719650
F1_train: 0.722362

Costo_test: 0.196099
Precision_test: 0.660287
Recall_test: 0.686567
F1_test: 0.673171
 

Arquitectura: _2_12_1_
Semilla: 1788106403
Segundos: 53
NIteraciones: 100000

Costo_train: 0.170335
Precision_train: 0.749686
Recall_train: 0.745932
F1_train: 0.747804

Costo_test: 0.174174
Precision_test: 0.738318
Recall_test: 0.786070
F1_test: 0.761446
 

Arquitectura: _2_12_1_
Semilla: 1788106403
Segundos: 53
NIteraciones: 100000

Costo_train: 0.181272
Precision_train: 0.723618
Recall_train: 0.720901
F1_train: 0.722257

Costo_test: 0.195110
Precision_test: 0.679426
Recall_test: 0.706468
F1_test: 0.692683
 

Arquitectura: _2_12_1_
Semilla: 1788106403
Segundos: 53
NIteraciones: 100000

Costo_train: 0.136200
Precision_train: 0.805486
Recall_train: 0.808511
F1_train: 0.806996

Costo_test: 0.144103
Precision_test: 0.777778
Recall_test: 0.800995
F1_test: 0.789216
 

Arquitectura: _2_12_1_
Semilla: 1788106403
Segundos: 53
NIteraciones: 100000

Costo_train: 0.174814
Precision_train: 0.686957
Recall_train: 0.692115
F1_train: 0.689526

Costo_test: 0.182671
Precision_test: 0.640909
Recall_test: 0.701493
F1_test: 0.669834
 

Arquitectura: _2_12_1_
Semilla: 1788106403
Segundos: 53
NIteraciones: 100000

Costo_train: 0.180808
Precision_train: 0.747512
Recall_train: 0.752190
F1_train: 0.749844

Costo_test: 0.185035
Precision_test: 0.688073
Recall_test: 0.746269
F1_test: 0.715990
 

Arquitectura: _2_12_1_
Semilla: 1788106403
Segundos: 53
NIteraciones: 100000

Costo_train: 0.137667
Precision_train: 0.823452
Recall_train: 0.782228
F1_train: 0.802311

Costo_test: 0.146440
Precision_test: 0.785366
Recall_test: 0.800995
F1_test: 0.793103
 

Arquitectura: _2_12_1_
Semilla: 1788106403
Segundos: 53
NIteraciones: 100000

Costo_train: 0.186777
Precision_train: 0.704918
Recall_train: 0.699625
F1_train: 0.702261

Costo_test: 0.200358
Precision_test: 0.660287
Recall_test: 0.686567
F1_test: 0.673171
 

Arquitectura: _2_12_1_
Semilla: 1788106403
Segundos: 53
NIteraciones: 100000

Costo_train: 0.180143
Precision_train: 0.729426
Recall_train: 0.732165
F1_train: 0.730793

Costo_test: 0.197589
Precision_test: 0.672897
Recall_test: 0.716418
F1_test: 0.693976
 

Arquitectura: _2_12_1_
Semilla: 1788106403
Segundos: 53
NIteraciones: 100000

Costo_train: 0.184911
Precision_train: 0.705446
Recall_train: 0.713392
F1_train: 0.709396

Costo_test: 0.199935
Precision_test: 0.666667
Recall_test: 0.716418
F1_test: 0.690648
 

Arquitectura: _2_12_1_
Semilla: 1788106403
Segundos: 53
NIteraciones: 100000

Costo_train: 0.172168
Precision_train: 0.707196
Recall_train: 0.713392
F1_train: 0.710280

Costo_test: 0.174839
Precision_test: 0.669767
Recall_test: 0.716418
F1_test: 0.692308
 

Arquitectura: _2_12_1_
Semilla: 1788106403
Segundos: 53
NIteraciones: 100000

Costo_train: 0.176608
Precision_train: 0.757576
Recall_train: 0.719650
F1_train: 0.738126

Costo_test: 0.194635
Precision_test: 0.683168
Recall_test: 0.686567
F1_test: 0.684864
 

Arquitectura: _2_12_1_
Semilla: 1788106403
Segundos: 53
NIteraciones: 100000

Costo_train: 0.162079
Precision_train: 0.727941
Recall_train: 0.743429
F1_train: 0.735604

Costo_test: 0.169836
Precision_test: 0.704545
Recall_test: 0.771144
F1_test: 0.736342
 

Arquitectura: _2_12_1_
Semilla: 1788106403
Segundos: 53
NIteraciones: 100000

Costo_train: 0.161946
Precision_train: 0.774763
Recall_train: 0.714643
F1_train: 0.743490

Costo_test: 0.167925
Precision_test: 0.758974
Recall_test: 0.736318
F1_test: 0.747475
 

Arquitectura: _2_12_1_
Semilla: 1788106403
Segundos: 53
NIteraciones: 100000

Costo_train: 0.159243
Precision_train: 0.780000
Recall_train: 0.732165
F1_train: 0.755326

Costo_test: 0.168572
Precision_test: 0.742424
Recall_test: 0.731343
F1_test: 0.736842
 

Arquitectura: _2_12_1_
Semilla: 1788106403
Segundos: 53
NIteraciones: 100000

Costo_train: 0.177886
Precision_train: 0.691450
Recall_train: 0.698373
F1_train: 0.694894

Costo_test: 0.183876
Precision_test: 0.646789
Recall_test: 0.701493
F1_test: 0.673031
 

Arquitectura: _2_12_1_
Semilla: 1788106403
Segundos: 53
NIteraciones: 100000

Costo_train: 0.168526
Precision_train: 0.763158
Recall_train: 0.762203
F1_train: 0.762680

Costo_test: 0.189995
Precision_test: 0.710900
Recall_test: 0.746269
F1_test: 0.728155
 

Arquitectura: _2_12_1_
Semilla: 1788106403
Segundos: 53
NIteraciones: 100000

Costo_train: 0.177553
Precision_train: 0.707711
Recall_train: 0.712140
F1_train: 0.709919

Costo_test: 0.182766
Precision_test: 0.674419
Recall_test: 0.721393
F1_test: 0.697115
 

Arquitectura: _2_12_1_
Semilla: 1788106403
Segundos: 53
NIteraciones: 100000

Costo_train: 0.161655
Precision_train: 0.726044
Recall_train: 0.739675
F1_train: 0.732796

Costo_test: 0.170013
Precision_test: 0.701357
Recall_test: 0.771144
F1_test: 0.734597
 

Arquitectura: _2_12_1_
Semilla: 1788106403
Segundos: 53
NIteraciones: 100000

Costo_train: 0.152207
Precision_train: 0.750643
Recall_train: 0.730914
F1_train: 0.740647

Costo_test: 0.161747
Precision_test: 0.729469
Recall_test: 0.751244
F1_test: 0.740196
 

Arquitectura: _2_12_1_
Semilla: 1788106403
Segundos: 53
NIteraciones: 100000

Costo_train: 0.156733
Precision_train: 0.819843
Recall_train: 0.785982
F1_train: 0.802556

Costo_test: 0.162228
Precision_test: 0.771845
Recall_test: 0.791045
F1_test: 0.781327
 

Arquitectura: _2_12_1_
Semilla: 1788106403
Segundos: 53
NIteraciones: 100000

Costo_train: 0.156852
Precision_train: 0.724747
Recall_train: 0.718398
F1_train: 0.721559

Costo_test: 0.165934
Precision_test: 0.690476
Recall_test: 0.721393
F1_test: 0.705596
 

Arquitectura: _2_12_1_
Semilla: 1788106403
Segundos: 53
NIteraciones: 100000

Costo_train: 0.142833
Precision_train: 0.841191
Recall_train: 0.848561
F1_train: 0.844860

Costo_test: 0.149030
Precision_test: 0.801843
Recall_test: 0.865672
F1_test: 0.832536
 

Arquitectura: _2_12_1_
Semilla: 1788106403
Segundos: 53
NIteraciones: 100000

Costo_train: 0.153926
Precision_train: 0.740093
Recall_train: 0.794743
F1_train: 0.766445

Costo_test: 0.161430
Precision_test: 0.723502
Recall_test: 0.781095
F1_test: 0.751196
 

Arquitectura: _2_12_1_
Semilla: 1788106403
Segundos: 53
NIteraciones: 100000

Costo_train: 0.177993
Precision_train: 0.691925
Recall_train: 0.697121
F1_train: 0.694514

Costo_test: 0.188184
Precision_test: 0.647619
Recall_test: 0.676617
F1_test: 0.661801
 

Arquitectura: _2_12_1_
Semilla: 1788106403
Segundos: 53
NIteraciones: 100000

Costo_train: 0.187714
Precision_train: 0.702532
Recall_train: 0.694618
F1_train: 0.698553

Costo_test: 0.201281
Precision_test: 0.658654
Recall_test: 0.681592
F1_test: 0.669927
 

Arquitectura: _2_12_1_
Semilla: 1788106403
Segundos: 53
NIteraciones: 100000

Costo_train: 0.152534
Precision_train: 0.748724
Recall_train: 0.734668
F1_train: 0.741630

Costo_test: 0.160467
Precision_test: 0.732057
Recall_test: 0.761194
F1_test: 0.746341
 

Arquitectura: _2_12_1_
Semilla: 1788106403
Segundos: 53
NIteraciones: 100000

Costo_train: 0.150739
Precision_train: 0.781936
Recall_train: 0.758448
F1_train: 0.770013

Costo_test: 0.157017
Precision_test: 0.759804
Recall_test: 0.771144
F1_test: 0.765432
 

Arquitectura: _2_12_1_
Semilla: 1788106403
Segundos: 53
NIteraciones: 100000

Costo_train: 0.175966
Precision_train: 0.721814
Recall_train: 0.737171
F1_train: 0.729412

Costo_test: 0.182514
Precision_test: 0.709091
Recall_test: 0.776119
F1_test: 0.741093
 

Arquitectura: _2_12_1_
Semilla: 1788106403
Segundos: 53
NIteraciones: 100000

Costo_train: 0.170330
Precision_train: 0.734911
Recall_train: 0.777222
F1_train: 0.755474

Costo_test: 0.183027
Precision_test: 0.699115
Recall_test: 0.786070
F1_test: 0.740047
 

Arquitectura: _2_12_1_
Semilla: 1788106403
Segundos: 53
NIteraciones: 100000

Costo_train: 0.179427
Precision_train: 0.725515
Recall_train: 0.704631
F1_train: 0.714921

Costo_test: 0.194466
Precision_test: 0.671569
Recall_test: 0.681592
F1_test: 0.676543
 

Arquitectura: _2_12_1_
Semilla: 1788106403
Segundos: 53
NIteraciones: 100000

Costo_train: 0.187788
Precision_train: 0.724181
Recall_train: 0.719650
F1_train: 0.721908

Costo_test: 0.202819
Precision_test: 0.666667
Recall_test: 0.706468
F1_test: 0.685990
 

Arquitectura: _2_12_1_
Semilla: 1788106403
Segundos: 53
NIteraciones: 100000

Costo_train: 0.181719
Precision_train: 0.750299
Recall_train: 0.785982
F1_train: 0.767726

Costo_test: 0.196228
Precision_test: 0.721239
Recall_test: 0.810945
F1_test: 0.763466
 

Arquitectura: _2_12_1_
Semilla: 1788106403
Segundos: 53
NIteraciones: 100000

Costo_train: 0.171662
Precision_train: 0.710976
Recall_train: 0.729662
F1_train: 0.720198

Costo_test: 0.173824
Precision_test: 0.678733
Recall_test: 0.746269
F1_test: 0.710900
 

Arquitectura: _2_12_1_
Semilla: 1788106403
Segundos: 53
NIteraciones: 100000

Costo_train: 0.173323
Precision_train: 0.724747
Recall_train: 0.718398
F1_train: 0.721559

Costo_test: 0.178843
Precision_test: 0.674641
Recall_test: 0.701493
F1_test: 0.687805
 

Arquitectura: _2_12_1_
Semilla: 1788106403
Segundos: 53
NIteraciones: 100000

Costo_train: 0.183552
Precision_train: 0.684539
Recall_train: 0.687109
F1_train: 0.685821

Costo_test: 0.191773
Precision_test: 0.644550
Recall_test: 0.676617
F1_test: 0.660194
 

Arquitectura: _2_12_1_
Semilla: 1788106403
Segundos: 53
NIteraciones: 100000

Costo_train: 0.174688
Precision_train: 0.725806
Recall_train: 0.732165
F1_train: 0.728972

Costo_test: 0.183211
Precision_test: 0.675799
Recall_test: 0.736318
F1_test: 0.704762
 

Arquitectura: _2_12_1_
Semilla: 1788106403
Segundos: 53
NIteraciones: 100000

Costo_train: 0.181358
Precision_train: 0.712177
Recall_train: 0.724656
F1_train: 0.718362

Costo_test: 0.185584
Precision_test: 0.674312
Recall_test: 0.731343
F1_test: 0.701671
 

Arquitectura: _2_12_1_
Semilla: 1788106403
Segundos: 53
NIteraciones: 100000

Costo_train: 0.184016
Precision_train: 0.685464
Recall_train: 0.684606
F1_train: 0.685034

Costo_test: 0.191377
Precision_test: 0.650943
Recall_test: 0.686567
F1_test: 0.668281
 

Arquitectura: _2_12_1_
Semilla: 1788106403
Segundos: 53
NIteraciones: 100000

Costo_train: 0.181061
Precision_train: 0.692786
Recall_train: 0.697121
F1_train: 0.694947

Costo_test: 0.188169
Precision_test: 0.705882
Recall_test: 0.716418
F1_test: 0.711111
 

Arquitectura: _2_12_1_
Semilla: 1788106403
Segundos: 53
NIteraciones: 100000

Costo_train: 0.161163
Precision_train: 0.726277
Recall_train: 0.747184
F1_train: 0.736582

Costo_test: 0.173209
Precision_test: 0.685841
Recall_test: 0.771144
F1_test: 0.725995
 

Arquitectura: _2_12_1_
Semilla: 1788106403
Segundos: 53
NIteraciones: 100000

Costo_train: 0.187349
Precision_train: 0.719697
Recall_train: 0.713392
F1_train: 0.716530

Costo_test: 0.203081
Precision_test: 0.676056
Recall_test: 0.716418
F1_test: 0.695652
 

Arquitectura: _2_12_1_
Semilla: 1788106403
Segundos: 53
NIteraciones: 100000

Costo_train: 0.167931
Precision_train: 0.736721
Recall_train: 0.798498
F1_train: 0.766366

Costo_test: 0.175407
Precision_test: 0.703863
Recall_test: 0.815920
F1_test: 0.755760
 

Arquitectura: _2_12_1_
Semilla: 1788106403
Segundos: 53
NIteraciones: 100000

Costo_train: 0.186334
Precision_train: 0.728750
Recall_train: 0.729662
F1_train: 0.729206

Costo_test: 0.203748
Precision_test: 0.688679
Recall_test: 0.726368
F1_test: 0.707022
 

Arquitectura: _2_12_1_
Semilla: 1788106403
Segundos: 53
NIteraciones: 100000

Costo_train: 0.177830
Precision_train: 0.695597
Recall_train: 0.692115
F1_train: 0.693852

Costo_test: 0.190166
Precision_test: 0.650718
Recall_test: 0.676617
F1_test: 0.663415
 

Arquitectura: _2_12_1_
Semilla: 1788106403
Segundos: 53
NIteraciones: 100000

Costo_train: 0.169229
Precision_train: 0.736059
Recall_train: 0.743429
F1_train: 0.739726

Costo_test: 0.173048
Precision_test: 0.704762
Recall_test: 0.736318
F1_test: 0.720195
 

Arquitectura: _2_12_1_
Semilla: 1788106403
Segundos: 53
NIteraciones: 100000

Costo_train: 0.164142
Precision_train: 0.729598
Recall_train: 0.749687
F1_train: 0.739506

Costo_test: 0.168977
Precision_test: 0.720379
Recall_test: 0.756219
F1_test: 0.737864
 

Arquitectura: _2_12_1_
Semilla: 1788106403
Segundos: 53
NIteraciones: 100000

Costo_train: 0.170564
Precision_train: 0.724515
Recall_train: 0.747184
F1_train: 0.735675

Costo_test: 0.176865
Precision_test: 0.705069
Recall_test: 0.761194
F1_test: 0.732057
 

Arquitectura: _2_12_1_
Semilla: 1788106403
Segundos: 53
NIteraciones: 100000

Costo_train: 0.174069
Precision_train: 0.761671
Recall_train: 0.775970
F1_train: 0.768754

Costo_test: 0.197241
Precision_test: 0.698630
Recall_test: 0.761194
F1_test: 0.728571
 

Arquitectura: _2_12_1_
Semilla: 1788106403
Segundos: 53
NIteraciones: 100000

Costo_train: 0.183116
Precision_train: 0.726692
Recall_train: 0.712140
F1_train: 0.719343

Costo_test: 0.198346
Precision_test: 0.677885
Recall_test: 0.701493
F1_test: 0.689487
 

Arquitectura: _2_12_1_
Semilla: 1788106403
Segundos: 53
NIteraciones: 100000

Costo_train: 0.174030
Precision_train: 0.735705
Recall_train: 0.724656
F1_train: 0.730139

Costo_test: 0.191715
Precision_test: 0.693396
Recall_test: 0.731343
F1_test: 0.711864
 

Arquitectura: _2_12_1_
Semilla: 1788106403
Segundos: 53
NIteraciones: 100000

Costo_train: 0.156340
Precision_train: 0.796610
Recall_train: 0.705882
F1_train: 0.748507

Costo_test: 0.165074
Precision_test: 0.733333
Recall_test: 0.711443
F1_test: 0.722222
 

Arquitectura: _2_12_1_
Semilla: 1788106403
Segundos: 53
NIteraciones: 100000

Costo_train: 0.148704
Precision_train: 0.764411
Recall_train: 0.763454
F1_train: 0.763932

Costo_test: 0.164594
Precision_test: 0.701422
Recall_test: 0.736318
F1_test: 0.718447
 

Arquitectura: _2_12_1_
Semilla: 1788106403
Segundos: 53
NIteraciones: 100000

Costo_train: 0.170805
Precision_train: 0.758406
Recall_train: 0.762203
F1_train: 0.760300

Costo_test: 0.193153
Precision_test: 0.688372
Recall_test: 0.736318
F1_test: 0.711538
 

Arquitectura: _2_12_1_
Semilla: 1788106403
Segundos: 53
NIteraciones: 100000

Costo_train: 0.184229
Precision_train: 0.718398
Recall_train: 0.718398
F1_train: 0.718398

Costo_test: 0.200513
Precision_test: 0.663462
Recall_test: 0.686567
F1_test: 0.674817
 

Arquitectura: _2_12_1_
Semilla: 1788106403
Segundos: 53
NIteraciones: 100000

Costo_train: 0.180624
Precision_train: 0.713376
Recall_train: 0.700876
F1_train: 0.707071

Costo_test: 0.191422
Precision_test: 0.676471
Recall_test: 0.686567
F1_test: 0.681481
 

Arquitectura: _2_12_1_
Semilla: 1788106403
Segundos: 53
NIteraciones: 100000

Costo_train: 0.152704
Precision_train: 0.790576
Recall_train: 0.755945
F1_train: 0.772873

Costo_test: 0.165545
Precision_test: 0.733668
Recall_test: 0.726368
F1_test: 0.730000
 

Arquitectura: _2_12_1_
Semilla: 1788106403
Segundos: 53
NIteraciones: 100000

Costo_train: 0.144648
Precision_train: 0.842697
Recall_train: 0.844806
F1_train: 0.843750

Costo_test: 0.153358
Precision_test: 0.807692
Recall_test: 0.835821
F1_test: 0.821516
 

Arquitectura: _2_12_1_
Semilla: 1788106403
Segundos: 53
NIteraciones: 100000

Costo_train: 0.175060
Precision_train: 0.716935
Recall_train: 0.725907
F1_train: 0.721393

Costo_test: 0.181740
Precision_test: 0.671296
Recall_test: 0.721393
F1_test: 0.695444
 

Arquitectura: _2_12_1_
Semilla: 1788106403
Segundos: 53
NIteraciones: 100000

Costo_train: 0.182531
Precision_train: 0.755975
Recall_train: 0.752190
F1_train: 0.754078

Costo_test: 0.196526
Precision_test: 0.660287
Recall_test: 0.686567
F1_test: 0.673171
 

Arquitectura: _2_12_1_
Semilla: 1788106403
Segundos: 53
NIteraciones: 100000

Costo_train: 0.191673
Precision_train: 0.695652
Recall_train: 0.700876
F1_train: 0.698254

Costo_test: 0.206678
Precision_test: 0.656109
Recall_test: 0.721393
F1_test: 0.687204
 

Arquitectura: _2_12_1_
Semilla: 1788106403
Segundos: 53
NIteraciones: 100000

Costo_train: 0.175109
Precision_train: 0.736776
Recall_train: 0.732165
F1_train: 0.734463

Costo_test: 0.192001
Precision_test: 0.686636
Recall_test: 0.741294
F1_test: 0.712919
 

Arquitectura: _2_12_1_
Semilla: 1788106403
Segundos: 53
NIteraciones: 100000

Costo_train: 0.185444
Precision_train: 0.685857
Recall_train: 0.685857
F1_train: 0.685857

Costo_test: 0.192485
Precision_test: 0.639810
Recall_test: 0.671642
F1_test: 0.655340
 

Arquitectura: _2_12_1_
Semilla: 1788106403
Segundos: 53
NIteraciones: 100000

Costo_train: 0.174175
Precision_train: 0.732121
Recall_train: 0.755945
F1_train: 0.743842

Costo_test: 0.183081
Precision_test: 0.703196
Recall_test: 0.766169
F1_test: 0.733333
 

Arquitectura: _2_12_1_
Semilla: 1788106403
Segundos: 53
NIteraciones: 100000

Costo_train: 0.181728
Precision_train: 0.690176
Recall_train: 0.685857
F1_train: 0.688010

Costo_test: 0.187153
Precision_test: 0.649533
Recall_test: 0.691542
F1_test: 0.669880
 

Arquitectura: _2_12_1_
Semilla: 1788106403
Segundos: 53
NIteraciones: 100000

Costo_train: 0.148818
Precision_train: 0.777234
Recall_train: 0.794743
F1_train: 0.785891

Costo_test: 0.160243
Precision_test: 0.741627
Recall_test: 0.771144
F1_test: 0.756098
 


--- Test Profunda 4.0 ---
Iteración 10000
Costo: 0.249973
Iteración 20000
Costo: 0.249910
Iteración 30000
Costo: 0.249801
Iteración 40000
Costo: 0.249555
Iteración 50000
Costo: 0.248777
Iteración 60000
Costo: 0.245898
Iteración 70000
Costo: 0.236726
Iteración 80000
Costo: 0.233543
Iteración 90000
Costo: 0.233421

Arquitectura: _2_3_3_3_3_1_
Semilla: 1788106456
Segundos: 187
NIteraciones: 100000

Costo_train: 0.233070
Precision_train: 0.625974
Recall_train: 0.603254
F1_train: 0.614404

Costo_test: 0.232786
Precision_test: 0.620000
Recall_test: 0.616915
F1_test: 0.618454
 

Arquitectura: _2_3_3_3_3_1_
Semilla: 1788106456
Segundos: 187
NIteraciones: 100000

Costo_train: 0.230879
Precision_train: 0.623574
Recall_train: 0.615770
F1_train: 0.619647

Costo_test: 0.230251
Precision_test: 0.619512
Recall_test: 0.631841
F1_test: 0.625616
 

Arquitectura: _2_3_3_3_3_1_
Semilla: 1788106456
Segundos: 187
NIteraciones: 100000

Costo_train: 0.231770
Precision_train: 0.627785
Recall_train: 0.599499
F1_train: 0.613316

Costo_test: 0.231313
Precision_test: 0.621212
Recall_test: 0.611940
F1_test: 0.616541
 

Arquitectura: _2_3_3_3_3_1_
Semilla: 1788106456
Segundos: 187
NIteraciones: 100000

Costo_train: 0.231902
Precision_train: 0.622930
Recall_train: 0.612015
F1_train: 0.617424

Costo_test: 0.231616
Precision_test: 0.617647
Recall_test: 0.626866
F1_test: 0.622222
 

Arquitectura: _2_3_3_3_3_1_
Semilla: 1788106456
Segundos: 187
NIteraciones: 100000

Costo_train: 0.231838
Precision_train: 0.622137
Recall_train: 0.612015
F1_train: 0.617035

Costo_test: 0.231356
Precision_test: 0.617647
Recall_test: 0.626866
F1_test: 0.622222
 

Arquitectura: _2_3_3_3_3_1_
Semilla: 1788106456
Segundos: 187
NIteraciones: 100000

Costo_train: 0.243953
Precision_train: 0.615672
Recall_train: 0.619524
F1_train: 0.617592

Costo_test: 0.243889
Precision_test: 0.612745
Recall_test: 0.621891
F1_test: 0.617284
 

Arquitectura: _2_3_3_3_3_1_
Semilla: 1788106456
Segundos: 187
NIteraciones: 100000

Costo_train: 0.232508
Precision_train: 0.624196
Recall_train: 0.607009
F1_train: 0.615482

Costo_test: 0.232150
Precision_test: 0.620000
Recall_test: 0.616915
F1_test: 0.618454
 

Arquitectura: _2_3_3_3_3_1_
Semilla: 1788106456
Segundos: 187
NIteraciones: 100000

Costo_train: 0.230804
Precision_train: 0.622593
Recall_train: 0.607009
F1_train: 0.614702

Costo_test: 0.230232
Precision_test: 0.615000
Recall_test: 0.611940
F1_test: 0.613466
 

Arquitectura: _2_3_3_3_3_1_
Semilla: 1788106456
Segundos: 187
NIteraciones: 100000

Costo_train: 0.233508
Precision_train: 0.618388
Recall_train: 0.614518
F1_train: 0.616447

Costo_test: 0.233272
Precision_test: 0.619512
Recall_test: 0.631841
F1_test: 0.625616
 

Arquitectura: _2_3_3_3_3_1_
Semilla: 1788106456
Segundos: 187
NIteraciones: 100000

Costo_train: 0.232826
Precision_train: 0.624041
Recall_train: 0.610763
F1_train: 0.617331

Costo_test: 0.232446
Precision_test: 0.617647
Recall_test: 0.626866
F1_test: 0.622222
 

Arquitectura: _2_3_3_3_3_1_
Semilla: 1788106456
Segundos: 187
NIteraciones: 100000

Costo_train: 0.232384
Precision_train: 0.623244
Recall_train: 0.610763
F1_train: 0.616941

Costo_test: 0.232037
Precision_test: 0.617647
Recall_test: 0.626866
F1_test: 0.622222
 

Arquitectura: _2_3_3_3_3_1_
Semilla: 1788106456
Segundos: 187
NIteraciones: 100000

Costo_train: 0.231989
Precision_train: 0.622279
Recall_train: 0.608260
F1_train: 0.615190

Costo_test: 0.231238
Precision_test: 0.616915
Recall_test: 0.616915
F1_test: 0.616915
 

Arquitectura: _2_3_3_3_3_1_
Semilla: 1788106456
Segundos: 187
NIteraciones: 100000

Costo_train: 0.229670
Precision_train: 0.621795
Recall_train: 0.607009
F1_train: 0.614313

Costo_test: 0.228968
Precision_test: 0.611111
Recall_test: 0.601990
F1_test: 0.606516
 

Arquitectura: _2_3_3_3_3_1_
Semilla: 1788106456
Segundos: 187
NIteraciones: 100000

Costo_train: 0.233270
Precision_train: 0.620126
Recall_train: 0.617021
F1_train: 0.618570

Costo_test: 0.232572
Precision_test: 0.619512
Recall_test: 0.631841
F1_test: 0.625616
 

Arquitectura: _2_3_3_3_3_1_
Semilla: 1788106456
Segundos: 187
NIteraciones: 100000

Costo_train: 0.216299
Precision_train: 0.620238
Recall_train: 0.652065
F1_train: 0.635754

Costo_test: 0.223449
Precision_test: 0.575107
Recall_test: 0.666667
F1_test: 0.617512
 

Arquitectura: _2_3_3_3_3_1_
Semilla: 1788106456
Segundos: 187
NIteraciones: 100000

Costo_train: 0.233330
Precision_train: 0.626632
Recall_train: 0.600751
F1_train: 0.613419

Costo_test: 0.233071
Precision_test: 0.618090
Recall_test: 0.611940
F1_test: 0.615000
 

Arquitectura: _2_3_3_3_3_1_
Semilla: 1788106456
Segundos: 187
NIteraciones: 100000

Costo_train: 0.231925
Precision_train: 0.623560
Recall_train: 0.609512
F1_train: 0.616456

Costo_test: 0.231505
Precision_test: 0.616915
Recall_test: 0.616915
F1_test: 0.616915
 

Arquitectura: _2_3_3_3_3_1_
Semilla: 1788106456
Segundos: 187
NIteraciones: 100000

Costo_train: 0.232454
Precision_train: 0.625000
Recall_train: 0.600751
F1_train: 0.612636

Costo_test: 0.231910
Precision_test: 0.621212
Recall_test: 0.611940
F1_test: 0.616541
 

Arquitectura: _2_3_3_3_3_1_
Semilla: 1788106456
Segundos: 187
NIteraciones: 100000

Costo_train: 0.233373
Precision_train: 0.618388
Recall_train: 0.614518
F1_train: 0.616447

Costo_test: 0.233047
Precision_test: 0.616505
Recall_test: 0.631841
F1_test: 0.624079
 

Arquitectura: _2_3_3_3_3_1_
Semilla: 1788106456
Segundos: 187
NIteraciones: 100000

Costo_train: 0.231013
Precision_train: 0.623560
Recall_train: 0.609512
F1_train: 0.616456

Costo_test: 0.230512
Precision_test: 0.615000
Recall_test: 0.611940
F1_test: 0.613466
 

Arquitectura: _2_3_3_3_3_1_
Semilla: 1788106456
Segundos: 187
NIteraciones: 100000

Costo_train: 0.233694
Precision_train: 0.620429
Recall_train: 0.615770
F1_train: 0.618090

Costo_test: 0.233469
Precision_test: 0.619512
Recall_test: 0.631841
F1_test: 0.625616
 

Arquitectura: _2_3_3_3_3_1_
Semilla: 1788106456
Segundos: 187
NIteraciones: 100000

Costo_train: 0.231446
Precision_train: 0.624204
Recall_train: 0.613267
F1_train: 0.618687

Costo_test: 0.230970
Precision_test: 0.617647
Recall_test: 0.626866
F1_test: 0.622222
 

Arquitectura: _2_3_3_3_3_1_
Semilla: 1788106456
Segundos: 187
NIteraciones: 100000

Costo_train: 0.230291
Precision_train: 0.622762
Recall_train: 0.609512
F1_train: 0.616066

Costo_test: 0.229685
Precision_test: 0.615000
Recall_test: 0.611940
F1_test: 0.613466
 

Arquitectura: _2_3_3_3_3_1_
Semilla: 1788106456
Segundos: 187
NIteraciones: 100000

Costo_train: 0.231855
Precision_train: 0.628458
Recall_train: 0.596996
F1_train: 0.612323

Costo_test: 0.231425
Precision_test: 0.617347
Recall_test: 0.601990
F1_test: 0.609572
 

Arquitectura: _2_3_3_3_3_1_
Semilla: 1788106456
Segundos: 187
NIteraciones: 100000

Costo_train: 0.229814
Precision_train: 0.620865
Recall_train: 0.610763
F1_train: 0.615773

Costo_test: 0.229081
Precision_test: 0.611940
Recall_test: 0.611940
F1_test: 0.611940
 

Arquitectura: _2_3_3_3_3_1_
Semilla: 1788106456
Segundos: 187
NIteraciones: 100000

Costo_train: 0.233791
Precision_train: 0.620603
Recall_train: 0.618273
F1_train: 0.619436

Costo_test: 0.232747
Precision_test: 0.619512
Recall_test: 0.631841
F1_test: 0.625616
 

Arquitectura: _2_3_3_3_3_1_
Semilla: 1788106456
Segundos: 187
NIteraciones: 100000

Costo_train: 0.232709
Precision_train: 0.624196
Recall_train: 0.607009
F1_train: 0.615482

Costo_test: 0.232405
Precision_test: 0.620000
Recall_test: 0.616915
F1_test: 0.618454
 

Arquitectura: _2_3_3_3_3_1_
Semilla: 1788106456
Segundos: 187
NIteraciones: 100000

Costo_train: 0.232856
Precision_train: 0.625648
Recall_train: 0.604506
F1_train: 0.614895

Costo_test: 0.232630
Precision_test: 0.620000
Recall_test: 0.616915
F1_test: 0.618454
 

Arquitectura: _2_3_3_3_3_1_
Semilla: 1788106456
Segundos: 187
NIteraciones: 100000

Costo_train: 0.249972
Precision_train: -nan(ind)
Recall_train: 0.000000
F1_train: -nan(ind)

Costo_test: 0.249970
Precision_test: -nan(ind)
Recall_test: 0.000000
F1_test: -nan(ind)
 

Arquitectura: _2_3_3_3_3_1_
Semilla: 1788106456
Segundos: 187
NIteraciones: 100000

Costo_train: 0.232878
Precision_train: 0.620000
Recall_train: 0.620776
F1_train: 0.620388

Costo_test: 0.232450
Precision_test: 0.620192
Recall_test: 0.641791
F1_test: 0.630807
 

Arquitectura: _2_3_3_3_3_1_
Semilla: 1788106456
Segundos: 187
NIteraciones: 100000

Costo_train: 0.231578
Precision_train: 0.619950
Recall_train: 0.614518
F1_train: 0.617222

Costo_test: 0.231076
Precision_test: 0.617647
Recall_test: 0.626866
F1_test: 0.622222
 

Arquitectura: _2_3_3_3_3_1_
Semilla: 1788106456
Segundos: 187
NIteraciones: 100000

Costo_train: 0.230350
Precision_train: 0.623226
Recall_train: 0.604506
F1_train: 0.613723

Costo_test: 0.229762
Precision_test: 0.618090
Recall_test: 0.611940
F1_test: 0.615000
 

Arquitectura: _2_3_3_3_3_1_
Semilla: 1788106456
Segundos: 187
NIteraciones: 100000

Costo_train: 0.215480
Precision_train: 0.617991
Recall_train: 0.662078
F1_train: 0.639275

Costo_test: 0.223280
Precision_test: 0.568465
Recall_test: 0.681592
F1_test: 0.619910
 

Arquitectura: _2_3_3_3_3_1_
Semilla: 1788106456
Segundos: 187
NIteraciones: 100000

Costo_train: 0.232343
Precision_train: 0.626302
Recall_train: 0.602003
F1_train: 0.613912

Costo_test: 0.231877
Precision_test: 0.621212
Recall_test: 0.611940
F1_test: 0.616541
 

Arquitectura: _2_3_3_3_3_1_
Semilla: 1788106456
Segundos: 187
NIteraciones: 100000

Costo_train: 0.233656
Precision_train: 0.620865
Recall_train: 0.610763
F1_train: 0.615773

Costo_test: 0.233424
Precision_test: 0.617647
Recall_test: 0.626866
F1_test: 0.622222
 

Arquitectura: _2_3_3_3_3_1_
Semilla: 1788106456
Segundos: 187
NIteraciones: 100000

Costo_train: 0.232516
Precision_train: 0.624041
Recall_train: 0.610763
F1_train: 0.617331

Costo_test: 0.232166
Precision_test: 0.617647
Recall_test: 0.626866
F1_test: 0.622222
 

Arquitectura: _2_3_3_3_3_1_
Semilla: 1788106456
Segundos: 187
NIteraciones: 100000

Costo_train: 0.231977
Precision_train: 0.621212
Recall_train: 0.615770
F1_train: 0.618479

Costo_test: 0.231228
Precision_test: 0.619512
Recall_test: 0.631841
F1_test: 0.625616
 

Arquitectura: _2_3_3_3_3_1_
Semilla: 1788106456
Segundos: 187
NIteraciones: 100000

Costo_train: 0.221911
Precision_train: 0.657360
Recall_train: 0.648310
F1_train: 0.652804

Costo_test: 0.225214
Precision_test: 0.645933
Recall_test: 0.671642
F1_test: 0.658537
 

Arquitectura: _2_3_3_3_3_1_
Semilla: 1788106456
Segundos: 187
NIteraciones: 100000

Costo_train: 0.231469
Precision_train: 0.622307
Recall_train: 0.614518
F1_train: 0.618388

Costo_test: 0.230881
Precision_test: 0.619512
Recall_test: 0.631841
F1_test: 0.625616
 

Arquitectura: _2_3_3_3_3_1_
Semilla: 1788106456
Segundos: 187
NIteraciones: 100000

Costo_train: 0.233378
Precision_train: 0.616337
Recall_train: 0.623279
F1_train: 0.619788

Costo_test: 0.232914
Precision_test: 0.617225
Recall_test: 0.641791
F1_test: 0.629268
 

Arquitectura: _2_3_3_3_3_1_
Semilla: 1788106456
Segundos: 187
NIteraciones: 100000

Costo_train: 0.233723
Precision_train: 0.619772
Recall_train: 0.612015
F1_train: 0.615869

Costo_test: 0.233571
Precision_test: 0.620690
Recall_test: 0.626866
F1_test: 0.623762
 

Arquitectura: _2_3_3_3_3_1_
Semilla: 1788106456
Segundos: 187
NIteraciones: 100000

Costo_train: 0.224904
Precision_train: 0.649235
Recall_train: 0.637046
F1_train: 0.643083

Costo_test: 0.227396
Precision_test: 0.637681
Recall_test: 0.656716
F1_test: 0.647059
 

Arquitectura: _2_3_3_3_3_1_
Semilla: 1788106456
Segundos: 187
NIteraciones: 100000

Costo_train: 0.233844
Precision_train: 0.617391
Recall_train: 0.622028
F1_train: 0.619701

Costo_test: 0.232805
Precision_test: 0.620192
Recall_test: 0.641791
F1_test: 0.630807
 

Arquitectura: _2_3_3_3_3_1_
Semilla: 1788106456
Segundos: 187
NIteraciones: 100000

Costo_train: 0.233235
Precision_train: 0.629921
Recall_train: 0.600751
F1_train: 0.614990

Costo_test: 0.233368
Precision_test: 0.618090
Recall_test: 0.611940
F1_test: 0.615000
 

Arquitectura: _2_3_3_3_3_1_
Semilla: 1788106456
Segundos: 187
NIteraciones: 100000

Costo_train: 0.230008
Precision_train: 0.622785
Recall_train: 0.615770
F1_train: 0.619257

Costo_test: 0.229322
Precision_test: 0.616505
Recall_test: 0.631841
F1_test: 0.624079
 

Arquitectura: _2_3_3_3_3_1_
Semilla: 1788106456
Segundos: 187
NIteraciones: 100000

Costo_train: 0.232589
Precision_train: 0.624838
Recall_train: 0.604506
F1_train: 0.614504

Costo_test: 0.232186
Precision_test: 0.620000
Recall_test: 0.616915
F1_test: 0.618454
 

Arquitectura: _2_3_3_3_3_1_
Semilla: 1788106456
Segundos: 187
NIteraciones: 100000

Costo_train: 0.231485
Precision_train: 0.624840
Recall_train: 0.610763
F1_train: 0.617722

Costo_test: 0.231218
Precision_test: 0.620690
Recall_test: 0.626866
F1_test: 0.623762
 

Arquitectura: _2_3_3_3_3_1_
Semilla: 1788106456
Segundos: 187
NIteraciones: 100000

Costo_train: 0.231365
Precision_train: 0.623724
Recall_train: 0.612015
F1_train: 0.617814

Costo_test: 0.230783
Precision_test: 0.611940
Recall_test: 0.611940
F1_test: 0.611940
 

Arquitectura: _2_3_3_3_3_1_
Semilla: 1788106456
Segundos: 187
NIteraciones: 100000

Costo_train: 0.233863
Precision_train: 0.625483
Recall_train: 0.608260
F1_train: 0.616751

Costo_test: 0.234317
Precision_test: 0.623762
Recall_test: 0.626866
F1_test: 0.625310
 

Arquitectura: _2_3_3_3_3_1_
Semilla: 1788106456
Segundos: 187
NIteraciones: 100000

Costo_train: 0.249864
Precision_train: 0.653285
Recall_train: 0.224030
F1_train: 0.333644

Costo_test: 0.249851
Precision_test: 0.750000
Recall_test: 0.238806
F1_test: 0.362264
 

Arquitectura: _2_3_3_3_3_1_
Semilla: 1788106456
Segundos: 187
NIteraciones: 100000

Costo_train: 0.233652
Precision_train: 0.619524
Recall_train: 0.619524
F1_train: 0.619524

Costo_test: 0.233397
Precision_test: 0.620192
Recall_test: 0.641791
F1_test: 0.630807
 

Arquitectura: _2_3_3_3_3_1_
Semilla: 1788106456
Segundos: 187
NIteraciones: 100000

Costo_train: 0.232208
Precision_train: 0.624679
Recall_train: 0.608260
F1_train: 0.616360

Costo_test: 0.231664
Precision_test: 0.615000
Recall_test: 0.611940
F1_test: 0.613466
 

Arquitectura: _2_3_3_3_3_1_
Semilla: 1788106456
Segundos: 187
NIteraciones: 100000

Costo_train: 0.232064
Precision_train: 0.623057
Recall_train: 0.602003
F1_train: 0.612349

Costo_test: 0.231460
Precision_test: 0.619289
Recall_test: 0.606965
F1_test: 0.613065
 

Arquitectura: _2_3_3_3_3_1_
Semilla: 1788106456
Segundos: 187
NIteraciones: 100000

Costo_train: 0.229960
Precision_train: 0.623724
Recall_train: 0.612015
F1_train: 0.617814

Costo_test: 0.229365
Precision_test: 0.616915
Recall_test: 0.616915
F1_test: 0.616915
 

Arquitectura: _2_3_3_3_3_1_
Semilla: 1788106456
Segundos: 187
NIteraciones: 100000

Costo_train: 0.233563
Precision_train: 0.619647
Recall_train: 0.615770
F1_train: 0.617702

Costo_test: 0.233320
Precision_test: 0.619512
Recall_test: 0.631841
F1_test: 0.625616
 

Arquitectura: _2_3_3_3_3_1_
Semilla: 1788106456
Segundos: 187
NIteraciones: 100000

Costo_train: 0.229810
Precision_train: 0.622108
Recall_train: 0.605757
F1_train: 0.613824

Costo_test: 0.229683
Precision_test: 0.618090
Recall_test: 0.611940
F1_test: 0.615000
 

Arquitectura: _2_3_3_3_3_1_
Semilla: 1788106456
Segundos: 187
NIteraciones: 100000

Costo_train: 0.227545
Precision_train: 0.612484
Recall_train: 0.589487
F1_train: 0.600765

Costo_test: 0.228393
Precision_test: 0.618557
Recall_test: 0.597015
F1_test: 0.607595
 

Arquitectura: _2_3_3_3_3_1_
Semilla: 1788106456
Segundos: 187
NIteraciones: 100000

Costo_train: 0.215358
Precision_train: 0.620813
Recall_train: 0.649562
F1_train: 0.634862

Costo_test: 0.222434
Precision_test: 0.577586
Recall_test: 0.666667
F1_test: 0.618938
 

Arquitectura: _2_3_3_3_3_1_
Semilla: 1788106456
Segundos: 187
NIteraciones: 100000

Costo_train: 0.229397
Precision_train: 0.618742
Recall_train: 0.603254
F1_train: 0.610900

Costo_test: 0.229528
Precision_test: 0.615000
Recall_test: 0.611940
F1_test: 0.613466
 

Arquitectura: _2_3_3_3_3_1_
Semilla: 1788106456
Segundos: 187
NIteraciones: 100000

Costo_train: 0.229247
Precision_train: 0.619048
Recall_train: 0.602003
F1_train: 0.610406

Costo_test: 0.229572
Precision_test: 0.615000
Recall_test: 0.611940
F1_test: 0.613466
 

Arquitectura: _2_3_3_3_3_1_
Semilla: 1788106456
Segundos: 187
NIteraciones: 100000

Costo_train: 0.249895
Precision_train: 0.630719
Recall_train: 0.241552
F1_train: 0.349321

Costo_test: 0.249917
Precision_test: 0.562500
Recall_test: 0.223881
F1_test: 0.320285
 

Arquitectura: _2_3_3_3_3_1_
Semilla: 1788106456
Segundos: 187
NIteraciones: 100000

Costo_train: 0.249887
Precision_train: 0.613546
Recall_train: 0.385482
F1_train: 0.473482

Costo_test: 0.249893
Precision_test: 0.565574
Recall_test: 0.343284
F1_test: 0.427245
 

Arquitectura: _2_3_3_3_3_1_
Semilla: 1788106456
Segundos: 187
NIteraciones: 100000

Costo_train: 0.231755
Precision_train: 0.620429
Recall_train: 0.615770
F1_train: 0.618090

Costo_test: 0.230952
Precision_test: 0.619512
Recall_test: 0.631841
F1_test: 0.625616
 

Arquitectura: _2_3_3_3_3_1_
Semilla: 1788106456
Segundos: 187
NIteraciones: 100000

Costo_train: 0.249563
Precision_train: 0.584615
Recall_train: 0.523154
F1_train: 0.552180

Costo_test: 0.249528
Precision_test: 0.581395
Recall_test: 0.497512
F1_test: 0.536193
 

Arquitectura: _2_3_3_3_3_1_
Semilla: 1788106456
Segundos: 187
NIteraciones: 100000

Costo_train: 0.225828
Precision_train: 0.638325
Recall_train: 0.629537
F1_train: 0.633900

Costo_test: 0.227784
Precision_test: 0.631579
Recall_test: 0.656716
F1_test: 0.643902
 

Arquitectura: _2_3_3_3_3_1_
Semilla: 1788106456
Segundos: 187
NIteraciones: 100000

Costo_train: 0.232878
Precision_train: 0.620126
Recall_train: 0.617021
F1_train: 0.618570

Costo_test: 0.232417
Precision_test: 0.621359
Recall_test: 0.636816
F1_test: 0.628993
 

Arquitectura: _2_3_3_3_3_1_
Semilla: 1788106456
Segundos: 187
NIteraciones: 100000

Costo_train: 0.215516
Precision_train: 0.622276
Recall_train: 0.643304
F1_train: 0.632615

Costo_test: 0.222356
Precision_test: 0.584071
Recall_test: 0.656716
F1_test: 0.618267
 

Arquitectura: _2_3_3_3_3_1_
Semilla: 1788106456
Segundos: 187
NIteraciones: 100000

Costo_train: 0.249172
Precision_train: 0.595652
Recall_train: 0.514393
F1_train: 0.552048

Costo_test: 0.249092
Precision_test: 0.596491
Recall_test: 0.507463
F1_test: 0.548387
 

Arquitectura: _2_3_3_3_3_1_
Semilla: 1788106456
Segundos: 187
NIteraciones: 100000

Costo_train: 0.232566
Precision_train: 0.624041
Recall_train: 0.610763
F1_train: 0.617331

Costo_test: 0.232110
Precision_test: 0.617647
Recall_test: 0.626866
F1_test: 0.622222
 

Arquitectura: _2_3_3_3_3_1_
Semilla: 1788106456
Segundos: 187
NIteraciones: 100000

Costo_train: 0.233787
Precision_train: 0.624679
Recall_train: 0.608260
F1_train: 0.616360

Costo_test: 0.233918
Precision_test: 0.623762
Recall_test: 0.626866
F1_test: 0.625310
 

Arquitectura: _2_3_3_3_3_1_
Semilla: 1788106456
Segundos: 187
NIteraciones: 100000

Costo_train: 0.231822
Precision_train: 0.622762
Recall_train: 0.609512
F1_train: 0.616066

Costo_test: 0.231368
Precision_test: 0.617647
Recall_test: 0.626866
F1_test: 0.622222
 

Arquitectura: _2_3_3_3_3_1_
Semilla: 1788106456
Segundos: 187
NIteraciones: 100000

Costo_train: 0.249902
Precision_train: 0.629108
Recall_train: 0.167710
F1_train: 0.264822

Costo_test: 0.249889
Precision_test: 0.620690
Recall_test: 0.179104
F1_test: 0.277992
 

Arquitectura: _2_3_3_3_3_1_
Semilla: 1788106456
Segundos: 187
NIteraciones: 100000

Costo_train: 0.229790
Precision_train: 0.621935
Recall_train: 0.603254
F1_train: 0.612452

Costo_test: 0.229988
Precision_test: 0.618090
Recall_test: 0.611940
F1_test: 0.615000
 

Arquitectura: _2_3_3_3_3_1_
Semilla: 1788106456
Segundos: 187
NIteraciones: 100000

Costo_train: 0.230107
Precision_train: 0.632334
Recall_train: 0.607009
F1_train: 0.619413

Costo_test: 0.230604
Precision_test: 0.620000
Recall_test: 0.616915
F1_test: 0.618454
 

Arquitectura: _2_3_3_3_3_1_
Semilla: 1788106456
Segundos: 187
NIteraciones: 100000

Costo_train: 0.231936
Precision_train: 0.621384
Recall_train: 0.618273
F1_train: 0.619824

Costo_test: 0.231340
Precision_test: 0.619512
Recall_test: 0.631841
F1_test: 0.625616
 

Arquitectura: _2_3_3_3_3_1_
Semilla: 1788106456
Segundos: 187
NIteraciones: 100000

Costo_train: 0.233151
Precision_train: 0.626632
Recall_train: 0.600751
F1_train: 0.613419

Costo_test: 0.233012
Precision_test: 0.618090
Recall_test: 0.611940
F1_test: 0.615000
 

Arquitectura: _2_3_3_3_3_1_
Semilla: 1788106456
Segundos: 187
NIteraciones: 100000

Costo_train: 0.231046
Precision_train: 0.620382
Recall_train: 0.609512
F1_train: 0.614899

Costo_test: 0.230444
Precision_test: 0.610000
Recall_test: 0.606965
F1_test: 0.608479
 

Arquitectura: _2_3_3_3_3_1_
Semilla: 1788106456
Segundos: 187
NIteraciones: 100000

Costo_train: 0.230976
Precision_train: 0.627451
Recall_train: 0.600751
F1_train: 0.613811

Costo_test: 0.230656
Precision_test: 0.612245
Recall_test: 0.597015
F1_test: 0.604534
 

Arquitectura: _2_3_3_3_3_1_
Semilla: 1788106456
Segundos: 187
NIteraciones: 100000

Costo_train: 0.249207
Precision_train: 0.595365
Recall_train: 0.418023
F1_train: 0.491176

Costo_test: 0.249093
Precision_test: 0.590909
Recall_test: 0.388060
F1_test: 0.468468
 

Arquitectura: _2_3_3_3_3_1_
Semilla: 1788106456
Segundos: 187
NIteraciones: 100000

Costo_train: 0.230698
Precision_train: 0.624204
Recall_train: 0.613267
F1_train: 0.618687

Costo_test: 0.230127
Precision_test: 0.617647
Recall_test: 0.626866
F1_test: 0.622222
 

Arquitectura: _2_3_3_3_3_1_
Semilla: 1788106456
Segundos: 187
NIteraciones: 100000

Costo_train: 0.232488
Precision_train: 0.624352
Recall_train: 0.603254
F1_train: 0.613622

Costo_test: 0.232043
Precision_test: 0.618090
Recall_test: 0.611940
F1_test: 0.615000
 

Arquitectura: _2_3_3_3_3_1_
Semilla: 1788106456
Segundos: 187
NIteraciones: 100000

Costo_train: 0.232043
Precision_train: 0.625160
Recall_train: 0.609512
F1_train: 0.617237

Costo_test: 0.231525
Precision_test: 0.616915
Recall_test: 0.616915
F1_test: 0.616915
 

Arquitectura: _2_3_3_3_3_1_
Semilla: 1788106456
Segundos: 187
NIteraciones: 100000

Costo_train: 0.225445
Precision_train: 0.602028
Recall_train: 0.594493
F1_train: 0.598237

Costo_test: 0.226207
Precision_test: 0.608040
Recall_test: 0.601990
F1_test: 0.605000
 

Arquitectura: _2_3_3_3_3_1_
Semilla: 1788106456
Segundos: 187
NIteraciones: 100000

Costo_train: 0.232757
Precision_train: 0.624196
Recall_train: 0.607009
F1_train: 0.615482

Costo_test: 0.232450
Precision_test: 0.621891
Recall_test: 0.621891
F1_test: 0.621891
 

Arquitectura: _2_3_3_3_3_1_
Semilla: 1788106456
Segundos: 187
NIteraciones: 100000

Costo_train: 0.231548
Precision_train: 0.623410
Recall_train: 0.613267
F1_train: 0.618297

Costo_test: 0.230992
Precision_test: 0.617647
Recall_test: 0.626866
F1_test: 0.622222
 

Arquitectura: _2_3_3_3_3_1_
Semilla: 1788106456
Segundos: 187
NIteraciones: 100000

Costo_train: 0.233652
Precision_train: 0.619950
Recall_train: 0.614518
F1_train: 0.617222

Costo_test: 0.233596
Precision_test: 0.617647
Recall_test: 0.626866
F1_test: 0.622222
 

Arquitectura: _2_3_3_3_3_1_
Semilla: 1788106456
Segundos: 187
NIteraciones: 100000

Costo_train: 0.232996
Precision_train: 0.622251
Recall_train: 0.602003
F1_train: 0.611959

Costo_test: 0.232686
Precision_test: 0.621891
Recall_test: 0.621891
F1_test: 0.621891
 

Arquitectura: _2_3_3_3_3_1_
Semilla: 1788106456
Segundos: 187
NIteraciones: 100000

Costo_train: 0.231218
Precision_train: 0.621997
Recall_train: 0.615770
F1_train: 0.618868

Costo_test: 0.230616
Precision_test: 0.619512
Recall_test: 0.631841
F1_test: 0.625616
 

Arquitectura: _2_3_3_3_3_1_
Semilla: 1788106456
Segundos: 187
NIteraciones: 100000

Costo_train: 0.232151
Precision_train: 0.626302
Recall_train: 0.602003
F1_train: 0.613912

Costo_test: 0.231769
Precision_test: 0.618090
Recall_test: 0.611940
F1_test: 0.615000
 

Arquitectura: _2_3_3_3_3_1_
Semilla: 1788106456
Segundos: 187
NIteraciones: 100000

Costo_train: 0.234043
Precision_train: 0.620301
Recall_train: 0.619524
F1_train: 0.619912

Costo_test: 0.232919
Precision_test: 0.623188
Recall_test: 0.641791
F1_test: 0.632353
 

Arquitectura: _2_3_3_3_3_1_
Semilla: 1788106456
Segundos: 187
NIteraciones: 100000

Costo_train: 0.230186
Precision_train: 0.618370
Recall_train: 0.598248
F1_train: 0.608142

Costo_test: 0.230653
Precision_test: 0.617347
Recall_test: 0.601990
F1_test: 0.609572
 

Arquitectura: _2_3_3_3_3_1_
Semilla: 1788106456
Segundos: 187
NIteraciones: 100000

Costo_train: 0.233520
Precision_train: 0.623865
Recall_train: 0.602003
F1_train: 0.612739

Costo_test: 0.233527
Precision_test: 0.621891
Recall_test: 0.621891
F1_test: 0.621891
 

Arquitectura: _2_3_3_3_3_1_
Semilla: 1788106456
Segundos: 187
NIteraciones: 100000

Costo_train: 0.230388
Precision_train: 0.623244
Recall_train: 0.610763
F1_train: 0.616941

Costo_test: 0.229809
Precision_test: 0.608040
Recall_test: 0.601990
F1_test: 0.605000
 

Arquitectura: _2_3_3_3_3_1_
Semilla: 1788106456
Segundos: 187
NIteraciones: 100000

Costo_train: 0.230374
Precision_train: 0.623888
Recall_train: 0.614518
F1_train: 0.619168

Costo_test: 0.229793
Precision_test: 0.619512
Recall_test: 0.631841
F1_test: 0.625616
 

Arquitectura: _2_3_3_3_3_1_
Semilla: 1788106456
Segundos: 187
NIteraciones: 100000

Costo_train: 0.232201
Precision_train: 0.622137
Recall_train: 0.612015
F1_train: 0.617035

Costo_test: 0.231716
Precision_test: 0.617647
Recall_test: 0.626866
F1_test: 0.622222
 

Arquitectura: _2_3_3_3_3_1_
Semilla: 1788106456
Segundos: 187
NIteraciones: 100000

Costo_train: 0.249289
Precision_train: 0.565491
Recall_train: 0.561952
F1_train: 0.563716

Costo_test: 0.249303
Precision_test: 0.578947
Recall_test: 0.547264
F1_test: 0.562660
 

Arquitectura: _2_3_3_3_3_1_
Semilla: 1788106456
Segundos: 187
NIteraciones: 100000

Costo_train: 0.233552
Precision_train: 0.620558
Recall_train: 0.612015
F1_train: 0.616257

Costo_test: 0.233449
Precision_test: 0.617647
Recall_test: 0.626866
F1_test: 0.622222
 

Arquitectura: _2_3_3_3_3_1_
Semilla: 1788106456
Segundos: 187
NIteraciones: 100000

Costo_train: 0.233541
Precision_train: 0.620429
Recall_train: 0.615770
F1_train: 0.618090

Costo_test: 0.233154
Precision_test: 0.619512
Recall_test: 0.631841
F1_test: 0.625616
 

Arquitectura: _2_3_3_3_3_1_
Semilla: 1788106456
Segundos: 187
NIteraciones: 100000

Costo_train: 0.230358
Precision_train: 0.621690
Recall_train: 0.617021
F1_train: 0.619347

Costo_test: 0.229724
Precision_test: 0.619512
Recall_test: 0.631841
F1_test: 0.625616
 

Arquitectura: _2_3_3_3_3_1_
Semilla: 1788106456
Segundos: 187
NIteraciones: 100000

Costo_train: 0.232096
Precision_train: 0.624352
Recall_train: 0.603254
F1_train: 0.613622

Costo_test: 0.231655
Precision_test: 0.618090
Recall_test: 0.611940
F1_test: 0.615000
 


--- Test Angosta 5.0 ---
Iteración 10000
Costo: 0.207938
Iteración 20000
Costo: 0.203120
Iteración 30000
Costo: 0.199916
Iteración 40000
Costo: 0.197449
Iteración 50000
Costo: 0.199367
Iteración 60000
Costo: 0.199593
Iteración 70000
Costo: 0.194873
Iteración 80000
Costo: 0.187204
Iteración 90000
Costo: 0.176446

Arquitectura: _2_15_1_
Semilla: 1788106643
Segundos: 56
NIteraciones: 100000

Costo_train: 0.156701
Precision_train: 0.726942
Recall_train: 0.749687
F1_train: 0.738139

Costo_test: 0.165465
Precision_test: 0.694064
Recall_test: 0.756219
F1_test: 0.723810
 

Arquitectura: _2_15_1_
Semilla: 1788106643
Segundos: 56
NIteraciones: 100000

Costo_train: 0.177579
Precision_train: 0.699615
Recall_train: 0.682103
F1_train: 0.690748

Costo_test: 0.187475
Precision_test: 0.653659
Recall_test: 0.666667
F1_test: 0.660099
 

Arquitectura: _2_15_1_
Semilla: 1788106643
Segundos: 56
NIteraciones: 100000

Costo_train: 0.167246
Precision_train: 0.732034
Recall_train: 0.752190
F1_train: 0.741975

Costo_test: 0.175698
Precision_test: 0.665116
Recall_test: 0.711443
F1_test: 0.687500
 

Arquitectura: _2_15_1_
Semilla: 1788106643
Segundos: 56
NIteraciones: 100000

Costo_train: 0.158226
Precision_train: 0.806492
Recall_train: 0.808511
F1_train: 0.807500

Costo_test: 0.165081
Precision_test: 0.759615
Recall_test: 0.786070
F1_test: 0.772616
 

Arquitectura: _2_15_1_
Semilla: 1788106643
Segundos: 56
NIteraciones: 100000

Costo_train: 0.139939
Precision_train: 0.827500
Recall_train: 0.828536
F1_train: 0.828018

Costo_test: 0.151221
Precision_test: 0.797101
Recall_test: 0.820895
F1_test: 0.808824
 

Arquitectura: _2_15_1_
Semilla: 1788106643
Segundos: 56
NIteraciones: 100000

Costo_train: 0.161676
Precision_train: 0.776819
Recall_train: 0.788486
F1_train: 0.782609

Costo_test: 0.170149
Precision_test: 0.727273
Recall_test: 0.756219
F1_test: 0.741463
 

Arquitectura: _2_15_1_
Semilla: 1788106643
Segundos: 56
NIteraciones: 100000

Costo_train: 0.188507
Precision_train: 0.683480
Recall_train: 0.678348
F1_train: 0.680905

Costo_test: 0.199148
Precision_test: 0.639810
Recall_test: 0.671642
F1_test: 0.655340
 

Arquitectura: _2_15_1_
Semilla: 1788106643
Segundos: 56
NIteraciones: 100000

Costo_train: 0.186197
Precision_train: 0.689612
Recall_train: 0.689612
F1_train: 0.689612

Costo_test: 0.193710
Precision_test: 0.665094
Recall_test: 0.701493
F1_test: 0.682809
 

Arquitectura: _2_15_1_
Semilla: 1788106643
Segundos: 56
NIteraciones: 100000

Costo_train: 0.169425
Precision_train: 0.755975
Recall_train: 0.752190
F1_train: 0.754078

Costo_test: 0.177629
Precision_test: 0.713592
Recall_test: 0.731343
F1_test: 0.722359
 

Arquitectura: _2_15_1_
Semilla: 1788106643
Segundos: 56
NIteraciones: 100000

Costo_train: 0.177230
Precision_train: 0.723058
Recall_train: 0.722153
F1_train: 0.722605

Costo_test: 0.194795
Precision_test: 0.671429
Recall_test: 0.701493
F1_test: 0.686131
 

Arquitectura: _2_15_1_
Semilla: 1788106643
Segundos: 56
NIteraciones: 100000

Costo_train: 0.182991
Precision_train: 0.740467
Recall_train: 0.753442
F1_train: 0.746898

Costo_test: 0.196304
Precision_test: 0.708520
Recall_test: 0.786070
F1_test: 0.745283
 

Arquitectura: _2_15_1_
Semilla: 1788106643
Segundos: 56
NIteraciones: 100000

Costo_train: 0.158100
Precision_train: 0.762203
Recall_train: 0.762203
F1_train: 0.762203

Costo_test: 0.165811
Precision_test: 0.725581
Recall_test: 0.776119
F1_test: 0.750000
 

Arquitectura: _2_15_1_
Semilla: 1788106643
Segundos: 56
NIteraciones: 100000

Costo_train: 0.161501
Precision_train: 0.778481
Recall_train: 0.769712
F1_train: 0.774072

Costo_test: 0.171091
Precision_test: 0.732394
Recall_test: 0.776119
F1_test: 0.753623
 

Arquitectura: _2_15_1_
Semilla: 1788106643
Segundos: 56
NIteraciones: 100000

Costo_train: 0.196492
Precision_train: 0.740050
Recall_train: 0.744681
F1_train: 0.742358

Costo_test: 0.210513
Precision_test: 0.643836
Recall_test: 0.701493
F1_test: 0.671429
 

Arquitectura: _2_15_1_
Semilla: 1788106643
Segundos: 56
NIteraciones: 100000

Costo_train: 0.171536
Precision_train: 0.722222
Recall_train: 0.732165
F1_train: 0.727160

Costo_test: 0.181325
Precision_test: 0.684211
Recall_test: 0.711443
F1_test: 0.697561
 

Arquitectura: _2_15_1_
Semilla: 1788106643
Segundos: 56
NIteraciones: 100000

Costo_train: 0.165959
Precision_train: 0.764323
Recall_train: 0.734668
F1_train: 0.749202

Costo_test: 0.176286
Precision_test: 0.701923
Recall_test: 0.726368
F1_test: 0.713936
 

Arquitectura: _2_15_1_
Semilla: 1788106643
Segundos: 56
NIteraciones: 100000

Costo_train: 0.158338
Precision_train: 0.757090
Recall_train: 0.768461
F1_train: 0.762733

Costo_test: 0.162817
Precision_test: 0.759434
Recall_test: 0.800995
F1_test: 0.779661
 

Arquitectura: _2_15_1_
Semilla: 1788106643
Segundos: 56
NIteraciones: 100000

Costo_train: 0.172442
Precision_train: 0.692884
Recall_train: 0.694618
F1_train: 0.693750

Costo_test: 0.181538
Precision_test: 0.640909
Recall_test: 0.701493
F1_test: 0.669834
 

Arquitectura: _2_15_1_
Semilla: 1788106643
Segundos: 56
NIteraciones: 100000

Costo_train: 0.181911
Precision_train: 0.688750
Recall_train: 0.689612
F1_train: 0.689181

Costo_test: 0.189662
Precision_test: 0.644860
Recall_test: 0.686567
F1_test: 0.665060
 

Arquitectura: _2_15_1_
Semilla: 1788106643
Segundos: 56
NIteraciones: 100000

Costo_train: 0.179484
Precision_train: 0.709443
Recall_train: 0.733417
F1_train: 0.721231

Costo_test: 0.184547
Precision_test: 0.689498
Recall_test: 0.751244
F1_test: 0.719048
 

Arquitectura: _2_15_1_
Semilla: 1788106643
Segundos: 56
NIteraciones: 100000

Costo_train: 0.157928
Precision_train: 0.782767
Recall_train: 0.807259
F1_train: 0.794824

Costo_test: 0.160184
Precision_test: 0.758929
Recall_test: 0.845771
F1_test: 0.800000
 

Arquitectura: _2_15_1_
Semilla: 1788106643
Segundos: 56
NIteraciones: 100000

Costo_train: 0.187206
Precision_train: 0.719950
Recall_train: 0.727159
F1_train: 0.723537

Costo_test: 0.203923
Precision_test: 0.665116
Recall_test: 0.711443
F1_test: 0.687500
 

Arquitectura: _2_15_1_
Semilla: 1788106643
Segundos: 56
NIteraciones: 100000

Costo_train: 0.172796
Precision_train: 0.732587
Recall_train: 0.737171
F1_train: 0.734872

Costo_test: 0.185365
Precision_test: 0.703349
Recall_test: 0.731343
F1_test: 0.717073
 

Arquitectura: _2_15_1_
Semilla: 1788106643
Segundos: 56
NIteraciones: 100000

Costo_train: 0.186847
Precision_train: 0.676806
Recall_train: 0.668335
F1_train: 0.672544

Costo_test: 0.193762
Precision_test: 0.688995
Recall_test: 0.716418
F1_test: 0.702439
 

Arquitectura: _2_15_1_
Semilla: 1788106643
Segundos: 56
NIteraciones: 100000

Costo_train: 0.173390
Precision_train: 0.723701
Recall_train: 0.714643
F1_train: 0.719144

Costo_test: 0.184078
Precision_test: 0.672986
Recall_test: 0.706468
F1_test: 0.689320
 

Arquitectura: _2_15_1_
Semilla: 1788106643
Segundos: 56
NIteraciones: 100000

Costo_train: 0.182744
Precision_train: 0.718310
Recall_train: 0.702128
F1_train: 0.710127

Costo_test: 0.198335
Precision_test: 0.669856
Recall_test: 0.696517
F1_test: 0.682927
 

Arquitectura: _2_15_1_
Semilla: 1788106643
Segundos: 56
NIteraciones: 100000

Costo_train: 0.139693
Precision_train: 0.780854
Recall_train: 0.847309
F1_train: 0.812725

Costo_test: 0.152363
Precision_test: 0.736607
Recall_test: 0.820895
F1_test: 0.776471
 

Arquitectura: _2_15_1_
Semilla: 1788106643
Segundos: 56
NIteraciones: 100000

Costo_train: 0.180321
Precision_train: 0.699872
Recall_train: 0.685857
F1_train: 0.692794

Costo_test: 0.191283
Precision_test: 0.661765
Recall_test: 0.671642
F1_test: 0.666667
 

Arquitectura: _2_15_1_
Semilla: 1788106643
Segundos: 56
NIteraciones: 100000

Costo_train: 0.187156
Precision_train: 0.753530
Recall_train: 0.734668
F1_train: 0.743980

Costo_test: 0.194289
Precision_test: 0.635514
Recall_test: 0.676617
F1_test: 0.655422
 

Arquitectura: _2_15_1_
Semilla: 1788106643
Segundos: 56
NIteraciones: 100000

Costo_train: 0.164841
Precision_train: 0.754951
Recall_train: 0.763454
F1_train: 0.759179

Costo_test: 0.174180
Precision_test: 0.726027
Recall_test: 0.791045
F1_test: 0.757143
 

Arquitectura: _2_15_1_
Semilla: 1788106643
Segundos: 56
NIteraciones: 100000

Costo_train: 0.187472
Precision_train: 0.713930
Recall_train: 0.718398
F1_train: 0.716157

Costo_test: 0.203409
Precision_test: 0.677419
Recall_test: 0.731343
F1_test: 0.703349
 

Arquitectura: _2_15_1_
Semilla: 1788106643
Segundos: 56
NIteraciones: 100000

Costo_train: 0.164946
Precision_train: 0.770171
Recall_train: 0.788486
F1_train: 0.779221

Costo_test: 0.168808
Precision_test: 0.768116
Recall_test: 0.791045
F1_test: 0.779412
 

Arquitectura: _2_15_1_
Semilla: 1788106643
Segundos: 56
NIteraciones: 100000

Costo_train: 0.181549
Precision_train: 0.734177
Recall_train: 0.725907
F1_train: 0.730019

Costo_test: 0.197488
Precision_test: 0.685446
Recall_test: 0.726368
F1_test: 0.705314
 

Arquitectura: _2_15_1_
Semilla: 1788106643
Segundos: 56
NIteraciones: 100000

Costo_train: 0.175010
Precision_train: 0.755442
Recall_train: 0.738423
F1_train: 0.746835

Costo_test: 0.178973
Precision_test: 0.710145
Recall_test: 0.731343
F1_test: 0.720588
 

Arquitectura: _2_15_1_
Semilla: 1788106643
Segundos: 56
NIteraciones: 100000

Costo_train: 0.182070
Precision_train: 0.703125
Recall_train: 0.732165
F1_train: 0.717351

Costo_test: 0.197327
Precision_test: 0.705314
Recall_test: 0.726368
F1_test: 0.715686
 

Arquitectura: _2_15_1_
Semilla: 1788106643
Segundos: 56
NIteraciones: 100000

Costo_train: 0.149336
Precision_train: 0.832241
Recall_train: 0.794743
F1_train: 0.813060

Costo_test: 0.158280
Precision_test: 0.798995
Recall_test: 0.791045
F1_test: 0.795000
 

Arquitectura: _2_15_1_
Semilla: 1788106643
Segundos: 56
NIteraciones: 100000

Costo_train: 0.170386
Precision_train: 0.717887
Recall_train: 0.748436
F1_train: 0.732843

Costo_test: 0.177911
Precision_test: 0.678733
Recall_test: 0.746269
F1_test: 0.710900
 

Arquitectura: _2_15_1_
Semilla: 1788106643
Segundos: 56
NIteraciones: 100000

Costo_train: 0.184414
Precision_train: 0.689172
Recall_train: 0.677096
F1_train: 0.683081

Costo_test: 0.192115
Precision_test: 0.729469
Recall_test: 0.751244
F1_test: 0.740196
 

Arquitectura: _2_15_1_
Semilla: 1788106643
Segundos: 56
NIteraciones: 100000

Costo_train: 0.178902
Precision_train: 0.723701
Recall_train: 0.714643
F1_train: 0.719144

Costo_test: 0.186988
Precision_test: 0.663462
Recall_test: 0.686567
F1_test: 0.674817
 

Arquitectura: _2_15_1_
Semilla: 1788106643
Segundos: 56
NIteraciones: 100000

Costo_train: 0.187870
Precision_train: 0.706329
Recall_train: 0.698373
F1_train: 0.702329

Costo_test: 0.204017
Precision_test: 0.690476
Recall_test: 0.721393
F1_test: 0.705596
 

Arquitectura: _2_15_1_
Semilla: 1788106643
Segundos: 56
NIteraciones: 100000

Costo_train: 0.185954
Precision_train: 0.709229
Recall_train: 0.702128
F1_train: 0.705660

Costo_test: 0.201476
Precision_test: 0.658879
Recall_test: 0.701493
F1_test: 0.679518
 

Arquitectura: _2_15_1_
Semilla: 1788106643
Segundos: 56
NIteraciones: 100000

Costo_train: 0.160946
Precision_train: 0.784558
Recall_train: 0.788486
F1_train: 0.786517

Costo_test: 0.165773
Precision_test: 0.714953
Recall_test: 0.761194
F1_test: 0.737349
 

Arquitectura: _2_15_1_
Semilla: 1788106643
Segundos: 56
NIteraciones: 100000

Costo_train: 0.163766
Precision_train: 0.755359
Recall_train: 0.749687
F1_train: 0.752513

Costo_test: 0.174594
Precision_test: 0.725581
Recall_test: 0.776119
F1_test: 0.750000
 

Arquitectura: _2_15_1_
Semilla: 1788106643
Segundos: 56
NIteraciones: 100000

Costo_train: 0.151736
Precision_train: 0.819444
Recall_train: 0.812265
F1_train: 0.815839

Costo_test: 0.156305
Precision_test: 0.798030
Recall_test: 0.805970
F1_test: 0.801980
 

Arquitectura: _2_15_1_
Semilla: 1788106643
Segundos: 56
NIteraciones: 100000

Costo_train: 0.135769
Precision_train: 0.858561
Recall_train: 0.866083
F1_train: 0.862305

Costo_test: 0.136292
Precision_test: 0.867647
Recall_test: 0.880597
F1_test: 0.874074
 

Arquitectura: _2_15_1_
Semilla: 1788106643
Segundos: 56
NIteraciones: 100000

Costo_train: 0.165925
Precision_train: 0.753358
Recall_train: 0.772215
F1_train: 0.762670

Costo_test: 0.170900
Precision_test: 0.724771
Recall_test: 0.786070
F1_test: 0.754177
 

Arquitectura: _2_15_1_
Semilla: 1788106643
Segundos: 56
NIteraciones: 100000

Costo_train: 0.163514
Precision_train: 0.800499
Recall_train: 0.803504
F1_train: 0.801999

Costo_test: 0.172785
Precision_test: 0.738318
Recall_test: 0.786070
F1_test: 0.761446
 

Arquitectura: _2_15_1_
Semilla: 1788106643
Segundos: 56
NIteraciones: 100000

Costo_train: 0.155731
Precision_train: 0.764557
Recall_train: 0.755945
F1_train: 0.760227

Costo_test: 0.159639
Precision_test: 0.739535
Recall_test: 0.791045
F1_test: 0.764423
 

Arquitectura: _2_15_1_
Semilla: 1788106643
Segundos: 56
NIteraciones: 100000

Costo_train: 0.160715
Precision_train: 0.784314
Recall_train: 0.801001
F1_train: 0.792570

Costo_test: 0.170226
Precision_test: 0.736842
Recall_test: 0.766169
F1_test: 0.751220
 

Arquitectura: _2_15_1_
Semilla: 1788106643
Segundos: 56
NIteraciones: 100000

Costo_train: 0.153057
Precision_train: 0.768850
Recall_train: 0.778473
F1_train: 0.773632

Costo_test: 0.152975
Precision_test: 0.754717
Recall_test: 0.796020
F1_test: 0.774818
 

Arquitectura: _2_15_1_
Semilla: 1788106643
Segundos: 56
NIteraciones: 100000

Costo_train: 0.185712
Precision_train: 0.687421
Recall_train: 0.677096
F1_train: 0.682219

Costo_test: 0.197916
Precision_test: 0.676190
Recall_test: 0.706468
F1_test: 0.690998
 

Arquitectura: _2_15_1_
Semilla: 1788106643
Segundos: 56
NIteraciones: 100000

Costo_train: 0.169078
Precision_train: 0.708434
Recall_train: 0.735920
F1_train: 0.721915

Costo_test: 0.175001
Precision_test: 0.678571
Recall_test: 0.756219
F1_test: 0.715294
 

Arquitectura: _2_15_1_
Semilla: 1788106643
Segundos: 56
NIteraciones: 100000

Costo_train: 0.121364
Precision_train: 0.883249
Recall_train: 0.871089
F1_train: 0.877127

Costo_test: 0.128498
Precision_test: 0.870000
Recall_test: 0.865672
F1_test: 0.867830
 

Arquitectura: _2_15_1_
Semilla: 1788106643
Segundos: 56
NIteraciones: 100000

Costo_train: 0.184135
Precision_train: 0.724051
Recall_train: 0.715895
F1_train: 0.719950

Costo_test: 0.200777
Precision_test: 0.679245
Recall_test: 0.716418
F1_test: 0.697337
 

Arquitectura: _2_15_1_
Semilla: 1788106643
Segundos: 56
NIteraciones: 100000

Costo_train: 0.189345
Precision_train: 0.699742
Recall_train: 0.679600
F1_train: 0.689524

Costo_test: 0.203554
Precision_test: 0.694444
Recall_test: 0.746269
F1_test: 0.719424
 

Arquitectura: _2_15_1_
Semilla: 1788106643
Segundos: 56
NIteraciones: 100000

Costo_train: 0.155553
Precision_train: 0.779874
Recall_train: 0.775970
F1_train: 0.777917

Costo_test: 0.160545
Precision_test: 0.765550
Recall_test: 0.796020
F1_test: 0.780488
 

Arquitectura: _2_15_1_
Semilla: 1788106643
Segundos: 56
NIteraciones: 100000

Costo_train: 0.180765
Precision_train: 0.682219
Recall_train: 0.677096
F1_train: 0.679648

Costo_test: 0.188326
Precision_test: 0.724638
Recall_test: 0.746269
F1_test: 0.735294
 

Arquitectura: _2_15_1_
Semilla: 1788106643
Segundos: 56
NIteraciones: 100000

Costo_train: 0.175959
Precision_train: 0.709845
Recall_train: 0.685857
F1_train: 0.697645

Costo_test: 0.184572
Precision_test: 0.663366
Recall_test: 0.666667
F1_test: 0.665012
 

Arquitectura: _2_15_1_
Semilla: 1788106643
Segundos: 56
NIteraciones: 100000

Costo_train: 0.189176
Precision_train: 0.712468
Recall_train: 0.700876
F1_train: 0.706625

Costo_test: 0.204316
Precision_test: 0.668246
Recall_test: 0.701493
F1_test: 0.684466
 

Arquitectura: _2_15_1_
Semilla: 1788106643
Segundos: 56
NIteraciones: 100000

Costo_train: 0.151920
Precision_train: 0.816728
Recall_train: 0.831039
F1_train: 0.823821

Costo_test: 0.155521
Precision_test: 0.811594
Recall_test: 0.835821
F1_test: 0.823529
 

Arquitectura: _2_15_1_
Semilla: 1788106643
Segundos: 56
NIteraciones: 100000

Costo_train: 0.147527
Precision_train: 0.775120
Recall_train: 0.811014
F1_train: 0.792661

Costo_test: 0.160534
Precision_test: 0.721461
Recall_test: 0.786070
F1_test: 0.752381
 

Arquitectura: _2_15_1_
Semilla: 1788106643
Segundos: 56
NIteraciones: 100000

Costo_train: 0.191723
Precision_train: 0.665829
Recall_train: 0.663329
F1_train: 0.664577

Costo_test: 0.201421
Precision_test: 0.663594
Recall_test: 0.716418
F1_test: 0.688995
 

Arquitectura: _2_15_1_
Semilla: 1788106643
Segundos: 56
NIteraciones: 100000

Costo_train: 0.163977
Precision_train: 0.806995
Recall_train: 0.779725
F1_train: 0.793125

Costo_test: 0.172224
Precision_test: 0.760976
Recall_test: 0.776119
F1_test: 0.768473
 

Arquitectura: _2_15_1_
Semilla: 1788106643
Segundos: 56
NIteraciones: 100000

Costo_train: 0.171399
Precision_train: 0.763158
Recall_train: 0.762203
F1_train: 0.762680

Costo_test: 0.181985
Precision_test: 0.685589
Recall_test: 0.781095
F1_test: 0.730233
 

Arquitectura: _2_15_1_
Semilla: 1788106643
Segundos: 56
NIteraciones: 100000

Costo_train: 0.138926
Precision_train: 0.847205
Recall_train: 0.853567
F1_train: 0.850374

Costo_test: 0.146181
Precision_test: 0.804651
Recall_test: 0.860696
F1_test: 0.831731
 

Arquitectura: _2_15_1_
Semilla: 1788106643
Segundos: 56
NIteraciones: 100000

Costo_train: 0.166642
Precision_train: 0.758282
Recall_train: 0.773467
F1_train: 0.765799

Costo_test: 0.179498
Precision_test: 0.705069
Recall_test: 0.761194
F1_test: 0.732057
 

Arquitectura: _2_15_1_
Semilla: 1788106643
Segundos: 56
NIteraciones: 100000

Costo_train: 0.167228
Precision_train: 0.764423
Recall_train: 0.795995
F1_train: 0.779890

Costo_test: 0.179037
Precision_test: 0.718310
Recall_test: 0.761194
F1_test: 0.739130
 

Arquitectura: _2_15_1_
Semilla: 1788106643
Segundos: 56
NIteraciones: 100000

Costo_train: 0.167277
Precision_train: 0.765586
Recall_train: 0.768461
F1_train: 0.767021

Costo_test: 0.174886
Precision_test: 0.725118
Recall_test: 0.761194
F1_test: 0.742718
 

Arquitectura: _2_15_1_
Semilla: 1788106643
Segundos: 56
NIteraciones: 100000

Costo_train: 0.165258
Precision_train: 0.734597
Recall_train: 0.775970
F1_train: 0.754717

Costo_test: 0.174160
Precision_test: 0.695455
Recall_test: 0.761194
F1_test: 0.726841
 

Arquitectura: _2_15_1_
Semilla: 1788106643
Segundos: 56
NIteraciones: 100000

Costo_train: 0.148359
Precision_train: 0.821297
Recall_train: 0.839800
F1_train: 0.830446

Costo_test: 0.155141
Precision_test: 0.776256
Recall_test: 0.845771
F1_test: 0.809524
 

Arquitectura: _2_15_1_
Semilla: 1788106643
Segundos: 56
NIteraciones: 100000

Costo_train: 0.175766
Precision_train: 0.771465
Recall_train: 0.764706
F1_train: 0.768070

Costo_test: 0.190809
Precision_test: 0.702830
Recall_test: 0.741294
F1_test: 0.721550
 

Arquitectura: _2_15_1_
Semilla: 1788106643
Segundos: 56
NIteraciones: 100000

Costo_train: 0.179839
Precision_train: 0.726027
Recall_train: 0.729662
F1_train: 0.727840

Costo_test: 0.191390
Precision_test: 0.695853
Recall_test: 0.751244
F1_test: 0.722488
 

Arquitectura: _2_15_1_
Semilla: 1788106643
Segundos: 56
NIteraciones: 100000

Costo_train: 0.142408
Precision_train: 0.792771
Recall_train: 0.823529
F1_train: 0.807858

Costo_test: 0.142641
Precision_test: 0.792627
Recall_test: 0.855721
F1_test: 0.822967
 

Arquitectura: _2_15_1_
Semilla: 1788106643
Segundos: 56
NIteraciones: 100000

Costo_train: 0.167875
Precision_train: 0.728485
Recall_train: 0.752190
F1_train: 0.740148

Costo_test: 0.178527
Precision_test: 0.690265
Recall_test: 0.776119
F1_test: 0.730679
 

Arquitectura: _2_15_1_
Semilla: 1788106643
Segundos: 56
NIteraciones: 100000

Costo_train: 0.198373
Precision_train: 0.683354
Recall_train: 0.683354
F1_train: 0.683354

Costo_test: 0.211027
Precision_test: 0.675926
Recall_test: 0.726368
F1_test: 0.700240
 

Arquitectura: _2_15_1_
Semilla: 1788106643
Segundos: 56
NIteraciones: 100000

Costo_train: 0.150747
Precision_train: 0.831488
Recall_train: 0.846058
F1_train: 0.838710

Costo_test: 0.154825
Precision_test: 0.800948
Recall_test: 0.840796
F1_test: 0.820388
 

Arquitectura: _2_15_1_
Semilla: 1788106643
Segundos: 56
NIteraciones: 100000

Costo_train: 0.167641
Precision_train: 0.737037
Recall_train: 0.747184
F1_train: 0.742076

Costo_test: 0.170460
Precision_test: 0.710900
Recall_test: 0.746269
F1_test: 0.728155
 

Arquitectura: _2_15_1_
Semilla: 1788106643
Segundos: 56
NIteraciones: 100000

Costo_train: 0.154866
Precision_train: 0.781566
Recall_train: 0.774718
F1_train: 0.778127

Costo_test: 0.158290
Precision_test: 0.769608
Recall_test: 0.781095
F1_test: 0.775309
 

Arquitectura: _2_15_1_
Semilla: 1788106643
Segundos: 56
NIteraciones: 100000

Costo_train: 0.179870
Precision_train: 0.734668
Recall_train: 0.734668
F1_train: 0.734668

Costo_test: 0.194469
Precision_test: 0.691589
Recall_test: 0.736318
F1_test: 0.713253
 

Arquitectura: _2_15_1_
Semilla: 1788106643
Segundos: 56
NIteraciones: 100000

Costo_train: 0.175494
Precision_train: 0.755359
Recall_train: 0.749687
F1_train: 0.752513

Costo_test: 0.188252
Precision_test: 0.704762
Recall_test: 0.736318
F1_test: 0.720195
 

Arquitectura: _2_15_1_
Semilla: 1788106643
Segundos: 56
NIteraciones: 100000

Costo_train: 0.196330
Precision_train: 0.685069
Recall_train: 0.683354
F1_train: 0.684211

Costo_test: 0.208460
Precision_test: 0.669767
Recall_test: 0.716418
F1_test: 0.692308
 

Arquitectura: _2_15_1_
Semilla: 1788106643
Segundos: 56
NIteraciones: 100000

Costo_train: 0.182346
Precision_train: 0.721687
Recall_train: 0.749687
F1_train: 0.735421

Costo_test: 0.186251
Precision_test: 0.731481
Recall_test: 0.786070
F1_test: 0.757794
 

Arquitectura: _2_15_1_
Semilla: 1788106643
Segundos: 56
NIteraciones: 100000

Costo_train: 0.179969
Precision_train: 0.721019
Recall_train: 0.708385
F1_train: 0.714647

Costo_test: 0.195348
Precision_test: 0.671498
Recall_test: 0.691542
F1_test: 0.681373
 

Arquitectura: _2_15_1_
Semilla: 1788106643
Segundos: 56
NIteraciones: 100000

Costo_train: 0.148152
Precision_train: 0.819083
Recall_train: 0.827284
F1_train: 0.823163

Costo_test: 0.155478
Precision_test: 0.787736
Recall_test: 0.830846
F1_test: 0.808717
 

Arquitectura: _2_15_1_
Semilla: 1788106643
Segundos: 56
NIteraciones: 100000

Costo_train: 0.145852
Precision_train: 0.810256
Recall_train: 0.790989
F1_train: 0.800507

Costo_test: 0.156896
Precision_test: 0.768473
Recall_test: 0.776119
F1_test: 0.772277
 

Arquitectura: _2_15_1_
Semilla: 1788106643
Segundos: 56
NIteraciones: 100000

Costo_train: 0.177305
Precision_train: 0.747253
Recall_train: 0.765957
F1_train: 0.756490

Costo_test: 0.195727
Precision_test: 0.700000
Recall_test: 0.766169
F1_test: 0.731591
 

Arquitectura: _2_15_1_
Semilla: 1788106643
Segundos: 56
NIteraciones: 100000

Costo_train: 0.161496
Precision_train: 0.778186
Recall_train: 0.794743
F1_train: 0.786378

Costo_test: 0.167700
Precision_test: 0.750000
Recall_test: 0.805970
F1_test: 0.776978
 

Arquitectura: _2_15_1_
Semilla: 1788106643
Segundos: 56
NIteraciones: 100000

Costo_train: 0.144917
Precision_train: 0.841709
Recall_train: 0.838548
F1_train: 0.840125

Costo_test: 0.146213
Precision_test: 0.852217
Recall_test: 0.860696
F1_test: 0.856436
 

Arquitectura: _2_15_1_
Semilla: 1788106643
Segundos: 56
NIteraciones: 100000

Costo_train: 0.149272
Precision_train: 0.829146
Recall_train: 0.826033
F1_train: 0.827586

Costo_test: 0.151305
Precision_test: 0.806604
Recall_test: 0.850746
F1_test: 0.828087
 

Arquitectura: _2_15_1_
Semilla: 1788106643
Segundos: 56
NIteraciones: 100000

Costo_train: 0.150016
Precision_train: 0.841646
Recall_train: 0.844806
F1_train: 0.843223

Costo_test: 0.156675
Precision_test: 0.820755
Recall_test: 0.865672
F1_test: 0.842615
 

Arquitectura: _2_15_1_
Semilla: 1788106643
Segundos: 56
NIteraciones: 100000

Costo_train: 0.181520
Precision_train: 0.721939
Recall_train: 0.708385
F1_train: 0.715098

Costo_test: 0.196803
Precision_test: 0.669856
Recall_test: 0.696517
F1_test: 0.682927
 

Arquitectura: _2_15_1_
Semilla: 1788106643
Segundos: 56
NIteraciones: 100000

Costo_train: 0.193918
Precision_train: 0.743842
Recall_train: 0.755945
F1_train: 0.749845

Costo_test: 0.207360
Precision_test: 0.646512
Recall_test: 0.691542
F1_test: 0.668269
 

Arquitectura: _2_15_1_
Semilla: 1788106643
Segundos: 56
NIteraciones: 100000

Costo_train: 0.119391
Precision_train: 0.866258
Recall_train: 0.883605
F1_train: 0.874845

Costo_test: 0.125453
Precision_test: 0.873171
Recall_test: 0.890547
F1_test: 0.881773
 

Arquitectura: _2_15_1_
Semilla: 1788106643
Segundos: 56
NIteraciones: 100000

Costo_train: 0.175610
Precision_train: 0.756919
Recall_train: 0.787234
F1_train: 0.771779

Costo_test: 0.190312
Precision_test: 0.705357
Recall_test: 0.786070
F1_test: 0.743529
 

Arquitectura: _2_15_1_
Semilla: 1788106643
Segundos: 56
NIteraciones: 100000

Costo_train: 0.183586
Precision_train: 0.715749
Recall_train: 0.699625
F1_train: 0.707595

Costo_test: 0.196906
Precision_test: 0.671429
Recall_test: 0.701493
F1_test: 0.686131
 

Arquitectura: _2_15_1_
Semilla: 1788106643
Segundos: 56
NIteraciones: 100000

Costo_train: 0.172707
Precision_train: 0.716233
Recall_train: 0.723404
F1_train: 0.719801

Costo_test: 0.179098
Precision_test: 0.688372
Recall_test: 0.736318
F1_test: 0.711538
 

Arquitectura: _2_15_1_
Semilla: 1788106643
Segundos: 56
NIteraciones: 100000

Costo_train: 0.164798
Precision_train: 0.736905
Recall_train: 0.774718
F1_train: 0.755339

Costo_test: 0.171903
Precision_test: 0.722727
Recall_test: 0.791045
F1_test: 0.755344
 

Arquitectura: _2_15_1_
Semilla: 1788106643
Segundos: 56
NIteraciones: 100000

Costo_train: 0.140203
Precision_train: 0.859119
Recall_train: 0.854819
F1_train: 0.856964

Costo_test: 0.147033
Precision_test: 0.853659
Recall_test: 0.870647
F1_test: 0.862069
 

Arquitectura: _2_15_1_
Semilla: 1788106643
Segundos: 56
NIteraciones: 100000

Costo_train: 0.182847
Precision_train: 0.734878
Recall_train: 0.714643
F1_train: 0.724619

Costo_test: 0.191950
Precision_test: 0.637681
Recall_test: 0.656716
F1_test: 0.647059
 

Arquitectura: _2_15_1_
Semilla: 1788106643
Segundos: 56
NIteraciones: 100000

Costo_train: 0.152203
Precision_train: 0.763480
Recall_train: 0.779725
F1_train: 0.771517

Costo_test: 0.164394
Precision_test: 0.729858
Recall_test: 0.766169
F1_test: 0.747573
 


--- Test Profunda 5.0 ---
Iteración 10000
Costo: 0.249995
Iteración 20000
Costo: 0.249994
Iteración 30000
Costo: 0.249993
Iteración 40000
Costo: 0.249992
Iteración 50000
Costo: 0.249991
Iteración 60000
Costo: 0.249990
Iteración 70000
Costo: 0.249989
Iteración 80000
Costo: 0.249988
Iteración 90000
Costo: 0.249987

Arquitectura: _2_3_3_3_3_3_1_
Semilla: 1788106699
Segundos: 231
NIteraciones: 100000

Costo_train: 0.249985
Precision_train: -nan(ind)
Recall_train: 0.000000
F1_train: -nan(ind)

Costo_test: 0.249982
Precision_test: -nan(ind)
Recall_test: 0.000000
F1_test: -nan(ind)
 

Arquitectura: _2_3_3_3_3_3_1_
Semilla: 1788106699
Segundos: 231
NIteraciones: 100000

Costo_train: 0.249323
Precision_train: 0.548230
Recall_train: 0.561952
F1_train: 0.555006

Costo_test: 0.249173
Precision_test: 0.570732
Recall_test: 0.582090
F1_test: 0.576355
 

Arquitectura: _2_3_3_3_3_3_1_
Semilla: 1788106699
Segundos: 231
NIteraciones: 100000

Costo_train: 0.249971
Precision_train: 0.559767
Recall_train: 0.240300
F1_train: 0.336252

Costo_test: 0.249950
Precision_test: 0.633333
Recall_test: 0.283582
F1_test: 0.391753
 

Arquitectura: _2_3_3_3_3_3_1_
Semilla: 1788106699
Segundos: 231
NIteraciones: 100000

Costo_train: 0.250001
Precision_train: -nan(ind)
Recall_train: 0.000000
F1_train: -nan(ind)

Costo_test: 0.250008
Precision_test: -nan(ind)
Recall_test: 0.000000
F1_test: -nan(ind)
 

Arquitectura: _2_3_3_3_3_3_1_
Semilla: 1788106699
Segundos: 231
NIteraciones: 100000

Costo_train: 0.249976
Precision_train: -nan(ind)
Recall_train: 0.000000
F1_train: -nan(ind)

Costo_test: 0.249980
Precision_test: -nan(ind)
Recall_test: 0.000000
F1_test: -nan(ind)
 

Arquitectura: _2_3_3_3_3_3_1_
Semilla: 1788106699
Segundos: 231
NIteraciones: 100000

Costo_train: 0.250000
Precision_train: -nan(ind)
Recall_train: 0.000000
F1_train: -nan(ind)

Costo_test: 0.250004
Precision_test: -nan(ind)
Recall_test: 0.000000
F1_test: -nan(ind)
 

Arquitectura: _2_3_3_3_3_3_1_
Semilla: 1788106699
Segundos: 231
NIteraciones: 100000

Costo_train: 0.250011
Precision_train: -nan(ind)
Recall_train: 0.000000
F1_train: -nan(ind)

Costo_test: 0.250017
Precision_test: -nan(ind)
Recall_test: 0.000000
F1_test: -nan(ind)
 

Arquitectura: _2_3_3_3_3_3_1_
Semilla: 1788106699
Segundos: 231
NIteraciones: 100000

Costo_train: 0.249936
Precision_train: -nan(ind)
Recall_train: 0.000000
F1_train: -nan(ind)

Costo_test: 0.249935
Precision_test: -nan(ind)
Recall_test: 0.000000
F1_test: -nan(ind)
 

Arquitectura: _2_3_3_3_3_3_1_
Semilla: 1788106699
Segundos: 231
NIteraciones: 100000

Costo_train: 0.249972
Precision_train: -nan(ind)
Recall_train: 0.000000
F1_train: -nan(ind)

Costo_test: 0.249972
Precision_test: -nan(ind)
Recall_test: 0.000000
F1_test: -nan(ind)
 

Arquitectura: _2_3_3_3_3_3_1_
Semilla: 1788106699
Segundos: 231
NIteraciones: 100000

Costo_train: 0.249889
Precision_train: -nan(ind)
Recall_train: 0.000000
F1_train: -nan(ind)

Costo_test: 0.249886
Precision_test: -nan(ind)
Recall_test: 0.000000
F1_test: -nan(ind)
 

Arquitectura: _2_3_3_3_3_3_1_
Semilla: 1788106699
Segundos: 231
NIteraciones: 100000

Costo_train: 0.249981
Precision_train: -nan(ind)
Recall_train: 0.000000
F1_train: -nan(ind)

Costo_test: 0.249983
Precision_test: -nan(ind)
Recall_test: 0.000000
F1_test: -nan(ind)
 

Arquitectura: _2_3_3_3_3_3_1_
Semilla: 1788106699
Segundos: 231
NIteraciones: 100000

Costo_train: 0.249978
Precision_train: -nan(ind)
Recall_train: 0.000000
F1_train: -nan(ind)

Costo_test: 0.249974
Precision_test: -nan(ind)
Recall_test: 0.000000
F1_test: -nan(ind)
 

Arquitectura: _2_3_3_3_3_3_1_
Semilla: 1788106699
Segundos: 231
NIteraciones: 100000

Costo_train: 0.248200
Precision_train: 0.631793
Recall_train: 0.581977
F1_train: 0.605863

Costo_test: 0.248184
Precision_test: 0.614583
Recall_test: 0.587065
F1_test: 0.600509
 

Arquitectura: _2_3_3_3_3_3_1_
Semilla: 1788106699
Segundos: 231
NIteraciones: 100000

Costo_train: 0.249840
Precision_train: 0.643172
Recall_train: 0.365457
F1_train: 0.466081

Costo_test: 0.249827
Precision_test: 0.651786
Recall_test: 0.363184
F1_test: 0.466454
 

Arquitectura: _2_3_3_3_3_3_1_
Semilla: 1788106699
Segundos: 231
NIteraciones: 100000

Costo_train: 0.249529
Precision_train: 0.633423
Recall_train: 0.588235
F1_train: 0.609994

Costo_test: 0.249533
Precision_test: 0.621053
Recall_test: 0.587065
F1_test: 0.603581
 

Arquitectura: _2_3_3_3_3_3_1_
Semilla: 1788106699
Segundos: 231
NIteraciones: 100000

Costo_train: 0.249999
Precision_train: -nan(ind)
Recall_train: 0.000000
F1_train: -nan(ind)

Costo_test: 0.250002
Precision_test: -nan(ind)
Recall_test: 0.000000
F1_test: -nan(ind)
 

Arquitectura: _2_3_3_3_3_3_1_
Semilla: 1788106699
Segundos: 231
NIteraciones: 100000

Costo_train: 0.249565
Precision_train: 0.622047
Recall_train: 0.494368
F1_train: 0.550907

Costo_test: 0.249573
Precision_test: 0.624242
Recall_test: 0.512438
F1_test: 0.562842
 

Arquitectura: _2_3_3_3_3_3_1_
Semilla: 1788106699
Segundos: 231
NIteraciones: 100000

Costo_train: 0.249998
Precision_train: -nan(ind)
Recall_train: 0.000000
F1_train: -nan(ind)

Costo_test: 0.250001
Precision_test: -nan(ind)
Recall_test: 0.000000
F1_test: -nan(ind)
 

Arquitectura: _2_3_3_3_3_3_1_
Semilla: 1788106699
Segundos: 231
NIteraciones: 100000

Costo_train: 0.249977
Precision_train: -nan(ind)
Recall_train: 0.000000
F1_train: -nan(ind)

Costo_test: 0.249985
Precision_test: -nan(ind)
Recall_test: 0.000000
F1_test: -nan(ind)
 

Arquitectura: _2_3_3_3_3_3_1_
Semilla: 1788106699
Segundos: 231
NIteraciones: 100000

Costo_train: 0.248704
Precision_train: 0.623711
Recall_train: 0.605757
F1_train: 0.614603

Costo_test: 0.248702
Precision_test: 0.615000
Recall_test: 0.611940
F1_test: 0.613466
 

Arquitectura: _2_3_3_3_3_3_1_
Semilla: 1788106699
Segundos: 231
NIteraciones: 100000

Costo_train: 0.249914
Precision_train: 0.627451
Recall_train: 0.080100
F1_train: 0.142064

Costo_test: 0.249906
Precision_test: 0.772727
Recall_test: 0.084577
F1_test: 0.152466
 

Arquitectura: _2_3_3_3_3_3_1_
Semilla: 1788106699
Segundos: 231
NIteraciones: 100000

Costo_train: 0.249982
Precision_train: -nan(ind)
Recall_train: 0.000000
F1_train: -nan(ind)

Costo_test: 0.249984
Precision_test: -nan(ind)
Recall_test: 0.000000
F1_test: -nan(ind)
 

Arquitectura: _2_3_3_3_3_3_1_
Semilla: 1788106699
Segundos: 231
NIteraciones: 100000

Costo_train: 0.250002
Precision_train: -nan(ind)
Recall_train: 0.000000
F1_train: -nan(ind)

Costo_test: 0.250027
Precision_test: -nan(ind)
Recall_test: 0.000000
F1_test: -nan(ind)
 

Arquitectura: _2_3_3_3_3_3_1_
Semilla: 1788106699
Segundos: 231
NIteraciones: 100000

Costo_train: 0.249976
Precision_train: -nan(ind)
Recall_train: 0.000000
F1_train: -nan(ind)

Costo_test: 0.249975
Precision_test: -nan(ind)
Recall_test: 0.000000
F1_test: -nan(ind)
 

Arquitectura: _2_3_3_3_3_3_1_
Semilla: 1788106699
Segundos: 231
NIteraciones: 100000

Costo_train: 0.249355
Precision_train: 0.582109
Recall_train: 0.545682
F1_train: 0.563307

Costo_test: 0.249278
Precision_test: 0.595628
Recall_test: 0.542289
F1_test: 0.567708
 

Arquitectura: _2_3_3_3_3_3_1_
Semilla: 1788106699
Segundos: 231
NIteraciones: 100000

Costo_train: 0.249659
Precision_train: 0.621875
Recall_train: 0.498123
F1_train: 0.553162

Costo_test: 0.249647
Precision_test: 0.629630
Recall_test: 0.507463
F1_test: 0.561983
 

Arquitectura: _2_3_3_3_3_3_1_
Semilla: 1788106699
Segundos: 231
NIteraciones: 100000

Costo_train: 0.249550
Precision_train: 0.609715
Recall_train: 0.455569
F1_train: 0.521490

Costo_test: 0.249506
Precision_test: 0.616883
Recall_test: 0.472637
F1_test: 0.535211
 

Arquitectura: _2_3_3_3_3_3_1_
Semilla: 1788106699
Segundos: 231
NIteraciones: 100000

Costo_train: 0.249982
Precision_train: -nan(ind)
Recall_train: 0.000000
F1_train: -nan(ind)

Costo_test: 0.249987
Precision_test: -nan(ind)
Recall_test: 0.000000
F1_test: -nan(ind)
 

Arquitectura: _2_3_3_3_3_3_1_
Semilla: 1788106699
Segundos: 231
NIteraciones: 100000

Costo_train: 0.249925
Precision_train: -nan(ind)
Recall_train: 0.000000
F1_train: -nan(ind)

Costo_test: 0.249922
Precision_test: -nan(ind)
Recall_test: 0.000000
F1_test: -nan(ind)
 

Arquitectura: _2_3_3_3_3_3_1_
Semilla: 1788106699
Segundos: 231
NIteraciones: 100000

Costo_train: 0.250000
Precision_train: -nan(ind)
Recall_train: 0.000000
F1_train: -nan(ind)

Costo_test: 0.250003
Precision_test: -nan(ind)
Recall_test: 0.000000
F1_test: -nan(ind)
 

Arquitectura: _2_3_3_3_3_3_1_
Semilla: 1788106699
Segundos: 231
NIteraciones: 100000

Costo_train: 0.249453
Precision_train: 0.627688
Recall_train: 0.584481
F1_train: 0.605314

Costo_test: 0.249410
Precision_test: 0.625000
Recall_test: 0.597015
F1_test: 0.610687
 

Arquitectura: _2_3_3_3_3_3_1_
Semilla: 1788106699
Segundos: 231
NIteraciones: 100000

Costo_train: 0.250018
Precision_train: -nan(ind)
Recall_train: 0.000000
F1_train: -nan(ind)

Costo_test: 0.250021
Precision_test: -nan(ind)
Recall_test: 0.000000
F1_test: -nan(ind)
 

Arquitectura: _2_3_3_3_3_3_1_
Semilla: 1788106699
Segundos: 231
NIteraciones: 100000

Costo_train: 0.250000
Precision_train: -nan(ind)
Recall_train: 0.000000
F1_train: -nan(ind)

Costo_test: 0.250002
Precision_test: -nan(ind)
Recall_test: 0.000000
F1_test: -nan(ind)
 

Arquitectura: _2_3_3_3_3_3_1_
Semilla: 1788106699
Segundos: 231
NIteraciones: 100000

Costo_train: 0.250006
Precision_train: -nan(ind)
Recall_train: 0.000000
F1_train: -nan(ind)

Costo_test: 0.250009
Precision_test: -nan(ind)
Recall_test: 0.000000
F1_test: -nan(ind)
 

Arquitectura: _2_3_3_3_3_3_1_
Semilla: 1788106699
Segundos: 231
NIteraciones: 100000

Costo_train: 0.249660
Precision_train: 0.620306
Recall_train: 0.558198
F1_train: 0.587615

Costo_test: 0.249651
Precision_test: 0.630435
Recall_test: 0.577114
F1_test: 0.602597
 

Arquitectura: _2_3_3_3_3_3_1_
Semilla: 1788106699
Segundos: 231
NIteraciones: 100000

Costo_train: 0.250018
Precision_train: -nan(ind)
Recall_train: 0.000000
F1_train: -nan(ind)

Costo_test: 0.250028
Precision_test: -nan(ind)
Recall_test: 0.000000
F1_test: -nan(ind)
 

Arquitectura: _2_3_3_3_3_3_1_
Semilla: 1788106699
Segundos: 231
NIteraciones: 100000

Costo_train: 0.249981
Precision_train: -nan(ind)
Recall_train: 0.000000
F1_train: -nan(ind)

Costo_test: 0.249985
Precision_test: -nan(ind)
Recall_test: 0.000000
F1_test: -nan(ind)
 

Arquitectura: _2_3_3_3_3_3_1_
Semilla: 1788106699
Segundos: 231
NIteraciones: 100000

Costo_train: 0.249999
Precision_train: -nan(ind)
Recall_train: 0.000000
F1_train: -nan(ind)

Costo_test: 0.250000
Precision_test: -nan(ind)
Recall_test: 0.000000
F1_test: -nan(ind)
 

Arquitectura: _2_3_3_3_3_3_1_
Semilla: 1788106699
Segundos: 231
NIteraciones: 100000

Costo_train: 0.249996
Precision_train: -nan(ind)
Recall_train: 0.000000
F1_train: -nan(ind)

Costo_test: 0.249999
Precision_test: -nan(ind)
Recall_test: 0.000000
F1_test: -nan(ind)
 

Arquitectura: _2_3_3_3_3_3_1_
Semilla: 1788106699
Segundos: 231
NIteraciones: 100000

Costo_train: 0.249214
Precision_train: 0.580195
Recall_train: 0.520651
F1_train: 0.548813

Costo_test: 0.249125
Precision_test: 0.585227
Recall_test: 0.512438
F1_test: 0.546419
 

Arquitectura: _2_3_3_3_3_3_1_
Semilla: 1788106699
Segundos: 231
NIteraciones: 100000

Costo_train: 0.249760
Precision_train: 0.629464
Recall_train: 0.529412
F1_train: 0.575119

Costo_test: 0.249752
Precision_test: 0.631285
Recall_test: 0.562189
F1_test: 0.594737
 

Arquitectura: _2_3_3_3_3_3_1_
Semilla: 1788106699
Segundos: 231
NIteraciones: 100000

Costo_train: 0.235139
Precision_train: 0.615290
Recall_train: 0.624531
F1_train: 0.619876

Costo_test: 0.235076
Precision_test: 0.617225
Recall_test: 0.641791
F1_test: 0.629268
 

Arquitectura: _2_3_3_3_3_3_1_
Semilla: 1788106699
Segundos: 231
NIteraciones: 100000

Costo_train: 0.249935
Precision_train: -nan(ind)
Recall_train: 0.000000
F1_train: -nan(ind)

Costo_test: 0.249931
Precision_test: -nan(ind)
Recall_test: 0.000000
F1_test: -nan(ind)
 

Arquitectura: _2_3_3_3_3_3_1_
Semilla: 1788106699
Segundos: 231
NIteraciones: 100000

Costo_train: 0.249902
Precision_train: 0.561815
Recall_train: 0.449312
F1_train: 0.499305

Costo_test: 0.249876
Precision_test: 0.618182
Recall_test: 0.507463
F1_test: 0.557377
 

Arquitectura: _2_3_3_3_3_3_1_
Semilla: 1788106699
Segundos: 231
NIteraciones: 100000

Costo_train: 0.249937
Precision_train: 0.549451
Recall_train: 0.312891
F1_train: 0.398724

Costo_test: 0.249948
Precision_test: 0.543103
Recall_test: 0.313433
F1_test: 0.397476
 

Arquitectura: _2_3_3_3_3_3_1_
Semilla: 1788106699
Segundos: 231
NIteraciones: 100000

Costo_train: 0.249941
Precision_train: 0.545267
Recall_train: 0.331665
F1_train: 0.412451

Costo_test: 0.249961
Precision_test: 0.520661
Recall_test: 0.313433
F1_test: 0.391304
 

Arquitectura: _2_3_3_3_3_3_1_
Semilla: 1788106699
Segundos: 231
NIteraciones: 100000

Costo_train: 0.248297
Precision_train: 0.617795
Recall_train: 0.617021
F1_train: 0.617408

Costo_test: 0.248310
Precision_test: 0.617225
Recall_test: 0.641791
F1_test: 0.629268
 

Arquitectura: _2_3_3_3_3_3_1_
Semilla: 1788106699
Segundos: 231
NIteraciones: 100000

Costo_train: 0.249981
Precision_train: -nan(ind)
Recall_train: 0.000000
F1_train: -nan(ind)

Costo_test: 0.249985
Precision_test: -nan(ind)
Recall_test: 0.000000
F1_test: -nan(ind)
 

Arquitectura: _2_3_3_3_3_3_1_
Semilla: 1788106699
Segundos: 231
NIteraciones: 100000

Costo_train: 0.235679
Precision_train: 0.619048
Recall_train: 0.618273
F1_train: 0.618660

Costo_test: 0.235482
Precision_test: 0.620192
Recall_test: 0.641791
F1_test: 0.630807
 

Arquitectura: _2_3_3_3_3_3_1_
Semilla: 1788106699
Segundos: 231
NIteraciones: 100000

Costo_train: 0.249999
Precision_train: -nan(ind)
Recall_train: 0.000000
F1_train: -nan(ind)

Costo_test: 0.250007
Precision_test: -nan(ind)
Recall_test: 0.000000
F1_test: -nan(ind)
 

Arquitectura: _2_3_3_3_3_3_1_
Semilla: 1788106699
Segundos: 231
NIteraciones: 100000

Costo_train: 0.249986
Precision_train: -nan(ind)
Recall_train: 0.000000
F1_train: -nan(ind)

Costo_test: 0.249990
Precision_test: -nan(ind)
Recall_test: 0.000000
F1_test: -nan(ind)
 

Arquitectura: _2_3_3_3_3_3_1_
Semilla: 1788106699
Segundos: 231
NIteraciones: 100000

Costo_train: 0.249921
Precision_train: 1.000000
Recall_train: 0.002503
F1_train: 0.004994

Costo_test: 0.249930
Precision_test: 1.000000
Recall_test: 0.004975
F1_test: 0.009901
 

Arquitectura: _2_3_3_3_3_3_1_
Semilla: 1788106699
Segundos: 231
NIteraciones: 100000

Costo_train: 0.249414
Precision_train: 0.601389
Recall_train: 0.541927
F1_train: 0.570112

Costo_test: 0.249381
Precision_test: 0.608696
Recall_test: 0.557214
F1_test: 0.581818
 

Arquitectura: _2_3_3_3_3_3_1_
Semilla: 1788106699
Segundos: 231
NIteraciones: 100000

Costo_train: 0.249831
Precision_train: 0.628049
Recall_train: 0.386733
F1_train: 0.478699

Costo_test: 0.249819
Precision_test: 0.619469
Recall_test: 0.348259
F1_test: 0.445860
 

Arquitectura: _2_3_3_3_3_3_1_
Semilla: 1788106699
Segundos: 231
NIteraciones: 100000

Costo_train: 0.250006
Precision_train: -nan(ind)
Recall_train: 0.000000
F1_train: -nan(ind)

Costo_test: 0.250010
Precision_test: -nan(ind)
Recall_test: 0.000000
F1_test: -nan(ind)
 

Arquitectura: _2_3_3_3_3_3_1_
Semilla: 1788106699
Segundos: 231
NIteraciones: 100000

Costo_train: 0.249796
Precision_train: 0.633911
Recall_train: 0.411765
F1_train: 0.499241

Costo_test: 0.249788
Precision_test: 0.649254
Recall_test: 0.432836
F1_test: 0.519403
 

Arquitectura: _2_3_3_3_3_3_1_
Semilla: 1788106699
Segundos: 231
NIteraciones: 100000

Costo_train: 0.248270
Precision_train: 0.624352
Recall_train: 0.603254
F1_train: 0.613622

Costo_test: 0.248245
Precision_test: 0.618090
Recall_test: 0.611940
F1_test: 0.615000
 

Arquitectura: _2_3_3_3_3_3_1_
Semilla: 1788106699
Segundos: 231
NIteraciones: 100000

Costo_train: 0.250005
Precision_train: -nan(ind)
Recall_train: 0.000000
F1_train: -nan(ind)

Costo_test: 0.250014
Precision_test: -nan(ind)
Recall_test: 0.000000
F1_test: -nan(ind)
 

Arquitectura: _2_3_3_3_3_3_1_
Semilla: 1788106699
Segundos: 231
NIteraciones: 100000

Costo_train: 0.249985
Precision_train: -nan(ind)
Recall_train: 0.000000
F1_train: -nan(ind)

Costo_test: 0.249990
Precision_test: -nan(ind)
Recall_test: 0.000000
F1_test: -nan(ind)
 

Arquitectura: _2_3_3_3_3_3_1_
Semilla: 1788106699
Segundos: 231
NIteraciones: 100000

Costo_train: 0.249744
Precision_train: 0.623438
Recall_train: 0.499374
F1_train: 0.554552

Costo_test: 0.249727
Precision_test: 0.622755
Recall_test: 0.517413
F1_test: 0.565217
 

Arquitectura: _2_3_3_3_3_3_1_
Semilla: 1788106699
Segundos: 231
NIteraciones: 100000

Costo_train: 0.249973
Precision_train: -nan(ind)
Recall_train: 0.000000
F1_train: -nan(ind)

Costo_test: 0.249975
Precision_test: -nan(ind)
Recall_test: 0.000000
F1_test: -nan(ind)
 

Arquitectura: _2_3_3_3_3_3_1_
Semilla: 1788106699
Segundos: 231
NIteraciones: 100000

Costo_train: 0.249974
Precision_train: -nan(ind)
Recall_train: 0.000000
F1_train: -nan(ind)

Costo_test: 0.249978
Precision_test: -nan(ind)
Recall_test: 0.000000
F1_test: -nan(ind)
 

Arquitectura: _2_3_3_3_3_3_1_
Semilla: 1788106699
Segundos: 231
NIteraciones: 100000

Costo_train: 0.249890
Precision_train: 0.663130
Recall_train: 0.312891
F1_train: 0.425170

Costo_test: 0.249880
Precision_test: 0.707071
Recall_test: 0.348259
F1_test: 0.466667
 

Arquitectura: _2_3_3_3_3_3_1_
Semilla: 1788106699
Segundos: 231
NIteraciones: 100000

Costo_train: 0.249883
Precision_train: 0.536082
Recall_train: 0.455569
F1_train: 0.492558

Costo_test: 0.249831
Precision_test: 0.573034
Recall_test: 0.507463
F1_test: 0.538259
 

Arquitectura: _2_3_3_3_3_3_1_
Semilla: 1788106699
Segundos: 231
NIteraciones: 100000

Costo_train: 0.249834
Precision_train: 0.612056
Recall_train: 0.495620
F1_train: 0.547718

Costo_test: 0.249836
Precision_test: 0.601266
Recall_test: 0.472637
F1_test: 0.529248
 

Arquitectura: _2_3_3_3_3_3_1_
Semilla: 1788106699
Segundos: 231
NIteraciones: 100000

Costo_train: 0.250001
Precision_train: -nan(ind)
Recall_train: 0.000000
F1_train: -nan(ind)

Costo_test: 0.250005
Precision_test: -nan(ind)
Recall_test: 0.000000
F1_test: -nan(ind)
 

Arquitectura: _2_3_3_3_3_3_1_
Semilla: 1788106699
Segundos: 231
NIteraciones: 100000

Costo_train: 0.249997
Precision_train: -nan(ind)
Recall_train: 0.000000
F1_train: -nan(ind)

Costo_test: 0.250003
Precision_test: -nan(ind)
Recall_test: 0.000000
F1_test: -nan(ind)
 

Arquitectura: _2_3_3_3_3_3_1_
Semilla: 1788106699
Segundos: 231
NIteraciones: 100000

Costo_train: 0.233490
Precision_train: 0.620429
Recall_train: 0.615770
F1_train: 0.618090

Costo_test: 0.233213
Precision_test: 0.619512
Recall_test: 0.631841
F1_test: 0.625616
 

Arquitectura: _2_3_3_3_3_3_1_
Semilla: 1788106699
Segundos: 231
NIteraciones: 100000

Costo_train: 0.249996
Precision_train: -nan(ind)
Recall_train: 0.000000
F1_train: -nan(ind)

Costo_test: 0.249998
Precision_test: -nan(ind)
Recall_test: 0.000000
F1_test: -nan(ind)
 

Arquitectura: _2_3_3_3_3_3_1_
Semilla: 1788106699
Segundos: 231
NIteraciones: 100000

Costo_train: 0.249867
Precision_train: 0.602076
Recall_train: 0.435544
F1_train: 0.505447

Costo_test: 0.249868
Precision_test: 0.583893
Recall_test: 0.432836
F1_test: 0.497143
 

Arquitectura: _2_3_3_3_3_3_1_
Semilla: 1788106699
Segundos: 231
NIteraciones: 100000

Costo_train: 0.249959
Precision_train: -nan(ind)
Recall_train: 0.000000
F1_train: -nan(ind)

Costo_test: 0.249957
Precision_test: -nan(ind)
Recall_test: 0.000000
F1_test: -nan(ind)
 

Arquitectura: _2_3_3_3_3_3_1_
Semilla: 1788106699
Segundos: 231
NIteraciones: 100000

Costo_train: 0.247377
Precision_train: 0.619403
Recall_train: 0.623279
F1_train: 0.621335

Costo_test: 0.247345
Precision_test: 0.616505
Recall_test: 0.631841
F1_test: 0.624079
 

Arquitectura: _2_3_3_3_3_3_1_
Semilla: 1788106699
Segundos: 231
NIteraciones: 100000

Costo_train: 0.249981
Precision_train: -nan(ind)
Recall_train: 0.000000
F1_train: -nan(ind)

Costo_test: 0.249976
Precision_test: -nan(ind)
Recall_test: 0.000000
F1_test: -nan(ind)
 

Arquitectura: _2_3_3_3_3_3_1_
Semilla: 1788106699
Segundos: 231
NIteraciones: 100000

Costo_train: 0.249978
Precision_train: -nan(ind)
Recall_train: 0.000000
F1_train: -nan(ind)

Costo_test: 0.249979
Precision_test: -nan(ind)
Recall_test: 0.000000
F1_test: -nan(ind)
 

Arquitectura: _2_3_3_3_3_3_1_
Semilla: 1788106699
Segundos: 231
NIteraciones: 100000

Costo_train: 0.249964
Precision_train: -nan(ind)
Recall_train: 0.000000
F1_train: -nan(ind)

Costo_test: 0.249963
Precision_test: -nan(ind)
Recall_test: 0.000000
F1_test: -nan(ind)
 

Arquitectura: _2_3_3_3_3_3_1_
Semilla: 1788106699
Segundos: 231
NIteraciones: 100000

Costo_train: 0.249817
Precision_train: 0.639665
Recall_train: 0.286608
F1_train: 0.395851

Costo_test: 0.249787
Precision_test: 0.651163
Recall_test: 0.278607
F1_test: 0.390244
 

Arquitectura: _2_3_3_3_3_3_1_
Semilla: 1788106699
Segundos: 231
NIteraciones: 100000

Costo_train: 0.249704
Precision_train: 0.601449
Recall_train: 0.519399
F1_train: 0.557421

Costo_test: 0.249696
Precision_test: 0.602410
Recall_test: 0.497512
F1_test: 0.544959
 

Arquitectura: _2_3_3_3_3_3_1_
Semilla: 1788106699
Segundos: 231
NIteraciones: 100000

Costo_train: 0.249961
Precision_train: -nan(ind)
Recall_train: 0.000000
F1_train: -nan(ind)

Costo_test: 0.249964
Precision_test: -nan(ind)
Recall_test: 0.000000
F1_test: -nan(ind)
 

Arquitectura: _2_3_3_3_3_3_1_
Semilla: 1788106699
Segundos: 231
NIteraciones: 100000

Costo_train: 0.249697
Precision_train: 0.568276
Recall_train: 0.515645
F1_train: 0.540682

Costo_test: 0.249720
Precision_test: 0.589595
Recall_test: 0.507463
F1_test: 0.545455
 

Arquitectura: _2_3_3_3_3_3_1_
Semilla: 1788106699
Segundos: 231
NIteraciones: 100000

Costo_train: 0.249457
Precision_train: 0.634183
Recall_train: 0.529412
F1_train: 0.577081

Costo_test: 0.249451
Precision_test: 0.638554
Recall_test: 0.527363
F1_test: 0.577657
 

Arquitectura: _2_3_3_3_3_3_1_
Semilla: 1788106699
Segundos: 231
NIteraciones: 100000

Costo_train: 0.233618
Precision_train: 0.621656
Recall_train: 0.610763
F1_train: 0.616162

Costo_test: 0.233572
Precision_test: 0.617647
Recall_test: 0.626866
F1_test: 0.622222
 

Arquitectura: _2_3_3_3_3_3_1_
Semilla: 1788106699
Segundos: 231
NIteraciones: 100000

Costo_train: 0.245306
Precision_train: 0.595116
Recall_train: 0.579474
F1_train: 0.587191

Costo_test: 0.245090
Precision_test: 0.602041
Recall_test: 0.587065
F1_test: 0.594458
 

Arquitectura: _2_3_3_3_3_3_1_
Semilla: 1788106699
Segundos: 231
NIteraciones: 100000

Costo_train: 0.247063
Precision_train: 0.624359
Recall_train: 0.609512
F1_train: 0.616846

Costo_test: 0.247040
Precision_test: 0.620690
Recall_test: 0.626866
F1_test: 0.623762
 

Arquitectura: _2_3_3_3_3_3_1_
Semilla: 1788106699
Segundos: 231
NIteraciones: 100000

Costo_train: 0.249931
Precision_train: -nan(ind)
Recall_train: 0.000000
F1_train: -nan(ind)

Costo_test: 0.249930
Precision_test: -nan(ind)
Recall_test: 0.000000
F1_test: -nan(ind)
 

Arquitectura: _2_3_3_3_3_3_1_
Semilla: 1788106699
Segundos: 231
NIteraciones: 100000

Costo_train: 0.249854
Precision_train: 0.648649
Recall_train: 0.150188
F1_train: 0.243902

Costo_test: 0.249844
Precision_test: 0.733333
Recall_test: 0.164179
F1_test: 0.268293
 

Arquitectura: _2_3_3_3_3_3_1_
Semilla: 1788106699
Segundos: 231
NIteraciones: 100000

Costo_train: 0.249994
Precision_train: -nan(ind)
Recall_train: 0.000000
F1_train: -nan(ind)

Costo_test: 0.249995
Precision_test: -nan(ind)
Recall_test: 0.000000
F1_test: -nan(ind)
 

Arquitectura: _2_3_3_3_3_3_1_
Semilla: 1788106699
Segundos: 231
NIteraciones: 100000

Costo_train: 0.249778
Precision_train: 0.652038
Recall_train: 0.260325
F1_train: 0.372093

Costo_test: 0.249751
Precision_test: 0.674419
Recall_test: 0.288557
F1_test: 0.404181
 

Arquitectura: _2_3_3_3_3_3_1_
Semilla: 1788106699
Segundos: 231
NIteraciones: 100000

Costo_train: 0.249924
Precision_train: 0.643373
Recall_train: 0.334168
F1_train: 0.439868

Costo_test: 0.249902
Precision_test: 0.666667
Recall_test: 0.368159
F1_test: 0.474359
 

Arquitectura: _2_3_3_3_3_3_1_
Semilla: 1788106699
Segundos: 231
NIteraciones: 100000

Costo_train: 0.249995
Precision_train: -nan(ind)
Recall_train: 0.000000
F1_train: -nan(ind)

Costo_test: 0.250002
Precision_test: -nan(ind)
Recall_test: 0.000000
F1_test: -nan(ind)
 

Arquitectura: _2_3_3_3_3_3_1_
Semilla: 1788106699
Segundos: 231
NIteraciones: 100000

Costo_train: 0.250001
Precision_train: -nan(ind)
Recall_train: 0.000000
F1_train: -nan(ind)

Costo_test: 0.250007
Precision_test: -nan(ind)
Recall_test: 0.000000
F1_test: -nan(ind)
 

Arquitectura: _2_3_3_3_3_3_1_
Semilla: 1788106699
Segundos: 231
NIteraciones: 100000

Costo_train: 0.249803
Precision_train: 0.623568
Recall_train: 0.476846
F1_train: 0.540425

Costo_test: 0.249792
Precision_test: 0.610063
Recall_test: 0.482587
F1_test: 0.538889
 

Arquitectura: _2_3_3_3_3_3_1_
Semilla: 1788106699
Segundos: 231
NIteraciones: 100000

Costo_train: 0.249946
Precision_train: -nan(ind)
Recall_train: 0.000000
F1_train: -nan(ind)

Costo_test: 0.249942
Precision_test: -nan(ind)
Recall_test: 0.000000
F1_test: -nan(ind)
 

Arquitectura: _2_3_3_3_3_3_1_
Semilla: 1788106699
Segundos: 231
NIteraciones: 100000

Costo_train: 0.249969
Precision_train: -nan(ind)
Recall_train: 0.000000
F1_train: -nan(ind)

Costo_test: 0.249966
Precision_test: -nan(ind)
Recall_test: 0.000000
F1_test: -nan(ind)
 

Arquitectura: _2_3_3_3_3_3_1_
Semilla: 1788106699
Segundos: 231
NIteraciones: 100000

Costo_train: 0.250002
Precision_train: -nan(ind)
Recall_train: 0.000000
F1_train: -nan(ind)

Costo_test: 0.250004
Precision_test: -nan(ind)
Recall_test: 0.000000
F1_test: -nan(ind)
 

Arquitectura: _2_3_3_3_3_3_1_
Semilla: 1788106699
Segundos: 231
NIteraciones: 100000

Costo_train: 0.249995
Precision_train: -nan(ind)
Recall_train: 0.000000
F1_train: -nan(ind)

Costo_test: 0.250000
Precision_test: -nan(ind)
Recall_test: 0.000000
F1_test: -nan(ind)
 

Arquitectura: _2_3_3_3_3_3_1_
Semilla: 1788106699
Segundos: 231
NIteraciones: 100000

Costo_train: 0.245670
Precision_train: 0.607895
Recall_train: 0.578223
F1_train: 0.592688

Costo_test: 0.245576
Precision_test: 0.619792
Recall_test: 0.592040
F1_test: 0.605598
 

Arquitectura: _2_3_3_3_3_3_1_
Semilla: 1788106699
Segundos: 231
NIteraciones: 100000

Costo_train: 0.235802
Precision_train: 0.620126
Recall_train: 0.617021
F1_train: 0.618570

Costo_test: 0.235522
Precision_test: 0.619512
Recall_test: 0.631841
F1_test: 0.625616
 

Arquitectura: _2_3_3_3_3_3_1_
Semilla: 1788106699
Segundos: 231
NIteraciones: 100000

Costo_train: 0.249911
Precision_train: 0.686275
Recall_train: 0.087610
F1_train: 0.155383

Costo_test: 0.249909
Precision_test: 0.720000
Recall_test: 0.089552
F1_test: 0.159292
 

Arquitectura: _2_3_3_3_3_3_1_
Semilla: 1788106699
Segundos: 231
NIteraciones: 100000

Costo_train: 0.249916
Precision_train: 0.541270
Recall_train: 0.426783
F1_train: 0.477257

Costo_test: 0.249876
Precision_test: 0.564706
Recall_test: 0.477612
F1_test: 0.517520
 

Arquitectura: _2_3_3_3_3_3_1_
Semilla: 1788106699
Segundos: 231
NIteraciones: 100000

Costo_train: 0.249945
Precision_train: -nan(ind)
Recall_train: 0.000000
F1_train: -nan(ind)

Costo_test: 0.249950
Precision_test: -nan(ind)
Recall_test: 0.000000
F1_test: -nan(ind)
 
