--- Configuración Actual ---
Paso: 0.200000
Gamma: 0.000000
Parada: 0.100000
Iteraciones: 100000
CapasDesde: 2
CapasHasta: 5
Repeticiones: 1
Intervalo: 10000
Batch: 100
MultiplicadorProfunda: 0.700000
Tarjeta: NVIDIA GeForce RTX 3090 Ti
----------------------------
Dimensiones Datos
trainx: 2x1600 
trainy: 1x1600 
test_x: 2x400 


--- Test Angosta 2.0 ---
Iteración 10000
Costo: 0.234482
Iteración 20000
Costo: 0.232074
Iteración 30000
Costo: 0.231231
Iteración 40000
Costo: 0.230810
Iteración 50000
Costo: 0.230345
Iteración 60000
Costo: 0.229947
Iteración 70000
Costo: 0.229652
Iteración 80000
Costo: 0.229436
Iteración 90000
Costo: 0.229274

Arquitectura: _2_6_1_
Semilla: 1788104343
Segundos: 49
NIteraciones: 100000

Costo_train: 0.229150
Precision_train: 0.593308
Recall_train: 0.576971
F1_train: 0.585025

Costo_test: 0.238479
Precision_test: 0.601036
Recall_test: 0.577114
F1_test: 0.588832
 

Arquitectura: _2_6_1_
Semilla: 1788104343
Segundos: 49
NIteraciones: 100000

Costo_train: 0.224647
Precision_train: 0.580402
Recall_train: 0.578223
F1_train: 0.579310

Costo_test: 0.235059
Precision_test: 0.638743
Recall_test: 0.606965
F1_test: 0.622449
 

Arquitectura: _2_6_1_
Semilla: 1788104343
Segundos: 49
NIteraciones: 100000

Costo_train: 0.229886
Precision_train: 0.596226
Recall_train: 0.593242
F1_train: 0.594730

Costo_test: 0.238432
Precision_test: 0.598958
Recall_test: 0.572139
F1_test: 0.585242
 

Arquitectura: _2_6_1_
Semilla: 1788104343
Segundos: 49
NIteraciones: 100000

Costo_train: 0.230018
Precision_train: 0.598978
Recall_train: 0.586984
F1_train: 0.592920

Costo_test: 0.239017
Precision_test: 0.598958
Recall_test: 0.572139
F1_test: 0.585242
 

Arquitectura: _2_6_1_
Semilla: 1788104343
Segundos: 49
NIteraciones: 100000

Costo_train: 0.228699
Precision_train: 0.604681
Recall_train: 0.581977
F1_train: 0.593112

Costo_test: 0.240007
Precision_test: 0.595745
Recall_test: 0.557214
F1_test: 0.575835
 

Arquitectura: _2_6_1_
Semilla: 1788104343
Segundos: 49
NIteraciones: 100000

Costo_train: 0.227915
Precision_train: 0.602003
Recall_train: 0.602003
F1_train: 0.602003

Costo_test: 0.237274
Precision_test: 0.596591
Recall_test: 0.522388
F1_test: 0.557029
 

Arquitectura: _2_6_1_
Semilla: 1788104343
Segundos: 49
NIteraciones: 100000

Costo_train: 0.228841
Precision_train: 0.617268
Recall_train: 0.599499
F1_train: 0.608254

Costo_test: 0.238969
Precision_test: 0.602273
Recall_test: 0.527363
F1_test: 0.562334
 

Arquitectura: _2_6_1_
Semilla: 1788104343
Segundos: 49
NIteraciones: 100000

Costo_train: 0.225192
Precision_train: 0.618388
Recall_train: 0.614518
F1_train: 0.616447

Costo_test: 0.233938
Precision_test: 0.626316
Recall_test: 0.592040
F1_test: 0.608696
 

Arquitectura: _2_6_1_
Semilla: 1788104343
Segundos: 49
NIteraciones: 100000

Costo_train: 0.230406
Precision_train: 0.605563
Recall_train: 0.599499
F1_train: 0.602516

Costo_test: 0.238911
Precision_test: 0.580110
Recall_test: 0.522388
F1_test: 0.549738
 

Arquitectura: _2_6_1_
Semilla: 1788104343
Segundos: 49
NIteraciones: 100000

Costo_train: 0.229852
Precision_train: 0.590966
Recall_train: 0.589487
F1_train: 0.590226

Costo_test: 0.239861
Precision_test: 0.602041
Recall_test: 0.587065
F1_test: 0.594458
 

Arquitectura: _2_6_1_
Semilla: 1788104343
Segundos: 49
NIteraciones: 100000

Costo_train: 0.230977
Precision_train: 0.584856
Recall_train: 0.560701
F1_train: 0.572524

Costo_test: 0.238765
Precision_test: 0.623595
Recall_test: 0.552239
F1_test: 0.585752
 

Arquitectura: _2_6_1_
Semilla: 1788104343
Segundos: 49
NIteraciones: 100000

Costo_train: 0.227046
Precision_train: 0.601198
Recall_train: 0.628285
F1_train: 0.614443

Costo_test: 0.238054
Precision_test: 0.601010
Recall_test: 0.592040
F1_test: 0.596491
 

Arquitectura: _2_6_1_
Semilla: 1788104343
Segundos: 49
NIteraciones: 100000

Costo_train: 0.228169
Precision_train: 0.607232
Recall_train: 0.609512
F1_train: 0.608370

Costo_test: 0.238899
Precision_test: 0.610256
Recall_test: 0.592040
F1_test: 0.601010
 

Arquitectura: _2_6_1_
Semilla: 1788104343
Segundos: 49
NIteraciones: 100000

Costo_train: 0.226639
Precision_train: 0.594904
Recall_train: 0.584481
F1_train: 0.589647

Costo_test: 0.235286
Precision_test: 0.626374
Recall_test: 0.567164
F1_test: 0.595300
 

Arquitectura: _2_6_1_
Semilla: 1788104343
Segundos: 49
NIteraciones: 100000

Costo_train: 0.225579
Precision_train: 0.617315
Recall_train: 0.615770
F1_train: 0.616541

Costo_test: 0.237015
Precision_test: 0.602151
Recall_test: 0.557214
F1_test: 0.578811
 

Arquitectura: _2_6_1_
Semilla: 1788104343
Segundos: 49
NIteraciones: 100000

Costo_train: 0.225969
Precision_train: 0.589396
Recall_train: 0.598248
F1_train: 0.593789

Costo_test: 0.235928
Precision_test: 0.612903
Recall_test: 0.567164
F1_test: 0.589147
 

Arquitectura: _2_6_1_
Semilla: 1788104343
Segundos: 49
NIteraciones: 100000

Costo_train: 0.225754
Precision_train: 0.619701
Recall_train: 0.622028
F1_train: 0.620862

Costo_test: 0.237047
Precision_test: 0.617021
Recall_test: 0.577114
F1_test: 0.596401
 

Arquitectura: _2_6_1_
Semilla: 1788104343
Segundos: 49
NIteraciones: 100000

Costo_train: 0.230146
Precision_train: 0.591656
Recall_train: 0.585732
F1_train: 0.588679

Costo_test: 0.240142
Precision_test: 0.595745
Recall_test: 0.557214
F1_test: 0.575835
 

Arquitectura: _2_6_1_
Semilla: 1788104343
Segundos: 49
NIteraciones: 100000

Costo_train: 0.228991
Precision_train: 0.595208
Recall_train: 0.590738
F1_train: 0.592965

Costo_test: 0.239742
Precision_test: 0.606218
Recall_test: 0.582090
F1_test: 0.593909
 

Arquitectura: _2_6_1_
Semilla: 1788104343
Segundos: 49
NIteraciones: 100000

Costo_train: 0.223060
Precision_train: 0.613184
Recall_train: 0.617021
F1_train: 0.615097

Costo_test: 0.233538
Precision_test: 0.611399
Recall_test: 0.587065
F1_test: 0.598985
 

Arquitectura: _2_6_1_
Semilla: 1788104343
Segundos: 49
NIteraciones: 100000

Costo_train: 0.225483
Precision_train: 0.620603
Recall_train: 0.618273
F1_train: 0.619436

Costo_test: 0.236235
Precision_test: 0.619048
Recall_test: 0.582090
F1_test: 0.600000
 

Arquitectura: _2_6_1_
Semilla: 1788104343
Segundos: 49
NIteraciones: 100000

Costo_train: 0.226536
Precision_train: 0.588689
Recall_train: 0.573216
F1_train: 0.580850

Costo_test: 0.234546
Precision_test: 0.620321
Recall_test: 0.577114
F1_test: 0.597938
 

Arquitectura: _2_6_1_
Semilla: 1788104343
Segundos: 49
NIteraciones: 100000

Costo_train: 0.224511
Precision_train: 0.614304
Recall_train: 0.602003
F1_train: 0.608091

Costo_test: 0.235909
Precision_test: 0.601093
Recall_test: 0.547264
F1_test: 0.572917
 

Arquitectura: _2_6_1_
Semilla: 1788104343
Segundos: 49
NIteraciones: 100000

Costo_train: 0.229150
Precision_train: 0.614013
Recall_train: 0.603254
F1_train: 0.608586

Costo_test: 0.235985
Precision_test: 0.576720
Recall_test: 0.542289
F1_test: 0.558974
 

Arquitectura: _2_6_1_
Semilla: 1788104343
Segundos: 49
NIteraciones: 100000

Costo_train: 0.229283
Precision_train: 0.583229
Recall_train: 0.583229
F1_train: 0.583229

Costo_test: 0.236773
Precision_test: 0.623711
Recall_test: 0.601990
F1_test: 0.612658
 

Arquitectura: _2_6_1_
Semilla: 1788104343
Segundos: 49
NIteraciones: 100000

Costo_train: 0.225579
Precision_train: 0.618750
Recall_train: 0.619524
F1_train: 0.619137

Costo_test: 0.236836
Precision_test: 0.610526
Recall_test: 0.577114
F1_test: 0.593350
 

Arquitectura: _2_6_1_
Semilla: 1788104343
Segundos: 49
NIteraciones: 100000

Costo_train: 0.225324
Precision_train: 0.614610
Recall_train: 0.610763
F1_train: 0.612680

Costo_test: 0.236820
Precision_test: 0.603175
Recall_test: 0.567164
F1_test: 0.584615
 

Arquitectura: _2_6_1_
Semilla: 1788104343
Segundos: 49
NIteraciones: 100000

Costo_train: 0.228966
Precision_train: 0.596250
Recall_train: 0.596996
F1_train: 0.596623

Costo_test: 0.239462
Precision_test: 0.573684
Recall_test: 0.542289
F1_test: 0.557545
 

Arquitectura: _2_6_1_
Semilla: 1788104343
Segundos: 49
NIteraciones: 100000

Costo_train: 0.228207
Precision_train: 0.611538
Recall_train: 0.596996
F1_train: 0.604180

Costo_test: 0.238778
Precision_test: 0.616667
Recall_test: 0.552239
F1_test: 0.582677
 

Arquitectura: _2_6_1_
Semilla: 1788104343
Segundos: 49
NIteraciones: 100000

Costo_train: 0.230229
Precision_train: 0.583229
Recall_train: 0.583229
F1_train: 0.583229

Costo_test: 0.235662
Precision_test: 0.603093
Recall_test: 0.582090
F1_test: 0.592405
 

Arquitectura: _2_6_1_
Semilla: 1788104343
Segundos: 49
NIteraciones: 100000

Costo_train: 0.226654
Precision_train: 0.620126
Recall_train: 0.617021
F1_train: 0.618570

Costo_test: 0.235246
Precision_test: 0.620321
Recall_test: 0.577114
F1_test: 0.597938
 

Arquitectura: _2_6_1_
Semilla: 1788104343
Segundos: 49
NIteraciones: 100000

Costo_train: 0.226262
Precision_train: 0.602532
Recall_train: 0.595745
F1_train: 0.599119

Costo_test: 0.234929
Precision_test: 0.625000
Recall_test: 0.572139
F1_test: 0.597403
 

Arquitectura: _2_6_1_
Semilla: 1788104343
Segundos: 49
NIteraciones: 100000

Costo_train: 0.226712
Precision_train: 0.598475
Recall_train: 0.589487
F1_train: 0.593947

Costo_test: 0.237390
Precision_test: 0.610811
Recall_test: 0.562189
F1_test: 0.585492
 

Arquitectura: _2_6_1_
Semilla: 1788104343
Segundos: 49
NIteraciones: 100000

Costo_train: 0.229543
Precision_train: 0.619868
Recall_train: 0.585732
F1_train: 0.602317

Costo_test: 0.240082
Precision_test: 0.607955
Recall_test: 0.532338
F1_test: 0.567639
 

Arquitectura: _2_6_1_
Semilla: 1788104343
Segundos: 49
NIteraciones: 100000

Costo_train: 0.226181
Precision_train: 0.621723
Recall_train: 0.623279
F1_train: 0.622500

Costo_test: 0.237959
Precision_test: 0.600000
Recall_test: 0.552239
F1_test: 0.575130
 

Arquitectura: _2_6_1_
Semilla: 1788104343
Segundos: 49
NIteraciones: 100000

Costo_train: 0.232806
Precision_train: 0.591195
Recall_train: 0.588235
F1_train: 0.589711

Costo_test: 0.240293
Precision_test: 0.596774
Recall_test: 0.552239
F1_test: 0.573643
 

Arquitectura: _2_6_1_
Semilla: 1788104343
Segundos: 49
NIteraciones: 100000

Costo_train: 0.223465
Precision_train: 0.607940
Recall_train: 0.613267
F1_train: 0.610592

Costo_test: 0.234363
Precision_test: 0.613757
Recall_test: 0.577114
F1_test: 0.594872
 

Arquitectura: _2_6_1_
Semilla: 1788104343
Segundos: 49
NIteraciones: 100000

Costo_train: 0.229943
Precision_train: 0.590796
Recall_train: 0.594493
F1_train: 0.592639

Costo_test: 0.238016
Precision_test: 0.603093
Recall_test: 0.582090
F1_test: 0.592405
 

Arquitectura: _2_6_1_
Semilla: 1788104343
Segundos: 49
NIteraciones: 100000

Costo_train: 0.225172
Precision_train: 0.612500
Recall_train: 0.613267
F1_train: 0.612883

Costo_test: 0.234591
Precision_test: 0.613402
Recall_test: 0.592040
F1_test: 0.602532
 

Arquitectura: _2_6_1_
Semilla: 1788104343
Segundos: 49
NIteraciones: 100000

Costo_train: 0.228688
Precision_train: 0.620865
Recall_train: 0.610763
F1_train: 0.615773

Costo_test: 0.238549
Precision_test: 0.607735
Recall_test: 0.547264
F1_test: 0.575916
 

Arquitectura: _2_6_1_
Semilla: 1788104343
Segundos: 49
NIteraciones: 100000

Costo_train: 0.223640
Precision_train: 0.613551
Recall_train: 0.612015
F1_train: 0.612782

Costo_test: 0.232924
Precision_test: 0.619565
Recall_test: 0.567164
F1_test: 0.592208
 

Arquitectura: _2_6_1_
Semilla: 1788104343
Segundos: 49
NIteraciones: 100000

Costo_train: 0.227042
Precision_train: 0.619480
Recall_train: 0.596996
F1_train: 0.608031

Costo_test: 0.236436
Precision_test: 0.592784
Recall_test: 0.572139
F1_test: 0.582278
 

Arquitectura: _2_6_1_
Semilla: 1788104343
Segundos: 49
NIteraciones: 100000

Costo_train: 0.225052
Precision_train: 0.619772
Recall_train: 0.612015
F1_train: 0.615869

Costo_test: 0.236163
Precision_test: 0.612903
Recall_test: 0.567164
F1_test: 0.589147
 

Arquitectura: _2_6_1_
Semilla: 1788104343
Segundos: 49
NIteraciones: 100000

Costo_train: 0.223959
Precision_train: 0.607673
Recall_train: 0.614518
F1_train: 0.611077

Costo_test: 0.234820
Precision_test: 0.614583
Recall_test: 0.587065
F1_test: 0.600509
 

Arquitectura: _2_6_1_
Semilla: 1788104343
Segundos: 49
NIteraciones: 100000

Costo_train: 0.226681
Precision_train: 0.582200
Recall_train: 0.589487
F1_train: 0.585821

Costo_test: 0.234817
Precision_test: 0.619048
Recall_test: 0.582090
F1_test: 0.600000
 

Arquitectura: _2_6_1_
Semilla: 1788104343
Segundos: 49
NIteraciones: 100000

Costo_train: 0.225414
Precision_train: 0.614713
Recall_train: 0.617021
F1_train: 0.615865

Costo_test: 0.235197
Precision_test: 0.629032
Recall_test: 0.582090
F1_test: 0.604651
 

Arquitectura: _2_6_1_
Semilla: 1788104343
Segundos: 49
NIteraciones: 100000

Costo_train: 0.228557
Precision_train: 0.575910
Recall_train: 0.574468
F1_train: 0.575188

Costo_test: 0.237590
Precision_test: 0.601064
Recall_test: 0.562189
F1_test: 0.580977
 

Arquitectura: _2_6_1_
Semilla: 1788104343
Segundos: 49
NIteraciones: 100000

Costo_train: 0.227862
Precision_train: 0.570895
Recall_train: 0.574468
F1_train: 0.572676

Costo_test: 0.236177
Precision_test: 0.595745
Recall_test: 0.557214
F1_test: 0.575835
 

Arquitectura: _2_6_1_
Semilla: 1788104343
Segundos: 49
NIteraciones: 100000

Costo_train: 0.228961
Precision_train: 0.596424
Recall_train: 0.584481
F1_train: 0.590392

Costo_test: 0.239796
Precision_test: 0.609375
Recall_test: 0.582090
F1_test: 0.595420
 

Arquitectura: _2_6_1_
Semilla: 1788104343
Segundos: 49
NIteraciones: 100000

Costo_train: 0.230235
Precision_train: 0.594886
Recall_train: 0.553191
F1_train: 0.573281

Costo_test: 0.238318
Precision_test: 0.622222
Recall_test: 0.557214
F1_test: 0.587927
 

Arquitectura: _2_6_1_
Semilla: 1788104343
Segundos: 49
NIteraciones: 100000

Costo_train: 0.229881
Precision_train: 0.587871
Recall_train: 0.594493
F1_train: 0.591164

Costo_test: 0.239959
Precision_test: 0.601010
Recall_test: 0.592040
F1_test: 0.596491
 

Arquitectura: _2_6_1_
Semilla: 1788104343
Segundos: 49
NIteraciones: 100000

Costo_train: 0.224772
Precision_train: 0.615094
Recall_train: 0.612015
F1_train: 0.613551

Costo_test: 0.234181
Precision_test: 0.619792
Recall_test: 0.592040
F1_test: 0.605598
 

Arquitectura: _2_6_1_
Semilla: 1788104343
Segundos: 49
NIteraciones: 100000

Costo_train: 0.229948
Precision_train: 0.596977
Recall_train: 0.593242
F1_train: 0.595104

Costo_test: 0.238304
Precision_test: 0.596859
Recall_test: 0.567164
F1_test: 0.581633
 

Arquitectura: _2_6_1_
Semilla: 1788104343
Segundos: 49
NIteraciones: 100000

Costo_train: 0.229561
Precision_train: 0.597452
Recall_train: 0.586984
F1_train: 0.592172

Costo_test: 0.237987
Precision_test: 0.593583
Recall_test: 0.552239
F1_test: 0.572165
 

Arquitectura: _2_6_1_
Semilla: 1788104343
Segundos: 49
NIteraciones: 100000

Costo_train: 0.223062
Precision_train: 0.602484
Recall_train: 0.607009
F1_train: 0.604738

Costo_test: 0.233927
Precision_test: 0.602210
Recall_test: 0.542289
F1_test: 0.570681
 

Arquitectura: _2_6_1_
Semilla: 1788104343
Segundos: 49
NIteraciones: 100000

Costo_train: 0.226339
Precision_train: 0.645202
Recall_train: 0.639549
F1_train: 0.642363

Costo_test: 0.234340
Precision_test: 0.651934
Recall_test: 0.587065
F1_test: 0.617801
 

Arquitectura: _2_6_1_
Semilla: 1788104343
Segundos: 49
NIteraciones: 100000

Costo_train: 0.227251
Precision_train: 0.608805
Recall_train: 0.605757
F1_train: 0.607277

Costo_test: 0.238707
Precision_test: 0.578378
Recall_test: 0.532338
F1_test: 0.554404
 

Arquitectura: _2_6_1_
Semilla: 1788104343
Segundos: 49
NIteraciones: 100000

Costo_train: 0.230000
Precision_train: 0.588535
Recall_train: 0.578223
F1_train: 0.583333

Costo_test: 0.240352
Precision_test: 0.593909
Recall_test: 0.582090
F1_test: 0.587940
 

Arquitectura: _2_6_1_
Semilla: 1788104343
Segundos: 49
NIteraciones: 100000

Costo_train: 0.226465
Precision_train: 0.597964
Recall_train: 0.588235
F1_train: 0.593060

Costo_test: 0.235146
Precision_test: 0.622951
Recall_test: 0.567164
F1_test: 0.593750
 

Arquitectura: _2_6_1_
Semilla: 1788104343
Segundos: 49
NIteraciones: 100000

Costo_train: 0.227741
Precision_train: 0.582798
Recall_train: 0.568210
F1_train: 0.575412

Costo_test: 0.237962
Precision_test: 0.598930
Recall_test: 0.557214
F1_test: 0.577320
 

Arquitectura: _2_6_1_
Semilla: 1788104343
Segundos: 49
NIteraciones: 100000

Costo_train: 0.226600
Precision_train: 0.599222
Recall_train: 0.578223
F1_train: 0.588535

Costo_test: 0.237851
Precision_test: 0.615789
Recall_test: 0.582090
F1_test: 0.598465
 

Arquitectura: _2_6_1_
Semilla: 1788104343
Segundos: 49
NIteraciones: 100000

Costo_train: 0.226113
Precision_train: 0.616561
Recall_train: 0.605757
F1_train: 0.611111

Costo_test: 0.234601
Precision_test: 0.595855
Recall_test: 0.572139
F1_test: 0.583756
 

Arquitectura: _2_6_1_
Semilla: 1788104343
Segundos: 49
NIteraciones: 100000

Costo_train: 0.229917
Precision_train: 0.591656
Recall_train: 0.585732
F1_train: 0.588679

Costo_test: 0.239896
Precision_test: 0.598958
Recall_test: 0.572139
F1_test: 0.585242
 

Arquitectura: _2_6_1_
Semilla: 1788104343
Segundos: 49
NIteraciones: 100000

Costo_train: 0.228198
Precision_train: 0.585276
Recall_train: 0.596996
F1_train: 0.591078

Costo_test: 0.236676
Precision_test: 0.598958
Recall_test: 0.572139
F1_test: 0.585242
 

Arquitectura: _2_6_1_
Semilla: 1788104343
Segundos: 49
NIteraciones: 100000

Costo_train: 0.229001
Precision_train: 0.581977
Recall_train: 0.581977
F1_train: 0.581977

Costo_test: 0.236288
Precision_test: 0.603175
Recall_test: 0.567164
F1_test: 0.584615
 

Arquitectura: _2_6_1_
Semilla: 1788104343
Segundos: 49
NIteraciones: 100000

Costo_train: 0.225695
Precision_train: 0.621554
Recall_train: 0.620776
F1_train: 0.621165

Costo_test: 0.237282
Precision_test: 0.610811
Recall_test: 0.562189
F1_test: 0.585492
 

Arquitectura: _2_6_1_
Semilla: 1788104343
Segundos: 49
NIteraciones: 100000

Costo_train: 0.229168
Precision_train: 0.582090
Recall_train: 0.585732
F1_train: 0.583905

Costo_test: 0.240539
Precision_test: 0.591623
Recall_test: 0.562189
F1_test: 0.576531
 

Arquitectura: _2_6_1_
Semilla: 1788104343
Segundos: 49
NIteraciones: 100000

Costo_train: 0.225477
Precision_train: 0.620301
Recall_train: 0.619524
F1_train: 0.619912

Costo_test: 0.236294
Precision_test: 0.615789
Recall_test: 0.582090
F1_test: 0.598465
 

Arquitectura: _2_6_1_
Semilla: 1788104343
Segundos: 49
NIteraciones: 100000

Costo_train: 0.229002
Precision_train: 0.589487
Recall_train: 0.589487
F1_train: 0.589487

Costo_test: 0.242177
Precision_test: 0.594737
Recall_test: 0.562189
F1_test: 0.578005
 

Arquitectura: _2_6_1_
Semilla: 1788104343
Segundos: 49
NIteraciones: 100000

Costo_train: 0.221981
Precision_train: 0.621588
Recall_train: 0.627034
F1_train: 0.624299

Costo_test: 0.232838
Precision_test: 0.611399
Recall_test: 0.587065
F1_test: 0.598985
 

Arquitectura: _2_6_1_
Semilla: 1788104343
Segundos: 49
NIteraciones: 100000

Costo_train: 0.228058
Precision_train: 0.577070
Recall_train: 0.566959
F1_train: 0.571970

Costo_test: 0.237967
Precision_test: 0.590164
Recall_test: 0.537313
F1_test: 0.562500
 

Arquitectura: _2_6_1_
Semilla: 1788104343
Segundos: 49
NIteraciones: 100000

Costo_train: 0.228834
Precision_train: 0.598575
Recall_train: 0.630789
F1_train: 0.614260

Costo_test: 0.239339
Precision_test: 0.594872
Recall_test: 0.577114
F1_test: 0.585859
 

Arquitectura: _2_6_1_
Semilla: 1788104343
Segundos: 49
NIteraciones: 100000

Costo_train: 0.225532
Precision_train: 0.620474
Recall_train: 0.622028
F1_train: 0.621250

Costo_test: 0.236569
Precision_test: 0.615789
Recall_test: 0.582090
F1_test: 0.598465
 

Arquitectura: _2_6_1_
Semilla: 1788104343
Segundos: 49
NIteraciones: 100000

Costo_train: 0.227751
Precision_train: 0.586466
Recall_train: 0.585732
F1_train: 0.586099

Costo_test: 0.237862
Precision_test: 0.597884
Recall_test: 0.562189
F1_test: 0.579487
 

Arquitectura: _2_6_1_
Semilla: 1788104343
Segundos: 49
NIteraciones: 100000

Costo_train: 0.230064
Precision_train: 0.587563
Recall_train: 0.579474
F1_train: 0.583491

Costo_test: 0.240485
Precision_test: 0.593909
Recall_test: 0.582090
F1_test: 0.587940
 

Arquitectura: _2_6_1_
Semilla: 1788104343
Segundos: 49
NIteraciones: 100000

Costo_train: 0.224301
Precision_train: 0.613065
Recall_train: 0.610763
F1_train: 0.611912

Costo_test: 0.233655
Precision_test: 0.617021
Recall_test: 0.577114
F1_test: 0.596401
 

Arquitectura: _2_6_1_
Semilla: 1788104343
Segundos: 49
NIteraciones: 100000

Costo_train: 0.229404
Precision_train: 0.594904
Recall_train: 0.584481
F1_train: 0.589647

Costo_test: 0.238914
Precision_test: 0.604167
Recall_test: 0.577114
F1_test: 0.590331
 

Arquitectura: _2_6_1_
Semilla: 1788104343
Segundos: 49
NIteraciones: 100000

Costo_train: 0.228852
Precision_train: 0.608472
Recall_train: 0.593242
F1_train: 0.600760

Costo_test: 0.234414
Precision_test: 0.598870
Recall_test: 0.527363
F1_test: 0.560847
 

Arquitectura: _2_6_1_
Semilla: 1788104343
Segundos: 49
NIteraciones: 100000

Costo_train: 0.225761
Precision_train: 0.613836
Recall_train: 0.610763
F1_train: 0.612296

Costo_test: 0.237169
Precision_test: 0.601064
Recall_test: 0.562189
F1_test: 0.580977
 

Arquitectura: _2_6_1_
Semilla: 1788104343
Segundos: 49
NIteraciones: 100000

Costo_train: 0.229880
Precision_train: 0.589196
Recall_train: 0.586984
F1_train: 0.588088

Costo_test: 0.239951
Precision_test: 0.600000
Recall_test: 0.582090
F1_test: 0.590909
 

Arquitectura: _2_6_1_
Semilla: 1788104343
Segundos: 49
NIteraciones: 100000

Costo_train: 0.225583
Precision_train: 0.608966
Recall_train: 0.612015
F1_train: 0.610487

Costo_test: 0.234961
Precision_test: 0.610526
Recall_test: 0.577114
F1_test: 0.593350
 

Arquitectura: _2_6_1_
Semilla: 1788104343
Segundos: 49
NIteraciones: 100000

Costo_train: 0.226684
Precision_train: 0.595934
Recall_train: 0.586984
F1_train: 0.591425

Costo_test: 0.235453
Precision_test: 0.619565
Recall_test: 0.567164
F1_test: 0.592208
 

Arquitectura: _2_6_1_
Semilla: 1788104343
Segundos: 49
NIteraciones: 100000

Costo_train: 0.228326
Precision_train: 0.578815
Recall_train: 0.574468
F1_train: 0.576633

Costo_test: 0.238739
Precision_test: 0.585492
Recall_test: 0.562189
F1_test: 0.573604
 

Arquitectura: _2_6_1_
Semilla: 1788104343
Segundos: 49
NIteraciones: 100000

Costo_train: 0.228782
Precision_train: 0.599762
Recall_train: 0.632040
F1_train: 0.615478

Costo_test: 0.239061
Precision_test: 0.594872
Recall_test: 0.577114
F1_test: 0.585859
 

Arquitectura: _2_6_1_
Semilla: 1788104343
Segundos: 49
NIteraciones: 100000

Costo_train: 0.225738
Precision_train: 0.613636
Recall_train: 0.608260
F1_train: 0.610937

Costo_test: 0.237083
Precision_test: 0.606383
Recall_test: 0.567164
F1_test: 0.586118
 

Arquitectura: _2_6_1_
Semilla: 1788104343
Segundos: 49
NIteraciones: 100000

Costo_train: 0.230001
Precision_train: 0.592965
Recall_train: 0.590738
F1_train: 0.591850

Costo_test: 0.239907
Precision_test: 0.601036
Recall_test: 0.577114
F1_test: 0.588832
 

Arquitectura: _2_6_1_
Semilla: 1788104343
Segundos: 49
NIteraciones: 100000

Costo_train: 0.228975
Precision_train: 0.588972
Recall_train: 0.588235
F1_train: 0.588604

Costo_test: 0.242051
Precision_test: 0.594737
Recall_test: 0.562189
F1_test: 0.578005
 

Arquitectura: _2_6_1_
Semilla: 1788104343
Segundos: 49
NIteraciones: 100000

Costo_train: 0.222410
Precision_train: 0.608158
Recall_train: 0.615770
F1_train: 0.611940

Costo_test: 0.232747
Precision_test: 0.598958
Recall_test: 0.572139
F1_test: 0.585242
 

Arquitectura: _2_6_1_
Semilla: 1788104343
Segundos: 49
NIteraciones: 100000

Costo_train: 0.225804
Precision_train: 0.621859
Recall_train: 0.619524
F1_train: 0.620690

Costo_test: 0.237459
Precision_test: 0.609890
Recall_test: 0.552239
F1_test: 0.579634
 

Arquitectura: _2_6_1_
Semilla: 1788104343
Segundos: 49
NIteraciones: 100000

Costo_train: 0.230349
Precision_train: 0.603651
Recall_train: 0.579474
F1_train: 0.591315

Costo_test: 0.239143
Precision_test: 0.594595
Recall_test: 0.547264
F1_test: 0.569948
 

Arquitectura: _2_6_1_
Semilla: 1788104343
Segundos: 49
NIteraciones: 100000

Costo_train: 0.223428
Precision_train: 0.608426
Recall_train: 0.614518
F1_train: 0.611457

Costo_test: 0.234271
Precision_test: 0.613757
Recall_test: 0.577114
F1_test: 0.594872
 

Arquitectura: _2_6_1_
Semilla: 1788104343
Segundos: 49
NIteraciones: 100000

Costo_train: 0.229204
Precision_train: 0.579728
Recall_train: 0.586984
F1_train: 0.583333

Costo_test: 0.240416
Precision_test: 0.591623
Recall_test: 0.562189
F1_test: 0.576531
 

Arquitectura: _2_6_1_
Semilla: 1788104343
Segundos: 49
NIteraciones: 100000

Costo_train: 0.226607
Precision_train: 0.612903
Recall_train: 0.618273
F1_train: 0.615576

Costo_test: 0.235914
Precision_test: 0.601064
Recall_test: 0.562189
F1_test: 0.580977
 

Arquitectura: _2_6_1_
Semilla: 1788104343
Segundos: 49
NIteraciones: 100000

Costo_train: 0.229628
Precision_train: 0.606599
Recall_train: 0.598248
F1_train: 0.602394

Costo_test: 0.240959
Precision_test: 0.591398
Recall_test: 0.547264
F1_test: 0.568475
 

Arquitectura: _2_6_1_
Semilla: 1788104343
Segundos: 49
NIteraciones: 100000

Costo_train: 0.227985
Precision_train: 0.574257
Recall_train: 0.580726
F1_train: 0.577474

Costo_test: 0.236392
Precision_test: 0.592593
Recall_test: 0.557214
F1_test: 0.574359
 

Arquitectura: _2_6_1_
Semilla: 1788104343
Segundos: 49
NIteraciones: 100000

Costo_train: 0.228305
Precision_train: 0.609512
Recall_train: 0.609512
F1_train: 0.609512

Costo_test: 0.239099
Precision_test: 0.608247
Recall_test: 0.587065
F1_test: 0.597468
 

Arquitectura: _2_6_1_
Semilla: 1788104343
Segundos: 49
NIteraciones: 100000

Costo_train: 0.228424
Precision_train: 0.608209
Recall_train: 0.612015
F1_train: 0.610106

Costo_test: 0.239014
Precision_test: 0.603093
Recall_test: 0.582090
F1_test: 0.592405
 

Arquitectura: _2_6_1_
Semilla: 1788104343
Segundos: 49
NIteraciones: 100000

Costo_train: 0.230002
Precision_train: 0.589581
Recall_train: 0.580726
F1_train: 0.585120

Costo_test: 0.240381
Precision_test: 0.593909
Recall_test: 0.582090
F1_test: 0.587940
 

Arquitectura: _2_6_1_
Semilla: 1788104343
Segundos: 49
NIteraciones: 100000

Costo_train: 0.223693
Precision_train: 0.604218
Recall_train: 0.609512
F1_train: 0.606854

Costo_test: 0.234546
Precision_test: 0.607527
Recall_test: 0.562189
F1_test: 0.583979
 

Arquitectura: _2_6_1_
Semilla: 1788104343
Segundos: 49
NIteraciones: 100000

Costo_train: 0.228926
Precision_train: 0.597403
Recall_train: 0.575720
F1_train: 0.586361

Costo_test: 0.238369
Precision_test: 0.602094
Recall_test: 0.572139
F1_test: 0.586735
 


--- Test Profunda 2.0 ---
Iteración 10000
Costo: 0.237157
Iteración 20000
Costo: 0.235639
Iteración 30000
Costo: 0.234985
Iteración 40000
Costo: 0.234507
Iteración 50000
Costo: 0.232133
Iteración 60000
Costo: 0.231301
Iteración 70000
Costo: 0.230920
Iteración 80000
Costo: 0.230691
Iteración 90000
Costo: 0.230533

Arquitectura: _2_3_3_1_
Semilla: 1788104392
Segundos: 94
NIteraciones: 100000

Costo_train: 0.230412
Precision_train: 0.594257
Recall_train: 0.595745
F1_train: 0.595000

Costo_test: 0.238795
Precision_test: 0.592965
Recall_test: 0.587065
F1_test: 0.590000
 

Arquitectura: _2_3_3_1_
Semilla: 1788104392
Segundos: 94
NIteraciones: 100000

Costo_train: 0.234195
Precision_train: 0.589711
Recall_train: 0.588235
F1_train: 0.588972

Costo_test: 0.240448
Precision_test: 0.586021
Recall_test: 0.542289
F1_test: 0.563308
 

Arquitectura: _2_3_3_1_
Semilla: 1788104392
Segundos: 94
NIteraciones: 100000

Costo_train: 0.234139
Precision_train: 0.582921
Recall_train: 0.589487
F1_train: 0.586185

Costo_test: 0.240232
Precision_test: 0.584211
Recall_test: 0.552239
F1_test: 0.567775
 

Arquitectura: _2_3_3_1_
Semilla: 1788104392
Segundos: 94
NIteraciones: 100000

Costo_train: 0.234113
Precision_train: 0.584577
Recall_train: 0.588235
F1_train: 0.586401

Costo_test: 0.240375
Precision_test: 0.582011
Recall_test: 0.547264
F1_test: 0.564103
 

Arquitectura: _2_3_3_1_
Semilla: 1788104392
Segundos: 94
NIteraciones: 100000

Costo_train: 0.230948
Precision_train: 0.589263
Recall_train: 0.590738
F1_train: 0.590000

Costo_test: 0.237118
Precision_test: 0.589474
Recall_test: 0.557214
F1_test: 0.572890
 

Arquitectura: _2_3_3_1_
Semilla: 1788104392
Segundos: 94
NIteraciones: 100000

Costo_train: 0.234272
Precision_train: 0.589873
Recall_train: 0.583229
F1_train: 0.586532

Costo_test: 0.239962
Precision_test: 0.590426
Recall_test: 0.552239
F1_test: 0.570694
 

Arquitectura: _2_3_3_1_
Semilla: 1788104392
Segundos: 94
NIteraciones: 100000

Costo_train: 0.230868
Precision_train: 0.571960
Recall_train: 0.576971
F1_train: 0.574455

Costo_test: 0.237208
Precision_test: 0.577889
Recall_test: 0.572139
F1_test: 0.575000
 

Arquitectura: _2_3_3_1_
Semilla: 1788104392
Segundos: 94
NIteraciones: 100000

Costo_train: 0.232342
Precision_train: 0.584672
Recall_train: 0.591990
F1_train: 0.588308

Costo_test: 0.239084
Precision_test: 0.584699
Recall_test: 0.532338
F1_test: 0.557292
 

Arquitectura: _2_3_3_1_
Semilla: 1788104392
Segundos: 94
NIteraciones: 100000

Costo_train: 0.232521
Precision_train: 0.589461
Recall_train: 0.602003
F1_train: 0.595666

Costo_test: 0.237964
Precision_test: 0.600000
Recall_test: 0.552239
F1_test: 0.575130
 

Arquitectura: _2_3_3_1_
Semilla: 1788104392
Segundos: 94
NIteraciones: 100000

Costo_train: 0.232943
Precision_train: 0.581509
Recall_train: 0.598248
F1_train: 0.589759

Costo_test: 0.238438
Precision_test: 0.580645
Recall_test: 0.537313
F1_test: 0.558140
 

Arquitectura: _2_3_3_1_
Semilla: 1788104392
Segundos: 94
NIteraciones: 100000

Costo_train: 0.231694
Precision_train: 0.579082
Recall_train: 0.568210
F1_train: 0.573594

Costo_test: 0.237753
Precision_test: 0.620879
Recall_test: 0.562189
F1_test: 0.590078
 

Arquitectura: _2_3_3_1_
Semilla: 1788104392
Segundos: 94
NIteraciones: 100000

Costo_train: 0.231621
Precision_train: 0.577465
Recall_train: 0.564456
F1_train: 0.570886

Costo_test: 0.237873
Precision_test: 0.620879
Recall_test: 0.562189
F1_test: 0.590078
 

Arquitectura: _2_3_3_1_
Semilla: 1788104392
Segundos: 94
NIteraciones: 100000

Costo_train: 0.231021
Precision_train: 0.575377
Recall_train: 0.573216
F1_train: 0.574295

Costo_test: 0.237814
Precision_test: 0.580808
Recall_test: 0.572139
F1_test: 0.576441
 

Arquitectura: _2_3_3_1_
Semilla: 1788104392
Segundos: 94
NIteraciones: 100000

Costo_train: 0.231089
Precision_train: 0.573216
Recall_train: 0.573216
F1_train: 0.573216

Costo_test: 0.237802
Precision_test: 0.578680
Recall_test: 0.567164
F1_test: 0.572864
 

Arquitectura: _2_3_3_1_
Semilla: 1788104392
Segundos: 94
NIteraciones: 100000

Costo_train: 0.234171
Precision_train: 0.584672
Recall_train: 0.591990
F1_train: 0.588308

Costo_test: 0.240367
Precision_test: 0.584211
Recall_test: 0.552239
F1_test: 0.567775
 

Arquitectura: _2_3_3_1_
Semilla: 1788104392
Segundos: 94
NIteraciones: 100000

Costo_train: 0.231510
Precision_train: 0.587145
Recall_train: 0.594493
F1_train: 0.590796

Costo_test: 0.237036
Precision_test: 0.598901
Recall_test: 0.542289
F1_test: 0.569191
 

Arquitectura: _2_3_3_1_
Semilla: 1788104392
Segundos: 94
NIteraciones: 100000

Costo_train: 0.234148
Precision_train: 0.588903
Recall_train: 0.584481
F1_train: 0.586683

Costo_test: 0.240525
Precision_test: 0.588235
Recall_test: 0.547264
F1_test: 0.567010
 

Arquitectura: _2_3_3_1_
Semilla: 1788104392
Segundos: 94
NIteraciones: 100000

Costo_train: 0.231503
Precision_train: 0.583436
Recall_train: 0.590738
F1_train: 0.587065

Costo_test: 0.237585
Precision_test: 0.581522
Recall_test: 0.532338
F1_test: 0.555844
 

Arquitectura: _2_3_3_1_
Semilla: 1788104392
Segundos: 94
NIteraciones: 100000

Costo_train: 0.231055
Precision_train: 0.574655
Recall_train: 0.573216
F1_train: 0.573935

Costo_test: 0.237837
Precision_test: 0.580808
Recall_test: 0.572139
F1_test: 0.576441
 

Arquitectura: _2_3_3_1_
Semilla: 1788104392
Segundos: 94
NIteraciones: 100000

Costo_train: 0.231851
Precision_train: 0.604298
Recall_train: 0.598248
F1_train: 0.601258

Costo_test: 0.238477
Precision_test: 0.626316
Recall_test: 0.592040
F1_test: 0.608696
 

Arquitectura: _2_3_3_1_
Semilla: 1788104392
Segundos: 94
NIteraciones: 100000

Costo_train: 0.231226
Precision_train: 0.588529
Recall_train: 0.590738
F1_train: 0.589631

Costo_test: 0.237383
Precision_test: 0.588542
Recall_test: 0.562189
F1_test: 0.575064
 

Arquitectura: _2_3_3_1_
Semilla: 1788104392
Segundos: 94
NIteraciones: 100000

Costo_train: 0.230297
Precision_train: 0.593516
Recall_train: 0.595745
F1_train: 0.594628

Costo_test: 0.238877
Precision_test: 0.595960
Recall_test: 0.587065
F1_test: 0.591479
 

Arquitectura: _2_3_3_1_
Semilla: 1788104392
Segundos: 94
NIteraciones: 100000

Costo_train: 0.231267
Precision_train: 0.575796
Recall_train: 0.565707
F1_train: 0.570707

Costo_test: 0.237748
Precision_test: 0.577320
Recall_test: 0.557214
F1_test: 0.567089
 

Arquitectura: _2_3_3_1_
Semilla: 1788104392
Segundos: 94
NIteraciones: 100000

Costo_train: 0.231697
Precision_train: 0.580645
Recall_train: 0.563204
F1_train: 0.571792

Costo_test: 0.237799
Precision_test: 0.620879
Recall_test: 0.562189
F1_test: 0.590078
 

Arquitectura: _2_3_3_1_
Semilla: 1788104392
Segundos: 94
NIteraciones: 100000

Costo_train: 0.231908
Precision_train: 0.605985
Recall_train: 0.608260
F1_train: 0.607121

Costo_test: 0.239623
Precision_test: 0.601093
Recall_test: 0.547264
F1_test: 0.572917
 

Arquitectura: _2_3_3_1_
Semilla: 1788104392
Segundos: 94
NIteraciones: 100000

Costo_train: 0.234224
Precision_train: 0.585821
Recall_train: 0.589487
F1_train: 0.587648

Costo_test: 0.240353
Precision_test: 0.585106
Recall_test: 0.547264
F1_test: 0.565553
 

Arquitectura: _2_3_3_1_
Semilla: 1788104392
Segundos: 94
NIteraciones: 100000

Costo_train: 0.234161
Precision_train: 0.582921
Recall_train: 0.589487
F1_train: 0.586185

Costo_test: 0.240218
Precision_test: 0.584211
Recall_test: 0.552239
F1_test: 0.567775
 

Arquitectura: _2_3_3_1_
Semilla: 1788104392
Segundos: 94
NIteraciones: 100000

Costo_train: 0.231854
Precision_train: 0.601250
Recall_train: 0.602003
F1_train: 0.601626

Costo_test: 0.237987
Precision_test: 0.562842
Recall_test: 0.512438
F1_test: 0.536458
 

Arquitectura: _2_3_3_1_
Semilla: 1788104392
Segundos: 94
NIteraciones: 100000

Costo_train: 0.231200
Precision_train: 0.574755
Recall_train: 0.586984
F1_train: 0.580805

Costo_test: 0.237852
Precision_test: 0.573529
Recall_test: 0.582090
F1_test: 0.577778
 

Arquitectura: _2_3_3_1_
Semilla: 1788104392
Segundos: 94
NIteraciones: 100000

Costo_train: 0.230399
Precision_train: 0.598742
Recall_train: 0.595745
F1_train: 0.597240

Costo_test: 0.238917
Precision_test: 0.592784
Recall_test: 0.572139
F1_test: 0.582278
 

Arquitectura: _2_3_3_1_
Semilla: 1788104392
Segundos: 94
NIteraciones: 100000

Costo_train: 0.234142
Precision_train: 0.582921
Recall_train: 0.589487
F1_train: 0.586185

Costo_test: 0.240262
Precision_test: 0.584211
Recall_test: 0.552239
F1_test: 0.567775
 

Arquitectura: _2_3_3_1_
Semilla: 1788104392
Segundos: 94
NIteraciones: 100000

Costo_train: 0.234128
Precision_train: 0.588679
Recall_train: 0.585732
F1_train: 0.587202

Costo_test: 0.240507
Precision_test: 0.588235
Recall_test: 0.547264
F1_test: 0.567010
 

Arquitectura: _2_3_3_1_
Semilla: 1788104392
Segundos: 94
NIteraciones: 100000

Costo_train: 0.234178
Precision_train: 0.586035
Recall_train: 0.588235
F1_train: 0.587133

Costo_test: 0.240359
Precision_test: 0.585106
Recall_test: 0.547264
F1_test: 0.565553
 

Arquitectura: _2_3_3_1_
Semilla: 1788104392
Segundos: 94
NIteraciones: 100000

Costo_train: 0.231939
Precision_train: 0.601250
Recall_train: 0.602003
F1_train: 0.601626

Costo_test: 0.238080
Precision_test: 0.562842
Recall_test: 0.512438
F1_test: 0.536458
 

Arquitectura: _2_3_3_1_
Semilla: 1788104392
Segundos: 94
NIteraciones: 100000

Costo_train: 0.232497
Precision_train: 0.599743
Recall_train: 0.583229
F1_train: 0.591371

Costo_test: 0.242387
Precision_test: 0.590164
Recall_test: 0.537313
F1_test: 0.562500
 

Arquitectura: _2_3_3_1_
Semilla: 1788104392
Segundos: 94
NIteraciones: 100000

Costo_train: 0.234197
Precision_train: 0.583851
Recall_train: 0.588235
F1_train: 0.586035

Costo_test: 0.240179
Precision_test: 0.590426
Recall_test: 0.552239
F1_test: 0.570694
 

Arquitectura: _2_3_3_1_
Semilla: 1788104392
Segundos: 94
NIteraciones: 100000

Costo_train: 0.232818
Precision_train: 0.579874
Recall_train: 0.576971
F1_train: 0.578419

Costo_test: 0.241337
Precision_test: 0.572917
Recall_test: 0.547264
F1_test: 0.559796
 

Arquitectura: _2_3_3_1_
Semilla: 1788104392
Segundos: 94
NIteraciones: 100000

Costo_train: 0.234155
Precision_train: 0.583851
Recall_train: 0.588235
F1_train: 0.586035

Costo_test: 0.240204
Precision_test: 0.582011
Recall_test: 0.547264
F1_test: 0.564103
 

Arquitectura: _2_3_3_1_
Semilla: 1788104392
Segundos: 94
NIteraciones: 100000

Costo_train: 0.231631
Precision_train: 0.586928
Recall_train: 0.561952
F1_train: 0.574169

Costo_test: 0.237890
Precision_test: 0.624309
Recall_test: 0.562189
F1_test: 0.591623
 

Arquitectura: _2_3_3_1_
Semilla: 1788104392
Segundos: 94
NIteraciones: 100000

Costo_train: 0.231994
Precision_train: 0.588523
Recall_train: 0.603254
F1_train: 0.595797

Costo_test: 0.237775
Precision_test: 0.600000
Recall_test: 0.552239
F1_test: 0.575130
 

Arquitectura: _2_3_3_1_
Semilla: 1788104392
Segundos: 94
NIteraciones: 100000

Costo_train: 0.234135
Precision_train: 0.585608
Recall_train: 0.590738
F1_train: 0.588162

Costo_test: 0.240449
Precision_test: 0.582011
Recall_test: 0.547264
F1_test: 0.564103
 

Arquitectura: _2_3_3_1_
Semilla: 1788104392
Segundos: 94
NIteraciones: 100000

Costo_train: 0.231667
Precision_train: 0.577465
Recall_train: 0.564456
F1_train: 0.570886

Costo_test: 0.237653
Precision_test: 0.617486
Recall_test: 0.562189
F1_test: 0.588542
 

Arquitectura: _2_3_3_1_
Semilla: 1788104392
Segundos: 94
NIteraciones: 100000

Costo_train: 0.234122
Precision_train: 0.583436
Recall_train: 0.590738
F1_train: 0.587065

Costo_test: 0.240302
Precision_test: 0.584211
Recall_test: 0.552239
F1_test: 0.567775
 

Arquitectura: _2_3_3_1_
Semilla: 1788104392
Segundos: 94
NIteraciones: 100000

Costo_train: 0.234152
Precision_train: 0.590392
Recall_train: 0.584481
F1_train: 0.587421

Costo_test: 0.240506
Precision_test: 0.586021
Recall_test: 0.542289
F1_test: 0.563308
 

Arquitectura: _2_3_3_1_
Semilla: 1788104392
Segundos: 94
NIteraciones: 100000

Costo_train: 0.231024
Precision_train: 0.588308
Recall_train: 0.591990
F1_train: 0.590143

Costo_test: 0.237162
Precision_test: 0.583333
Recall_test: 0.557214
F1_test: 0.569975
 

Arquitectura: _2_3_3_1_
Semilla: 1788104392
Segundos: 94
NIteraciones: 100000

Costo_train: 0.234230
Precision_train: 0.583744
Recall_train: 0.593242
F1_train: 0.588454

Costo_test: 0.240257
Precision_test: 0.584211
Recall_test: 0.552239
F1_test: 0.567775
 

Arquitectura: _2_3_3_1_
Semilla: 1788104392
Segundos: 94
NIteraciones: 100000

Costo_train: 0.234264
Precision_train: 0.592357
Recall_train: 0.581977
F1_train: 0.587121

Costo_test: 0.240106
Precision_test: 0.593583
Recall_test: 0.552239
F1_test: 0.572165
 

Arquitectura: _2_3_3_1_
Semilla: 1788104392
Segundos: 94
NIteraciones: 100000

Costo_train: 0.230936
Precision_train: 0.588308
Recall_train: 0.591990
F1_train: 0.590143

Costo_test: 0.237011
Precision_test: 0.582888
Recall_test: 0.542289
F1_test: 0.561856
 

Arquitectura: _2_3_3_1_
Semilla: 1788104392
Segundos: 94
NIteraciones: 100000

Costo_train: 0.234999
Precision_train: 0.586294
Recall_train: 0.578223
F1_train: 0.582231

Costo_test: 0.239060
Precision_test: 0.585492
Recall_test: 0.562189
F1_test: 0.573604
 

Arquitectura: _2_3_3_1_
Semilla: 1788104392
Segundos: 94
NIteraciones: 100000

Costo_train: 0.234177
Precision_train: 0.587940
Recall_train: 0.585732
F1_train: 0.586834

Costo_test: 0.240289
Precision_test: 0.585106
Recall_test: 0.547264
F1_test: 0.565553
 

Arquitectura: _2_3_3_1_
Semilla: 1788104392
Segundos: 94
NIteraciones: 100000

Costo_train: 0.234137
Precision_train: 0.585305
Recall_train: 0.588235
F1_train: 0.586767

Costo_test: 0.240259
Precision_test: 0.585106
Recall_test: 0.547264
F1_test: 0.565553
 

Arquitectura: _2_3_3_1_
Semilla: 1788104392
Segundos: 94
NIteraciones: 100000

Costo_train: 0.231934
Precision_train: 0.603015
Recall_train: 0.600751
F1_train: 0.601881

Costo_test: 0.238169
Precision_test: 0.565934
Recall_test: 0.512438
F1_test: 0.537859
 

Arquitectura: _2_3_3_1_
Semilla: 1788104392
Segundos: 94
NIteraciones: 100000

Costo_train: 0.232302
Precision_train: 0.565000
Recall_train: 0.565707
F1_train: 0.565353

Costo_test: 0.240619
Precision_test: 0.530864
Recall_test: 0.427861
F1_test: 0.473829
 

Arquitectura: _2_3_3_1_
Semilla: 1788104392
Segundos: 94
NIteraciones: 100000

Costo_train: 0.232258
Precision_train: 0.599741
Recall_train: 0.579474
F1_train: 0.589433

Costo_test: 0.242120
Precision_test: 0.596685
Recall_test: 0.537313
F1_test: 0.565445
 

Arquitectura: _2_3_3_1_
Semilla: 1788104392
Segundos: 94
NIteraciones: 100000

Costo_train: 0.231118
Precision_train: 0.573216
Recall_train: 0.573216
F1_train: 0.573216

Costo_test: 0.237803
Precision_test: 0.573604
Recall_test: 0.562189
F1_test: 0.567839
 

Arquitectura: _2_3_3_1_
Semilla: 1788104392
Segundos: 94
NIteraciones: 100000

Costo_train: 0.231053
Precision_train: 0.576971
Recall_train: 0.576971
F1_train: 0.576971

Costo_test: 0.237903
Precision_test: 0.575000
Recall_test: 0.572139
F1_test: 0.573566
 

Arquitectura: _2_3_3_1_
Semilla: 1788104392
Segundos: 94
NIteraciones: 100000

Costo_train: 0.231844
Precision_train: 0.601748
Recall_train: 0.603254
F1_train: 0.602500

Costo_test: 0.237963
Precision_test: 0.562842
Recall_test: 0.512438
F1_test: 0.536458
 

Arquitectura: _2_3_3_1_
Semilla: 1788104392
Segundos: 94
NIteraciones: 100000

Costo_train: 0.231842
Precision_train: 0.603704
Recall_train: 0.612015
F1_train: 0.607831

Costo_test: 0.237871
Precision_test: 0.566845
Recall_test: 0.527363
F1_test: 0.546392
 

Arquitectura: _2_3_3_1_
Semilla: 1788104392
Segundos: 94
NIteraciones: 100000

Costo_train: 0.232112
Precision_train: 0.602996
Recall_train: 0.604506
F1_train: 0.603750

Costo_test: 0.238535
Precision_test: 0.626316
Recall_test: 0.592040
F1_test: 0.608696
 

Arquitectura: _2_3_3_1_
Semilla: 1788104392
Segundos: 94
NIteraciones: 100000

Costo_train: 0.231449
Precision_train: 0.569075
Recall_train: 0.561952
F1_train: 0.565491

Costo_test: 0.239323
Precision_test: 0.588235
Recall_test: 0.547264
F1_test: 0.567010
 

Arquitectura: _2_3_3_1_
Semilla: 1788104392
Segundos: 94
NIteraciones: 100000

Costo_train: 0.232348
Precision_train: 0.601523
Recall_train: 0.593242
F1_train: 0.597354

Costo_test: 0.242481
Precision_test: 0.590426
Recall_test: 0.552239
F1_test: 0.570694
 

Arquitectura: _2_3_3_1_
Semilla: 1788104392
Segundos: 94
NIteraciones: 100000

Costo_train: 0.234127
Precision_train: 0.588903
Recall_train: 0.584481
F1_train: 0.586683

Costo_test: 0.240406
Precision_test: 0.585106
Recall_test: 0.547264
F1_test: 0.565553
 

Arquitectura: _2_3_3_1_
Semilla: 1788104392
Segundos: 94
NIteraciones: 100000

Costo_train: 0.230889
Precision_train: 0.591250
Recall_train: 0.591990
F1_train: 0.591620

Costo_test: 0.237047
Precision_test: 0.589474
Recall_test: 0.557214
F1_test: 0.572890
 

Arquitectura: _2_3_3_1_
Semilla: 1788104392
Segundos: 94
NIteraciones: 100000

Costo_train: 0.231945
Precision_train: 0.593009
Recall_train: 0.594493
F1_train: 0.593750

Costo_test: 0.237654
Precision_test: 0.611111
Recall_test: 0.547264
F1_test: 0.577428
 

Arquitectura: _2_3_3_1_
Semilla: 1788104392
Segundos: 94
NIteraciones: 100000

Costo_train: 0.231187
Precision_train: 0.571072
Recall_train: 0.573216
F1_train: 0.572142

Costo_test: 0.237846
Precision_test: 0.567839
Recall_test: 0.562189
F1_test: 0.565000
 

Arquitectura: _2_3_3_1_
Semilla: 1788104392
Segundos: 94
NIteraciones: 100000

Costo_train: 0.234096
Precision_train: 0.586250
Recall_train: 0.586984
F1_train: 0.586617

Costo_test: 0.240396
Precision_test: 0.585106
Recall_test: 0.547264
F1_test: 0.565553
 

Arquitectura: _2_3_3_1_
Semilla: 1788104392
Segundos: 94
NIteraciones: 100000

Costo_train: 0.234197
Precision_train: 0.594388
Recall_train: 0.583229
F1_train: 0.588756

Costo_test: 0.240419
Precision_test: 0.592391
Recall_test: 0.542289
F1_test: 0.566234
 

Arquitectura: _2_3_3_1_
Semilla: 1788104392
Segundos: 94
NIteraciones: 100000

Costo_train: 0.234272
Precision_train: 0.584577
Recall_train: 0.588235
F1_train: 0.586401

Costo_test: 0.239913
Precision_test: 0.590426
Recall_test: 0.552239
F1_test: 0.570694
 

Arquitectura: _2_3_3_1_
Semilla: 1788104392
Segundos: 94
NIteraciones: 100000

Costo_train: 0.230192
Precision_train: 0.588384
Recall_train: 0.583229
F1_train: 0.585795

Costo_test: 0.239157
Precision_test: 0.595960
Recall_test: 0.587065
F1_test: 0.591479
 

Arquitectura: _2_3_3_1_
Semilla: 1788104392
Segundos: 94
NIteraciones: 100000

Costo_train: 0.231072
Precision_train: 0.580769
Recall_train: 0.566959
F1_train: 0.573781

Costo_test: 0.237011
Precision_test: 0.598958
Recall_test: 0.572139
F1_test: 0.585242
 

Arquitectura: _2_3_3_1_
Semilla: 1788104392
Segundos: 94
NIteraciones: 100000

Costo_train: 0.234091
Precision_train: 0.585518
Recall_train: 0.586984
F1_train: 0.586250

Costo_test: 0.240366
Precision_test: 0.585106
Recall_test: 0.547264
F1_test: 0.565553
 

Arquitectura: _2_3_3_1_
Semilla: 1788104392
Segundos: 94
NIteraciones: 100000

Costo_train: 0.234498
Precision_train: 0.583333
Recall_train: 0.586984
F1_train: 0.585153

Costo_test: 0.240561
Precision_test: 0.589474
Recall_test: 0.557214
F1_test: 0.572890
 

Arquitectura: _2_3_3_1_
Semilla: 1788104392
Segundos: 94
NIteraciones: 100000

Costo_train: 0.234130
Precision_train: 0.585518
Recall_train: 0.586984
F1_train: 0.586250

Costo_test: 0.240497
Precision_test: 0.585106
Recall_test: 0.547264
F1_test: 0.565553
 

Arquitectura: _2_3_3_1_
Semilla: 1788104392
Segundos: 94
NIteraciones: 100000

Costo_train: 0.231068
Precision_train: 0.572319
Recall_train: 0.574468
F1_train: 0.573392

Costo_test: 0.237795
Precision_test: 0.572139
Recall_test: 0.572139
F1_test: 0.572139
 

Arquitectura: _2_3_3_1_
Semilla: 1788104392
Segundos: 94
NIteraciones: 100000

Costo_train: 0.234265
Precision_train: 0.588384
Recall_train: 0.583229
F1_train: 0.585795

Costo_test: 0.240335
Precision_test: 0.586021
Recall_test: 0.542289
F1_test: 0.563308
 

Arquitectura: _2_3_3_1_
Semilla: 1788104392
Segundos: 94
NIteraciones: 100000

Costo_train: 0.230595
Precision_train: 0.598494
Recall_train: 0.596996
F1_train: 0.597744

Costo_test: 0.238752
Precision_test: 0.587940
Recall_test: 0.582090
F1_test: 0.585000
 

Arquitectura: _2_3_3_1_
Semilla: 1788104392
Segundos: 94
NIteraciones: 100000

Costo_train: 0.234161
Precision_train: 0.586984
Recall_train: 0.586984
F1_train: 0.586984

Costo_test: 0.240517
Precision_test: 0.588235
Recall_test: 0.547264
F1_test: 0.567010
 

Arquitectura: _2_3_3_1_
Semilla: 1788104392
Segundos: 94
NIteraciones: 100000

Costo_train: 0.231705
Precision_train: 0.587467
Recall_train: 0.563204
F1_train: 0.575080

Costo_test: 0.237869
Precision_test: 0.622222
Recall_test: 0.557214
F1_test: 0.587927
 

Arquitectura: _2_3_3_1_
Semilla: 1788104392
Segundos: 94
NIteraciones: 100000

Costo_train: 0.231494
Precision_train: 0.587361
Recall_train: 0.593242
F1_train: 0.590286

Costo_test: 0.236949
Precision_test: 0.602210
Recall_test: 0.542289
F1_test: 0.570681
 

Arquitectura: _2_3_3_1_
Semilla: 1788104392
Segundos: 94
NIteraciones: 100000

Costo_train: 0.232261
Precision_train: 0.596919
Recall_train: 0.581977
F1_train: 0.589354

Costo_test: 0.241843
Precision_test: 0.593583
Recall_test: 0.552239
F1_test: 0.572165
 

Arquitectura: _2_3_3_1_
Semilla: 1788104392
Segundos: 94
NIteraciones: 100000

Costo_train: 0.230385
Precision_train: 0.601533
Recall_train: 0.589487
F1_train: 0.595449

Costo_test: 0.238491
Precision_test: 0.596859
Recall_test: 0.567164
F1_test: 0.581633
 

Arquitectura: _2_3_3_1_
Semilla: 1788104392
Segundos: 94
NIteraciones: 100000

Costo_train: 0.231012
Precision_train: 0.575000
Recall_train: 0.575720
F1_train: 0.575360

Costo_test: 0.237833
Precision_test: 0.580808
Recall_test: 0.572139
F1_test: 0.576441
 

Arquitectura: _2_3_3_1_
Semilla: 1788104392
Segundos: 94
NIteraciones: 100000

Costo_train: 0.230494
Precision_train: 0.588889
Recall_train: 0.596996
F1_train: 0.592915

Costo_test: 0.239166
Precision_test: 0.601990
Recall_test: 0.601990
F1_test: 0.601990
 

Arquitectura: _2_3_3_1_
Semilla: 1788104392
Segundos: 94
NIteraciones: 100000

Costo_train: 0.229715
Precision_train: 0.615578
Recall_train: 0.613267
F1_train: 0.614420

Costo_test: 0.237300
Precision_test: 0.586387
Recall_test: 0.557214
F1_test: 0.571429
 

Arquitectura: _2_3_3_1_
Semilla: 1788104392
Segundos: 94
NIteraciones: 100000

Costo_train: 0.231141
Precision_train: 0.575032
Recall_train: 0.570713
F1_train: 0.572864

Costo_test: 0.237772
Precision_test: 0.571429
Recall_test: 0.557214
F1_test: 0.564232
 

Arquitectura: _2_3_3_1_
Semilla: 1788104392
Segundos: 94
NIteraciones: 100000

Costo_train: 0.230329
Precision_train: 0.597516
Recall_train: 0.602003
F1_train: 0.599751

Costo_test: 0.238559
Precision_test: 0.593750
Recall_test: 0.567164
F1_test: 0.580153
 

Arquitectura: _2_3_3_1_
Semilla: 1788104392
Segundos: 94
NIteraciones: 100000

Costo_train: 0.232399
Precision_train: 0.598965
Recall_train: 0.579474
F1_train: 0.589059

Costo_test: 0.241812
Precision_test: 0.587912
Recall_test: 0.532338
F1_test: 0.558747
 

Arquitectura: _2_3_3_1_
Semilla: 1788104392
Segundos: 94
NIteraciones: 100000

Costo_train: 0.230151
Precision_train: 0.569682
Recall_train: 0.583229
F1_train: 0.576376

Costo_test: 0.238133
Precision_test: 0.620321
Recall_test: 0.577114
F1_test: 0.597938
 

Arquitectura: _2_3_3_1_
Semilla: 1788104392
Segundos: 94
NIteraciones: 100000

Costo_train: 0.234225
Precision_train: 0.586035
Recall_train: 0.588235
F1_train: 0.587133

Costo_test: 0.240186
Precision_test: 0.590426
Recall_test: 0.552239
F1_test: 0.570694
 

Arquitectura: _2_3_3_1_
Semilla: 1788104392
Segundos: 94
NIteraciones: 100000

Costo_train: 0.234112
Precision_train: 0.588903
Recall_train: 0.584481
F1_train: 0.586683

Costo_test: 0.240405
Precision_test: 0.588235
Recall_test: 0.547264
F1_test: 0.567010
 

Arquitectura: _2_3_3_1_
Semilla: 1788104392
Segundos: 94
NIteraciones: 100000

Costo_train: 0.231099
Precision_train: 0.575949
Recall_train: 0.569462
F1_train: 0.572687

Costo_test: 0.237849
Precision_test: 0.580311
Recall_test: 0.557214
F1_test: 0.568528
 

Arquitectura: _2_3_3_1_
Semilla: 1788104392
Segundos: 94
NIteraciones: 100000

Costo_train: 0.230996
Precision_train: 0.573913
Recall_train: 0.578223
F1_train: 0.576060

Costo_test: 0.237864
Precision_test: 0.581281
Recall_test: 0.587065
F1_test: 0.584158
 

Arquitectura: _2_3_3_1_
Semilla: 1788104392
Segundos: 94
NIteraciones: 100000

Costo_train: 0.232135
Precision_train: 0.587805
Recall_train: 0.603254
F1_train: 0.595429

Costo_test: 0.237238
Precision_test: 0.601093
Recall_test: 0.547264
F1_test: 0.572917
 

Arquitectura: _2_3_3_1_
Semilla: 1788104392
Segundos: 94
NIteraciones: 100000

Costo_train: 0.234173
Precision_train: 0.585821
Recall_train: 0.589487
F1_train: 0.587648

Costo_test: 0.240143
Precision_test: 0.584211
Recall_test: 0.552239
F1_test: 0.567775
 

Arquitectura: _2_3_3_1_
Semilla: 1788104392
Segundos: 94
NIteraciones: 100000

Costo_train: 0.230743
Precision_train: 0.593434
Recall_train: 0.588235
F1_train: 0.590823

Costo_test: 0.237056
Precision_test: 0.586957
Recall_test: 0.537313
F1_test: 0.561039
 

Arquitectura: _2_3_3_1_
Semilla: 1788104392
Segundos: 94
NIteraciones: 100000

Costo_train: 0.231198
Precision_train: 0.594293
Recall_train: 0.599499
F1_train: 0.596885

Costo_test: 0.237334
Precision_test: 0.601093
Recall_test: 0.547264
F1_test: 0.572917
 

Arquitectura: _2_3_3_1_
Semilla: 1788104392
Segundos: 94
NIteraciones: 100000

Costo_train: 0.232179
Precision_train: 0.589242
Recall_train: 0.603254
F1_train: 0.596166

Costo_test: 0.237306
Precision_test: 0.601093
Recall_test: 0.547264
F1_test: 0.572917
 

Arquitectura: _2_3_3_1_
Semilla: 1788104392
Segundos: 94
NIteraciones: 100000

Costo_train: 0.235005
Precision_train: 0.584481
Recall_train: 0.584481
F1_train: 0.584481

Costo_test: 0.239040
Precision_test: 0.595960
Recall_test: 0.587065
F1_test: 0.591479
 

Arquitectura: _2_3_3_1_
Semilla: 1788104392
Segundos: 94
NIteraciones: 100000

Costo_train: 0.234213
Precision_train: 0.595635
Recall_train: 0.580726
F1_train: 0.588086

Costo_test: 0.240446
Precision_test: 0.590164
Recall_test: 0.537313
F1_test: 0.562500
 

Arquitectura: _2_3_3_1_
Semilla: 1788104392
Segundos: 94
NIteraciones: 100000

Costo_train: 0.234127
Precision_train: 0.584158
Recall_train: 0.590738
F1_train: 0.587430

Costo_test: 0.240316
Precision_test: 0.582011
Recall_test: 0.547264
F1_test: 0.564103
 


--- Test Angosta 3.0 ---
Iteración 10000
Costo: 0.228838
Iteración 20000
Costo: 0.227172
Iteración 30000
Costo: 0.226242
Iteración 40000
Costo: 0.225641
Iteración 50000
Costo: 0.225043
Iteración 60000
Costo: 0.226194
Iteración 70000
Costo: 0.226308
Iteración 80000
Costo: 0.226320
Iteración 90000
Costo: 0.226323

Arquitectura: _2_9_1_
Semilla: 1788104486
Segundos: 51
NIteraciones: 100000

Costo_train: 0.225941
Precision_train: 0.592686
Recall_train: 0.588235
F1_train: 0.590452

Costo_test: 0.234839
Precision_test: 0.618785
Recall_test: 0.557214
F1_test: 0.586387
 

Arquitectura: _2_9_1_
Semilla: 1788104486
Segundos: 51
NIteraciones: 100000

Costo_train: 0.228191
Precision_train: 0.592172
Recall_train: 0.586984
F1_train: 0.589566

Costo_test: 0.238280
Precision_test: 0.607330
Recall_test: 0.577114
F1_test: 0.591837
 

Arquitectura: _2_9_1_
Semilla: 1788104486
Segundos: 51
NIteraciones: 100000

Costo_train: 0.228940
Precision_train: 0.585396
Recall_train: 0.591990
F1_train: 0.588675

Costo_test: 0.238520
Precision_test: 0.591837
Recall_test: 0.577114
F1_test: 0.584383
 

Arquitectura: _2_9_1_
Semilla: 1788104486
Segundos: 51
NIteraciones: 100000

Costo_train: 0.227250
Precision_train: 0.591203
Recall_train: 0.571965
F1_train: 0.581425

Costo_test: 0.239777
Precision_test: 0.609890
Recall_test: 0.552239
F1_test: 0.579634
 

Arquitectura: _2_9_1_
Semilla: 1788104486
Segundos: 51
NIteraciones: 100000

Costo_train: 0.224964
Precision_train: 0.597340
Recall_train: 0.618273
F1_train: 0.607626

Costo_test: 0.238223
Precision_test: 0.592965
Recall_test: 0.587065
F1_test: 0.590000
 

Arquitectura: _2_9_1_
Semilla: 1788104486
Segundos: 51
NIteraciones: 100000

Costo_train: 0.222224
Precision_train: 0.602978
Recall_train: 0.608260
F1_train: 0.605608

Costo_test: 0.235660
Precision_test: 0.579487
Recall_test: 0.562189
F1_test: 0.570707
 

Arquitectura: _2_9_1_
Semilla: 1788104486
Segundos: 51
NIteraciones: 100000

Costo_train: 0.225132
Precision_train: 0.584975
Recall_train: 0.594493
F1_train: 0.589696

Costo_test: 0.239024
Precision_test: 0.583333
Recall_test: 0.522388
F1_test: 0.551181
 

Arquitectura: _2_9_1_
Semilla: 1788104486
Segundos: 51
NIteraciones: 100000

Costo_train: 0.226252
Precision_train: 0.582375
Recall_train: 0.570713
F1_train: 0.576485

Costo_test: 0.237316
Precision_test: 0.623656
Recall_test: 0.577114
F1_test: 0.599483
 

Arquitectura: _2_9_1_
Semilla: 1788104486
Segundos: 51
NIteraciones: 100000

Costo_train: 0.218239
Precision_train: 0.641318
Recall_train: 0.633292
F1_train: 0.637280

Costo_test: 0.233195
Precision_test: 0.613757
Recall_test: 0.577114
F1_test: 0.594872
 

Arquitectura: _2_9_1_
Semilla: 1788104486
Segundos: 51
NIteraciones: 100000

Costo_train: 0.227080
Precision_train: 0.596226
Recall_train: 0.593242
F1_train: 0.594730

Costo_test: 0.237037
Precision_test: 0.611399
Recall_test: 0.587065
F1_test: 0.598985
 

Arquitectura: _2_9_1_
Semilla: 1788104486
Segundos: 51
NIteraciones: 100000

Costo_train: 0.225447
Precision_train: 0.602996
Recall_train: 0.604506
F1_train: 0.603750

Costo_test: 0.236600
Precision_test: 0.618280
Recall_test: 0.572139
F1_test: 0.594315
 

Arquitectura: _2_9_1_
Semilla: 1788104486
Segundos: 51
NIteraciones: 100000

Costo_train: 0.219615
Precision_train: 0.639344
Recall_train: 0.634543
F1_train: 0.636935

Costo_test: 0.234438
Precision_test: 0.611702
Recall_test: 0.572139
F1_test: 0.591260
 

Arquitectura: _2_9_1_
Semilla: 1788104486
Segundos: 51
NIteraciones: 100000

Costo_train: 0.225975
Precision_train: 0.624842
Recall_train: 0.617021
F1_train: 0.620907

Costo_test: 0.238917
Precision_test: 0.552083
Recall_test: 0.527363
F1_test: 0.539440
 

Arquitectura: _2_9_1_
Semilla: 1788104486
Segundos: 51
NIteraciones: 100000

Costo_train: 0.222166
Precision_train: 0.605651
Recall_train: 0.617021
F1_train: 0.611283

Costo_test: 0.234578
Precision_test: 0.601036
Recall_test: 0.577114
F1_test: 0.588832
 

Arquitectura: _2_9_1_
Semilla: 1788104486
Segundos: 51
NIteraciones: 100000

Costo_train: 0.223774
Precision_train: 0.600756
Recall_train: 0.596996
F1_train: 0.598870

Costo_test: 0.233161
Precision_test: 0.613757
Recall_test: 0.577114
F1_test: 0.594872
 

Arquitectura: _2_9_1_
Semilla: 1788104486
Segundos: 51
NIteraciones: 100000

Costo_train: 0.222821
Precision_train: 0.600251
Recall_train: 0.599499
F1_train: 0.599875

Costo_test: 0.235900
Precision_test: 0.586387
Recall_test: 0.557214
F1_test: 0.571429
 

Arquitectura: _2_9_1_
Semilla: 1788104486
Segundos: 51
NIteraciones: 100000

Costo_train: 0.223442
Precision_train: 0.598015
Recall_train: 0.603254
F1_train: 0.600623

Costo_test: 0.236442
Precision_test: 0.595745
Recall_test: 0.557214
F1_test: 0.575835
 

Arquitectura: _2_9_1_
Semilla: 1788104486
Segundos: 51
NIteraciones: 100000

Costo_train: 0.224459
Precision_train: 0.610127
Recall_train: 0.603254
F1_train: 0.606671

Costo_test: 0.235587
Precision_test: 0.567708
Recall_test: 0.542289
F1_test: 0.554707
 

Arquitectura: _2_9_1_
Semilla: 1788104486
Segundos: 51
NIteraciones: 100000

Costo_train: 0.223298
Precision_train: 0.593902
Recall_train: 0.609512
F1_train: 0.601606

Costo_test: 0.234315
Precision_test: 0.584615
Recall_test: 0.567164
F1_test: 0.575758
 

Arquitectura: _2_9_1_
Semilla: 1788104486
Segundos: 51
NIteraciones: 100000

Costo_train: 0.225383
Precision_train: 0.607232
Recall_train: 0.609512
F1_train: 0.608370

Costo_test: 0.236408
Precision_test: 0.612903
Recall_test: 0.567164
F1_test: 0.589147
 

Arquitectura: _2_9_1_
Semilla: 1788104486
Segundos: 51
NIteraciones: 100000

Costo_train: 0.226500
Precision_train: 0.592737
Recall_train: 0.571965
F1_train: 0.582166

Costo_test: 0.237519
Precision_test: 0.621622
Recall_test: 0.572139
F1_test: 0.595855
 

Arquitectura: _2_9_1_
Semilla: 1788104486
Segundos: 51
NIteraciones: 100000

Costo_train: 0.224522
Precision_train: 0.606784
Recall_train: 0.604506
F1_train: 0.605643

Costo_test: 0.238066
Precision_test: 0.578680
Recall_test: 0.567164
F1_test: 0.572864
 

Arquitectura: _2_9_1_
Semilla: 1788104486
Segundos: 51
NIteraciones: 100000

Costo_train: 0.222281
Precision_train: 0.613435
Recall_train: 0.605757
F1_train: 0.609572

Costo_test: 0.235204
Precision_test: 0.596774
Recall_test: 0.552239
F1_test: 0.573643
 

Arquitectura: _2_9_1_
Semilla: 1788104486
Segundos: 51
NIteraciones: 100000

Costo_train: 0.225169
Precision_train: 0.601523
Recall_train: 0.593242
F1_train: 0.597354

Costo_test: 0.235969
Precision_test: 0.597884
Recall_test: 0.562189
F1_test: 0.579487
 

Arquitectura: _2_9_1_
Semilla: 1788104486
Segundos: 51
NIteraciones: 100000

Costo_train: 0.226164
Precision_train: 0.590303
Recall_train: 0.609512
F1_train: 0.599754

Costo_test: 0.236984
Precision_test: 0.592179
Recall_test: 0.527363
F1_test: 0.557895
 

Arquitectura: _2_9_1_
Semilla: 1788104486
Segundos: 51
NIteraciones: 100000

Costo_train: 0.224123
Precision_train: 0.608365
Recall_train: 0.600751
F1_train: 0.604534

Costo_test: 0.236279
Precision_test: 0.595628
Recall_test: 0.542289
F1_test: 0.567708
 

Arquitectura: _2_9_1_
Semilla: 1788104486
Segundos: 51
NIteraciones: 100000

Costo_train: 0.226070
Precision_train: 0.567839
Recall_train: 0.565707
F1_train: 0.566771

Costo_test: 0.237377
Precision_test: 0.602151
Recall_test: 0.557214
F1_test: 0.578811
 

Arquitectura: _2_9_1_
Semilla: 1788104486
Segundos: 51
NIteraciones: 100000

Costo_train: 0.223432
Precision_train: 0.604298
Recall_train: 0.598248
F1_train: 0.601258

Costo_test: 0.234637
Precision_test: 0.594595
Recall_test: 0.547264
F1_test: 0.569948
 

Arquitectura: _2_9_1_
Semilla: 1788104486
Segundos: 51
NIteraciones: 100000

Costo_train: 0.225539
Precision_train: 0.620000
Recall_train: 0.620776
F1_train: 0.620388

Costo_test: 0.235584
Precision_test: 0.633880
Recall_test: 0.577114
F1_test: 0.604167
 

Arquitectura: _2_9_1_
Semilla: 1788104486
Segundos: 51
NIteraciones: 100000

Costo_train: 0.223793
Precision_train: 0.606329
Recall_train: 0.599499
F1_train: 0.602895

Costo_test: 0.234421
Precision_test: 0.597826
Recall_test: 0.547264
F1_test: 0.571429
 

Arquitectura: _2_9_1_
Semilla: 1788104486
Segundos: 51
NIteraciones: 100000

Costo_train: 0.224517
Precision_train: 0.608802
Recall_train: 0.623279
F1_train: 0.615955

Costo_test: 0.236409
Precision_test: 0.591837
Recall_test: 0.577114
F1_test: 0.584383
 

Arquitectura: _2_9_1_
Semilla: 1788104486
Segundos: 51
NIteraciones: 100000

Costo_train: 0.223175
Precision_train: 0.606880
Recall_train: 0.618273
F1_train: 0.612523

Costo_test: 0.236904
Precision_test: 0.553922
Recall_test: 0.562189
F1_test: 0.558025
 

Arquitectura: _2_9_1_
Semilla: 1788104486
Segundos: 51
NIteraciones: 100000

Costo_train: 0.227362
Precision_train: 0.611995
Recall_train: 0.625782
F1_train: 0.618812

Costo_test: 0.241218
Precision_test: 0.581152
Recall_test: 0.552239
F1_test: 0.566327
 

Arquitectura: _2_9_1_
Semilla: 1788104486
Segundos: 51
NIteraciones: 100000

Costo_train: 0.225078
Precision_train: 0.613990
Recall_train: 0.593242
F1_train: 0.603437

Costo_test: 0.236079
Precision_test: 0.633880
Recall_test: 0.577114
F1_test: 0.604167
 

Arquitectura: _2_9_1_
Semilla: 1788104486
Segundos: 51
NIteraciones: 100000

Costo_train: 0.223633
Precision_train: 0.597087
Recall_train: 0.615770
F1_train: 0.606285

Costo_test: 0.234765
Precision_test: 0.578680
Recall_test: 0.567164
F1_test: 0.572864
 

Arquitectura: _2_9_1_
Semilla: 1788104486
Segundos: 51
NIteraciones: 100000

Costo_train: 0.226094
Precision_train: 0.606023
Recall_train: 0.604506
F1_train: 0.605263

Costo_test: 0.237891
Precision_test: 0.601093
Recall_test: 0.547264
F1_test: 0.572917
 

Arquitectura: _2_9_1_
Semilla: 1788104486
Segundos: 51
NIteraciones: 100000

Costo_train: 0.223821
Precision_train: 0.613184
Recall_train: 0.617021
F1_train: 0.615097

Costo_test: 0.236032
Precision_test: 0.557895
Recall_test: 0.527363
F1_test: 0.542199
 

Arquitectura: _2_9_1_
Semilla: 1788104486
Segundos: 51
NIteraciones: 100000

Costo_train: 0.223792
Precision_train: 0.605198
Recall_train: 0.612015
F1_train: 0.608587

Costo_test: 0.234585
Precision_test: 0.610811
Recall_test: 0.562189
F1_test: 0.585492
 

Arquitectura: _2_9_1_
Semilla: 1788104486
Segundos: 51
NIteraciones: 100000

Costo_train: 0.227520
Precision_train: 0.567273
Recall_train: 0.585732
F1_train: 0.576355

Costo_test: 0.238235
Precision_test: 0.591623
Recall_test: 0.562189
F1_test: 0.576531
 

Arquitectura: _2_9_1_
Semilla: 1788104486
Segundos: 51
NIteraciones: 100000

Costo_train: 0.224152
Precision_train: 0.613466
Recall_train: 0.615770
F1_train: 0.614616

Costo_test: 0.234983
Precision_test: 0.590426
Recall_test: 0.552239
F1_test: 0.570694
 

Arquitectura: _2_9_1_
Semilla: 1788104486
Segundos: 51
NIteraciones: 100000

Costo_train: 0.223804
Precision_train: 0.603470
Recall_train: 0.609512
F1_train: 0.606476

Costo_test: 0.233827
Precision_test: 0.576720
Recall_test: 0.542289
F1_test: 0.558974
 

Arquitectura: _2_9_1_
Semilla: 1788104486
Segundos: 51
NIteraciones: 100000

Costo_train: 0.222843
Precision_train: 0.598002
Recall_train: 0.599499
F1_train: 0.598750

Costo_test: 0.233227
Precision_test: 0.607735
Recall_test: 0.547264
F1_test: 0.575916
 

Arquitectura: _2_9_1_
Semilla: 1788104486
Segundos: 51
NIteraciones: 100000

Costo_train: 0.225057
Precision_train: 0.593631
Recall_train: 0.583229
F1_train: 0.588384

Costo_test: 0.236166
Precision_test: 0.603175
Recall_test: 0.567164
F1_test: 0.584615
 

Arquitectura: _2_9_1_
Semilla: 1788104486
Segundos: 51
NIteraciones: 100000

Costo_train: 0.223413
Precision_train: 0.602757
Recall_train: 0.602003
F1_train: 0.602380

Costo_test: 0.236509
Precision_test: 0.585106
Recall_test: 0.547264
F1_test: 0.565553
 

Arquitectura: _2_9_1_
Semilla: 1788104486
Segundos: 51
NIteraciones: 100000

Costo_train: 0.224483
Precision_train: 0.599752
Recall_train: 0.605757
F1_train: 0.602740

Costo_test: 0.235953
Precision_test: 0.601036
Recall_test: 0.577114
F1_test: 0.588832
 

Arquitectura: _2_9_1_
Semilla: 1788104486
Segundos: 51
NIteraciones: 100000

Costo_train: 0.228631
Precision_train: 0.589710
Recall_train: 0.559449
F1_train: 0.574181

Costo_test: 0.238730
Precision_test: 0.594737
Recall_test: 0.562189
F1_test: 0.578005
 

Arquitectura: _2_9_1_
Semilla: 1788104486
Segundos: 51
NIteraciones: 100000

Costo_train: 0.224980
Precision_train: 0.600499
Recall_train: 0.602003
F1_train: 0.601250

Costo_test: 0.236836
Precision_test: 0.611111
Recall_test: 0.547264
F1_test: 0.577428
 

Arquitectura: _2_9_1_
Semilla: 1788104486
Segundos: 51
NIteraciones: 100000

Costo_train: 0.223502
Precision_train: 0.616811
Recall_train: 0.624531
F1_train: 0.620647

Costo_test: 0.235238
Precision_test: 0.606383
Recall_test: 0.567164
F1_test: 0.586118
 

Arquitectura: _2_9_1_
Semilla: 1788104486
Segundos: 51
NIteraciones: 100000

Costo_train: 0.226087
Precision_train: 0.613861
Recall_train: 0.620776
F1_train: 0.617299

Costo_test: 0.235230
Precision_test: 0.600000
Recall_test: 0.567164
F1_test: 0.583120
 

Arquitectura: _2_9_1_
Semilla: 1788104486
Segundos: 51
NIteraciones: 100000

Costo_train: 0.222204
Precision_train: 0.590629
Recall_train: 0.599499
F1_train: 0.595031

Costo_test: 0.234743
Precision_test: 0.560847
Recall_test: 0.527363
F1_test: 0.543590
 

Arquitectura: _2_9_1_
Semilla: 1788104486
Segundos: 51
NIteraciones: 100000

Costo_train: 0.223707
Precision_train: 0.602273
Recall_train: 0.596996
F1_train: 0.599623

Costo_test: 0.236538
Precision_test: 0.575916
Recall_test: 0.547264
F1_test: 0.561224
 

Arquitectura: _2_9_1_
Semilla: 1788104486
Segundos: 51
NIteraciones: 100000

Costo_train: 0.221824
Precision_train: 0.636822
Recall_train: 0.632040
F1_train: 0.634422

Costo_test: 0.233999
Precision_test: 0.627778
Recall_test: 0.562189
F1_test: 0.593176
 

Arquitectura: _2_9_1_
Semilla: 1788104486
Segundos: 51
NIteraciones: 100000

Costo_train: 0.225667
Precision_train: 0.607626
Recall_train: 0.618273
F1_train: 0.612903

Costo_test: 0.237324
Precision_test: 0.591837
Recall_test: 0.577114
F1_test: 0.584383
 

Arquitectura: _2_9_1_
Semilla: 1788104486
Segundos: 51
NIteraciones: 100000

Costo_train: 0.222291
Precision_train: 0.602941
Recall_train: 0.615770
F1_train: 0.609288

Costo_test: 0.235842
Precision_test: 0.577889
Recall_test: 0.572139
F1_test: 0.575000
 

Arquitectura: _2_9_1_
Semilla: 1788104486
Segundos: 51
NIteraciones: 100000

Costo_train: 0.224028
Precision_train: 0.613466
Recall_train: 0.615770
F1_train: 0.614616

Costo_test: 0.235328
Precision_test: 0.593909
Recall_test: 0.582090
F1_test: 0.587940
 

Arquitectura: _2_9_1_
Semilla: 1788104486
Segundos: 51
NIteraciones: 100000

Costo_train: 0.224856
Precision_train: 0.604712
Recall_train: 0.578223
F1_train: 0.591171

Costo_test: 0.236416
Precision_test: 0.597884
Recall_test: 0.562189
F1_test: 0.579487
 

Arquitectura: _2_9_1_
Semilla: 1788104486
Segundos: 51
NIteraciones: 100000

Costo_train: 0.224536
Precision_train: 0.608272
Recall_train: 0.625782
F1_train: 0.616903

Costo_test: 0.236758
Precision_test: 0.567961
Recall_test: 0.582090
F1_test: 0.574939
 

Arquitectura: _2_9_1_
Semilla: 1788104486
Segundos: 51
NIteraciones: 100000

Costo_train: 0.225750
Precision_train: 0.592732
Recall_train: 0.591990
F1_train: 0.592361

Costo_test: 0.236461
Precision_test: 0.580645
Recall_test: 0.537313
F1_test: 0.558140
 

Arquitectura: _2_9_1_
Semilla: 1788104486
Segundos: 51
NIteraciones: 100000

Costo_train: 0.226191
Precision_train: 0.595354
Recall_train: 0.609512
F1_train: 0.602350

Costo_test: 0.238626
Precision_test: 0.590909
Recall_test: 0.582090
F1_test: 0.586466
 

Arquitectura: _2_9_1_
Semilla: 1788104486
Segundos: 51
NIteraciones: 100000

Costo_train: 0.223804
Precision_train: 0.559756
Recall_train: 0.574468
F1_train: 0.567017

Costo_test: 0.234182
Precision_test: 0.592593
Recall_test: 0.557214
F1_test: 0.574359
 

Arquitectura: _2_9_1_
Semilla: 1788104486
Segundos: 51
NIteraciones: 100000

Costo_train: 0.221483
Precision_train: 0.641883
Recall_train: 0.648310
F1_train: 0.645081

Costo_test: 0.234375
Precision_test: 0.614973
Recall_test: 0.572139
F1_test: 0.592784
 

Arquitectura: _2_9_1_
Semilla: 1788104486
Segundos: 51
NIteraciones: 100000

Costo_train: 0.225940
Precision_train: 0.567807
Recall_train: 0.560701
F1_train: 0.564232

Costo_test: 0.236478
Precision_test: 0.589474
Recall_test: 0.557214
F1_test: 0.572890
 

Arquitectura: _2_9_1_
Semilla: 1788104486
Segundos: 51
NIteraciones: 100000

Costo_train: 0.225851
Precision_train: 0.620474
Recall_train: 0.622028
F1_train: 0.621250

Costo_test: 0.238050
Precision_test: 0.570681
Recall_test: 0.542289
F1_test: 0.556122
 

Arquitectura: _2_9_1_
Semilla: 1788104486
Segundos: 51
NIteraciones: 100000

Costo_train: 0.225762
Precision_train: 0.608426
Recall_train: 0.614518
F1_train: 0.611457

Costo_test: 0.239820
Precision_test: 0.562162
Recall_test: 0.517413
F1_test: 0.538860
 

Arquitectura: _2_9_1_
Semilla: 1788104486
Segundos: 51
NIteraciones: 100000

Costo_train: 0.224110
Precision_train: 0.610837
Recall_train: 0.620776
F1_train: 0.615767

Costo_test: 0.235329
Precision_test: 0.606061
Recall_test: 0.597015
F1_test: 0.601504
 

Arquitectura: _2_9_1_
Semilla: 1788104486
Segundos: 51
NIteraciones: 100000

Costo_train: 0.223987
Precision_train: 0.569811
Recall_train: 0.566959
F1_train: 0.568381

Costo_test: 0.235320
Precision_test: 0.598901
Recall_test: 0.542289
F1_test: 0.569191
 

Arquitectura: _2_9_1_
Semilla: 1788104486
Segundos: 51
NIteraciones: 100000

Costo_train: 0.225928
Precision_train: 0.622785
Recall_train: 0.615770
F1_train: 0.619257

Costo_test: 0.238952
Precision_test: 0.551546
Recall_test: 0.532338
F1_test: 0.541772
 

Arquitectura: _2_9_1_
Semilla: 1788104486
Segundos: 51
NIteraciones: 100000

Costo_train: 0.224014
Precision_train: 0.606965
Recall_train: 0.610763
F1_train: 0.608858

Costo_test: 0.235966
Precision_test: 0.596939
Recall_test: 0.582090
F1_test: 0.589421
 

Arquitectura: _2_9_1_
Semilla: 1788104486
Segundos: 51
NIteraciones: 100000

Costo_train: 0.221256
Precision_train: 0.606436
Recall_train: 0.613267
F1_train: 0.609832

Costo_test: 0.233623
Precision_test: 0.589474
Recall_test: 0.557214
F1_test: 0.572890
 

Arquitectura: _2_9_1_
Semilla: 1788104486
Segundos: 51
NIteraciones: 100000

Costo_train: 0.224562
Precision_train: 0.601036
Recall_train: 0.580726
F1_train: 0.590707

Costo_test: 0.235677
Precision_test: 0.591623
Recall_test: 0.562189
F1_test: 0.576531
 

Arquitectura: _2_9_1_
Semilla: 1788104486
Segundos: 51
NIteraciones: 100000

Costo_train: 0.224656
Precision_train: 0.597340
Recall_train: 0.618273
F1_train: 0.607626

Costo_test: 0.235723
Precision_test: 0.587302
Recall_test: 0.552239
F1_test: 0.569231
 

Arquitectura: _2_9_1_
Semilla: 1788104486
Segundos: 51
NIteraciones: 100000

Costo_train: 0.225932
Precision_train: 0.624682
Recall_train: 0.614518
F1_train: 0.619558

Costo_test: 0.234371
Precision_test: 0.628415
Recall_test: 0.572139
F1_test: 0.598958
 

Arquitectura: _2_9_1_
Semilla: 1788104486
Segundos: 51
NIteraciones: 100000

Costo_train: 0.222179
Precision_train: 0.601250
Recall_train: 0.602003
F1_train: 0.601626

Costo_test: 0.235122
Precision_test: 0.612903
Recall_test: 0.567164
F1_test: 0.589147
 

Arquitectura: _2_9_1_
Semilla: 1788104486
Segundos: 51
NIteraciones: 100000

Costo_train: 0.224867
Precision_train: 0.596639
Recall_train: 0.622028
F1_train: 0.609069

Costo_test: 0.238464
Precision_test: 0.592040
Recall_test: 0.592040
F1_test: 0.592040
 

Arquitectura: _2_9_1_
Semilla: 1788104486
Segundos: 51
NIteraciones: 100000

Costo_train: 0.226666
Precision_train: 0.606516
Recall_train: 0.605757
F1_train: 0.606137

Costo_test: 0.239129
Precision_test: 0.553763
Recall_test: 0.512438
F1_test: 0.532300
 

Arquitectura: _2_9_1_
Semilla: 1788104486
Segundos: 51
NIteraciones: 100000

Costo_train: 0.229950
Precision_train: 0.595178
Recall_train: 0.586984
F1_train: 0.591052

Costo_test: 0.240382
Precision_test: 0.601010
Recall_test: 0.592040
F1_test: 0.596491
 

Arquitectura: _2_9_1_
Semilla: 1788104486
Segundos: 51
NIteraciones: 100000

Costo_train: 0.226691
Precision_train: 0.598718
Recall_train: 0.584481
F1_train: 0.591514

Costo_test: 0.239333
Precision_test: 0.609626
Recall_test: 0.567164
F1_test: 0.587629
 

Arquitectura: _2_9_1_
Semilla: 1788104486
Segundos: 51
NIteraciones: 100000

Costo_train: 0.221066
Precision_train: 0.606436
Recall_train: 0.613267
F1_train: 0.609832

Costo_test: 0.233115
Precision_test: 0.585492
Recall_test: 0.562189
F1_test: 0.573604
 

Arquitectura: _2_9_1_
Semilla: 1788104486
Segundos: 51
NIteraciones: 100000

Costo_train: 0.224127
Precision_train: 0.624843
Recall_train: 0.623279
F1_train: 0.624060

Costo_test: 0.237117
Precision_test: 0.574586
Recall_test: 0.517413
F1_test: 0.544503
 

Arquitectura: _2_9_1_
Semilla: 1788104486
Segundos: 51
NIteraciones: 100000

Costo_train: 0.223527
Precision_train: 0.600000
Recall_train: 0.612015
F1_train: 0.605948

Costo_test: 0.236067
Precision_test: 0.621053
Recall_test: 0.587065
F1_test: 0.603581
 

Arquitectura: _2_9_1_
Semilla: 1788104486
Segundos: 51
NIteraciones: 100000

Costo_train: 0.225966
Precision_train: 0.625000
Recall_train: 0.613267
F1_train: 0.619078

Costo_test: 0.238930
Precision_test: 0.551546
Recall_test: 0.532338
F1_test: 0.541772
 

Arquitectura: _2_9_1_
Semilla: 1788104486
Segundos: 51
NIteraciones: 100000

Costo_train: 0.226749
Precision_train: 0.602846
Recall_train: 0.583229
F1_train: 0.592875

Costo_test: 0.240035
Precision_test: 0.592391
Recall_test: 0.542289
F1_test: 0.566234
 

Arquitectura: _2_9_1_
Semilla: 1788104486
Segundos: 51
NIteraciones: 100000

Costo_train: 0.225380
Precision_train: 0.603912
Recall_train: 0.618273
F1_train: 0.611008

Costo_test: 0.236687
Precision_test: 0.583756
Recall_test: 0.572139
F1_test: 0.577889
 

Arquitectura: _2_9_1_
Semilla: 1788104486
Segundos: 51
NIteraciones: 100000

Costo_train: 0.220095
Precision_train: 0.634686
Recall_train: 0.645807
F1_train: 0.640199

Costo_test: 0.233970
Precision_test: 0.625000
Recall_test: 0.597015
F1_test: 0.610687
 

Arquitectura: _2_9_1_
Semilla: 1788104486
Segundos: 51
NIteraciones: 100000

Costo_train: 0.224808
Precision_train: 0.624212
Recall_train: 0.619524
F1_train: 0.621859

Costo_test: 0.237938
Precision_test: 0.578378
Recall_test: 0.532338
F1_test: 0.554404
 

Arquitectura: _2_9_1_
Semilla: 1788104486
Segundos: 51
NIteraciones: 100000

Costo_train: 0.228532
Precision_train: 0.591760
Recall_train: 0.593242
F1_train: 0.592500

Costo_test: 0.238412
Precision_test: 0.601036
Recall_test: 0.577114
F1_test: 0.588832
 

Arquitectura: _2_9_1_
Semilla: 1788104486
Segundos: 51
NIteraciones: 100000

Costo_train: 0.225306
Precision_train: 0.600756
Recall_train: 0.596996
F1_train: 0.598870

Costo_test: 0.235760
Precision_test: 0.590164
Recall_test: 0.537313
F1_test: 0.562500
 

Arquitectura: _2_9_1_
Semilla: 1788104486
Segundos: 51
NIteraciones: 100000

Costo_train: 0.226061
Precision_train: 0.588679
Recall_train: 0.585732
F1_train: 0.587202

Costo_test: 0.237117
Precision_test: 0.617801
Recall_test: 0.587065
F1_test: 0.602041
 

Arquitectura: _2_9_1_
Semilla: 1788104486
Segundos: 52
NIteraciones: 100000

Costo_train: 0.224527
Precision_train: 0.598466
Recall_train: 0.585732
F1_train: 0.592030

Costo_test: 0.237079
Precision_test: 0.586021
Recall_test: 0.542289
F1_test: 0.563308
 

Arquitectura: _2_9_1_
Semilla: 1788104486
Segundos: 52
NIteraciones: 100000

Costo_train: 0.224860
Precision_train: 0.606476
Recall_train: 0.609512
F1_train: 0.607990

Costo_test: 0.237076
Precision_test: 0.589744
Recall_test: 0.572139
F1_test: 0.580808
 

Arquitectura: _2_9_1_
Semilla: 1788104486
Segundos: 52
NIteraciones: 100000

Costo_train: 0.223573
Precision_train: 0.612422
Recall_train: 0.617021
F1_train: 0.614713

Costo_test: 0.235551
Precision_test: 0.595000
Recall_test: 0.592040
F1_test: 0.593516
 

Arquitectura: _2_9_1_
Semilla: 1788104486
Segundos: 52
NIteraciones: 100000

Costo_train: 0.225653
Precision_train: 0.604798
Recall_train: 0.599499
F1_train: 0.602137

Costo_test: 0.236595
Precision_test: 0.609890
Recall_test: 0.552239
F1_test: 0.579634
 

Arquitectura: _2_9_1_
Semilla: 1788104486
Segundos: 52
NIteraciones: 100000

Costo_train: 0.222812
Precision_train: 0.602706
Recall_train: 0.613267
F1_train: 0.607940

Costo_test: 0.236434
Precision_test: 0.581281
Recall_test: 0.587065
F1_test: 0.584158
 

Arquitectura: _2_9_1_
Semilla: 1788104486
Segundos: 52
NIteraciones: 100000

Costo_train: 0.225565
Precision_train: 0.621690
Recall_train: 0.617021
F1_train: 0.619347

Costo_test: 0.235000
Precision_test: 0.613260
Recall_test: 0.552239
F1_test: 0.581152
 

Arquitectura: _2_9_1_
Semilla: 1788104486
Segundos: 52
NIteraciones: 100000

Costo_train: 0.223205
Precision_train: 0.626943
Recall_train: 0.605757
F1_train: 0.616168

Costo_test: 0.234118
Precision_test: 0.600000
Recall_test: 0.552239
F1_test: 0.575130
 

Arquitectura: _2_9_1_
Semilla: 1788104486
Segundos: 52
NIteraciones: 100000

Costo_train: 0.225361
Precision_train: 0.581957
Recall_train: 0.573216
F1_train: 0.577554

Costo_test: 0.235739
Precision_test: 0.592593
Recall_test: 0.557214
F1_test: 0.574359
 

Arquitectura: _2_9_1_
Semilla: 1788104486
Segundos: 52
NIteraciones: 100000

Costo_train: 0.223770
Precision_train: 0.569307
Recall_train: 0.575720
F1_train: 0.572495

Costo_test: 0.234287
Precision_test: 0.601036
Recall_test: 0.577114
F1_test: 0.588832
 

Arquitectura: _2_9_1_
Semilla: 1788104486
Segundos: 52
NIteraciones: 100000

Costo_train: 0.222732
Precision_train: 0.599755
Recall_train: 0.613267
F1_train: 0.606436

Costo_test: 0.234407
Precision_test: 0.611702
Recall_test: 0.572139
F1_test: 0.591260
 

Arquitectura: _2_9_1_
Semilla: 1788104486
Segundos: 52
NIteraciones: 100000

Costo_train: 0.223366
Precision_train: 0.602757
Recall_train: 0.602003
F1_train: 0.602380

Costo_test: 0.234152
Precision_test: 0.593583
Recall_test: 0.552239
F1_test: 0.572165
 

Arquitectura: _2_9_1_
Semilla: 1788104486
Segundos: 52
NIteraciones: 100000

Costo_train: 0.225044
Precision_train: 0.603175
Recall_train: 0.618273
F1_train: 0.610630

Costo_test: 0.235929
Precision_test: 0.589744
Recall_test: 0.572139
F1_test: 0.580808
 


--- Test Profunda 3.0 ---
Iteración 10000
Costo: 0.249659
Iteración 20000
Costo: 0.243984
Iteración 30000
Costo: 0.238474
Iteración 40000
Costo: 0.235690
Iteración 50000
Costo: 0.235105
Iteración 60000
Costo: 0.234807
Iteración 70000
Costo: 0.234628
Iteración 80000
Costo: 0.234506
Iteración 90000
Costo: 0.234416

Arquitectura: _2_3_3_3_1_
Semilla: 1788104538
Segundos: 139
NIteraciones: 100000

Costo_train: 0.234347
Precision_train: 0.585859
Recall_train: 0.580726
F1_train: 0.583281

Costo_test: 0.240135
Precision_test: 0.588235
Recall_test: 0.547264
F1_test: 0.567010
 

Arquitectura: _2_3_3_3_1_
Semilla: 1788104538
Segundos: 139
NIteraciones: 100000

Costo_train: 0.234679
Precision_train: 0.587039
Recall_train: 0.578223
F1_train: 0.582598

Costo_test: 0.240383
Precision_test: 0.589189
Recall_test: 0.542289
F1_test: 0.564767
 

Arquitectura: _2_3_3_3_1_
Semilla: 1788104538
Segundos: 139
NIteraciones: 100000

Costo_train: 0.232801
Precision_train: 0.580488
Recall_train: 0.595745
F1_train: 0.588017

Costo_test: 0.237971
Precision_test: 0.583784
Recall_test: 0.537313
F1_test: 0.559586
 

Arquitectura: _2_3_3_3_1_
Semilla: 1788104538
Segundos: 139
NIteraciones: 100000

Costo_train: 0.231252
Precision_train: 0.588750
Recall_train: 0.589487
F1_train: 0.589118

Costo_test: 0.237372
Precision_test: 0.582888
Recall_test: 0.542289
F1_test: 0.561856
 

Arquitectura: _2_3_3_3_1_
Semilla: 1788104538
Segundos: 139
NIteraciones: 100000

Costo_train: 0.234324
Precision_train: 0.584158
Recall_train: 0.590738
F1_train: 0.587430

Costo_test: 0.240078
Precision_test: 0.584211
Recall_test: 0.552239
F1_test: 0.567775
 

Arquitectura: _2_3_3_3_1_
Semilla: 1788104538
Segundos: 139
NIteraciones: 100000

Costo_train: 0.231275
Precision_train: 0.589286
Recall_train: 0.578223
F1_train: 0.583702

Costo_test: 0.237461
Precision_test: 0.583333
Recall_test: 0.522388
F1_test: 0.551181
 

Arquitectura: _2_3_3_3_1_
Semilla: 1788104538
Segundos: 139
NIteraciones: 100000

Costo_train: 0.231442
Precision_train: 0.572139
Recall_train: 0.575720
F1_train: 0.573924

Costo_test: 0.237907
Precision_test: 0.569307
Recall_test: 0.572139
F1_test: 0.570720
 

Arquitectura: _2_3_3_3_1_
Semilla: 1788104538
Segundos: 139
NIteraciones: 100000

Costo_train: 0.234382
Precision_train: 0.583229
Recall_train: 0.583229
F1_train: 0.583229

Costo_test: 0.240300
Precision_test: 0.587302
Recall_test: 0.552239
F1_test: 0.569231
 

Arquitectura: _2_3_3_3_1_
Semilla: 1788104538
Segundos: 139
NIteraciones: 100000

Costo_train: 0.233202
Precision_train: 0.585956
Recall_train: 0.605757
F1_train: 0.595692

Costo_test: 0.238468
Precision_test: 0.596774
Recall_test: 0.552239
F1_test: 0.573643
 

Arquitectura: _2_3_3_3_1_
Semilla: 1788104538
Segundos: 139
NIteraciones: 100000

Costo_train: 0.234621
Precision_train: 0.583021
Recall_train: 0.584481
F1_train: 0.583750

Costo_test: 0.241289
Precision_test: 0.586021
Recall_test: 0.542289
F1_test: 0.563308
 

Arquitectura: _2_3_3_3_1_
Semilla: 1788104538
Segundos: 139
NIteraciones: 100000

Costo_train: 0.231684
Precision_train: 0.576726
Recall_train: 0.564456
F1_train: 0.570525

Costo_test: 0.239178
Precision_test: 0.582888
Recall_test: 0.542289
F1_test: 0.561856
 

Arquitectura: _2_3_3_3_1_
Semilla: 1788104538
Segundos: 139
NIteraciones: 100000

Costo_train: 0.234706
Precision_train: 0.585769
Recall_train: 0.576971
F1_train: 0.581337

Costo_test: 0.240659
Precision_test: 0.589189
Recall_test: 0.542289
F1_test: 0.564767
 

Arquitectura: _2_3_3_3_1_
Semilla: 1788104538
Segundos: 139
NIteraciones: 100000

Costo_train: 0.233064
Precision_train: 0.598742
Recall_train: 0.595745
F1_train: 0.597240

Costo_test: 0.241164
Precision_test: 0.593583
Recall_test: 0.552239
F1_test: 0.572165
 

Arquitectura: _2_3_3_3_1_
Semilla: 1788104538
Segundos: 139
NIteraciones: 100000

Costo_train: 0.234697
Precision_train: 0.588689
Recall_train: 0.573216
F1_train: 0.580850

Costo_test: 0.240936
Precision_test: 0.586957
Recall_test: 0.537313
F1_test: 0.561039
 

Arquitectura: _2_3_3_3_1_
Semilla: 1788104538
Segundos: 139
NIteraciones: 100000

Costo_train: 0.234434
Precision_train: 0.579853
Recall_train: 0.590738
F1_train: 0.585245

Costo_test: 0.241717
Precision_test: 0.587302
Recall_test: 0.552239
F1_test: 0.569231
 

Arquitectura: _2_3_3_3_1_
Semilla: 1788104538
Segundos: 139
NIteraciones: 100000

Costo_train: 0.235153
Precision_train: 0.585335
Recall_train: 0.579474
F1_train: 0.582390

Costo_test: 0.239054
Precision_test: 0.589744
Recall_test: 0.572139
F1_test: 0.580808
 

Arquitectura: _2_3_3_3_1_
Semilla: 1788104538
Segundos: 139
NIteraciones: 100000

Costo_train: 0.233284
Precision_train: 0.583439
Recall_train: 0.573216
F1_train: 0.578283

Costo_test: 0.241072
Precision_test: 0.570681
Recall_test: 0.542289
F1_test: 0.556122
 

Arquitectura: _2_3_3_3_1_
Semilla: 1788104538
Segundos: 139
NIteraciones: 100000

Costo_train: 0.233718
Precision_train: 0.608812
Recall_train: 0.570713
F1_train: 0.589147

Costo_test: 0.241617
Precision_test: 0.610778
Recall_test: 0.507463
F1_test: 0.554348
 

Arquitectura: _2_3_3_3_1_
Semilla: 1788104538
Segundos: 139
NIteraciones: 100000

Costo_train: 0.232892
Precision_train: 0.589176
Recall_train: 0.599499
F1_train: 0.594293

Costo_test: 0.238134
Precision_test: 0.595628
Recall_test: 0.542289
F1_test: 0.567708
 

Arquitectura: _2_3_3_3_1_
Semilla: 1788104538
Segundos: 139
NIteraciones: 100000

Costo_train: 0.232932
Precision_train: 0.590680
Recall_train: 0.586984
F1_train: 0.588826

Costo_test: 0.238296
Precision_test: 0.601124
Recall_test: 0.532338
F1_test: 0.564644
 

Arquitectura: _2_3_3_3_1_
Semilla: 1788104538
Segundos: 139
NIteraciones: 100000

Costo_train: 0.231520
Precision_train: 0.588457
Recall_train: 0.586984
F1_train: 0.587719

Costo_test: 0.237580
Precision_test: 0.587912
Recall_test: 0.532338
F1_test: 0.558747
 

Arquitectura: _2_3_3_3_1_
Semilla: 1788104538
Segundos: 139
NIteraciones: 100000

Costo_train: 0.234396
Precision_train: 0.583541
Recall_train: 0.585732
F1_train: 0.584635

Costo_test: 0.240186
Precision_test: 0.587302
Recall_test: 0.552239
F1_test: 0.569231
 

Arquitectura: _2_3_3_3_1_
Semilla: 1788104538
Segundos: 139
NIteraciones: 100000

Costo_train: 0.232289
Precision_train: 0.583333
Recall_train: 0.586984
F1_train: 0.585153

Costo_test: 0.238355
Precision_test: 0.588235
Recall_test: 0.547264
F1_test: 0.567010
 

Arquitectura: _2_3_3_3_1_
Semilla: 1788104538
Segundos: 139
NIteraciones: 100000

Costo_train: 0.233898
Precision_train: 0.579474
Recall_train: 0.579474
F1_train: 0.579474

Costo_test: 0.239650
Precision_test: 0.594737
Recall_test: 0.562189
F1_test: 0.578005
 

Arquitectura: _2_3_3_3_1_
Semilla: 1788104538
Segundos: 139
NIteraciones: 100000

Costo_train: 0.234541
Precision_train: 0.590206
Recall_train: 0.573216
F1_train: 0.581587

Costo_test: 0.240709
Precision_test: 0.590164
Recall_test: 0.537313
F1_test: 0.562500
 

Arquitectura: _2_3_3_3_1_
Semilla: 1788104538
Segundos: 139
NIteraciones: 100000

Costo_train: 0.234677
Precision_train: 0.589059
Recall_train: 0.579474
F1_train: 0.584227

Costo_test: 0.240820
Precision_test: 0.596774
Recall_test: 0.552239
F1_test: 0.573643
 

Arquitectura: _2_3_3_3_1_
Semilla: 1788104538
Segundos: 139
NIteraciones: 100000

Costo_train: 0.233548
Precision_train: 0.598002
Recall_train: 0.599499
F1_train: 0.598750

Costo_test: 0.240140
Precision_test: 0.604396
Recall_test: 0.547264
F1_test: 0.574413
 

Arquitectura: _2_3_3_3_1_
Semilla: 1788104538
Segundos: 139
NIteraciones: 100000

Costo_train: 0.234339
Precision_train: 0.584693
Recall_train: 0.583229
F1_train: 0.583960

Costo_test: 0.239918
Precision_test: 0.590426
Recall_test: 0.552239
F1_test: 0.570694
 

Arquitectura: _2_3_3_3_1_
Semilla: 1788104538
Segundos: 139
NIteraciones: 100000

Costo_train: 0.234450
Precision_train: 0.584060
Recall_train: 0.586984
F1_train: 0.585518

Costo_test: 0.240029
Precision_test: 0.590426
Recall_test: 0.552239
F1_test: 0.570694
 

Arquitectura: _2_3_3_3_1_
Semilla: 1788104538
Segundos: 139
NIteraciones: 100000

Costo_train: 0.231627
Precision_train: 0.591603
Recall_train: 0.581977
F1_train: 0.586751

Costo_test: 0.237875
Precision_test: 0.583333
Recall_test: 0.522388
F1_test: 0.551181
 

Arquitectura: _2_3_3_3_1_
Semilla: 1788104538
Segundos: 139
NIteraciones: 100000

Costo_train: 0.232257
Precision_train: 0.590629
Recall_train: 0.599499
F1_train: 0.595031

Costo_test: 0.237649
Precision_test: 0.603261
Recall_test: 0.552239
F1_test: 0.576623
 

Arquitectura: _2_3_3_3_1_
Semilla: 1788104538
Segundos: 139
NIteraciones: 100000

Costo_train: 0.234289
Precision_train: 0.583333
Recall_train: 0.586984
F1_train: 0.585153

Costo_test: 0.240378
Precision_test: 0.590426
Recall_test: 0.552239
F1_test: 0.570694
 

Arquitectura: _2_3_3_3_1_
Semilla: 1788104538
Segundos: 139
NIteraciones: 100000

Costo_train: 0.231716
Precision_train: 0.570537
Recall_train: 0.571965
F1_train: 0.571250

Costo_test: 0.237839
Precision_test: 0.575758
Recall_test: 0.567164
F1_test: 0.571429
 

Arquitectura: _2_3_3_3_1_
Semilla: 1788104538
Segundos: 139
NIteraciones: 100000

Costo_train: 0.235185
Precision_train: 0.586514
Recall_train: 0.576971
F1_train: 0.581703

Costo_test: 0.239071
Precision_test: 0.585492
Recall_test: 0.562189
F1_test: 0.573604
 

Arquitectura: _2_3_3_3_1_
Semilla: 1788104538
Segundos: 139
NIteraciones: 100000

Costo_train: 0.232533
Precision_train: 0.586035
Recall_train: 0.588235
F1_train: 0.587133

Costo_test: 0.238611
Precision_test: 0.602151
Recall_test: 0.557214
F1_test: 0.578811
 

Arquitectura: _2_3_3_3_1_
Semilla: 1788104538
Segundos: 139
NIteraciones: 100000

Costo_train: 0.233189
Precision_train: 0.588750
Recall_train: 0.589487
F1_train: 0.589118

Costo_test: 0.238747
Precision_test: 0.595628
Recall_test: 0.542289
F1_test: 0.567708
 

Arquitectura: _2_3_3_3_1_
Semilla: 1788104538
Segundos: 139
NIteraciones: 100000

Costo_train: 0.231354
Precision_train: 0.573400
Recall_train: 0.571965
F1_train: 0.572682

Costo_test: 0.237908
Precision_test: 0.570000
Recall_test: 0.567164
F1_test: 0.568579
 

Arquitectura: _2_3_3_3_1_
Semilla: 1788104538
Segundos: 139
NIteraciones: 100000

Costo_train: 0.234519
Precision_train: 0.582404
Recall_train: 0.588235
F1_train: 0.585305

Costo_test: 0.239940
Precision_test: 0.587302
Recall_test: 0.552239
F1_test: 0.569231
 

Arquitectura: _2_3_3_3_1_
Semilla: 1788104538
Segundos: 139
NIteraciones: 100000

Costo_train: 0.234578
Precision_train: 0.586599
Recall_train: 0.580726
F1_train: 0.583648

Costo_test: 0.240557
Precision_test: 0.590426
Recall_test: 0.552239
F1_test: 0.570694
 

Arquitectura: _2_3_3_3_1_
Semilla: 1788104538
Segundos: 139
NIteraciones: 100000

Costo_train: 0.234442
Precision_train: 0.584367
Recall_train: 0.589487
F1_train: 0.586916

Costo_test: 0.240052
Precision_test: 0.587302
Recall_test: 0.552239
F1_test: 0.569231
 

Arquitectura: _2_3_3_3_1_
Semilla: 1788104538
Segundos: 139
NIteraciones: 100000

Costo_train: 0.234557
Precision_train: 0.593023
Recall_train: 0.574468
F1_train: 0.583598

Costo_test: 0.240270
Precision_test: 0.595628
Recall_test: 0.542289
F1_test: 0.567708
 

Arquitectura: _2_3_3_3_1_
Semilla: 1788104538
Segundos: 139
NIteraciones: 100000

Costo_train: 0.234499
Precision_train: 0.587863
Recall_train: 0.581977
F1_train: 0.584906

Costo_test: 0.240527
Precision_test: 0.591398
Recall_test: 0.547264
F1_test: 0.568475
 

Arquitectura: _2_3_3_3_1_
Semilla: 1788104538
Segundos: 139
NIteraciones: 100000

Costo_train: 0.234577
Precision_train: 0.586514
Recall_train: 0.576971
F1_train: 0.581703

Costo_test: 0.240625
Precision_test: 0.589189
Recall_test: 0.542289
F1_test: 0.564767
 

Arquitectura: _2_3_3_3_1_
Semilla: 1788104538
Segundos: 139
NIteraciones: 100000

Costo_train: 0.232906
Precision_train: 0.597150
Recall_train: 0.576971
F1_train: 0.586887

Costo_test: 0.239817
Precision_test: 0.613636
Recall_test: 0.537313
F1_test: 0.572944
 

Arquitectura: _2_3_3_3_1_
Semilla: 1788104538
Segundos: 139
NIteraciones: 100000

Costo_train: 0.231101
Precision_train: 0.590738
Recall_train: 0.590738
F1_train: 0.590738

Costo_test: 0.237007
Precision_test: 0.584211
Recall_test: 0.552239
F1_test: 0.567775
 

Arquitectura: _2_3_3_3_1_
Semilla: 1788104538
Segundos: 139
NIteraciones: 100000

Costo_train: 0.231257
Precision_train: 0.573400
Recall_train: 0.571965
F1_train: 0.572682

Costo_test: 0.237937
Precision_test: 0.570707
Recall_test: 0.562189
F1_test: 0.566416
 

Arquitectura: _2_3_3_3_1_
Semilla: 1788104538
Segundos: 139
NIteraciones: 100000

Costo_train: 0.234472
Precision_train: 0.589354
Recall_train: 0.581977
F1_train: 0.585642

Costo_test: 0.240475
Precision_test: 0.586021
Recall_test: 0.542289
F1_test: 0.563308
 

Arquitectura: _2_3_3_3_1_
Semilla: 1788104538
Segundos: 139
NIteraciones: 100000

Costo_train: 0.231391
Precision_train: 0.587863
Recall_train: 0.581977
F1_train: 0.584906

Costo_test: 0.237464
Precision_test: 0.584699
Recall_test: 0.532338
F1_test: 0.557292
 

Arquitectura: _2_3_3_3_1_
Semilla: 1788104538
Segundos: 139
NIteraciones: 100000

Costo_train: 0.234293
Precision_train: 0.586984
Recall_train: 0.586984
F1_train: 0.586984

Costo_test: 0.240197
Precision_test: 0.588235
Recall_test: 0.547264
F1_test: 0.567010
 

Arquitectura: _2_3_3_3_1_
Semilla: 1788104538
Segundos: 139
NIteraciones: 100000

Costo_train: 0.233019
Precision_train: 0.607282
Recall_train: 0.584481
F1_train: 0.595663

Costo_test: 0.241825
Precision_test: 0.605556
Recall_test: 0.542289
F1_test: 0.572178
 

Arquitectura: _2_3_3_3_1_
Semilla: 1788104538
Segundos: 139
NIteraciones: 100000

Costo_train: 0.234690
Precision_train: 0.584481
Recall_train: 0.584481
F1_train: 0.584481

Costo_test: 0.239915
Precision_test: 0.590426
Recall_test: 0.552239
F1_test: 0.570694
 

Arquitectura: _2_3_3_3_1_
Semilla: 1788104538
Segundos: 139
NIteraciones: 100000

Costo_train: 0.231571
Precision_train: 0.575641
Recall_train: 0.561952
F1_train: 0.568714

Costo_test: 0.239129
Precision_test: 0.585106
Recall_test: 0.547264
F1_test: 0.565553
 

Arquitectura: _2_3_3_3_1_
Semilla: 1788104538
Segundos: 139
NIteraciones: 100000

Costo_train: 0.231249
Precision_train: 0.571429
Recall_train: 0.570713
F1_train: 0.571071

Costo_test: 0.237110
Precision_test: 0.589744
Recall_test: 0.572139
F1_test: 0.580808
 

Arquitectura: _2_3_3_3_1_
Semilla: 1788104538
Segundos: 139
NIteraciones: 100000

Costo_train: 0.231566
Precision_train: 0.590966
Recall_train: 0.589487
F1_train: 0.590226

Costo_test: 0.237584
Precision_test: 0.590164
Recall_test: 0.537313
F1_test: 0.562500
 

Arquitectura: _2_3_3_3_1_
Semilla: 1788104538
Segundos: 139
NIteraciones: 100000

Costo_train: 0.233196
Precision_train: 0.604681
Recall_train: 0.581977
F1_train: 0.593112

Costo_test: 0.241937
Precision_test: 0.610169
Recall_test: 0.537313
F1_test: 0.571429
 

Arquitectura: _2_3_3_3_1_
Semilla: 1788104538
Segundos: 139
NIteraciones: 100000

Costo_train: 0.234312
Precision_train: 0.586902
Recall_train: 0.583229
F1_train: 0.585060

Costo_test: 0.240163
Precision_test: 0.588235
Recall_test: 0.547264
F1_test: 0.567010
 

Arquitectura: _2_3_3_3_1_
Semilla: 1788104538
Segundos: 139
NIteraciones: 100000

Costo_train: 0.234318
Precision_train: 0.584788
Recall_train: 0.586984
F1_train: 0.585884

Costo_test: 0.240111
Precision_test: 0.588235
Recall_test: 0.547264
F1_test: 0.567010
 

Arquitectura: _2_3_3_3_1_
Semilla: 1788104538
Segundos: 139
NIteraciones: 100000

Costo_train: 0.233830
Precision_train: 0.591862
Recall_train: 0.600751
F1_train: 0.596273

Costo_test: 0.238474
Precision_test: 0.594595
Recall_test: 0.547264
F1_test: 0.569948
 

Arquitectura: _2_3_3_3_1_
Semilla: 1788104538
Segundos: 139
NIteraciones: 100000

Costo_train: 0.231290
Precision_train: 0.574282
Recall_train: 0.575720
F1_train: 0.575000

Costo_test: 0.237929
Precision_test: 0.569307
Recall_test: 0.572139
F1_test: 0.570720
 

Arquitectura: _2_3_3_3_1_
Semilla: 1788104538
Segundos: 139
NIteraciones: 100000

Costo_train: 0.234390
Precision_train: 0.583333
Recall_train: 0.586984
F1_train: 0.585153

Costo_test: 0.240045
Precision_test: 0.590426
Recall_test: 0.552239
F1_test: 0.570694
 

Arquitectura: _2_3_3_3_1_
Semilla: 1788104538
Segundos: 139
NIteraciones: 100000

Costo_train: 0.231489
Precision_train: 0.572327
Recall_train: 0.569462
F1_train: 0.570891

Costo_test: 0.237818
Precision_test: 0.570707
Recall_test: 0.562189
F1_test: 0.566416
 

Arquitectura: _2_3_3_3_1_
Semilla: 1788104538
Segundos: 139
NIteraciones: 100000

Costo_train: 0.233241
Precision_train: 0.596939
Recall_train: 0.585732
F1_train: 0.591282

Costo_test: 0.238444
Precision_test: 0.602273
Recall_test: 0.527363
F1_test: 0.562334
 

Arquitectura: _2_3_3_3_1_
Semilla: 1788104538
Segundos: 139
NIteraciones: 100000

Costo_train: 0.234955
Precision_train: 0.591440
Recall_train: 0.570713
F1_train: 0.580892

Costo_test: 0.240770
Precision_test: 0.587912
Recall_test: 0.532338
F1_test: 0.558747
 

Arquitectura: _2_3_3_3_1_
Semilla: 1788104538
Segundos: 139
NIteraciones: 100000

Costo_train: 0.230985
Precision_train: 0.573770
Recall_train: 0.569462
F1_train: 0.571608

Costo_test: 0.237033
Precision_test: 0.591837
Recall_test: 0.577114
F1_test: 0.584383
 

Arquitectura: _2_3_3_3_1_
Semilla: 1788104538
Segundos: 139
NIteraciones: 100000

Costo_train: 0.234583
Precision_train: 0.583960
Recall_train: 0.583229
F1_train: 0.583594

Costo_test: 0.240089
Precision_test: 0.590426
Recall_test: 0.552239
F1_test: 0.570694
 

Arquitectura: _2_3_3_3_1_
Semilla: 1788104538
Segundos: 139
NIteraciones: 100000

Costo_train: 0.234509
Precision_train: 0.595084
Recall_train: 0.575720
F1_train: 0.585242

Costo_test: 0.240141
Precision_test: 0.596685
Recall_test: 0.537313
F1_test: 0.565445
 

Arquitectura: _2_3_3_3_1_
Semilla: 1788104538
Segundos: 139
NIteraciones: 100000

Costo_train: 0.232058
Precision_train: 0.590392
Recall_train: 0.584481
F1_train: 0.587421

Costo_test: 0.238284
Precision_test: 0.596685
Recall_test: 0.537313
F1_test: 0.565445
 

Arquitectura: _2_3_3_3_1_
Semilla: 1788104538
Segundos: 139
NIteraciones: 100000

Costo_train: 0.232262
Precision_train: 0.587282
Recall_train: 0.589487
F1_train: 0.588382

Costo_test: 0.238322
Precision_test: 0.592179
Recall_test: 0.527363
F1_test: 0.557895
 

Arquitectura: _2_3_3_3_1_
Semilla: 1788104538
Segundos: 139
NIteraciones: 100000

Costo_train: 0.234501
Precision_train: 0.583021
Recall_train: 0.584481
F1_train: 0.583750

Costo_test: 0.240026
Precision_test: 0.590426
Recall_test: 0.552239
F1_test: 0.570694
 

Arquitectura: _2_3_3_3_1_
Semilla: 1788104538
Segundos: 139
NIteraciones: 100000

Costo_train: 0.234324
Precision_train: 0.583541
Recall_train: 0.585732
F1_train: 0.584635

Costo_test: 0.240085
Precision_test: 0.588235
Recall_test: 0.547264
F1_test: 0.567010
 

Arquitectura: _2_3_3_3_1_
Semilla: 1788104538
Segundos: 139
NIteraciones: 100000

Costo_train: 0.231746
Precision_train: 0.579800
Recall_train: 0.581977
F1_train: 0.580887

Costo_test: 0.237912
Precision_test: 0.586021
Recall_test: 0.542289
F1_test: 0.563308
 

Arquitectura: _2_3_3_3_1_
Semilla: 1788104538
Segundos: 139
NIteraciones: 100000

Costo_train: 0.232282
Precision_train: 0.607053
Recall_train: 0.603254
F1_train: 0.605148

Costo_test: 0.238987
Precision_test: 0.624339
Recall_test: 0.587065
F1_test: 0.605128
 

Arquitectura: _2_3_3_3_1_
Semilla: 1788104538
Segundos: 139
NIteraciones: 100000

Costo_train: 0.230771
Precision_train: 0.585486
Recall_train: 0.595745
F1_train: 0.590571

Costo_test: 0.238907
Precision_test: 0.588235
Recall_test: 0.597015
F1_test: 0.592593
 

Arquitectura: _2_3_3_3_1_
Semilla: 1788104538
Segundos: 139
NIteraciones: 100000

Costo_train: 0.234508
Precision_train: 0.591315
Recall_train: 0.579474
F1_train: 0.585335

Costo_test: 0.240026
Precision_test: 0.590426
Recall_test: 0.552239
F1_test: 0.570694
 

Arquitectura: _2_3_3_3_1_
Semilla: 1788104538
Segundos: 139
NIteraciones: 100000

Costo_train: 0.234736
Precision_train: 0.582609
Recall_train: 0.586984
F1_train: 0.584788

Costo_test: 0.239869
Precision_test: 0.589474
Recall_test: 0.557214
F1_test: 0.572890
 

Arquitectura: _2_3_3_3_1_
Semilla: 1788104538
Segundos: 139
NIteraciones: 100000

Costo_train: 0.234456
Precision_train: 0.594072
Recall_train: 0.576971
F1_train: 0.585397

Costo_test: 0.240314
Precision_test: 0.592391
Recall_test: 0.542289
F1_test: 0.566234
 

Arquitectura: _2_3_3_3_1_
Semilla: 1788104538
Segundos: 139
NIteraciones: 100000

Costo_train: 0.234458
Precision_train: 0.582814
Recall_train: 0.585732
F1_train: 0.584270

Costo_test: 0.240058
Precision_test: 0.590426
Recall_test: 0.552239
F1_test: 0.570694
 

Arquitectura: _2_3_3_3_1_
Semilla: 1788104538
Segundos: 139
NIteraciones: 100000

Costo_train: 0.230905
Precision_train: 0.591195
Recall_train: 0.588235
F1_train: 0.589711

Costo_test: 0.237223
Precision_test: 0.590426
Recall_test: 0.552239
F1_test: 0.570694
 

Arquitectura: _2_3_3_3_1_
Semilla: 1788104538
Segundos: 139
NIteraciones: 100000

Costo_train: 0.231987
Precision_train: 0.587642
Recall_train: 0.583229
F1_train: 0.585427

Costo_test: 0.238030
Precision_test: 0.580110
Recall_test: 0.522388
F1_test: 0.549738
 

Arquitectura: _2_3_3_3_1_
Semilla: 1788104538
Segundos: 139
NIteraciones: 100000

Costo_train: 0.232510
Precision_train: 0.585821
Recall_train: 0.589487
F1_train: 0.587648

Costo_test: 0.237758
Precision_test: 0.594444
Recall_test: 0.532338
F1_test: 0.561680
 

Arquitectura: _2_3_3_3_1_
Semilla: 1788104538
Segundos: 139
NIteraciones: 100000

Costo_train: 0.231101
Precision_train: 0.588015
Recall_train: 0.589487
F1_train: 0.588750

Costo_test: 0.237122
Precision_test: 0.582888
Recall_test: 0.542289
F1_test: 0.561856
 

Arquitectura: _2_3_3_3_1_
Semilla: 1788104538
Segundos: 139
NIteraciones: 100000

Costo_train: 0.232284
Precision_train: 0.586902
Recall_train: 0.583229
F1_train: 0.585060

Costo_test: 0.238502
Precision_test: 0.586021
Recall_test: 0.542289
F1_test: 0.563308
 

Arquitectura: _2_3_3_3_1_
Semilla: 1788104538
Segundos: 139
NIteraciones: 100000

Costo_train: 0.231740
Precision_train: 0.574684
Recall_train: 0.568210
F1_train: 0.571429

Costo_test: 0.237827
Precision_test: 0.579487
Recall_test: 0.562189
F1_test: 0.570707
 

Arquitectura: _2_3_3_3_1_
Semilla: 1788104538
Segundos: 139
NIteraciones: 100000

Costo_train: 0.235206
Precision_train: 0.589378
Recall_train: 0.569462
F1_train: 0.579249

Costo_test: 0.241599
Precision_test: 0.591160
Recall_test: 0.532338
F1_test: 0.560209
 

Arquitectura: _2_3_3_3_1_
Semilla: 1788104538
Segundos: 139
NIteraciones: 100000

Costo_train: 0.232381
Precision_train: 0.568750
Recall_train: 0.569462
F1_train: 0.569106

Costo_test: 0.237920
Precision_test: 0.577889
Recall_test: 0.572139
F1_test: 0.575000
 

Arquitectura: _2_3_3_3_1_
Semilla: 1788104538
Segundos: 139
NIteraciones: 100000

Costo_train: 0.232746
Precision_train: 0.590392
Recall_train: 0.584481
F1_train: 0.587421

Costo_test: 0.238614
Precision_test: 0.596591
Recall_test: 0.522388
F1_test: 0.557029
 

Arquitectura: _2_3_3_3_1_
Semilla: 1788104538
Segundos: 139
NIteraciones: 100000

Costo_train: 0.234380
Precision_train: 0.583851
Recall_train: 0.588235
F1_train: 0.586035

Costo_test: 0.240059
Precision_test: 0.590426
Recall_test: 0.552239
F1_test: 0.570694
 

Arquitectura: _2_3_3_3_1_
Semilla: 1788104538
Segundos: 139
NIteraciones: 100000

Costo_train: 0.234585
Precision_train: 0.587642
Recall_train: 0.583229
F1_train: 0.585427

Costo_test: 0.240194
Precision_test: 0.588235
Recall_test: 0.547264
F1_test: 0.567010
 

Arquitectura: _2_3_3_3_1_
Semilla: 1788104538
Segundos: 139
NIteraciones: 100000

Costo_train: 0.233285
Precision_train: 0.592965
Recall_train: 0.590738
F1_train: 0.591850

Costo_test: 0.238542
Precision_test: 0.593407
Recall_test: 0.537313
F1_test: 0.563969
 

Arquitectura: _2_3_3_3_1_
Semilla: 1788104538
Segundos: 139
NIteraciones: 100000

Costo_train: 0.231180
Precision_train: 0.589354
Recall_train: 0.581977
F1_train: 0.585642

Costo_test: 0.237317
Precision_test: 0.581522
Recall_test: 0.532338
F1_test: 0.555844
 

Arquitectura: _2_3_3_3_1_
Semilla: 1788104538
Segundos: 139
NIteraciones: 100000

Costo_train: 0.232647
Precision_train: 0.591636
Recall_train: 0.602003
F1_train: 0.596774

Costo_test: 0.237917
Precision_test: 0.600000
Recall_test: 0.552239
F1_test: 0.575130
 

Arquitectura: _2_3_3_3_1_
Semilla: 1788104538
Segundos: 139
NIteraciones: 100000

Costo_train: 0.234486
Precision_train: 0.592545
Recall_train: 0.576971
F1_train: 0.584654

Costo_test: 0.240140
Precision_test: 0.589189
Recall_test: 0.542289
F1_test: 0.564767
 

Arquitectura: _2_3_3_3_1_
Semilla: 1788104538
Segundos: 139
NIteraciones: 100000

Costo_train: 0.232174
Precision_train: 0.584270
Recall_train: 0.585732
F1_train: 0.585000

Costo_test: 0.238250
Precision_test: 0.588235
Recall_test: 0.547264
F1_test: 0.567010
 

Arquitectura: _2_3_3_3_1_
Semilla: 1788104538
Segundos: 139
NIteraciones: 100000

Costo_train: 0.231298
Precision_train: 0.590102
Recall_train: 0.581977
F1_train: 0.586011

Costo_test: 0.237460
Precision_test: 0.583333
Recall_test: 0.522388
F1_test: 0.551181
 

Arquitectura: _2_3_3_3_1_
Semilla: 1788104538
Segundos: 139
NIteraciones: 100000

Costo_train: 0.231549
Precision_train: 0.572146
Recall_train: 0.570713
F1_train: 0.571429

Costo_test: 0.237932
Precision_test: 0.567839
Recall_test: 0.562189
F1_test: 0.565000
 

Arquitectura: _2_3_3_3_1_
Semilla: 1788104538
Segundos: 139
NIteraciones: 100000

Costo_train: 0.231470
Precision_train: 0.571429
Recall_train: 0.570713
F1_train: 0.571071

Costo_test: 0.237858
Precision_test: 0.567839
Recall_test: 0.562189
F1_test: 0.565000
 

Arquitectura: _2_3_3_3_1_
Semilla: 1788104538
Segundos: 139
NIteraciones: 100000

Costo_train: 0.234347
Precision_train: 0.583231
Recall_train: 0.591990
F1_train: 0.587578

Costo_test: 0.239953
Precision_test: 0.587302
Recall_test: 0.552239
F1_test: 0.569231
 

Arquitectura: _2_3_3_3_1_
Semilla: 1788104538
Segundos: 139
NIteraciones: 100000

Costo_train: 0.231669
Precision_train: 0.570000
Recall_train: 0.570713
F1_train: 0.570356

Costo_test: 0.237920
Precision_test: 0.567839
Recall_test: 0.562189
F1_test: 0.565000
 

Arquitectura: _2_3_3_3_1_
Semilla: 1788104538
Segundos: 139
NIteraciones: 100000

Costo_train: 0.234299
Precision_train: 0.584788
Recall_train: 0.586984
F1_train: 0.585884

Costo_test: 0.240195
Precision_test: 0.588235
Recall_test: 0.547264
F1_test: 0.567010
 

Arquitectura: _2_3_3_3_1_
Semilla: 1788104538
Segundos: 139
NIteraciones: 100000

Costo_train: 0.234341
Precision_train: 0.590038
Recall_train: 0.578223
F1_train: 0.584071

Costo_test: 0.240399
Precision_test: 0.589189
Recall_test: 0.542289
F1_test: 0.564767
 


--- Test Angosta 4.0 ---
Iteración 10000
Costo: 0.229108
Iteración 20000
Costo: 0.226732
Iteración 30000
Costo: 0.224917
Iteración 40000
Costo: 0.223628
Iteración 50000
Costo: 0.223446
Iteración 60000
Costo: 0.223698
Iteración 70000
Costo: 0.223465
Iteración 80000
Costo: 0.222961
Iteración 90000
Costo: 0.221997

Arquitectura: _2_12_1_
Semilla: 1788104677
Segundos: 54
NIteraciones: 100000

Costo_train: 0.220782
Precision_train: 0.605425
Recall_train: 0.614518
F1_train: 0.609938

Costo_test: 0.235743
Precision_test: 0.544503
Recall_test: 0.517413
F1_test: 0.530612
 

Arquitectura: _2_12_1_
Semilla: 1788104677
Segundos: 54
NIteraciones: 100000

Costo_train: 0.223741
Precision_train: 0.597307
Recall_train: 0.610763
F1_train: 0.603960

Costo_test: 0.236833
Precision_test: 0.553398
Recall_test: 0.567164
F1_test: 0.560197
 

Arquitectura: _2_12_1_
Semilla: 1788104677
Segundos: 54
NIteraciones: 100000

Costo_train: 0.222937
Precision_train: 0.587805
Recall_train: 0.603254
F1_train: 0.595429

Costo_test: 0.237893
Precision_test: 0.583784
Recall_test: 0.537313
F1_test: 0.559586
 

Arquitectura: _2_12_1_
Semilla: 1788104677
Segundos: 54
NIteraciones: 100000

Costo_train: 0.222905
Precision_train: 0.587361
Recall_train: 0.593242
F1_train: 0.590286

Costo_test: 0.237286
Precision_test: 0.572192
Recall_test: 0.532338
F1_test: 0.551546
 

Arquitectura: _2_12_1_
Semilla: 1788104677
Segundos: 54
NIteraciones: 100000

Costo_train: 0.224578
Precision_train: 0.604192
Recall_train: 0.613267
F1_train: 0.608696

Costo_test: 0.235485
Precision_test: 0.587629
Recall_test: 0.567164
F1_test: 0.577215
 

Arquitectura: _2_12_1_
Semilla: 1788104677
Segundos: 54
NIteraciones: 100000

Costo_train: 0.223535
Precision_train: 0.611884
Recall_train: 0.605757
F1_train: 0.608805

Costo_test: 0.236410
Precision_test: 0.614130
Recall_test: 0.562189
F1_test: 0.587013
 

Arquitectura: _2_12_1_
Semilla: 1788104677
Segundos: 54
NIteraciones: 100000

Costo_train: 0.224064
Precision_train: 0.600000
Recall_train: 0.604506
F1_train: 0.602244

Costo_test: 0.234581
Precision_test: 0.597015
Recall_test: 0.597015
F1_test: 0.597015
 

Arquitectura: _2_12_1_
Semilla: 1788104677
Segundos: 54
NIteraciones: 100000

Costo_train: 0.222044
Precision_train: 0.620865
Recall_train: 0.610763
F1_train: 0.615773

Costo_test: 0.234343
Precision_test: 0.616667
Recall_test: 0.552239
F1_test: 0.582677
 

Arquitectura: _2_12_1_
Semilla: 1788104677
Segundos: 54
NIteraciones: 100000

Costo_train: 0.223501
Precision_train: 0.598549
Recall_train: 0.619524
F1_train: 0.608856

Costo_test: 0.237335
Precision_test: 0.582418
Recall_test: 0.527363
F1_test: 0.553525
 

Arquitectura: _2_12_1_
Semilla: 1788104677
Segundos: 54
NIteraciones: 100000

Costo_train: 0.222245
Precision_train: 0.609280
Recall_train: 0.624531
F1_train: 0.616811

Costo_test: 0.237016
Precision_test: 0.567839
Recall_test: 0.562189
F1_test: 0.565000
 

Arquitectura: _2_12_1_
Semilla: 1788104677
Segundos: 54
NIteraciones: 100000

Costo_train: 0.219237
Precision_train: 0.597033
Recall_train: 0.604506
F1_train: 0.600746

Costo_test: 0.232669
Precision_test: 0.603175
Recall_test: 0.567164
F1_test: 0.584615
 

Arquitectura: _2_12_1_
Semilla: 1788104677
Segundos: 54
NIteraciones: 100000

Costo_train: 0.219387
Precision_train: 0.634783
Recall_train: 0.639549
F1_train: 0.637157

Costo_test: 0.235072
Precision_test: 0.613757
Recall_test: 0.577114
F1_test: 0.594872
 

Arquitectura: _2_12_1_
Semilla: 1788104677
Segundos: 54
NIteraciones: 100000

Costo_train: 0.224151
Precision_train: 0.611722
Recall_train: 0.627034
F1_train: 0.619283

Costo_test: 0.237019
Precision_test: 0.576355
Recall_test: 0.582090
F1_test: 0.579208
 

Arquitectura: _2_12_1_
Semilla: 1788104677
Segundos: 54
NIteraciones: 100000

Costo_train: 0.220517
Precision_train: 0.583843
Recall_train: 0.596996
F1_train: 0.590347

Costo_test: 0.235387
Precision_test: 0.565000
Recall_test: 0.562189
F1_test: 0.563591
 

Arquitectura: _2_12_1_
Semilla: 1788104677
Segundos: 54
NIteraciones: 100000

Costo_train: 0.221524
Precision_train: 0.624843
Recall_train: 0.623279
F1_train: 0.624060

Costo_test: 0.234970
Precision_test: 0.575758
Recall_test: 0.567164
F1_test: 0.571429
 

Arquitectura: _2_12_1_
Semilla: 1788104677
Segundos: 54
NIteraciones: 100000

Costo_train: 0.225003
Precision_train: 0.602706
Recall_train: 0.613267
F1_train: 0.607940

Costo_test: 0.236486
Precision_test: 0.579487
Recall_test: 0.562189
F1_test: 0.570707
 

Arquitectura: _2_12_1_
Semilla: 1788104677
Segundos: 54
NIteraciones: 100000

Costo_train: 0.222466
Precision_train: 0.615764
Recall_train: 0.625782
F1_train: 0.620732

Costo_test: 0.235398
Precision_test: 0.581633
Recall_test: 0.567164
F1_test: 0.574307
 

Arquitectura: _2_12_1_
Semilla: 1788104677
Segundos: 54
NIteraciones: 100000

Costo_train: 0.222684
Precision_train: 0.609572
Recall_train: 0.605757
F1_train: 0.607659

Costo_test: 0.236379
Precision_test: 0.605405
Recall_test: 0.557214
F1_test: 0.580311
 

Arquitectura: _2_12_1_
Semilla: 1788104677
Segundos: 54
NIteraciones: 100000

Costo_train: 0.224722
Precision_train: 0.582129
Recall_train: 0.554443
F1_train: 0.567949

Costo_test: 0.236016
Precision_test: 0.587302
Recall_test: 0.552239
F1_test: 0.569231
 

Arquitectura: _2_12_1_
Semilla: 1788104677
Segundos: 54
NIteraciones: 100000

Costo_train: 0.222654
Precision_train: 0.610630
Recall_train: 0.618273
F1_train: 0.614428

Costo_test: 0.237690
Precision_test: 0.567839
Recall_test: 0.562189
F1_test: 0.565000
 

Arquitectura: _2_12_1_
Semilla: 1788104677
Segundos: 54
NIteraciones: 100000

Costo_train: 0.222601
Precision_train: 0.601458
Recall_train: 0.619524
F1_train: 0.610358

Costo_test: 0.237397
Precision_test: 0.555556
Recall_test: 0.572139
F1_test: 0.563726
 

Arquitectura: _2_12_1_
Semilla: 1788104677
Segundos: 54
NIteraciones: 100000

Costo_train: 0.223840
Precision_train: 0.608040
Recall_train: 0.605757
F1_train: 0.606897

Costo_test: 0.236973
Precision_test: 0.584211
Recall_test: 0.552239
F1_test: 0.567775
 

Arquitectura: _2_12_1_
Semilla: 1788104677
Segundos: 54
NIteraciones: 100000

Costo_train: 0.222233
Precision_train: 0.597758
Recall_train: 0.600751
F1_train: 0.599251

Costo_test: 0.237031
Precision_test: 0.576720
Recall_test: 0.542289
F1_test: 0.558974
 

Arquitectura: _2_12_1_
Semilla: 1788104677
Segundos: 54
NIteraciones: 100000

Costo_train: 0.224383
Precision_train: 0.570900
Recall_train: 0.579474
F1_train: 0.575155

Costo_test: 0.236011
Precision_test: 0.593750
Recall_test: 0.567164
F1_test: 0.580153
 

Arquitectura: _2_12_1_
Semilla: 1788104677
Segundos: 54
NIteraciones: 100000

Costo_train: 0.220959
Precision_train: 0.622028
Recall_train: 0.622028
F1_train: 0.622028

Costo_test: 0.238091
Precision_test: 0.544554
Recall_test: 0.547264
F1_test: 0.545906
 

Arquitectura: _2_12_1_
Semilla: 1788104677
Segundos: 54
NIteraciones: 100000

Costo_train: 0.223952
Precision_train: 0.610969
Recall_train: 0.599499
F1_train: 0.605180

Costo_test: 0.237159
Precision_test: 0.582888
Recall_test: 0.542289
F1_test: 0.561856
 

Arquitectura: _2_12_1_
Semilla: 1788104677
Segundos: 54
NIteraciones: 100000

Costo_train: 0.221391
Precision_train: 0.615672
Recall_train: 0.619524
F1_train: 0.617592

Costo_test: 0.234645
Precision_test: 0.546392
Recall_test: 0.527363
F1_test: 0.536709
 

Arquitectura: _2_12_1_
Semilla: 1788104677
Segundos: 54
NIteraciones: 100000

Costo_train: 0.223968
Precision_train: 0.600243
Recall_train: 0.618273
F1_train: 0.609125

Costo_test: 0.237152
Precision_test: 0.583784
Recall_test: 0.537313
F1_test: 0.559586
 

Arquitectura: _2_12_1_
Semilla: 1788104677
Segundos: 54
NIteraciones: 100000

Costo_train: 0.224211
Precision_train: 0.592771
Recall_train: 0.615770
F1_train: 0.604052

Costo_test: 0.237495
Precision_test: 0.592179
Recall_test: 0.527363
F1_test: 0.557895
 

Arquitectura: _2_12_1_
Semilla: 1788104677
Segundos: 54
NIteraciones: 100000

Costo_train: 0.223389
Precision_train: 0.624372
Recall_train: 0.622028
F1_train: 0.623197

Costo_test: 0.238777
Precision_test: 0.560847
Recall_test: 0.527363
F1_test: 0.543590
 

Arquitectura: _2_12_1_
Semilla: 1788104677
Segundos: 54
NIteraciones: 100000

Costo_train: 0.223807
Precision_train: 0.623750
Recall_train: 0.624531
F1_train: 0.624140

Costo_test: 0.237992
Precision_test: 0.543269
Recall_test: 0.562189
F1_test: 0.552567
 

Arquitectura: _2_12_1_
Semilla: 1788104677
Segundos: 54
NIteraciones: 100000

Costo_train: 0.224950
Precision_train: 0.574442
Recall_train: 0.579474
F1_train: 0.576947

Costo_test: 0.236998
Precision_test: 0.598930
Recall_test: 0.557214
F1_test: 0.577320
 

Arquitectura: _2_12_1_
Semilla: 1788104677
Segundos: 54
NIteraciones: 100000

Costo_train: 0.223686
Precision_train: 0.610000
Recall_train: 0.610763
F1_train: 0.610381

Costo_test: 0.236634
Precision_test: 0.578947
Recall_test: 0.547264
F1_test: 0.562660
 

Arquitectura: _2_12_1_
Semilla: 1788104677
Segundos: 54
NIteraciones: 100000

Costo_train: 0.223106
Precision_train: 0.622500
Recall_train: 0.623279
F1_train: 0.622889

Costo_test: 0.232791
Precision_test: 0.616580
Recall_test: 0.592040
F1_test: 0.604061
 

Arquitectura: _2_12_1_
Semilla: 1788104677
Segundos: 54
NIteraciones: 100000

Costo_train: 0.222450
Precision_train: 0.617936
Recall_train: 0.629537
F1_train: 0.623683

Costo_test: 0.236393
Precision_test: 0.576087
Recall_test: 0.527363
F1_test: 0.550649
 

Arquitectura: _2_12_1_
Semilla: 1788104677
Segundos: 54
NIteraciones: 100000

Costo_train: 0.223677
Precision_train: 0.604141
Recall_train: 0.620776
F1_train: 0.612346

Costo_test: 0.234732
Precision_test: 0.587912
Recall_test: 0.532338
F1_test: 0.558747
 

Arquitectura: _2_12_1_
Semilla: 1788104677
Segundos: 54
NIteraciones: 100000

Costo_train: 0.223399
Precision_train: 0.601513
Recall_train: 0.596996
F1_train: 0.599246

Costo_test: 0.236482
Precision_test: 0.574468
Recall_test: 0.537313
F1_test: 0.555270
 

Arquitectura: _2_12_1_
Semilla: 1788104677
Segundos: 54
NIteraciones: 100000

Costo_train: 0.221947
Precision_train: 0.605230
Recall_train: 0.608260
F1_train: 0.606742

Costo_test: 0.235343
Precision_test: 0.591837
Recall_test: 0.577114
F1_test: 0.584383
 

Arquitectura: _2_12_1_
Semilla: 1788104677
Segundos: 54
NIteraciones: 100000

Costo_train: 0.223230
Precision_train: 0.602516
Recall_train: 0.599499
F1_train: 0.601004

Costo_test: 0.236939
Precision_test: 0.595745
Recall_test: 0.557214
F1_test: 0.575835
 

Arquitectura: _2_12_1_
Semilla: 1788104677
Segundos: 54
NIteraciones: 100000

Costo_train: 0.223087
Precision_train: 0.594530
Recall_train: 0.625782
F1_train: 0.609756

Costo_test: 0.237450
Precision_test: 0.572973
Recall_test: 0.527363
F1_test: 0.549223
 

Arquitectura: _2_12_1_
Semilla: 1788104677
Segundos: 54
NIteraciones: 100000

Costo_train: 0.223251
Precision_train: 0.601476
Recall_train: 0.612015
F1_train: 0.606700

Costo_test: 0.237386
Precision_test: 0.561576
Recall_test: 0.567164
F1_test: 0.564356
 

Arquitectura: _2_12_1_
Semilla: 1788104677
Segundos: 54
NIteraciones: 100000

Costo_train: 0.223724
Precision_train: 0.630408
Recall_train: 0.638298
F1_train: 0.634328

Costo_test: 0.236079
Precision_test: 0.552083
Recall_test: 0.527363
F1_test: 0.539440
 

Arquitectura: _2_12_1_
Semilla: 1788104677
Segundos: 54
NIteraciones: 100000

Costo_train: 0.224833
Precision_train: 0.597340
Recall_train: 0.618273
F1_train: 0.607626

Costo_test: 0.236483
Precision_test: 0.573684
Recall_test: 0.542289
F1_test: 0.557545
 

Arquitectura: _2_12_1_
Semilla: 1788104677
Segundos: 54
NIteraciones: 100000

Costo_train: 0.222272
Precision_train: 0.616646
Recall_train: 0.612015
F1_train: 0.614322

Costo_test: 0.237096
Precision_test: 0.550725
Recall_test: 0.567164
F1_test: 0.558824
 

Arquitectura: _2_12_1_
Semilla: 1788104677
Segundos: 54
NIteraciones: 100000

Costo_train: 0.225092
Precision_train: 0.617866
Recall_train: 0.623279
F1_train: 0.620561

Costo_test: 0.233177
Precision_test: 0.618090
Recall_test: 0.611940
F1_test: 0.615000
 

Arquitectura: _2_12_1_
Semilla: 1788104677
Segundos: 54
NIteraciones: 100000

Costo_train: 0.218150
Precision_train: 0.637975
Recall_train: 0.630789
F1_train: 0.634361

Costo_test: 0.233572
Precision_test: 0.612903
Recall_test: 0.567164
F1_test: 0.589147
 

Arquitectura: _2_12_1_
Semilla: 1788104677
Segundos: 54
NIteraciones: 100000

Costo_train: 0.220258
Precision_train: 0.631313
Recall_train: 0.625782
F1_train: 0.628536

Costo_test: 0.235413
Precision_test: 0.627027
Recall_test: 0.577114
F1_test: 0.601036
 

Arquitectura: _2_12_1_
Semilla: 1788104677
Segundos: 54
NIteraciones: 100000

Costo_train: 0.223630
Precision_train: 0.566787
Recall_train: 0.589487
F1_train: 0.577914

Costo_test: 0.235569
Precision_test: 0.609890
Recall_test: 0.552239
F1_test: 0.579634
 

Arquitectura: _2_12_1_
Semilla: 1788104677
Segundos: 54
NIteraciones: 100000

Costo_train: 0.222117
Precision_train: 0.585366
Recall_train: 0.570713
F1_train: 0.577947

Costo_test: 0.236176
Precision_test: 0.576720
Recall_test: 0.542289
F1_test: 0.558974
 

Arquitectura: _2_12_1_
Semilla: 1788104677
Segundos: 54
NIteraciones: 100000

Costo_train: 0.224670
Precision_train: 0.610487
Recall_train: 0.612015
F1_train: 0.611250

Costo_test: 0.236293
Precision_test: 0.616216
Recall_test: 0.567164
F1_test: 0.590674
 

Arquitectura: _2_12_1_
Semilla: 1788104677
Segundos: 54
NIteraciones: 100000

Costo_train: 0.223024
Precision_train: 0.621827
Recall_train: 0.613267
F1_train: 0.617517

Costo_test: 0.234797
Precision_test: 0.618785
Recall_test: 0.557214
F1_test: 0.586387
 

Arquitectura: _2_12_1_
Semilla: 1788104677
Segundos: 54
NIteraciones: 100000

Costo_train: 0.222351
Precision_train: 0.588089
Recall_train: 0.593242
F1_train: 0.590654

Costo_test: 0.236818
Precision_test: 0.571429
Recall_test: 0.537313
F1_test: 0.553846
 

Arquitectura: _2_12_1_
Semilla: 1788104677
Segundos: 54
NIteraciones: 100000

Costo_train: 0.223868
Precision_train: 0.606742
Recall_train: 0.608260
F1_train: 0.607500

Costo_test: 0.237037
Precision_test: 0.574468
Recall_test: 0.537313
F1_test: 0.555270
 

Arquitectura: _2_12_1_
Semilla: 1788104677
Segundos: 54
NIteraciones: 100000

Costo_train: 0.222997
Precision_train: 0.585799
Recall_train: 0.619524
F1_train: 0.602190

Costo_test: 0.237798
Precision_test: 0.581522
Recall_test: 0.532338
F1_test: 0.555844
 

Arquitectura: _2_12_1_
Semilla: 1788104677
Segundos: 54
NIteraciones: 100000

Costo_train: 0.223232
Precision_train: 0.601227
Recall_train: 0.613267
F1_train: 0.607187

Costo_test: 0.236935
Precision_test: 0.566327
Recall_test: 0.552239
F1_test: 0.559194
 

Arquitectura: _2_12_1_
Semilla: 1788104677
Segundos: 54
NIteraciones: 100000

Costo_train: 0.223057
Precision_train: 0.623588
Recall_train: 0.622028
F1_train: 0.622807

Costo_test: 0.236681
Precision_test: 0.574257
Recall_test: 0.577114
F1_test: 0.575682
 

Arquitectura: _2_12_1_
Semilla: 1788104677
Segundos: 54
NIteraciones: 100000

Costo_train: 0.223265
Precision_train: 0.578692
Recall_train: 0.598248
F1_train: 0.588308

Costo_test: 0.236734
Precision_test: 0.584699
Recall_test: 0.532338
F1_test: 0.557292
 

Arquitectura: _2_12_1_
Semilla: 1788104677
Segundos: 54
NIteraciones: 100000

Costo_train: 0.223440
Precision_train: 0.608966
Recall_train: 0.612015
F1_train: 0.610487

Costo_test: 0.232526
Precision_test: 0.597990
Recall_test: 0.592040
F1_test: 0.595000
 

Arquitectura: _2_12_1_
Semilla: 1788104677
Segundos: 54
NIteraciones: 100000

Costo_train: 0.223225
Precision_train: 0.609113
Recall_train: 0.635795
F1_train: 0.622168

Costo_test: 0.235606
Precision_test: 0.589744
Recall_test: 0.572139
F1_test: 0.580808
 

Arquitectura: _2_12_1_
Semilla: 1788104677
Segundos: 54
NIteraciones: 100000

Costo_train: 0.223652
Precision_train: 0.597852
Recall_train: 0.627034
F1_train: 0.612095

Costo_test: 0.237371
Precision_test: 0.579787
Recall_test: 0.542289
F1_test: 0.560411
 

Arquitectura: _2_12_1_
Semilla: 1788104677
Segundos: 54
NIteraciones: 100000

Costo_train: 0.224134
Precision_train: 0.598742
Recall_train: 0.595745
F1_train: 0.597240

Costo_test: 0.235461
Precision_test: 0.614130
Recall_test: 0.562189
F1_test: 0.587013
 

Arquitectura: _2_12_1_
Semilla: 1788104677
Segundos: 54
NIteraciones: 100000

Costo_train: 0.223629
Precision_train: 0.607098
Recall_train: 0.599499
F1_train: 0.603275

Costo_test: 0.238376
Precision_test: 0.597826
Recall_test: 0.547264
F1_test: 0.571429
 

Arquitectura: _2_12_1_
Semilla: 1788104677
Segundos: 54
NIteraciones: 100000

Costo_train: 0.220641
Precision_train: 0.590571
Recall_train: 0.595745
F1_train: 0.593146

Costo_test: 0.233677
Precision_test: 0.592391
Recall_test: 0.542289
F1_test: 0.566234
 

Arquitectura: _2_12_1_
Semilla: 1788104677
Segundos: 54
NIteraciones: 100000

Costo_train: 0.223140
Precision_train: 0.593447
Recall_train: 0.612015
F1_train: 0.602588

Costo_test: 0.237141
Precision_test: 0.585106
Recall_test: 0.547264
F1_test: 0.565553
 

Arquitectura: _2_12_1_
Semilla: 1788104677
Segundos: 54
NIteraciones: 100000

Costo_train: 0.224413
Precision_train: 0.600266
Recall_train: 0.565707
F1_train: 0.582474

Costo_test: 0.235535
Precision_test: 0.594737
Recall_test: 0.562189
F1_test: 0.578005
 

Arquitectura: _2_12_1_
Semilla: 1788104677
Segundos: 54
NIteraciones: 100000

Costo_train: 0.223404
Precision_train: 0.581152
Recall_train: 0.555695
F1_train: 0.568138

Costo_test: 0.236069
Precision_test: 0.575130
Recall_test: 0.552239
F1_test: 0.563452
 

Arquitectura: _2_12_1_
Semilla: 1788104677
Segundos: 54
NIteraciones: 100000

Costo_train: 0.218073
Precision_train: 0.624688
Recall_train: 0.627034
F1_train: 0.625859

Costo_test: 0.234565
Precision_test: 0.594872
Recall_test: 0.577114
F1_test: 0.585859
 

Arquitectura: _2_12_1_
Semilla: 1788104677
Segundos: 54
NIteraciones: 100000

Costo_train: 0.223232
Precision_train: 0.636598
Recall_train: 0.618273
F1_train: 0.627302

Costo_test: 0.233754
Precision_test: 0.627027
Recall_test: 0.577114
F1_test: 0.601036
 

Arquitectura: _2_12_1_
Semilla: 1788104677
Segundos: 54
NIteraciones: 100000

Costo_train: 0.223249
Precision_train: 0.598583
Recall_train: 0.634543
F1_train: 0.616039

Costo_test: 0.235382
Precision_test: 0.589744
Recall_test: 0.572139
F1_test: 0.580808
 

Arquitectura: _2_12_1_
Semilla: 1788104677
Segundos: 54
NIteraciones: 100000

Costo_train: 0.220196
Precision_train: 0.604623
Recall_train: 0.622028
F1_train: 0.613202

Costo_test: 0.233157
Precision_test: 0.585106
Recall_test: 0.547264
F1_test: 0.565553
 

Arquitectura: _2_12_1_
Semilla: 1788104677
Segundos: 54
NIteraciones: 100000

Costo_train: 0.221729
Precision_train: 0.595122
Recall_train: 0.610763
F1_train: 0.602841

Costo_test: 0.234680
Precision_test: 0.592391
Recall_test: 0.542289
F1_test: 0.566234
 

Arquitectura: _2_12_1_
Semilla: 1788104677
Segundos: 54
NIteraciones: 100000

Costo_train: 0.219838
Precision_train: 0.593902
Recall_train: 0.609512
F1_train: 0.601606

Costo_test: 0.233700
Precision_test: 0.558376
Recall_test: 0.547264
F1_test: 0.552764
 

Arquitectura: _2_12_1_
Semilla: 1788104677
Segundos: 54
NIteraciones: 100000

Costo_train: 0.222164
Precision_train: 0.616264
Recall_train: 0.607009
F1_train: 0.611602

Costo_test: 0.233742
Precision_test: 0.622222
Recall_test: 0.557214
F1_test: 0.587927
 

Arquitectura: _2_12_1_
Semilla: 1788104677
Segundos: 54
NIteraciones: 100000

Costo_train: 0.223585
Precision_train: 0.615575
Recall_train: 0.623279
F1_train: 0.619403

Costo_test: 0.237996
Precision_test: 0.542453
Recall_test: 0.572139
F1_test: 0.556901
 

Arquitectura: _2_12_1_
Semilla: 1788104677
Segundos: 54
NIteraciones: 100000

Costo_train: 0.222785
Precision_train: 0.638298
Recall_train: 0.638298
F1_train: 0.638298

Costo_test: 0.237819
Precision_test: 0.597884
Recall_test: 0.562189
F1_test: 0.579487
 

Arquitectura: _2_12_1_
Semilla: 1788104677
Segundos: 54
NIteraciones: 100000

Costo_train: 0.224524
Precision_train: 0.609079
Recall_train: 0.604506
F1_train: 0.606784

Costo_test: 0.237433
Precision_test: 0.570707
Recall_test: 0.562189
F1_test: 0.566416
 

Arquitectura: _2_12_1_
Semilla: 1788104677
Segundos: 54
NIteraciones: 100000

Costo_train: 0.221946
Precision_train: 0.614164
Recall_train: 0.629537
F1_train: 0.621755

Costo_test: 0.235384
Precision_test: 0.589474
Recall_test: 0.557214
F1_test: 0.572890
 

Arquitectura: _2_12_1_
Semilla: 1788104677
Segundos: 54
NIteraciones: 100000

Costo_train: 0.222081
Precision_train: 0.610422
Recall_train: 0.615770
F1_train: 0.613084

Costo_test: 0.235306
Precision_test: 0.573604
Recall_test: 0.562189
F1_test: 0.567839
 

Arquitectura: _2_12_1_
Semilla: 1788104677
Segundos: 54
NIteraciones: 100000

Costo_train: 0.223097
Precision_train: 0.595238
Recall_train: 0.594493
F1_train: 0.594865

Costo_test: 0.237988
Precision_test: 0.575269
Recall_test: 0.532338
F1_test: 0.552972
 

Arquitectura: _2_12_1_
Semilla: 1788104677
Segundos: 54
NIteraciones: 100000

Costo_train: 0.223850
Precision_train: 0.596154
Recall_train: 0.620776
F1_train: 0.608216

Costo_test: 0.237849
Precision_test: 0.573604
Recall_test: 0.562189
F1_test: 0.567839
 

Arquitectura: _2_12_1_
Semilla: 1788104677
Segundos: 54
NIteraciones: 100000

Costo_train: 0.222503
Precision_train: 0.597105
Recall_train: 0.619524
F1_train: 0.608108

Costo_test: 0.237689
Precision_test: 0.600000
Recall_test: 0.552239
F1_test: 0.575130
 

Arquitectura: _2_12_1_
Semilla: 1788104677
Segundos: 54
NIteraciones: 100000

Costo_train: 0.223692
Precision_train: 0.579832
Recall_train: 0.604506
F1_train: 0.591912

Costo_test: 0.237216
Precision_test: 0.579787
Recall_test: 0.542289
F1_test: 0.560411
 

Arquitectura: _2_12_1_
Semilla: 1788104677
Segundos: 54
NIteraciones: 100000

Costo_train: 0.225107
Precision_train: 0.610771
Recall_train: 0.624531
F1_train: 0.617574

Costo_test: 0.235247
Precision_test: 0.612245
Recall_test: 0.597015
F1_test: 0.604534
 

Arquitectura: _2_12_1_
Semilla: 1788104677
Segundos: 54
NIteraciones: 100000

Costo_train: 0.223495
Precision_train: 0.617647
Recall_train: 0.630789
F1_train: 0.624149

Costo_test: 0.238157
Precision_test: 0.574257
Recall_test: 0.577114
F1_test: 0.575682
 

Arquitectura: _2_12_1_
Semilla: 1788104677
Segundos: 54
NIteraciones: 100000

Costo_train: 0.218554
Precision_train: 0.608426
Recall_train: 0.614518
F1_train: 0.611457

Costo_test: 0.235047
Precision_test: 0.591623
Recall_test: 0.562189
F1_test: 0.576531
 

Arquitectura: _2_12_1_
Semilla: 1788104677
Segundos: 54
NIteraciones: 100000

Costo_train: 0.223943
Precision_train: 0.608589
Recall_train: 0.620776
F1_train: 0.614622

Costo_test: 0.237183
Precision_test: 0.560000
Recall_test: 0.557214
F1_test: 0.558603
 

Arquitectura: _2_12_1_
Semilla: 1788104677
Segundos: 54
NIteraciones: 100000

Costo_train: 0.222207
Precision_train: 0.592221
Recall_train: 0.590738
F1_train: 0.591479

Costo_test: 0.236124
Precision_test: 0.579787
Recall_test: 0.542289
F1_test: 0.560411
 

Arquitectura: _2_12_1_
Semilla: 1788104677
Segundos: 54
NIteraciones: 100000

Costo_train: 0.222442
Precision_train: 0.619512
Recall_train: 0.635795
F1_train: 0.627548

Costo_test: 0.236554
Precision_test: 0.563830
Recall_test: 0.527363
F1_test: 0.544987
 

Arquitectura: _2_12_1_
Semilla: 1788104677
Segundos: 54
NIteraciones: 100000

Costo_train: 0.223726
Precision_train: 0.564356
Recall_train: 0.570713
F1_train: 0.567517

Costo_test: 0.235552
Precision_test: 0.590164
Recall_test: 0.537313
F1_test: 0.562500
 

Arquitectura: _2_12_1_
Semilla: 1788104677
Segundos: 54
NIteraciones: 100000

Costo_train: 0.223312
Precision_train: 0.607143
Recall_train: 0.617021
F1_train: 0.612042

Costo_test: 0.235712
Precision_test: 0.597826
Recall_test: 0.547264
F1_test: 0.571429
 

Arquitectura: _2_12_1_
Semilla: 1788104677
Segundos: 54
NIteraciones: 100000

Costo_train: 0.222875
Precision_train: 0.602941
Recall_train: 0.615770
F1_train: 0.609288

Costo_test: 0.237801
Precision_test: 0.575130
Recall_test: 0.552239
F1_test: 0.563452
 

Arquitectura: _2_12_1_
Semilla: 1788104677
Segundos: 54
NIteraciones: 100000

Costo_train: 0.223438
Precision_train: 0.638924
Recall_train: 0.624531
F1_train: 0.631646

Costo_test: 0.233578
Precision_test: 0.621622
Recall_test: 0.572139
F1_test: 0.595855
 

Arquitectura: _2_12_1_
Semilla: 1788104677
Segundos: 54
NIteraciones: 100000

Costo_train: 0.222973
Precision_train: 0.602632
Recall_train: 0.573216
F1_train: 0.587556

Costo_test: 0.234700
Precision_test: 0.585106
Recall_test: 0.547264
F1_test: 0.565553
 

Arquitectura: _2_12_1_
Semilla: 1788104677
Segundos: 54
NIteraciones: 100000

Costo_train: 0.223953
Precision_train: 0.597105
Recall_train: 0.619524
F1_train: 0.608108

Costo_test: 0.235210
Precision_test: 0.575916
Recall_test: 0.547264
F1_test: 0.561224
 

Arquitectura: _2_12_1_
Semilla: 1788104677
Segundos: 54
NIteraciones: 100000

Costo_train: 0.222948
Precision_train: 0.622500
Recall_train: 0.623279
F1_train: 0.622889

Costo_test: 0.237412
Precision_test: 0.574257
Recall_test: 0.577114
F1_test: 0.575682
 

Arquitectura: _2_12_1_
Semilla: 1788104677
Segundos: 54
NIteraciones: 100000

Costo_train: 0.223942
Precision_train: 0.597605
Recall_train: 0.624531
F1_train: 0.610771

Costo_test: 0.235384
Precision_test: 0.591623
Recall_test: 0.562189
F1_test: 0.576531
 

Arquitectura: _2_12_1_
Semilla: 1788104677
Segundos: 54
NIteraciones: 100000

Costo_train: 0.224947
Precision_train: 0.605459
Recall_train: 0.610763
F1_train: 0.608100

Costo_test: 0.234659
Precision_test: 0.603352
Recall_test: 0.537313
F1_test: 0.568421
 

Arquitectura: _2_12_1_
Semilla: 1788104677
Segundos: 54
NIteraciones: 100000

Costo_train: 0.222291
Precision_train: 0.646465
Recall_train: 0.640801
F1_train: 0.643620

Costo_test: 0.235101
Precision_test: 0.577540
Recall_test: 0.537313
F1_test: 0.556701
 

Arquitectura: _2_12_1_
Semilla: 1788104677
Segundos: 54
NIteraciones: 100000

Costo_train: 0.223937
Precision_train: 0.611247
Recall_train: 0.625782
F1_train: 0.618429

Costo_test: 0.237313
Precision_test: 0.567164
Recall_test: 0.567164
F1_test: 0.567164
 

Arquitectura: _2_12_1_
Semilla: 1788104677
Segundos: 54
NIteraciones: 100000

Costo_train: 0.223548
Precision_train: 0.607009
Recall_train: 0.607009
F1_train: 0.607009

Costo_test: 0.236640
Precision_test: 0.574468
Recall_test: 0.537313
F1_test: 0.555270
 


--- Test Profunda 4.0 ---
Iteración 10000
Costo: 0.249874
Iteración 20000
Costo: 0.249770
Iteración 30000
Costo: 0.249577
Iteración 40000
Costo: 0.249125
Iteración 50000
Costo: 0.247728
Iteración 60000
Costo: 0.243593
Iteración 70000
Costo: 0.240535
Iteración 80000
Costo: 0.239699
Iteración 90000
Costo: 0.238156

Arquitectura: _2_3_3_3_3_1_
Semilla: 1788104731
Segundos: 186
NIteraciones: 100000

Costo_train: 0.236784
Precision_train: 0.589552
Recall_train: 0.593242
F1_train: 0.591391

Costo_test: 0.242089
Precision_test: 0.586387
Recall_test: 0.557214
F1_test: 0.571429
 

Arquitectura: _2_3_3_3_3_1_
Semilla: 1788104731
Segundos: 186
NIteraciones: 100000

Costo_train: 0.235973
Precision_train: 0.592157
Recall_train: 0.566959
F1_train: 0.579284

Costo_test: 0.242064
Precision_test: 0.587912
Recall_test: 0.532338
F1_test: 0.558747
 

Arquitectura: _2_3_3_3_3_1_
Semilla: 1788104731
Segundos: 186
NIteraciones: 100000

Costo_train: 0.236582
Precision_train: 0.592208
Recall_train: 0.570713
F1_train: 0.581262

Costo_test: 0.243091
Precision_test: 0.586957
Recall_test: 0.537313
F1_test: 0.561039
 

Arquitectura: _2_3_3_3_3_1_
Semilla: 1788104731
Segundos: 186
NIteraciones: 100000

Costo_train: 0.245684
Precision_train: 0.587591
Recall_train: 0.604506
F1_train: 0.595928

Costo_test: 0.246333
Precision_test: 0.587940
Recall_test: 0.582090
F1_test: 0.585000
 

Arquitectura: _2_3_3_3_3_1_
Semilla: 1788104731
Segundos: 186
NIteraciones: 100000

Costo_train: 0.234994
Precision_train: 0.586984
Recall_train: 0.586984
F1_train: 0.586984

Costo_test: 0.240099
Precision_test: 0.587302
Recall_test: 0.552239
F1_test: 0.569231
 

Arquitectura: _2_3_3_3_3_1_
Semilla: 1788104731
Segundos: 186
NIteraciones: 100000

Costo_train: 0.248764
Precision_train: 0.593671
Recall_train: 0.586984
F1_train: 0.590308

Costo_test: 0.248951
Precision_test: 0.582474
Recall_test: 0.562189
F1_test: 0.572152
 

Arquitectura: _2_3_3_3_3_1_
Semilla: 1788104731
Segundos: 186
NIteraciones: 100000

Costo_train: 0.235308
Precision_train: 0.589447
Recall_train: 0.573216
F1_train: 0.581218

Costo_test: 0.240973
Precision_test: 0.587912
Recall_test: 0.532338
F1_test: 0.558747
 

Arquitectura: _2_3_3_3_3_1_
Semilla: 1788104731
Segundos: 186
NIteraciones: 100000

Costo_train: 0.235181
Precision_train: 0.580929
Recall_train: 0.579474
F1_train: 0.580200

Costo_test: 0.240141
Precision_test: 0.592391
Recall_test: 0.542289
F1_test: 0.566234
 

Arquitectura: _2_3_3_3_3_1_
Semilla: 1788104731
Segundos: 186
NIteraciones: 100000

Costo_train: 0.249164
Precision_train: 0.575871
Recall_train: 0.579474
F1_train: 0.577667

Costo_test: 0.249249
Precision_test: 0.557214
Recall_test: 0.557214
F1_test: 0.557214
 

Arquitectura: _2_3_3_3_3_1_
Semilla: 1788104731
Segundos: 186
NIteraciones: 100000

Costo_train: 0.238732
Precision_train: 0.590244
Recall_train: 0.605757
F1_train: 0.597900

Costo_test: 0.242036
Precision_test: 0.585859
Recall_test: 0.577114
F1_test: 0.581454
 

Arquitectura: _2_3_3_3_3_1_
Semilla: 1788104731
Segundos: 186
NIteraciones: 100000

Costo_train: 0.234873
Precision_train: 0.583750
Recall_train: 0.584481
F1_train: 0.584115

Costo_test: 0.239892
Precision_test: 0.590426
Recall_test: 0.552239
F1_test: 0.570694
 

Arquitectura: _2_3_3_3_3_1_
Semilla: 1788104731
Segundos: 186
NIteraciones: 100000

Costo_train: 0.235188
Precision_train: 0.583021
Recall_train: 0.584481
F1_train: 0.583750

Costo_test: 0.239783
Precision_test: 0.590426
Recall_test: 0.552239
F1_test: 0.570694
 

Arquitectura: _2_3_3_3_3_1_
Semilla: 1788104731
Segundos: 186
NIteraciones: 100000

Costo_train: 0.235244
Precision_train: 0.606667
Recall_train: 0.569462
F1_train: 0.587476

Costo_test: 0.238270
Precision_test: 0.617143
Recall_test: 0.537313
F1_test: 0.574468
 

Arquitectura: _2_3_3_3_3_1_
Semilla: 1788104731
Segundos: 186
NIteraciones: 100000

Costo_train: 0.237549
Precision_train: 0.587578
Recall_train: 0.591990
F1_train: 0.589776

Costo_test: 0.240512
Precision_test: 0.585492
Recall_test: 0.562189
F1_test: 0.573604
 

Arquitectura: _2_3_3_3_3_1_
Semilla: 1788104731
Segundos: 186
NIteraciones: 100000

Costo_train: 0.235098
Precision_train: 0.587786
Recall_train: 0.578223
F1_train: 0.582965

Costo_test: 0.240779
Precision_test: 0.586021
Recall_test: 0.542289
F1_test: 0.563308
 

Arquitectura: _2_3_3_3_3_1_
Semilla: 1788104731
Segundos: 186
NIteraciones: 100000

Costo_train: 0.238061
Precision_train: 0.590347
Recall_train: 0.596996
F1_train: 0.593653

Costo_test: 0.240314
Precision_test: 0.595855
Recall_test: 0.572139
F1_test: 0.583756
 

Arquitectura: _2_3_3_3_3_1_
Semilla: 1788104731
Segundos: 186
NIteraciones: 100000

Costo_train: 0.239974
Precision_train: 0.587167
Recall_train: 0.607009
F1_train: 0.596923

Costo_test: 0.240383
Precision_test: 0.589109
Recall_test: 0.592040
F1_test: 0.590571
 

Arquitectura: _2_3_3_3_3_1_
Semilla: 1788104731
Segundos: 186
NIteraciones: 100000

Costo_train: 0.235432
Precision_train: 0.586381
Recall_train: 0.581977
F1_train: 0.584171

Costo_test: 0.240571
Precision_test: 0.588235
Recall_test: 0.547264
F1_test: 0.567010
 

Arquitectura: _2_3_3_3_3_1_
Semilla: 1788104731
Segundos: 186
NIteraciones: 100000

Costo_train: 0.235801
Precision_train: 0.587097
Recall_train: 0.569462
F1_train: 0.578145

Costo_test: 0.239164
Precision_test: 0.590426
Recall_test: 0.552239
F1_test: 0.570694
 

Arquitectura: _2_3_3_3_3_1_
Semilla: 1788104731
Segundos: 186
NIteraciones: 100000

Costo_train: 0.235035
Precision_train: 0.583648
Recall_train: 0.580726
F1_train: 0.582183

Costo_test: 0.240363
Precision_test: 0.590426
Recall_test: 0.552239
F1_test: 0.570694
 

Arquitectura: _2_3_3_3_3_1_
Semilla: 1788104731
Segundos: 186
NIteraciones: 100000

Costo_train: 0.245658
Precision_train: 0.574163
Recall_train: 0.600751
F1_train: 0.587156

Costo_test: 0.245349
Precision_test: 0.594059
Recall_test: 0.597015
F1_test: 0.595533
 

Arquitectura: _2_3_3_3_3_1_
Semilla: 1788104731
Segundos: 186
NIteraciones: 100000

Costo_train: 0.235334
Precision_train: 0.593009
Recall_train: 0.594493
F1_train: 0.593750

Costo_test: 0.238517
Precision_test: 0.601010
Recall_test: 0.592040
F1_test: 0.596491
 

Arquitectura: _2_3_3_3_3_1_
Semilla: 1788104731
Segundos: 186
NIteraciones: 100000

Costo_train: 0.235612
Precision_train: 0.589937
Recall_train: 0.586984
F1_train: 0.588457

Costo_test: 0.241183
Precision_test: 0.590426
Recall_test: 0.552239
F1_test: 0.570694
 

Arquitectura: _2_3_3_3_3_1_
Semilla: 1788104731
Segundos: 186
NIteraciones: 100000

Costo_train: 0.236457
Precision_train: 0.579926
Recall_train: 0.585732
F1_train: 0.582815

Costo_test: 0.239430
Precision_test: 0.599010
Recall_test: 0.601990
F1_test: 0.600496
 

Arquitectura: _2_3_3_3_3_1_
Semilla: 1788104731
Segundos: 186
NIteraciones: 100000

Costo_train: 0.249998
Precision_train: -nan(ind)
Recall_train: 0.000000
F1_train: -nan(ind)

Costo_test: 0.250003
Precision_test: -nan(ind)
Recall_test: 0.000000
F1_test: -nan(ind)
 

Arquitectura: _2_3_3_3_3_1_
Semilla: 1788104731
Segundos: 186
NIteraciones: 100000

Costo_train: 0.236050
Precision_train: 0.583756
Recall_train: 0.575720
F1_train: 0.579710

Costo_test: 0.239151
Precision_test: 0.587629
Recall_test: 0.567164
F1_test: 0.577215
 

Arquitectura: _2_3_3_3_3_1_
Semilla: 1788104731
Segundos: 186
NIteraciones: 100000

Costo_train: 0.240015
Precision_train: 0.587563
Recall_train: 0.579474
F1_train: 0.583491

Costo_test: 0.243252
Precision_test: 0.598958
Recall_test: 0.572139
F1_test: 0.585242
 

Arquitectura: _2_3_3_3_3_1_
Semilla: 1788104731
Segundos: 186
NIteraciones: 100000

Costo_train: 0.235388
Precision_train: 0.588015
Recall_train: 0.589487
F1_train: 0.588750

Costo_test: 0.240619
Precision_test: 0.587302
Recall_test: 0.552239
F1_test: 0.569231
 

Arquitectura: _2_3_3_3_3_1_
Semilla: 1788104731
Segundos: 186
NIteraciones: 100000

Costo_train: 0.240929
Precision_train: 0.587863
Recall_train: 0.581977
F1_train: 0.584906

Costo_test: 0.242750
Precision_test: 0.595855
Recall_test: 0.572139
F1_test: 0.583756
 

Arquitectura: _2_3_3_3_3_1_
Semilla: 1788104731
Segundos: 186
NIteraciones: 100000

Costo_train: 0.235091
Precision_train: 0.584906
Recall_train: 0.581977
F1_train: 0.583438

Costo_test: 0.240552
Precision_test: 0.588235
Recall_test: 0.547264
F1_test: 0.567010
 

Arquitectura: _2_3_3_3_3_1_
Semilla: 1788104731
Segundos: 186
NIteraciones: 100000

Costo_train: 0.249161
Precision_train: 0.592233
Recall_train: 0.534418
F1_train: 0.561842

Costo_test: 0.249360
Precision_test: 0.593023
Recall_test: 0.507463
F1_test: 0.546917
 

Arquitectura: _2_3_3_3_3_1_
Semilla: 1788104731
Segundos: 186
NIteraciones: 100000

Costo_train: 0.234476
Precision_train: 0.605398
Recall_train: 0.589487
F1_train: 0.597337

Costo_test: 0.238290
Precision_test: 0.616216
Recall_test: 0.567164
F1_test: 0.590674
 

Arquitectura: _2_3_3_3_3_1_
Semilla: 1788104731
Segundos: 186
NIteraciones: 100000

Costo_train: 0.235521
Precision_train: 0.590968
Recall_train: 0.573216
F1_train: 0.581957

Costo_test: 0.241467
Precision_test: 0.588889
Recall_test: 0.527363
F1_test: 0.556430
 

Arquitectura: _2_3_3_3_3_1_
Semilla: 1788104731
Segundos: 186
NIteraciones: 100000

Costo_train: 0.235371
Precision_train: 0.589581
Recall_train: 0.580726
F1_train: 0.585120

Costo_test: 0.239507
Precision_test: 0.596774
Recall_test: 0.552239
F1_test: 0.573643
 

Arquitectura: _2_3_3_3_3_1_
Semilla: 1788104731
Segundos: 186
NIteraciones: 100000

Costo_train: 0.235099
Precision_train: 0.586902
Recall_train: 0.583229
F1_train: 0.585060

Costo_test: 0.240396
Precision_test: 0.586021
Recall_test: 0.542289
F1_test: 0.563308
 

Arquitectura: _2_3_3_3_3_1_
Semilla: 1788104731
Segundos: 186
NIteraciones: 100000

Costo_train: 0.240784
Precision_train: 0.591479
Recall_train: 0.590738
F1_train: 0.591108

Costo_test: 0.243041
Precision_test: 0.590674
Recall_test: 0.567164
F1_test: 0.578680
 

Arquitectura: _2_3_3_3_3_1_
Semilla: 1788104731
Segundos: 186
NIteraciones: 100000

Costo_train: 0.235995
Precision_train: 0.590102
Recall_train: 0.581977
F1_train: 0.586011

Costo_test: 0.241097
Precision_test: 0.589189
Recall_test: 0.542289
F1_test: 0.564767
 

Arquitectura: _2_3_3_3_3_1_
Semilla: 1788104731
Segundos: 186
NIteraciones: 100000

Costo_train: 0.234833
Precision_train: 0.589744
Recall_train: 0.575720
F1_train: 0.582647

Costo_test: 0.240346
Precision_test: 0.590164
Recall_test: 0.537313
F1_test: 0.562500
 

Arquitectura: _2_3_3_3_3_1_
Semilla: 1788104731
Segundos: 186
NIteraciones: 100000

Costo_train: 0.235570
Precision_train: 0.592686
Recall_train: 0.588235
F1_train: 0.590452

Costo_test: 0.240872
Precision_test: 0.597884
Recall_test: 0.562189
F1_test: 0.579487
 

Arquitectura: _2_3_3_3_3_1_
Semilla: 1788104731
Segundos: 186
NIteraciones: 100000

Costo_train: 0.236735
Precision_train: 0.578049
Recall_train: 0.593242
F1_train: 0.585547

Costo_test: 0.239232
Precision_test: 0.599010
Recall_test: 0.601990
F1_test: 0.600496
 

Arquitectura: _2_3_3_3_3_1_
Semilla: 1788104731
Segundos: 186
NIteraciones: 100000

Costo_train: 0.236008
Precision_train: 0.582390
Recall_train: 0.579474
F1_train: 0.580929

Costo_test: 0.240977
Precision_test: 0.596774
Recall_test: 0.552239
F1_test: 0.573643
 

Arquitectura: _2_3_3_3_3_1_
Semilla: 1788104731
Segundos: 186
NIteraciones: 100000

Costo_train: 0.238694
Precision_train: 0.598658
Recall_train: 0.558198
F1_train: 0.577720

Costo_test: 0.241944
Precision_test: 0.591398
Recall_test: 0.547264
F1_test: 0.568475
 

Arquitectura: _2_3_3_3_3_1_
Semilla: 1788104731
Segundos: 186
NIteraciones: 100000

Costo_train: 0.235253
Precision_train: 0.591784
Recall_train: 0.576971
F1_train: 0.584284

Costo_test: 0.241325
Precision_test: 0.584699
Recall_test: 0.532338
F1_test: 0.557292
 

Arquitectura: _2_3_3_3_3_1_
Semilla: 1788104731
Segundos: 186
NIteraciones: 100000

Costo_train: 0.235325
Precision_train: 0.589581
Recall_train: 0.580726
F1_train: 0.585120

Costo_test: 0.240157
Precision_test: 0.589189
Recall_test: 0.542289
F1_test: 0.564767
 

Arquitectura: _2_3_3_3_3_1_
Semilla: 1788104731
Segundos: 186
NIteraciones: 100000

Costo_train: 0.237643
Precision_train: 0.598675
Recall_train: 0.565707
F1_train: 0.581725

Costo_test: 0.243510
Precision_test: 0.590164
Recall_test: 0.537313
F1_test: 0.562500
 

Arquitectura: _2_3_3_3_3_1_
Semilla: 1788104731
Segundos: 186
NIteraciones: 100000

Costo_train: 0.237983
Precision_train: 0.596073
Recall_train: 0.531915
F1_train: 0.562169

Costo_test: 0.240956
Precision_test: 0.598802
Recall_test: 0.497512
F1_test: 0.543478
 

Arquitectura: _2_3_3_3_3_1_
Semilla: 1788104731
Segundos: 186
NIteraciones: 100000

Costo_train: 0.235724
Precision_train: 0.583535
Recall_train: 0.603254
F1_train: 0.593231

Costo_test: 0.239860
Precision_test: 0.589744
Recall_test: 0.572139
F1_test: 0.580808
 

Arquitectura: _2_3_3_3_3_1_
Semilla: 1788104731
Segundos: 186
NIteraciones: 100000

Costo_train: 0.234734
Precision_train: 0.586683
Recall_train: 0.584481
F1_train: 0.585580

Costo_test: 0.240011
Precision_test: 0.590426
Recall_test: 0.552239
F1_test: 0.570694
 

Arquitectura: _2_3_3_3_3_1_
Semilla: 1788104731
Segundos: 186
NIteraciones: 100000

Costo_train: 0.235153
Precision_train: 0.587786
Recall_train: 0.578223
F1_train: 0.582965

Costo_test: 0.240688
Precision_test: 0.591398
Recall_test: 0.547264
F1_test: 0.568475
 

Arquitectura: _2_3_3_3_3_1_
Semilla: 1788104731
Segundos: 186
NIteraciones: 100000

Costo_train: 0.244883
Precision_train: 0.579012
Recall_train: 0.586984
F1_train: 0.582971

Costo_test: 0.245035
Precision_test: 0.595000
Recall_test: 0.592040
F1_test: 0.593516
 

Arquitectura: _2_3_3_3_3_1_
Semilla: 1788104731
Segundos: 186
NIteraciones: 100000

Costo_train: 0.236826
Precision_train: 0.592593
Recall_train: 0.600751
F1_train: 0.596644

Costo_test: 0.240876
Precision_test: 0.594872
Recall_test: 0.577114
F1_test: 0.585859
 

Arquitectura: _2_3_3_3_3_1_
Semilla: 1788104731
Segundos: 186
NIteraciones: 100000

Costo_train: 0.237870
Precision_train: 0.595268
Recall_train: 0.598248
F1_train: 0.596754

Costo_test: 0.241133
Precision_test: 0.596859
Recall_test: 0.567164
F1_test: 0.581633
 

Arquitectura: _2_3_3_3_3_1_
Semilla: 1788104731
Segundos: 186
NIteraciones: 100000

Costo_train: 0.235460
Precision_train: 0.592448
Recall_train: 0.569462
F1_train: 0.580727

Costo_test: 0.241932
Precision_test: 0.595506
Recall_test: 0.527363
F1_test: 0.559367
 

Arquitectura: _2_3_3_3_3_1_
Semilla: 1788104731
Segundos: 186
NIteraciones: 100000

Costo_train: 0.234594
Precision_train: 0.605469
Recall_train: 0.581977
F1_train: 0.593491

Costo_test: 0.238374
Precision_test: 0.614130
Recall_test: 0.562189
F1_test: 0.587013
 

Arquitectura: _2_3_3_3_3_1_
Semilla: 1788104731
Segundos: 186
NIteraciones: 100000

Costo_train: 0.236469
Precision_train: 0.585697
Recall_train: 0.594493
F1_train: 0.590062

Costo_test: 0.240752
Precision_test: 0.585492
Recall_test: 0.562189
F1_test: 0.573604
 

Arquitectura: _2_3_3_3_3_1_
Semilla: 1788104731
Segundos: 186
NIteraciones: 100000

Costo_train: 0.235332
Precision_train: 0.587642
Recall_train: 0.583229
F1_train: 0.585427

Costo_test: 0.240252
Precision_test: 0.586021
Recall_test: 0.542289
F1_test: 0.563308
 

Arquitectura: _2_3_3_3_3_1_
Semilla: 1788104731
Segundos: 186
NIteraciones: 100000

Costo_train: 0.239762
Precision_train: 0.596378
Recall_train: 0.576971
F1_train: 0.586514

Costo_test: 0.241991
Precision_test: 0.586387
Recall_test: 0.557214
F1_test: 0.571429
 

Arquitectura: _2_3_3_3_3_1_
Semilla: 1788104731
Segundos: 186
NIteraciones: 100000

Costo_train: 0.248438
Precision_train: 0.591969
Recall_train: 0.571965
F1_train: 0.581795

Costo_test: 0.248524
Precision_test: 0.601064
Recall_test: 0.562189
F1_test: 0.580977
 

Arquitectura: _2_3_3_3_3_1_
Semilla: 1788104731
Segundos: 186
NIteraciones: 100000

Costo_train: 0.236414
Precision_train: 0.590206
Recall_train: 0.573216
F1_train: 0.581587

Costo_test: 0.242790
Precision_test: 0.591398
Recall_test: 0.547264
F1_test: 0.568475
 

Arquitectura: _2_3_3_3_3_1_
Semilla: 1788104731
Segundos: 186
NIteraciones: 100000

Costo_train: 0.235168
Precision_train: 0.587039
Recall_train: 0.578223
F1_train: 0.582598

Costo_test: 0.240297
Precision_test: 0.589189
Recall_test: 0.542289
F1_test: 0.564767
 

Arquitectura: _2_3_3_3_3_1_
Semilla: 1788104731
Segundos: 186
NIteraciones: 100000

Costo_train: 0.235629
Precision_train: 0.587863
Recall_train: 0.581977
F1_train: 0.584906

Costo_test: 0.241198
Precision_test: 0.591398
Recall_test: 0.547264
F1_test: 0.568475
 

Arquitectura: _2_3_3_3_3_1_
Semilla: 1788104731
Segundos: 186
NIteraciones: 100000

Costo_train: 0.236015
Precision_train: 0.586381
Recall_train: 0.581977
F1_train: 0.584171

Costo_test: 0.240908
Precision_test: 0.589189
Recall_test: 0.542289
F1_test: 0.564767
 

Arquitectura: _2_3_3_3_3_1_
Semilla: 1788104731
Segundos: 186
NIteraciones: 100000

Costo_train: 0.234599
Precision_train: 0.587342
Recall_train: 0.580726
F1_train: 0.584015

Costo_test: 0.239961
Precision_test: 0.589189
Recall_test: 0.542289
F1_test: 0.564767
 

Arquitectura: _2_3_3_3_3_1_
Semilla: 1788104731
Segundos: 186
NIteraciones: 100000

Costo_train: 0.249345
Precision_train: 0.557621
Recall_train: 0.563204
F1_train: 0.560399

Costo_test: 0.249350
Precision_test: 0.556701
Recall_test: 0.537313
F1_test: 0.546835
 

Arquitectura: _2_3_3_3_3_1_
Semilla: 1788104731
Segundos: 186
NIteraciones: 100000

Costo_train: 0.236291
Precision_train: 0.591888
Recall_train: 0.584481
F1_train: 0.588161

Costo_test: 0.242354
Precision_test: 0.593583
Recall_test: 0.552239
F1_test: 0.572165
 

Arquitectura: _2_3_3_3_3_1_
Semilla: 1788104731
Segundos: 186
NIteraciones: 100000

Costo_train: 0.234910
Precision_train: 0.592689
Recall_train: 0.568210
F1_train: 0.580192

Costo_test: 0.241092
Precision_test: 0.604520
Recall_test: 0.532338
F1_test: 0.566138
 

Arquitectura: _2_3_3_3_3_1_
Semilla: 1788104731
Segundos: 186
NIteraciones: 100000

Costo_train: 0.241469
Precision_train: 0.590226
Recall_train: 0.589487
F1_train: 0.589856

Costo_test: 0.241366
Precision_test: 0.602041
Recall_test: 0.587065
F1_test: 0.594458
 

Arquitectura: _2_3_3_3_3_1_
Semilla: 1788104731
Segundos: 186
NIteraciones: 100000

Costo_train: 0.238882
Precision_train: 0.598667
Recall_train: 0.561952
F1_train: 0.579729

Costo_test: 0.241907
Precision_test: 0.596685
Recall_test: 0.537313
F1_test: 0.565445
 

Arquitectura: _2_3_3_3_3_1_
Semilla: 1788104731
Segundos: 186
NIteraciones: 100000

Costo_train: 0.237316
Precision_train: 0.588384
Recall_train: 0.583229
F1_train: 0.585795

Costo_test: 0.241366
Precision_test: 0.582888
Recall_test: 0.542289
F1_test: 0.561856
 

Arquitectura: _2_3_3_3_3_1_
Semilla: 1788104731
Segundos: 186
NIteraciones: 100000

Costo_train: 0.249462
Precision_train: 0.575380
Recall_train: 0.520651
F1_train: 0.546649

Costo_test: 0.249484
Precision_test: 0.590643
Recall_test: 0.502488
F1_test: 0.543011
 

Arquitectura: _2_3_3_3_3_1_
Semilla: 1788104731
Segundos: 186
NIteraciones: 100000

Costo_train: 0.235384
Precision_train: 0.591837
Recall_train: 0.580726
F1_train: 0.586229

Costo_test: 0.240924
Precision_test: 0.583784
Recall_test: 0.537313
F1_test: 0.559586
 

Arquitectura: _2_3_3_3_3_1_
Semilla: 1788104731
Segundos: 186
NIteraciones: 100000

Costo_train: 0.235382
Precision_train: 0.590909
Recall_train: 0.569462
F1_train: 0.579987

Costo_test: 0.241542
Precision_test: 0.590164
Recall_test: 0.537313
F1_test: 0.562500
 

Arquitectura: _2_3_3_3_3_1_
Semilla: 1788104731
Segundos: 186
NIteraciones: 100000

Costo_train: 0.236017
Precision_train: 0.591026
Recall_train: 0.576971
F1_train: 0.583914

Costo_test: 0.241587
Precision_test: 0.593583
Recall_test: 0.552239
F1_test: 0.572165
 

Arquitectura: _2_3_3_3_3_1_
Semilla: 1788104731
Segundos: 186
NIteraciones: 100000

Costo_train: 0.235423
Precision_train: 0.610212
Recall_train: 0.613267
F1_train: 0.611735

Costo_test: 0.238112
Precision_test: 0.611399
Recall_test: 0.587065
F1_test: 0.598985
 

Arquitectura: _2_3_3_3_3_1_
Semilla: 1788104731
Segundos: 186
NIteraciones: 100000

Costo_train: 0.237699
Precision_train: 0.592798
Recall_train: 0.535670
F1_train: 0.562788

Costo_test: 0.240003
Precision_test: 0.605882
Recall_test: 0.512438
F1_test: 0.555256
 

Arquitectura: _2_3_3_3_3_1_
Semilla: 1788104731
Segundos: 186
NIteraciones: 100000

Costo_train: 0.236029
Precision_train: 0.603974
Recall_train: 0.570713
F1_train: 0.586873

Costo_test: 0.241446
Precision_test: 0.621469
Recall_test: 0.547264
F1_test: 0.582011
 

Arquitectura: _2_3_3_3_3_1_
Semilla: 1788104731
Segundos: 186
NIteraciones: 100000

Costo_train: 0.235534
Precision_train: 0.590269
Recall_train: 0.576971
F1_train: 0.583544

Costo_test: 0.240934
Precision_test: 0.591398
Recall_test: 0.547264
F1_test: 0.568475
 

Arquitectura: _2_3_3_3_3_1_
Semilla: 1788104731
Segundos: 186
NIteraciones: 100000

Costo_train: 0.234854
Precision_train: 0.585120
Recall_train: 0.580726
F1_train: 0.582915

Costo_test: 0.240081
Precision_test: 0.591398
Recall_test: 0.547264
F1_test: 0.568475
 

Arquitectura: _2_3_3_3_3_1_
Semilla: 1788104731
Segundos: 186
NIteraciones: 100000

Costo_train: 0.235014
Precision_train: 0.588988
Recall_train: 0.575720
F1_train: 0.582278

Costo_test: 0.240664
Precision_test: 0.584699
Recall_test: 0.532338
F1_test: 0.557292
 

Arquitectura: _2_3_3_3_3_1_
Semilla: 1788104731
Segundos: 186
NIteraciones: 100000

Costo_train: 0.240726
Precision_train: 0.587912
Recall_train: 0.535670
F1_train: 0.560576

Costo_test: 0.243123
Precision_test: 0.591954
Recall_test: 0.512438
F1_test: 0.549333
 

Arquitectura: _2_3_3_3_3_1_
Semilla: 1788104731
Segundos: 186
NIteraciones: 100000

Costo_train: 0.235616
Precision_train: 0.588832
Recall_train: 0.580726
F1_train: 0.584751

Costo_test: 0.240712
Precision_test: 0.583784
Recall_test: 0.537313
F1_test: 0.559586
 

Arquitectura: _2_3_3_3_3_1_
Semilla: 1788104731
Segundos: 186
NIteraciones: 100000

Costo_train: 0.234992
Precision_train: 0.590102
Recall_train: 0.581977
F1_train: 0.586011

Costo_test: 0.240914
Precision_test: 0.594595
Recall_test: 0.547264
F1_test: 0.569948
 

Arquitectura: _2_3_3_3_3_1_
Semilla: 1788104731
Segundos: 186
NIteraciones: 100000

Costo_train: 0.240270
Precision_train: 0.588015
Recall_train: 0.589487
F1_train: 0.588750

Costo_test: 0.240771
Precision_test: 0.600000
Recall_test: 0.582090
F1_test: 0.590909
 

Arquitectura: _2_3_3_3_3_1_
Semilla: 1788104731
Segundos: 186
NIteraciones: 100000

Costo_train: 0.238127
Precision_train: 0.585608
Recall_train: 0.590738
F1_train: 0.588162

Costo_test: 0.241159
Precision_test: 0.584615
Recall_test: 0.567164
F1_test: 0.575758
 

Arquitectura: _2_3_3_3_3_1_
Semilla: 1788104731
Segundos: 186
NIteraciones: 100000

Costo_train: 0.235220
Precision_train: 0.588761
Recall_train: 0.576971
F1_train: 0.582807

Costo_test: 0.240759
Precision_test: 0.586957
Recall_test: 0.537313
F1_test: 0.561039
 

Arquitectura: _2_3_3_3_3_1_
Semilla: 1788104731
Segundos: 186
NIteraciones: 100000

Costo_train: 0.246857
Precision_train: 0.552404
Recall_train: 0.560701
F1_train: 0.556522

Costo_test: 0.247129
Precision_test: 0.560847
Recall_test: 0.527363
F1_test: 0.543590
 

Arquitectura: _2_3_3_3_3_1_
Semilla: 1788104731
Segundos: 186
NIteraciones: 100000

Costo_train: 0.235337
Precision_train: 0.589147
Recall_train: 0.570713
F1_train: 0.579784

Costo_test: 0.240897
Precision_test: 0.595628
Recall_test: 0.542289
F1_test: 0.567708
 

Arquitectura: _2_3_3_3_3_1_
Semilla: 1788104731
Segundos: 186
NIteraciones: 100000

Costo_train: 0.233595
Precision_train: 0.588972
Recall_train: 0.588235
F1_train: 0.588604

Costo_test: 0.237660
Precision_test: 0.591623
Recall_test: 0.562189
F1_test: 0.576531
 

Arquitectura: _2_3_3_3_3_1_
Semilla: 1788104731
Segundos: 186
NIteraciones: 100000

Costo_train: 0.237757
Precision_train: 0.596838
Recall_train: 0.566959
F1_train: 0.581515

Costo_test: 0.242490
Precision_test: 0.586957
Recall_test: 0.537313
F1_test: 0.561039
 

Arquitectura: _2_3_3_3_3_1_
Semilla: 1788104731
Segundos: 186
NIteraciones: 100000

Costo_train: 0.249991
Precision_train: -nan(ind)
Recall_train: 0.000000
F1_train: -nan(ind)

Costo_test: 0.249980
Precision_test: -nan(ind)
Recall_test: 0.000000
F1_test: -nan(ind)
 

Arquitectura: _2_3_3_3_3_1_
Semilla: 1788104731
Segundos: 186
NIteraciones: 100000

Costo_train: 0.234921
Precision_train: 0.592737
Recall_train: 0.571965
F1_train: 0.582166

Costo_test: 0.240715
Precision_test: 0.590164
Recall_test: 0.537313
F1_test: 0.562500
 

Arquitectura: _2_3_3_3_3_1_
Semilla: 1788104731
Segundos: 186
NIteraciones: 100000

Costo_train: 0.235337
Precision_train: 0.588608
Recall_train: 0.581977
F1_train: 0.585274

Costo_test: 0.240624
Precision_test: 0.588235
Recall_test: 0.547264
F1_test: 0.567010
 

Arquitectura: _2_3_3_3_3_1_
Semilla: 1788104731
Segundos: 186
NIteraciones: 100000

Costo_train: 0.237771
Precision_train: 0.591530
Recall_train: 0.541927
F1_train: 0.565643

Costo_test: 0.239770
Precision_test: 0.600000
Recall_test: 0.522388
F1_test: 0.558511
 

Arquitectura: _2_3_3_3_3_1_
Semilla: 1788104731
Segundos: 186
NIteraciones: 100000

Costo_train: 0.232549
Precision_train: 0.581773
Recall_train: 0.583229
F1_train: 0.582500

Costo_test: 0.238712
Precision_test: 0.592391
Recall_test: 0.542289
F1_test: 0.566234
 

Arquitectura: _2_3_3_3_3_1_
Semilla: 1788104731
Segundos: 186
NIteraciones: 100000

Costo_train: 0.235441
Precision_train: 0.572335
Recall_train: 0.564456
F1_train: 0.568368

Costo_test: 0.238522
Precision_test: 0.589744
Recall_test: 0.572139
F1_test: 0.580808
 

Arquitectura: _2_3_3_3_3_1_
Semilla: 1788104731
Segundos: 186
NIteraciones: 100000

Costo_train: 0.239166
Precision_train: 0.592021
Recall_train: 0.575720
F1_train: 0.583756

Costo_test: 0.243997
Precision_test: 0.588542
Recall_test: 0.562189
F1_test: 0.575064
 

Arquitectura: _2_3_3_3_3_1_
Semilla: 1788104731
Segundos: 186
NIteraciones: 100000

Costo_train: 0.248548
Precision_train: 0.586767
Recall_train: 0.588235
F1_train: 0.587500

Costo_test: 0.248572
Precision_test: 0.600000
Recall_test: 0.582090
F1_test: 0.590909
 

Arquitectura: _2_3_3_3_3_1_
Semilla: 1788104731
Segundos: 186
NIteraciones: 100000

Costo_train: 0.235109
Precision_train: 0.587261
Recall_train: 0.576971
F1_train: 0.582071

Costo_test: 0.240116
Precision_test: 0.589189
Recall_test: 0.542289
F1_test: 0.564767
 

Arquitectura: _2_3_3_3_3_1_
Semilla: 1788104731
Segundos: 186
NIteraciones: 100000

Costo_train: 0.235968
Precision_train: 0.594423
Recall_train: 0.586984
F1_train: 0.590680

Costo_test: 0.238029
Precision_test: 0.594737
Recall_test: 0.562189
F1_test: 0.578005
 

Arquitectura: _2_3_3_3_3_1_
Semilla: 1788104731
Segundos: 186
NIteraciones: 100000

Costo_train: 0.235111
Precision_train: 0.588010
Recall_train: 0.576971
F1_train: 0.582438

Costo_test: 0.240260
Precision_test: 0.586957
Recall_test: 0.537313
F1_test: 0.561039
 


--- Test Angosta 5.0 ---
Iteración 10000
Costo: 0.227828
Iteración 20000
Costo: 0.226083
Iteración 30000
Costo: 0.224649
Iteración 40000
Costo: 0.223582
Iteración 50000
Costo: 0.222907
Iteración 60000
Costo: 0.223432
Iteración 70000
Costo: 0.223362
Iteración 80000
Costo: 0.223012
Iteración 90000
Costo: 0.222790

Arquitectura: _2_15_1_
Semilla: 1788104917
Segundos: 56
NIteraciones: 100000

Costo_train: 0.222294
Precision_train: 0.595642
Recall_train: 0.615770
F1_train: 0.605538

Costo_test: 0.236416
Precision_test: 0.564767
Recall_test: 0.542289
F1_test: 0.553299
 

Arquitectura: _2_15_1_
Semilla: 1788104917
Segundos: 56
NIteraciones: 100000

Costo_train: 0.220112
Precision_train: 0.584767
Recall_train: 0.595745
F1_train: 0.590205

Costo_test: 0.234044
Precision_test: 0.594444
Recall_test: 0.532338
F1_test: 0.561680
 

Arquitectura: _2_15_1_
Semilla: 1788104917
Segundos: 56
NIteraciones: 100000

Costo_train: 0.222726
Precision_train: 0.606618
Recall_train: 0.619524
F1_train: 0.613003

Costo_test: 0.236654
Precision_test: 0.563452
Recall_test: 0.552239
F1_test: 0.557789
 

Arquitectura: _2_15_1_
Semilla: 1788104917
Segundos: 56
NIteraciones: 100000

Costo_train: 0.222272
Precision_train: 0.608260
Recall_train: 0.608260
F1_train: 0.608260

Costo_test: 0.236977
Precision_test: 0.536232
Recall_test: 0.552239
F1_test: 0.544118
 

Arquitectura: _2_15_1_
Semilla: 1788104917
Segundos: 56
NIteraciones: 100000

Costo_train: 0.221675
Precision_train: 0.610294
Recall_train: 0.623279
F1_train: 0.616718

Costo_test: 0.236369
Precision_test: 0.565657
Recall_test: 0.557214
F1_test: 0.561403
 

Arquitectura: _2_15_1_
Semilla: 1788104917
Segundos: 56
NIteraciones: 100000

Costo_train: 0.221425
Precision_train: 0.603491
Recall_train: 0.605757
F1_train: 0.604622

Costo_test: 0.236533
Precision_test: 0.538071
Recall_test: 0.527363
F1_test: 0.532663
 

Arquitectura: _2_15_1_
Semilla: 1788104917
Segundos: 56
NIteraciones: 100000

Costo_train: 0.221619
Precision_train: 0.587591
Recall_train: 0.604506
F1_train: 0.595928

Costo_test: 0.236767
Precision_test: 0.575269
Recall_test: 0.532338
F1_test: 0.552972
 

Arquitectura: _2_15_1_
Semilla: 1788104917
Segundos: 56
NIteraciones: 100000

Costo_train: 0.220215
Precision_train: 0.630996
Recall_train: 0.642053
F1_train: 0.636476

Costo_test: 0.237781
Precision_test: 0.537688
Recall_test: 0.532338
F1_test: 0.535000
 

Arquitectura: _2_15_1_
Semilla: 1788104917
Segundos: 56
NIteraciones: 100000

Costo_train: 0.221848
Precision_train: 0.591961
Recall_train: 0.608260
F1_train: 0.600000

Costo_test: 0.237071
Precision_test: 0.586021
Recall_test: 0.542289
F1_test: 0.563308
 

Arquitectura: _2_15_1_
Semilla: 1788104917
Segundos: 56
NIteraciones: 100000

Costo_train: 0.222709
Precision_train: 0.609394
Recall_train: 0.617021
F1_train: 0.613184

Costo_test: 0.234982
Precision_test: 0.580000
Recall_test: 0.577114
F1_test: 0.578554
 

Arquitectura: _2_15_1_
Semilla: 1788104917
Segundos: 56
NIteraciones: 100000

Costo_train: 0.221480
Precision_train: 0.577295
Recall_train: 0.598248
F1_train: 0.587584

Costo_test: 0.237060
Precision_test: 0.587912
Recall_test: 0.532338
F1_test: 0.558747
 

Arquitectura: _2_15_1_
Semilla: 1788104917
Segundos: 56
NIteraciones: 100000

Costo_train: 0.221880
Precision_train: 0.615776
Recall_train: 0.605757
F1_train: 0.610725

Costo_test: 0.236967
Precision_test: 0.545894
Recall_test: 0.562189
F1_test: 0.553922
 

Arquitectura: _2_15_1_
Semilla: 1788104917
Segundos: 56
NIteraciones: 100000

Costo_train: 0.221801
Precision_train: 0.616646
Recall_train: 0.612015
F1_train: 0.614322

Costo_test: 0.234426
Precision_test: 0.622951
Recall_test: 0.567164
F1_test: 0.593750
 

Arquitectura: _2_15_1_
Semilla: 1788104917
Segundos: 56
NIteraciones: 100000

Costo_train: 0.223082
Precision_train: 0.587805
Recall_train: 0.603254
F1_train: 0.595429

Costo_test: 0.233614
Precision_test: 0.569149
Recall_test: 0.532338
F1_test: 0.550129
 

Arquitectura: _2_15_1_
Semilla: 1788104917
Segundos: 56
NIteraciones: 100000

Costo_train: 0.222317
Precision_train: 0.578698
Recall_train: 0.612015
F1_train: 0.594891

Costo_test: 0.237036
Precision_test: 0.584699
Recall_test: 0.532338
F1_test: 0.557292
 

Arquitectura: _2_15_1_
Semilla: 1788104917
Segundos: 56
NIteraciones: 100000

Costo_train: 0.221953
Precision_train: 0.616456
Recall_train: 0.609512
F1_train: 0.612964

Costo_test: 0.235977
Precision_test: 0.565854
Recall_test: 0.577114
F1_test: 0.571429
 

Arquitectura: _2_15_1_
Semilla: 1788104917
Segundos: 56
NIteraciones: 100000

Costo_train: 0.221838
Precision_train: 0.611675
Recall_train: 0.603254
F1_train: 0.607435

Costo_test: 0.237507
Precision_test: 0.547619
Recall_test: 0.572139
F1_test: 0.559611
 

Arquitectura: _2_15_1_
Semilla: 1788104917
Segundos: 56
NIteraciones: 100000

Costo_train: 0.221909
Precision_train: 0.586957
Recall_train: 0.608260
F1_train: 0.597418

Costo_test: 0.237080
Precision_test: 0.574468
Recall_test: 0.537313
F1_test: 0.555270
 

Arquitectura: _2_15_1_
Semilla: 1788104917
Segundos: 56
NIteraciones: 100000

Costo_train: 0.223023
Precision_train: 0.618504
Recall_train: 0.610763
F1_train: 0.614610

Costo_test: 0.238013
Precision_test: 0.543269
Recall_test: 0.562189
F1_test: 0.552567
 

Arquitectura: _2_15_1_
Semilla: 1788104917
Segundos: 56
NIteraciones: 100000

Costo_train: 0.220431
Precision_train: 0.606280
Recall_train: 0.628285
F1_train: 0.617087

Costo_test: 0.237482
Precision_test: 0.601093
Recall_test: 0.547264
F1_test: 0.572917
 

Arquitectura: _2_15_1_
Semilla: 1788104917
Segundos: 56
NIteraciones: 100000

Costo_train: 0.223387
Precision_train: 0.611250
Recall_train: 0.612015
F1_train: 0.611632

Costo_test: 0.232831
Precision_test: 0.594595
Recall_test: 0.547264
F1_test: 0.569948
 

Arquitectura: _2_15_1_
Semilla: 1788104917
Segundos: 56
NIteraciones: 100000

Costo_train: 0.223039
Precision_train: 0.604534
Recall_train: 0.600751
F1_train: 0.602637

Costo_test: 0.236453
Precision_test: 0.574468
Recall_test: 0.537313
F1_test: 0.555270
 

Arquitectura: _2_15_1_
Semilla: 1788104917
Segundos: 56
NIteraciones: 100000

Costo_train: 0.221604
Precision_train: 0.604908
Recall_train: 0.617021
F1_train: 0.610905

Costo_test: 0.236206
Precision_test: 0.580645
Recall_test: 0.537313
F1_test: 0.558140
 

Arquitectura: _2_15_1_
Semilla: 1788104917
Segundos: 56
NIteraciones: 100000

Costo_train: 0.222163
Precision_train: 0.621359
Recall_train: 0.640801
F1_train: 0.630930

Costo_test: 0.238935
Precision_test: 0.533654
Recall_test: 0.552239
F1_test: 0.542787
 

Arquitectura: _2_15_1_
Semilla: 1788104917
Segundos: 56
NIteraciones: 100000

Costo_train: 0.221962
Precision_train: 0.616162
Recall_train: 0.610763
F1_train: 0.613451

Costo_test: 0.236421
Precision_test: 0.553398
Recall_test: 0.567164
F1_test: 0.560197
 

Arquitectura: _2_15_1_
Semilla: 1788104917
Segundos: 56
NIteraciones: 100000

Costo_train: 0.223052
Precision_train: 0.602484
Recall_train: 0.607009
F1_train: 0.604738

Costo_test: 0.235770
Precision_test: 0.577114
Recall_test: 0.577114
F1_test: 0.577114
 

Arquitectura: _2_15_1_
Semilla: 1788104917
Segundos: 56
NIteraciones: 100000

Costo_train: 0.221853
Precision_train: 0.617647
Recall_train: 0.604506
F1_train: 0.611006

Costo_test: 0.237385
Precision_test: 0.545455
Recall_test: 0.567164
F1_test: 0.556098
 

Arquitectura: _2_15_1_
Semilla: 1788104917
Segundos: 56
NIteraciones: 100000

Costo_train: 0.222985
Precision_train: 0.628892
Recall_train: 0.632040
F1_train: 0.630462

Costo_test: 0.234487
Precision_test: 0.587065
Recall_test: 0.587065
F1_test: 0.587065
 

Arquitectura: _2_15_1_
Semilla: 1788104917
Segundos: 56
NIteraciones: 100000

Costo_train: 0.219104
Precision_train: 0.623441
Recall_train: 0.625782
F1_train: 0.624610

Costo_test: 0.235727
Precision_test: 0.569231
Recall_test: 0.552239
F1_test: 0.560606
 

Arquitectura: _2_15_1_
Semilla: 1788104917
Segundos: 56
NIteraciones: 100000

Costo_train: 0.221328
Precision_train: 0.613750
Recall_train: 0.614518
F1_train: 0.614134

Costo_test: 0.236279
Precision_test: 0.558974
Recall_test: 0.542289
F1_test: 0.550505
 

Arquitectura: _2_15_1_
Semilla: 1788104917
Segundos: 56
NIteraciones: 100000

Costo_train: 0.221876
Precision_train: 0.603960
Recall_train: 0.610763
F1_train: 0.607343

Costo_test: 0.237003
Precision_test: 0.538095
Recall_test: 0.562189
F1_test: 0.549878
 

Arquitectura: _2_15_1_
Semilla: 1788104917
Segundos: 56
NIteraciones: 100000

Costo_train: 0.220770
Precision_train: 0.629771
Recall_train: 0.619524
F1_train: 0.624606

Costo_test: 0.237792
Precision_test: 0.580311
Recall_test: 0.557214
F1_test: 0.568528
 

Arquitectura: _2_15_1_
Semilla: 1788104917
Segundos: 56
NIteraciones: 100000

Costo_train: 0.220493
Precision_train: 0.626076
Recall_train: 0.637046
F1_train: 0.631514

Costo_test: 0.236525
Precision_test: 0.554455
Recall_test: 0.557214
F1_test: 0.555831
 

Arquitectura: _2_15_1_
Semilla: 1788104917
Segundos: 56
NIteraciones: 100000

Costo_train: 0.221527
Precision_train: 0.590465
Recall_train: 0.604506
F1_train: 0.597403

Costo_test: 0.236267
Precision_test: 0.582888
Recall_test: 0.542289
F1_test: 0.561856
 

Arquitectura: _2_15_1_
Semilla: 1788104917
Segundos: 56
NIteraciones: 100000

Costo_train: 0.222143
Precision_train: 0.620519
Recall_train: 0.628285
F1_train: 0.624378

Costo_test: 0.236290
Precision_test: 0.577889
Recall_test: 0.572139
F1_test: 0.575000
 

Arquitectura: _2_15_1_
Semilla: 1788104917
Segundos: 56
NIteraciones: 100000

Costo_train: 0.222249
Precision_train: 0.606599
Recall_train: 0.598248
F1_train: 0.602394

Costo_test: 0.236773
Precision_test: 0.598930
Recall_test: 0.557214
F1_test: 0.577320
 

Arquitectura: _2_15_1_
Semilla: 1788104917
Segundos: 56
NIteraciones: 100000

Costo_train: 0.219426
Precision_train: 0.592593
Recall_train: 0.580726
F1_train: 0.586599

Costo_test: 0.233007
Precision_test: 0.593407
Recall_test: 0.537313
F1_test: 0.563969
 

Arquitectura: _2_15_1_
Semilla: 1788104917
Segundos: 56
NIteraciones: 100000

Costo_train: 0.221797
Precision_train: 0.584746
Recall_train: 0.604506
F1_train: 0.594462

Costo_test: 0.236473
Precision_test: 0.586957
Recall_test: 0.537313
F1_test: 0.561039
 

Arquitectura: _2_15_1_
Semilla: 1788104917
Segundos: 56
NIteraciones: 100000

Costo_train: 0.222352
Precision_train: 0.606289
Recall_train: 0.603254
F1_train: 0.604768

Costo_test: 0.236521
Precision_test: 0.553398
Recall_test: 0.567164
F1_test: 0.560197
 

Arquitectura: _2_15_1_
Semilla: 1788104917
Segundos: 56
NIteraciones: 100000

Costo_train: 0.222718
Precision_train: 0.606436
Recall_train: 0.613267
F1_train: 0.609832

Costo_test: 0.237505
Precision_test: 0.555556
Recall_test: 0.572139
F1_test: 0.563726
 

Arquitectura: _2_15_1_
Semilla: 1788104917
Segundos: 56
NIteraciones: 100000

Costo_train: 0.222617
Precision_train: 0.619898
Recall_train: 0.608260
F1_train: 0.614024

Costo_test: 0.238126
Precision_test: 0.539906
Recall_test: 0.572139
F1_test: 0.555556
 

Arquitectura: _2_15_1_
Semilla: 1788104917
Segundos: 56
NIteraciones: 100000

Costo_train: 0.222243
Precision_train: 0.621420
Recall_train: 0.624531
F1_train: 0.622971

Costo_test: 0.238346
Precision_test: 0.562814
Recall_test: 0.557214
F1_test: 0.560000
 

Arquitectura: _2_15_1_
Semilla: 1788104917
Segundos: 56
NIteraciones: 100000

Costo_train: 0.222431
Precision_train: 0.614428
Recall_train: 0.618273
F1_train: 0.616344

Costo_test: 0.236817
Precision_test: 0.578680
Recall_test: 0.567164
F1_test: 0.572864
 

Arquitectura: _2_15_1_
Semilla: 1788104917
Segundos: 56
NIteraciones: 100000

Costo_train: 0.220075
Precision_train: 0.639061
Recall_train: 0.647059
F1_train: 0.643035

Costo_test: 0.235196
Precision_test: 0.557789
Recall_test: 0.552239
F1_test: 0.555000
 

Arquitectura: _2_15_1_
Semilla: 1788104917
Segundos: 56
NIteraciones: 100000

Costo_train: 0.221930
Precision_train: 0.584256
Recall_train: 0.594493
F1_train: 0.589330

Costo_test: 0.235986
Precision_test: 0.565445
Recall_test: 0.537313
F1_test: 0.551020
 

Arquitectura: _2_15_1_
Semilla: 1788104917
Segundos: 56
NIteraciones: 100000

Costo_train: 0.222259
Precision_train: 0.593341
Recall_train: 0.624531
F1_train: 0.608537

Costo_test: 0.236482
Precision_test: 0.593407
Recall_test: 0.537313
F1_test: 0.563969
 

Arquitectura: _2_15_1_
Semilla: 1788104917
Segundos: 56
NIteraciones: 100000

Costo_train: 0.220663
Precision_train: 0.598788
Recall_train: 0.618273
F1_train: 0.608374

Costo_test: 0.237431
Precision_test: 0.600000
Recall_test: 0.552239
F1_test: 0.575130
 

Arquitectura: _2_15_1_
Semilla: 1788104917
Segundos: 56
NIteraciones: 100000

Costo_train: 0.222264
Precision_train: 0.594132
Recall_train: 0.608260
F1_train: 0.601113

Costo_test: 0.236190
Precision_test: 0.582418
Recall_test: 0.527363
F1_test: 0.553525
 

Arquitectura: _2_15_1_
Semilla: 1788104917
Segundos: 56
NIteraciones: 100000

Costo_train: 0.222178
Precision_train: 0.617949
Recall_train: 0.603254
F1_train: 0.610513

Costo_test: 0.237332
Precision_test: 0.545455
Recall_test: 0.567164
F1_test: 0.556098
 

Arquitectura: _2_15_1_
Semilla: 1788104917
Segundos: 56
NIteraciones: 100000

Costo_train: 0.221392
Precision_train: 0.619108
Recall_train: 0.608260
F1_train: 0.613636

Costo_test: 0.236266
Precision_test: 0.563725
Recall_test: 0.572139
F1_test: 0.567901
 

Arquitectura: _2_15_1_
Semilla: 1788104917
Segundos: 56
NIteraciones: 100000

Costo_train: 0.222015
Precision_train: 0.617254
Recall_train: 0.635795
F1_train: 0.626387

Costo_test: 0.236087
Precision_test: 0.576531
Recall_test: 0.562189
F1_test: 0.569270
 

Arquitectura: _2_15_1_
Semilla: 1788104917
Segundos: 56
NIteraciones: 100000

Costo_train: 0.216444
Precision_train: 0.608532
Recall_train: 0.607009
F1_train: 0.607769

Costo_test: 0.234118
Precision_test: 0.590674
Recall_test: 0.567164
F1_test: 0.578680
 

Arquitectura: _2_15_1_
Semilla: 1788104917
Segundos: 56
NIteraciones: 100000

Costo_train: 0.221865
Precision_train: 0.599760
Recall_train: 0.624531
F1_train: 0.611895

Costo_test: 0.237989
Precision_test: 0.589189
Recall_test: 0.542289
F1_test: 0.564767
 

Arquitectura: _2_15_1_
Semilla: 1788104917
Segundos: 56
NIteraciones: 100000

Costo_train: 0.222179
Precision_train: 0.625153
Recall_train: 0.640801
F1_train: 0.632880

Costo_test: 0.234959
Precision_test: 0.590674
Recall_test: 0.567164
F1_test: 0.578680
 

Arquitectura: _2_15_1_
Semilla: 1788104917
Segundos: 56
NIteraciones: 100000

Costo_train: 0.222956
Precision_train: 0.609254
Recall_train: 0.593242
F1_train: 0.601141

Costo_test: 0.232276
Precision_test: 0.583784
Recall_test: 0.537313
F1_test: 0.559586
 

Arquitectura: _2_15_1_
Semilla: 1788104917
Segundos: 56
NIteraciones: 100000

Costo_train: 0.221429
Precision_train: 0.587740
Recall_train: 0.612015
F1_train: 0.599632

Costo_test: 0.236640
Precision_test: 0.574468
Recall_test: 0.537313
F1_test: 0.555270
 

Arquitectura: _2_15_1_
Semilla: 1788104917
Segundos: 56
NIteraciones: 100000

Costo_train: 0.221152
Precision_train: 0.599051
Recall_train: 0.632040
F1_train: 0.615103

Costo_test: 0.236857
Precision_test: 0.576720
Recall_test: 0.542289
F1_test: 0.558974
 

Arquitectura: _2_15_1_
Semilla: 1788104917
Segundos: 56
NIteraciones: 100000

Costo_train: 0.221402
Precision_train: 0.614610
Recall_train: 0.610763
F1_train: 0.612680

Costo_test: 0.235831
Precision_test: 0.586735
Recall_test: 0.572139
F1_test: 0.579345
 

Arquitectura: _2_15_1_
Semilla: 1788104917
Segundos: 56
NIteraciones: 100000

Costo_train: 0.222154
Precision_train: 0.596407
Recall_train: 0.623279
F1_train: 0.609547

Costo_test: 0.238224
Precision_test: 0.598930
Recall_test: 0.557214
F1_test: 0.577320
 

Arquitectura: _2_15_1_
Semilla: 1788104917
Segundos: 56
NIteraciones: 100000

Costo_train: 0.223898
Precision_train: 0.599517
Recall_train: 0.622028
F1_train: 0.610565

Costo_test: 0.234604
Precision_test: 0.560976
Recall_test: 0.572139
F1_test: 0.566502
 

Arquitectura: _2_15_1_
Semilla: 1788104917
Segundos: 56
NIteraciones: 100000

Costo_train: 0.221938
Precision_train: 0.609632
Recall_train: 0.602003
F1_train: 0.605793

Costo_test: 0.232244
Precision_test: 0.602210
Recall_test: 0.542289
F1_test: 0.570681
 

Arquitectura: _2_15_1_
Semilla: 1788104917
Segundos: 56
NIteraciones: 100000

Costo_train: 0.220567
Precision_train: 0.610312
Recall_train: 0.637046
F1_train: 0.623393

Costo_test: 0.234576
Precision_test: 0.565657
Recall_test: 0.557214
F1_test: 0.561403
 

Arquitectura: _2_15_1_
Semilla: 1788104917
Segundos: 56
NIteraciones: 100000

Costo_train: 0.221907
Precision_train: 0.629537
Recall_train: 0.629537
F1_train: 0.629537

Costo_test: 0.236178
Precision_test: 0.577114
Recall_test: 0.577114
F1_test: 0.577114
 

Arquitectura: _2_15_1_
Semilla: 1788104917
Segundos: 56
NIteraciones: 100000

Costo_train: 0.222570
Precision_train: 0.612374
Recall_train: 0.607009
F1_train: 0.609679

Costo_test: 0.237024
Precision_test: 0.548077
Recall_test: 0.567164
F1_test: 0.557457
 

Arquitectura: _2_15_1_
Semilla: 1788104917
Segundos: 56
NIteraciones: 100000

Costo_train: 0.223346
Precision_train: 0.611722
Recall_train: 0.627034
F1_train: 0.619283

Costo_test: 0.237551
Precision_test: 0.553398
Recall_test: 0.567164
F1_test: 0.560197
 

Arquitectura: _2_15_1_
Semilla: 1788104917
Segundos: 56
NIteraciones: 100000

Costo_train: 0.222159
Precision_train: 0.605198
Recall_train: 0.612015
F1_train: 0.608587

Costo_test: 0.237079
Precision_test: 0.556098
Recall_test: 0.567164
F1_test: 0.561576
 

Arquitectura: _2_15_1_
Semilla: 1788104917
Segundos: 56
NIteraciones: 100000

Costo_train: 0.221808
Precision_train: 0.611940
Recall_train: 0.615770
F1_train: 0.613849

Costo_test: 0.237035
Precision_test: 0.535885
Recall_test: 0.557214
F1_test: 0.546341
 

Arquitectura: _2_15_1_
Semilla: 1788104917
Segundos: 56
NIteraciones: 100000

Costo_train: 0.220916
Precision_train: 0.608073
Recall_train: 0.584481
F1_train: 0.596043

Costo_test: 0.235666
Precision_test: 0.607735
Recall_test: 0.547264
F1_test: 0.575916
 

Arquitectura: _2_15_1_
Semilla: 1788104917
Segundos: 56
NIteraciones: 100000

Costo_train: 0.221448
Precision_train: 0.624196
Recall_train: 0.607009
F1_train: 0.615482

Costo_test: 0.238605
Precision_test: 0.558824
Recall_test: 0.567164
F1_test: 0.562963
 

Arquitectura: _2_15_1_
Semilla: 1788104917
Segundos: 56
NIteraciones: 100000

Costo_train: 0.221524
Precision_train: 0.575211
Recall_train: 0.598248
F1_train: 0.586503

Costo_test: 0.236508
Precision_test: 0.575269
Recall_test: 0.532338
F1_test: 0.552972
 

Arquitectura: _2_15_1_
Semilla: 1788104917
Segundos: 56
NIteraciones: 100000

Costo_train: 0.220917
Precision_train: 0.609125
Recall_train: 0.618273
F1_train: 0.613665

Costo_test: 0.235178
Precision_test: 0.555000
Recall_test: 0.552239
F1_test: 0.553616
 

Arquitectura: _2_15_1_
Semilla: 1788104917
Segundos: 56
NIteraciones: 100000

Costo_train: 0.222092
Precision_train: 0.593671
Recall_train: 0.586984
F1_train: 0.590308

Costo_test: 0.236531
Precision_test: 0.574468
Recall_test: 0.537313
F1_test: 0.555270
 

Arquitectura: _2_15_1_
Semilla: 1788104917
Segundos: 56
NIteraciones: 100000

Costo_train: 0.222854
Precision_train: 0.601227
Recall_train: 0.613267
F1_train: 0.607187

Costo_test: 0.236520
Precision_test: 0.578378
Recall_test: 0.532338
F1_test: 0.554404
 

Arquitectura: _2_15_1_
Semilla: 1788104917
Segundos: 56
NIteraciones: 100000

Costo_train: 0.220940
Precision_train: 0.580368
Recall_train: 0.591990
F1_train: 0.586121

Costo_test: 0.236437
Precision_test: 0.583784
Recall_test: 0.537313
F1_test: 0.559586
 

Arquitectura: _2_15_1_
Semilla: 1788104917
Segundos: 56
NIteraciones: 100000

Costo_train: 0.221710
Precision_train: 0.607362
Recall_train: 0.619524
F1_train: 0.613383

Costo_test: 0.236826
Precision_test: 0.538071
Recall_test: 0.527363
F1_test: 0.532663
 

Arquitectura: _2_15_1_
Semilla: 1788104917
Segundos: 56
NIteraciones: 100000

Costo_train: 0.222447
Precision_train: 0.611250
Recall_train: 0.612015
F1_train: 0.611632

Costo_test: 0.238563
Precision_test: 0.530000
Recall_test: 0.527363
F1_test: 0.528678
 

Arquitectura: _2_15_1_
Semilla: 1788104917
Segundos: 56
NIteraciones: 100000

Costo_train: 0.222236
Precision_train: 0.585697
Recall_train: 0.594493
F1_train: 0.590062

Costo_test: 0.236779
Precision_test: 0.571429
Recall_test: 0.537313
F1_test: 0.553846
 

Arquitectura: _2_15_1_
Semilla: 1788104917
Segundos: 56
NIteraciones: 100000

Costo_train: 0.224471
Precision_train: 0.621519
Recall_train: 0.614518
F1_train: 0.617999

Costo_test: 0.236510
Precision_test: 0.569231
Recall_test: 0.552239
F1_test: 0.560606
 

Arquitectura: _2_15_1_
Semilla: 1788104917
Segundos: 56
NIteraciones: 100000

Costo_train: 0.222969
Precision_train: 0.603386
Recall_train: 0.624531
F1_train: 0.613776

Costo_test: 0.236801
Precision_test: 0.562500
Recall_test: 0.537313
F1_test: 0.549618
 

Arquitectura: _2_15_1_
Semilla: 1788104917
Segundos: 56
NIteraciones: 100000

Costo_train: 0.221824
Precision_train: 0.586716
Recall_train: 0.596996
F1_train: 0.591811

Costo_test: 0.236611
Precision_test: 0.577540
Recall_test: 0.537313
F1_test: 0.556701
 

Arquitectura: _2_15_1_
Semilla: 1788104917
Segundos: 56
NIteraciones: 100000

Costo_train: 0.221397
Precision_train: 0.582143
Recall_train: 0.612015
F1_train: 0.596705

Costo_test: 0.237214
Precision_test: 0.581522
Recall_test: 0.532338
F1_test: 0.555844
 

Arquitectura: _2_15_1_
Semilla: 1788104917
Segundos: 56
NIteraciones: 100000

Costo_train: 0.221744
Precision_train: 0.578947
Recall_train: 0.605757
F1_train: 0.592049

Costo_test: 0.237379
Precision_test: 0.580645
Recall_test: 0.537313
F1_test: 0.558140
 

Arquitectura: _2_15_1_
Semilla: 1788104917
Segundos: 56
NIteraciones: 100000

Costo_train: 0.221822
Precision_train: 0.614518
Recall_train: 0.614518
F1_train: 0.614518

Costo_test: 0.237187
Precision_test: 0.550725
Recall_test: 0.567164
F1_test: 0.558824
 

Arquitectura: _2_15_1_
Semilla: 1788104917
Segundos: 56
NIteraciones: 100000

Costo_train: 0.221150
Precision_train: 0.576336
Recall_train: 0.566959
F1_train: 0.571609

Costo_test: 0.236098
Precision_test: 0.586957
Recall_test: 0.537313
F1_test: 0.561039
 

Arquitectura: _2_15_1_
Semilla: 1788104917
Segundos: 56
NIteraciones: 100000

Costo_train: 0.221290
Precision_train: 0.615000
Recall_train: 0.615770
F1_train: 0.615385

Costo_test: 0.235322
Precision_test: 0.592391
Recall_test: 0.542289
F1_test: 0.566234
 

Arquitectura: _2_15_1_
Semilla: 1788104917
Segundos: 56
NIteraciones: 100000

Costo_train: 0.221196
Precision_train: 0.585337
Recall_train: 0.609512
F1_train: 0.597180

Costo_test: 0.236565
Precision_test: 0.577540
Recall_test: 0.537313
F1_test: 0.556701
 

Arquitectura: _2_15_1_
Semilla: 1788104917
Segundos: 56
NIteraciones: 100000

Costo_train: 0.221607
Precision_train: 0.597307
Recall_train: 0.610763
F1_train: 0.603960

Costo_test: 0.236019
Precision_test: 0.579235
Recall_test: 0.527363
F1_test: 0.552083
 

Arquitectura: _2_15_1_
Semilla: 1788104917
Segundos: 56
NIteraciones: 100000

Costo_train: 0.223800
Precision_train: 0.603774
Recall_train: 0.600751
F1_train: 0.602258

Costo_test: 0.238763
Precision_test: 0.543689
Recall_test: 0.557214
F1_test: 0.550368
 

Arquitectura: _2_15_1_
Semilla: 1788104917
Segundos: 56
NIteraciones: 100000

Costo_train: 0.222415
Precision_train: 0.604167
Recall_train: 0.617021
F1_train: 0.610526

Costo_test: 0.236490
Precision_test: 0.546798
Recall_test: 0.552239
F1_test: 0.549505
 

Arquitectura: _2_15_1_
Semilla: 1788104917
Segundos: 56
NIteraciones: 100000

Costo_train: 0.222085
Precision_train: 0.607143
Recall_train: 0.617021
F1_train: 0.612042

Costo_test: 0.236446
Precision_test: 0.543590
Recall_test: 0.527363
F1_test: 0.535354
 

Arquitectura: _2_15_1_
Semilla: 1788104917
Segundos: 56
NIteraciones: 100000

Costo_train: 0.222200
Precision_train: 0.616071
Recall_train: 0.604506
F1_train: 0.610234

Costo_test: 0.237069
Precision_test: 0.545894
Recall_test: 0.562189
F1_test: 0.553922
 

Arquitectura: _2_15_1_
Semilla: 1788104917
Segundos: 56
NIteraciones: 100000

Costo_train: 0.221982
Precision_train: 0.578443
Recall_train: 0.604506
F1_train: 0.591187

Costo_test: 0.237206
Precision_test: 0.578378
Recall_test: 0.532338
F1_test: 0.554404
 

Arquitectura: _2_15_1_
Semilla: 1788104917
Segundos: 56
NIteraciones: 100000

Costo_train: 0.222593
Precision_train: 0.588679
Recall_train: 0.585732
F1_train: 0.587202

Costo_test: 0.236528
Precision_test: 0.560209
Recall_test: 0.532338
F1_test: 0.545918
 

Arquitectura: _2_15_1_
Semilla: 1788104917
Segundos: 56
NIteraciones: 100000

Costo_train: 0.221810
Precision_train: 0.614504
Recall_train: 0.604506
F1_train: 0.609464

Costo_test: 0.237341
Precision_test: 0.547619
Recall_test: 0.572139
F1_test: 0.559611
 

Arquitectura: _2_15_1_
Semilla: 1788104917
Segundos: 56
NIteraciones: 100000

Costo_train: 0.215066
Precision_train: 0.631043
Recall_train: 0.620776
F1_train: 0.625868

Costo_test: 0.230858
Precision_test: 0.609890
Recall_test: 0.552239
F1_test: 0.579634
 

Arquitectura: _2_15_1_
Semilla: 1788104917
Segundos: 56
NIteraciones: 100000

Costo_train: 0.223408
Precision_train: 0.605617
Recall_train: 0.620776
F1_train: 0.613103

Costo_test: 0.234814
Precision_test: 0.562842
Recall_test: 0.512438
F1_test: 0.536458
 

Arquitectura: _2_15_1_
Semilla: 1788104917
Segundos: 56
NIteraciones: 100000

Costo_train: 0.222014
Precision_train: 0.585276
Recall_train: 0.596996
F1_train: 0.591078

Costo_test: 0.236744
Precision_test: 0.575269
Recall_test: 0.532338
F1_test: 0.552972
 

Arquitectura: _2_15_1_
Semilla: 1788104917
Segundos: 56
NIteraciones: 100000

Costo_train: 0.222334
Precision_train: 0.587740
Recall_train: 0.612015
F1_train: 0.599632

Costo_test: 0.237127
Precision_test: 0.583784
Recall_test: 0.537313
F1_test: 0.559586
 

Arquitectura: _2_15_1_
Semilla: 1788104917
Segundos: 56
NIteraciones: 100000

Costo_train: 0.219856
Precision_train: 0.582829
Recall_train: 0.603254
F1_train: 0.592866

Costo_test: 0.236590
Precision_test: 0.601036
Recall_test: 0.577114
F1_test: 0.588832
 

Arquitectura: _2_15_1_
Semilla: 1788104917
Segundos: 56
NIteraciones: 100000

Costo_train: 0.222477
Precision_train: 0.586905
Recall_train: 0.617021
F1_train: 0.601586

Costo_test: 0.237089
Precision_test: 0.572192
Recall_test: 0.532338
F1_test: 0.551546
 


--- Test Profunda 5.0 ---
Iteración 10000
Costo: 0.250035
Iteración 20000
Costo: 0.250029
Iteración 30000
Costo: 0.250024
Iteración 40000
Costo: 0.250020
Iteración 50000
Costo: 0.250017
Iteración 60000
Costo: 0.250014
Iteración 70000
Costo: 0.250011
Iteración 80000
Costo: 0.250009
Iteración 90000
Costo: 0.250006

Arquitectura: _2_3_3_3_3_3_1_
Semilla: 1788104973
Segundos: 232
NIteraciones: 100000

Costo_train: 0.250004
Precision_train: -nan(ind)
Recall_train: 0.000000
F1_train: -nan(ind)

Costo_test: 0.250013
Precision_test: -nan(ind)
Recall_test: 0.000000
F1_test: -nan(ind)
 

Arquitectura: _2_3_3_3_3_3_1_
Semilla: 1788104973
Segundos: 232
NIteraciones: 100000

Costo_train: 0.249953
Precision_train: -nan(ind)
Recall_train: 0.000000
F1_train: -nan(ind)

Costo_test: 0.249961
Precision_test: -nan(ind)
Recall_test: 0.000000
F1_test: -nan(ind)
 

Arquitectura: _2_3_3_3_3_3_1_
Semilla: 1788104973
Segundos: 232
NIteraciones: 100000

Costo_train: 0.249804
Precision_train: 0.587983
Recall_train: 0.514393
F1_train: 0.548732

Costo_test: 0.249859
Precision_test: 0.579545
Recall_test: 0.507463
F1_test: 0.541114
 

Arquitectura: _2_3_3_3_3_3_1_
Semilla: 1788104973
Segundos: 232
NIteraciones: 100000

Costo_train: 0.249754
Precision_train: 0.600579
Recall_train: 0.519399
F1_train: 0.557047

Costo_test: 0.249783
Precision_test: 0.604938
Recall_test: 0.487562
F1_test: 0.539945
 

Arquitectura: _2_3_3_3_3_3_1_
Semilla: 1788104973
Segundos: 232
NIteraciones: 100000

Costo_train: 0.249858
Precision_train: 0.603687
Recall_train: 0.491865
F1_train: 0.542069

Costo_test: 0.249869
Precision_test: 0.615894
Recall_test: 0.462687
F1_test: 0.528409
 

Arquitectura: _2_3_3_3_3_3_1_
Semilla: 1788104973
Segundos: 232
NIteraciones: 100000

Costo_train: 0.249908
Precision_train: 0.596859
Recall_train: 0.142678
F1_train: 0.230303

Costo_test: 0.249904
Precision_test: 0.642857
Recall_test: 0.134328
F1_test: 0.222222
 

Arquitectura: _2_3_3_3_3_3_1_
Semilla: 1788104973
Segundos: 232
NIteraciones: 100000

Costo_train: 0.249980
Precision_train: -nan(ind)
Recall_train: 0.000000
F1_train: -nan(ind)

Costo_test: 0.249987
Precision_test: -nan(ind)
Recall_test: 0.000000
F1_test: -nan(ind)
 

Arquitectura: _2_3_3_3_3_3_1_
Semilla: 1788104973
Segundos: 232
NIteraciones: 100000

Costo_train: 0.249890
Precision_train: 0.613383
Recall_train: 0.413016
F1_train: 0.493643

Costo_test: 0.249903
Precision_test: 0.616000
Recall_test: 0.383085
F1_test: 0.472393
 

Arquitectura: _2_3_3_3_3_3_1_
Semilla: 1788104973
Segundos: 232
NIteraciones: 100000

Costo_train: 0.249549
Precision_train: 0.582966
Recall_train: 0.496871
F1_train: 0.536486

Costo_test: 0.249567
Precision_test: 0.598765
Recall_test: 0.482587
F1_test: 0.534435
 

Arquitectura: _2_3_3_3_3_3_1_
Semilla: 1788104973
Segundos: 232
NIteraciones: 100000

Costo_train: 0.248407
Precision_train: 0.577345
Recall_train: 0.593242
F1_train: 0.585185

Costo_test: 0.248370
Precision_test: 0.593909
Recall_test: 0.582090
F1_test: 0.587940
 

Arquitectura: _2_3_3_3_3_3_1_
Semilla: 1788104973
Segundos: 232
NIteraciones: 100000

Costo_train: 0.249991
Precision_train: -nan(ind)
Recall_train: 0.000000
F1_train: -nan(ind)

Costo_test: 0.249989
Precision_test: -nan(ind)
Recall_test: 0.000000
F1_test: -nan(ind)
 

Arquitectura: _2_3_3_3_3_3_1_
Semilla: 1788104973
Segundos: 232
NIteraciones: 100000

Costo_train: 0.249999
Precision_train: -nan(ind)
Recall_train: 0.000000
F1_train: -nan(ind)

Costo_test: 0.250003
Precision_test: -nan(ind)
Recall_test: 0.000000
F1_test: -nan(ind)
 

Arquitectura: _2_3_3_3_3_3_1_
Semilla: 1788104973
Segundos: 232
NIteraciones: 100000

Costo_train: 0.249990
Precision_train: -nan(ind)
Recall_train: 0.000000
F1_train: -nan(ind)

Costo_test: 0.250009
Precision_test: -nan(ind)
Recall_test: 0.000000
F1_test: -nan(ind)
 

Arquitectura: _2_3_3_3_3_3_1_
Semilla: 1788104973
Segundos: 232
NIteraciones: 100000

Costo_train: 0.249951
Precision_train: -nan(ind)
Recall_train: 0.000000
F1_train: -nan(ind)

Costo_test: 0.249955
Precision_test: -nan(ind)
Recall_test: 0.000000
F1_test: -nan(ind)
 

Arquitectura: _2_3_3_3_3_3_1_
Semilla: 1788104973
Segundos: 232
NIteraciones: 100000

Costo_train: 0.249982
Precision_train: -nan(ind)
Recall_train: 0.000000
F1_train: -nan(ind)

Costo_test: 0.249993
Precision_test: -nan(ind)
Recall_test: 0.000000
F1_test: -nan(ind)
 

Arquitectura: _2_3_3_3_3_3_1_
Semilla: 1788104973
Segundos: 232
NIteraciones: 100000

Costo_train: 0.249987
Precision_train: -nan(ind)
Recall_train: 0.000000
F1_train: -nan(ind)

Costo_test: 0.249995
Precision_test: -nan(ind)
Recall_test: 0.000000
F1_test: -nan(ind)
 

Arquitectura: _2_3_3_3_3_3_1_
Semilla: 1788104973
Segundos: 232
NIteraciones: 100000

Costo_train: 0.249921
Precision_train: 0.534591
Recall_train: 0.425532
F1_train: 0.473868

Costo_test: 0.249961
Precision_test: 0.526667
Recall_test: 0.393035
F1_test: 0.450142
 

Arquitectura: _2_3_3_3_3_3_1_
Semilla: 1788104973
Segundos: 232
NIteraciones: 100000

Costo_train: 0.249876
Precision_train: 0.626536
Recall_train: 0.319149
F1_train: 0.422886

Costo_test: 0.249882
Precision_test: 0.585859
Recall_test: 0.288557
F1_test: 0.386667
 

Arquitectura: _2_3_3_3_3_3_1_
Semilla: 1788104973
Segundos: 232
NIteraciones: 100000

Costo_train: 0.249990
Precision_train: -nan(ind)
Recall_train: 0.000000
F1_train: -nan(ind)

Costo_test: 0.250001
Precision_test: -nan(ind)
Recall_test: 0.000000
F1_test: -nan(ind)
 

Arquitectura: _2_3_3_3_3_3_1_
Semilla: 1788104973
Segundos: 232
NIteraciones: 100000

Costo_train: 0.249949
Precision_train: 0.511494
Recall_train: 0.334168
F1_train: 0.404239

Costo_test: 0.249962
Precision_test: 0.571429
Recall_test: 0.338308
F1_test: 0.425000
 

Arquitectura: _2_3_3_3_3_3_1_
Semilla: 1788104973
Segundos: 232
NIteraciones: 100000

Costo_train: 0.249979
Precision_train: -nan(ind)
Recall_train: 0.000000
F1_train: -nan(ind)

Costo_test: 0.249986
Precision_test: -nan(ind)
Recall_test: 0.000000
F1_test: -nan(ind)
 

Arquitectura: _2_3_3_3_3_3_1_
Semilla: 1788104973
Segundos: 232
NIteraciones: 100000

Costo_train: 0.249213
Precision_train: 0.557644
Recall_train: 0.556946
F1_train: 0.557295

Costo_test: 0.249250
Precision_test: 0.561497
Recall_test: 0.522388
F1_test: 0.541237
 

Arquitectura: _2_3_3_3_3_3_1_
Semilla: 1788104973
Segundos: 232
NIteraciones: 100000

Costo_train: 0.250002
Precision_train: -nan(ind)
Recall_train: 0.000000
F1_train: -nan(ind)

Costo_test: 0.250001
Precision_test: -nan(ind)
Recall_test: 0.000000
F1_test: -nan(ind)
 

Arquitectura: _2_3_3_3_3_3_1_
Semilla: 1788104973
Segundos: 232
NIteraciones: 100000

Costo_train: 0.250007
Precision_train: -nan(ind)
Recall_train: 0.000000
F1_train: -nan(ind)

Costo_test: 0.250001
Precision_test: -nan(ind)
Recall_test: 0.000000
F1_test: -nan(ind)
 

Arquitectura: _2_3_3_3_3_3_1_
Semilla: 1788104973
Segundos: 232
NIteraciones: 100000

Costo_train: 0.249975
Precision_train: -nan(ind)
Recall_train: 0.000000
F1_train: -nan(ind)

Costo_test: 0.249986
Precision_test: -nan(ind)
Recall_test: 0.000000
F1_test: -nan(ind)
 

Arquitectura: _2_3_3_3_3_3_1_
Semilla: 1788104973
Segundos: 232
NIteraciones: 100000

Costo_train: 0.249964
Precision_train: -nan(ind)
Recall_train: 0.000000
F1_train: -nan(ind)

Costo_test: 0.249972
Precision_test: -nan(ind)
Recall_test: 0.000000
F1_test: -nan(ind)
 

Arquitectura: _2_3_3_3_3_3_1_
Semilla: 1788104973
Segundos: 232
NIteraciones: 100000

Costo_train: 0.249968
Precision_train: -nan(ind)
Recall_train: 0.000000
F1_train: -nan(ind)

Costo_test: 0.249979
Precision_test: -nan(ind)
Recall_test: 0.000000
F1_test: -nan(ind)
 

Arquitectura: _2_3_3_3_3_3_1_
Semilla: 1788104973
Segundos: 232
NIteraciones: 100000

Costo_train: 0.249951
Precision_train: -nan(ind)
Recall_train: 0.000000
F1_train: -nan(ind)

Costo_test: 0.249961
Precision_test: -nan(ind)
Recall_test: 0.000000
F1_test: -nan(ind)
 

Arquitectura: _2_3_3_3_3_3_1_
Semilla: 1788104973
Segundos: 232
NIteraciones: 100000

Costo_train: 0.249021
Precision_train: 0.574627
Recall_train: 0.578223
F1_train: 0.576419

Costo_test: 0.249000
Precision_test: 0.555000
Recall_test: 0.552239
F1_test: 0.553616
 

Arquitectura: _2_3_3_3_3_3_1_
Semilla: 1788104973
Segundos: 232
NIteraciones: 100000

Costo_train: 0.249966
Precision_train: -nan(ind)
Recall_train: 0.000000
F1_train: -nan(ind)

Costo_test: 0.249981
Precision_test: -nan(ind)
Recall_test: 0.000000
F1_test: -nan(ind)
 

Arquitectura: _2_3_3_3_3_3_1_
Semilla: 1788104973
Segundos: 232
NIteraciones: 100000

Costo_train: 0.249379
Precision_train: 0.594972
Recall_train: 0.533166
F1_train: 0.562376

Costo_test: 0.249522
Precision_test: 0.590643
Recall_test: 0.502488
F1_test: 0.543011
 

Arquitectura: _2_3_3_3_3_3_1_
Semilla: 1788104973
Segundos: 232
NIteraciones: 100000

Costo_train: 0.249996
Precision_train: -nan(ind)
Recall_train: 0.000000
F1_train: -nan(ind)

Costo_test: 0.250002
Precision_test: -nan(ind)
Recall_test: 0.000000
F1_test: -nan(ind)
 

Arquitectura: _2_3_3_3_3_3_1_
Semilla: 1788104973
Segundos: 232
NIteraciones: 100000

Costo_train: 0.249980
Precision_train: -nan(ind)
Recall_train: 0.000000
F1_train: -nan(ind)

Costo_test: 0.249987
Precision_test: -nan(ind)
Recall_test: 0.000000
F1_test: -nan(ind)
 

Arquitectura: _2_3_3_3_3_3_1_
Semilla: 1788104973
Segundos: 232
NIteraciones: 100000

Costo_train: 0.249948
Precision_train: -nan(ind)
Recall_train: 0.000000
F1_train: -nan(ind)

Costo_test: 0.249947
Precision_test: -nan(ind)
Recall_test: 0.000000
F1_test: -nan(ind)
 

Arquitectura: _2_3_3_3_3_3_1_
Semilla: 1788104973
Segundos: 232
NIteraciones: 100000

Costo_train: 0.250004
Precision_train: -nan(ind)
Recall_train: 0.000000
F1_train: -nan(ind)

Costo_test: 0.250005
Precision_test: -nan(ind)
Recall_test: 0.000000
F1_test: -nan(ind)
 

Arquitectura: _2_3_3_3_3_3_1_
Semilla: 1788104973
Segundos: 232
NIteraciones: 100000

Costo_train: 0.249977
Precision_train: -nan(ind)
Recall_train: 0.000000
F1_train: -nan(ind)

Costo_test: 0.249978
Precision_test: -nan(ind)
Recall_test: 0.000000
F1_test: -nan(ind)
 

Arquitectura: _2_3_3_3_3_3_1_
Semilla: 1788104973
Segundos: 232
NIteraciones: 100000

Costo_train: 0.249957
Precision_train: -nan(ind)
Recall_train: 0.000000
F1_train: -nan(ind)

Costo_test: 0.249965
Precision_test: -nan(ind)
Recall_test: 0.000000
F1_test: -nan(ind)
 

Arquitectura: _2_3_3_3_3_3_1_
Semilla: 1788104973
Segundos: 232
NIteraciones: 100000

Costo_train: 0.249986
Precision_train: -nan(ind)
Recall_train: 0.000000
F1_train: -nan(ind)

Costo_test: 0.250003
Precision_test: -nan(ind)
Recall_test: 0.000000
F1_test: -nan(ind)
 

Arquitectura: _2_3_3_3_3_3_1_
Semilla: 1788104973
Segundos: 232
NIteraciones: 100000

Costo_train: 0.249970
Precision_train: -nan(ind)
Recall_train: 0.000000
F1_train: -nan(ind)

Costo_test: 0.249990
Precision_test: -nan(ind)
Recall_test: 0.000000
F1_test: -nan(ind)
 

Arquitectura: _2_3_3_3_3_3_1_
Semilla: 1788104973
Segundos: 232
NIteraciones: 100000

Costo_train: 0.250009
Precision_train: -nan(ind)
Recall_train: 0.000000
F1_train: -nan(ind)

Costo_test: 0.250009
Precision_test: -nan(ind)
Recall_test: 0.000000
F1_test: -nan(ind)
 

Arquitectura: _2_3_3_3_3_3_1_
Semilla: 1788104973
Segundos: 232
NIteraciones: 100000

Costo_train: 0.249874
Precision_train: 0.640827
Recall_train: 0.310388
F1_train: 0.418212

Costo_test: 0.249895
Precision_test: 0.593750
Recall_test: 0.283582
F1_test: 0.383838
 

Arquitectura: _2_3_3_3_3_3_1_
Semilla: 1788104973
Segundos: 232
NIteraciones: 100000

Costo_train: 0.249993
Precision_train: -nan(ind)
Recall_train: 0.000000
F1_train: -nan(ind)

Costo_test: 0.250003
Precision_test: -nan(ind)
Recall_test: 0.000000
F1_test: -nan(ind)
 

Arquitectura: _2_3_3_3_3_3_1_
Semilla: 1788104973
Segundos: 232
NIteraciones: 100000

Costo_train: 0.249940
Precision_train: 0.718182
Recall_train: 0.098874
F1_train: 0.173817

Costo_test: 0.249985
Precision_test: 0.434783
Recall_test: 0.049751
F1_test: 0.089286
 

Arquitectura: _2_3_3_3_3_3_1_
Semilla: 1788104973
Segundos: 232
NIteraciones: 100000

Costo_train: 0.249766
Precision_train: 0.580645
Recall_train: 0.540676
F1_train: 0.559948

Costo_test: 0.249814
Precision_test: 0.564516
Recall_test: 0.522388
F1_test: 0.542636
 

Arquitectura: _2_3_3_3_3_3_1_
Semilla: 1788104973
Segundos: 232
NIteraciones: 100000

Costo_train: 0.249414
Precision_train: 0.588083
Recall_train: 0.568210
F1_train: 0.577976

Costo_test: 0.249423
Precision_test: 0.596774
Recall_test: 0.552239
F1_test: 0.573643
 

Arquitectura: _2_3_3_3_3_3_1_
Semilla: 1788104973
Segundos: 232
NIteraciones: 100000

Costo_train: 0.249971
Precision_train: -nan(ind)
Recall_train: 0.000000
F1_train: -nan(ind)

Costo_test: 0.249983
Precision_test: -nan(ind)
Recall_test: 0.000000
F1_test: -nan(ind)
 

Arquitectura: _2_3_3_3_3_3_1_
Semilla: 1788104973
Segundos: 232
NIteraciones: 100000

Costo_train: 0.249805
Precision_train: 0.636564
Recall_train: 0.361702
F1_train: 0.461293

Costo_test: 0.249841
Precision_test: 0.596491
Recall_test: 0.338308
F1_test: 0.431746
 

Arquitectura: _2_3_3_3_3_3_1_
Semilla: 1788104973
Segundos: 232
NIteraciones: 100000

Costo_train: 0.249972
Precision_train: -nan(ind)
Recall_train: 0.000000
F1_train: -nan(ind)

Costo_test: 0.249975
Precision_test: -nan(ind)
Recall_test: 0.000000
F1_test: -nan(ind)
 

Arquitectura: _2_3_3_3_3_3_1_
Semilla: 1788104973
Segundos: 232
NIteraciones: 100000

Costo_train: 0.249983
Precision_train: -nan(ind)
Recall_train: 0.000000
F1_train: -nan(ind)

Costo_test: 0.249998
Precision_test: -nan(ind)
Recall_test: 0.000000
F1_test: -nan(ind)
 

Arquitectura: _2_3_3_3_3_3_1_
Semilla: 1788104973
Segundos: 232
NIteraciones: 100000

Costo_train: 0.249953
Precision_train: 0.531825
Recall_train: 0.470588
F1_train: 0.499336

Costo_test: 0.250015
Precision_test: 0.505618
Recall_test: 0.447761
F1_test: 0.474934
 

Arquitectura: _2_3_3_3_3_3_1_
Semilla: 1788104973
Segundos: 232
NIteraciones: 100000

Costo_train: 0.249987
Precision_train: -nan(ind)
Recall_train: 0.000000
F1_train: -nan(ind)

Costo_test: 0.250001
Precision_test: -nan(ind)
Recall_test: 0.000000
F1_test: -nan(ind)
 

Arquitectura: _2_3_3_3_3_3_1_
Semilla: 1788104973
Segundos: 232
NIteraciones: 100000

Costo_train: 0.249804
Precision_train: 0.654545
Recall_train: 0.270338
F1_train: 0.382639

Costo_test: 0.249882
Precision_test: 0.560976
Recall_test: 0.228856
F1_test: 0.325088
 

Arquitectura: _2_3_3_3_3_3_1_
Semilla: 1788104973
Segundos: 232
NIteraciones: 100000

Costo_train: 0.249992
Precision_train: -nan(ind)
Recall_train: 0.000000
F1_train: -nan(ind)

Costo_test: 0.250000
Precision_test: -nan(ind)
Recall_test: 0.000000
F1_test: -nan(ind)
 

Arquitectura: _2_3_3_3_3_3_1_
Semilla: 1788104973
Segundos: 232
NIteraciones: 100000

Costo_train: 0.249936
Precision_train: -nan(ind)
Recall_train: 0.000000
F1_train: -nan(ind)

Costo_test: 0.249965
Precision_test: -nan(ind)
Recall_test: 0.000000
F1_test: -nan(ind)
 

Arquitectura: _2_3_3_3_3_3_1_
Semilla: 1788104973
Segundos: 232
NIteraciones: 100000

Costo_train: 0.249981
Precision_train: -nan(ind)
Recall_train: 0.000000
F1_train: -nan(ind)

Costo_test: 0.249985
Precision_test: -nan(ind)
Recall_test: 0.000000
F1_test: -nan(ind)
 

Arquitectura: _2_3_3_3_3_3_1_
Semilla: 1788104973
Segundos: 232
NIteraciones: 100000

Costo_train: 0.250000
Precision_train: -nan(ind)
Recall_train: 0.000000
F1_train: -nan(ind)

Costo_test: 0.249990
Precision_test: -nan(ind)
Recall_test: 0.000000
F1_test: -nan(ind)
 

Arquitectura: _2_3_3_3_3_3_1_
Semilla: 1788104973
Segundos: 232
NIteraciones: 100000

Costo_train: 0.249670
Precision_train: 0.572626
Recall_train: 0.513141
F1_train: 0.541254

Costo_test: 0.249842
Precision_test: 0.551136
Recall_test: 0.482587
F1_test: 0.514589
 

Arquitectura: _2_3_3_3_3_3_1_
Semilla: 1788104973
Segundos: 232
NIteraciones: 100000

Costo_train: 0.249597
Precision_train: 0.582790
Recall_train: 0.559449
F1_train: 0.570881

Costo_test: 0.249573
Precision_test: 0.591398
Recall_test: 0.547264
F1_test: 0.568475
 

Arquitectura: _2_3_3_3_3_3_1_
Semilla: 1788104973
Segundos: 232
NIteraciones: 100000

Costo_train: 0.243490
Precision_train: 0.585732
Recall_train: 0.585732
F1_train: 0.585732

Costo_test: 0.243385
Precision_test: 0.595960
Recall_test: 0.587065
F1_test: 0.591479
 

Arquitectura: _2_3_3_3_3_3_1_
Semilla: 1788104973
Segundos: 232
NIteraciones: 100000

Costo_train: 0.249693
Precision_train: 0.611241
Recall_train: 0.326658
F1_train: 0.425775

Costo_test: 0.249791
Precision_test: 0.561905
Recall_test: 0.293532
F1_test: 0.385621
 

Arquitectura: _2_3_3_3_3_3_1_
Semilla: 1788104973
Segundos: 232
NIteraciones: 100000

Costo_train: 0.249968
Precision_train: -nan(ind)
Recall_train: 0.000000
F1_train: -nan(ind)

Costo_test: 0.249976
Precision_test: -nan(ind)
Recall_test: 0.000000
F1_test: -nan(ind)
 

Arquitectura: _2_3_3_3_3_3_1_
Semilla: 1788104973
Segundos: 232
NIteraciones: 100000

Costo_train: 0.249950
Precision_train: -nan(ind)
Recall_train: 0.000000
F1_train: -nan(ind)

Costo_test: 0.249957
Precision_test: -nan(ind)
Recall_test: 0.000000
F1_test: -nan(ind)
 

Arquitectura: _2_3_3_3_3_3_1_
Semilla: 1788104973
Segundos: 232
NIteraciones: 100000

Costo_train: 0.249909
Precision_train: 0.637778
Recall_train: 0.359199
F1_train: 0.459568

Costo_test: 0.249925
Precision_test: 0.580000
Recall_test: 0.288557
F1_test: 0.385382
 

Arquitectura: _2_3_3_3_3_3_1_
Semilla: 1788104973
Segundos: 232
NIteraciones: 100000

Costo_train: 0.249985
Precision_train: -nan(ind)
Recall_train: 0.000000
F1_train: -nan(ind)

Costo_test: 0.249998
Precision_test: -nan(ind)
Recall_test: 0.000000
F1_test: -nan(ind)
 

Arquitectura: _2_3_3_3_3_3_1_
Semilla: 1788104973
Segundos: 232
NIteraciones: 100000

Costo_train: 0.249949
Precision_train: -nan(ind)
Recall_train: 0.000000
F1_train: -nan(ind)

Costo_test: 0.249959
Precision_test: -nan(ind)
Recall_test: 0.000000
F1_test: -nan(ind)
 

Arquitectura: _2_3_3_3_3_3_1_
Semilla: 1788104973
Segundos: 232
NIteraciones: 100000

Costo_train: 0.249978
Precision_train: 0.504630
Recall_train: 0.409262
F1_train: 0.451970

Costo_test: 0.249988
Precision_test: 0.539394
Recall_test: 0.442786
F1_test: 0.486339
 

Arquitectura: _2_3_3_3_3_3_1_
Semilla: 1788104973
Segundos: 232
NIteraciones: 100000

Costo_train: 0.249991
Precision_train: -nan(ind)
Recall_train: 0.000000
F1_train: -nan(ind)

Costo_test: 0.249995
Precision_test: -nan(ind)
Recall_test: 0.000000
F1_test: -nan(ind)
 

Arquitectura: _2_3_3_3_3_3_1_
Semilla: 1788104973
Segundos: 232
NIteraciones: 100000

Costo_train: 0.249813
Precision_train: 0.616495
Recall_train: 0.374218
F1_train: 0.465732

Costo_test: 0.249839
Precision_test: 0.591304
Recall_test: 0.338308
F1_test: 0.430380
 

Arquitectura: _2_3_3_3_3_3_1_
Semilla: 1788104973
Segundos: 232
NIteraciones: 100000

Costo_train: 0.250002
Precision_train: -nan(ind)
Recall_train: 0.000000
F1_train: -nan(ind)

Costo_test: 0.250010
Precision_test: -nan(ind)
Recall_test: 0.000000
F1_test: -nan(ind)
 

Arquitectura: _2_3_3_3_3_3_1_
Semilla: 1788104973
Segundos: 232
NIteraciones: 100000

Costo_train: 0.249995
Precision_train: -nan(ind)
Recall_train: 0.000000
F1_train: -nan(ind)

Costo_test: 0.249999
Precision_test: -nan(ind)
Recall_test: 0.000000
F1_test: -nan(ind)
 

Arquitectura: _2_3_3_3_3_3_1_
Semilla: 1788104973
Segundos: 232
NIteraciones: 100000

Costo_train: 0.249999
Precision_train: -nan(ind)
Recall_train: 0.000000
F1_train: -nan(ind)

Costo_test: 0.250004
Precision_test: -nan(ind)
Recall_test: 0.000000
F1_test: -nan(ind)
 

Arquitectura: _2_3_3_3_3_3_1_
Semilla: 1788104973
Segundos: 232
NIteraciones: 100000

Costo_train: 0.249954
Precision_train: -nan(ind)
Recall_train: 0.000000
F1_train: -nan(ind)

Costo_test: 0.249972
Precision_test: -nan(ind)
Recall_test: 0.000000
F1_test: -nan(ind)
 

Arquitectura: _2_3_3_3_3_3_1_
Semilla: 1788104973
Segundos: 232
NIteraciones: 100000

Costo_train: 0.249989
Precision_train: -nan(ind)
Recall_train: 0.000000
F1_train: -nan(ind)

Costo_test: 0.249994
Precision_test: -nan(ind)
Recall_test: 0.000000
F1_test: -nan(ind)
 

Arquitectura: _2_3_3_3_3_3_1_
Semilla: 1788104973
Segundos: 232
NIteraciones: 100000

Costo_train: 0.250000
Precision_train: -nan(ind)
Recall_train: 0.000000
F1_train: -nan(ind)

Costo_test: 0.250002
Precision_test: -nan(ind)
Recall_test: 0.000000
F1_test: -nan(ind)
 

Arquitectura: _2_3_3_3_3_3_1_
Semilla: 1788104973
Segundos: 232
NIteraciones: 100000

Costo_train: 0.249955
Precision_train: -nan(ind)
Recall_train: 0.000000
F1_train: -nan(ind)

Costo_test: 0.249956
Precision_test: -nan(ind)
Recall_test: 0.000000
F1_test: -nan(ind)
 

Arquitectura: _2_3_3_3_3_3_1_
Semilla: 1788104973
Segundos: 232
NIteraciones: 100000

Costo_train: 0.249865
Precision_train: 0.593388
Recall_train: 0.449312
F1_train: 0.511396

Costo_test: 0.249885
Precision_test: 0.574194
Recall_test: 0.442786
F1_test: 0.500000
 

Arquitectura: _2_3_3_3_3_3_1_
Semilla: 1788104973
Segundos: 232
NIteraciones: 100000

Costo_train: 0.249916
Precision_train: -nan(ind)
Recall_train: 0.000000
F1_train: -nan(ind)

Costo_test: 0.249932
Precision_test: -nan(ind)
Recall_test: 0.000000
F1_test: -nan(ind)
 

Arquitectura: _2_3_3_3_3_3_1_
Semilla: 1788104973
Segundos: 232
NIteraciones: 100000

Costo_train: 0.249995
Precision_train: -nan(ind)
Recall_train: 0.000000
F1_train: -nan(ind)

Costo_test: 0.249999
Precision_test: -nan(ind)
Recall_test: 0.000000
F1_test: -nan(ind)
 

Arquitectura: _2_3_3_3_3_3_1_
Semilla: 1788104973
Segundos: 232
NIteraciones: 100000

Costo_train: 0.249759
Precision_train: 0.617308
Recall_train: 0.401752
F1_train: 0.486732

Costo_test: 0.249808
Precision_test: 0.579365
Recall_test: 0.363184
F1_test: 0.446483
 

Arquitectura: _2_3_3_3_3_3_1_
Semilla: 1788104973
Segundos: 232
NIteraciones: 100000

Costo_train: 0.250002
Precision_train: -nan(ind)
Recall_train: 0.000000
F1_train: -nan(ind)

Costo_test: 0.250006
Precision_test: -nan(ind)
Recall_test: 0.000000
F1_test: -nan(ind)
 

Arquitectura: _2_3_3_3_3_3_1_
Semilla: 1788104973
Segundos: 232
NIteraciones: 100000

Costo_train: 0.249896
Precision_train: 0.647619
Recall_train: 0.255319
F1_train: 0.366248

Costo_test: 0.249917
Precision_test: 0.575000
Recall_test: 0.228856
F1_test: 0.327402
 

Arquitectura: _2_3_3_3_3_3_1_
Semilla: 1788104973
Segundos: 232
NIteraciones: 100000

Costo_train: 0.249947
Precision_train: -nan(ind)
Recall_train: 0.000000
F1_train: -nan(ind)

Costo_test: 0.249955
Precision_test: -nan(ind)
Recall_test: 0.000000
F1_test: -nan(ind)
 

Arquitectura: _2_3_3_3_3_3_1_
Semilla: 1788104973
Segundos: 232
NIteraciones: 100000

Costo_train: 0.249957
Precision_train: -nan(ind)
Recall_train: 0.000000
F1_train: -nan(ind)

Costo_test: 0.249976
Precision_test: -nan(ind)
Recall_test: 0.000000
F1_test: -nan(ind)
 

Arquitectura: _2_3_3_3_3_3_1_
Semilla: 1788104973
Segundos: 232
NIteraciones: 100000

Costo_train: 0.249994
Precision_train: -nan(ind)
Recall_train: 0.000000
F1_train: -nan(ind)

Costo_test: 0.249994
Precision_test: -nan(ind)
Recall_test: 0.000000
F1_test: -nan(ind)
 

Arquitectura: _2_3_3_3_3_3_1_
Semilla: 1788104973
Segundos: 232
NIteraciones: 100000

Costo_train: 0.249859
Precision_train: 0.592593
Recall_train: 0.440551
F1_train: 0.505384

Costo_test: 0.249915
Precision_test: 0.560510
Recall_test: 0.437811
F1_test: 0.491620
 

Arquitectura: _2_3_3_3_3_3_1_
Semilla: 1788104973
Segundos: 232
NIteraciones: 100000

Costo_train: 0.249952
Precision_train: 0.416290
Recall_train: 0.115144
F1_train: 0.180392

Costo_test: 0.250000
Precision_test: 0.460317
Recall_test: 0.144279
F1_test: 0.219697
 

Arquitectura: _2_3_3_3_3_3_1_
Semilla: 1788104973
Segundos: 232
NIteraciones: 100000

Costo_train: 0.250001
Precision_train: -nan(ind)
Recall_train: 0.000000
F1_train: -nan(ind)

Costo_test: 0.250004
Precision_test: -nan(ind)
Recall_test: 0.000000
F1_test: -nan(ind)
 

Arquitectura: _2_3_3_3_3_3_1_
Semilla: 1788104973
Segundos: 232
NIteraciones: 100000

Costo_train: 0.249996
Precision_train: -nan(ind)
Recall_train: 0.000000
F1_train: -nan(ind)

Costo_test: 0.249995
Precision_test: -nan(ind)
Recall_test: 0.000000
F1_test: -nan(ind)
 

Arquitectura: _2_3_3_3_3_3_1_
Semilla: 1788104973
Segundos: 232
NIteraciones: 100000

Costo_train: 0.249928
Precision_train: 0.666667
Recall_train: 0.165207
F1_train: 0.264794

Costo_test: 0.249949
Precision_test: 0.557692
Recall_test: 0.144279
F1_test: 0.229249
 

Arquitectura: _2_3_3_3_3_3_1_
Semilla: 1788104973
Segundos: 232
NIteraciones: 100000

Costo_train: 0.249944
Precision_train: -nan(ind)
Recall_train: 0.000000
F1_train: -nan(ind)

Costo_test: 0.249959
Precision_test: -nan(ind)
Recall_test: 0.000000
F1_test: -nan(ind)
 

Arquitectura: _2_3_3_3_3_3_1_
Semilla: 1788104973
Segundos: 232
NIteraciones: 100000

Costo_train: 0.248788
Precision_train: 0.564537
Recall_train: 0.541927
F1_train: 0.553001

Costo_test: 0.249033
Precision_test: 0.549738
Recall_test: 0.522388
F1_test: 0.535714
 

Arquitectura: _2_3_3_3_3_3_1_
Semilla: 1788104973
Segundos: 232
NIteraciones: 100000

Costo_train: 0.249962
Precision_train: -nan(ind)
Recall_train: 0.000000
F1_train: -nan(ind)

Costo_test: 0.249980
Precision_test: -nan(ind)
Recall_test: 0.000000
F1_test: -nan(ind)
 

Arquitectura: _2_3_3_3_3_3_1_
Semilla: 1788104973
Segundos: 232
NIteraciones: 100000

Costo_train: 0.249984
Precision_train: -nan(ind)
Recall_train: 0.000000
F1_train: -nan(ind)

Costo_test: 0.249990
Precision_test: -nan(ind)
Recall_test: 0.000000
F1_test: -nan(ind)
 

Arquitectura: _2_3_3_3_3_3_1_
Semilla: 1788104973
Segundos: 232
NIteraciones: 100000

Costo_train: 0.249997
Precision_train: -nan(ind)
Recall_train: 0.000000
F1_train: -nan(ind)

Costo_test: 0.250001
Precision_test: -nan(ind)
Recall_test: 0.000000
F1_test: -nan(ind)
 

Arquitectura: _2_3_3_3_3_3_1_
Semilla: 1788104973
Segundos: 232
NIteraciones: 100000

Costo_train: 0.250010
Precision_train: -nan(ind)
Recall_train: 0.000000
F1_train: -nan(ind)

Costo_test: 0.250013
Precision_test: -nan(ind)
Recall_test: 0.000000
F1_test: -nan(ind)
 

Arquitectura: _2_3_3_3_3_3_1_
Semilla: 1788104973
Segundos: 232
NIteraciones: 100000

Costo_train: 0.249919
Precision_train: 0.659164
Recall_train: 0.256571
F1_train: 0.369369

Costo_test: 0.249946
Precision_test: 0.576923
Recall_test: 0.223881
F1_test: 0.322581
 

Arquitectura: _2_3_3_3_3_3_1_
Semilla: 1788104973
Segundos: 232
NIteraciones: 100000

Costo_train: 0.249998
Precision_train: -nan(ind)
Recall_train: 0.000000
F1_train: -nan(ind)

Costo_test: 0.250002
Precision_test: -nan(ind)
Recall_test: 0.000000
F1_test: -nan(ind)
 

Arquitectura: _2_3_3_3_3_3_1_
Semilla: 1788104973
Segundos: 232
NIteraciones: 100000

Costo_train: 0.249898
Precision_train: 0.556172
Recall_train: 0.501877
F1_train: 0.527632

Costo_test: 0.249955
Precision_test: 0.534091
Recall_test: 0.467662
F1_test: 0.498674
 

Arquitectura: _2_3_3_3_3_3_1_
Semilla: 1788104973
Segundos: 232
NIteraciones: 100000

Costo_train: 0.249982
Precision_train: -nan(ind)
Recall_train: 0.000000
F1_train: -nan(ind)

Costo_test: 0.249988
Precision_test: -nan(ind)
Recall_test: 0.000000
F1_test: -nan(ind)
 

Arquitectura: _2_3_3_3_3_3_1_
Semilla: 1788104973
Segundos: 232
NIteraciones: 100000

Costo_train: 0.249964
Precision_train: -nan(ind)
Recall_train: 0.000000
F1_train: -nan(ind)

Costo_test: 0.249972
Precision_test: -nan(ind)
Recall_test: 0.000000
F1_test: -nan(ind)
 
