--- Configuración Actual ---
Paso: 0.200000
Gamma: 0.000000
Parada: 0.100000
Iteraciones: 100000
CapasDesde: 2
CapasHasta: 5
Repeticiones: 1
Intervalo: 10000
Batch: 100
MultiplicadorProfunda: 0.700000
Tarjeta: NVIDIA GeForce RTX 3090 Ti
----------------------------
Dimensiones Datos
trainx: 2x1600 
trainy: 1x1600 
test_x: 2x400 


--- Test Angosta 2.0 ---
Iteración 10000
Costo: 0.249817
Iteración 20000
Costo: 0.249792
Iteración 30000
Costo: 0.249751
Iteración 40000
Costo: 0.249647
Iteración 50000
Costo: 0.249387
Iteración 60000
Costo: 0.248945
Iteración 70000
Costo: 0.248421
Iteración 80000
Costo: 0.247900
Iteración 90000
Costo: 0.247530

Arquitectura: _2_6_1_
Semilla: 1788098320
Segundos: 49
NIteraciones: 100000

Costo_train: 0.247308
Precision_train: 0.549045
Recall_train: 0.542821
F1_train: 0.545915

Costo_test: 0.246969
Precision_test: 0.576087
Recall_test: 0.514563
F1_test: 0.543590
 

Arquitectura: _2_6_1_
Semilla: 1788098320
Segundos: 49
NIteraciones: 100000

Costo_train: 0.248262
Precision_train: 0.523929
Recall_train: 0.523929
F1_train: 0.523929

Costo_test: 0.249551
Precision_test: 0.533742
Recall_test: 0.422330
F1_test: 0.471545
 

Arquitectura: _2_6_1_
Semilla: 1788098320
Segundos: 49
NIteraciones: 100000

Costo_train: 0.246808
Precision_train: 0.545689
Recall_train: 0.534005
F1_train: 0.539784

Costo_test: 0.246920
Precision_test: 0.598901
Recall_test: 0.529126
F1_test: 0.561856
 

Arquitectura: _2_6_1_
Semilla: 1788098320
Segundos: 49
NIteraciones: 100000

Costo_train: 0.246964
Precision_train: 0.551181
Recall_train: 0.528967
F1_train: 0.539846

Costo_test: 0.247154
Precision_test: 0.576923
Recall_test: 0.509709
F1_test: 0.541237
 

Arquitectura: _2_6_1_
Semilla: 1788098320
Segundos: 49
NIteraciones: 100000

Costo_train: 0.246633
Precision_train: 0.551813
Recall_train: 0.536524
F1_train: 0.544061

Costo_test: 0.246814
Precision_test: 0.598901
Recall_test: 0.529126
F1_test: 0.561856
 

Arquitectura: _2_6_1_
Semilla: 1788098320
Segundos: 49
NIteraciones: 100000

Costo_train: 0.247193
Precision_train: 0.549333
Recall_train: 0.518892
F1_train: 0.533679

Costo_test: 0.247829
Precision_test: 0.568965
Recall_test: 0.480583
F1_test: 0.521053
 

Arquitectura: _2_6_1_
Semilla: 1788098320
Segundos: 49
NIteraciones: 100000

Costo_train: 0.246948
Precision_train: 0.546997
Recall_train: 0.527708
F1_train: 0.537179

Costo_test: 0.247467
Precision_test: 0.585635
Recall_test: 0.514563
F1_test: 0.547804
 

Arquitectura: _2_6_1_
Semilla: 1788098320
Segundos: 49
NIteraciones: 100000

Costo_train: 0.246717
Precision_train: 0.552219
Recall_train: 0.532746
F1_train: 0.542308

Costo_test: 0.246915
Precision_test: 0.594286
Recall_test: 0.504854
F1_test: 0.545932
 

Arquitectura: _2_6_1_
Semilla: 1788098320
Segundos: 49
NIteraciones: 100000

Costo_train: 0.247068
Precision_train: 0.546053
Recall_train: 0.522670
F1_train: 0.534105

Costo_test: 0.247439
Precision_test: 0.564246
Recall_test: 0.490291
F1_test: 0.524675
 

Arquitectura: _2_6_1_
Semilla: 1788098320
Segundos: 49
NIteraciones: 100000

Costo_train: 0.246879
Precision_train: 0.546154
Recall_train: 0.536524
F1_train: 0.541296

Costo_test: 0.247098
Precision_test: 0.584699
Recall_test: 0.519417
F1_test: 0.550129
 

Arquitectura: _2_6_1_
Semilla: 1788098320
Segundos: 49
NIteraciones: 100000

Costo_train: 0.246998
Precision_train: 0.548892
Recall_train: 0.530227
F1_train: 0.539398

Costo_test: 0.247014
Precision_test: 0.577778
Recall_test: 0.504854
F1_test: 0.538860
 

Arquitectura: _2_6_1_
Semilla: 1788098320
Segundos: 49
NIteraciones: 100000

Costo_train: 0.247465
Precision_train: 0.550272
Recall_train: 0.510076
F1_train: 0.529412

Costo_test: 0.247927
Precision_test: 0.603659
Recall_test: 0.480583
F1_test: 0.535135
 

Arquitectura: _2_6_1_
Semilla: 1788098320
Segundos: 49
NIteraciones: 100000

Costo_train: 0.246863
Precision_train: 0.544061
Recall_train: 0.536524
F1_train: 0.540266

Costo_test: 0.246954
Precision_test: 0.595628
Recall_test: 0.529126
F1_test: 0.560411
 

Arquitectura: _2_6_1_
Semilla: 1788098320
Segundos: 49
NIteraciones: 100000

Costo_train: 0.246967
Precision_train: 0.547464
Recall_train: 0.530227
F1_train: 0.538708

Costo_test: 0.247275
Precision_test: 0.590164
Recall_test: 0.524272
F1_test: 0.555270
 

Arquitectura: _2_6_1_
Semilla: 1788098320
Segundos: 49
NIteraciones: 100000

Costo_train: 0.247037
Precision_train: 0.542784
Recall_train: 0.535264
F1_train: 0.538998

Costo_test: 0.247143
Precision_test: 0.579235
Recall_test: 0.514563
F1_test: 0.544987
 

Arquitectura: _2_6_1_
Semilla: 1788098320
Segundos: 49
NIteraciones: 100000

Costo_train: 0.246978
Precision_train: 0.551047
Recall_train: 0.530227
F1_train: 0.540437

Costo_test: 0.247166
Precision_test: 0.577778
Recall_test: 0.504854
F1_test: 0.538860
 

Arquitectura: _2_6_1_
Semilla: 1788098320
Segundos: 49
NIteraciones: 100000

Costo_train: 0.247019
Precision_train: 0.547120
Recall_train: 0.526448
F1_train: 0.536585

Costo_test: 0.247058
Precision_test: 0.569061
Recall_test: 0.500000
F1_test: 0.532300
 

Arquitectura: _2_6_1_
Semilla: 1788098320
Segundos: 49
NIteraciones: 100000

Costo_train: 0.246702
Precision_train: 0.550196
Recall_train: 0.531486
F1_train: 0.540679

Costo_test: 0.246828
Precision_test: 0.602210
Recall_test: 0.529126
F1_test: 0.563307
 

Arquitectura: _2_6_1_
Semilla: 1788098320
Segundos: 49
NIteraciones: 100000

Costo_train: 0.246879
Precision_train: 0.547219
Recall_train: 0.532746
F1_train: 0.539885

Costo_test: 0.247061
Precision_test: 0.593407
Recall_test: 0.524272
F1_test: 0.556701
 

Arquitectura: _2_6_1_
Semilla: 1788098320
Segundos: 49
NIteraciones: 100000

Costo_train: 0.246379
Precision_train: 0.541828
Recall_train: 0.530227
F1_train: 0.535964

Costo_test: 0.246843
Precision_test: 0.589474
Recall_test: 0.543689
F1_test: 0.565657
 

Arquitectura: _2_6_1_
Semilla: 1788098320
Segundos: 49
NIteraciones: 100000

Costo_train: 0.246758
Precision_train: 0.547097
Recall_train: 0.534005
F1_train: 0.540472

Costo_test: 0.246881
Precision_test: 0.604396
Recall_test: 0.533981
F1_test: 0.567010
 

Arquitectura: _2_6_1_
Semilla: 1788098320
Segundos: 49
NIteraciones: 100000

Costo_train: 0.246745
Precision_train: 0.541985
Recall_train: 0.536524
F1_train: 0.539241

Costo_test: 0.247061
Precision_test: 0.592391
Recall_test: 0.529126
F1_test: 0.558974
 

Arquitectura: _2_6_1_
Semilla: 1788098320
Segundos: 49
NIteraciones: 100000

Costo_train: 0.246981
Precision_train: 0.545338
Recall_train: 0.537783
F1_train: 0.541535

Costo_test: 0.247227
Precision_test: 0.571429
Recall_test: 0.504854
F1_test: 0.536083
 

Arquitectura: _2_6_1_
Semilla: 1788098320
Segundos: 49
NIteraciones: 100000

Costo_train: 0.246690
Precision_train: 0.551546
Recall_train: 0.539043
F1_train: 0.545223

Costo_test: 0.246881
Precision_test: 0.591160
Recall_test: 0.519417
F1_test: 0.552972
 

Arquitectura: _2_6_1_
Semilla: 1788098320
Segundos: 49
NIteraciones: 100000

Costo_train: 0.246701
Precision_train: 0.545802
Recall_train: 0.540302
F1_train: 0.543038

Costo_test: 0.246682
Precision_test: 0.586021
Recall_test: 0.529126
F1_test: 0.556122
 

Arquitectura: _2_6_1_
Semilla: 1788098320
Segundos: 49
NIteraciones: 100000

Costo_train: 0.246849
Precision_train: 0.547837
Recall_train: 0.526448
F1_train: 0.536930

Costo_test: 0.247565
Precision_test: 0.576271
Recall_test: 0.495146
F1_test: 0.532637
 

Arquitectura: _2_6_1_
Semilla: 1788098320
Segundos: 49
NIteraciones: 100000

Costo_train: 0.246986
Precision_train: 0.543970
Recall_train: 0.545340
F1_train: 0.544654

Costo_test: 0.246809
Precision_test: 0.580645
Recall_test: 0.524272
F1_test: 0.551020
 

Arquitectura: _2_6_1_
Semilla: 1788098320
Segundos: 49
NIteraciones: 100000

Costo_train: 0.246568
Precision_train: 0.541613
Recall_train: 0.532746
F1_train: 0.537143

Costo_test: 0.246945
Precision_test: 0.594595
Recall_test: 0.533981
F1_test: 0.562660
 

Arquitectura: _2_6_1_
Semilla: 1788098320
Segundos: 49
NIteraciones: 100000

Costo_train: 0.246653
Precision_train: 0.542784
Recall_train: 0.535264
F1_train: 0.538998

Costo_test: 0.246673
Precision_test: 0.592391
Recall_test: 0.529126
F1_test: 0.558974
 

Arquitectura: _2_6_1_
Semilla: 1788098320
Segundos: 49
NIteraciones: 100000

Costo_train: 0.246977
Precision_train: 0.545925
Recall_train: 0.531486
F1_train: 0.538609

Costo_test: 0.247176
Precision_test: 0.581006
Recall_test: 0.504854
F1_test: 0.540260
 

Arquitectura: _2_6_1_
Semilla: 1788098320
Segundos: 49
NIteraciones: 100000

Costo_train: 0.247215
Precision_train: 0.549479
Recall_train: 0.531486
F1_train: 0.540333

Costo_test: 0.247452
Precision_test: 0.570621
Recall_test: 0.490291
F1_test: 0.527415
 

Arquitectura: _2_6_1_
Semilla: 1788098320
Segundos: 49
NIteraciones: 100000

Costo_train: 0.247808
Precision_train: 0.537415
Recall_train: 0.497481
F1_train: 0.516678

Costo_test: 0.248174
Precision_test: 0.560241
Recall_test: 0.451456
F1_test: 0.500000
 

Arquitectura: _2_6_1_
Semilla: 1788098320
Segundos: 49
NIteraciones: 100000

Costo_train: 0.247209
Precision_train: 0.551587
Recall_train: 0.525189
F1_train: 0.538064

Costo_test: 0.247384
Precision_test: 0.576271
Recall_test: 0.495146
F1_test: 0.532637
 

Arquitectura: _2_6_1_
Semilla: 1788098320
Segundos: 49
NIteraciones: 100000

Costo_train: 0.246791
Precision_train: 0.545571
Recall_train: 0.535264
F1_train: 0.540369

Costo_test: 0.246949
Precision_test: 0.600000
Recall_test: 0.524272
F1_test: 0.559586
 

Arquitectura: _2_6_1_
Semilla: 1788098320
Segundos: 49
NIteraciones: 100000

Costo_train: 0.246521
Precision_train: 0.543860
Recall_train: 0.546600
F1_train: 0.545226

Costo_test: 0.246657
Precision_test: 0.589474
Recall_test: 0.543689
F1_test: 0.565657
 

Arquitectura: _2_6_1_
Semilla: 1788098320
Segundos: 49
NIteraciones: 100000

Costo_train: 0.247724
Precision_train: 0.533955
Recall_train: 0.505038
F1_train: 0.519094

Costo_test: 0.248401
Precision_test: 0.567251
Recall_test: 0.470874
F1_test: 0.514589
 

Arquitectura: _2_6_1_
Semilla: 1788098320
Segundos: 49
NIteraciones: 100000

Costo_train: 0.247283
Precision_train: 0.549046
Recall_train: 0.507557
F1_train: 0.527487

Costo_test: 0.247730
Precision_test: 0.579882
Recall_test: 0.475728
F1_test: 0.522667
 

Arquitectura: _2_6_1_
Semilla: 1788098320
Segundos: 49
NIteraciones: 100000

Costo_train: 0.246798
Precision_train: 0.549072
Recall_train: 0.521411
F1_train: 0.534884

Costo_test: 0.247173
Precision_test: 0.589595
Recall_test: 0.495146
F1_test: 0.538259
 

Arquitectura: _2_6_1_
Semilla: 1788098320
Segundos: 49
NIteraciones: 100000

Costo_train: 0.246908
Precision_train: 0.543004
Recall_train: 0.532746
F1_train: 0.537826

Costo_test: 0.246995
Precision_test: 0.590164
Recall_test: 0.524272
F1_test: 0.555270
 

Arquitectura: _2_6_1_
Semilla: 1788098320
Segundos: 49
NIteraciones: 100000

Costo_train: 0.247225
Precision_train: 0.548015
Recall_train: 0.539043
F1_train: 0.543492

Costo_test: 0.247034
Precision_test: 0.569892
Recall_test: 0.514563
F1_test: 0.540816
 

Arquitectura: _2_6_1_
Semilla: 1788098320
Segundos: 49
NIteraciones: 100000

Costo_train: 0.247164
Precision_train: 0.545806
Recall_train: 0.532746
F1_train: 0.539197

Costo_test: 0.247335
Precision_test: 0.563536
Recall_test: 0.495146
F1_test: 0.527132
 

Arquitectura: _2_6_1_
Semilla: 1788098320
Segundos: 49
NIteraciones: 100000

Costo_train: 0.246984
Precision_train: 0.549148
Recall_train: 0.527708
F1_train: 0.538215

Costo_test: 0.247331
Precision_test: 0.583333
Recall_test: 0.509709
F1_test: 0.544041
 

Arquitectura: _2_6_1_
Semilla: 1788098320
Segundos: 49
NIteraciones: 100000

Costo_train: 0.247028
Precision_train: 0.551769
Recall_train: 0.530227
F1_train: 0.540784

Costo_test: 0.247539
Precision_test: 0.582857
Recall_test: 0.495146
F1_test: 0.535433
 

Arquitectura: _2_6_1_
Semilla: 1788098320
Segundos: 49
NIteraciones: 100000

Costo_train: 0.246805
Precision_train: 0.547558
Recall_train: 0.536524
F1_train: 0.541985

Costo_test: 0.246777
Precision_test: 0.586957
Recall_test: 0.524272
F1_test: 0.553846
 

Arquitectura: _2_6_1_
Semilla: 1788098320
Segundos: 49
NIteraciones: 100000

Costo_train: 0.247048
Precision_train: 0.546044
Recall_train: 0.530227
F1_train: 0.538019

Costo_test: 0.247285
Precision_test: 0.574586
Recall_test: 0.504854
F1_test: 0.537468
 

Arquitectura: _2_6_1_
Semilla: 1788098320
Segundos: 49
NIteraciones: 100000

Costo_train: 0.246901
Precision_train: 0.548015
Recall_train: 0.539043
F1_train: 0.543492

Costo_test: 0.247235
Precision_test: 0.570652
Recall_test: 0.509709
F1_test: 0.538462
 

Arquitectura: _2_6_1_
Semilla: 1788098320
Segundos: 49
NIteraciones: 100000

Costo_train: 0.246934
Precision_train: 0.545932
Recall_train: 0.523929
F1_train: 0.534704

Costo_test: 0.247581
Precision_test: 0.585227
Recall_test: 0.500000
F1_test: 0.539267
 

Arquitectura: _2_6_1_
Semilla: 1788098320
Segundos: 49
NIteraciones: 100000

Costo_train: 0.246912
Precision_train: 0.542351
Recall_train: 0.540302
F1_train: 0.541325

Costo_test: 0.247023
Precision_test: 0.582011
Recall_test: 0.533981
F1_test: 0.556962
 

Arquitectura: _2_6_1_
Semilla: 1788098320
Segundos: 49
NIteraciones: 100000

Costo_train: 0.246861
Precision_train: 0.546392
Recall_train: 0.534005
F1_train: 0.540127

Costo_test: 0.246884
Precision_test: 0.577540
Recall_test: 0.524272
F1_test: 0.549618
 

Arquitectura: _2_6_1_
Semilla: 1788098320
Segundos: 49
NIteraciones: 100000

Costo_train: 0.246812
Precision_train: 0.544643
Recall_train: 0.537783
F1_train: 0.541191

Costo_test: 0.246870
Precision_test: 0.586957
Recall_test: 0.524272
F1_test: 0.553846
 

Arquitectura: _2_6_1_
Semilla: 1788098320
Segundos: 49
NIteraciones: 100000

Costo_train: 0.247019
Precision_train: 0.547588
Recall_train: 0.528967
F1_train: 0.538117

Costo_test: 0.246679
Precision_test: 0.588889
Recall_test: 0.514563
F1_test: 0.549223
 

Arquitectura: _2_6_1_
Semilla: 1788098320
Segundos: 49
NIteraciones: 100000

Costo_train: 0.246950
Precision_train: 0.547097
Recall_train: 0.534005
F1_train: 0.540472

Costo_test: 0.247170
Precision_test: 0.584699
Recall_test: 0.519417
F1_test: 0.550129
 

Arquitectura: _2_6_1_
Semilla: 1788098320
Segundos: 49
NIteraciones: 100000

Costo_train: 0.246684
Precision_train: 0.554830
Recall_train: 0.535264
F1_train: 0.544872

Costo_test: 0.246909
Precision_test: 0.594444
Recall_test: 0.519417
F1_test: 0.554404
 

Arquitectura: _2_6_1_
Semilla: 1788098320
Segundos: 49
NIteraciones: 100000

Costo_train: 0.247053
Precision_train: 0.547745
Recall_train: 0.520151
F1_train: 0.533592

Costo_test: 0.247532
Precision_test: 0.584699
Recall_test: 0.519417
F1_test: 0.550129
 

Arquitectura: _2_6_1_
Semilla: 1788098320
Segundos: 49
NIteraciones: 100000

Costo_train: 0.246967
Precision_train: 0.547194
Recall_train: 0.540302
F1_train: 0.543726

Costo_test: 0.246922
Precision_test: 0.573684
Recall_test: 0.529126
F1_test: 0.550505
 

Arquitectura: _2_6_1_
Semilla: 1788098320
Segundos: 49
NIteraciones: 100000

Costo_train: 0.246907
Precision_train: 0.552042
Recall_train: 0.527708
F1_train: 0.539601

Costo_test: 0.247110
Precision_test: 0.581006
Recall_test: 0.504854
F1_test: 0.540260
 

Arquitectura: _2_6_1_
Semilla: 1788098320
Segundos: 49
NIteraciones: 100000

Costo_train: 0.247286
Precision_train: 0.553385
Recall_train: 0.535264
F1_train: 0.544174

Costo_test: 0.247285
Precision_test: 0.568182
Recall_test: 0.485437
F1_test: 0.523560
 

Arquitectura: _2_6_1_
Semilla: 1788098320
Segundos: 49
NIteraciones: 100000

Costo_train: 0.247313
Precision_train: 0.547493
Recall_train: 0.522670
F1_train: 0.534794

Costo_test: 0.247751
Precision_test: 0.564972
Recall_test: 0.485437
F1_test: 0.522193
 

Arquitectura: _2_6_1_
Semilla: 1788098320
Segundos: 49
NIteraciones: 100000

Costo_train: 0.246983
Precision_train: 0.543226
Recall_train: 0.530227
F1_train: 0.536648

Costo_test: 0.247107
Precision_test: 0.580110
Recall_test: 0.509709
F1_test: 0.542636
 

Arquitectura: _2_6_1_
Semilla: 1788098320
Segundos: 49
NIteraciones: 100000

Costo_train: 0.246762
Precision_train: 0.544767
Recall_train: 0.544081
F1_train: 0.544423

Costo_test: 0.246656
Precision_test: 0.576720
Recall_test: 0.529126
F1_test: 0.551899
 

Arquitectura: _2_6_1_
Semilla: 1788098320
Segundos: 49
NIteraciones: 100000

Costo_train: 0.246852
Precision_train: 0.550000
Recall_train: 0.526448
F1_train: 0.537966

Costo_test: 0.247246
Precision_test: 0.582418
Recall_test: 0.514563
F1_test: 0.546392
 

Arquitectura: _2_6_1_
Semilla: 1788098320
Segundos: 49
NIteraciones: 100000

Costo_train: 0.247514
Precision_train: 0.555096
Recall_train: 0.507557
F1_train: 0.530263

Costo_test: 0.247838
Precision_test: 0.588957
Recall_test: 0.466019
F1_test: 0.520325
 

Arquitectura: _2_6_1_
Semilla: 1788098320
Segundos: 49
NIteraciones: 100000

Costo_train: 0.246834
Precision_train: 0.546997
Recall_train: 0.527708
F1_train: 0.537179

Costo_test: 0.247474
Precision_test: 0.591160
Recall_test: 0.519417
F1_test: 0.552972
 

Arquitectura: _2_6_1_
Semilla: 1788098320
Segundos: 49
NIteraciones: 100000

Costo_train: 0.246584
Precision_train: 0.549935
Recall_train: 0.534005
F1_train: 0.541853

Costo_test: 0.246871
Precision_test: 0.606557
Recall_test: 0.538835
F1_test: 0.570694
 

Arquitectura: _2_6_1_
Semilla: 1788098320
Segundos: 49
NIteraciones: 100000

Costo_train: 0.246572
Precision_train: 0.555263
Recall_train: 0.531486
F1_train: 0.543115

Costo_test: 0.246844
Precision_test: 0.611429
Recall_test: 0.519417
F1_test: 0.561680
 

Arquitectura: _2_6_1_
Semilla: 1788098320
Segundos: 49
NIteraciones: 100000

Costo_train: 0.247025
Precision_train: 0.548969
Recall_train: 0.536524
F1_train: 0.542675

Costo_test: 0.247106
Precision_test: 0.576087
Recall_test: 0.514563
F1_test: 0.543590
 

Arquitectura: _2_6_1_
Semilla: 1788098320
Segundos: 49
NIteraciones: 100000

Costo_train: 0.246780
Precision_train: 0.545918
Recall_train: 0.539043
F1_train: 0.542459

Costo_test: 0.246880
Precision_test: 0.589189
Recall_test: 0.529126
F1_test: 0.557545
 

Arquitectura: _2_6_1_
Semilla: 1788098320
Segundos: 49
NIteraciones: 100000

Costo_train: 0.246802
Precision_train: 0.540404
Recall_train: 0.539043
F1_train: 0.539723

Costo_test: 0.247013
Precision_test: 0.594595
Recall_test: 0.533981
F1_test: 0.562660
 

Arquitectura: _2_6_1_
Semilla: 1788098320
Segundos: 49
NIteraciones: 100000

Costo_train: 0.247633
Precision_train: 0.545828
Recall_train: 0.502519
F1_train: 0.523279

Costo_test: 0.247940
Precision_test: 0.572289
Recall_test: 0.461165
F1_test: 0.510753
 

Arquitectura: _2_6_1_
Semilla: 1788098320
Segundos: 49
NIteraciones: 100000

Costo_train: 0.246792
Precision_train: 0.549550
Recall_train: 0.537783
F1_train: 0.543603

Costo_test: 0.246835
Precision_test: 0.590164
Recall_test: 0.524272
F1_test: 0.555270
 

Arquitectura: _2_6_1_
Semilla: 1788098320
Segundos: 49
NIteraciones: 100000

Costo_train: 0.246666
Precision_train: 0.546735
Recall_train: 0.537783
F1_train: 0.542222

Costo_test: 0.246668
Precision_test: 0.594595
Recall_test: 0.533981
F1_test: 0.562660
 

Arquitectura: _2_6_1_
Semilla: 1788098320
Segundos: 49
NIteraciones: 100000

Costo_train: 0.246995
Precision_train: 0.546164
Recall_train: 0.528967
F1_train: 0.537428

Costo_test: 0.246919
Precision_test: 0.579235
Recall_test: 0.514563
F1_test: 0.544987
 

Arquitectura: _2_6_1_
Semilla: 1788098320
Segundos: 49
NIteraciones: 100000

Costo_train: 0.248261
Precision_train: 0.527062
Recall_train: 0.515113
F1_train: 0.521019

Costo_test: 0.249250
Precision_test: 0.525641
Recall_test: 0.398058
F1_test: 0.453039
 

Arquitectura: _2_6_1_
Semilla: 1788098320
Segundos: 49
NIteraciones: 100000

Costo_train: 0.247182
Precision_train: 0.548556
Recall_train: 0.526448
F1_train: 0.537275

Costo_test: 0.247518
Precision_test: 0.567416
Recall_test: 0.490291
F1_test: 0.526042
 

Arquitectura: _2_6_1_
Semilla: 1788098320
Segundos: 49
NIteraciones: 100000

Costo_train: 0.246919
Precision_train: 0.549407
Recall_train: 0.525189
F1_train: 0.537025

Costo_test: 0.247067
Precision_test: 0.582418
Recall_test: 0.514563
F1_test: 0.546392
 

Arquitectura: _2_6_1_
Semilla: 1788098320
Segundos: 49
NIteraciones: 100000

Costo_train: 0.248368
Precision_train: 0.520253
Recall_train: 0.517632
F1_train: 0.518939

Costo_test: 0.249915
Precision_test: 0.527950
Recall_test: 0.412621
F1_test: 0.463215
 

Arquitectura: _2_6_1_
Semilla: 1788098320
Segundos: 49
NIteraciones: 100000

Costo_train: 0.247452
Precision_train: 0.543956
Recall_train: 0.498741
F1_train: 0.520368

Costo_test: 0.247766
Precision_test: 0.570552
Recall_test: 0.451456
F1_test: 0.504065
 

Arquitectura: _2_6_1_
Semilla: 1788098320
Segundos: 49
NIteraciones: 100000

Costo_train: 0.247115
Precision_train: 0.550993
Recall_train: 0.523929
F1_train: 0.537121

Costo_test: 0.247251
Precision_test: 0.567416
Recall_test: 0.490291
F1_test: 0.526042
 

Arquitectura: _2_6_1_
Semilla: 1788098320
Segundos: 49
NIteraciones: 100000

Costo_train: 0.247558
Precision_train: 0.541838
Recall_train: 0.497481
F1_train: 0.518713

Costo_test: 0.247982
Precision_test: 0.595092
Recall_test: 0.470874
F1_test: 0.525745
 

Arquitectura: _2_6_1_
Semilla: 1788098320
Segundos: 49
NIteraciones: 100000

Costo_train: 0.247387
Precision_train: 0.544474
Recall_train: 0.508816
F1_train: 0.526042

Costo_test: 0.247704
Precision_test: 0.583333
Recall_test: 0.475728
F1_test: 0.524064
 

Arquitectura: _2_6_1_
Semilla: 1788098320
Segundos: 49
NIteraciones: 100000

Costo_train: 0.247420
Precision_train: 0.547091
Recall_train: 0.497481
F1_train: 0.521108

Costo_test: 0.247566
Precision_test: 0.573171
Recall_test: 0.456311
F1_test: 0.508108
 

Arquitectura: _2_6_1_
Semilla: 1788098320
Segundos: 49
NIteraciones: 100000

Costo_train: 0.246901
Precision_train: 0.553665
Recall_train: 0.532746
F1_train: 0.543004

Costo_test: 0.246879
Precision_test: 0.580110
Recall_test: 0.509709
F1_test: 0.542636
 

Arquitectura: _2_6_1_
Semilla: 1788098320
Segundos: 49
NIteraciones: 100000

Costo_train: 0.246836
Precision_train: 0.551402
Recall_train: 0.520151
F1_train: 0.535321

Costo_test: 0.247691
Precision_test: 0.595376
Recall_test: 0.500000
F1_test: 0.543536
 

Arquitectura: _2_6_1_
Semilla: 1788098320
Segundos: 49
NIteraciones: 100000

Costo_train: 0.246962
Precision_train: 0.544156
Recall_train: 0.527708
F1_train: 0.535806

Costo_test: 0.247400
Precision_test: 0.588571
Recall_test: 0.500000
F1_test: 0.540682
 

Arquitectura: _2_6_1_
Semilla: 1788098320
Segundos: 49
NIteraciones: 100000

Costo_train: 0.247778
Precision_train: 0.537620
Recall_train: 0.494962
F1_train: 0.515410

Costo_test: 0.248149
Precision_test: 0.568047
Recall_test: 0.466019
F1_test: 0.512000
 

Arquitectura: _2_6_1_
Semilla: 1788098320
Segundos: 49
NIteraciones: 100000

Costo_train: 0.247011
Precision_train: 0.543226
Recall_train: 0.530227
F1_train: 0.536648

Costo_test: 0.247522
Precision_test: 0.579235
Recall_test: 0.514563
F1_test: 0.544987
 

Arquitectura: _2_6_1_
Semilla: 1788098320
Segundos: 49
NIteraciones: 100000

Costo_train: 0.247041
Precision_train: 0.551862
Recall_train: 0.522670
F1_train: 0.536869

Costo_test: 0.247102
Precision_test: 0.573034
Recall_test: 0.495146
F1_test: 0.531250
 

Arquitectura: _2_6_1_
Semilla: 1788098320
Segundos: 49
NIteraciones: 100000

Costo_train: 0.246759
Precision_train: 0.542784
Recall_train: 0.535264
F1_train: 0.538998

Costo_test: 0.246759
Precision_test: 0.583784
Recall_test: 0.524272
F1_test: 0.552430
 

Arquitectura: _2_6_1_
Semilla: 1788098320
Segundos: 49
NIteraciones: 100000

Costo_train: 0.246864
Precision_train: 0.545455
Recall_train: 0.528967
F1_train: 0.537084

Costo_test: 0.247652
Precision_test: 0.600000
Recall_test: 0.524272
F1_test: 0.559586
 

Arquitectura: _2_6_1_
Semilla: 1788098320
Segundos: 49
NIteraciones: 100000

Costo_train: 0.246877
Precision_train: 0.544980
Recall_train: 0.526448
F1_train: 0.535554

Costo_test: 0.247293
Precision_test: 0.595506
Recall_test: 0.514563
F1_test: 0.552083
 

Arquitectura: _2_6_1_
Semilla: 1788098320
Segundos: 49
NIteraciones: 100000

Costo_train: 0.247420
Precision_train: 0.549731
Recall_train: 0.515113
F1_train: 0.531860

Costo_test: 0.247600
Precision_test: 0.588235
Recall_test: 0.485437
F1_test: 0.531915
 

Arquitectura: _2_6_1_
Semilla: 1788098320
Segundos: 49
NIteraciones: 100000

Costo_train: 0.246691
Precision_train: 0.549677
Recall_train: 0.536524
F1_train: 0.543021

Costo_test: 0.246819
Precision_test: 0.592391
Recall_test: 0.529126
F1_test: 0.558974
 

Arquitectura: _2_6_1_
Semilla: 1788098320
Segundos: 49
NIteraciones: 100000

Costo_train: 0.247150
Precision_train: 0.549223
Recall_train: 0.534005
F1_train: 0.541507

Costo_test: 0.247215
Precision_test: 0.563536
Recall_test: 0.495146
F1_test: 0.527132
 

Arquitectura: _2_6_1_
Semilla: 1788098320
Segundos: 49
NIteraciones: 100000

Costo_train: 0.246933
Precision_train: 0.543702
Recall_train: 0.532746
F1_train: 0.538168

Costo_test: 0.247197
Precision_test: 0.581522
Recall_test: 0.519417
F1_test: 0.548718
 

Arquitectura: _2_6_1_
Semilla: 1788098320
Segundos: 49
NIteraciones: 100000

Costo_train: 0.246758
Precision_train: 0.547493
Recall_train: 0.522670
F1_train: 0.534794

Costo_test: 0.247144
Precision_test: 0.585227
Recall_test: 0.500000
F1_test: 0.539267
 

Arquitectura: _2_6_1_
Semilla: 1788098320
Segundos: 49
NIteraciones: 100000

Costo_train: 0.246914
Precision_train: 0.543814
Recall_train: 0.531486
F1_train: 0.537580

Costo_test: 0.247045
Precision_test: 0.579235
Recall_test: 0.514563
F1_test: 0.544987
 

Arquitectura: _2_6_1_
Semilla: 1788098320
Segundos: 49
NIteraciones: 100000

Costo_train: 0.247752
Precision_train: 0.536869
Recall_train: 0.522670
F1_train: 0.529675

Costo_test: 0.247956
Precision_test: 0.568965
Recall_test: 0.480583
F1_test: 0.521053
 

Arquitectura: _2_6_1_
Semilla: 1788098320
Segundos: 49
NIteraciones: 100000

Costo_train: 0.247485
Precision_train: 0.541497
Recall_train: 0.501259
F1_train: 0.520602

Costo_test: 0.248068
Precision_test: 0.577640
Recall_test: 0.451456
F1_test: 0.506812
 

Arquitectura: _2_6_1_
Semilla: 1788098320
Segundos: 49
NIteraciones: 100000

Costo_train: 0.246938
Precision_train: 0.544304
Recall_train: 0.541562
F1_train: 0.542929

Costo_test: 0.246880
Precision_test: 0.571429
Recall_test: 0.524272
F1_test: 0.546835
 

Arquitectura: _2_6_1_
Semilla: 1788098320
Segundos: 49
NIteraciones: 100000

Costo_train: 0.248342
Precision_train: 0.520202
Recall_train: 0.518892
F1_train: 0.519546

Costo_test: 0.249633
Precision_test: 0.539394
Recall_test: 0.432039
F1_test: 0.479784
 


--- Test Profunda 2.0 ---
Iteración 10000
Costo: 0.249865
Iteración 20000
Costo: 0.249840
Iteración 30000
Costo: 0.249830
Iteración 40000
Costo: 0.249821
Iteración 50000
Costo: 0.249810
Iteración 60000
Costo: 0.249797
Iteración 70000
Costo: 0.249782
Iteración 80000
Costo: 0.249764
Iteración 90000
Costo: 0.249743

Arquitectura: _2_3_3_1_
Semilla: 1788098369
Segundos: 93
NIteraciones: 100000

Costo_train: 0.249718
Precision_train: 0.518468
Recall_train: 0.477330
F1_train: 0.497049

Costo_test: 0.250635
Precision_test: 0.494253
Recall_test: 0.417476
F1_test: 0.452632
 

Arquitectura: _2_3_3_1_
Semilla: 1788098369
Segundos: 93
NIteraciones: 100000

Costo_train: 0.249185
Precision_train: 0.530220
Recall_train: 0.486146
F1_train: 0.507227

Costo_test: 0.250214
Precision_test: 0.525641
Recall_test: 0.398058
F1_test: 0.453039
 

Arquitectura: _2_3_3_1_
Semilla: 1788098369
Segundos: 93
NIteraciones: 100000

Costo_train: 0.249528
Precision_train: 0.516171
Recall_train: 0.502519
F1_train: 0.509253

Costo_test: 0.250503
Precision_test: 0.491124
Recall_test: 0.402913
F1_test: 0.442667
 

Arquitectura: _2_3_3_1_
Semilla: 1788098369
Segundos: 93
NIteraciones: 100000

Costo_train: 0.249579
Precision_train: 0.521848
Recall_train: 0.526448
F1_train: 0.524138

Costo_test: 0.250417
Precision_test: 0.515464
Recall_test: 0.485437
F1_test: 0.500000
 

Arquitectura: _2_3_3_1_
Semilla: 1788098369
Segundos: 93
NIteraciones: 100000

Costo_train: 0.249787
Precision_train: 0.508221
Recall_train: 0.428212
F1_train: 0.464798

Costo_test: 0.250627
Precision_test: 0.506173
Recall_test: 0.398058
F1_test: 0.445652
 

Arquitectura: _2_3_3_1_
Semilla: 1788098369
Segundos: 93
NIteraciones: 100000

Costo_train: 0.249737
Precision_train: 0.522148
Recall_train: 0.489924
F1_train: 0.505523

Costo_test: 0.250514
Precision_test: 0.491620
Recall_test: 0.427184
F1_test: 0.457143
 

Arquitectura: _2_3_3_1_
Semilla: 1788098369
Segundos: 93
NIteraciones: 100000

Costo_train: 0.249624
Precision_train: 0.517016
Recall_train: 0.497481
F1_train: 0.507060

Costo_test: 0.250584
Precision_test: 0.494382
Recall_test: 0.427184
F1_test: 0.458333
 

Arquitectura: _2_3_3_1_
Semilla: 1788098369
Segundos: 93
NIteraciones: 100000

Costo_train: 0.249227
Precision_train: 0.530523
Recall_train: 0.459698
F1_train: 0.492578

Costo_test: 0.250281
Precision_test: 0.528169
Recall_test: 0.364078
F1_test: 0.431034
 

Arquitectura: _2_3_3_1_
Semilla: 1788098369
Segundos: 93
NIteraciones: 100000

Costo_train: 0.249648
Precision_train: 0.524057
Recall_train: 0.507557
F1_train: 0.515675

Costo_test: 0.250609
Precision_test: 0.494505
Recall_test: 0.436893
F1_test: 0.463918
 

Arquitectura: _2_3_3_1_
Semilla: 1788098369
Segundos: 93
NIteraciones: 100000

Costo_train: 0.249770
Precision_train: 0.511594
Recall_train: 0.444584
F1_train: 0.475741

Costo_test: 0.250660
Precision_test: 0.500000
Recall_test: 0.398058
F1_test: 0.443243
 

Arquitectura: _2_3_3_1_
Semilla: 1788098369
Segundos: 93
NIteraciones: 100000

Costo_train: 0.249463
Precision_train: 0.515354
Recall_train: 0.486146
F1_train: 0.500324

Costo_test: 0.250686
Precision_test: 0.487805
Recall_test: 0.388350
F1_test: 0.432432
 

Arquitectura: _2_3_3_1_
Semilla: 1788098369
Segundos: 93
NIteraciones: 100000

Costo_train: 0.249454
Precision_train: 0.525132
Recall_train: 0.500000
F1_train: 0.512258

Costo_test: 0.250448
Precision_test: 0.503030
Recall_test: 0.402913
F1_test: 0.447439
 

Arquitectura: _2_3_3_1_
Semilla: 1788098369
Segundos: 93
NIteraciones: 100000

Costo_train: 0.249776
Precision_train: 0.522161
Recall_train: 0.474811
F1_train: 0.497361

Costo_test: 0.250601
Precision_test: 0.488235
Recall_test: 0.402913
F1_test: 0.441489
 

Arquitectura: _2_3_3_1_
Semilla: 1788098369
Segundos: 93
NIteraciones: 100000

Costo_train: 0.249803
Precision_train: 0.505426
Recall_train: 0.410579
F1_train: 0.453092

Costo_test: 0.250799
Precision_test: 0.480519
Recall_test: 0.359223
F1_test: 0.411111
 

Arquitectura: _2_3_3_1_
Semilla: 1788098369
Segundos: 93
NIteraciones: 100000

Costo_train: 0.249610
Precision_train: 0.516129
Recall_train: 0.423174
F1_train: 0.465052

Costo_test: 0.250657
Precision_test: 0.492857
Recall_test: 0.334951
F1_test: 0.398844
 

Arquitectura: _2_3_3_1_
Semilla: 1788098369
Segundos: 93
NIteraciones: 100000

Costo_train: 0.249629
Precision_train: 0.516484
Recall_train: 0.473552
F1_train: 0.494087

Costo_test: 0.250512
Precision_test: 0.500000
Recall_test: 0.417476
F1_test: 0.455026
 

Arquitectura: _2_3_3_1_
Semilla: 1788098369
Segundos: 93
NIteraciones: 100000

Costo_train: 0.249738
Precision_train: 0.508746
Recall_train: 0.439547
F1_train: 0.471622

Costo_test: 0.250637
Precision_test: 0.497006
Recall_test: 0.402913
F1_test: 0.445040
 

Arquitectura: _2_3_3_1_
Semilla: 1788098369
Segundos: 93
NIteraciones: 100000

Costo_train: 0.249786
Precision_train: 0.514032
Recall_train: 0.438287
F1_train: 0.473148

Costo_test: 0.250755
Precision_test: 0.484076
Recall_test: 0.368932
F1_test: 0.418733
 

Arquitectura: _2_3_3_1_
Semilla: 1788098369
Segundos: 93
NIteraciones: 100000

Costo_train: 0.249820
Precision_train: 0.501567
Recall_train: 0.403023
F1_train: 0.446927

Costo_test: 0.250665
Precision_test: 0.483444
Recall_test: 0.354369
F1_test: 0.408964
 

Arquitectura: _2_3_3_1_
Semilla: 1788098369
Segundos: 93
NIteraciones: 100000

Costo_train: 0.249711
Precision_train: 0.513213
Recall_train: 0.464736
F1_train: 0.487773

Costo_test: 0.250613
Precision_test: 0.500000
Recall_test: 0.412621
F1_test: 0.452128
 

Arquitectura: _2_3_3_1_
Semilla: 1788098369
Segundos: 93
NIteraciones: 100000

Costo_train: 0.249595
Precision_train: 0.517555
Recall_train: 0.501259
F1_train: 0.509277

Costo_test: 0.250453
Precision_test: 0.497238
Recall_test: 0.436893
F1_test: 0.465116
 

Arquitectura: _2_3_3_1_
Semilla: 1788098369
Segundos: 93
NIteraciones: 100000

Costo_train: 0.249679
Precision_train: 0.521854
Recall_train: 0.496222
F1_train: 0.508715

Costo_test: 0.250501
Precision_test: 0.500000
Recall_test: 0.446602
F1_test: 0.471795
 

Arquitectura: _2_3_3_1_
Semilla: 1788098369
Segundos: 93
NIteraciones: 100000

Costo_train: 0.249330
Precision_train: 0.528833
Recall_train: 0.473552
F1_train: 0.499668

Costo_test: 0.250335
Precision_test: 0.520548
Recall_test: 0.368932
F1_test: 0.431818
 

Arquitectura: _2_3_3_1_
Semilla: 1788098369
Segundos: 93
NIteraciones: 100000

Costo_train: 0.249797
Precision_train: 0.511696
Recall_train: 0.440806
F1_train: 0.473613

Costo_test: 0.250632
Precision_test: 0.493976
Recall_test: 0.398058
F1_test: 0.440860
 

Arquitectura: _2_3_3_1_
Semilla: 1788098369
Segundos: 93
NIteraciones: 100000

Costo_train: 0.249605
Precision_train: 0.513399
Recall_train: 0.458438
F1_train: 0.484365

Costo_test: 0.250575
Precision_test: 0.493750
Recall_test: 0.383495
F1_test: 0.431694
 

Arquitectura: _2_3_3_1_
Semilla: 1788098369
Segundos: 93
NIteraciones: 100000

Costo_train: 0.249814
Precision_train: 0.510140
Recall_train: 0.411839
F1_train: 0.455749

Costo_test: 0.250733
Precision_test: 0.506329
Recall_test: 0.388350
F1_test: 0.439560
 

Arquitectura: _2_3_3_1_
Semilla: 1788098369
Segundos: 93
NIteraciones: 100000

Costo_train: 0.249582
Precision_train: 0.517601
Recall_train: 0.500000
F1_train: 0.508648

Costo_test: 0.250510
Precision_test: 0.500000
Recall_test: 0.436893
F1_test: 0.466321
 

Arquitectura: _2_3_3_1_
Semilla: 1788098369
Segundos: 93
NIteraciones: 100000

Costo_train: 0.249784
Precision_train: 0.522222
Recall_train: 0.473552
F1_train: 0.496697

Costo_test: 0.250616
Precision_test: 0.488235
Recall_test: 0.402913
F1_test: 0.441489
 

Arquitectura: _2_3_3_1_
Semilla: 1788098369
Segundos: 93
NIteraciones: 100000

Costo_train: 0.249205
Precision_train: 0.528395
Recall_train: 0.539043
F1_train: 0.533666

Costo_test: 0.249944
Precision_test: 0.508287
Recall_test: 0.446602
F1_test: 0.475452
 

Arquitectura: _2_3_3_1_
Semilla: 1788098369
Segundos: 93
NIteraciones: 100000

Costo_train: 0.249112
Precision_train: 0.534407
Recall_train: 0.459698
F1_train: 0.494245

Costo_test: 0.250256
Precision_test: 0.528571
Recall_test: 0.359223
F1_test: 0.427746
 

Arquitectura: _2_3_3_1_
Semilla: 1788098369
Segundos: 93
NIteraciones: 100000

Costo_train: 0.249816
Precision_train: 0.510638
Recall_train: 0.423174
F1_train: 0.462810

Costo_test: 0.250670
Precision_test: 0.500000
Recall_test: 0.388350
F1_test: 0.437158
 

Arquitectura: _2_3_3_1_
Semilla: 1788098369
Segundos: 93
NIteraciones: 100000

Costo_train: 0.249769
Precision_train: 0.507463
Recall_train: 0.428212
F1_train: 0.464481

Costo_test: 0.250635
Precision_test: 0.500000
Recall_test: 0.398058
F1_test: 0.443243
 

Arquitectura: _2_3_3_1_
Semilla: 1788098369
Segundos: 93
NIteraciones: 100000

Costo_train: 0.248622
Precision_train: 0.541401
Recall_train: 0.428212
F1_train: 0.478200

Costo_test: 0.249692
Precision_test: 0.529851
Recall_test: 0.344660
F1_test: 0.417647
 

Arquitectura: _2_3_3_1_
Semilla: 1788098369
Segundos: 93
NIteraciones: 100000

Costo_train: 0.249809
Precision_train: 0.501520
Recall_train: 0.415617
F1_train: 0.454545

Costo_test: 0.250757
Precision_test: 0.490446
Recall_test: 0.373786
F1_test: 0.424242
 

Arquitectura: _2_3_3_1_
Semilla: 1788098369
Segundos: 93
NIteraciones: 100000

Costo_train: 0.249567
Precision_train: 0.519695
Recall_train: 0.515113
F1_train: 0.517394

Costo_test: 0.250465
Precision_test: 0.497268
Recall_test: 0.441748
F1_test: 0.467866
 

Arquitectura: _2_3_3_1_
Semilla: 1788098369
Segundos: 93
NIteraciones: 100000

Costo_train: 0.249773
Precision_train: 0.520280
Recall_train: 0.468514
F1_train: 0.493042

Costo_test: 0.250596
Precision_test: 0.488235
Recall_test: 0.402913
F1_test: 0.441489
 

Arquitectura: _2_3_3_1_
Semilla: 1788098369
Segundos: 93
NIteraciones: 100000

Costo_train: 0.249572
Precision_train: 0.523392
Recall_train: 0.450882
F1_train: 0.484438

Costo_test: 0.250509
Precision_test: 0.480263
Recall_test: 0.354369
F1_test: 0.407821
 

Arquitectura: _2_3_3_1_
Semilla: 1788098369
Segundos: 93
NIteraciones: 100000

Costo_train: 0.249793
Precision_train: 0.508371
Recall_train: 0.420655
F1_train: 0.460372

Costo_test: 0.250608
Precision_test: 0.487654
Recall_test: 0.383495
F1_test: 0.429348
 

Arquitectura: _2_3_3_1_
Semilla: 1788098369
Segundos: 93
NIteraciones: 100000

Costo_train: 0.249290
Precision_train: 0.545886
Recall_train: 0.434509
F1_train: 0.483871

Costo_test: 0.250538
Precision_test: 0.523810
Recall_test: 0.320388
F1_test: 0.397590
 

Arquitectura: _2_3_3_1_
Semilla: 1788098369
Segundos: 93
NIteraciones: 100000

Costo_train: 0.248995
Precision_train: 0.539308
Recall_train: 0.431990
F1_train: 0.479720

Costo_test: 0.250015
Precision_test: 0.522727
Recall_test: 0.334951
F1_test: 0.408284
 

Arquitectura: _2_3_3_1_
Semilla: 1788098369
Segundos: 93
NIteraciones: 100000

Costo_train: 0.248995
Precision_train: 0.536550
Recall_train: 0.462217
F1_train: 0.496617

Costo_test: 0.250514
Precision_test: 0.513889
Recall_test: 0.359223
F1_test: 0.422857
 

Arquitectura: _2_3_3_1_
Semilla: 1788098369
Segundos: 93
NIteraciones: 100000

Costo_train: 0.249822
Precision_train: 0.512384
Recall_train: 0.416877
F1_train: 0.459722

Costo_test: 0.250717
Precision_test: 0.490446
Recall_test: 0.373786
F1_test: 0.424242
 

Arquitectura: _2_3_3_1_
Semilla: 1788098369
Segundos: 93
NIteraciones: 100000

Costo_train: 0.249773
Precision_train: 0.517532
Recall_train: 0.464736
F1_train: 0.489715

Costo_test: 0.250640
Precision_test: 0.494118
Recall_test: 0.407767
F1_test: 0.446809
 

Arquitectura: _2_3_3_1_
Semilla: 1788098369
Segundos: 93
NIteraciones: 100000

Costo_train: 0.249614
Precision_train: 0.506294
Recall_train: 0.455919
F1_train: 0.479788

Costo_test: 0.250711
Precision_test: 0.493902
Recall_test: 0.393204
F1_test: 0.437838
 

Arquitectura: _2_3_3_1_
Semilla: 1788098369
Segundos: 93
NIteraciones: 100000

Costo_train: 0.249473
Precision_train: 0.521292
Recall_train: 0.447103
F1_train: 0.481356

Costo_test: 0.250535
Precision_test: 0.490196
Recall_test: 0.364078
F1_test: 0.417827
 

Arquitectura: _2_3_3_1_
Semilla: 1788098369
Segundos: 93
NIteraciones: 100000

Costo_train: 0.249829
Precision_train: 0.510744
Recall_train: 0.389169
F1_train: 0.441744

Costo_test: 0.250499
Precision_test: 0.496504
Recall_test: 0.344660
F1_test: 0.406877
 

Arquitectura: _2_3_3_1_
Semilla: 1788098369
Segundos: 93
NIteraciones: 100000

Costo_train: 0.249614
Precision_train: 0.515106
Recall_train: 0.429471
F1_train: 0.468407

Costo_test: 0.250777
Precision_test: 0.485915
Recall_test: 0.334951
F1_test: 0.396552
 

Arquitectura: _2_3_3_1_
Semilla: 1788098369
Segundos: 93
NIteraciones: 100000

Costo_train: 0.249803
Precision_train: 0.511278
Recall_train: 0.428212
F1_train: 0.466073

Costo_test: 0.250636
Precision_test: 0.496933
Recall_test: 0.393204
F1_test: 0.439024
 

Arquitectura: _2_3_3_1_
Semilla: 1788098369
Segundos: 93
NIteraciones: 100000

Costo_train: 0.249624
Precision_train: 0.520530
Recall_train: 0.494962
F1_train: 0.507424

Costo_test: 0.250520
Precision_test: 0.494382
Recall_test: 0.427184
F1_test: 0.458333
 

Arquitectura: _2_3_3_1_
Semilla: 1788098369
Segundos: 93
NIteraciones: 100000

Costo_train: 0.249846
Precision_train: 0.497529
Recall_train: 0.380353
F1_train: 0.431121

Costo_test: 0.250643
Precision_test: 0.460993
Recall_test: 0.315534
F1_test: 0.374640
 

Arquitectura: _2_3_3_1_
Semilla: 1788098369
Segundos: 93
NIteraciones: 100000

Costo_train: 0.249562
Precision_train: 0.510204
Recall_train: 0.472292
F1_train: 0.490517

Costo_test: 0.250465
Precision_test: 0.485207
Recall_test: 0.398058
F1_test: 0.437333
 

Arquitectura: _2_3_3_1_
Semilla: 1788098369
Segundos: 93
NIteraciones: 100000

Costo_train: 0.249127
Precision_train: 0.521552
Recall_train: 0.457179
F1_train: 0.487248

Costo_test: 0.250262
Precision_test: 0.526667
Recall_test: 0.383495
F1_test: 0.443820
 

Arquitectura: _2_3_3_1_
Semilla: 1788098369
Segundos: 93
NIteraciones: 100000

Costo_train: 0.249722
Precision_train: 0.509859
Recall_train: 0.455919
F1_train: 0.481383

Costo_test: 0.250657
Precision_test: 0.490909
Recall_test: 0.393204
F1_test: 0.436658
 

Arquitectura: _2_3_3_1_
Semilla: 1788098369
Segundos: 93
NIteraciones: 100000

Costo_train: 0.249744
Precision_train: 0.507740
Recall_train: 0.413098
F1_train: 0.455556

Costo_test: 0.250604
Precision_test: 0.469388
Recall_test: 0.334951
F1_test: 0.390935
 

Arquitectura: _2_3_3_1_
Semilla: 1788098369
Segundos: 93
NIteraciones: 100000

Costo_train: 0.249690
Precision_train: 0.519256
Recall_train: 0.492443
F1_train: 0.505494

Costo_test: 0.250529
Precision_test: 0.497175
Recall_test: 0.427184
F1_test: 0.459530
 

Arquitectura: _2_3_3_1_
Semilla: 1788098369
Segundos: 93
NIteraciones: 100000

Costo_train: 0.249810
Precision_train: 0.507962
Recall_train: 0.401763
F1_train: 0.448664

Costo_test: 0.250634
Precision_test: 0.476510
Recall_test: 0.344660
F1_test: 0.400000
 

Arquitectura: _2_3_3_1_
Semilla: 1788098369
Segundos: 93
NIteraciones: 100000

Costo_train: 0.249774
Precision_train: 0.508876
Recall_train: 0.433249
F1_train: 0.468027

Costo_test: 0.250646
Precision_test: 0.496933
Recall_test: 0.393204
F1_test: 0.439024
 

Arquitectura: _2_3_3_1_
Semilla: 1788098369
Segundos: 93
NIteraciones: 100000

Costo_train: 0.249757
Precision_train: 0.522698
Recall_train: 0.507557
F1_train: 0.515016

Costo_test: 0.250540
Precision_test: 0.532258
Recall_test: 0.480583
F1_test: 0.505102
 

Arquitectura: _2_3_3_1_
Semilla: 1788098369
Segundos: 93
NIteraciones: 100000

Costo_train: 0.249611
Precision_train: 0.509615
Recall_train: 0.467254
F1_train: 0.487516

Costo_test: 0.250631
Precision_test: 0.491124
Recall_test: 0.402913
F1_test: 0.442667
 

Arquitectura: _2_3_3_1_
Semilla: 1788098369
Segundos: 93
NIteraciones: 100000

Costo_train: 0.249416
Precision_train: 0.515684
Recall_train: 0.517632
F1_train: 0.516656

Costo_test: 0.250445
Precision_test: 0.494382
Recall_test: 0.427184
F1_test: 0.458333
 

Arquitectura: _2_3_3_1_
Semilla: 1788098369
Segundos: 93
NIteraciones: 100000

Costo_train: 0.249192
Precision_train: 0.523677
Recall_train: 0.473552
F1_train: 0.497354

Costo_test: 0.250158
Precision_test: 0.506849
Recall_test: 0.359223
F1_test: 0.420455
 

Arquitectura: _2_3_3_1_
Semilla: 1788098369
Segundos: 93
NIteraciones: 100000

Costo_train: 0.249802
Precision_train: 0.513433
Recall_train: 0.433249
F1_train: 0.469945

Costo_test: 0.250688
Precision_test: 0.490683
Recall_test: 0.383495
F1_test: 0.430518
 

Arquitectura: _2_3_3_1_
Semilla: 1788098369
Segundos: 93
NIteraciones: 100000

Costo_train: 0.249632
Precision_train: 0.524106
Recall_train: 0.424433
F1_train: 0.469033

Costo_test: 0.250870
Precision_test: 0.492537
Recall_test: 0.320388
F1_test: 0.388235
 

Arquitectura: _2_3_3_1_
Semilla: 1788098369
Segundos: 93
NIteraciones: 100000

Costo_train: 0.249458
Precision_train: 0.516297
Recall_train: 0.498741
F1_train: 0.507367

Costo_test: 0.250368
Precision_test: 0.505952
Recall_test: 0.412621
F1_test: 0.454545
 

Arquitectura: _2_3_3_1_
Semilla: 1788098369
Segundos: 93
NIteraciones: 100000

Costo_train: 0.249780
Precision_train: 0.511989
Recall_train: 0.457179
F1_train: 0.483034

Costo_test: 0.250620
Precision_test: 0.487952
Recall_test: 0.393204
F1_test: 0.435484
 

Arquitectura: _2_3_3_1_
Semilla: 1788098369
Segundos: 93
NIteraciones: 100000

Costo_train: 0.249730
Precision_train: 0.521390
Recall_train: 0.491184
F1_train: 0.505837

Costo_test: 0.250618
Precision_test: 0.491525
Recall_test: 0.422330
F1_test: 0.454308
 

Arquitectura: _2_3_3_1_
Semilla: 1788098369
Segundos: 93
NIteraciones: 100000

Costo_train: 0.249802
Precision_train: 0.513678
Recall_train: 0.425693
F1_train: 0.465565

Costo_test: 0.250712
Precision_test: 0.493750
Recall_test: 0.383495
F1_test: 0.431694
 

Arquitectura: _2_3_3_1_
Semilla: 1788098369
Segundos: 93
NIteraciones: 100000

Costo_train: 0.249850
Precision_train: 0.495495
Recall_train: 0.346348
F1_train: 0.407709

Costo_test: 0.250346
Precision_test: 0.489209
Recall_test: 0.330097
F1_test: 0.394203
 

Arquitectura: _2_3_3_1_
Semilla: 1788098369
Segundos: 93
NIteraciones: 100000

Costo_train: 0.249749
Precision_train: 0.512232
Recall_train: 0.421914
F1_train: 0.462707

Costo_test: 0.250649
Precision_test: 0.480263
Recall_test: 0.354369
F1_test: 0.407821
 

Arquitectura: _2_3_3_1_
Semilla: 1788098369
Segundos: 93
NIteraciones: 100000

Costo_train: 0.249779
Precision_train: 0.504762
Recall_train: 0.400504
F1_train: 0.446629

Costo_test: 0.250626
Precision_test: 0.471429
Recall_test: 0.320388
F1_test: 0.381503
 

Arquitectura: _2_3_3_1_
Semilla: 1788098369
Segundos: 93
NIteraciones: 100000

Costo_train: 0.249537
Precision_train: 0.520936
Recall_train: 0.532746
F1_train: 0.526775

Costo_test: 0.250372
Precision_test: 0.507772
Recall_test: 0.475728
F1_test: 0.491228
 

Arquitectura: _2_3_3_1_
Semilla: 1788098369
Segundos: 93
NIteraciones: 100000

Costo_train: 0.249758
Precision_train: 0.512461
Recall_train: 0.414358
F1_train: 0.458217

Costo_test: 0.250754
Precision_test: 0.493333
Recall_test: 0.359223
F1_test: 0.415730
 

Arquitectura: _2_3_3_1_
Semilla: 1788098369
Segundos: 93
NIteraciones: 100000

Costo_train: 0.249805
Precision_train: 0.509687
Recall_train: 0.430730
F1_train: 0.466894

Costo_test: 0.250695
Precision_test: 0.493902
Recall_test: 0.393204
F1_test: 0.437838
 

Arquitectura: _2_3_3_1_
Semilla: 1788098369
Segundos: 93
NIteraciones: 100000

Costo_train: 0.249660
Precision_train: 0.512931
Recall_train: 0.449622
F1_train: 0.479195

Costo_test: 0.250626
Precision_test: 0.493827
Recall_test: 0.388350
F1_test: 0.434783
 

Arquitectura: _2_3_3_1_
Semilla: 1788098369
Segundos: 93
NIteraciones: 100000

Costo_train: 0.249798
Precision_train: 0.503900
Recall_train: 0.406801
F1_train: 0.450174

Costo_test: 0.250781
Precision_test: 0.472973
Recall_test: 0.339806
F1_test: 0.395480
 

Arquitectura: _2_3_3_1_
Semilla: 1788098369
Segundos: 93
NIteraciones: 100000

Costo_train: 0.249771
Precision_train: 0.504412
Recall_train: 0.431990
F1_train: 0.465400

Costo_test: 0.250638
Precision_test: 0.484277
Recall_test: 0.373786
F1_test: 0.421918
 

Arquitectura: _2_3_3_1_
Semilla: 1788098369
Segundos: 93
NIteraciones: 100000

Costo_train: 0.249787
Precision_train: 0.510301
Recall_train: 0.405542
F1_train: 0.451930

Costo_test: 0.250801
Precision_test: 0.472973
Recall_test: 0.339806
F1_test: 0.395480
 

Arquitectura: _2_3_3_1_
Semilla: 1788098369
Segundos: 93
NIteraciones: 100000

Costo_train: 0.249454
Precision_train: 0.525239
Recall_train: 0.484887
F1_train: 0.504257

Costo_test: 0.250466
Precision_test: 0.496815
Recall_test: 0.378641
F1_test: 0.429752
 

Arquitectura: _2_3_3_1_
Semilla: 1788098369
Segundos: 93
NIteraciones: 100000

Costo_train: 0.249373
Precision_train: 0.526248
Recall_train: 0.517632
F1_train: 0.521905

Costo_test: 0.250296
Precision_test: 0.491124
Recall_test: 0.402913
F1_test: 0.442667
 

Arquitectura: _2_3_3_1_
Semilla: 1788098369
Segundos: 93
NIteraciones: 100000

Costo_train: 0.249645
Precision_train: 0.518954
Recall_train: 0.500000
F1_train: 0.509301

Costo_test: 0.250483
Precision_test: 0.488889
Recall_test: 0.427184
F1_test: 0.455959
 

Arquitectura: _2_3_3_1_
Semilla: 1788098369
Segundos: 93
NIteraciones: 100000

Costo_train: 0.249751
Precision_train: 0.515988
Recall_train: 0.447103
F1_train: 0.479082

Costo_test: 0.250690
Precision_test: 0.496894
Recall_test: 0.388350
F1_test: 0.435967
 

Arquitectura: _2_3_3_1_
Semilla: 1788098369
Segundos: 93
NIteraciones: 100000

Costo_train: 0.249309
Precision_train: 0.539432
Recall_train: 0.430730
F1_train: 0.478992

Costo_test: 0.250562
Precision_test: 0.531250
Recall_test: 0.330097
F1_test: 0.407186
 

Arquitectura: _2_3_3_1_
Semilla: 1788098369
Segundos: 93
NIteraciones: 100000

Costo_train: 0.249767
Precision_train: 0.518519
Recall_train: 0.476071
F1_train: 0.496389

Costo_test: 0.250583
Precision_test: 0.488506
Recall_test: 0.412621
F1_test: 0.447368
 

Arquitectura: _2_3_3_1_
Semilla: 1788098369
Segundos: 93
NIteraciones: 100000

Costo_train: 0.249795
Precision_train: 0.506154
Recall_train: 0.414358
F1_train: 0.455679

Costo_test: 0.250660
Precision_test: 0.503106
Recall_test: 0.393204
F1_test: 0.441417
 

Arquitectura: _2_3_3_1_
Semilla: 1788098369
Segundos: 93
NIteraciones: 100000

Costo_train: 0.249570
Precision_train: 0.531401
Recall_train: 0.415617
F1_train: 0.466431

Costo_test: 0.250669
Precision_test: 0.500000
Recall_test: 0.310680
F1_test: 0.383234
 

Arquitectura: _2_3_3_1_
Semilla: 1788098369
Segundos: 93
NIteraciones: 100000

Costo_train: 0.249602
Precision_train: 0.516174
Recall_train: 0.462217
F1_train: 0.487708

Costo_test: 0.250565
Precision_test: 0.496855
Recall_test: 0.383495
F1_test: 0.432877
 

Arquitectura: _2_3_3_1_
Semilla: 1788098369
Segundos: 93
NIteraciones: 100000

Costo_train: 0.248082
Precision_train: 0.534918
Recall_train: 0.453400
F1_train: 0.490798

Costo_test: 0.248303
Precision_test: 0.559441
Recall_test: 0.388350
F1_test: 0.458453
 

Arquitectura: _2_3_3_1_
Semilla: 1788098369
Segundos: 93
NIteraciones: 100000

Costo_train: 0.247534
Precision_train: 0.545093
Recall_train: 0.517632
F1_train: 0.531008

Costo_test: 0.246985
Precision_test: 0.586207
Recall_test: 0.495146
F1_test: 0.536842
 

Arquitectura: _2_3_3_1_
Semilla: 1788098369
Segundos: 93
NIteraciones: 100000

Costo_train: 0.249790
Precision_train: 0.511041
Recall_train: 0.408060
F1_train: 0.453782

Costo_test: 0.250525
Precision_test: 0.477124
Recall_test: 0.354369
F1_test: 0.406685
 

Arquitectura: _2_3_3_1_
Semilla: 1788098369
Segundos: 93
NIteraciones: 100000

Costo_train: 0.248682
Precision_train: 0.525308
Recall_train: 0.483627
F1_train: 0.503606

Costo_test: 0.250071
Precision_test: 0.516779
Recall_test: 0.373786
F1_test: 0.433803
 

Arquitectura: _2_3_3_1_
Semilla: 1788098369
Segundos: 93
NIteraciones: 100000

Costo_train: 0.249701
Precision_train: 0.514986
Recall_train: 0.476071
F1_train: 0.494764

Costo_test: 0.250570
Precision_test: 0.500000
Recall_test: 0.422330
F1_test: 0.457895
 

Arquitectura: _2_3_3_1_
Semilla: 1788098369
Segundos: 93
NIteraciones: 100000

Costo_train: 0.249884
Precision_train: 0.510582
Recall_train: 0.243073
F1_train: 0.329352

Costo_test: 0.250288
Precision_test: 0.449438
Recall_test: 0.194175
F1_test: 0.271186
 

Arquitectura: _2_3_3_1_
Semilla: 1788098369
Segundos: 93
NIteraciones: 100000

Costo_train: 0.249787
Precision_train: 0.504886
Recall_train: 0.390428
F1_train: 0.440341

Costo_test: 0.250699
Precision_test: 0.467153
Recall_test: 0.310680
F1_test: 0.373178
 

Arquitectura: _2_3_3_1_
Semilla: 1788098369
Segundos: 93
NIteraciones: 100000

Costo_train: 0.249783
Precision_train: 0.508221
Recall_train: 0.428212
F1_train: 0.464798

Costo_test: 0.250616
Precision_test: 0.490798
Recall_test: 0.388350
F1_test: 0.433604
 

Arquitectura: _2_3_3_1_
Semilla: 1788098369
Segundos: 93
NIteraciones: 100000

Costo_train: 0.249306
Precision_train: 0.537065
Recall_train: 0.447103
F1_train: 0.487972

Costo_test: 0.250519
Precision_test: 0.507463
Recall_test: 0.330097
F1_test: 0.400000
 

Arquitectura: _2_3_3_1_
Semilla: 1788098369
Segundos: 93
NIteraciones: 100000

Costo_train: 0.249705
Precision_train: 0.514327
Recall_train: 0.452141
F1_train: 0.481233

Costo_test: 0.250682
Precision_test: 0.493976
Recall_test: 0.398058
F1_test: 0.440860
 

Arquitectura: _2_3_3_1_
Semilla: 1788098369
Segundos: 93
NIteraciones: 100000

Costo_train: 0.249449
Precision_train: 0.523058
Recall_train: 0.542821
F1_train: 0.532757

Costo_test: 0.250217
Precision_test: 0.505155
Recall_test: 0.475728
F1_test: 0.490000
 

Arquitectura: _2_3_3_1_
Semilla: 1788098369
Segundos: 93
NIteraciones: 100000

Costo_train: 0.249716
Precision_train: 0.522849
Recall_train: 0.489924
F1_train: 0.505852

Costo_test: 0.250591
Precision_test: 0.480226
Recall_test: 0.412621
F1_test: 0.443864
 

Arquitectura: _2_3_3_1_
Semilla: 1788098369
Segundos: 93
NIteraciones: 100000

Costo_train: 0.249221
Precision_train: 0.532824
Recall_train: 0.439547
F1_train: 0.481712

Costo_test: 0.250359
Precision_test: 0.535714
Recall_test: 0.364078
F1_test: 0.433526
 

Arquitectura: _2_3_3_1_
Semilla: 1788098369
Segundos: 93
NIteraciones: 100000

Costo_train: 0.249322
Precision_train: 0.524205
Recall_train: 0.477330
F1_train: 0.499670

Costo_test: 0.250392
Precision_test: 0.520000
Recall_test: 0.378641
F1_test: 0.438202
 


--- Test Angosta 3.0 ---
Iteración 10000
Costo: 0.249841
Iteración 20000
Costo: 0.249810
Iteración 30000
Costo: 0.249784
Iteración 40000
Costo: 0.249739
Iteración 50000
Costo: 0.249609
Iteración 60000
Costo: 0.249137
Iteración 70000
Costo: 0.248228
Iteración 80000
Costo: 0.247682
Iteración 90000
Costo: 0.247451

Arquitectura: _2_9_1_
Semilla: 1788098462
Segundos: 52
NIteraciones: 100000

Costo_train: 0.247312
Precision_train: 0.546053
Recall_train: 0.522670
F1_train: 0.534105

Costo_test: 0.247484
Precision_test: 0.573864
Recall_test: 0.490291
F1_test: 0.528796
 

Arquitectura: _2_9_1_
Semilla: 1788098462
Segundos: 52
NIteraciones: 100000

Costo_train: 0.246716
Precision_train: 0.550327
Recall_train: 0.530227
F1_train: 0.540090

Costo_test: 0.247100
Precision_test: 0.583333
Recall_test: 0.509709
F1_test: 0.544041
 

Arquitectura: _2_9_1_
Semilla: 1788098462
Segundos: 52
NIteraciones: 100000

Costo_train: 0.246489
Precision_train: 0.552803
Recall_train: 0.534005
F1_train: 0.543242

Costo_test: 0.247364
Precision_test: 0.594444
Recall_test: 0.519417
F1_test: 0.554404
 

Arquitectura: _2_9_1_
Semilla: 1788098462
Segundos: 52
NIteraciones: 100000

Costo_train: 0.246921
Precision_train: 0.551905
Recall_train: 0.528967
F1_train: 0.540193

Costo_test: 0.247142
Precision_test: 0.566667
Recall_test: 0.495146
F1_test: 0.528497
 

Arquitectura: _2_9_1_
Semilla: 1788098462
Segundos: 52
NIteraciones: 100000

Costo_train: 0.246957
Precision_train: 0.553360
Recall_train: 0.528967
F1_train: 0.540889

Costo_test: 0.247313
Precision_test: 0.573034
Recall_test: 0.495146
F1_test: 0.531250
 

Arquitectura: _2_9_1_
Semilla: 1788098462
Segundos: 52
NIteraciones: 100000

Costo_train: 0.246649
Precision_train: 0.548556
Recall_train: 0.526448
F1_train: 0.537275

Costo_test: 0.247074
Precision_test: 0.585227
Recall_test: 0.500000
F1_test: 0.539267
 

Arquitectura: _2_9_1_
Semilla: 1788098462
Segundos: 52
NIteraciones: 100000

Costo_train: 0.246829
Precision_train: 0.551817
Recall_train: 0.516373
F1_train: 0.533507

Costo_test: 0.247721
Precision_test: 0.590643
Recall_test: 0.490291
F1_test: 0.535809
 

Arquitectura: _2_9_1_
Semilla: 1788098462
Segundos: 52
NIteraciones: 100000

Costo_train: 0.246877
Precision_train: 0.554248
Recall_train: 0.534005
F1_train: 0.543938

Costo_test: 0.247054
Precision_test: 0.576923
Recall_test: 0.509709
F1_test: 0.541237
 

Arquitectura: _2_9_1_
Semilla: 1788098462
Segundos: 52
NIteraciones: 100000

Costo_train: 0.247069
Precision_train: 0.545812
Recall_train: 0.525189
F1_train: 0.535302

Costo_test: 0.247232
Precision_test: 0.569061
Recall_test: 0.500000
F1_test: 0.532300
 

Arquitectura: _2_9_1_
Semilla: 1788098462
Segundos: 52
NIteraciones: 100000

Costo_train: 0.247205
Precision_train: 0.548473
Recall_train: 0.520151
F1_train: 0.533937

Costo_test: 0.247401
Precision_test: 0.565714
Recall_test: 0.480583
F1_test: 0.519685
 

Arquitectura: _2_9_1_
Semilla: 1788098462
Segundos: 52
NIteraciones: 100000

Costo_train: 0.246704
Precision_train: 0.550327
Recall_train: 0.530227
F1_train: 0.540090

Costo_test: 0.247562
Precision_test: 0.584270
Recall_test: 0.504854
F1_test: 0.541667
 

Arquitectura: _2_9_1_
Semilla: 1788098462
Segundos: 52
NIteraciones: 100000

Costo_train: 0.247069
Precision_train: 0.551539
Recall_train: 0.518892
F1_train: 0.534718

Costo_test: 0.247165
Precision_test: 0.574713
Recall_test: 0.485437
F1_test: 0.526316
 

Arquitectura: _2_9_1_
Semilla: 1788098462
Segundos: 52
NIteraciones: 100000

Costo_train: 0.246902
Precision_train: 0.553219
Recall_train: 0.530227
F1_train: 0.541479

Costo_test: 0.247121
Precision_test: 0.586592
Recall_test: 0.509709
F1_test: 0.545455
 

Arquitectura: _2_9_1_
Semilla: 1788098462
Segundos: 52
NIteraciones: 100000

Costo_train: 0.247305
Precision_train: 0.547091
Recall_train: 0.497481
F1_train: 0.521108

Costo_test: 0.247752
Precision_test: 0.583333
Recall_test: 0.475728
F1_test: 0.524064
 

Arquitectura: _2_9_1_
Semilla: 1788098462
Segundos: 52
NIteraciones: 100000

Costo_train: 0.246935
Precision_train: 0.546632
Recall_train: 0.531486
F1_train: 0.538953

Costo_test: 0.247192
Precision_test: 0.582418
Recall_test: 0.514563
F1_test: 0.546392
 

Arquitectura: _2_9_1_
Semilla: 1788098462
Segundos: 52
NIteraciones: 100000

Costo_train: 0.247241
Precision_train: 0.551724
Recall_train: 0.523929
F1_train: 0.537468

Costo_test: 0.247796
Precision_test: 0.573864
Recall_test: 0.490291
F1_test: 0.528796
 

Arquitectura: _2_9_1_
Semilla: 1788098462
Segundos: 52
NIteraciones: 100000

Costo_train: 0.247643
Precision_train: 0.543329
Recall_train: 0.497481
F1_train: 0.519395

Costo_test: 0.248361
Precision_test: 0.577640
Recall_test: 0.451456
F1_test: 0.506812
 

Arquitectura: _2_9_1_
Semilla: 1788098462
Segundos: 52
NIteraciones: 100000

Costo_train: 0.246704
Precision_train: 0.556728
Recall_train: 0.531486
F1_train: 0.543814

Costo_test: 0.247439
Precision_test: 0.587209
Recall_test: 0.490291
F1_test: 0.534392
 

Arquitectura: _2_9_1_
Semilla: 1788098462
Segundos: 52
NIteraciones: 100000

Costo_train: 0.247274
Precision_train: 0.547872
Recall_train: 0.518892
F1_train: 0.532988

Costo_test: 0.247771
Precision_test: 0.574713
Recall_test: 0.485437
F1_test: 0.526316
 

Arquitectura: _2_9_1_
Semilla: 1788098462
Segundos: 52
NIteraciones: 100000

Costo_train: 0.246743
Precision_train: 0.554362
Recall_train: 0.520151
F1_train: 0.536712

Costo_test: 0.247209
Precision_test: 0.584270
Recall_test: 0.504854
F1_test: 0.541667
 

Arquitectura: _2_9_1_
Semilla: 1788098462
Segundos: 52
NIteraciones: 100000

Costo_train: 0.248303
Precision_train: 0.523567
Recall_train: 0.517632
F1_train: 0.520583

Costo_test: 0.249804
Precision_test: 0.530864
Recall_test: 0.417476
F1_test: 0.467391
 

Arquitectura: _2_9_1_
Semilla: 1788098462
Segundos: 52
NIteraciones: 100000

Costo_train: 0.246918
Precision_train: 0.551047
Recall_train: 0.530227
F1_train: 0.540437

Costo_test: 0.247270
Precision_test: 0.581006
Recall_test: 0.504854
F1_test: 0.540260
 

Arquitectura: _2_9_1_
Semilla: 1788098462
Segundos: 52
NIteraciones: 100000

Costo_train: 0.246929
Precision_train: 0.554509
Recall_train: 0.518892
F1_train: 0.536109

Costo_test: 0.247130
Precision_test: 0.581921
Recall_test: 0.500000
F1_test: 0.537859
 

Arquitectura: _2_9_1_
Semilla: 1788098462
Segundos: 52
NIteraciones: 100000

Costo_train: 0.246807
Precision_train: 0.549465
Recall_train: 0.517632
F1_train: 0.533074

Costo_test: 0.247408
Precision_test: 0.583815
Recall_test: 0.490291
F1_test: 0.532982
 

Arquitectura: _2_9_1_
Semilla: 1788098462
Segundos: 52
NIteraciones: 100000

Costo_train: 0.247237
Precision_train: 0.547368
Recall_train: 0.523929
F1_train: 0.535393

Costo_test: 0.247548
Precision_test: 0.577778
Recall_test: 0.504854
F1_test: 0.538860
 

Arquitectura: _2_9_1_
Semilla: 1788098462
Segundos: 52
NIteraciones: 100000

Costo_train: 0.246727
Precision_train: 0.551265
Recall_train: 0.521411
F1_train: 0.535922

Costo_test: 0.247377
Precision_test: 0.589286
Recall_test: 0.480583
F1_test: 0.529412
 

Arquitectura: _2_9_1_
Semilla: 1788098462
Segundos: 52
NIteraciones: 100000

Costo_train: 0.246858
Precision_train: 0.550459
Recall_train: 0.528967
F1_train: 0.539499

Costo_test: 0.247047
Precision_test: 0.584699
Recall_test: 0.519417
F1_test: 0.550129
 

Arquitectura: _2_9_1_
Semilla: 1788098462
Segundos: 52
NIteraciones: 100000

Costo_train: 0.246943
Precision_train: 0.548052
Recall_train: 0.531486
F1_train: 0.539642

Costo_test: 0.247021
Precision_test: 0.576923
Recall_test: 0.509709
F1_test: 0.541237
 

Arquitectura: _2_9_1_
Semilla: 1788098462
Segundos: 52
NIteraciones: 100000

Costo_train: 0.246901
Precision_train: 0.551499
Recall_train: 0.532746
F1_train: 0.541960

Costo_test: 0.247105
Precision_test: 0.580110
Recall_test: 0.509709
F1_test: 0.542636
 

Arquitectura: _2_9_1_
Semilla: 1788098462
Segundos: 52
NIteraciones: 100000

Costo_train: 0.247046
Precision_train: 0.549277
Recall_train: 0.526448
F1_train: 0.537621

Costo_test: 0.247237
Precision_test: 0.577778
Recall_test: 0.504854
F1_test: 0.538860
 

Arquitectura: _2_9_1_
Semilla: 1788098462
Segundos: 52
NIteraciones: 100000

Costo_train: 0.246771
Precision_train: 0.551100
Recall_train: 0.536524
F1_train: 0.543714

Costo_test: 0.246949
Precision_test: 0.592179
Recall_test: 0.514563
F1_test: 0.550649
 

Arquitectura: _2_9_1_
Semilla: 1788098462
Segundos: 52
NIteraciones: 100000

Costo_train: 0.247967
Precision_train: 0.532110
Recall_train: 0.511335
F1_train: 0.521516

Costo_test: 0.249115
Precision_test: 0.551515
Recall_test: 0.441748
F1_test: 0.490566
 

Arquitectura: _2_9_1_
Semilla: 1788098462
Segundos: 52
NIteraciones: 100000

Costo_train: 0.246975
Precision_train: 0.552737
Recall_train: 0.521411
F1_train: 0.536617

Costo_test: 0.247050
Precision_test: 0.573034
Recall_test: 0.495146
F1_test: 0.531250
 

Arquitectura: _2_9_1_
Semilla: 1788098462
Segundos: 52
NIteraciones: 100000

Costo_train: 0.246968
Precision_train: 0.548813
Recall_train: 0.523929
F1_train: 0.536083

Costo_test: 0.247279
Precision_test: 0.578652
Recall_test: 0.500000
F1_test: 0.536458
 

Arquitectura: _2_9_1_
Semilla: 1788098462
Segundos: 52
NIteraciones: 100000

Costo_train: 0.246667
Precision_train: 0.553763
Recall_train: 0.518892
F1_train: 0.535761

Costo_test: 0.247165
Precision_test: 0.606936
Recall_test: 0.509709
F1_test: 0.554090
 

Arquitectura: _2_9_1_
Semilla: 1788098462
Segundos: 52
NIteraciones: 100000

Costo_train: 0.247343
Precision_train: 0.548077
Recall_train: 0.502519
F1_train: 0.524310

Costo_test: 0.247768
Precision_test: 0.573964
Recall_test: 0.470874
F1_test: 0.517333
 

Arquitectura: _2_9_1_
Semilla: 1788098462
Segundos: 52
NIteraciones: 100000

Costo_train: 0.247002
Precision_train: 0.552486
Recall_train: 0.503778
F1_train: 0.527009

Costo_test: 0.247657
Precision_test: 0.592814
Recall_test: 0.480583
F1_test: 0.530831
 

Arquitectura: _2_9_1_
Semilla: 1788098462
Segundos: 52
NIteraciones: 100000

Costo_train: 0.247235
Precision_train: 0.542933
Recall_train: 0.517632
F1_train: 0.529981

Costo_test: 0.247553
Precision_test: 0.576271
Recall_test: 0.495146
F1_test: 0.532637
 

Arquitectura: _2_9_1_
Semilla: 1788098462
Segundos: 52
NIteraciones: 100000

Costo_train: 0.246842
Precision_train: 0.554533
Recall_train: 0.531486
F1_train: 0.542765

Costo_test: 0.246945
Precision_test: 0.588889
Recall_test: 0.514563
F1_test: 0.549223
 

Arquitectura: _2_9_1_
Semilla: 1788098462
Segundos: 52
NIteraciones: 100000

Costo_train: 0.246752
Precision_train: 0.553742
Recall_train: 0.512594
F1_train: 0.532374

Costo_test: 0.247301
Precision_test: 0.598802
Recall_test: 0.485437
F1_test: 0.536193
 

Arquitectura: _2_9_1_
Semilla: 1788098462
Segundos: 52
NIteraciones: 100000

Costo_train: 0.246949
Precision_train: 0.549351
Recall_train: 0.532746
F1_train: 0.540921

Costo_test: 0.247136
Precision_test: 0.582418
Recall_test: 0.514563
F1_test: 0.546392
 

Arquitectura: _2_9_1_
Semilla: 1788098462
Segundos: 52
NIteraciones: 100000

Costo_train: 0.247114
Precision_train: 0.548473
Recall_train: 0.520151
F1_train: 0.533937

Costo_test: 0.247339
Precision_test: 0.567416
Recall_test: 0.490291
F1_test: 0.526042
 

Arquitectura: _2_9_1_
Semilla: 1788098462
Segundos: 52
NIteraciones: 100000

Costo_train: 0.247051
Precision_train: 0.554967
Recall_train: 0.527708
F1_train: 0.540994

Costo_test: 0.247253
Precision_test: 0.564246
Recall_test: 0.490291
F1_test: 0.524675
 

Arquitectura: _2_9_1_
Semilla: 1788098462
Segundos: 52
NIteraciones: 100000

Costo_train: 0.246693
Precision_train: 0.549072
Recall_train: 0.521411
F1_train: 0.534884

Costo_test: 0.247092
Precision_test: 0.590909
Recall_test: 0.504854
F1_test: 0.544503
 

Arquitectura: _2_9_1_
Semilla: 1788098462
Segundos: 52
NIteraciones: 100000

Costo_train: 0.246735
Precision_train: 0.548177
Recall_train: 0.530227
F1_train: 0.539052

Costo_test: 0.247276
Precision_test: 0.583333
Recall_test: 0.509709
F1_test: 0.544041
 

Arquitectura: _2_9_1_
Semilla: 1788098462
Segundos: 52
NIteraciones: 100000

Costo_train: 0.247024
Precision_train: 0.548177
Recall_train: 0.530227
F1_train: 0.539052

Costo_test: 0.247080
Precision_test: 0.579235
Recall_test: 0.514563
F1_test: 0.544987
 

Arquitectura: _2_9_1_
Semilla: 1788098462
Segundos: 52
NIteraciones: 100000

Costo_train: 0.246918
Precision_train: 0.549806
Recall_train: 0.535264
F1_train: 0.542438

Costo_test: 0.247109
Precision_test: 0.580110
Recall_test: 0.509709
F1_test: 0.542636
 

Arquitectura: _2_9_1_
Semilla: 1788098462
Segundos: 52
NIteraciones: 100000

Costo_train: 0.246766
Precision_train: 0.555267
Recall_train: 0.537783
F1_train: 0.546385

Costo_test: 0.246929
Precision_test: 0.592179
Recall_test: 0.514563
F1_test: 0.550649
 

Arquitectura: _2_9_1_
Semilla: 1788098462
Segundos: 52
NIteraciones: 100000

Costo_train: 0.246871
Precision_train: 0.549407
Recall_train: 0.525189
F1_train: 0.537025

Costo_test: 0.247149
Precision_test: 0.585635
Recall_test: 0.514563
F1_test: 0.547804
 

Arquitectura: _2_9_1_
Semilla: 1788098462
Segundos: 52
NIteraciones: 100000

Costo_train: 0.247546
Precision_train: 0.552011
Recall_train: 0.501259
F1_train: 0.525412

Costo_test: 0.247845
Precision_test: 0.580247
Recall_test: 0.456311
F1_test: 0.510870
 

Arquitectura: _2_9_1_
Semilla: 1788098462
Segundos: 52
NIteraciones: 100000

Costo_train: 0.247584
Precision_train: 0.545198
Recall_train: 0.486146
F1_train: 0.513981

Costo_test: 0.248638
Precision_test: 0.569620
Recall_test: 0.436893
F1_test: 0.494505
 

Arquitectura: _2_9_1_
Semilla: 1788098462
Segundos: 52
NIteraciones: 100000

Costo_train: 0.247360
Precision_train: 0.550546
Recall_train: 0.507557
F1_train: 0.528178

Costo_test: 0.247826
Precision_test: 0.574850
Recall_test: 0.466019
F1_test: 0.514745
 

Arquitectura: _2_9_1_
Semilla: 1788098462
Segundos: 52
NIteraciones: 100000

Costo_train: 0.246847
Precision_train: 0.553020
Recall_train: 0.518892
F1_train: 0.535413

Costo_test: 0.247106
Precision_test: 0.593220
Recall_test: 0.509709
F1_test: 0.548303
 

Arquitectura: _2_9_1_
Semilla: 1788098462
Segundos: 52
NIteraciones: 100000

Costo_train: 0.247632
Precision_train: 0.544554
Recall_train: 0.484887
F1_train: 0.512991

Costo_test: 0.248349
Precision_test: 0.575000
Recall_test: 0.446602
F1_test: 0.502732
 

Arquitectura: _2_9_1_
Semilla: 1788098462
Segundos: 52
NIteraciones: 100000

Costo_train: 0.246887
Precision_train: 0.551181
Recall_train: 0.528967
F1_train: 0.539846

Costo_test: 0.247046
Precision_test: 0.569061
Recall_test: 0.500000
F1_test: 0.532300
 

Arquitectura: _2_9_1_
Semilla: 1788098462
Segundos: 52
NIteraciones: 100000

Costo_train: 0.247016
Precision_train: 0.552139
Recall_train: 0.520151
F1_train: 0.535668

Costo_test: 0.247167
Precision_test: 0.575419
Recall_test: 0.500000
F1_test: 0.535065
 

Arquitectura: _2_9_1_
Semilla: 1788098462
Segundos: 52
NIteraciones: 100000

Costo_train: 0.247236
Precision_train: 0.549072
Recall_train: 0.521411
F1_train: 0.534884

Costo_test: 0.247696
Precision_test: 0.574713
Recall_test: 0.485437
F1_test: 0.526316
 

Arquitectura: _2_9_1_
Semilla: 1788098462
Segundos: 52
NIteraciones: 100000

Costo_train: 0.247031
Precision_train: 0.552910
Recall_train: 0.526448
F1_train: 0.539355

Costo_test: 0.247300
Precision_test: 0.566667
Recall_test: 0.495146
F1_test: 0.528497
 

Arquitectura: _2_9_1_
Semilla: 1788098462
Segundos: 52
NIteraciones: 100000

Costo_train: 0.246608
Precision_train: 0.555409
Recall_train: 0.530227
F1_train: 0.542526

Costo_test: 0.247470
Precision_test: 0.597765
Recall_test: 0.519417
F1_test: 0.555844
 

Arquitectura: _2_9_1_
Semilla: 1788098462
Segundos: 52
NIteraciones: 100000

Costo_train: 0.247213
Precision_train: 0.550398
Recall_train: 0.522670
F1_train: 0.536176

Costo_test: 0.247331
Precision_test: 0.568965
Recall_test: 0.480583
F1_test: 0.521053
 

Arquitectura: _2_9_1_
Semilla: 1788098462
Segundos: 52
NIteraciones: 100000

Costo_train: 0.246975
Precision_train: 0.551813
Recall_train: 0.536524
F1_train: 0.544061

Costo_test: 0.247186
Precision_test: 0.569832
Recall_test: 0.495146
F1_test: 0.529870
 

Arquitectura: _2_9_1_
Semilla: 1788098462
Segundos: 52
NIteraciones: 100000

Costo_train: 0.248120
Precision_train: 0.531943
Recall_train: 0.513854
F1_train: 0.522742

Costo_test: 0.248943
Precision_test: 0.541667
Recall_test: 0.441748
F1_test: 0.486631
 

Arquitectura: _2_9_1_
Semilla: 1788098462
Segundos: 52
NIteraciones: 100000

Costo_train: 0.246839
Precision_train: 0.547219
Recall_train: 0.532746
F1_train: 0.539885

Costo_test: 0.247162
Precision_test: 0.585635
Recall_test: 0.514563
F1_test: 0.547804
 

Arquitectura: _2_9_1_
Semilla: 1788098462
Segundos: 52
NIteraciones: 100000

Costo_train: 0.247055
Precision_train: 0.553928
Recall_train: 0.523929
F1_train: 0.538511

Costo_test: 0.247406
Precision_test: 0.578652
Recall_test: 0.500000
F1_test: 0.536458
 

Arquitectura: _2_9_1_
Semilla: 1788098462
Segundos: 52
NIteraciones: 100000

Costo_train: 0.247001
Precision_train: 0.555703
Recall_train: 0.527708
F1_train: 0.541344

Costo_test: 0.247329
Precision_test: 0.573034
Recall_test: 0.495146
F1_test: 0.531250
 

Arquitectura: _2_9_1_
Semilla: 1788098462
Segundos: 52
NIteraciones: 100000

Costo_train: 0.247282
Precision_train: 0.546559
Recall_train: 0.510076
F1_train: 0.527687

Costo_test: 0.247651
Precision_test: 0.576471
Recall_test: 0.475728
F1_test: 0.521277
 

Arquitectura: _2_9_1_
Semilla: 1788098462
Segundos: 52
NIteraciones: 100000

Costo_train: 0.246542
Precision_train: 0.550968
Recall_train: 0.537783
F1_train: 0.544296

Costo_test: 0.247459
Precision_test: 0.582418
Recall_test: 0.514563
F1_test: 0.546392
 

Arquitectura: _2_9_1_
Semilla: 1788098462
Segundos: 52
NIteraciones: 100000

Costo_train: 0.247172
Precision_train: 0.551587
Recall_train: 0.525189
F1_train: 0.538064

Costo_test: 0.247357
Precision_test: 0.570621
Recall_test: 0.490291
F1_test: 0.527415
 

Arquitectura: _2_9_1_
Semilla: 1788098462
Segundos: 52
NIteraciones: 100000

Costo_train: 0.246959
Precision_train: 0.554813
Recall_train: 0.522670
F1_train: 0.538262

Costo_test: 0.247241
Precision_test: 0.570621
Recall_test: 0.490291
F1_test: 0.527415
 

Arquitectura: _2_9_1_
Semilla: 1788098462
Segundos: 52
NIteraciones: 100000

Costo_train: 0.246828
Precision_train: 0.550388
Recall_train: 0.536524
F1_train: 0.543367

Costo_test: 0.247111
Precision_test: 0.587912
Recall_test: 0.519417
F1_test: 0.551546
 

Arquitectura: _2_9_1_
Semilla: 1788098462
Segundos: 52
NIteraciones: 100000

Costo_train: 0.246637
Precision_train: 0.546997
Recall_train: 0.527708
F1_train: 0.537179

Costo_test: 0.247294
Precision_test: 0.587912
Recall_test: 0.519417
F1_test: 0.551546
 

Arquitectura: _2_9_1_
Semilla: 1788098462
Segundos: 52
NIteraciones: 100000

Costo_train: 0.247148
Precision_train: 0.551451
Recall_train: 0.526448
F1_train: 0.538660

Costo_test: 0.247592
Precision_test: 0.569832
Recall_test: 0.495146
F1_test: 0.529870
 

Arquitectura: _2_9_1_
Semilla: 1788098462
Segundos: 52
NIteraciones: 100000

Costo_train: 0.246799
Precision_train: 0.546875
Recall_train: 0.528967
F1_train: 0.537772

Costo_test: 0.247036
Precision_test: 0.580110
Recall_test: 0.509709
F1_test: 0.542636
 

Arquitectura: _2_9_1_
Semilla: 1788098462
Segundos: 52
NIteraciones: 100000

Costo_train: 0.246860
Precision_train: 0.549608
Recall_train: 0.530227
F1_train: 0.539744

Costo_test: 0.247306
Precision_test: 0.583333
Recall_test: 0.509709
F1_test: 0.544041
 

Arquitectura: _2_9_1_
Semilla: 1788098462
Segundos: 52
NIteraciones: 100000

Costo_train: 0.246625
Precision_train: 0.551905
Recall_train: 0.528967
F1_train: 0.540193

Costo_test: 0.247178
Precision_test: 0.597765
Recall_test: 0.519417
F1_test: 0.555844
 

Arquitectura: _2_9_1_
Semilla: 1788098462
Segundos: 52
NIteraciones: 100000

Costo_train: 0.247131
Precision_train: 0.551724
Recall_train: 0.523929
F1_train: 0.537468

Costo_test: 0.247561
Precision_test: 0.576271
Recall_test: 0.495146
F1_test: 0.532637
 

Arquitectura: _2_9_1_
Semilla: 1788098462
Segundos: 52
NIteraciones: 100000

Costo_train: 0.246979
Precision_train: 0.555405
Recall_train: 0.517632
F1_train: 0.535854

Costo_test: 0.247092
Precision_test: 0.580460
Recall_test: 0.490291
F1_test: 0.531579
 

Arquitectura: _2_9_1_
Semilla: 1788098462
Segundos: 52
NIteraciones: 100000

Costo_train: 0.246827
Precision_train: 0.550859
Recall_train: 0.525189
F1_train: 0.537718

Costo_test: 0.247270
Precision_test: 0.590164
Recall_test: 0.524272
F1_test: 0.555270
 

Arquitectura: _2_9_1_
Semilla: 1788098462
Segundos: 52
NIteraciones: 100000

Costo_train: 0.247639
Precision_train: 0.542302
Recall_train: 0.492443
F1_train: 0.516172

Costo_test: 0.248156
Precision_test: 0.575758
Recall_test: 0.461165
F1_test: 0.512129
 

Arquitectura: _2_9_1_
Semilla: 1788098462
Segundos: 52
NIteraciones: 100000

Costo_train: 0.247053
Precision_train: 0.551539
Recall_train: 0.518892
F1_train: 0.534718

Costo_test: 0.247778
Precision_test: 0.571429
Recall_test: 0.485437
F1_test: 0.524934
 

Arquitectura: _2_9_1_
Semilla: 1788098462
Segundos: 52
NIteraciones: 100000

Costo_train: 0.247244
Precision_train: 0.550667
Recall_train: 0.520151
F1_train: 0.534974

Costo_test: 0.247654
Precision_test: 0.573864
Recall_test: 0.490291
F1_test: 0.528796
 

Arquitectura: _2_9_1_
Semilla: 1788098462
Segundos: 52
NIteraciones: 100000

Costo_train: 0.246964
Precision_train: 0.548556
Recall_train: 0.526448
F1_train: 0.537275

Costo_test: 0.247648
Precision_test: 0.581006
Recall_test: 0.504854
F1_test: 0.540260
 

Arquitectura: _2_9_1_
Semilla: 1788098462
Segundos: 52
NIteraciones: 100000

Costo_train: 0.247061
Precision_train: 0.553333
Recall_train: 0.522670
F1_train: 0.537565

Costo_test: 0.247418
Precision_test: 0.573034
Recall_test: 0.495146
F1_test: 0.531250
 

Arquitectura: _2_9_1_
Semilla: 1788098462
Segundos: 52
NIteraciones: 100000

Costo_train: 0.247096
Precision_train: 0.551265
Recall_train: 0.521411
F1_train: 0.535922

Costo_test: 0.247186
Precision_test: 0.567416
Recall_test: 0.490291
F1_test: 0.526042
 

Arquitectura: _2_9_1_
Semilla: 1788098462
Segundos: 52
NIteraciones: 100000

Costo_train: 0.248196
Precision_train: 0.522785
Recall_train: 0.520151
F1_train: 0.521465

Costo_test: 0.249422
Precision_test: 0.540373
Recall_test: 0.422330
F1_test: 0.474114
 

Arquitectura: _2_9_1_
Semilla: 1788098462
Segundos: 52
NIteraciones: 100000

Costo_train: 0.247136
Precision_train: 0.549202
Recall_train: 0.520151
F1_train: 0.534282

Costo_test: 0.247479
Precision_test: 0.573034
Recall_test: 0.495146
F1_test: 0.531250
 

Arquitectura: _2_9_1_
Semilla: 1788098462
Segundos: 52
NIteraciones: 100000

Costo_train: 0.246461
Precision_train: 0.553571
Recall_train: 0.546600
F1_train: 0.550063

Costo_test: 0.247177
Precision_test: 0.582888
Recall_test: 0.529126
F1_test: 0.554707
 

Arquitectura: _2_9_1_
Semilla: 1788098462
Segundos: 52
NIteraciones: 100000

Costo_train: 0.247826
Precision_train: 0.538881
Recall_train: 0.497481
F1_train: 0.517354

Costo_test: 0.248430
Precision_test: 0.570552
Recall_test: 0.451456
F1_test: 0.504065
 

Arquitectura: _2_9_1_
Semilla: 1788098462
Segundos: 52
NIteraciones: 100000

Costo_train: 0.246697
Precision_train: 0.553665
Recall_train: 0.532746
F1_train: 0.543004

Costo_test: 0.247287
Precision_test: 0.585227
Recall_test: 0.500000
F1_test: 0.539267
 

Arquitectura: _2_9_1_
Semilla: 1788098462
Segundos: 52
NIteraciones: 100000

Costo_train: 0.246643
Precision_train: 0.554974
Recall_train: 0.534005
F1_train: 0.544288

Costo_test: 0.247145
Precision_test: 0.606742
Recall_test: 0.524272
F1_test: 0.562500
 

Arquitectura: _2_9_1_
Semilla: 1788098462
Segundos: 52
NIteraciones: 100000

Costo_train: 0.247070
Precision_train: 0.552597
Recall_train: 0.522670
F1_train: 0.537217

Costo_test: 0.247421
Precision_test: 0.574713
Recall_test: 0.485437
F1_test: 0.526316
 

Arquitectura: _2_9_1_
Semilla: 1788098462
Segundos: 52
NIteraciones: 100000

Costo_train: 0.247809
Precision_train: 0.540802
Recall_train: 0.492443
F1_train: 0.515491

Costo_test: 0.248424
Precision_test: 0.560241
Recall_test: 0.451456
F1_test: 0.500000
 

Arquitectura: _2_9_1_
Semilla: 1788098462
Segundos: 52
NIteraciones: 100000

Costo_train: 0.247364
Precision_train: 0.546335
Recall_train: 0.497481
F1_train: 0.520765

Costo_test: 0.247898
Precision_test: 0.570552
Recall_test: 0.451456
F1_test: 0.504065
 

Arquitectura: _2_9_1_
Semilla: 1788098462
Segundos: 52
NIteraciones: 100000

Costo_train: 0.247309
Precision_train: 0.547325
Recall_train: 0.502519
F1_train: 0.523966

Costo_test: 0.247672
Precision_test: 0.576687
Recall_test: 0.456311
F1_test: 0.509485
 

Arquitectura: _2_9_1_
Semilla: 1788098462
Segundos: 52
NIteraciones: 100000

Costo_train: 0.246913
Precision_train: 0.548090
Recall_train: 0.523929
F1_train: 0.535737

Costo_test: 0.247105
Precision_test: 0.571429
Recall_test: 0.504854
F1_test: 0.536083
 

Arquitectura: _2_9_1_
Semilla: 1788098462
Segundos: 52
NIteraciones: 100000

Costo_train: 0.246590
Precision_train: 0.548052
Recall_train: 0.531486
F1_train: 0.539642

Costo_test: 0.247155
Precision_test: 0.598870
Recall_test: 0.514563
F1_test: 0.553525
 

Arquitectura: _2_9_1_
Semilla: 1788098462
Segundos: 52
NIteraciones: 100000

Costo_train: 0.246839
Precision_train: 0.547588
Recall_train: 0.528967
F1_train: 0.538117

Costo_test: 0.247125
Precision_test: 0.586592
Recall_test: 0.509709
F1_test: 0.545455
 

Arquitectura: _2_9_1_
Semilla: 1788098462
Segundos: 52
NIteraciones: 100000

Costo_train: 0.246709
Precision_train: 0.548556
Recall_train: 0.526448
F1_train: 0.537275

Costo_test: 0.247656
Precision_test: 0.591954
Recall_test: 0.500000
F1_test: 0.542105
 

Arquitectura: _2_9_1_
Semilla: 1788098462
Segundos: 52
NIteraciones: 100000

Costo_train: 0.246898
Precision_train: 0.550532
Recall_train: 0.521411
F1_train: 0.535576

Costo_test: 0.247133
Precision_test: 0.589888
Recall_test: 0.509709
F1_test: 0.546875
 

Arquitectura: _2_9_1_
Semilla: 1788098462
Segundos: 52
NIteraciones: 100000

Costo_train: 0.247552
Precision_train: 0.545706
Recall_train: 0.496222
F1_train: 0.519789

Costo_test: 0.248085
Precision_test: 0.574074
Recall_test: 0.451456
F1_test: 0.505435
 


--- Test Profunda 3.0 ---
Iteración 10000
Costo: 0.250006
Iteración 20000
Costo: 0.249999
Iteración 30000
Costo: 0.249994
Iteración 40000
Costo: 0.249988
Iteración 50000
Costo: 0.249983
Iteración 60000
Costo: 0.249978
Iteración 70000
Costo: 0.249974
Iteración 80000
Costo: 0.249969
Iteración 90000
Costo: 0.249964

Arquitectura: _2_3_3_3_1_
Semilla: 1788098514
Segundos: 140
NIteraciones: 100000

Costo_train: 0.249960
Precision_train: -nan(ind)
Recall_train: 0.000000
F1_train: -nan(ind)

Costo_test: 0.250148
Precision_test: -nan(ind)
Recall_test: 0.000000
F1_test: -nan(ind)
 

Arquitectura: _2_3_3_3_1_
Semilla: 1788098514
Segundos: 140
NIteraciones: 100000

Costo_train: 0.249908
Precision_train: 0.483108
Recall_train: 0.180101
F1_train: 0.262385

Costo_test: 0.250274
Precision_test: 0.441558
Recall_test: 0.165049
F1_test: 0.240283
 

Arquitectura: _2_3_3_3_1_
Semilla: 1788098514
Segundos: 140
NIteraciones: 100000

Costo_train: 0.249869
Precision_train: 0.506645
Recall_train: 0.384131
F1_train: 0.436963

Costo_test: 0.250483
Precision_test: 0.503817
Recall_test: 0.320388
F1_test: 0.391691
 

Arquitectura: _2_3_3_3_1_
Semilla: 1788098514
Segundos: 140
NIteraciones: 100000

Costo_train: 0.249984
Precision_train: -nan(ind)
Recall_train: 0.000000
F1_train: -nan(ind)

Costo_test: 0.250130
Precision_test: -nan(ind)
Recall_test: 0.000000
F1_test: -nan(ind)
 

Arquitectura: _2_3_3_3_1_
Semilla: 1788098514
Segundos: 140
NIteraciones: 100000

Costo_train: 0.249974
Precision_train: -nan(ind)
Recall_train: 0.000000
F1_train: -nan(ind)

Costo_test: 0.250143
Precision_test: -nan(ind)
Recall_test: 0.000000
F1_test: -nan(ind)
 

Arquitectura: _2_3_3_3_1_
Semilla: 1788098514
Segundos: 140
NIteraciones: 100000

Costo_train: 0.249988
Precision_train: -nan(ind)
Recall_train: 0.000000
F1_train: -nan(ind)

Costo_test: 0.250123
Precision_test: -nan(ind)
Recall_test: 0.000000
F1_test: -nan(ind)
 

Arquitectura: _2_3_3_3_1_
Semilla: 1788098514
Segundos: 140
NIteraciones: 100000

Costo_train: 0.249978
Precision_train: -nan(ind)
Recall_train: 0.000000
F1_train: -nan(ind)

Costo_test: 0.250134
Precision_test: -nan(ind)
Recall_test: 0.000000
F1_test: -nan(ind)
 

Arquitectura: _2_3_3_3_1_
Semilla: 1788098514
Segundos: 140
NIteraciones: 100000

Costo_train: 0.249784
Precision_train: 0.521073
Recall_train: 0.342569
F1_train: 0.413374

Costo_test: 0.250334
Precision_test: 0.466667
Recall_test: 0.271845
F1_test: 0.343558
 

Arquitectura: _2_3_3_3_1_
Semilla: 1788098514
Segundos: 140
NIteraciones: 100000

Costo_train: 0.249748
Precision_train: 0.509119
Recall_train: 0.421914
F1_train: 0.461433

Costo_test: 0.250529
Precision_test: 0.487342
Recall_test: 0.373786
F1_test: 0.423077
 

Arquitectura: _2_3_3_3_1_
Semilla: 1788098514
Segundos: 140
NIteraciones: 100000

Costo_train: 0.249788
Precision_train: 0.518685
Recall_train: 0.437028
F1_train: 0.474368

Costo_test: 0.250480
Precision_test: 0.500000
Recall_test: 0.378641
F1_test: 0.430939
 

Arquitectura: _2_3_3_3_1_
Semilla: 1788098514
Segundos: 140
NIteraciones: 100000

Costo_train: 0.249912
Precision_train: 0.483051
Recall_train: 0.143577
F1_train: 0.221359

Costo_test: 0.250216
Precision_test: 0.457627
Recall_test: 0.131068
F1_test: 0.203774
 

Arquitectura: _2_3_3_3_1_
Semilla: 1788098514
Segundos: 140
NIteraciones: 100000

Costo_train: 0.249879
Precision_train: 0.509217
Recall_train: 0.278338
F1_train: 0.359935

Costo_test: 0.250278
Precision_test: 0.494845
Recall_test: 0.233010
F1_test: 0.316832
 

Arquitectura: _2_3_3_3_1_
Semilla: 1788098514
Segundos: 140
NIteraciones: 100000

Costo_train: 0.249802
Precision_train: 0.514451
Recall_train: 0.448363
F1_train: 0.479139

Costo_test: 0.250478
Precision_test: 0.494048
Recall_test: 0.402913
F1_test: 0.443850
 

Arquitectura: _2_3_3_3_1_
Semilla: 1788098514
Segundos: 140
NIteraciones: 100000

Costo_train: 0.249928
Precision_train: 0.504425
Recall_train: 0.143577
F1_train: 0.223529

Costo_test: 0.250217
Precision_test: 0.562500
Recall_test: 0.131068
F1_test: 0.212598
 

Arquitectura: _2_3_3_3_1_
Semilla: 1788098514
Segundos: 140
NIteraciones: 100000

Costo_train: 0.249953
Precision_train: 0.300000
Recall_train: 0.003778
F1_train: 0.007463

Costo_test: 0.250168
Precision_test: 0.000000
Recall_test: 0.000000
F1_test: -nan(ind)
 

Arquitectura: _2_3_3_3_1_
Semilla: 1788098514
Segundos: 140
NIteraciones: 100000

Costo_train: 0.249893
Precision_train: 0.482249
Recall_train: 0.205290
F1_train: 0.287986

Costo_test: 0.250239
Precision_test: 0.453488
Recall_test: 0.189320
F1_test: 0.267123
 

Arquitectura: _2_3_3_3_1_
Semilla: 1788098514
Segundos: 140
NIteraciones: 100000

Costo_train: 0.249860
Precision_train: 0.514630
Recall_train: 0.376574
F1_train: 0.434909

Costo_test: 0.250475
Precision_test: 0.472868
Recall_test: 0.296117
F1_test: 0.364179
 

Arquitectura: _2_3_3_3_1_
Semilla: 1788098514
Segundos: 140
NIteraciones: 100000

Costo_train: 0.249956
Precision_train: -nan(ind)
Recall_train: 0.000000
F1_train: -nan(ind)

Costo_test: 0.250148
Precision_test: -nan(ind)
Recall_test: 0.000000
F1_test: -nan(ind)
 

Arquitectura: _2_3_3_3_1_
Semilla: 1788098514
Segundos: 140
NIteraciones: 100000

Costo_train: 0.249781
Precision_train: 0.510264
Recall_train: 0.438287
F1_train: 0.471545

Costo_test: 0.250537
Precision_test: 0.502994
Recall_test: 0.407767
F1_test: 0.450402
 

Arquitectura: _2_3_3_3_1_
Semilla: 1788098514
Segundos: 140
NIteraciones: 100000

Costo_train: 0.249953
Precision_train: -nan(ind)
Recall_train: 0.000000
F1_train: -nan(ind)

Costo_test: 0.250171
Precision_test: -nan(ind)
Recall_test: 0.000000
F1_test: -nan(ind)
 

Arquitectura: _2_3_3_3_1_
Semilla: 1788098514
Segundos: 140
NIteraciones: 100000

Costo_train: 0.249928
Precision_train: 0.539216
Recall_train: 0.069270
F1_train: 0.122768

Costo_test: 0.250162
Precision_test: 0.583333
Recall_test: 0.033981
F1_test: 0.064220
 

Arquitectura: _2_3_3_3_1_
Semilla: 1788098514
Segundos: 140
NIteraciones: 100000

Costo_train: 0.249863
Precision_train: 0.532328
Recall_train: 0.311083
F1_train: 0.392687

Costo_test: 0.250334
Precision_test: 0.473684
Recall_test: 0.262136
F1_test: 0.337500
 

Arquitectura: _2_3_3_3_1_
Semilla: 1788098514
Segundos: 140
NIteraciones: 100000

Costo_train: 0.249940
Precision_train: 0.489726
Recall_train: 0.180101
F1_train: 0.263352

Costo_test: 0.250193
Precision_test: 0.492537
Recall_test: 0.160194
F1_test: 0.241758
 

Arquitectura: _2_3_3_3_1_
Semilla: 1788098514
Segundos: 140
NIteraciones: 100000

Costo_train: 0.249879
Precision_train: 0.493289
Recall_train: 0.185139
F1_train: 0.269231

Costo_test: 0.250185
Precision_test: 0.460526
Recall_test: 0.169903
F1_test: 0.248227
 

Arquitectura: _2_3_3_3_1_
Semilla: 1788098514
Segundos: 140
NIteraciones: 100000

Costo_train: 0.249988
Precision_train: -nan(ind)
Recall_train: 0.000000
F1_train: -nan(ind)

Costo_test: 0.250128
Precision_test: -nan(ind)
Recall_test: 0.000000
F1_test: -nan(ind)
 

Arquitectura: _2_3_3_3_1_
Semilla: 1788098514
Segundos: 140
NIteraciones: 100000

Costo_train: 0.249762
Precision_train: 0.506601
Recall_train: 0.386650
F1_train: 0.438571

Costo_test: 0.250479
Precision_test: 0.471014
Recall_test: 0.315534
F1_test: 0.377907
 

Arquitectura: _2_3_3_3_1_
Semilla: 1788098514
Segundos: 140
NIteraciones: 100000

Costo_train: 0.249768
Precision_train: 0.512821
Recall_train: 0.428212
F1_train: 0.466712

Costo_test: 0.250583
Precision_test: 0.490683
Recall_test: 0.383495
F1_test: 0.430518
 

Arquitectura: _2_3_3_3_1_
Semilla: 1788098514
Segundos: 140
NIteraciones: 100000

Costo_train: 0.249926
Precision_train: 0.514423
Recall_train: 0.134761
F1_train: 0.213573

Costo_test: 0.250237
Precision_test: 0.500000
Recall_test: 0.111650
F1_test: 0.182540
 

Arquitectura: _2_3_3_3_1_
Semilla: 1788098514
Segundos: 140
NIteraciones: 100000

Costo_train: 0.249980
Precision_train: -nan(ind)
Recall_train: 0.000000
F1_train: -nan(ind)

Costo_test: 0.250101
Precision_test: -nan(ind)
Recall_test: 0.000000
F1_test: -nan(ind)
 

Arquitectura: _2_3_3_3_1_
Semilla: 1788098514
Segundos: 140
NIteraciones: 100000

Costo_train: 0.249835
Precision_train: 0.500810
Recall_train: 0.389169
F1_train: 0.437987

Costo_test: 0.250638
Precision_test: 0.482269
Recall_test: 0.330097
F1_test: 0.391931
 

Arquitectura: _2_3_3_3_1_
Semilla: 1788098514
Segundos: 140
NIteraciones: 100000

Costo_train: 0.249840
Precision_train: 0.507788
Recall_train: 0.410579
F1_train: 0.454039

Costo_test: 0.250576
Precision_test: 0.472603
Recall_test: 0.334951
F1_test: 0.392045
 

Arquitectura: _2_3_3_3_1_
Semilla: 1788098514
Segundos: 140
NIteraciones: 100000

Costo_train: 0.249697
Precision_train: 0.531646
Recall_train: 0.317380
F1_train: 0.397476

Costo_test: 0.250226
Precision_test: 0.500000
Recall_test: 0.252427
F1_test: 0.335484
 

Arquitectura: _2_3_3_3_1_
Semilla: 1788098514
Segundos: 140
NIteraciones: 100000

Costo_train: 0.249903
Precision_train: 0.486322
Recall_train: 0.201511
F1_train: 0.284951

Costo_test: 0.250267
Precision_test: 0.447059
Recall_test: 0.184466
F1_test: 0.261168
 

Arquitectura: _2_3_3_3_1_
Semilla: 1788098514
Segundos: 140
NIteraciones: 100000

Costo_train: 0.249935
Precision_train: 0.487805
Recall_train: 0.050378
F1_train: 0.091324

Costo_test: 0.250204
Precision_test: 0.500000
Recall_test: 0.029126
F1_test: 0.055046
 

Arquitectura: _2_3_3_3_1_
Semilla: 1788098514
Segundos: 140
NIteraciones: 100000

Costo_train: 0.249839
Precision_train: 0.503559
Recall_train: 0.356423
F1_train: 0.417404

Costo_test: 0.250359
Precision_test: 0.496296
Recall_test: 0.325243
F1_test: 0.392962
 

Arquitectura: _2_3_3_3_1_
Semilla: 1788098514
Segundos: 140
NIteraciones: 100000

Costo_train: 0.249961
Precision_train: -nan(ind)
Recall_train: 0.000000
F1_train: -nan(ind)

Costo_test: 0.250165
Precision_test: -nan(ind)
Recall_test: 0.000000
F1_test: -nan(ind)
 

Arquitectura: _2_3_3_3_1_
Semilla: 1788098514
Segundos: 140
NIteraciones: 100000

Costo_train: 0.249885
Precision_train: 0.511194
Recall_train: 0.345088
F1_train: 0.412030

Costo_test: 0.250399
Precision_test: 0.508197
Recall_test: 0.300971
F1_test: 0.378049
 

Arquitectura: _2_3_3_3_1_
Semilla: 1788098514
Segundos: 140
NIteraciones: 100000

Costo_train: 0.249955
Precision_train: 0.496454
Recall_train: 0.264484
F1_train: 0.345111

Costo_test: 0.250163
Precision_test: 0.514563
Recall_test: 0.257282
F1_test: 0.343042
 

Arquitectura: _2_3_3_3_1_
Semilla: 1788098514
Segundos: 140
NIteraciones: 100000

Costo_train: 0.249910
Precision_train: 0.532051
Recall_train: 0.209068
F1_train: 0.300181

Costo_test: 0.250259
Precision_test: 0.532258
Recall_test: 0.160194
F1_test: 0.246269
 

Arquitectura: _2_3_3_3_1_
Semilla: 1788098514
Segundos: 140
NIteraciones: 100000

Costo_train: 0.249743
Precision_train: 0.519231
Recall_train: 0.476071
F1_train: 0.496715

Costo_test: 0.250524
Precision_test: 0.508475
Recall_test: 0.436893
F1_test: 0.469974
 

Arquitectura: _2_3_3_3_1_
Semilla: 1788098514
Segundos: 140
NIteraciones: 100000

Costo_train: 0.249702
Precision_train: 0.521978
Recall_train: 0.358942
F1_train: 0.425373

Costo_test: 0.250311
Precision_test: 0.464567
Recall_test: 0.286408
F1_test: 0.354354
 

Arquitectura: _2_3_3_3_1_
Semilla: 1788098514
Segundos: 140
NIteraciones: 100000

Costo_train: 0.249928
Precision_train: 0.446281
Recall_train: 0.068010
F1_train: 0.118033

Costo_test: 0.250192
Precision_test: 0.388889
Recall_test: 0.067961
F1_test: 0.115702
 

Arquitectura: _2_3_3_3_1_
Semilla: 1788098514
Segundos: 140
NIteraciones: 100000

Costo_train: 0.249847
Precision_train: 0.503289
Recall_train: 0.385390
F1_train: 0.436519

Costo_test: 0.250482
Precision_test: 0.478873
Recall_test: 0.330097
F1_test: 0.390805
 

Arquitectura: _2_3_3_3_1_
Semilla: 1788098514
Segundos: 140
NIteraciones: 100000

Costo_train: 0.249830
Precision_train: 0.503289
Recall_train: 0.385390
F1_train: 0.436519

Costo_test: 0.250523
Precision_test: 0.482014
Recall_test: 0.325243
F1_test: 0.388406
 

Arquitectura: _2_3_3_3_1_
Semilla: 1788098514
Segundos: 140
NIteraciones: 100000

Costo_train: 0.249884
Precision_train: 0.504098
Recall_train: 0.309824
F1_train: 0.383775

Costo_test: 0.250293
Precision_test: 0.495495
Recall_test: 0.266990
F1_test: 0.347003
 

Arquitectura: _2_3_3_3_1_
Semilla: 1788098514
Segundos: 140
NIteraciones: 100000

Costo_train: 0.249856
Precision_train: 0.511434
Recall_train: 0.309824
F1_train: 0.385882

Costo_test: 0.250261
Precision_test: 0.495495
Recall_test: 0.266990
F1_test: 0.347003
 

Arquitectura: _2_3_3_3_1_
Semilla: 1788098514
Segundos: 140
NIteraciones: 100000

Costo_train: 0.249893
Precision_train: 0.532578
Recall_train: 0.236776
F1_train: 0.327812

Costo_test: 0.250257
Precision_test: 0.441860
Recall_test: 0.184466
F1_test: 0.260274
 

Arquitectura: _2_3_3_3_1_
Semilla: 1788098514
Segundos: 140
NIteraciones: 100000

Costo_train: 0.249981
Precision_train: -nan(ind)
Recall_train: 0.000000
F1_train: -nan(ind)

Costo_test: 0.250129
Precision_test: -nan(ind)
Recall_test: 0.000000
F1_test: -nan(ind)
 

Arquitectura: _2_3_3_3_1_
Semilla: 1788098514
Segundos: 140
NIteraciones: 100000

Costo_train: 0.249803
Precision_train: 0.513378
Recall_train: 0.386650
F1_train: 0.441092

Costo_test: 0.250460
Precision_test: 0.485714
Recall_test: 0.330097
F1_test: 0.393064
 

Arquitectura: _2_3_3_3_1_
Semilla: 1788098514
Segundos: 140
NIteraciones: 100000

Costo_train: 0.249764
Precision_train: 0.516901
Recall_train: 0.462217
F1_train: 0.488032

Costo_test: 0.250540
Precision_test: 0.497076
Recall_test: 0.412621
F1_test: 0.450928
 

Arquitectura: _2_3_3_3_1_
Semilla: 1788098514
Segundos: 140
NIteraciones: 100000

Costo_train: 0.249850
Precision_train: 0.518519
Recall_train: 0.352645
F1_train: 0.419790

Costo_test: 0.250403
Precision_test: 0.484615
Recall_test: 0.305825
F1_test: 0.375000
 

Arquitectura: _2_3_3_3_1_
Semilla: 1788098514
Segundos: 140
NIteraciones: 100000

Costo_train: 0.249859
Precision_train: 0.516064
Recall_train: 0.323678
F1_train: 0.397833

Costo_test: 0.250385
Precision_test: 0.491803
Recall_test: 0.291262
F1_test: 0.365854
 

Arquitectura: _2_3_3_3_1_
Semilla: 1788098514
Segundos: 140
NIteraciones: 100000

Costo_train: 0.249956
Precision_train: -nan(ind)
Recall_train: 0.000000
F1_train: -nan(ind)

Costo_test: 0.250168
Precision_test: -nan(ind)
Recall_test: 0.000000
F1_test: -nan(ind)
 

Arquitectura: _2_3_3_3_1_
Semilla: 1788098514
Segundos: 140
NIteraciones: 100000

Costo_train: 0.249924
Precision_train: 0.524000
Recall_train: 0.164987
F1_train: 0.250958

Costo_test: 0.250239
Precision_test: 0.538462
Recall_test: 0.135922
F1_test: 0.217054
 

Arquitectura: _2_3_3_3_1_
Semilla: 1788098514
Segundos: 140
NIteraciones: 100000

Costo_train: 0.249881
Precision_train: 0.508741
Recall_train: 0.366499
F1_train: 0.426062

Costo_test: 0.250415
Precision_test: 0.492188
Recall_test: 0.305825
F1_test: 0.377246
 

Arquitectura: _2_3_3_3_1_
Semilla: 1788098514
Segundos: 140
NIteraciones: 100000

Costo_train: 0.249904
Precision_train: 0.492647
Recall_train: 0.337531
F1_train: 0.400598

Costo_test: 0.250350
Precision_test: 0.492188
Recall_test: 0.305825
F1_test: 0.377246
 

Arquitectura: _2_3_3_3_1_
Semilla: 1788098514
Segundos: 140
NIteraciones: 100000

Costo_train: 0.249948
Precision_train: 0.333333
Recall_train: 0.003778
F1_train: 0.007472

Costo_test: 0.250149
Precision_test: 0.000000
Recall_test: 0.000000
F1_test: -nan(ind)
 

Arquitectura: _2_3_3_3_1_
Semilla: 1788098514
Segundos: 140
NIteraciones: 100000

Costo_train: 0.249910
Precision_train: 0.545139
Recall_train: 0.197733
F1_train: 0.290203

Costo_test: 0.250246
Precision_test: 0.491803
Recall_test: 0.145631
F1_test: 0.224719
 

Arquitectura: _2_3_3_3_1_
Semilla: 1788098514
Segundos: 140
NIteraciones: 100000

Costo_train: 0.249984
Precision_train: 0.000000
Recall_train: 0.000000
F1_train: -nan(ind)

Costo_test: 0.250134
Precision_test: 1.000000
Recall_test: 0.004854
F1_test: 0.009662
 

Arquitectura: _2_3_3_3_1_
Semilla: 1788098514
Segundos: 140
NIteraciones: 100000

Costo_train: 0.249722
Precision_train: 0.517345
Recall_train: 0.431990
F1_train: 0.470831

Costo_test: 0.250535
Precision_test: 0.466667
Recall_test: 0.339806
F1_test: 0.393258
 

Arquitectura: _2_3_3_3_1_
Semilla: 1788098514
Segundos: 140
NIteraciones: 100000

Costo_train: 0.249842
Precision_train: 0.515888
Recall_train: 0.347607
F1_train: 0.415350

Costo_test: 0.250412
Precision_test: 0.500000
Recall_test: 0.315534
F1_test: 0.386905
 

Arquitectura: _2_3_3_3_1_
Semilla: 1788098514
Segundos: 140
NIteraciones: 100000

Costo_train: 0.249982
Precision_train: -nan(ind)
Recall_train: 0.000000
F1_train: -nan(ind)

Costo_test: 0.250125
Precision_test: -nan(ind)
Recall_test: 0.000000
F1_test: -nan(ind)
 

Arquitectura: _2_3_3_3_1_
Semilla: 1788098514
Segundos: 140
NIteraciones: 100000

Costo_train: 0.249881
Precision_train: 0.515789
Recall_train: 0.308564
F1_train: 0.386131

Costo_test: 0.250326
Precision_test: 0.473684
Recall_test: 0.262136
F1_test: 0.337500
 

Arquitectura: _2_3_3_3_1_
Semilla: 1788098514
Segundos: 140
NIteraciones: 100000

Costo_train: 0.249964
Precision_train: -nan(ind)
Recall_train: 0.000000
F1_train: -nan(ind)

Costo_test: 0.250154
Precision_test: -nan(ind)
Recall_test: 0.000000
F1_test: -nan(ind)
 

Arquitectura: _2_3_3_3_1_
Semilla: 1788098514
Segundos: 140
NIteraciones: 100000

Costo_train: 0.249978
Precision_train: -nan(ind)
Recall_train: 0.000000
F1_train: -nan(ind)

Costo_test: 0.250116
Precision_test: -nan(ind)
Recall_test: 0.000000
F1_test: -nan(ind)
 

Arquitectura: _2_3_3_3_1_
Semilla: 1788098514
Segundos: 140
NIteraciones: 100000

Costo_train: 0.249969
Precision_train: 0.454023
Recall_train: 0.099496
F1_train: 0.163223

Costo_test: 0.250131
Precision_test: 0.500000
Recall_test: 0.116505
F1_test: 0.188976
 

Arquitectura: _2_3_3_3_1_
Semilla: 1788098514
Segundos: 140
NIteraciones: 100000

Costo_train: 0.249823
Precision_train: 0.511401
Recall_train: 0.395466
F1_train: 0.446023

Costo_test: 0.250491
Precision_test: 0.476510
Recall_test: 0.344660
F1_test: 0.400000
 

Arquitectura: _2_3_3_3_1_
Semilla: 1788098514
Segundos: 140
NIteraciones: 100000

Costo_train: 0.249961
Precision_train: 0.482558
Recall_train: 0.209068
F1_train: 0.291740

Costo_test: 0.250198
Precision_test: 0.466667
Recall_test: 0.203883
F1_test: 0.283784
 

Arquitectura: _2_3_3_3_1_
Semilla: 1788098514
Segundos: 140
NIteraciones: 100000

Costo_train: 0.249868
Precision_train: 0.510563
Recall_train: 0.365239
F1_train: 0.425844

Costo_test: 0.250391
Precision_test: 0.487805
Recall_test: 0.291262
F1_test: 0.364742
 

Arquitectura: _2_3_3_3_1_
Semilla: 1788098514
Segundos: 140
NIteraciones: 100000

Costo_train: 0.249908
Precision_train: 0.500000
Recall_train: 0.231738
F1_train: 0.316695

Costo_test: 0.250198
Precision_test: 0.490741
Recall_test: 0.257282
F1_test: 0.337580
 

Arquitectura: _2_3_3_3_1_
Semilla: 1788098514
Segundos: 140
NIteraciones: 100000

Costo_train: 0.249960
Precision_train: 0.500000
Recall_train: 0.002519
F1_train: 0.005013

Costo_test: 0.250172
Precision_test: 1.000000
Recall_test: 0.004854
F1_test: 0.009662
 

Arquitectura: _2_3_3_3_1_
Semilla: 1788098514
Segundos: 140
NIteraciones: 100000

Costo_train: 0.249749
Precision_train: 0.514074
Recall_train: 0.437028
F1_train: 0.472430

Costo_test: 0.250549
Precision_test: 0.493827
Recall_test: 0.388350
F1_test: 0.434783
 

Arquitectura: _2_3_3_3_1_
Semilla: 1788098514
Segundos: 140
NIteraciones: 100000

Costo_train: 0.249925
Precision_train: 0.503817
Recall_train: 0.166247
F1_train: 0.250000

Costo_test: 0.250193
Precision_test: 0.508197
Recall_test: 0.150485
F1_test: 0.232210
 

Arquitectura: _2_3_3_3_1_
Semilla: 1788098514
Segundos: 140
NIteraciones: 100000

Costo_train: 0.249965
Precision_train: 0.000000
Recall_train: 0.000000
F1_train: -nan(ind)

Costo_test: 0.250159
Precision_test: 1.000000
Recall_test: 0.004854
F1_test: 0.009662
 

Arquitectura: _2_3_3_3_1_
Semilla: 1788098514
Segundos: 140
NIteraciones: 100000

Costo_train: 0.249964
Precision_train: -nan(ind)
Recall_train: 0.000000
F1_train: -nan(ind)

Costo_test: 0.250156
Precision_test: -nan(ind)
Recall_test: 0.000000
F1_test: -nan(ind)
 

Arquitectura: _2_3_3_3_1_
Semilla: 1788098514
Segundos: 140
NIteraciones: 100000

Costo_train: 0.249905
Precision_train: 0.514170
Recall_train: 0.159950
F1_train: 0.243996

Costo_test: 0.250232
Precision_test: 0.446429
Recall_test: 0.121359
F1_test: 0.190840
 

Arquitectura: _2_3_3_3_1_
Semilla: 1788098514
Segundos: 140
NIteraciones: 100000

Costo_train: 0.249885
Precision_train: 0.518931
Recall_train: 0.293451
F1_train: 0.374899

Costo_test: 0.250358
Precision_test: 0.481818
Recall_test: 0.257282
F1_test: 0.335443
 

Arquitectura: _2_3_3_3_1_
Semilla: 1788098514
Segundos: 140
NIteraciones: 100000

Costo_train: 0.249849
Precision_train: 0.519115
Recall_train: 0.324937
F1_train: 0.399690

Costo_test: 0.250366
Precision_test: 0.483333
Recall_test: 0.281553
F1_test: 0.355828
 

Arquitectura: _2_3_3_3_1_
Semilla: 1788098514
Segundos: 140
NIteraciones: 100000

Costo_train: 0.249987
Precision_train: -nan(ind)
Recall_train: 0.000000
F1_train: -nan(ind)

Costo_test: 0.250126
Precision_test: -nan(ind)
Recall_test: 0.000000
F1_test: -nan(ind)
 

Arquitectura: _2_3_3_3_1_
Semilla: 1788098514
Segundos: 140
NIteraciones: 100000

Costo_train: 0.249913
Precision_train: 0.488889
Recall_train: 0.193955
F1_train: 0.277728

Costo_test: 0.250227
Precision_test: 0.469880
Recall_test: 0.189320
F1_test: 0.269896
 

Arquitectura: _2_3_3_3_1_
Semilla: 1788098514
Segundos: 140
NIteraciones: 100000

Costo_train: 0.249899
Precision_train: 0.533157
Recall_train: 0.253149
F1_train: 0.343296

Costo_test: 0.250283
Precision_test: 0.517241
Recall_test: 0.218447
F1_test: 0.307167
 

Arquitectura: _2_3_3_3_1_
Semilla: 1788098514
Segundos: 140
NIteraciones: 100000

Costo_train: 0.249966
Precision_train: -nan(ind)
Recall_train: 0.000000
F1_train: -nan(ind)

Costo_test: 0.250155
Precision_test: -nan(ind)
Recall_test: 0.000000
F1_test: -nan(ind)
 

Arquitectura: _2_3_3_3_1_
Semilla: 1788098514
Segundos: 140
NIteraciones: 100000

Costo_train: 0.249873
Precision_train: 0.511706
Recall_train: 0.385390
F1_train: 0.439655

Costo_test: 0.250455
Precision_test: 0.488722
Recall_test: 0.315534
F1_test: 0.383481
 

Arquitectura: _2_3_3_3_1_
Semilla: 1788098514
Segundos: 140
NIteraciones: 100000

Costo_train: 0.249824
Precision_train: 0.507488
Recall_train: 0.384131
F1_train: 0.437276

Costo_test: 0.250551
Precision_test: 0.462069
Recall_test: 0.325243
F1_test: 0.381766
 

Arquitectura: _2_3_3_3_1_
Semilla: 1788098514
Segundos: 140
NIteraciones: 100000

Costo_train: 0.249937
Precision_train: 0.333333
Recall_train: 0.003778
F1_train: 0.007472

Costo_test: 0.250127
Precision_test: 0.000000
Recall_test: 0.000000
F1_test: -nan(ind)
 

Arquitectura: _2_3_3_3_1_
Semilla: 1788098514
Segundos: 140
NIteraciones: 100000

Costo_train: 0.249857
Precision_train: 0.506876
Recall_train: 0.324937
F1_train: 0.396009

Costo_test: 0.250401
Precision_test: 0.487395
Recall_test: 0.281553
F1_test: 0.356923
 

Arquitectura: _2_3_3_3_1_
Semilla: 1788098514
Segundos: 140
NIteraciones: 100000

Costo_train: 0.249792
Precision_train: 0.524462
Recall_train: 0.337531
F1_train: 0.410728

Costo_test: 0.250405
Precision_test: 0.487395
Recall_test: 0.281553
F1_test: 0.356923
 

Arquitectura: _2_3_3_3_1_
Semilla: 1788098514
Segundos: 140
NIteraciones: 100000

Costo_train: 0.249979
Precision_train: -nan(ind)
Recall_train: 0.000000
F1_train: -nan(ind)

Costo_test: 0.250137
Precision_test: -nan(ind)
Recall_test: 0.000000
F1_test: -nan(ind)
 

Arquitectura: _2_3_3_3_1_
Semilla: 1788098514
Segundos: 140
NIteraciones: 100000

Costo_train: 0.249944
Precision_train: 0.442623
Recall_train: 0.034005
F1_train: 0.063158

Costo_test: 0.250205
Precision_test: 0.363636
Recall_test: 0.019417
F1_test: 0.036866
 

Arquitectura: _2_3_3_3_1_
Semilla: 1788098514
Segundos: 140
NIteraciones: 100000

Costo_train: 0.249940
Precision_train: 0.500000
Recall_train: 0.046599
F1_train: 0.085253

Costo_test: 0.250197
Precision_test: 0.400000
Recall_test: 0.019417
F1_test: 0.037037
 

Arquitectura: _2_3_3_3_1_
Semilla: 1788098514
Segundos: 140
NIteraciones: 100000

Costo_train: 0.249906
Precision_train: 0.511029
Recall_train: 0.175063
F1_train: 0.260788

Costo_test: 0.250190
Precision_test: 0.553846
Recall_test: 0.174757
F1_test: 0.265683
 

Arquitectura: _2_3_3_3_1_
Semilla: 1788098514
Segundos: 140
NIteraciones: 100000

Costo_train: 0.249841
Precision_train: 0.500000
Recall_train: 0.400504
F1_train: 0.444755

Costo_test: 0.250669
Precision_test: 0.482759
Recall_test: 0.339806
F1_test: 0.398860
 

Arquitectura: _2_3_3_3_1_
Semilla: 1788098514
Segundos: 140
NIteraciones: 100000

Costo_train: 0.249896
Precision_train: 0.502427
Recall_train: 0.260705
F1_train: 0.343284

Costo_test: 0.250274
Precision_test: 0.478261
Recall_test: 0.213592
F1_test: 0.295302
 

Arquitectura: _2_3_3_3_1_
Semilla: 1788098514
Segundos: 140
NIteraciones: 100000

Costo_train: 0.249793
Precision_train: 0.518900
Recall_train: 0.380353
F1_train: 0.438953

Costo_test: 0.250569
Precision_test: 0.496454
Recall_test: 0.339806
F1_test: 0.403458
 

Arquitectura: _2_3_3_3_1_
Semilla: 1788098514
Segundos: 140
NIteraciones: 100000

Costo_train: 0.249961
Precision_train: -nan(ind)
Recall_train: 0.000000
F1_train: -nan(ind)

Costo_test: 0.250159
Precision_test: -nan(ind)
Recall_test: 0.000000
F1_test: -nan(ind)
 

Arquitectura: _2_3_3_3_1_
Semilla: 1788098514
Segundos: 140
NIteraciones: 100000

Costo_train: 0.249865
Precision_train: 0.510597
Recall_train: 0.333753
F1_train: 0.403656

Costo_test: 0.250395
Precision_test: 0.479675
Recall_test: 0.286408
F1_test: 0.358663
 

Arquitectura: _2_3_3_3_1_
Semilla: 1788098514
Segundos: 140
NIteraciones: 100000

Costo_train: 0.249911
Precision_train: 0.498881
Recall_train: 0.280856
F1_train: 0.359388

Costo_test: 0.250297
Precision_test: 0.500000
Recall_test: 0.257282
F1_test: 0.339744
 

Arquitectura: _2_3_3_3_1_
Semilla: 1788098514
Segundos: 140
NIteraciones: 100000

Costo_train: 0.249966
Precision_train: 0.555556
Recall_train: 0.006297
F1_train: 0.012453

Costo_test: 0.250153
Precision_test: 0.500000
Recall_test: 0.004854
F1_test: 0.009615
 

Arquitectura: _2_3_3_3_1_
Semilla: 1788098514
Segundos: 140
NIteraciones: 100000

Costo_train: 0.249796
Precision_train: 0.510015
Recall_train: 0.416877
F1_train: 0.458766

Costo_test: 0.250640
Precision_test: 0.487342
Recall_test: 0.373786
F1_test: 0.423077
 

Arquitectura: _2_3_3_3_1_
Semilla: 1788098514
Segundos: 140
NIteraciones: 100000

Costo_train: 0.249962
Precision_train: 0.523077
Recall_train: 0.042821
F1_train: 0.079162

Costo_test: 0.250141
Precision_test: 0.583333
Recall_test: 0.067961
F1_test: 0.121739
 


--- Test Angosta 4.0 ---
Iteración 10000
Costo: 0.249780
Iteración 20000
Costo: 0.249678
Iteración 30000
Costo: 0.249443
Iteración 40000
Costo: 0.248924
Iteración 50000
Costo: 0.248426
Iteración 60000
Costo: 0.248171
Iteración 70000
Costo: 0.247940
Iteración 80000
Costo: 0.247698
Iteración 90000
Costo: 0.247486

Arquitectura: _2_12_1_
Semilla: 1788098654
Segundos: 54
NIteraciones: 100000

Costo_train: 0.247323
Precision_train: 0.546061
Recall_train: 0.515113
F1_train: 0.530136

Costo_test: 0.247689
Precision_test: 0.574713
Recall_test: 0.485437
F1_test: 0.526316
 

Arquitectura: _2_12_1_
Semilla: 1788098654
Segundos: 54
NIteraciones: 100000

Costo_train: 0.246724
Precision_train: 0.551724
Recall_train: 0.523929
F1_train: 0.537468

Costo_test: 0.247391
Precision_test: 0.582857
Recall_test: 0.495146
F1_test: 0.535433
 

Arquitectura: _2_12_1_
Semilla: 1788098654
Segundos: 54
NIteraciones: 100000

Costo_train: 0.246853
Precision_train: 0.553191
Recall_train: 0.523929
F1_train: 0.538163

Costo_test: 0.247375
Precision_test: 0.583333
Recall_test: 0.509709
F1_test: 0.544041
 

Arquitectura: _2_12_1_
Semilla: 1788098654
Segundos: 54
NIteraciones: 100000

Costo_train: 0.247198
Precision_train: 0.550667
Recall_train: 0.520151
F1_train: 0.534974

Costo_test: 0.247452
Precision_test: 0.570621
Recall_test: 0.490291
F1_test: 0.527415
 

Arquitectura: _2_12_1_
Semilla: 1788098654
Segundos: 54
NIteraciones: 100000

Costo_train: 0.247169
Precision_train: 0.551316
Recall_train: 0.527708
F1_train: 0.539254

Costo_test: 0.247509
Precision_test: 0.573034
Recall_test: 0.495146
F1_test: 0.531250
 

Arquitectura: _2_12_1_
Semilla: 1788098654
Segundos: 54
NIteraciones: 100000

Costo_train: 0.247045
Precision_train: 0.551129
Recall_train: 0.522670
F1_train: 0.536522

Costo_test: 0.247277
Precision_test: 0.572222
Recall_test: 0.500000
F1_test: 0.533679
 

Arquitectura: _2_12_1_
Semilla: 1788098654
Segundos: 54
NIteraciones: 100000

Costo_train: 0.246902
Precision_train: 0.551539
Recall_train: 0.518892
F1_train: 0.534718

Costo_test: 0.247448
Precision_test: 0.585227
Recall_test: 0.500000
F1_test: 0.539267
 

Arquitectura: _2_12_1_
Semilla: 1788098654
Segundos: 54
NIteraciones: 100000

Costo_train: 0.247407
Precision_train: 0.547091
Recall_train: 0.497481
F1_train: 0.521108

Costo_test: 0.248174
Precision_test: 0.583851
Recall_test: 0.456311
F1_test: 0.512262
 

Arquitectura: _2_12_1_
Semilla: 1788098654
Segundos: 54
NIteraciones: 100000

Costo_train: 0.247072
Precision_train: 0.548387
Recall_train: 0.513854
F1_train: 0.530559

Costo_test: 0.247746
Precision_test: 0.563218
Recall_test: 0.475728
F1_test: 0.515789
 

Arquitectura: _2_12_1_
Semilla: 1788098654
Segundos: 54
NIteraciones: 100000

Costo_train: 0.247169
Precision_train: 0.555870
Recall_train: 0.494962
F1_train: 0.523651

Costo_test: 0.247924
Precision_test: 0.584906
Recall_test: 0.451456
F1_test: 0.509589
 

Arquitectura: _2_12_1_
Semilla: 1788098654
Segundos: 54
NIteraciones: 100000

Costo_train: 0.247172
Precision_train: 0.549932
Recall_train: 0.506297
F1_train: 0.527213

Costo_test: 0.247562
Precision_test: 0.582353
Recall_test: 0.480583
F1_test: 0.526596
 

Arquitectura: _2_12_1_
Semilla: 1788098654
Segundos: 54
NIteraciones: 100000

Costo_train: 0.246529
Precision_train: 0.556714
Recall_train: 0.537783
F1_train: 0.547085

Costo_test: 0.247256
Precision_test: 0.593407
Recall_test: 0.524272
F1_test: 0.556701
 

Arquitectura: _2_12_1_
Semilla: 1788098654
Segundos: 54
NIteraciones: 100000

Costo_train: 0.247233
Precision_train: 0.555712
Recall_train: 0.496222
F1_train: 0.524285

Costo_test: 0.247805
Precision_test: 0.587500
Recall_test: 0.456311
F1_test: 0.513661
 

Arquitectura: _2_12_1_
Semilla: 1788098654
Segundos: 54
NIteraciones: 100000

Costo_train: 0.246980
Precision_train: 0.550067
Recall_train: 0.518892
F1_train: 0.534025

Costo_test: 0.247584
Precision_test: 0.570621
Recall_test: 0.490291
F1_test: 0.527415
 

Arquitectura: _2_12_1_
Semilla: 1788098654
Segundos: 54
NIteraciones: 100000

Costo_train: 0.246948
Precision_train: 0.549333
Recall_train: 0.518892
F1_train: 0.533679

Costo_test: 0.247488
Precision_test: 0.577143
Recall_test: 0.490291
F1_test: 0.530184
 

Arquitectura: _2_12_1_
Semilla: 1788098654
Segundos: 54
NIteraciones: 100000

Costo_train: 0.247598
Precision_train: 0.542538
Recall_train: 0.489924
F1_train: 0.514891

Costo_test: 0.248593
Precision_test: 0.575000
Recall_test: 0.446602
F1_test: 0.502732
 

Arquitectura: _2_12_1_
Semilla: 1788098654
Segundos: 54
NIteraciones: 100000

Costo_train: 0.247508
Precision_train: 0.552342
Recall_train: 0.505038
F1_train: 0.527632

Costo_test: 0.248064
Precision_test: 0.583851
Recall_test: 0.456311
F1_test: 0.512262
 

Arquitectura: _2_12_1_
Semilla: 1788098654
Segundos: 54
NIteraciones: 100000

Costo_train: 0.248283
Precision_train: 0.518471
Recall_train: 0.512594
F1_train: 0.515516

Costo_test: 0.249754
Precision_test: 0.534162
Recall_test: 0.417476
F1_test: 0.468665
 

Arquitectura: _2_12_1_
Semilla: 1788098654
Segundos: 54
NIteraciones: 100000

Costo_train: 0.247143
Precision_train: 0.552778
Recall_train: 0.501259
F1_train: 0.525760

Costo_test: 0.247816
Precision_test: 0.590062
Recall_test: 0.461165
F1_test: 0.517711
 

Arquitectura: _2_12_1_
Semilla: 1788098654
Segundos: 54
NIteraciones: 100000

Costo_train: 0.247078
Precision_train: 0.550067
Recall_train: 0.518892
F1_train: 0.534025

Costo_test: 0.247272
Precision_test: 0.572222
Recall_test: 0.500000
F1_test: 0.533679
 

Arquitectura: _2_12_1_
Semilla: 1788098654
Segundos: 54
NIteraciones: 100000

Costo_train: 0.246718
Precision_train: 0.554377
Recall_train: 0.526448
F1_train: 0.540052

Costo_test: 0.247126
Precision_test: 0.595506
Recall_test: 0.514563
F1_test: 0.552083
 

Arquitectura: _2_12_1_
Semilla: 1788098654
Segundos: 54
NIteraciones: 100000

Costo_train: 0.247145
Precision_train: 0.548942
Recall_train: 0.522670
F1_train: 0.535484

Costo_test: 0.247396
Precision_test: 0.576271
Recall_test: 0.495146
F1_test: 0.532637
 

Arquitectura: _2_12_1_
Semilla: 1788098654
Segundos: 54
NIteraciones: 100000

Costo_train: 0.247473
Precision_train: 0.550847
Recall_train: 0.491184
F1_train: 0.519308

Costo_test: 0.248247
Precision_test: 0.572327
Recall_test: 0.441748
F1_test: 0.498630
 

Arquitectura: _2_12_1_
Semilla: 1788098654
Segundos: 54
NIteraciones: 100000

Costo_train: 0.247467
Precision_train: 0.551049
Recall_train: 0.496222
F1_train: 0.522200

Costo_test: 0.248393
Precision_test: 0.575000
Recall_test: 0.446602
F1_test: 0.502732
 

Arquitectura: _2_12_1_
Semilla: 1788098654
Segundos: 54
NIteraciones: 100000

Costo_train: 0.246812
Precision_train: 0.552632
Recall_train: 0.528967
F1_train: 0.540541

Costo_test: 0.247174
Precision_test: 0.580460
Recall_test: 0.490291
F1_test: 0.531579
 

Arquitectura: _2_12_1_
Semilla: 1788098654
Segundos: 54
NIteraciones: 100000

Costo_train: 0.246871
Precision_train: 0.549538
Recall_train: 0.523929
F1_train: 0.536428

Costo_test: 0.247564
Precision_test: 0.592179
Recall_test: 0.514563
F1_test: 0.550649
 

Arquitectura: _2_12_1_
Semilla: 1788098654
Segundos: 54
NIteraciones: 100000

Costo_train: 0.247214
Precision_train: 0.552703
Recall_train: 0.515113
F1_train: 0.533246

Costo_test: 0.247937
Precision_test: 0.575581
Recall_test: 0.480583
F1_test: 0.523810
 

Arquitectura: _2_12_1_
Semilla: 1788098654
Segundos: 54
NIteraciones: 100000

Costo_train: 0.247072
Precision_train: 0.556000
Recall_train: 0.525189
F1_train: 0.540155

Costo_test: 0.247401
Precision_test: 0.567416
Recall_test: 0.490291
F1_test: 0.526042
 

Arquitectura: _2_12_1_
Semilla: 1788098654
Segundos: 54
NIteraciones: 100000

Costo_train: 0.247110
Precision_train: 0.550859
Recall_train: 0.525189
F1_train: 0.537718

Costo_test: 0.247628
Precision_test: 0.574713
Recall_test: 0.485437
F1_test: 0.526316
 

Arquitectura: _2_12_1_
Semilla: 1788098654
Segundos: 54
NIteraciones: 100000

Costo_train: 0.246791
Precision_train: 0.552419
Recall_train: 0.517632
F1_train: 0.534460

Costo_test: 0.247435
Precision_test: 0.586207
Recall_test: 0.495146
F1_test: 0.536842
 

Arquitectura: _2_12_1_
Semilla: 1788098654
Segundos: 54
NIteraciones: 100000

Costo_train: 0.246589
Precision_train: 0.555252
Recall_train: 0.512594
F1_train: 0.533071

Costo_test: 0.247339
Precision_test: 0.593939
Recall_test: 0.475728
F1_test: 0.528302
 

Arquitectura: _2_12_1_
Semilla: 1788098654
Segundos: 54
NIteraciones: 100000

Costo_train: 0.246997
Precision_train: 0.554813
Recall_train: 0.522670
F1_train: 0.538262

Costo_test: 0.247449
Precision_test: 0.570621
Recall_test: 0.490291
F1_test: 0.527415
 

Arquitectura: _2_12_1_
Semilla: 1788098654
Segundos: 54
NIteraciones: 100000

Costo_train: 0.246750
Precision_train: 0.553020
Recall_train: 0.518892
F1_train: 0.535413

Costo_test: 0.247387
Precision_test: 0.601156
Recall_test: 0.504854
F1_test: 0.548813
 

Arquitectura: _2_12_1_
Semilla: 1788098654
Segundos: 54
NIteraciones: 100000

Costo_train: 0.246839
Precision_train: 0.549351
Recall_train: 0.532746
F1_train: 0.540921

Costo_test: 0.247270
Precision_test: 0.581006
Recall_test: 0.504854
F1_test: 0.540260
 

Arquitectura: _2_12_1_
Semilla: 1788098654
Segundos: 54
NIteraciones: 100000

Costo_train: 0.247177
Precision_train: 0.554937
Recall_train: 0.502519
F1_train: 0.527429

Costo_test: 0.247744
Precision_test: 0.588957
Recall_test: 0.466019
F1_test: 0.520325
 

Arquitectura: _2_12_1_
Semilla: 1788098654
Segundos: 54
NIteraciones: 100000

Costo_train: 0.246850
Precision_train: 0.550667
Recall_train: 0.520151
F1_train: 0.534974

Costo_test: 0.247145
Precision_test: 0.587571
Recall_test: 0.504854
F1_test: 0.543081
 

Arquitectura: _2_12_1_
Semilla: 1788098654
Segundos: 54
NIteraciones: 100000

Costo_train: 0.246883
Precision_train: 0.549096
Recall_train: 0.535264
F1_train: 0.542092

Costo_test: 0.247126
Precision_test: 0.582418
Recall_test: 0.514563
F1_test: 0.546392
 

Arquitectura: _2_12_1_
Semilla: 1788098654
Segundos: 54
NIteraciones: 100000

Costo_train: 0.246410
Precision_train: 0.555128
Recall_train: 0.545340
F1_train: 0.550191

Costo_test: 0.247295
Precision_test: 0.583784
Recall_test: 0.524272
F1_test: 0.552430
 

Arquitectura: _2_12_1_
Semilla: 1788098654
Segundos: 54
NIteraciones: 100000

Costo_train: 0.247264
Precision_train: 0.548473
Recall_train: 0.520151
F1_train: 0.533937

Costo_test: 0.247652
Precision_test: 0.571429
Recall_test: 0.485437
F1_test: 0.524934
 

Arquitectura: _2_12_1_
Semilla: 1788098654
Segundos: 54
NIteraciones: 100000

Costo_train: 0.246918
Precision_train: 0.551316
Recall_train: 0.527708
F1_train: 0.539254

Costo_test: 0.247385
Precision_test: 0.581006
Recall_test: 0.504854
F1_test: 0.540260
 

Arquitectura: _2_12_1_
Semilla: 1788098654
Segundos: 54
NIteraciones: 100000

Costo_train: 0.247253
Precision_train: 0.550265
Recall_train: 0.523929
F1_train: 0.536774

Costo_test: 0.247678
Precision_test: 0.574713
Recall_test: 0.485437
F1_test: 0.526316
 

Arquitectura: _2_12_1_
Semilla: 1788098654
Segundos: 54
NIteraciones: 100000

Costo_train: 0.247079
Precision_train: 0.552597
Recall_train: 0.522670
F1_train: 0.537217

Costo_test: 0.247294
Precision_test: 0.564246
Recall_test: 0.490291
F1_test: 0.524675
 

Arquitectura: _2_12_1_
Semilla: 1788098654
Segundos: 54
NIteraciones: 100000

Costo_train: 0.246885
Precision_train: 0.550607
Recall_train: 0.513854
F1_train: 0.531596

Costo_test: 0.247401
Precision_test: 0.566474
Recall_test: 0.475728
F1_test: 0.517150
 

Arquitectura: _2_12_1_
Semilla: 1788098654
Segundos: 54
NIteraciones: 100000

Costo_train: 0.247095
Precision_train: 0.553642
Recall_train: 0.526448
F1_train: 0.539703

Costo_test: 0.247377
Precision_test: 0.572222
Recall_test: 0.500000
F1_test: 0.533679
 

Arquitectura: _2_12_1_
Semilla: 1788098654
Segundos: 54
NIteraciones: 100000

Costo_train: 0.246684
Precision_train: 0.548303
Recall_train: 0.528967
F1_train: 0.538462

Costo_test: 0.247225
Precision_test: 0.585635
Recall_test: 0.514563
F1_test: 0.547804
 

Arquitectura: _2_12_1_
Semilla: 1788098654
Segundos: 54
NIteraciones: 100000

Costo_train: 0.247159
Precision_train: 0.550201
Recall_train: 0.517632
F1_train: 0.533420

Costo_test: 0.247422
Precision_test: 0.578652
Recall_test: 0.500000
F1_test: 0.536458
 

Arquitectura: _2_12_1_
Semilla: 1788098654
Segundos: 54
NIteraciones: 100000

Costo_train: 0.246876
Precision_train: 0.551265
Recall_train: 0.521411
F1_train: 0.535922

Costo_test: 0.247384
Precision_test: 0.587912
Recall_test: 0.519417
F1_test: 0.551546
 

Arquitectura: _2_12_1_
Semilla: 1788098654
Segundos: 54
NIteraciones: 100000

Costo_train: 0.246706
Precision_train: 0.551539
Recall_train: 0.518892
F1_train: 0.534718

Costo_test: 0.247362
Precision_test: 0.588571
Recall_test: 0.500000
F1_test: 0.540682
 

Arquitectura: _2_12_1_
Semilla: 1788098654
Segundos: 54
NIteraciones: 100000

Costo_train: 0.246954
Precision_train: 0.550459
Recall_train: 0.528967
F1_train: 0.539499

Costo_test: 0.247380
Precision_test: 0.575419
Recall_test: 0.500000
F1_test: 0.535065
 

Arquitectura: _2_12_1_
Semilla: 1788098654
Segundos: 54
NIteraciones: 100000

Costo_train: 0.247070
Precision_train: 0.549333
Recall_train: 0.518892
F1_train: 0.533679

Costo_test: 0.247162
Precision_test: 0.569061
Recall_test: 0.500000
F1_test: 0.532300
 

Arquitectura: _2_12_1_
Semilla: 1788098654
Segundos: 54
NIteraciones: 100000

Costo_train: 0.247001
Precision_train: 0.550859
Recall_train: 0.525189
F1_train: 0.537718

Costo_test: 0.247252
Precision_test: 0.567416
Recall_test: 0.490291
F1_test: 0.526042
 

Arquitectura: _2_12_1_
Semilla: 1788098654
Segundos: 54
NIteraciones: 100000

Costo_train: 0.247047
Precision_train: 0.552279
Recall_train: 0.518892
F1_train: 0.535065

Costo_test: 0.247410
Precision_test: 0.573864
Recall_test: 0.490291
F1_test: 0.528796
 

Arquitectura: _2_12_1_
Semilla: 1788098654
Segundos: 54
NIteraciones: 100000

Costo_train: 0.247237
Precision_train: 0.550206
Recall_train: 0.503778
F1_train: 0.525970

Costo_test: 0.247966
Precision_test: 0.578313
Recall_test: 0.466019
F1_test: 0.516129
 

Arquitectura: _2_12_1_
Semilla: 1788098654
Segundos: 54
NIteraciones: 100000

Costo_train: 0.247047
Precision_train: 0.551862
Recall_train: 0.522670
F1_train: 0.536869

Costo_test: 0.247413
Precision_test: 0.570621
Recall_test: 0.490291
F1_test: 0.527415
 

Arquitectura: _2_12_1_
Semilla: 1788098654
Segundos: 54
NIteraciones: 100000

Costo_train: 0.247554
Precision_train: 0.551105
Recall_train: 0.502519
F1_train: 0.525692

Costo_test: 0.248057
Precision_test: 0.581250
Recall_test: 0.451456
F1_test: 0.508197
 

Arquitectura: _2_12_1_
Semilla: 1788098654
Segundos: 54
NIteraciones: 100000

Costo_train: 0.247078
Precision_train: 0.554362
Recall_train: 0.520151
F1_train: 0.536712

Costo_test: 0.247359
Precision_test: 0.574713
Recall_test: 0.485437
F1_test: 0.526316
 

Arquitectura: _2_12_1_
Semilla: 1788098654
Segundos: 54
NIteraciones: 100000

Costo_train: 0.247179
Precision_train: 0.548602
Recall_train: 0.518892
F1_train: 0.533333

Costo_test: 0.247419
Precision_test: 0.574713
Recall_test: 0.485437
F1_test: 0.526316
 

Arquitectura: _2_12_1_
Semilla: 1788098654
Segundos: 54
NIteraciones: 100000

Costo_train: 0.246969
Precision_train: 0.553642
Recall_train: 0.526448
F1_train: 0.539703

Costo_test: 0.247337
Precision_test: 0.564246
Recall_test: 0.490291
F1_test: 0.524675
 

Arquitectura: _2_12_1_
Semilla: 1788098654
Segundos: 54
NIteraciones: 100000

Costo_train: 0.247131
Precision_train: 0.554775
Recall_train: 0.497481
F1_train: 0.524568

Costo_test: 0.247763
Precision_test: 0.591195
Recall_test: 0.456311
F1_test: 0.515069
 

Arquitectura: _2_12_1_
Semilla: 1788098654
Segundos: 54
NIteraciones: 100000

Costo_train: 0.247211
Precision_train: 0.550802
Recall_train: 0.518892
F1_train: 0.534371

Costo_test: 0.247727
Precision_test: 0.572254
Recall_test: 0.480583
F1_test: 0.522427
 

Arquitectura: _2_12_1_
Semilla: 1788098654
Segundos: 54
NIteraciones: 100000

Costo_train: 0.247333
Precision_train: 0.544828
Recall_train: 0.497481
F1_train: 0.520079

Costo_test: 0.247880
Precision_test: 0.573171
Recall_test: 0.456311
F1_test: 0.508108
 

Arquitectura: _2_12_1_
Semilla: 1788098654
Segundos: 54
NIteraciones: 100000

Costo_train: 0.246719
Precision_train: 0.556000
Recall_train: 0.525189
F1_train: 0.540155

Costo_test: 0.247471
Precision_test: 0.588571
Recall_test: 0.500000
F1_test: 0.540682
 

Arquitectura: _2_12_1_
Semilla: 1788098654
Segundos: 54
NIteraciones: 100000

Costo_train: 0.246995
Precision_train: 0.557666
Recall_train: 0.517632
F1_train: 0.536904

Costo_test: 0.247293
Precision_test: 0.584795
Recall_test: 0.485437
F1_test: 0.530504
 

Arquitectura: _2_12_1_
Semilla: 1788098654
Segundos: 54
NIteraciones: 100000

Costo_train: 0.246915
Precision_train: 0.550725
Recall_train: 0.526448
F1_train: 0.538313

Costo_test: 0.247299
Precision_test: 0.578652
Recall_test: 0.500000
F1_test: 0.536458
 

Arquitectura: _2_12_1_
Semilla: 1788098654
Segundos: 54
NIteraciones: 100000

Costo_train: 0.247017
Precision_train: 0.555407
Recall_train: 0.523929
F1_train: 0.539209

Costo_test: 0.247575
Precision_test: 0.580460
Recall_test: 0.490291
F1_test: 0.531579
 

Arquitectura: _2_12_1_
Semilla: 1788098654
Segundos: 54
NIteraciones: 100000

Costo_train: 0.247332
Precision_train: 0.545455
Recall_train: 0.506297
F1_train: 0.525147

Costo_test: 0.247528
Precision_test: 0.576471
Recall_test: 0.475728
F1_test: 0.521277
 

Arquitectura: _2_12_1_
Semilla: 1788098654
Segundos: 54
NIteraciones: 100000

Costo_train: 0.246496
Precision_train: 0.552737
Recall_train: 0.521411
F1_train: 0.536617

Costo_test: 0.247274
Precision_test: 0.605882
Recall_test: 0.500000
F1_test: 0.547872
 

Arquitectura: _2_12_1_
Semilla: 1788098654
Segundos: 54
NIteraciones: 100000

Costo_train: 0.247110
Precision_train: 0.552318
Recall_train: 0.525189
F1_train: 0.538412

Costo_test: 0.247321
Precision_test: 0.564246
Recall_test: 0.490291
F1_test: 0.524675
 

Arquitectura: _2_12_1_
Semilla: 1788098654
Segundos: 54
NIteraciones: 100000

Costo_train: 0.246914
Precision_train: 0.553476
Recall_train: 0.521411
F1_train: 0.536965

Costo_test: 0.247347
Precision_test: 0.573034
Recall_test: 0.495146
F1_test: 0.531250
 

Arquitectura: _2_12_1_
Semilla: 1788098654
Segundos: 54
NIteraciones: 100000

Costo_train: 0.246913
Precision_train: 0.554656
Recall_train: 0.517632
F1_train: 0.535505

Costo_test: 0.247648
Precision_test: 0.582353
Recall_test: 0.480583
F1_test: 0.526596
 

Arquitectura: _2_12_1_
Semilla: 1788098654
Segundos: 54
NIteraciones: 100000

Costo_train: 0.246792
Precision_train: 0.550938
Recall_train: 0.517632
F1_train: 0.533766

Costo_test: 0.247401
Precision_test: 0.600000
Recall_test: 0.509709
F1_test: 0.551181
 

Arquitectura: _2_12_1_
Semilla: 1788098654
Segundos: 54
NIteraciones: 100000

Costo_train: 0.246776
Precision_train: 0.554184
Recall_train: 0.508816
F1_train: 0.530532

Costo_test: 0.247448
Precision_test: 0.602410
Recall_test: 0.485437
F1_test: 0.537634
 

Arquitectura: _2_12_1_
Semilla: 1788098654
Segundos: 54
NIteraciones: 100000

Costo_train: 0.246878
Precision_train: 0.555556
Recall_train: 0.516373
F1_train: 0.535248

Costo_test: 0.247612
Precision_test: 0.571429
Recall_test: 0.485437
F1_test: 0.524934
 

Arquitectura: _2_12_1_
Semilla: 1788098654
Segundos: 54
NIteraciones: 100000

Costo_train: 0.247104
Precision_train: 0.547814
Recall_train: 0.505038
F1_train: 0.525557

Costo_test: 0.247683
Precision_test: 0.575581
Recall_test: 0.480583
F1_test: 0.523810
 

Arquitectura: _2_12_1_
Semilla: 1788098654
Segundos: 54
NIteraciones: 100000

Costo_train: 0.246996
Precision_train: 0.548913
Recall_train: 0.508816
F1_train: 0.528105

Costo_test: 0.247484
Precision_test: 0.575581
Recall_test: 0.480583
F1_test: 0.523810
 

Arquitectura: _2_12_1_
Semilla: 1788098654
Segundos: 54
NIteraciones: 100000

Costo_train: 0.247040
Precision_train: 0.556150
Recall_train: 0.523929
F1_train: 0.539559

Costo_test: 0.247630
Precision_test: 0.577143
Recall_test: 0.490291
F1_test: 0.530184
 

Arquitectura: _2_12_1_
Semilla: 1788098654
Segundos: 54
NIteraciones: 100000

Costo_train: 0.247122
Precision_train: 0.553619
Recall_train: 0.520151
F1_train: 0.536364

Costo_test: 0.247449
Precision_test: 0.571429
Recall_test: 0.485437
F1_test: 0.524934
 

Arquitectura: _2_12_1_
Semilla: 1788098654
Segundos: 54
NIteraciones: 100000

Costo_train: 0.247024
Precision_train: 0.551817
Recall_train: 0.516373
F1_train: 0.533507

Costo_test: 0.247655
Precision_test: 0.565714
Recall_test: 0.480583
F1_test: 0.519685
 

Arquitectura: _2_12_1_
Semilla: 1788098654
Segundos: 54
NIteraciones: 100000

Costo_train: 0.247075
Precision_train: 0.553672
Recall_train: 0.493703
F1_train: 0.521971

Costo_test: 0.247884
Precision_test: 0.589744
Recall_test: 0.446602
F1_test: 0.508287
 

Arquitectura: _2_12_1_
Semilla: 1788098654
Segundos: 54
NIteraciones: 100000

Costo_train: 0.247460
Precision_train: 0.550139
Recall_train: 0.497481
F1_train: 0.522487

Costo_test: 0.247998
Precision_test: 0.567073
Recall_test: 0.451456
F1_test: 0.502703
 

Arquitectura: _2_12_1_
Semilla: 1788098654
Segundos: 54
NIteraciones: 100000

Costo_train: 0.246664
Precision_train: 0.550000
Recall_train: 0.512594
F1_train: 0.530639

Costo_test: 0.247223
Precision_test: 0.595238
Recall_test: 0.485437
F1_test: 0.534759
 

Arquitectura: _2_12_1_
Semilla: 1788098654
Segundos: 54
NIteraciones: 100000

Costo_train: 0.247187
Precision_train: 0.550398
Recall_train: 0.522670
F1_train: 0.536176

Costo_test: 0.247615
Precision_test: 0.573034
Recall_test: 0.495146
F1_test: 0.531250
 

Arquitectura: _2_12_1_
Semilla: 1788098654
Segundos: 54
NIteraciones: 100000

Costo_train: 0.247048
Precision_train: 0.552878
Recall_train: 0.520151
F1_train: 0.536016

Costo_test: 0.247466
Precision_test: 0.572254
Recall_test: 0.480583
F1_test: 0.522427
 

Arquitectura: _2_12_1_
Semilla: 1788098654
Segundos: 54
NIteraciones: 100000

Costo_train: 0.247135
Precision_train: 0.550067
Recall_train: 0.518892
F1_train: 0.534025

Costo_test: 0.247600
Precision_test: 0.579545
Recall_test: 0.495146
F1_test: 0.534031
 

Arquitectura: _2_12_1_
Semilla: 1788098654
Segundos: 54
NIteraciones: 100000

Costo_train: 0.247019
Precision_train: 0.555113
Recall_train: 0.526448
F1_train: 0.540401

Costo_test: 0.247228
Precision_test: 0.566667
Recall_test: 0.495146
F1_test: 0.528497
 

Arquitectura: _2_12_1_
Semilla: 1788098654
Segundos: 54
NIteraciones: 100000

Costo_train: 0.246799
Precision_train: 0.556309
Recall_train: 0.516373
F1_train: 0.535598

Costo_test: 0.247248
Precision_test: 0.587209
Recall_test: 0.490291
F1_test: 0.534392
 

Arquitectura: _2_12_1_
Semilla: 1788098654
Segundos: 54
NIteraciones: 100000

Costo_train: 0.247033
Precision_train: 0.553050
Recall_train: 0.525189
F1_train: 0.538760

Costo_test: 0.247630
Precision_test: 0.577778
Recall_test: 0.504854
F1_test: 0.538860
 

Arquitectura: _2_12_1_
Semilla: 1788098654
Segundos: 54
NIteraciones: 100000

Costo_train: 0.247132
Precision_train: 0.551265
Recall_train: 0.521411
F1_train: 0.535922

Costo_test: 0.247398
Precision_test: 0.564972
Recall_test: 0.485437
F1_test: 0.522193
 

Arquitectura: _2_12_1_
Semilla: 1788098654
Segundos: 54
NIteraciones: 100000

Costo_train: 0.247023
Precision_train: 0.553763
Recall_train: 0.518892
F1_train: 0.535761

Costo_test: 0.247690
Precision_test: 0.565714
Recall_test: 0.480583
F1_test: 0.519685
 

Arquitectura: _2_12_1_
Semilla: 1788098654
Segundos: 54
NIteraciones: 100000

Costo_train: 0.247007
Precision_train: 0.551402
Recall_train: 0.520151
F1_train: 0.535321

Costo_test: 0.247578
Precision_test: 0.564972
Recall_test: 0.485437
F1_test: 0.522193
 

Arquitectura: _2_12_1_
Semilla: 1788098654
Segundos: 54
NIteraciones: 100000

Costo_train: 0.246895
Precision_train: 0.553080
Recall_train: 0.531486
F1_train: 0.542068

Costo_test: 0.247218
Precision_test: 0.584270
Recall_test: 0.504854
F1_test: 0.541667
 

Arquitectura: _2_12_1_
Semilla: 1788098654
Segundos: 54
NIteraciones: 100000

Costo_train: 0.247235
Precision_train: 0.551724
Recall_train: 0.523929
F1_train: 0.537468

Costo_test: 0.247714
Precision_test: 0.573864
Recall_test: 0.490291
F1_test: 0.528796
 

Arquitectura: _2_12_1_
Semilla: 1788098654
Segundos: 54
NIteraciones: 100000

Costo_train: 0.247065
Precision_train: 0.546419
Recall_train: 0.518892
F1_train: 0.532300

Costo_test: 0.247157
Precision_test: 0.577778
Recall_test: 0.504854
F1_test: 0.538860
 

Arquitectura: _2_12_1_
Semilla: 1788098654
Segundos: 54
NIteraciones: 100000

Costo_train: 0.247293
Precision_train: 0.549801
Recall_train: 0.521411
F1_train: 0.535230

Costo_test: 0.247476
Precision_test: 0.572254
Recall_test: 0.480583
F1_test: 0.522427
 

Arquitectura: _2_12_1_
Semilla: 1788098654
Segundos: 54
NIteraciones: 100000

Costo_train: 0.247057
Precision_train: 0.545812
Recall_train: 0.525189
F1_train: 0.535302

Costo_test: 0.247397
Precision_test: 0.568965
Recall_test: 0.480583
F1_test: 0.521053
 

Arquitectura: _2_12_1_
Semilla: 1788098654
Segundos: 54
NIteraciones: 100000

Costo_train: 0.246953
Precision_train: 0.553080
Recall_train: 0.531486
F1_train: 0.542068

Costo_test: 0.247232
Precision_test: 0.580110
Recall_test: 0.509709
F1_test: 0.542636
 

Arquitectura: _2_12_1_
Semilla: 1788098654
Segundos: 54
NIteraciones: 100000

Costo_train: 0.247071
Precision_train: 0.551769
Recall_train: 0.530227
F1_train: 0.540784

Costo_test: 0.247355
Precision_test: 0.566667
Recall_test: 0.495146
F1_test: 0.528497
 

Arquitectura: _2_12_1_
Semilla: 1788098654
Segundos: 54
NIteraciones: 100000

Costo_train: 0.246647
Precision_train: 0.556000
Recall_train: 0.525189
F1_train: 0.540155

Costo_test: 0.247259
Precision_test: 0.597765
Recall_test: 0.519417
F1_test: 0.555844
 

Arquitectura: _2_12_1_
Semilla: 1788098654
Segundos: 54
NIteraciones: 100000

Costo_train: 0.247199
Precision_train: 0.548883
Recall_train: 0.494962
F1_train: 0.520530

Costo_test: 0.247723
Precision_test: 0.593939
Recall_test: 0.475728
F1_test: 0.528302
 

Arquitectura: _2_12_1_
Semilla: 1788098654
Segundos: 54
NIteraciones: 100000

Costo_train: 0.246883
Precision_train: 0.553333
Recall_train: 0.522670
F1_train: 0.537565

Costo_test: 0.247321
Precision_test: 0.587571
Recall_test: 0.504854
F1_test: 0.543081
 


--- Test Profunda 4.0 ---
Iteración 10000
Costo: 0.249987
Iteración 20000
Costo: 0.249987
Iteración 30000
Costo: 0.249987
Iteración 40000
Costo: 0.249987
Iteración 50000
Costo: 0.249987
Iteración 60000
Costo: 0.249987
Iteración 70000
Costo: 0.249987
Iteración 80000
Costo: 0.249987
Iteración 90000
Costo: 0.249986

Arquitectura: _2_3_3_3_3_1_
Semilla: 1788098708
Segundos: 186
NIteraciones: 100000

Costo_train: 0.249986
Precision_train: -nan(ind)
Recall_train: 0.000000
F1_train: -nan(ind)

Costo_test: 0.250126
Precision_test: -nan(ind)
Recall_test: 0.000000
F1_test: -nan(ind)
 

Arquitectura: _2_3_3_3_3_1_
Semilla: 1788098708
Segundos: 186
NIteraciones: 100000

Costo_train: 0.249986
Precision_train: -nan(ind)
Recall_train: 0.000000
F1_train: -nan(ind)

Costo_test: 0.250135
Precision_test: -nan(ind)
Recall_test: 0.000000
F1_test: -nan(ind)
 

Arquitectura: _2_3_3_3_3_1_
Semilla: 1788098708
Segundos: 186
NIteraciones: 100000

Costo_train: 0.249987
Precision_train: -nan(ind)
Recall_train: 0.000000
F1_train: -nan(ind)

Costo_test: 0.250126
Precision_test: -nan(ind)
Recall_test: 0.000000
F1_test: -nan(ind)
 

Arquitectura: _2_3_3_3_3_1_
Semilla: 1788098708
Segundos: 186
NIteraciones: 100000

Costo_train: 0.249986
Precision_train: -nan(ind)
Recall_train: 0.000000
F1_train: -nan(ind)

Costo_test: 0.250127
Precision_test: -nan(ind)
Recall_test: 0.000000
F1_test: -nan(ind)
 

Arquitectura: _2_3_3_3_3_1_
Semilla: 1788098708
Segundos: 186
NIteraciones: 100000

Costo_train: 0.249983
Precision_train: -nan(ind)
Recall_train: 0.000000
F1_train: -nan(ind)

Costo_test: 0.250129
Precision_test: -nan(ind)
Recall_test: 0.000000
F1_test: -nan(ind)
 

Arquitectura: _2_3_3_3_3_1_
Semilla: 1788098708
Segundos: 186
NIteraciones: 100000

Costo_train: 0.249981
Precision_train: -nan(ind)
Recall_train: 0.000000
F1_train: -nan(ind)

Costo_test: 0.250127
Precision_test: -nan(ind)
Recall_test: 0.000000
F1_test: -nan(ind)
 

Arquitectura: _2_3_3_3_3_1_
Semilla: 1788098708
Segundos: 186
NIteraciones: 100000

Costo_train: 0.249969
Precision_train: -nan(ind)
Recall_train: 0.000000
F1_train: -nan(ind)

Costo_test: 0.250143
Precision_test: -nan(ind)
Recall_test: 0.000000
F1_test: -nan(ind)
 

Arquitectura: _2_3_3_3_3_1_
Semilla: 1788098708
Segundos: 186
NIteraciones: 100000

Costo_train: 0.249968
Precision_train: -nan(ind)
Recall_train: 0.000000
F1_train: -nan(ind)

Costo_test: 0.250149
Precision_test: -nan(ind)
Recall_test: 0.000000
F1_test: -nan(ind)
 

Arquitectura: _2_3_3_3_3_1_
Semilla: 1788098708
Segundos: 186
NIteraciones: 100000

Costo_train: 0.249987
Precision_train: -nan(ind)
Recall_train: 0.000000
F1_train: -nan(ind)

Costo_test: 0.250123
Precision_test: -nan(ind)
Recall_test: 0.000000
F1_test: -nan(ind)
 

Arquitectura: _2_3_3_3_3_1_
Semilla: 1788098708
Segundos: 186
NIteraciones: 100000

Costo_train: 0.249971
Precision_train: -nan(ind)
Recall_train: 0.000000
F1_train: -nan(ind)

Costo_test: 0.250146
Precision_test: -nan(ind)
Recall_test: 0.000000
F1_test: -nan(ind)
 

Arquitectura: _2_3_3_3_3_1_
Semilla: 1788098708
Segundos: 186
NIteraciones: 100000

Costo_train: 0.250000
Precision_train: -nan(ind)
Recall_train: 0.000000
F1_train: -nan(ind)

Costo_test: 0.250106
Precision_test: -nan(ind)
Recall_test: 0.000000
F1_test: -nan(ind)
 

Arquitectura: _2_3_3_3_3_1_
Semilla: 1788098708
Segundos: 186
NIteraciones: 100000

Costo_train: 0.249981
Precision_train: -nan(ind)
Recall_train: 0.000000
F1_train: -nan(ind)

Costo_test: 0.250132
Precision_test: -nan(ind)
Recall_test: 0.000000
F1_test: -nan(ind)
 

Arquitectura: _2_3_3_3_3_1_
Semilla: 1788098708
Segundos: 186
NIteraciones: 100000

Costo_train: 0.249989
Precision_train: -nan(ind)
Recall_train: 0.000000
F1_train: -nan(ind)

Costo_test: 0.250122
Precision_test: -nan(ind)
Recall_test: 0.000000
F1_test: -nan(ind)
 

Arquitectura: _2_3_3_3_3_1_
Semilla: 1788098708
Segundos: 186
NIteraciones: 100000

Costo_train: 0.249973
Precision_train: -nan(ind)
Recall_train: 0.000000
F1_train: -nan(ind)

Costo_test: 0.250123
Precision_test: -nan(ind)
Recall_test: 0.000000
F1_test: -nan(ind)
 

Arquitectura: _2_3_3_3_3_1_
Semilla: 1788098708
Segundos: 186
NIteraciones: 100000

Costo_train: 0.249985
Precision_train: -nan(ind)
Recall_train: 0.000000
F1_train: -nan(ind)

Costo_test: 0.250125
Precision_test: -nan(ind)
Recall_test: 0.000000
F1_test: -nan(ind)
 

Arquitectura: _2_3_3_3_3_1_
Semilla: 1788098708
Segundos: 186
NIteraciones: 100000

Costo_train: 0.249984
Precision_train: -nan(ind)
Recall_train: 0.000000
F1_train: -nan(ind)

Costo_test: 0.250128
Precision_test: -nan(ind)
Recall_test: 0.000000
F1_test: -nan(ind)
 

Arquitectura: _2_3_3_3_3_1_
Semilla: 1788098708
Segundos: 186
NIteraciones: 100000

Costo_train: 0.249975
Precision_train: -nan(ind)
Recall_train: 0.000000
F1_train: -nan(ind)

Costo_test: 0.250138
Precision_test: -nan(ind)
Recall_test: 0.000000
F1_test: -nan(ind)
 

Arquitectura: _2_3_3_3_3_1_
Semilla: 1788098708
Segundos: 186
NIteraciones: 100000

Costo_train: 0.249985
Precision_train: -nan(ind)
Recall_train: 0.000000
F1_train: -nan(ind)

Costo_test: 0.250127
Precision_test: -nan(ind)
Recall_test: 0.000000
F1_test: -nan(ind)
 

Arquitectura: _2_3_3_3_3_1_
Semilla: 1788098708
Segundos: 186
NIteraciones: 100000

Costo_train: 0.249971
Precision_train: -nan(ind)
Recall_train: 0.000000
F1_train: -nan(ind)

Costo_test: 0.250134
Precision_test: -nan(ind)
Recall_test: 0.000000
F1_test: -nan(ind)
 

Arquitectura: _2_3_3_3_3_1_
Semilla: 1788098708
Segundos: 186
NIteraciones: 100000

Costo_train: 0.249979
Precision_train: -nan(ind)
Recall_train: 0.000000
F1_train: -nan(ind)

Costo_test: 0.250131
Precision_test: -nan(ind)
Recall_test: 0.000000
F1_test: -nan(ind)
 

Arquitectura: _2_3_3_3_3_1_
Semilla: 1788098708
Segundos: 186
NIteraciones: 100000

Costo_train: 0.249983
Precision_train: -nan(ind)
Recall_train: 0.000000
F1_train: -nan(ind)

Costo_test: 0.250136
Precision_test: -nan(ind)
Recall_test: 0.000000
F1_test: -nan(ind)
 

Arquitectura: _2_3_3_3_3_1_
Semilla: 1788098708
Segundos: 186
NIteraciones: 100000

Costo_train: 0.249987
Precision_train: -nan(ind)
Recall_train: 0.000000
F1_train: -nan(ind)

Costo_test: 0.250128
Precision_test: -nan(ind)
Recall_test: 0.000000
F1_test: -nan(ind)
 

Arquitectura: _2_3_3_3_3_1_
Semilla: 1788098708
Segundos: 186
NIteraciones: 100000

Costo_train: 0.249973
Precision_train: -nan(ind)
Recall_train: 0.000000
F1_train: -nan(ind)

Costo_test: 0.250143
Precision_test: -nan(ind)
Recall_test: 0.000000
F1_test: -nan(ind)
 

Arquitectura: _2_3_3_3_3_1_
Semilla: 1788098708
Segundos: 186
NIteraciones: 100000

Costo_train: 0.249990
Precision_train: -nan(ind)
Recall_train: 0.000000
F1_train: -nan(ind)

Costo_test: 0.250122
Precision_test: -nan(ind)
Recall_test: 0.000000
F1_test: -nan(ind)
 

Arquitectura: _2_3_3_3_3_1_
Semilla: 1788098708
Segundos: 186
NIteraciones: 100000

Costo_train: 0.249984
Precision_train: -nan(ind)
Recall_train: 0.000000
F1_train: -nan(ind)

Costo_test: 0.250129
Precision_test: -nan(ind)
Recall_test: 0.000000
F1_test: -nan(ind)
 

Arquitectura: _2_3_3_3_3_1_
Semilla: 1788098708
Segundos: 186
NIteraciones: 100000

Costo_train: 0.249984
Precision_train: -nan(ind)
Recall_train: 0.000000
F1_train: -nan(ind)

Costo_test: 0.250130
Precision_test: -nan(ind)
Recall_test: 0.000000
F1_test: -nan(ind)
 

Arquitectura: _2_3_3_3_3_1_
Semilla: 1788098708
Segundos: 186
NIteraciones: 100000

Costo_train: 0.249990
Precision_train: -nan(ind)
Recall_train: 0.000000
F1_train: -nan(ind)

Costo_test: 0.250122
Precision_test: -nan(ind)
Recall_test: 0.000000
F1_test: -nan(ind)
 

Arquitectura: _2_3_3_3_3_1_
Semilla: 1788098708
Segundos: 186
NIteraciones: 100000

Costo_train: 0.249984
Precision_train: -nan(ind)
Recall_train: 0.000000
F1_train: -nan(ind)

Costo_test: 0.250131
Precision_test: -nan(ind)
Recall_test: 0.000000
F1_test: -nan(ind)
 

Arquitectura: _2_3_3_3_3_1_
Semilla: 1788098708
Segundos: 186
NIteraciones: 100000

Costo_train: 0.249971
Precision_train: -nan(ind)
Recall_train: 0.000000
F1_train: -nan(ind)

Costo_test: 0.250150
Precision_test: -nan(ind)
Recall_test: 0.000000
F1_test: -nan(ind)
 

Arquitectura: _2_3_3_3_3_1_
Semilla: 1788098708
Segundos: 186
NIteraciones: 100000

Costo_train: 0.249978
Precision_train: -nan(ind)
Recall_train: 0.000000
F1_train: -nan(ind)

Costo_test: 0.250138
Precision_test: -nan(ind)
Recall_test: 0.000000
F1_test: -nan(ind)
 

Arquitectura: _2_3_3_3_3_1_
Semilla: 1788098708
Segundos: 186
NIteraciones: 100000

Costo_train: 0.249987
Precision_train: -nan(ind)
Recall_train: 0.000000
F1_train: -nan(ind)

Costo_test: 0.250127
Precision_test: -nan(ind)
Recall_test: 0.000000
F1_test: -nan(ind)
 

Arquitectura: _2_3_3_3_3_1_
Semilla: 1788098708
Segundos: 186
NIteraciones: 100000

Costo_train: 0.249947
Precision_train: 0.477876
Recall_train: 0.068010
F1_train: 0.119074

Costo_test: 0.250185
Precision_test: 0.578947
Recall_test: 0.053398
F1_test: 0.097778
 

Arquitectura: _2_3_3_3_3_1_
Semilla: 1788098708
Segundos: 186
NIteraciones: 100000

Costo_train: 0.249979
Precision_train: -nan(ind)
Recall_train: 0.000000
F1_train: -nan(ind)

Costo_test: 0.250136
Precision_test: -nan(ind)
Recall_test: 0.000000
F1_test: -nan(ind)
 

Arquitectura: _2_3_3_3_3_1_
Semilla: 1788098708
Segundos: 186
NIteraciones: 100000

Costo_train: 0.249973
Precision_train: -nan(ind)
Recall_train: 0.000000
F1_train: -nan(ind)

Costo_test: 0.250144
Precision_test: -nan(ind)
Recall_test: 0.000000
F1_test: -nan(ind)
 

Arquitectura: _2_3_3_3_3_1_
Semilla: 1788098708
Segundos: 186
NIteraciones: 100000

Costo_train: 0.249987
Precision_train: -nan(ind)
Recall_train: 0.000000
F1_train: -nan(ind)

Costo_test: 0.250125
Precision_test: -nan(ind)
Recall_test: 0.000000
F1_test: -nan(ind)
 

Arquitectura: _2_3_3_3_3_1_
Semilla: 1788098708
Segundos: 186
NIteraciones: 100000

Costo_train: 0.249987
Precision_train: -nan(ind)
Recall_train: 0.000000
F1_train: -nan(ind)

Costo_test: 0.250125
Precision_test: -nan(ind)
Recall_test: 0.000000
F1_test: -nan(ind)
 

Arquitectura: _2_3_3_3_3_1_
Semilla: 1788098708
Segundos: 186
NIteraciones: 100000

Costo_train: 0.249985
Precision_train: -nan(ind)
Recall_train: 0.000000
F1_train: -nan(ind)

Costo_test: 0.250136
Precision_test: -nan(ind)
Recall_test: 0.000000
F1_test: -nan(ind)
 

Arquitectura: _2_3_3_3_3_1_
Semilla: 1788098708
Segundos: 186
NIteraciones: 100000

Costo_train: 0.249990
Precision_train: -nan(ind)
Recall_train: 0.000000
F1_train: -nan(ind)

Costo_test: 0.250123
Precision_test: -nan(ind)
Recall_test: 0.000000
F1_test: -nan(ind)
 

Arquitectura: _2_3_3_3_3_1_
Semilla: 1788098708
Segundos: 186
NIteraciones: 100000

Costo_train: 0.249974
Precision_train: -nan(ind)
Recall_train: 0.000000
F1_train: -nan(ind)

Costo_test: 0.250138
Precision_test: -nan(ind)
Recall_test: 0.000000
F1_test: -nan(ind)
 

Arquitectura: _2_3_3_3_3_1_
Semilla: 1788098708
Segundos: 186
NIteraciones: 100000

Costo_train: 0.249973
Precision_train: -nan(ind)
Recall_train: 0.000000
F1_train: -nan(ind)

Costo_test: 0.250141
Precision_test: -nan(ind)
Recall_test: 0.000000
F1_test: -nan(ind)
 

Arquitectura: _2_3_3_3_3_1_
Semilla: 1788098708
Segundos: 186
NIteraciones: 100000

Costo_train: 0.249990
Precision_train: -nan(ind)
Recall_train: 0.000000
F1_train: -nan(ind)

Costo_test: 0.250122
Precision_test: -nan(ind)
Recall_test: 0.000000
F1_test: -nan(ind)
 

Arquitectura: _2_3_3_3_3_1_
Semilla: 1788098708
Segundos: 186
NIteraciones: 100000

Costo_train: 0.249995
Precision_train: -nan(ind)
Recall_train: 0.000000
F1_train: -nan(ind)

Costo_test: 0.250116
Precision_test: -nan(ind)
Recall_test: 0.000000
F1_test: -nan(ind)
 

Arquitectura: _2_3_3_3_3_1_
Semilla: 1788098708
Segundos: 186
NIteraciones: 100000

Costo_train: 0.249983
Precision_train: -nan(ind)
Recall_train: 0.000000
F1_train: -nan(ind)

Costo_test: 0.250130
Precision_test: -nan(ind)
Recall_test: 0.000000
F1_test: -nan(ind)
 

Arquitectura: _2_3_3_3_3_1_
Semilla: 1788098708
Segundos: 186
NIteraciones: 100000

Costo_train: 0.249981
Precision_train: -nan(ind)
Recall_train: 0.000000
F1_train: -nan(ind)

Costo_test: 0.250133
Precision_test: -nan(ind)
Recall_test: 0.000000
F1_test: -nan(ind)
 

Arquitectura: _2_3_3_3_3_1_
Semilla: 1788098708
Segundos: 186
NIteraciones: 100000

Costo_train: 0.249989
Precision_train: -nan(ind)
Recall_train: 0.000000
F1_train: -nan(ind)

Costo_test: 0.250122
Precision_test: -nan(ind)
Recall_test: 0.000000
F1_test: -nan(ind)
 

Arquitectura: _2_3_3_3_3_1_
Semilla: 1788098708
Segundos: 186
NIteraciones: 100000

Costo_train: 0.249971
Precision_train: -nan(ind)
Recall_train: 0.000000
F1_train: -nan(ind)

Costo_test: 0.250140
Precision_test: -nan(ind)
Recall_test: 0.000000
F1_test: -nan(ind)
 

Arquitectura: _2_3_3_3_3_1_
Semilla: 1788098708
Segundos: 186
NIteraciones: 100000

Costo_train: 0.249924
Precision_train: 0.469231
Recall_train: 0.076826
F1_train: 0.132035

Costo_test: 0.250202
Precision_test: 0.413793
Recall_test: 0.058252
F1_test: 0.102128
 

Arquitectura: _2_3_3_3_3_1_
Semilla: 1788098708
Segundos: 186
NIteraciones: 100000

Costo_train: 0.249975
Precision_train: -nan(ind)
Recall_train: 0.000000
F1_train: -nan(ind)

Costo_test: 0.250143
Precision_test: -nan(ind)
Recall_test: 0.000000
F1_test: -nan(ind)
 

Arquitectura: _2_3_3_3_3_1_
Semilla: 1788098708
Segundos: 186
NIteraciones: 100000

Costo_train: 0.249982
Precision_train: -nan(ind)
Recall_train: 0.000000
F1_train: -nan(ind)

Costo_test: 0.250124
Precision_test: -nan(ind)
Recall_test: 0.000000
F1_test: -nan(ind)
 

Arquitectura: _2_3_3_3_3_1_
Semilla: 1788098708
Segundos: 186
NIteraciones: 100000

Costo_train: 0.249975
Precision_train: -nan(ind)
Recall_train: 0.000000
F1_train: -nan(ind)

Costo_test: 0.250145
Precision_test: -nan(ind)
Recall_test: 0.000000
F1_test: -nan(ind)
 

Arquitectura: _2_3_3_3_3_1_
Semilla: 1788098708
Segundos: 186
NIteraciones: 100000

Costo_train: 0.249986
Precision_train: -nan(ind)
Recall_train: 0.000000
F1_train: -nan(ind)

Costo_test: 0.250127
Precision_test: -nan(ind)
Recall_test: 0.000000
F1_test: -nan(ind)
 

Arquitectura: _2_3_3_3_3_1_
Semilla: 1788098708
Segundos: 186
NIteraciones: 100000

Costo_train: 0.249983
Precision_train: -nan(ind)
Recall_train: 0.000000
F1_train: -nan(ind)

Costo_test: 0.250130
Precision_test: -nan(ind)
Recall_test: 0.000000
F1_test: -nan(ind)
 

Arquitectura: _2_3_3_3_3_1_
Semilla: 1788098708
Segundos: 186
NIteraciones: 100000

Costo_train: 0.249982
Precision_train: -nan(ind)
Recall_train: 0.000000
F1_train: -nan(ind)

Costo_test: 0.250127
Precision_test: -nan(ind)
Recall_test: 0.000000
F1_test: -nan(ind)
 

Arquitectura: _2_3_3_3_3_1_
Semilla: 1788098708
Segundos: 186
NIteraciones: 100000

Costo_train: 0.249997
Precision_train: -nan(ind)
Recall_train: 0.000000
F1_train: -nan(ind)

Costo_test: 0.250115
Precision_test: -nan(ind)
Recall_test: 0.000000
F1_test: -nan(ind)
 

Arquitectura: _2_3_3_3_3_1_
Semilla: 1788098708
Segundos: 186
NIteraciones: 100000

Costo_train: 0.249988
Precision_train: -nan(ind)
Recall_train: 0.000000
F1_train: -nan(ind)

Costo_test: 0.250120
Precision_test: -nan(ind)
Recall_test: 0.000000
F1_test: -nan(ind)
 

Arquitectura: _2_3_3_3_3_1_
Semilla: 1788098708
Segundos: 186
NIteraciones: 100000

Costo_train: 0.249980
Precision_train: -nan(ind)
Recall_train: 0.000000
F1_train: -nan(ind)

Costo_test: 0.250131
Precision_test: -nan(ind)
Recall_test: 0.000000
F1_test: -nan(ind)
 

Arquitectura: _2_3_3_3_3_1_
Semilla: 1788098708
Segundos: 186
NIteraciones: 100000

Costo_train: 0.249979
Precision_train: -nan(ind)
Recall_train: 0.000000
F1_train: -nan(ind)

Costo_test: 0.250130
Precision_test: -nan(ind)
Recall_test: 0.000000
F1_test: -nan(ind)
 

Arquitectura: _2_3_3_3_3_1_
Semilla: 1788098708
Segundos: 186
NIteraciones: 100000

Costo_train: 0.250013
Precision_train: -nan(ind)
Recall_train: 0.000000
F1_train: -nan(ind)

Costo_test: 0.250091
Precision_test: -nan(ind)
Recall_test: 0.000000
F1_test: -nan(ind)
 

Arquitectura: _2_3_3_3_3_1_
Semilla: 1788098708
Segundos: 186
NIteraciones: 100000

Costo_train: 0.249962
Precision_train: -nan(ind)
Recall_train: 0.000000
F1_train: -nan(ind)

Costo_test: 0.250161
Precision_test: -nan(ind)
Recall_test: 0.000000
F1_test: -nan(ind)
 

Arquitectura: _2_3_3_3_3_1_
Semilla: 1788098708
Segundos: 186
NIteraciones: 100000

Costo_train: 0.249987
Precision_train: -nan(ind)
Recall_train: 0.000000
F1_train: -nan(ind)

Costo_test: 0.250127
Precision_test: -nan(ind)
Recall_test: 0.000000
F1_test: -nan(ind)
 

Arquitectura: _2_3_3_3_3_1_
Semilla: 1788098708
Segundos: 186
NIteraciones: 100000

Costo_train: 0.249978
Precision_train: -nan(ind)
Recall_train: 0.000000
F1_train: -nan(ind)

Costo_test: 0.250140
Precision_test: -nan(ind)
Recall_test: 0.000000
F1_test: -nan(ind)
 

Arquitectura: _2_3_3_3_3_1_
Semilla: 1788098708
Segundos: 186
NIteraciones: 100000

Costo_train: 0.249985
Precision_train: -nan(ind)
Recall_train: 0.000000
F1_train: -nan(ind)

Costo_test: 0.250129
Precision_test: -nan(ind)
Recall_test: 0.000000
F1_test: -nan(ind)
 

Arquitectura: _2_3_3_3_3_1_
Semilla: 1788098708
Segundos: 186
NIteraciones: 100000

Costo_train: 0.249968
Precision_train: -nan(ind)
Recall_train: 0.000000
F1_train: -nan(ind)

Costo_test: 0.250139
Precision_test: -nan(ind)
Recall_test: 0.000000
F1_test: -nan(ind)
 

Arquitectura: _2_3_3_3_3_1_
Semilla: 1788098708
Segundos: 186
NIteraciones: 100000

Costo_train: 0.249946
Precision_train: -nan(ind)
Recall_train: 0.000000
F1_train: -nan(ind)

Costo_test: 0.250153
Precision_test: -nan(ind)
Recall_test: 0.000000
F1_test: -nan(ind)
 

Arquitectura: _2_3_3_3_3_1_
Semilla: 1788098708
Segundos: 186
NIteraciones: 100000

Costo_train: 0.249988
Precision_train: -nan(ind)
Recall_train: 0.000000
F1_train: -nan(ind)

Costo_test: 0.250124
Precision_test: -nan(ind)
Recall_test: 0.000000
F1_test: -nan(ind)
 

Arquitectura: _2_3_3_3_3_1_
Semilla: 1788098708
Segundos: 186
NIteraciones: 100000

Costo_train: 0.249985
Precision_train: -nan(ind)
Recall_train: 0.000000
F1_train: -nan(ind)

Costo_test: 0.250128
Precision_test: -nan(ind)
Recall_test: 0.000000
F1_test: -nan(ind)
 

Arquitectura: _2_3_3_3_3_1_
Semilla: 1788098708
Segundos: 186
NIteraciones: 100000

Costo_train: 0.249985
Precision_train: -nan(ind)
Recall_train: 0.000000
F1_train: -nan(ind)

Costo_test: 0.250127
Precision_test: -nan(ind)
Recall_test: 0.000000
F1_test: -nan(ind)
 

Arquitectura: _2_3_3_3_3_1_
Semilla: 1788098708
Segundos: 186
NIteraciones: 100000

Costo_train: 0.249985
Precision_train: -nan(ind)
Recall_train: 0.000000
F1_train: -nan(ind)

Costo_test: 0.250128
Precision_test: -nan(ind)
Recall_test: 0.000000
F1_test: -nan(ind)
 

Arquitectura: _2_3_3_3_3_1_
Semilla: 1788098708
Segundos: 186
NIteraciones: 100000

Costo_train: 0.249994
Precision_train: -nan(ind)
Recall_train: 0.000000
F1_train: -nan(ind)

Costo_test: 0.250121
Precision_test: -nan(ind)
Recall_test: 0.000000
F1_test: -nan(ind)
 

Arquitectura: _2_3_3_3_3_1_
Semilla: 1788098708
Segundos: 186
NIteraciones: 100000

Costo_train: 0.249981
Precision_train: -nan(ind)
Recall_train: 0.000000
F1_train: -nan(ind)

Costo_test: 0.250131
Precision_test: -nan(ind)
Recall_test: 0.000000
F1_test: -nan(ind)
 

Arquitectura: _2_3_3_3_3_1_
Semilla: 1788098708
Segundos: 186
NIteraciones: 100000

Costo_train: 0.249974
Precision_train: -nan(ind)
Recall_train: 0.000000
F1_train: -nan(ind)

Costo_test: 0.250140
Precision_test: -nan(ind)
Recall_test: 0.000000
F1_test: -nan(ind)
 

Arquitectura: _2_3_3_3_3_1_
Semilla: 1788098708
Segundos: 186
NIteraciones: 100000

Costo_train: 0.249985
Precision_train: -nan(ind)
Recall_train: 0.000000
F1_train: -nan(ind)

Costo_test: 0.250121
Precision_test: -nan(ind)
Recall_test: 0.000000
F1_test: -nan(ind)
 

Arquitectura: _2_3_3_3_3_1_
Semilla: 1788098708
Segundos: 186
NIteraciones: 100000

Costo_train: 0.249981
Precision_train: -nan(ind)
Recall_train: 0.000000
F1_train: -nan(ind)

Costo_test: 0.250134
Precision_test: -nan(ind)
Recall_test: 0.000000
F1_test: -nan(ind)
 

Arquitectura: _2_3_3_3_3_1_
Semilla: 1788098708
Segundos: 186
NIteraciones: 100000

Costo_train: 0.249985
Precision_train: -nan(ind)
Recall_train: 0.000000
F1_train: -nan(ind)

Costo_test: 0.250126
Precision_test: -nan(ind)
Recall_test: 0.000000
F1_test: -nan(ind)
 

Arquitectura: _2_3_3_3_3_1_
Semilla: 1788098708
Segundos: 186
NIteraciones: 100000

Costo_train: 0.249986
Precision_train: -nan(ind)
Recall_train: 0.000000
F1_train: -nan(ind)

Costo_test: 0.250124
Precision_test: -nan(ind)
Recall_test: 0.000000
F1_test: -nan(ind)
 

Arquitectura: _2_3_3_3_3_1_
Semilla: 1788098708
Segundos: 186
NIteraciones: 100000

Costo_train: 0.249978
Precision_train: -nan(ind)
Recall_train: 0.000000
F1_train: -nan(ind)

Costo_test: 0.250137
Precision_test: -nan(ind)
Recall_test: 0.000000
F1_test: -nan(ind)
 

Arquitectura: _2_3_3_3_3_1_
Semilla: 1788098708
Segundos: 186
NIteraciones: 100000

Costo_train: 0.249986
Precision_train: -nan(ind)
Recall_train: 0.000000
F1_train: -nan(ind)

Costo_test: 0.250128
Precision_test: -nan(ind)
Recall_test: 0.000000
F1_test: -nan(ind)
 

Arquitectura: _2_3_3_3_3_1_
Semilla: 1788098708
Segundos: 186
NIteraciones: 100000

Costo_train: 0.249982
Precision_train: -nan(ind)
Recall_train: 0.000000
F1_train: -nan(ind)

Costo_test: 0.250132
Precision_test: -nan(ind)
Recall_test: 0.000000
F1_test: -nan(ind)
 

Arquitectura: _2_3_3_3_3_1_
Semilla: 1788098708
Segundos: 186
NIteraciones: 100000

Costo_train: 0.249986
Precision_train: -nan(ind)
Recall_train: 0.000000
F1_train: -nan(ind)

Costo_test: 0.250126
Precision_test: -nan(ind)
Recall_test: 0.000000
F1_test: -nan(ind)
 

Arquitectura: _2_3_3_3_3_1_
Semilla: 1788098708
Segundos: 186
NIteraciones: 100000

Costo_train: 0.249991
Precision_train: -nan(ind)
Recall_train: 0.000000
F1_train: -nan(ind)

Costo_test: 0.250122
Precision_test: -nan(ind)
Recall_test: 0.000000
F1_test: -nan(ind)
 

Arquitectura: _2_3_3_3_3_1_
Semilla: 1788098708
Segundos: 186
NIteraciones: 100000

Costo_train: 0.249984
Precision_train: -nan(ind)
Recall_train: 0.000000
F1_train: -nan(ind)

Costo_test: 0.250137
Precision_test: -nan(ind)
Recall_test: 0.000000
F1_test: -nan(ind)
 

Arquitectura: _2_3_3_3_3_1_
Semilla: 1788098708
Segundos: 186
NIteraciones: 100000

Costo_train: 0.249976
Precision_train: -nan(ind)
Recall_train: 0.000000
F1_train: -nan(ind)

Costo_test: 0.250137
Precision_test: -nan(ind)
Recall_test: 0.000000
F1_test: -nan(ind)
 

Arquitectura: _2_3_3_3_3_1_
Semilla: 1788098708
Segundos: 186
NIteraciones: 100000

Costo_train: 0.249892
Precision_train: 0.531157
Recall_train: 0.225441
F1_train: 0.316534

Costo_test: 0.250235
Precision_test: 0.439024
Recall_test: 0.174757
F1_test: 0.250000
 

Arquitectura: _2_3_3_3_3_1_
Semilla: 1788098708
Segundos: 186
NIteraciones: 100000

Costo_train: 0.249986
Precision_train: -nan(ind)
Recall_train: 0.000000
F1_train: -nan(ind)

Costo_test: 0.250123
Precision_test: -nan(ind)
Recall_test: 0.000000
F1_test: -nan(ind)
 

Arquitectura: _2_3_3_3_3_1_
Semilla: 1788098708
Segundos: 186
NIteraciones: 100000

Costo_train: 0.249985
Precision_train: -nan(ind)
Recall_train: 0.000000
F1_train: -nan(ind)

Costo_test: 0.250137
Precision_test: -nan(ind)
Recall_test: 0.000000
F1_test: -nan(ind)
 

Arquitectura: _2_3_3_3_3_1_
Semilla: 1788098708
Segundos: 186
NIteraciones: 100000

Costo_train: 0.249980
Precision_train: -nan(ind)
Recall_train: 0.000000
F1_train: -nan(ind)

Costo_test: 0.250132
Precision_test: -nan(ind)
Recall_test: 0.000000
F1_test: -nan(ind)
 

Arquitectura: _2_3_3_3_3_1_
Semilla: 1788098708
Segundos: 186
NIteraciones: 100000

Costo_train: 0.249967
Precision_train: -nan(ind)
Recall_train: 0.000000
F1_train: -nan(ind)

Costo_test: 0.250152
Precision_test: -nan(ind)
Recall_test: 0.000000
F1_test: -nan(ind)
 

Arquitectura: _2_3_3_3_3_1_
Semilla: 1788098708
Segundos: 186
NIteraciones: 100000

Costo_train: 0.249973
Precision_train: -nan(ind)
Recall_train: 0.000000
F1_train: -nan(ind)

Costo_test: 0.250135
Precision_test: -nan(ind)
Recall_test: 0.000000
F1_test: -nan(ind)
 

Arquitectura: _2_3_3_3_3_1_
Semilla: 1788098708
Segundos: 186
NIteraciones: 100000

Costo_train: 0.249989
Precision_train: -nan(ind)
Recall_train: 0.000000
F1_train: -nan(ind)

Costo_test: 0.250122
Precision_test: -nan(ind)
Recall_test: 0.000000
F1_test: -nan(ind)
 

Arquitectura: _2_3_3_3_3_1_
Semilla: 1788098708
Segundos: 186
NIteraciones: 100000

Costo_train: 0.249984
Precision_train: -nan(ind)
Recall_train: 0.000000
F1_train: -nan(ind)

Costo_test: 0.250129
Precision_test: -nan(ind)
Recall_test: 0.000000
F1_test: -nan(ind)
 

Arquitectura: _2_3_3_3_3_1_
Semilla: 1788098708
Segundos: 186
NIteraciones: 100000

Costo_train: 0.249989
Precision_train: -nan(ind)
Recall_train: 0.000000
F1_train: -nan(ind)

Costo_test: 0.250126
Precision_test: -nan(ind)
Recall_test: 0.000000
F1_test: -nan(ind)
 

Arquitectura: _2_3_3_3_3_1_
Semilla: 1788098708
Segundos: 186
NIteraciones: 100000

Costo_train: 0.249969
Precision_train: -nan(ind)
Recall_train: 0.000000
F1_train: -nan(ind)

Costo_test: 0.250151
Precision_test: -nan(ind)
Recall_test: 0.000000
F1_test: -nan(ind)
 

Arquitectura: _2_3_3_3_3_1_
Semilla: 1788098708
Segundos: 186
NIteraciones: 100000

Costo_train: 0.249986
Precision_train: -nan(ind)
Recall_train: 0.000000
F1_train: -nan(ind)

Costo_test: 0.250126
Precision_test: -nan(ind)
Recall_test: 0.000000
F1_test: -nan(ind)
 

Arquitectura: _2_3_3_3_3_1_
Semilla: 1788098708
Segundos: 186
NIteraciones: 100000

Costo_train: 0.249991
Precision_train: -nan(ind)
Recall_train: 0.000000
F1_train: -nan(ind)

Costo_test: 0.250119
Precision_test: -nan(ind)
Recall_test: 0.000000
F1_test: -nan(ind)
 

Arquitectura: _2_3_3_3_3_1_
Semilla: 1788098708
Segundos: 186
NIteraciones: 100000

Costo_train: 0.249978
Precision_train: -nan(ind)
Recall_train: 0.000000
F1_train: -nan(ind)

Costo_test: 0.250142
Precision_test: -nan(ind)
Recall_test: 0.000000
F1_test: -nan(ind)
 

Arquitectura: _2_3_3_3_3_1_
Semilla: 1788098708
Segundos: 186
NIteraciones: 100000

Costo_train: 0.249979
Precision_train: -nan(ind)
Recall_train: 0.000000
F1_train: -nan(ind)

Costo_test: 0.250136
Precision_test: -nan(ind)
Recall_test: 0.000000
F1_test: -nan(ind)
 

Arquitectura: _2_3_3_3_3_1_
Semilla: 1788098708
Segundos: 186
NIteraciones: 100000

Costo_train: 0.249984
Precision_train: -nan(ind)
Recall_train: 0.000000
F1_train: -nan(ind)

Costo_test: 0.250127
Precision_test: -nan(ind)
Recall_test: 0.000000
F1_test: -nan(ind)
 

Arquitectura: _2_3_3_3_3_1_
Semilla: 1788098708
Segundos: 186
NIteraciones: 100000

Costo_train: 0.249981
Precision_train: -nan(ind)
Recall_train: 0.000000
F1_train: -nan(ind)

Costo_test: 0.250133
Precision_test: -nan(ind)
Recall_test: 0.000000
F1_test: -nan(ind)
 

Arquitectura: _2_3_3_3_3_1_
Semilla: 1788098708
Segundos: 186
NIteraciones: 100000

Costo_train: 0.249985
Precision_train: -nan(ind)
Recall_train: 0.000000
F1_train: -nan(ind)

Costo_test: 0.250130
Precision_test: -nan(ind)
Recall_test: 0.000000
F1_test: -nan(ind)
 

Arquitectura: _2_3_3_3_3_1_
Semilla: 1788098708
Segundos: 186
NIteraciones: 100000

Costo_train: 0.249953
Precision_train: -nan(ind)
Recall_train: 0.000000
F1_train: -nan(ind)

Costo_test: 0.250181
Precision_test: -nan(ind)
Recall_test: 0.000000
F1_test: -nan(ind)
 


--- Test Angosta 5.0 ---
Iteración 10000
Costo: 0.249490
Iteración 20000
Costo: 0.248911
Iteración 30000
Costo: 0.248520
Iteración 40000
Costo: 0.248347
Iteración 50000
Costo: 0.248153
Iteración 60000
Costo: 0.247866
Iteración 70000
Costo: 0.247571
Iteración 80000
Costo: 0.247351
Iteración 90000
Costo: 0.247188

Arquitectura: _2_15_1_
Semilla: 1788098894
Segundos: 56
NIteraciones: 100000

Costo_train: 0.247052
Precision_train: 0.554509
Recall_train: 0.518892
F1_train: 0.536109

Costo_test: 0.247629
Precision_test: 0.579545
Recall_test: 0.495146
F1_test: 0.534031
 

Arquitectura: _2_15_1_
Semilla: 1788098894
Segundos: 56
NIteraciones: 100000

Costo_train: 0.247376
Precision_train: 0.546207
Recall_train: 0.498741
F1_train: 0.521396

Costo_test: 0.247962
Precision_test: 0.571429
Recall_test: 0.446602
F1_test: 0.501362
 

Arquitectura: _2_15_1_
Semilla: 1788098894
Segundos: 56
NIteraciones: 100000

Costo_train: 0.247084
Precision_train: 0.553846
Recall_train: 0.498741
F1_train: 0.524851

Costo_test: 0.247681
Precision_test: 0.591463
Recall_test: 0.470874
F1_test: 0.524324
 

Arquitectura: _2_15_1_
Semilla: 1788098894
Segundos: 56
NIteraciones: 100000

Costo_train: 0.247081
Precision_train: 0.550398
Recall_train: 0.522670
F1_train: 0.536176

Costo_test: 0.247238
Precision_test: 0.564246
Recall_test: 0.490291
F1_test: 0.524675
 

Arquitectura: _2_15_1_
Semilla: 1788098894
Segundos: 56
NIteraciones: 100000

Costo_train: 0.247179
Precision_train: 0.551539
Recall_train: 0.518892
F1_train: 0.534718

Costo_test: 0.247461
Precision_test: 0.577143
Recall_test: 0.490291
F1_test: 0.530184
 

Arquitectura: _2_15_1_
Semilla: 1788098894
Segundos: 56
NIteraciones: 100000

Costo_train: 0.247153
Precision_train: 0.551129
Recall_train: 0.522670
F1_train: 0.536522

Costo_test: 0.247553
Precision_test: 0.579545
Recall_test: 0.495146
F1_test: 0.534031
 

Arquitectura: _2_15_1_
Semilla: 1788098894
Segundos: 56
NIteraciones: 100000

Costo_train: 0.246855
Precision_train: 0.550000
Recall_train: 0.498741
F1_train: 0.523118

Costo_test: 0.247554
Precision_test: 0.597561
Recall_test: 0.475728
F1_test: 0.529730
 

Arquitectura: _2_15_1_
Semilla: 1788098894
Segundos: 56
NIteraciones: 100000

Costo_train: 0.247289
Precision_train: 0.545205
Recall_train: 0.501259
F1_train: 0.522310

Costo_test: 0.247612
Precision_test: 0.573964
Recall_test: 0.470874
F1_test: 0.517333
 

Arquitectura: _2_15_1_
Semilla: 1788098894
Segundos: 56
NIteraciones: 100000

Costo_train: 0.247578
Precision_train: 0.545328
Recall_train: 0.492443
F1_train: 0.517538

Costo_test: 0.248368
Precision_test: 0.581250
Recall_test: 0.451456
F1_test: 0.508197
 

Arquitectura: _2_15_1_
Semilla: 1788098894
Segundos: 56
NIteraciones: 100000

Costo_train: 0.247196
Precision_train: 0.549202
Recall_train: 0.520151
F1_train: 0.534282

Costo_test: 0.247808
Precision_test: 0.570621
Recall_test: 0.490291
F1_test: 0.527415
 

Arquitectura: _2_15_1_
Semilla: 1788098894
Segundos: 56
NIteraciones: 100000

Costo_train: 0.247137
Precision_train: 0.549669
Recall_train: 0.522670
F1_train: 0.535830

Costo_test: 0.247717
Precision_test: 0.581921
Recall_test: 0.500000
F1_test: 0.537859
 

Arquitectura: _2_15_1_
Semilla: 1788098894
Segundos: 56
NIteraciones: 100000

Costo_train: 0.246729
Precision_train: 0.550398
Recall_train: 0.522670
F1_train: 0.536176

Costo_test: 0.247385
Precision_test: 0.581921
Recall_test: 0.500000
F1_test: 0.537859
 

Arquitectura: _2_15_1_
Semilla: 1788098894
Segundos: 56
NIteraciones: 100000

Costo_train: 0.246722
Precision_train: 0.555407
Recall_train: 0.523929
F1_train: 0.539209

Costo_test: 0.247230
Precision_test: 0.590909
Recall_test: 0.504854
F1_test: 0.544503
 

Arquitectura: _2_15_1_
Semilla: 1788098894
Segundos: 56
NIteraciones: 100000

Costo_train: 0.247062
Precision_train: 0.551351
Recall_train: 0.513854
F1_train: 0.531943

Costo_test: 0.247609
Precision_test: 0.580460
Recall_test: 0.490291
F1_test: 0.531579
 

Arquitectura: _2_15_1_
Semilla: 1788098894
Segundos: 56
NIteraciones: 100000

Costo_train: 0.247515
Precision_train: 0.546832
Recall_train: 0.500000
F1_train: 0.522368

Costo_test: 0.248069
Precision_test: 0.577640
Recall_test: 0.451456
F1_test: 0.506812
 

Arquitectura: _2_15_1_
Semilla: 1788098894
Segundos: 56
NIteraciones: 100000

Costo_train: 0.246712
Precision_train: 0.554645
Recall_train: 0.511335
F1_train: 0.532110

Costo_test: 0.247454
Precision_test: 0.594118
Recall_test: 0.490291
F1_test: 0.537234
 

Arquitectura: _2_15_1_
Semilla: 1788098894
Segundos: 56
NIteraciones: 100000

Costo_train: 0.246841
Precision_train: 0.553163
Recall_train: 0.517632
F1_train: 0.534808

Costo_test: 0.247217
Precision_test: 0.588571
Recall_test: 0.500000
F1_test: 0.540682
 

Arquitectura: _2_15_1_
Semilla: 1788098894
Segundos: 56
NIteraciones: 100000

Costo_train: 0.247095
Precision_train: 0.552668
Recall_train: 0.508816
F1_train: 0.529836

Costo_test: 0.247940
Precision_test: 0.582353
Recall_test: 0.480583
F1_test: 0.526596
 

Arquitectura: _2_15_1_
Semilla: 1788098894
Segundos: 56
NIteraciones: 100000

Costo_train: 0.247241
Precision_train: 0.551724
Recall_train: 0.503778
F1_train: 0.526662

Costo_test: 0.247844
Precision_test: 0.580838
Recall_test: 0.470874
F1_test: 0.520107
 

Arquitectura: _2_15_1_
Semilla: 1788098894
Segundos: 56
NIteraciones: 100000

Costo_train: 0.247261
Precision_train: 0.547718
Recall_train: 0.498741
F1_train: 0.522083

Costo_test: 0.247876
Precision_test: 0.578313
Recall_test: 0.466019
F1_test: 0.516129
 

Arquitectura: _2_15_1_
Semilla: 1788098894
Segundos: 56
NIteraciones: 100000

Costo_train: 0.246659
Precision_train: 0.552419
Recall_train: 0.517632
F1_train: 0.534460

Costo_test: 0.247375
Precision_test: 0.586207
Recall_test: 0.495146
F1_test: 0.536842
 

Arquitectura: _2_15_1_
Semilla: 1788098894
Segundos: 56
NIteraciones: 100000

Costo_train: 0.247016
Precision_train: 0.552737
Recall_train: 0.521411
F1_train: 0.536617

Costo_test: 0.247819
Precision_test: 0.580460
Recall_test: 0.490291
F1_test: 0.531579
 

Arquitectura: _2_15_1_
Semilla: 1788098894
Segundos: 56
NIteraciones: 100000

Costo_train: 0.247147
Precision_train: 0.550667
Recall_train: 0.520151
F1_train: 0.534974

Costo_test: 0.247345
Precision_test: 0.577143
Recall_test: 0.490291
F1_test: 0.530184
 

Arquitectura: _2_15_1_
Semilla: 1788098894
Segundos: 56
NIteraciones: 100000

Costo_train: 0.247218
Precision_train: 0.548343
Recall_train: 0.500000
F1_train: 0.523057

Costo_test: 0.248004
Precision_test: 0.578313
Recall_test: 0.466019
F1_test: 0.516129
 

Arquitectura: _2_15_1_
Semilla: 1788098894
Segundos: 56
NIteraciones: 100000

Costo_train: 0.247265
Precision_train: 0.555878
Recall_train: 0.482368
F1_train: 0.516521

Costo_test: 0.248164
Precision_test: 0.584416
Recall_test: 0.436893
F1_test: 0.500000
 

Arquitectura: _2_15_1_
Semilla: 1788098894
Segundos: 56
NIteraciones: 100000

Costo_train: 0.247062
Precision_train: 0.552419
Recall_train: 0.517632
F1_train: 0.534460

Costo_test: 0.247361
Precision_test: 0.579545
Recall_test: 0.495146
F1_test: 0.534031
 

Arquitectura: _2_15_1_
Semilla: 1788098894
Segundos: 56
NIteraciones: 100000

Costo_train: 0.246827
Precision_train: 0.550459
Recall_train: 0.528967
F1_train: 0.539499

Costo_test: 0.247481
Precision_test: 0.581006
Recall_test: 0.504854
F1_test: 0.540260
 

Arquitectura: _2_15_1_
Semilla: 1788098894
Segundos: 56
NIteraciones: 100000

Costo_train: 0.247049
Precision_train: 0.556604
Recall_train: 0.520151
F1_train: 0.537760

Costo_test: 0.247550
Precision_test: 0.574713
Recall_test: 0.485437
F1_test: 0.526316
 

Arquitectura: _2_15_1_
Semilla: 1788098894
Segundos: 56
NIteraciones: 100000

Costo_train: 0.247091
Precision_train: 0.554521
Recall_train: 0.525189
F1_train: 0.539457

Costo_test: 0.247389
Precision_test: 0.568182
Recall_test: 0.485437
F1_test: 0.523560
 

Arquitectura: _2_15_1_
Semilla: 1788098894
Segundos: 56
NIteraciones: 100000

Costo_train: 0.247579
Precision_train: 0.536986
Recall_train: 0.493703
F1_train: 0.514436

Costo_test: 0.248350
Precision_test: 0.574074
Recall_test: 0.451456
F1_test: 0.505435
 

Arquitectura: _2_15_1_
Semilla: 1788098894
Segundos: 56
NIteraciones: 100000

Costo_train: 0.246919
Precision_train: 0.553020
Recall_train: 0.518892
F1_train: 0.535413

Costo_test: 0.247335
Precision_test: 0.565714
Recall_test: 0.480583
F1_test: 0.519685
 

Arquitectura: _2_15_1_
Semilla: 1788098894
Segundos: 56
NIteraciones: 100000

Costo_train: 0.247121
Precision_train: 0.555705
Recall_train: 0.521411
F1_train: 0.538012

Costo_test: 0.247736
Precision_test: 0.574713
Recall_test: 0.485437
F1_test: 0.526316
 

Arquitectura: _2_15_1_
Semilla: 1788098894
Segundos: 56
NIteraciones: 100000

Costo_train: 0.247091
Precision_train: 0.549465
Recall_train: 0.517632
F1_train: 0.533074

Costo_test: 0.247291
Precision_test: 0.576271
Recall_test: 0.495146
F1_test: 0.532637
 

Arquitectura: _2_15_1_
Semilla: 1788098894
Segundos: 56
NIteraciones: 100000

Costo_train: 0.246807
Precision_train: 0.552812
Recall_train: 0.507557
F1_train: 0.529219

Costo_test: 0.247479
Precision_test: 0.570588
Recall_test: 0.470874
F1_test: 0.515957
 

Arquitectura: _2_15_1_
Semilla: 1788098894
Segundos: 56
NIteraciones: 100000

Costo_train: 0.247658
Precision_train: 0.545202
Recall_train: 0.493703
F1_train: 0.518176

Costo_test: 0.248112
Precision_test: 0.581250
Recall_test: 0.451456
F1_test: 0.508197
 

Arquitectura: _2_15_1_
Semilla: 1788098894
Segundos: 56
NIteraciones: 100000

Costo_train: 0.247006
Precision_train: 0.553250
Recall_train: 0.503778
F1_train: 0.527357

Costo_test: 0.247936
Precision_test: 0.596273
Recall_test: 0.466019
F1_test: 0.523161
 

Arquitectura: _2_15_1_
Semilla: 1788098894
Segundos: 56
NIteraciones: 100000

Costo_train: 0.247574
Precision_train: 0.549861
Recall_train: 0.500000
F1_train: 0.523747

Costo_test: 0.247953
Precision_test: 0.578616
Recall_test: 0.446602
F1_test: 0.504110
 

Arquitectura: _2_15_1_
Semilla: 1788098894
Segundos: 56
NIteraciones: 100000

Costo_train: 0.247100
Precision_train: 0.552156
Recall_train: 0.500000
F1_train: 0.524785

Costo_test: 0.247556
Precision_test: 0.589286
Recall_test: 0.480583
F1_test: 0.529412
 

Arquitectura: _2_15_1_
Semilla: 1788098894
Segundos: 56
NIteraciones: 100000

Costo_train: 0.246863
Precision_train: 0.553928
Recall_train: 0.523929
F1_train: 0.538511

Costo_test: 0.247231
Precision_test: 0.579545
Recall_test: 0.495146
F1_test: 0.534031
 

Arquitectura: _2_15_1_
Semilla: 1788098894
Segundos: 56
NIteraciones: 100000

Costo_train: 0.246833
Precision_train: 0.553133
Recall_train: 0.511335
F1_train: 0.531414

Costo_test: 0.247321
Precision_test: 0.597633
Recall_test: 0.490291
F1_test: 0.538667
 

Arquitectura: _2_15_1_
Semilla: 1788098894
Segundos: 56
NIteraciones: 100000

Costo_train: 0.246833
Precision_train: 0.558108
Recall_train: 0.520151
F1_train: 0.538462

Costo_test: 0.247501
Precision_test: 0.583815
Recall_test: 0.490291
F1_test: 0.532982
 

Arquitectura: _2_15_1_
Semilla: 1788098894
Segundos: 56
NIteraciones: 100000

Costo_train: 0.247057
Precision_train: 0.552279
Recall_train: 0.518892
F1_train: 0.535065

Costo_test: 0.247366
Precision_test: 0.585227
Recall_test: 0.500000
F1_test: 0.539267
 

Arquitectura: _2_15_1_
Semilla: 1788098894
Segundos: 56
NIteraciones: 100000

Costo_train: 0.246901
Precision_train: 0.557666
Recall_train: 0.517632
F1_train: 0.536904

Costo_test: 0.247623
Precision_test: 0.588235
Recall_test: 0.485437
F1_test: 0.531915
 

Arquitectura: _2_15_1_
Semilla: 1788098894
Segundos: 56
NIteraciones: 100000

Costo_train: 0.246993
Precision_train: 0.556150
Recall_train: 0.523929
F1_train: 0.539559

Costo_test: 0.247508
Precision_test: 0.579545
Recall_test: 0.495146
F1_test: 0.534031
 

Arquitectura: _2_15_1_
Semilla: 1788098894
Segundos: 56
NIteraciones: 100000

Costo_train: 0.247441
Precision_train: 0.550624
Recall_train: 0.500000
F1_train: 0.524092

Costo_test: 0.247845
Precision_test: 0.571429
Recall_test: 0.446602
F1_test: 0.501362
 

Arquitectura: _2_15_1_
Semilla: 1788098894
Segundos: 56
NIteraciones: 100000

Costo_train: 0.247120
Precision_train: 0.547397
Recall_train: 0.516373
F1_train: 0.531432

Costo_test: 0.247690
Precision_test: 0.571429
Recall_test: 0.485437
F1_test: 0.524934
 

Arquitectura: _2_15_1_
Semilla: 1788098894
Segundos: 56
NIteraciones: 100000

Costo_train: 0.247192
Precision_train: 0.558533
Recall_train: 0.498741
F1_train: 0.526946

Costo_test: 0.247881
Precision_test: 0.587500
Recall_test: 0.456311
F1_test: 0.513661
 

Arquitectura: _2_15_1_
Semilla: 1788098894
Segundos: 56
NIteraciones: 100000

Costo_train: 0.246833
Precision_train: 0.552457
Recall_train: 0.523929
F1_train: 0.537815

Costo_test: 0.247765
Precision_test: 0.578947
Recall_test: 0.480583
F1_test: 0.525199
 

Arquitectura: _2_15_1_
Semilla: 1788098894
Segundos: 56
NIteraciones: 100000

Costo_train: 0.247163
Precision_train: 0.548883
Recall_train: 0.494962
F1_train: 0.520530

Costo_test: 0.247846
Precision_test: 0.587500
Recall_test: 0.456311
F1_test: 0.513661
 

Arquitectura: _2_15_1_
Semilla: 1788098894
Segundos: 56
NIteraciones: 100000

Costo_train: 0.247151
Precision_train: 0.552703
Recall_train: 0.515113
F1_train: 0.533246

Costo_test: 0.247795
Precision_test: 0.571429
Recall_test: 0.485437
F1_test: 0.524934
 

Arquitectura: _2_15_1_
Semilla: 1788098894
Segundos: 56
NIteraciones: 100000

Costo_train: 0.246925
Precision_train: 0.556911
Recall_train: 0.517632
F1_train: 0.536554

Costo_test: 0.247298
Precision_test: 0.577143
Recall_test: 0.490291
F1_test: 0.530184
 

Arquitectura: _2_15_1_
Semilla: 1788098894
Segundos: 56
NIteraciones: 100000

Costo_train: 0.247153
Precision_train: 0.552156
Recall_train: 0.500000
F1_train: 0.524785

Costo_test: 0.248010
Precision_test: 0.590062
Recall_test: 0.461165
F1_test: 0.517711
 

Arquitectura: _2_15_1_
Semilla: 1788098894
Segundos: 56
NIteraciones: 100000

Costo_train: 0.247043
Precision_train: 0.551351
Recall_train: 0.513854
F1_train: 0.531943

Costo_test: 0.247608
Precision_test: 0.580460
Recall_test: 0.490291
F1_test: 0.531579
 

Arquitectura: _2_15_1_
Semilla: 1788098894
Segundos: 56
NIteraciones: 100000

Costo_train: 0.246881
Precision_train: 0.555858
Recall_train: 0.513854
F1_train: 0.534031

Costo_test: 0.247489
Precision_test: 0.566474
Recall_test: 0.475728
F1_test: 0.517150
 

Arquitectura: _2_15_1_
Semilla: 1788098894
Segundos: 56
NIteraciones: 100000

Costo_train: 0.247120
Precision_train: 0.552000
Recall_train: 0.521411
F1_train: 0.536269

Costo_test: 0.247426
Precision_test: 0.568965
Recall_test: 0.480583
F1_test: 0.521053
 

Arquitectura: _2_15_1_
Semilla: 1788098894
Segundos: 56
NIteraciones: 100000

Costo_train: 0.246953
Precision_train: 0.550067
Recall_train: 0.518892
F1_train: 0.534025

Costo_test: 0.247262
Precision_test: 0.587571
Recall_test: 0.504854
F1_test: 0.543081
 

Arquitectura: _2_15_1_
Semilla: 1788098894
Segundos: 56
NIteraciones: 100000

Costo_train: 0.246857
Precision_train: 0.552878
Recall_train: 0.520151
F1_train: 0.536016

Costo_test: 0.247237
Precision_test: 0.596591
Recall_test: 0.509709
F1_test: 0.549738
 

Arquitectura: _2_15_1_
Semilla: 1788098894
Segundos: 56
NIteraciones: 100000

Costo_train: 0.246959
Precision_train: 0.554217
Recall_train: 0.521411
F1_train: 0.537313

Costo_test: 0.247548
Precision_test: 0.573864
Recall_test: 0.490291
F1_test: 0.528796
 

Arquitectura: _2_15_1_
Semilla: 1788098894
Segundos: 56
NIteraciones: 100000

Costo_train: 0.247168
Precision_train: 0.551867
Recall_train: 0.502519
F1_train: 0.526038

Costo_test: 0.247623
Precision_test: 0.586826
Recall_test: 0.475728
F1_test: 0.525469
 

Arquitectura: _2_15_1_
Semilla: 1788098894
Segundos: 56
NIteraciones: 100000

Costo_train: 0.247327
Precision_train: 0.548831
Recall_train: 0.502519
F1_train: 0.524655

Costo_test: 0.248031
Precision_test: 0.575000
Recall_test: 0.446602
F1_test: 0.502732
 

Arquitectura: _2_15_1_
Semilla: 1788098894
Segundos: 56
NIteraciones: 100000

Costo_train: 0.247099
Precision_train: 0.551630
Recall_train: 0.511335
F1_train: 0.530719

Costo_test: 0.247936
Precision_test: 0.576471
Recall_test: 0.475728
F1_test: 0.521277
 

Arquitectura: _2_15_1_
Semilla: 1788098894
Segundos: 56
NIteraciones: 100000

Costo_train: 0.246536
Precision_train: 0.551587
Recall_train: 0.525189
F1_train: 0.538064

Costo_test: 0.247312
Precision_test: 0.601156
Recall_test: 0.504854
F1_test: 0.548813
 

Arquitectura: _2_15_1_
Semilla: 1788098894
Segundos: 56
NIteraciones: 100000

Costo_train: 0.247193
Precision_train: 0.554509
Recall_train: 0.518892
F1_train: 0.536109

Costo_test: 0.247769
Precision_test: 0.578035
Recall_test: 0.485437
F1_test: 0.527704
 

Arquitectura: _2_15_1_
Semilla: 1788098894
Segundos: 56
NIteraciones: 100000

Costo_train: 0.246914
Precision_train: 0.554656
Recall_train: 0.517632
F1_train: 0.535505

Costo_test: 0.247525
Precision_test: 0.580460
Recall_test: 0.490291
F1_test: 0.531579
 

Arquitectura: _2_15_1_
Semilla: 1788098894
Segundos: 56
NIteraciones: 100000

Costo_train: 0.246902
Precision_train: 0.550532
Recall_train: 0.521411
F1_train: 0.535576

Costo_test: 0.247366
Precision_test: 0.579545
Recall_test: 0.495146
F1_test: 0.534031
 

Arquitectura: _2_15_1_
Semilla: 1788098894
Segundos: 56
NIteraciones: 100000

Costo_train: 0.247344
Precision_train: 0.548883
Recall_train: 0.494962
F1_train: 0.520530

Costo_test: 0.248250
Precision_test: 0.582278
Recall_test: 0.446602
F1_test: 0.505495
 

Arquitectura: _2_15_1_
Semilla: 1788098894
Segundos: 56
NIteraciones: 100000

Costo_train: 0.246736
Precision_train: 0.549865
Recall_train: 0.513854
F1_train: 0.531250

Costo_test: 0.247394
Precision_test: 0.595238
Recall_test: 0.485437
F1_test: 0.534759
 

Arquitectura: _2_15_1_
Semilla: 1788098894
Segundos: 56
NIteraciones: 100000

Costo_train: 0.246781
Precision_train: 0.551129
Recall_train: 0.522670
F1_train: 0.536522

Costo_test: 0.247317
Precision_test: 0.586592
Recall_test: 0.509709
F1_test: 0.545455
 

Arquitectura: _2_15_1_
Semilla: 1788098894
Segundos: 56
NIteraciones: 100000

Costo_train: 0.247886
Precision_train: 0.535570
Recall_train: 0.502519
F1_train: 0.518519

Costo_test: 0.248648
Precision_test: 0.555556
Recall_test: 0.461165
F1_test: 0.503979
 

Arquitectura: _2_15_1_
Semilla: 1788098894
Segundos: 56
NIteraciones: 100000

Costo_train: 0.246904
Precision_train: 0.556772
Recall_train: 0.512594
F1_train: 0.533771

Costo_test: 0.247408
Precision_test: 0.582353
Recall_test: 0.480583
F1_test: 0.526596
 

Arquitectura: _2_15_1_
Semilla: 1788098894
Segundos: 56
NIteraciones: 100000

Costo_train: 0.246961
Precision_train: 0.554362
Recall_train: 0.520151
F1_train: 0.536712

Costo_test: 0.247451
Precision_test: 0.577143
Recall_test: 0.490291
F1_test: 0.530184
 

Arquitectura: _2_15_1_
Semilla: 1788098894
Segundos: 56
NIteraciones: 100000

Costo_train: 0.246961
Precision_train: 0.552279
Recall_train: 0.518892
F1_train: 0.535065

Costo_test: 0.247696
Precision_test: 0.574713
Recall_test: 0.485437
F1_test: 0.526316
 

Arquitectura: _2_15_1_
Semilla: 1788098894
Segundos: 57
NIteraciones: 100000

Costo_train: 0.247085
Precision_train: 0.552097
Recall_train: 0.513854
F1_train: 0.532290

Costo_test: 0.247835
Precision_test: 0.568965
Recall_test: 0.480583
F1_test: 0.521053
 

Arquitectura: _2_15_1_
Semilla: 1788098894
Segundos: 57
NIteraciones: 100000

Costo_train: 0.246905
Precision_train: 0.557823
Recall_train: 0.516373
F1_train: 0.536298

Costo_test: 0.247524
Precision_test: 0.579545
Recall_test: 0.495146
F1_test: 0.534031
 

Arquitectura: _2_15_1_
Semilla: 1788098894
Segundos: 57
NIteraciones: 100000

Costo_train: 0.247048
Precision_train: 0.551213
Recall_train: 0.515113
F1_train: 0.532552

Costo_test: 0.247653
Precision_test: 0.577143
Recall_test: 0.490291
F1_test: 0.530184
 

Arquitectura: _2_15_1_
Semilla: 1788098894
Segundos: 57
NIteraciones: 100000

Costo_train: 0.247576
Precision_train: 0.544693
Recall_train: 0.491184
F1_train: 0.516556

Costo_test: 0.248373
Precision_test: 0.581250
Recall_test: 0.451456
F1_test: 0.508197
 

Arquitectura: _2_15_1_
Semilla: 1788098894
Segundos: 57
NIteraciones: 100000

Costo_train: 0.247323
Precision_train: 0.552342
Recall_train: 0.505038
F1_train: 0.527632

Costo_test: 0.247987
Precision_test: 0.577640
Recall_test: 0.451456
F1_test: 0.506812
 

Arquitectura: _2_15_1_
Semilla: 1788098894
Segundos: 57
NIteraciones: 100000

Costo_train: 0.247459
Precision_train: 0.544444
Recall_train: 0.493703
F1_train: 0.517834

Costo_test: 0.248171
Precision_test: 0.584906
Recall_test: 0.451456
F1_test: 0.509589
 

Arquitectura: _2_15_1_
Semilla: 1788098894
Segundos: 57
NIteraciones: 100000

Costo_train: 0.246762
Precision_train: 0.552000
Recall_train: 0.521411
F1_train: 0.536269

Costo_test: 0.247496
Precision_test: 0.581395
Recall_test: 0.485437
F1_test: 0.529101
 

Arquitectura: _2_15_1_
Semilla: 1788098894
Segundos: 57
NIteraciones: 100000

Costo_train: 0.248208
Precision_train: 0.530359
Recall_train: 0.539043
F1_train: 0.534666

Costo_test: 0.249989
Precision_test: 0.526316
Recall_test: 0.436893
F1_test: 0.477454
 

Arquitectura: _2_15_1_
Semilla: 1788098894
Segundos: 57
NIteraciones: 100000

Costo_train: 0.247039
Precision_train: 0.553908
Recall_train: 0.517632
F1_train: 0.535156

Costo_test: 0.247571
Precision_test: 0.574713
Recall_test: 0.485437
F1_test: 0.526316
 

Arquitectura: _2_15_1_
Semilla: 1788098894
Segundos: 57
NIteraciones: 100000

Costo_train: 0.247101
Precision_train: 0.549660
Recall_train: 0.508816
F1_train: 0.528450

Costo_test: 0.247673
Precision_test: 0.573099
Recall_test: 0.475728
F1_test: 0.519894
 

Arquitectura: _2_15_1_
Semilla: 1788098894
Segundos: 57
NIteraciones: 100000

Costo_train: 0.247638
Precision_train: 0.544568
Recall_train: 0.492443
F1_train: 0.517196

Costo_test: 0.248212
Precision_test: 0.577640
Recall_test: 0.451456
F1_test: 0.506812
 

Arquitectura: _2_15_1_
Semilla: 1788098894
Segundos: 57
NIteraciones: 100000

Costo_train: 0.246867
Precision_train: 0.555260
Recall_train: 0.525189
F1_train: 0.539806

Costo_test: 0.247301
Precision_test: 0.581006
Recall_test: 0.504854
F1_test: 0.540260
 

Arquitectura: _2_15_1_
Semilla: 1788098894
Segundos: 57
NIteraciones: 100000

Costo_train: 0.246931
Precision_train: 0.556309
Recall_train: 0.516373
F1_train: 0.535598

Costo_test: 0.247541
Precision_test: 0.572254
Recall_test: 0.480583
F1_test: 0.522427
 

Arquitectura: _2_15_1_
Semilla: 1788098894
Segundos: 57
NIteraciones: 100000

Costo_train: 0.247183
Precision_train: 0.550532
Recall_train: 0.521411
F1_train: 0.535576

Costo_test: 0.247553
Precision_test: 0.570621
Recall_test: 0.490291
F1_test: 0.527415
 

Arquitectura: _2_15_1_
Semilla: 1788098894
Segundos: 57
NIteraciones: 100000

Costo_train: 0.246990
Precision_train: 0.550607
Recall_train: 0.513854
F1_train: 0.531596

Costo_test: 0.247509
Precision_test: 0.568965
Recall_test: 0.480583
F1_test: 0.521053
 

Arquitectura: _2_15_1_
Semilla: 1788098894
Segundos: 57
NIteraciones: 100000

Costo_train: 0.247017
Precision_train: 0.553333
Recall_train: 0.522670
F1_train: 0.537565

Costo_test: 0.247582
Precision_test: 0.581921
Recall_test: 0.500000
F1_test: 0.537859
 

Arquitectura: _2_15_1_
Semilla: 1788098894
Segundos: 57
NIteraciones: 100000

Costo_train: 0.247071
Precision_train: 0.552139
Recall_train: 0.520151
F1_train: 0.535668

Costo_test: 0.247241
Precision_test: 0.576271
Recall_test: 0.495146
F1_test: 0.532637
 

Arquitectura: _2_15_1_
Semilla: 1788098894
Segundos: 57
NIteraciones: 100000

Costo_train: 0.246758
Precision_train: 0.556911
Recall_train: 0.517632
F1_train: 0.536554

Costo_test: 0.247568
Precision_test: 0.579882
Recall_test: 0.475728
F1_test: 0.522667
 

Arquitectura: _2_15_1_
Semilla: 1788098894
Segundos: 57
NIteraciones: 100000

Costo_train: 0.247010
Precision_train: 0.552878
Recall_train: 0.520151
F1_train: 0.536016

Costo_test: 0.247696
Precision_test: 0.564972
Recall_test: 0.485437
F1_test: 0.522193
 

Arquitectura: _2_15_1_
Semilla: 1788098894
Segundos: 57
NIteraciones: 100000

Costo_train: 0.246706
Precision_train: 0.554804
Recall_train: 0.516373
F1_train: 0.534899

Costo_test: 0.247443
Precision_test: 0.583333
Recall_test: 0.475728
F1_test: 0.524064
 

Arquitectura: _2_15_1_
Semilla: 1788098894
Segundos: 57
NIteraciones: 100000

Costo_train: 0.247190
Precision_train: 0.554785
Recall_train: 0.503778
F1_train: 0.528053

Costo_test: 0.247623
Precision_test: 0.595092
Recall_test: 0.470874
F1_test: 0.525745
 

Arquitectura: _2_15_1_
Semilla: 1788098894
Segundos: 57
NIteraciones: 100000

Costo_train: 0.247249
Precision_train: 0.548077
Recall_train: 0.502519
F1_train: 0.524310

Costo_test: 0.247869
Precision_test: 0.577381
Recall_test: 0.470874
F1_test: 0.518717
 

Arquitectura: _2_15_1_
Semilla: 1788098894
Segundos: 57
NIteraciones: 100000

Costo_train: 0.246996
Precision_train: 0.557851
Recall_train: 0.510076
F1_train: 0.532895

Costo_test: 0.247624
Precision_test: 0.596386
Recall_test: 0.480583
F1_test: 0.532258
 

Arquitectura: _2_15_1_
Semilla: 1788098894
Segundos: 57
NIteraciones: 100000

Costo_train: 0.247096
Precision_train: 0.553928
Recall_train: 0.523929
F1_train: 0.538511

Costo_test: 0.247437
Precision_test: 0.564972
Recall_test: 0.485437
F1_test: 0.522193
 

Arquitectura: _2_15_1_
Semilla: 1788098894
Segundos: 57
NIteraciones: 100000

Costo_train: 0.247847
Precision_train: 0.532236
Recall_train: 0.488665
F1_train: 0.509521

Costo_test: 0.248993
Precision_test: 0.554217
Recall_test: 0.446602
F1_test: 0.494624
 

Arquitectura: _2_15_1_
Semilla: 1788098894
Segundos: 57
NIteraciones: 100000

Costo_train: 0.247430
Precision_train: 0.545330
Recall_train: 0.500000
F1_train: 0.521682

Costo_test: 0.247831
Precision_test: 0.567901
Recall_test: 0.446602
F1_test: 0.500000
 

Arquitectura: _2_15_1_
Semilla: 1788098894
Segundos: 57
NIteraciones: 100000

Costo_train: 0.247569
Precision_train: 0.547850
Recall_train: 0.497481
F1_train: 0.521452

Costo_test: 0.248288
Precision_test: 0.580247
Recall_test: 0.456311
F1_test: 0.510870
 

Arquitectura: _2_15_1_
Semilla: 1788098894
Segundos: 57
NIteraciones: 100000

Costo_train: 0.246918
Precision_train: 0.554362
Recall_train: 0.520151
F1_train: 0.536712

Costo_test: 0.247388
Precision_test: 0.581921
Recall_test: 0.500000
F1_test: 0.537859
 


--- Test Profunda 5.0 ---
Iteración 10000
Costo: 0.249986
Iteración 20000
Costo: 0.249986
Iteración 30000
Costo: 0.249986
Iteración 40000
Costo: 0.249986
Iteración 50000
Costo: 0.249986
Iteración 60000
Costo: 0.249986
Iteración 70000
Costo: 0.249986
Iteración 80000
Costo: 0.249986
Iteración 90000
Costo: 0.249986

Arquitectura: _2_3_3_3_3_3_1_
Semilla: 1788098951
Segundos: 232
NIteraciones: 100000

Costo_train: 0.249986
Precision_train: -nan(ind)
Recall_train: 0.000000
F1_train: -nan(ind)

Costo_test: 0.250126
Precision_test: -nan(ind)
Recall_test: 0.000000
F1_test: -nan(ind)
 

Arquitectura: _2_3_3_3_3_3_1_
Semilla: 1788098951
Segundos: 232
NIteraciones: 100000

Costo_train: 0.249987
Precision_train: -nan(ind)
Recall_train: 0.000000
F1_train: -nan(ind)

Costo_test: 0.250126
Precision_test: -nan(ind)
Recall_test: 0.000000
F1_test: -nan(ind)
 

Arquitectura: _2_3_3_3_3_3_1_
Semilla: 1788098951
Segundos: 232
NIteraciones: 100000

Costo_train: 0.249988
Precision_train: -nan(ind)
Recall_train: 0.000000
F1_train: -nan(ind)

Costo_test: 0.250125
Precision_test: -nan(ind)
Recall_test: 0.000000
F1_test: -nan(ind)
 

Arquitectura: _2_3_3_3_3_3_1_
Semilla: 1788098951
Segundos: 232
NIteraciones: 100000

Costo_train: 0.249981
Precision_train: -nan(ind)
Recall_train: 0.000000
F1_train: -nan(ind)

Costo_test: 0.250133
Precision_test: -nan(ind)
Recall_test: 0.000000
F1_test: -nan(ind)
 

Arquitectura: _2_3_3_3_3_3_1_
Semilla: 1788098951
Segundos: 232
NIteraciones: 100000

Costo_train: 0.249985
Precision_train: -nan(ind)
Recall_train: 0.000000
F1_train: -nan(ind)

Costo_test: 0.250127
Precision_test: -nan(ind)
Recall_test: 0.000000
F1_test: -nan(ind)
 

Arquitectura: _2_3_3_3_3_3_1_
Semilla: 1788098951
Segundos: 232
NIteraciones: 100000

Costo_train: 0.249986
Precision_train: -nan(ind)
Recall_train: 0.000000
F1_train: -nan(ind)

Costo_test: 0.250126
Precision_test: -nan(ind)
Recall_test: 0.000000
F1_test: -nan(ind)
 

Arquitectura: _2_3_3_3_3_3_1_
Semilla: 1788098951
Segundos: 232
NIteraciones: 100000

Costo_train: 0.249986
Precision_train: -nan(ind)
Recall_train: 0.000000
F1_train: -nan(ind)

Costo_test: 0.250126
Precision_test: -nan(ind)
Recall_test: 0.000000
F1_test: -nan(ind)
 

Arquitectura: _2_3_3_3_3_3_1_
Semilla: 1788098951
Segundos: 232
NIteraciones: 100000

Costo_train: 0.249988
Precision_train: -nan(ind)
Recall_train: 0.000000
F1_train: -nan(ind)

Costo_test: 0.250124
Precision_test: -nan(ind)
Recall_test: 0.000000
F1_test: -nan(ind)
 

Arquitectura: _2_3_3_3_3_3_1_
Semilla: 1788098951
Segundos: 232
NIteraciones: 100000

Costo_train: 0.249987
Precision_train: -nan(ind)
Recall_train: 0.000000
F1_train: -nan(ind)

Costo_test: 0.250125
Precision_test: -nan(ind)
Recall_test: 0.000000
F1_test: -nan(ind)
 

Arquitectura: _2_3_3_3_3_3_1_
Semilla: 1788098951
Segundos: 232
NIteraciones: 100000

Costo_train: 0.249984
Precision_train: -nan(ind)
Recall_train: 0.000000
F1_train: -nan(ind)

Costo_test: 0.250128
Precision_test: -nan(ind)
Recall_test: 0.000000
F1_test: -nan(ind)
 

Arquitectura: _2_3_3_3_3_3_1_
Semilla: 1788098951
Segundos: 232
NIteraciones: 100000

Costo_train: 0.249988
Precision_train: -nan(ind)
Recall_train: 0.000000
F1_train: -nan(ind)

Costo_test: 0.250124
Precision_test: -nan(ind)
Recall_test: 0.000000
F1_test: -nan(ind)
 

Arquitectura: _2_3_3_3_3_3_1_
Semilla: 1788098951
Segundos: 232
NIteraciones: 100000

Costo_train: 0.249986
Precision_train: -nan(ind)
Recall_train: 0.000000
F1_train: -nan(ind)

Costo_test: 0.250127
Precision_test: -nan(ind)
Recall_test: 0.000000
F1_test: -nan(ind)
 

Arquitectura: _2_3_3_3_3_3_1_
Semilla: 1788098951
Segundos: 232
NIteraciones: 100000

Costo_train: 0.249984
Precision_train: -nan(ind)
Recall_train: 0.000000
F1_train: -nan(ind)

Costo_test: 0.250128
Precision_test: -nan(ind)
Recall_test: 0.000000
F1_test: -nan(ind)
 

Arquitectura: _2_3_3_3_3_3_1_
Semilla: 1788098951
Segundos: 232
NIteraciones: 100000

Costo_train: 0.249985
Precision_train: -nan(ind)
Recall_train: 0.000000
F1_train: -nan(ind)

Costo_test: 0.250128
Precision_test: -nan(ind)
Recall_test: 0.000000
F1_test: -nan(ind)
 

Arquitectura: _2_3_3_3_3_3_1_
Semilla: 1788098951
Segundos: 232
NIteraciones: 100000

Costo_train: 0.249984
Precision_train: -nan(ind)
Recall_train: 0.000000
F1_train: -nan(ind)

Costo_test: 0.250129
Precision_test: -nan(ind)
Recall_test: 0.000000
F1_test: -nan(ind)
 

Arquitectura: _2_3_3_3_3_3_1_
Semilla: 1788098951
Segundos: 232
NIteraciones: 100000

Costo_train: 0.249984
Precision_train: -nan(ind)
Recall_train: 0.000000
F1_train: -nan(ind)

Costo_test: 0.250128
Precision_test: -nan(ind)
Recall_test: 0.000000
F1_test: -nan(ind)
 

Arquitectura: _2_3_3_3_3_3_1_
Semilla: 1788098951
Segundos: 232
NIteraciones: 100000

Costo_train: 0.249985
Precision_train: -nan(ind)
Recall_train: 0.000000
F1_train: -nan(ind)

Costo_test: 0.250127
Precision_test: -nan(ind)
Recall_test: 0.000000
F1_test: -nan(ind)
 

Arquitectura: _2_3_3_3_3_3_1_
Semilla: 1788098951
Segundos: 232
NIteraciones: 100000

Costo_train: 0.249987
Precision_train: -nan(ind)
Recall_train: 0.000000
F1_train: -nan(ind)

Costo_test: 0.250124
Precision_test: -nan(ind)
Recall_test: 0.000000
F1_test: -nan(ind)
 

Arquitectura: _2_3_3_3_3_3_1_
Semilla: 1788098951
Segundos: 232
NIteraciones: 100000

Costo_train: 0.249985
Precision_train: -nan(ind)
Recall_train: 0.000000
F1_train: -nan(ind)

Costo_test: 0.250128
Precision_test: -nan(ind)
Recall_test: 0.000000
F1_test: -nan(ind)
 

Arquitectura: _2_3_3_3_3_3_1_
Semilla: 1788098951
Segundos: 232
NIteraciones: 100000

Costo_train: 0.249985
Precision_train: -nan(ind)
Recall_train: 0.000000
F1_train: -nan(ind)

Costo_test: 0.250127
Precision_test: -nan(ind)
Recall_test: 0.000000
F1_test: -nan(ind)
 

Arquitectura: _2_3_3_3_3_3_1_
Semilla: 1788098951
Segundos: 232
NIteraciones: 100000

Costo_train: 0.249983
Precision_train: -nan(ind)
Recall_train: 0.000000
F1_train: -nan(ind)

Costo_test: 0.250129
Precision_test: -nan(ind)
Recall_test: 0.000000
F1_test: -nan(ind)
 

Arquitectura: _2_3_3_3_3_3_1_
Semilla: 1788098951
Segundos: 232
NIteraciones: 100000

Costo_train: 0.249981
Precision_train: -nan(ind)
Recall_train: 0.000000
F1_train: -nan(ind)

Costo_test: 0.250131
Precision_test: -nan(ind)
Recall_test: 0.000000
F1_test: -nan(ind)
 

Arquitectura: _2_3_3_3_3_3_1_
Semilla: 1788098951
Segundos: 232
NIteraciones: 100000

Costo_train: 0.249984
Precision_train: -nan(ind)
Recall_train: 0.000000
F1_train: -nan(ind)

Costo_test: 0.250129
Precision_test: -nan(ind)
Recall_test: 0.000000
F1_test: -nan(ind)
 

Arquitectura: _2_3_3_3_3_3_1_
Semilla: 1788098951
Segundos: 232
NIteraciones: 100000

Costo_train: 0.249986
Precision_train: -nan(ind)
Recall_train: 0.000000
F1_train: -nan(ind)

Costo_test: 0.250126
Precision_test: -nan(ind)
Recall_test: 0.000000
F1_test: -nan(ind)
 

Arquitectura: _2_3_3_3_3_3_1_
Semilla: 1788098951
Segundos: 232
NIteraciones: 100000

Costo_train: 0.249986
Precision_train: -nan(ind)
Recall_train: 0.000000
F1_train: -nan(ind)

Costo_test: 0.250126
Precision_test: -nan(ind)
Recall_test: 0.000000
F1_test: -nan(ind)
 

Arquitectura: _2_3_3_3_3_3_1_
Semilla: 1788098951
Segundos: 232
NIteraciones: 100000

Costo_train: 0.249987
Precision_train: -nan(ind)
Recall_train: 0.000000
F1_train: -nan(ind)

Costo_test: 0.250125
Precision_test: -nan(ind)
Recall_test: 0.000000
F1_test: -nan(ind)
 

Arquitectura: _2_3_3_3_3_3_1_
Semilla: 1788098951
Segundos: 232
NIteraciones: 100000

Costo_train: 0.249987
Precision_train: -nan(ind)
Recall_train: 0.000000
F1_train: -nan(ind)

Costo_test: 0.250125
Precision_test: -nan(ind)
Recall_test: 0.000000
F1_test: -nan(ind)
 

Arquitectura: _2_3_3_3_3_3_1_
Semilla: 1788098951
Segundos: 232
NIteraciones: 100000

Costo_train: 0.249983
Precision_train: -nan(ind)
Recall_train: 0.000000
F1_train: -nan(ind)

Costo_test: 0.250130
Precision_test: -nan(ind)
Recall_test: 0.000000
F1_test: -nan(ind)
 

Arquitectura: _2_3_3_3_3_3_1_
Semilla: 1788098951
Segundos: 232
NIteraciones: 100000

Costo_train: 0.249985
Precision_train: -nan(ind)
Recall_train: 0.000000
F1_train: -nan(ind)

Costo_test: 0.250128
Precision_test: -nan(ind)
Recall_test: 0.000000
F1_test: -nan(ind)
 

Arquitectura: _2_3_3_3_3_3_1_
Semilla: 1788098951
Segundos: 232
NIteraciones: 100000

Costo_train: 0.249986
Precision_train: -nan(ind)
Recall_train: 0.000000
F1_train: -nan(ind)

Costo_test: 0.250126
Precision_test: -nan(ind)
Recall_test: 0.000000
F1_test: -nan(ind)
 

Arquitectura: _2_3_3_3_3_3_1_
Semilla: 1788098951
Segundos: 232
NIteraciones: 100000

Costo_train: 0.249985
Precision_train: -nan(ind)
Recall_train: 0.000000
F1_train: -nan(ind)

Costo_test: 0.250128
Precision_test: -nan(ind)
Recall_test: 0.000000
F1_test: -nan(ind)
 

Arquitectura: _2_3_3_3_3_3_1_
Semilla: 1788098951
Segundos: 232
NIteraciones: 100000

Costo_train: 0.249987
Precision_train: -nan(ind)
Recall_train: 0.000000
F1_train: -nan(ind)

Costo_test: 0.250126
Precision_test: -nan(ind)
Recall_test: 0.000000
F1_test: -nan(ind)
 

Arquitectura: _2_3_3_3_3_3_1_
Semilla: 1788098951
Segundos: 232
NIteraciones: 100000

Costo_train: 0.249988
Precision_train: -nan(ind)
Recall_train: 0.000000
F1_train: -nan(ind)

Costo_test: 0.250123
Precision_test: -nan(ind)
Recall_test: 0.000000
F1_test: -nan(ind)
 

Arquitectura: _2_3_3_3_3_3_1_
Semilla: 1788098951
Segundos: 232
NIteraciones: 100000

Costo_train: 0.249985
Precision_train: -nan(ind)
Recall_train: 0.000000
F1_train: -nan(ind)

Costo_test: 0.250128
Precision_test: -nan(ind)
Recall_test: 0.000000
F1_test: -nan(ind)
 

Arquitectura: _2_3_3_3_3_3_1_
Semilla: 1788098951
Segundos: 232
NIteraciones: 100000

Costo_train: 0.249984
Precision_train: -nan(ind)
Recall_train: 0.000000
F1_train: -nan(ind)

Costo_test: 0.250128
Precision_test: -nan(ind)
Recall_test: 0.000000
F1_test: -nan(ind)
 

Arquitectura: _2_3_3_3_3_3_1_
Semilla: 1788098951
Segundos: 232
NIteraciones: 100000

Costo_train: 0.249982
Precision_train: -nan(ind)
Recall_train: 0.000000
F1_train: -nan(ind)

Costo_test: 0.250132
Precision_test: -nan(ind)
Recall_test: 0.000000
F1_test: -nan(ind)
 

Arquitectura: _2_3_3_3_3_3_1_
Semilla: 1788098951
Segundos: 232
NIteraciones: 100000

Costo_train: 0.249983
Precision_train: -nan(ind)
Recall_train: 0.000000
F1_train: -nan(ind)

Costo_test: 0.250129
Precision_test: -nan(ind)
Recall_test: 0.000000
F1_test: -nan(ind)
 

Arquitectura: _2_3_3_3_3_3_1_
Semilla: 1788098951
Segundos: 232
NIteraciones: 100000

Costo_train: 0.249987
Precision_train: -nan(ind)
Recall_train: 0.000000
F1_train: -nan(ind)

Costo_test: 0.250126
Precision_test: -nan(ind)
Recall_test: 0.000000
F1_test: -nan(ind)
 

Arquitectura: _2_3_3_3_3_3_1_
Semilla: 1788098951
Segundos: 232
NIteraciones: 100000

Costo_train: 0.249987
Precision_train: -nan(ind)
Recall_train: 0.000000
F1_train: -nan(ind)

Costo_test: 0.250125
Precision_test: -nan(ind)
Recall_test: 0.000000
F1_test: -nan(ind)
 

Arquitectura: _2_3_3_3_3_3_1_
Semilla: 1788098951
Segundos: 232
NIteraciones: 100000

Costo_train: 0.249986
Precision_train: -nan(ind)
Recall_train: 0.000000
F1_train: -nan(ind)

Costo_test: 0.250127
Precision_test: -nan(ind)
Recall_test: 0.000000
F1_test: -nan(ind)
 

Arquitectura: _2_3_3_3_3_3_1_
Semilla: 1788098951
Segundos: 232
NIteraciones: 100000

Costo_train: 0.249986
Precision_train: -nan(ind)
Recall_train: 0.000000
F1_train: -nan(ind)

Costo_test: 0.250126
Precision_test: -nan(ind)
Recall_test: 0.000000
F1_test: -nan(ind)
 

Arquitectura: _2_3_3_3_3_3_1_
Semilla: 1788098951
Segundos: 232
NIteraciones: 100000

Costo_train: 0.249985
Precision_train: -nan(ind)
Recall_train: 0.000000
F1_train: -nan(ind)

Costo_test: 0.250125
Precision_test: -nan(ind)
Recall_test: 0.000000
F1_test: -nan(ind)
 

Arquitectura: _2_3_3_3_3_3_1_
Semilla: 1788098951
Segundos: 232
NIteraciones: 100000

Costo_train: 0.249982
Precision_train: -nan(ind)
Recall_train: 0.000000
F1_train: -nan(ind)

Costo_test: 0.250129
Precision_test: -nan(ind)
Recall_test: 0.000000
F1_test: -nan(ind)
 

Arquitectura: _2_3_3_3_3_3_1_
Semilla: 1788098951
Segundos: 232
NIteraciones: 100000

Costo_train: 0.249985
Precision_train: -nan(ind)
Recall_train: 0.000000
F1_train: -nan(ind)

Costo_test: 0.250128
Precision_test: -nan(ind)
Recall_test: 0.000000
F1_test: -nan(ind)
 

Arquitectura: _2_3_3_3_3_3_1_
Semilla: 1788098951
Segundos: 232
NIteraciones: 100000

Costo_train: 0.249987
Precision_train: -nan(ind)
Recall_train: 0.000000
F1_train: -nan(ind)

Costo_test: 0.250126
Precision_test: -nan(ind)
Recall_test: 0.000000
F1_test: -nan(ind)
 

Arquitectura: _2_3_3_3_3_3_1_
Semilla: 1788098951
Segundos: 232
NIteraciones: 100000

Costo_train: 0.249987
Precision_train: -nan(ind)
Recall_train: 0.000000
F1_train: -nan(ind)

Costo_test: 0.250126
Precision_test: -nan(ind)
Recall_test: 0.000000
F1_test: -nan(ind)
 

Arquitectura: _2_3_3_3_3_3_1_
Semilla: 1788098951
Segundos: 232
NIteraciones: 100000

Costo_train: 0.249985
Precision_train: -nan(ind)
Recall_train: 0.000000
F1_train: -nan(ind)

Costo_test: 0.250127
Precision_test: -nan(ind)
Recall_test: 0.000000
F1_test: -nan(ind)
 

Arquitectura: _2_3_3_3_3_3_1_
Semilla: 1788098951
Segundos: 232
NIteraciones: 100000

Costo_train: 0.249985
Precision_train: -nan(ind)
Recall_train: 0.000000
F1_train: -nan(ind)

Costo_test: 0.250127
Precision_test: -nan(ind)
Recall_test: 0.000000
F1_test: -nan(ind)
 

Arquitectura: _2_3_3_3_3_3_1_
Semilla: 1788098951
Segundos: 232
NIteraciones: 100000

Costo_train: 0.249985
Precision_train: -nan(ind)
Recall_train: 0.000000
F1_train: -nan(ind)

Costo_test: 0.250128
Precision_test: -nan(ind)
Recall_test: 0.000000
F1_test: -nan(ind)
 

Arquitectura: _2_3_3_3_3_3_1_
Semilla: 1788098951
Segundos: 232
NIteraciones: 100000

Costo_train: 0.249984
Precision_train: -nan(ind)
Recall_train: 0.000000
F1_train: -nan(ind)

Costo_test: 0.250128
Precision_test: -nan(ind)
Recall_test: 0.000000
F1_test: -nan(ind)
 

Arquitectura: _2_3_3_3_3_3_1_
Semilla: 1788098951
Segundos: 232
NIteraciones: 100000

Costo_train: 0.249984
Precision_train: -nan(ind)
Recall_train: 0.000000
F1_train: -nan(ind)

Costo_test: 0.250128
Precision_test: -nan(ind)
Recall_test: 0.000000
F1_test: -nan(ind)
 

Arquitectura: _2_3_3_3_3_3_1_
Semilla: 1788098951
Segundos: 232
NIteraciones: 100000

Costo_train: 0.249985
Precision_train: -nan(ind)
Recall_train: 0.000000
F1_train: -nan(ind)

Costo_test: 0.250128
Precision_test: -nan(ind)
Recall_test: 0.000000
F1_test: -nan(ind)
 

Arquitectura: _2_3_3_3_3_3_1_
Semilla: 1788098951
Segundos: 232
NIteraciones: 100000

Costo_train: 0.249987
Precision_train: -nan(ind)
Recall_train: 0.000000
F1_train: -nan(ind)

Costo_test: 0.250126
Precision_test: -nan(ind)
Recall_test: 0.000000
F1_test: -nan(ind)
 

Arquitectura: _2_3_3_3_3_3_1_
Semilla: 1788098951
Segundos: 232
NIteraciones: 100000

Costo_train: 0.249987
Precision_train: -nan(ind)
Recall_train: 0.000000
F1_train: -nan(ind)

Costo_test: 0.250125
Precision_test: -nan(ind)
Recall_test: 0.000000
F1_test: -nan(ind)
 

Arquitectura: _2_3_3_3_3_3_1_
Semilla: 1788098951
Segundos: 232
NIteraciones: 100000

Costo_train: 0.249983
Precision_train: -nan(ind)
Recall_train: 0.000000
F1_train: -nan(ind)

Costo_test: 0.250129
Precision_test: -nan(ind)
Recall_test: 0.000000
F1_test: -nan(ind)
 

Arquitectura: _2_3_3_3_3_3_1_
Semilla: 1788098951
Segundos: 232
NIteraciones: 100000

Costo_train: 0.249985
Precision_train: -nan(ind)
Recall_train: 0.000000
F1_train: -nan(ind)

Costo_test: 0.250126
Precision_test: -nan(ind)
Recall_test: 0.000000
F1_test: -nan(ind)
 

Arquitectura: _2_3_3_3_3_3_1_
Semilla: 1788098951
Segundos: 232
NIteraciones: 100000

Costo_train: 0.249988
Precision_train: -nan(ind)
Recall_train: 0.000000
F1_train: -nan(ind)

Costo_test: 0.250123
Precision_test: -nan(ind)
Recall_test: 0.000000
F1_test: -nan(ind)
 

Arquitectura: _2_3_3_3_3_3_1_
Semilla: 1788098951
Segundos: 232
NIteraciones: 100000

Costo_train: 0.249985
Precision_train: -nan(ind)
Recall_train: 0.000000
F1_train: -nan(ind)

Costo_test: 0.250127
Precision_test: -nan(ind)
Recall_test: 0.000000
F1_test: -nan(ind)
 

Arquitectura: _2_3_3_3_3_3_1_
Semilla: 1788098951
Segundos: 232
NIteraciones: 100000

Costo_train: 0.249985
Precision_train: -nan(ind)
Recall_train: 0.000000
F1_train: -nan(ind)

Costo_test: 0.250128
Precision_test: -nan(ind)
Recall_test: 0.000000
F1_test: -nan(ind)
 

Arquitectura: _2_3_3_3_3_3_1_
Semilla: 1788098951
Segundos: 232
NIteraciones: 100000

Costo_train: 0.249988
Precision_train: -nan(ind)
Recall_train: 0.000000
F1_train: -nan(ind)

Costo_test: 0.250125
Precision_test: -nan(ind)
Recall_test: 0.000000
F1_test: -nan(ind)
 

Arquitectura: _2_3_3_3_3_3_1_
Semilla: 1788098951
Segundos: 232
NIteraciones: 100000

Costo_train: 0.249986
Precision_train: -nan(ind)
Recall_train: 0.000000
F1_train: -nan(ind)

Costo_test: 0.250127
Precision_test: -nan(ind)
Recall_test: 0.000000
F1_test: -nan(ind)
 

Arquitectura: _2_3_3_3_3_3_1_
Semilla: 1788098951
Segundos: 232
NIteraciones: 100000

Costo_train: 0.249987
Precision_train: -nan(ind)
Recall_train: 0.000000
F1_train: -nan(ind)

Costo_test: 0.250125
Precision_test: -nan(ind)
Recall_test: 0.000000
F1_test: -nan(ind)
 

Arquitectura: _2_3_3_3_3_3_1_
Semilla: 1788098951
Segundos: 232
NIteraciones: 100000

Costo_train: 0.249982
Precision_train: -nan(ind)
Recall_train: 0.000000
F1_train: -nan(ind)

Costo_test: 0.250132
Precision_test: -nan(ind)
Recall_test: 0.000000
F1_test: -nan(ind)
 

Arquitectura: _2_3_3_3_3_3_1_
Semilla: 1788098951
Segundos: 232
NIteraciones: 100000

Costo_train: 0.249984
Precision_train: -nan(ind)
Recall_train: 0.000000
F1_train: -nan(ind)

Costo_test: 0.250129
Precision_test: -nan(ind)
Recall_test: 0.000000
F1_test: -nan(ind)
 

Arquitectura: _2_3_3_3_3_3_1_
Semilla: 1788098951
Segundos: 232
NIteraciones: 100000

Costo_train: 0.249985
Precision_train: -nan(ind)
Recall_train: 0.000000
F1_train: -nan(ind)

Costo_test: 0.250127
Precision_test: -nan(ind)
Recall_test: 0.000000
F1_test: -nan(ind)
 

Arquitectura: _2_3_3_3_3_3_1_
Semilla: 1788098951
Segundos: 232
NIteraciones: 100000

Costo_train: 0.249985
Precision_train: -nan(ind)
Recall_train: 0.000000
F1_train: -nan(ind)

Costo_test: 0.250127
Precision_test: -nan(ind)
Recall_test: 0.000000
F1_test: -nan(ind)
 

Arquitectura: _2_3_3_3_3_3_1_
Semilla: 1788098951
Segundos: 232
NIteraciones: 100000

Costo_train: 0.249986
Precision_train: -nan(ind)
Recall_train: 0.000000
F1_train: -nan(ind)

Costo_test: 0.250127
Precision_test: -nan(ind)
Recall_test: 0.000000
F1_test: -nan(ind)
 

Arquitectura: _2_3_3_3_3_3_1_
Semilla: 1788098951
Segundos: 232
NIteraciones: 100000

Costo_train: 0.249985
Precision_train: -nan(ind)
Recall_train: 0.000000
F1_train: -nan(ind)

Costo_test: 0.250128
Precision_test: -nan(ind)
Recall_test: 0.000000
F1_test: -nan(ind)
 

Arquitectura: _2_3_3_3_3_3_1_
Semilla: 1788098951
Segundos: 232
NIteraciones: 100000

Costo_train: 0.249983
Precision_train: -nan(ind)
Recall_train: 0.000000
F1_train: -nan(ind)

Costo_test: 0.250130
Precision_test: -nan(ind)
Recall_test: 0.000000
F1_test: -nan(ind)
 

Arquitectura: _2_3_3_3_3_3_1_
Semilla: 1788098951
Segundos: 232
NIteraciones: 100000

Costo_train: 0.249986
Precision_train: -nan(ind)
Recall_train: 0.000000
F1_train: -nan(ind)

Costo_test: 0.250127
Precision_test: -nan(ind)
Recall_test: 0.000000
F1_test: -nan(ind)
 

Arquitectura: _2_3_3_3_3_3_1_
Semilla: 1788098951
Segundos: 232
NIteraciones: 100000

Costo_train: 0.249986
Precision_train: -nan(ind)
Recall_train: 0.000000
F1_train: -nan(ind)

Costo_test: 0.250127
Precision_test: -nan(ind)
Recall_test: 0.000000
F1_test: -nan(ind)
 

Arquitectura: _2_3_3_3_3_3_1_
Semilla: 1788098951
Segundos: 232
NIteraciones: 100000

Costo_train: 0.249985
Precision_train: -nan(ind)
Recall_train: 0.000000
F1_train: -nan(ind)

Costo_test: 0.250127
Precision_test: -nan(ind)
Recall_test: 0.000000
F1_test: -nan(ind)
 

Arquitectura: _2_3_3_3_3_3_1_
Semilla: 1788098951
Segundos: 232
NIteraciones: 100000

Costo_train: 0.249979
Precision_train: -nan(ind)
Recall_train: 0.000000
F1_train: -nan(ind)

Costo_test: 0.250136
Precision_test: -nan(ind)
Recall_test: 0.000000
F1_test: -nan(ind)
 

Arquitectura: _2_3_3_3_3_3_1_
Semilla: 1788098951
Segundos: 232
NIteraciones: 100000

Costo_train: 0.249984
Precision_train: -nan(ind)
Recall_train: 0.000000
F1_train: -nan(ind)

Costo_test: 0.250130
Precision_test: -nan(ind)
Recall_test: 0.000000
F1_test: -nan(ind)
 

Arquitectura: _2_3_3_3_3_3_1_
Semilla: 1788098951
Segundos: 232
NIteraciones: 100000

Costo_train: 0.249986
Precision_train: -nan(ind)
Recall_train: 0.000000
F1_train: -nan(ind)

Costo_test: 0.250126
Precision_test: -nan(ind)
Recall_test: 0.000000
F1_test: -nan(ind)
 

Arquitectura: _2_3_3_3_3_3_1_
Semilla: 1788098951
Segundos: 232
NIteraciones: 100000

Costo_train: 0.249983
Precision_train: -nan(ind)
Recall_train: 0.000000
F1_train: -nan(ind)

Costo_test: 0.250128
Precision_test: -nan(ind)
Recall_test: 0.000000
F1_test: -nan(ind)
 

Arquitectura: _2_3_3_3_3_3_1_
Semilla: 1788098951
Segundos: 232
NIteraciones: 100000

Costo_train: 0.249986
Precision_train: -nan(ind)
Recall_train: 0.000000
F1_train: -nan(ind)

Costo_test: 0.250126
Precision_test: -nan(ind)
Recall_test: 0.000000
F1_test: -nan(ind)
 

Arquitectura: _2_3_3_3_3_3_1_
Semilla: 1788098951
Segundos: 232
NIteraciones: 100000

Costo_train: 0.249986
Precision_train: -nan(ind)
Recall_train: 0.000000
F1_train: -nan(ind)

Costo_test: 0.250127
Precision_test: -nan(ind)
Recall_test: 0.000000
F1_test: -nan(ind)
 

Arquitectura: _2_3_3_3_3_3_1_
Semilla: 1788098951
Segundos: 232
NIteraciones: 100000

Costo_train: 0.249986
Precision_train: -nan(ind)
Recall_train: 0.000000
F1_train: -nan(ind)

Costo_test: 0.250126
Precision_test: -nan(ind)
Recall_test: 0.000000
F1_test: -nan(ind)
 

Arquitectura: _2_3_3_3_3_3_1_
Semilla: 1788098951
Segundos: 232
NIteraciones: 100000

Costo_train: 0.249985
Precision_train: -nan(ind)
Recall_train: 0.000000
F1_train: -nan(ind)

Costo_test: 0.250128
Precision_test: -nan(ind)
Recall_test: 0.000000
F1_test: -nan(ind)
 

Arquitectura: _2_3_3_3_3_3_1_
Semilla: 1788098951
Segundos: 232
NIteraciones: 100000

Costo_train: 0.249985
Precision_train: -nan(ind)
Recall_train: 0.000000
F1_train: -nan(ind)

Costo_test: 0.250128
Precision_test: -nan(ind)
Recall_test: 0.000000
F1_test: -nan(ind)
 

Arquitectura: _2_3_3_3_3_3_1_
Semilla: 1788098951
Segundos: 232
NIteraciones: 100000

Costo_train: 0.249985
Precision_train: -nan(ind)
Recall_train: 0.000000
F1_train: -nan(ind)

Costo_test: 0.250126
Precision_test: -nan(ind)
Recall_test: 0.000000
F1_test: -nan(ind)
 

Arquitectura: _2_3_3_3_3_3_1_
Semilla: 1788098951
Segundos: 232
NIteraciones: 100000

Costo_train: 0.249978
Precision_train: -nan(ind)
Recall_train: 0.000000
F1_train: -nan(ind)

Costo_test: 0.250137
Precision_test: -nan(ind)
Recall_test: 0.000000
F1_test: -nan(ind)
 

Arquitectura: _2_3_3_3_3_3_1_
Semilla: 1788098951
Segundos: 232
NIteraciones: 100000

Costo_train: 0.249987
Precision_train: -nan(ind)
Recall_train: 0.000000
F1_train: -nan(ind)

Costo_test: 0.250124
Precision_test: -nan(ind)
Recall_test: 0.000000
F1_test: -nan(ind)
 

Arquitectura: _2_3_3_3_3_3_1_
Semilla: 1788098951
Segundos: 232
NIteraciones: 100000

Costo_train: 0.249986
Precision_train: -nan(ind)
Recall_train: 0.000000
F1_train: -nan(ind)

Costo_test: 0.250127
Precision_test: -nan(ind)
Recall_test: 0.000000
F1_test: -nan(ind)
 

Arquitectura: _2_3_3_3_3_3_1_
Semilla: 1788098951
Segundos: 232
NIteraciones: 100000

Costo_train: 0.249983
Precision_train: -nan(ind)
Recall_train: 0.000000
F1_train: -nan(ind)

Costo_test: 0.250129
Precision_test: -nan(ind)
Recall_test: 0.000000
F1_test: -nan(ind)
 

Arquitectura: _2_3_3_3_3_3_1_
Semilla: 1788098951
Segundos: 232
NIteraciones: 100000

Costo_train: 0.249986
Precision_train: -nan(ind)
Recall_train: 0.000000
F1_train: -nan(ind)

Costo_test: 0.250127
Precision_test: -nan(ind)
Recall_test: 0.000000
F1_test: -nan(ind)
 

Arquitectura: _2_3_3_3_3_3_1_
Semilla: 1788098951
Segundos: 232
NIteraciones: 100000

Costo_train: 0.249987
Precision_train: -nan(ind)
Recall_train: 0.000000
F1_train: -nan(ind)

Costo_test: 0.250125
Precision_test: -nan(ind)
Recall_test: 0.000000
F1_test: -nan(ind)
 

Arquitectura: _2_3_3_3_3_3_1_
Semilla: 1788098951
Segundos: 232
NIteraciones: 100000

Costo_train: 0.249986
Precision_train: -nan(ind)
Recall_train: 0.000000
F1_train: -nan(ind)

Costo_test: 0.250126
Precision_test: -nan(ind)
Recall_test: 0.000000
F1_test: -nan(ind)
 

Arquitectura: _2_3_3_3_3_3_1_
Semilla: 1788098951
Segundos: 232
NIteraciones: 100000

Costo_train: 0.249987
Precision_train: -nan(ind)
Recall_train: 0.000000
F1_train: -nan(ind)

Costo_test: 0.250125
Precision_test: -nan(ind)
Recall_test: 0.000000
F1_test: -nan(ind)
 

Arquitectura: _2_3_3_3_3_3_1_
Semilla: 1788098951
Segundos: 232
NIteraciones: 100000

Costo_train: 0.249992
Precision_train: -nan(ind)
Recall_train: 0.000000
F1_train: -nan(ind)

Costo_test: 0.250121
Precision_test: -nan(ind)
Recall_test: 0.000000
F1_test: -nan(ind)
 

Arquitectura: _2_3_3_3_3_3_1_
Semilla: 1788098951
Segundos: 232
NIteraciones: 100000

Costo_train: 0.249986
Precision_train: -nan(ind)
Recall_train: 0.000000
F1_train: -nan(ind)

Costo_test: 0.250127
Precision_test: -nan(ind)
Recall_test: 0.000000
F1_test: -nan(ind)
 

Arquitectura: _2_3_3_3_3_3_1_
Semilla: 1788098951
Segundos: 232
NIteraciones: 100000

Costo_train: 0.249979
Precision_train: -nan(ind)
Recall_train: 0.000000
F1_train: -nan(ind)

Costo_test: 0.250133
Precision_test: -nan(ind)
Recall_test: 0.000000
F1_test: -nan(ind)
 

Arquitectura: _2_3_3_3_3_3_1_
Semilla: 1788098951
Segundos: 232
NIteraciones: 100000

Costo_train: 0.249987
Precision_train: -nan(ind)
Recall_train: 0.000000
F1_train: -nan(ind)

Costo_test: 0.250124
Precision_test: -nan(ind)
Recall_test: 0.000000
F1_test: -nan(ind)
 

Arquitectura: _2_3_3_3_3_3_1_
Semilla: 1788098951
Segundos: 232
NIteraciones: 100000

Costo_train: 0.249988
Precision_train: -nan(ind)
Recall_train: 0.000000
F1_train: -nan(ind)

Costo_test: 0.250123
Precision_test: -nan(ind)
Recall_test: 0.000000
F1_test: -nan(ind)
 

Arquitectura: _2_3_3_3_3_3_1_
Semilla: 1788098951
Segundos: 232
NIteraciones: 100000

Costo_train: 0.249985
Precision_train: -nan(ind)
Recall_train: 0.000000
F1_train: -nan(ind)

Costo_test: 0.250128
Precision_test: -nan(ind)
Recall_test: 0.000000
F1_test: -nan(ind)
 

Arquitectura: _2_3_3_3_3_3_1_
Semilla: 1788098951
Segundos: 232
NIteraciones: 100000

Costo_train: 0.249985
Precision_train: -nan(ind)
Recall_train: 0.000000
F1_train: -nan(ind)

Costo_test: 0.250128
Precision_test: -nan(ind)
Recall_test: 0.000000
F1_test: -nan(ind)
 

Arquitectura: _2_3_3_3_3_3_1_
Semilla: 1788098951
Segundos: 232
NIteraciones: 100000

Costo_train: 0.249986
Precision_train: -nan(ind)
Recall_train: 0.000000
F1_train: -nan(ind)

Costo_test: 0.250126
Precision_test: -nan(ind)
Recall_test: 0.000000
F1_test: -nan(ind)
 

Arquitectura: _2_3_3_3_3_3_1_
Semilla: 1788098951
Segundos: 232
NIteraciones: 100000

Costo_train: 0.249986
Precision_train: -nan(ind)
Recall_train: 0.000000
F1_train: -nan(ind)

Costo_test: 0.250126
Precision_test: -nan(ind)
Recall_test: 0.000000
F1_test: -nan(ind)
 

Arquitectura: _2_3_3_3_3_3_1_
Semilla: 1788098951
Segundos: 232
NIteraciones: 100000

Costo_train: 0.249984
Precision_train: -nan(ind)
Recall_train: 0.000000
F1_train: -nan(ind)

Costo_test: 0.250130
Precision_test: -nan(ind)
Recall_test: 0.000000
F1_test: -nan(ind)
 
