--- Configuración Actual ---
Paso: 0.200000
Gamma: 0.000000
Parada: 0.100000
Iteraciones: 100000
CapasDesde: 2
CapasHasta: 5
Repeticiones: 1
Intervalo: 10000
Batch: 100
MultiplicadorProfunda: 0.700000
Tarjeta: NVIDIA GeForce RTX 3090 Ti
----------------------------
Dimensiones Datos
trainx: 2x1600 
trainy: 1x1600 
test_x: 2x400 


--- Test Angosta 2.0 ---
Iteración 10000
Costo: 0.081244
Iteración 20000
Costo: 0.081136
Iteración 30000
Costo: 0.081071
Iteración 40000
Costo: 0.081022
Iteración 50000
Costo: 0.080984
Iteración 60000
Costo: 0.080953
Iteración 70000
Costo: 0.080927
Iteración 80000
Costo: 0.080906
Iteración 90000
Costo: 0.080888

Arquitectura: _2_6_1_
Semilla: 1788084194
Segundos: 49
NIteraciones: 100000

Costo_train: 0.080872
Precision_train: 0.879245
Recall_train: 0.877039
F1_train: 0.878141

Costo_test: 0.077128
Precision_test: 0.879227
Recall_test: 0.896552
F1_test: 0.887805
 

Arquitectura: _2_6_1_
Semilla: 1788084194
Segundos: 49
NIteraciones: 100000

Costo_train: 0.011796
Precision_train: 0.993758
Recall_train: 0.998745
F1_train: 0.996245

Costo_test: 0.012087
Precision_test: 0.995074
Recall_test: 0.995074
F1_test: 0.995074
 

Arquitectura: _2_6_1_
Semilla: 1788084194
Segundos: 49
NIteraciones: 100000

Costo_train: 0.006209
Precision_train: 0.997497
Recall_train: 1.000000
F1_train: 0.998747

Costo_test: 0.006129
Precision_test: 0.995074
Recall_test: 0.995074
F1_test: 0.995074
 

Arquitectura: _2_6_1_
Semilla: 1788084194
Segundos: 49
NIteraciones: 100000

Costo_train: 0.080898
Precision_train: 0.879245
Recall_train: 0.877039
F1_train: 0.878141

Costo_test: 0.077144
Precision_test: 0.879227
Recall_test: 0.896552
F1_test: 0.887805
 

Arquitectura: _2_6_1_
Semilla: 1788084194
Segundos: 49
NIteraciones: 100000

Costo_train: 0.003737
Precision_train: 0.997497
Recall_train: 1.000000
F1_train: 0.998747

Costo_test: 0.003881
Precision_test: 1.000000
Recall_test: 1.000000
F1_test: 1.000000
 

Arquitectura: _2_6_1_
Semilla: 1788084194
Segundos: 49
NIteraciones: 100000

Costo_train: 0.003489
Precision_train: 0.997497
Recall_train: 1.000000
F1_train: 0.998747

Costo_test: 0.003466
Precision_test: 1.000000
Recall_test: 1.000000
F1_test: 1.000000
 

Arquitectura: _2_6_1_
Semilla: 1788084194
Segundos: 49
NIteraciones: 100000

Costo_train: 0.080953
Precision_train: 0.879245
Recall_train: 0.877039
F1_train: 0.878141

Costo_test: 0.077197
Precision_test: 0.879227
Recall_test: 0.896552
F1_test: 0.887805
 

Arquitectura: _2_6_1_
Semilla: 1788084194
Segundos: 49
NIteraciones: 100000

Costo_train: 0.003460
Precision_train: 0.997497
Recall_train: 1.000000
F1_train: 0.998747

Costo_test: 0.003561
Precision_test: 1.000000
Recall_test: 1.000000
F1_test: 1.000000
 

Arquitectura: _2_6_1_
Semilla: 1788084194
Segundos: 49
NIteraciones: 100000

Costo_train: 0.080925
Precision_train: 0.879245
Recall_train: 0.877039
F1_train: 0.878141

Costo_test: 0.077198
Precision_test: 0.879227
Recall_test: 0.896552
F1_test: 0.887805
 

Arquitectura: _2_6_1_
Semilla: 1788084194
Segundos: 49
NIteraciones: 100000

Costo_train: 0.080904
Precision_train: 0.879245
Recall_train: 0.877039
F1_train: 0.878141

Costo_test: 0.077182
Precision_test: 0.879227
Recall_test: 0.896552
F1_test: 0.887805
 

Arquitectura: _2_6_1_
Semilla: 1788084194
Segundos: 49
NIteraciones: 100000

Costo_train: 0.002778
Precision_train: 0.997497
Recall_train: 1.000000
F1_train: 0.998747

Costo_test: 0.002717
Precision_test: 1.000000
Recall_test: 1.000000
F1_test: 1.000000
 

Arquitectura: _2_6_1_
Semilla: 1788084194
Segundos: 49
NIteraciones: 100000

Costo_train: 0.080904
Precision_train: 0.879245
Recall_train: 0.877039
F1_train: 0.878141

Costo_test: 0.077188
Precision_test: 0.875000
Recall_test: 0.896552
F1_test: 0.885645
 

Arquitectura: _2_6_1_
Semilla: 1788084194
Segundos: 49
NIteraciones: 100000

Costo_train: 0.080875
Precision_train: 0.879093
Recall_train: 0.875784
F1_train: 0.877436

Costo_test: 0.077106
Precision_test: 0.879227
Recall_test: 0.896552
F1_test: 0.887805
 

Arquitectura: _2_6_1_
Semilla: 1788084194
Segundos: 49
NIteraciones: 100000

Costo_train: 0.080944
Precision_train: 0.879245
Recall_train: 0.877039
F1_train: 0.878141

Costo_test: 0.077200
Precision_test: 0.879227
Recall_test: 0.896552
F1_test: 0.887805
 

Arquitectura: _2_6_1_
Semilla: 1788084194
Segundos: 49
NIteraciones: 100000

Costo_train: 0.080870
Precision_train: 0.879245
Recall_train: 0.877039
F1_train: 0.878141

Costo_test: 0.077156
Precision_test: 0.875000
Recall_test: 0.896552
F1_test: 0.885645
 

Arquitectura: _2_6_1_
Semilla: 1788084194
Segundos: 49
NIteraciones: 100000

Costo_train: 0.003926
Precision_train: 0.997497
Recall_train: 1.000000
F1_train: 0.998747

Costo_test: 0.003891
Precision_test: 1.000000
Recall_test: 0.995074
F1_test: 0.997531
 

Arquitectura: _2_6_1_
Semilla: 1788084194
Segundos: 49
NIteraciones: 100000

Costo_train: 0.018294
Precision_train: 0.991228
Recall_train: 0.992472
F1_train: 0.991850

Costo_test: 0.017577
Precision_test: 0.985294
Recall_test: 0.990148
F1_test: 0.987715
 

Arquitectura: _2_6_1_
Semilla: 1788084194
Segundos: 49
NIteraciones: 100000

Costo_train: 0.002309
Precision_train: 0.997497
Recall_train: 1.000000
F1_train: 0.998747

Costo_test: 0.002246
Precision_test: 1.000000
Recall_test: 1.000000
F1_test: 1.000000
 

Arquitectura: _2_6_1_
Semilla: 1788084194
Segundos: 49
NIteraciones: 100000

Costo_train: 0.080909
Precision_train: 0.879093
Recall_train: 0.875784
F1_train: 0.877436

Costo_test: 0.077149
Precision_test: 0.879227
Recall_test: 0.896552
F1_test: 0.887805
 

Arquitectura: _2_6_1_
Semilla: 1788084194
Segundos: 49
NIteraciones: 100000

Costo_train: 0.080918
Precision_train: 0.879245
Recall_train: 0.877039
F1_train: 0.878141

Costo_test: 0.077228
Precision_test: 0.875000
Recall_test: 0.896552
F1_test: 0.885645
 

Arquitectura: _2_6_1_
Semilla: 1788084194
Segundos: 49
NIteraciones: 100000

Costo_train: 0.002893
Precision_train: 0.997497
Recall_train: 1.000000
F1_train: 0.998747

Costo_test: 0.002854
Precision_test: 1.000000
Recall_test: 1.000000
F1_test: 1.000000
 

Arquitectura: _2_6_1_
Semilla: 1788084194
Segundos: 49
NIteraciones: 100000

Costo_train: 0.080859
Precision_train: 0.879093
Recall_train: 0.875784
F1_train: 0.877436

Costo_test: 0.077111
Precision_test: 0.879227
Recall_test: 0.896552
F1_test: 0.887805
 

Arquitectura: _2_6_1_
Semilla: 1788084194
Segundos: 49
NIteraciones: 100000

Costo_train: 0.080917
Precision_train: 0.879245
Recall_train: 0.877039
F1_train: 0.878141

Costo_test: 0.077168
Precision_test: 0.879227
Recall_test: 0.896552
F1_test: 0.887805
 

Arquitectura: _2_6_1_
Semilla: 1788084194
Segundos: 49
NIteraciones: 100000

Costo_train: 0.080875
Precision_train: 0.879245
Recall_train: 0.877039
F1_train: 0.878141

Costo_test: 0.077136
Precision_test: 0.879227
Recall_test: 0.896552
F1_test: 0.887805
 

Arquitectura: _2_6_1_
Semilla: 1788084194
Segundos: 49
NIteraciones: 100000

Costo_train: 0.057820
Precision_train: 0.915212
Recall_train: 0.920954
F1_train: 0.918074

Costo_test: 0.055328
Precision_test: 0.922705
Recall_test: 0.940887
F1_test: 0.931707
 

Arquitectura: _2_6_1_
Semilla: 1788084194
Segundos: 49
NIteraciones: 100000

Costo_train: 0.080881
Precision_train: 0.879245
Recall_train: 0.877039
F1_train: 0.878141

Costo_test: 0.077143
Precision_test: 0.879227
Recall_test: 0.896552
F1_test: 0.887805
 

Arquitectura: _2_6_1_
Semilla: 1788084194
Segundos: 49
NIteraciones: 100000

Costo_train: 0.003861
Precision_train: 0.997497
Recall_train: 1.000000
F1_train: 0.998747

Costo_test: 0.003900
Precision_test: 1.000000
Recall_test: 0.995074
F1_test: 0.997531
 

Arquitectura: _2_6_1_
Semilla: 1788084194
Segundos: 49
NIteraciones: 100000

Costo_train: 0.080891
Precision_train: 0.879245
Recall_train: 0.877039
F1_train: 0.878141

Costo_test: 0.077160
Precision_test: 0.879227
Recall_test: 0.896552
F1_test: 0.887805
 

Arquitectura: _2_6_1_
Semilla: 1788084194
Segundos: 49
NIteraciones: 100000

Costo_train: 0.003395
Precision_train: 0.997497
Recall_train: 1.000000
F1_train: 0.998747

Costo_test: 0.003353
Precision_test: 1.000000
Recall_test: 1.000000
F1_test: 1.000000
 

Arquitectura: _2_6_1_
Semilla: 1788084194
Segundos: 49
NIteraciones: 100000

Costo_train: 0.011549
Precision_train: 0.993750
Recall_train: 0.997491
F1_train: 0.995617

Costo_test: 0.011423
Precision_test: 0.995049
Recall_test: 0.990148
F1_test: 0.992593
 

Arquitectura: _2_6_1_
Semilla: 1788084194
Segundos: 49
NIteraciones: 100000

Costo_train: 0.080910
Precision_train: 0.881163
Recall_train: 0.874529
F1_train: 0.877834

Costo_test: 0.077097
Precision_test: 0.879227
Recall_test: 0.896552
F1_test: 0.887805
 

Arquitectura: _2_6_1_
Semilla: 1788084194
Segundos: 49
NIteraciones: 100000

Costo_train: 0.004587
Precision_train: 0.997497
Recall_train: 1.000000
F1_train: 0.998747

Costo_test: 0.004576
Precision_test: 1.000000
Recall_test: 0.995074
F1_test: 0.997531
 

Arquitectura: _2_6_1_
Semilla: 1788084194
Segundos: 49
NIteraciones: 100000

Costo_train: 0.080873
Precision_train: 0.879245
Recall_train: 0.877039
F1_train: 0.878141

Costo_test: 0.077126
Precision_test: 0.879227
Recall_test: 0.896552
F1_test: 0.887805
 

Arquitectura: _2_6_1_
Semilla: 1788084194
Segundos: 49
NIteraciones: 100000

Costo_train: 0.080890
Precision_train: 0.879245
Recall_train: 0.877039
F1_train: 0.878141

Costo_test: 0.077171
Precision_test: 0.879227
Recall_test: 0.896552
F1_test: 0.887805
 

Arquitectura: _2_6_1_
Semilla: 1788084194
Segundos: 49
NIteraciones: 100000

Costo_train: 0.080871
Precision_train: 0.879245
Recall_train: 0.877039
F1_train: 0.878141

Costo_test: 0.077129
Precision_test: 0.879227
Recall_test: 0.896552
F1_test: 0.887805
 

Arquitectura: _2_6_1_
Semilla: 1788084194
Segundos: 49
NIteraciones: 100000

Costo_train: 0.003232
Precision_train: 0.997497
Recall_train: 1.000000
F1_train: 0.998747

Costo_test: 0.003226
Precision_test: 1.000000
Recall_test: 1.000000
F1_test: 1.000000
 

Arquitectura: _2_6_1_
Semilla: 1788084194
Segundos: 49
NIteraciones: 100000

Costo_train: 0.007433
Precision_train: 0.997497
Recall_train: 1.000000
F1_train: 0.998747

Costo_test: 0.007542
Precision_test: 0.995074
Recall_test: 0.995074
F1_test: 0.995074
 

Arquitectura: _2_6_1_
Semilla: 1788084194
Segundos: 49
NIteraciones: 100000

Costo_train: 0.080872
Precision_train: 0.878941
Recall_train: 0.874529
F1_train: 0.876730

Costo_test: 0.077087
Precision_test: 0.879227
Recall_test: 0.896552
F1_test: 0.887805
 

Arquitectura: _2_6_1_
Semilla: 1788084194
Segundos: 49
NIteraciones: 100000

Costo_train: 0.080860
Precision_train: 0.879245
Recall_train: 0.877039
F1_train: 0.878141

Costo_test: 0.077124
Precision_test: 0.879227
Recall_test: 0.896552
F1_test: 0.887805
 

Arquitectura: _2_6_1_
Semilla: 1788084194
Segundos: 49
NIteraciones: 100000

Costo_train: 0.080882
Precision_train: 0.879093
Recall_train: 0.875784
F1_train: 0.877436

Costo_test: 0.077109
Precision_test: 0.879227
Recall_test: 0.896552
F1_test: 0.887805
 

Arquitectura: _2_6_1_
Semilla: 1788084194
Segundos: 49
NIteraciones: 100000

Costo_train: 0.003520
Precision_train: 0.997497
Recall_train: 1.000000
F1_train: 0.998747

Costo_test: 0.003558
Precision_test: 1.000000
Recall_test: 1.000000
F1_test: 1.000000
 

Arquitectura: _2_6_1_
Semilla: 1788084194
Segundos: 49
NIteraciones: 100000

Costo_train: 0.080873
Precision_train: 0.879245
Recall_train: 0.877039
F1_train: 0.878141

Costo_test: 0.077130
Precision_test: 0.879227
Recall_test: 0.896552
F1_test: 0.887805
 

Arquitectura: _2_6_1_
Semilla: 1788084194
Segundos: 49
NIteraciones: 100000

Costo_train: 0.006436
Precision_train: 0.997497
Recall_train: 1.000000
F1_train: 0.998747

Costo_test: 0.006377
Precision_test: 0.995074
Recall_test: 0.995074
F1_test: 0.995074
 

Arquitectura: _2_6_1_
Semilla: 1788084194
Segundos: 49
NIteraciones: 100000

Costo_train: 0.080870
Precision_train: 0.879245
Recall_train: 0.877039
F1_train: 0.878141

Costo_test: 0.077129
Precision_test: 0.879227
Recall_test: 0.896552
F1_test: 0.887805
 

Arquitectura: _2_6_1_
Semilla: 1788084194
Segundos: 49
NIteraciones: 100000

Costo_train: 0.002943
Precision_train: 0.997497
Recall_train: 1.000000
F1_train: 0.998747

Costo_test: 0.002925
Precision_test: 1.000000
Recall_test: 1.000000
F1_test: 1.000000
 

Arquitectura: _2_6_1_
Semilla: 1788084194
Segundos: 49
NIteraciones: 100000

Costo_train: 0.004442
Precision_train: 0.997497
Recall_train: 1.000000
F1_train: 0.998747

Costo_test: 0.004361
Precision_test: 1.000000
Recall_test: 0.995074
F1_test: 0.997531
 

Arquitectura: _2_6_1_
Semilla: 1788084194
Segundos: 49
NIteraciones: 100000

Costo_train: 0.003919
Precision_train: 0.997497
Recall_train: 1.000000
F1_train: 0.998747

Costo_test: 0.003926
Precision_test: 1.000000
Recall_test: 1.000000
F1_test: 1.000000
 

Arquitectura: _2_6_1_
Semilla: 1788084194
Segundos: 49
NIteraciones: 100000

Costo_train: 0.006179
Precision_train: 0.997497
Recall_train: 1.000000
F1_train: 0.998747

Costo_test: 0.006221
Precision_test: 1.000000
Recall_test: 0.995074
F1_test: 0.997531
 

Arquitectura: _2_6_1_
Semilla: 1788084194
Segundos: 49
NIteraciones: 100000

Costo_train: 0.080900
Precision_train: 0.879093
Recall_train: 0.875784
F1_train: 0.877436

Costo_test: 0.077136
Precision_test: 0.879227
Recall_test: 0.896552
F1_test: 0.887805
 

Arquitectura: _2_6_1_
Semilla: 1788084194
Segundos: 49
NIteraciones: 100000

Costo_train: 0.004569
Precision_train: 0.997497
Recall_train: 1.000000
F1_train: 0.998747

Costo_test: 0.004503
Precision_test: 1.000000
Recall_test: 0.995074
F1_test: 0.997531
 

Arquitectura: _2_6_1_
Semilla: 1788084194
Segundos: 49
NIteraciones: 100000

Costo_train: 0.080888
Precision_train: 0.879245
Recall_train: 0.877039
F1_train: 0.878141

Costo_test: 0.077142
Precision_test: 0.879227
Recall_test: 0.896552
F1_test: 0.887805
 

Arquitectura: _2_6_1_
Semilla: 1788084194
Segundos: 49
NIteraciones: 100000

Costo_train: 0.003685
Precision_train: 0.997497
Recall_train: 1.000000
F1_train: 0.998747

Costo_test: 0.003751
Precision_test: 1.000000
Recall_test: 1.000000
F1_test: 1.000000
 

Arquitectura: _2_6_1_
Semilla: 1788084194
Segundos: 49
NIteraciones: 100000

Costo_train: 0.004162
Precision_train: 0.997497
Recall_train: 1.000000
F1_train: 0.998747

Costo_test: 0.004094
Precision_test: 1.000000
Recall_test: 0.995074
F1_test: 0.997531
 

Arquitectura: _2_6_1_
Semilla: 1788084194
Segundos: 49
NIteraciones: 100000

Costo_train: 0.002895
Precision_train: 0.997497
Recall_train: 1.000000
F1_train: 0.998747

Costo_test: 0.002815
Precision_test: 1.000000
Recall_test: 1.000000
F1_test: 1.000000
 

Arquitectura: _2_6_1_
Semilla: 1788084194
Segundos: 49
NIteraciones: 100000

Costo_train: 0.080871
Precision_train: 0.879245
Recall_train: 0.877039
F1_train: 0.878141

Costo_test: 0.077137
Precision_test: 0.879227
Recall_test: 0.896552
F1_test: 0.887805
 

Arquitectura: _2_6_1_
Semilla: 1788084194
Segundos: 49
NIteraciones: 100000

Costo_train: 0.006513
Precision_train: 0.997497
Recall_train: 1.000000
F1_train: 0.998747

Costo_test: 0.006475
Precision_test: 0.995074
Recall_test: 0.995074
F1_test: 0.995074
 

Arquitectura: _2_6_1_
Semilla: 1788084194
Segundos: 49
NIteraciones: 100000

Costo_train: 0.003903
Precision_train: 0.997497
Recall_train: 1.000000
F1_train: 0.998747

Costo_test: 0.003991
Precision_test: 1.000000
Recall_test: 1.000000
F1_test: 1.000000
 

Arquitectura: _2_6_1_
Semilla: 1788084194
Segundos: 49
NIteraciones: 100000

Costo_train: 0.080870
Precision_train: 0.879245
Recall_train: 0.877039
F1_train: 0.878141

Costo_test: 0.077131
Precision_test: 0.879227
Recall_test: 0.896552
F1_test: 0.887805
 

Arquitectura: _2_6_1_
Semilla: 1788084194
Segundos: 49
NIteraciones: 100000

Costo_train: 0.080897
Precision_train: 0.879245
Recall_train: 0.877039
F1_train: 0.878141

Costo_test: 0.077194
Precision_test: 0.875000
Recall_test: 0.896552
F1_test: 0.885645
 

Arquitectura: _2_6_1_
Semilla: 1788084194
Segundos: 49
NIteraciones: 100000

Costo_train: 0.006740
Precision_train: 0.997497
Recall_train: 1.000000
F1_train: 0.998747

Costo_test: 0.006858
Precision_test: 0.995074
Recall_test: 0.995074
F1_test: 0.995074
 

Arquitectura: _2_6_1_
Semilla: 1788084194
Segundos: 49
NIteraciones: 100000

Costo_train: 0.080892
Precision_train: 0.879245
Recall_train: 0.877039
F1_train: 0.878141

Costo_test: 0.077177
Precision_test: 0.875000
Recall_test: 0.896552
F1_test: 0.885645
 

Arquitectura: _2_6_1_
Semilla: 1788084194
Segundos: 49
NIteraciones: 100000

Costo_train: 0.006445
Precision_train: 0.997497
Recall_train: 1.000000
F1_train: 0.998747

Costo_test: 0.006418
Precision_test: 0.995074
Recall_test: 0.995074
F1_test: 0.995074
 

Arquitectura: _2_6_1_
Semilla: 1788084194
Segundos: 49
NIteraciones: 100000

Costo_train: 0.003758
Precision_train: 0.997497
Recall_train: 1.000000
F1_train: 0.998747

Costo_test: 0.003801
Precision_test: 1.000000
Recall_test: 1.000000
F1_test: 1.000000
 

Arquitectura: _2_6_1_
Semilla: 1788084194
Segundos: 49
NIteraciones: 100000

Costo_train: 0.006662
Precision_train: 0.997497
Recall_train: 1.000000
F1_train: 0.998747

Costo_test: 0.006627
Precision_test: 0.995074
Recall_test: 0.995074
F1_test: 0.995074
 

Arquitectura: _2_6_1_
Semilla: 1788084194
Segundos: 49
NIteraciones: 100000

Costo_train: 0.003286
Precision_train: 0.997497
Recall_train: 1.000000
F1_train: 0.998747

Costo_test: 0.003244
Precision_test: 1.000000
Recall_test: 1.000000
F1_test: 1.000000
 

Arquitectura: _2_6_1_
Semilla: 1788084194
Segundos: 49
NIteraciones: 100000

Costo_train: 0.009175
Precision_train: 0.995000
Recall_train: 0.998745
F1_train: 0.996869

Costo_test: 0.009129
Precision_test: 0.995074
Recall_test: 0.995074
F1_test: 0.995074
 

Arquitectura: _2_6_1_
Semilla: 1788084194
Segundos: 49
NIteraciones: 100000

Costo_train: 0.002709
Precision_train: 0.997497
Recall_train: 1.000000
F1_train: 0.998747

Costo_test: 0.002671
Precision_test: 1.000000
Recall_test: 1.000000
F1_test: 1.000000
 

Arquitectura: _2_6_1_
Semilla: 1788084194
Segundos: 49
NIteraciones: 100000

Costo_train: 0.080890
Precision_train: 0.879245
Recall_train: 0.877039
F1_train: 0.878141

Costo_test: 0.077156
Precision_test: 0.879227
Recall_test: 0.896552
F1_test: 0.887805
 

Arquitectura: _2_6_1_
Semilla: 1788084194
Segundos: 49
NIteraciones: 100000

Costo_train: 0.080866
Precision_train: 0.879245
Recall_train: 0.877039
F1_train: 0.878141

Costo_test: 0.077127
Precision_test: 0.879227
Recall_test: 0.896552
F1_test: 0.887805
 

Arquitectura: _2_6_1_
Semilla: 1788084194
Segundos: 49
NIteraciones: 100000

Costo_train: 0.080911
Precision_train: 0.879245
Recall_train: 0.877039
F1_train: 0.878141

Costo_test: 0.077161
Precision_test: 0.879227
Recall_test: 0.896552
F1_test: 0.887805
 

Arquitectura: _2_6_1_
Semilla: 1788084194
Segundos: 49
NIteraciones: 100000

Costo_train: 0.080893
Precision_train: 0.879245
Recall_train: 0.877039
F1_train: 0.878141

Costo_test: 0.077170
Precision_test: 0.879227
Recall_test: 0.896552
F1_test: 0.887805
 

Arquitectura: _2_6_1_
Semilla: 1788084194
Segundos: 49
NIteraciones: 100000

Costo_train: 0.020293
Precision_train: 0.989950
Recall_train: 0.988708
F1_train: 0.989328

Costo_test: 0.019748
Precision_test: 0.985294
Recall_test: 0.990148
F1_test: 0.987715
 

Arquitectura: _2_6_1_
Semilla: 1788084194
Segundos: 49
NIteraciones: 100000

Costo_train: 0.080890
Precision_train: 0.879093
Recall_train: 0.875784
F1_train: 0.877436

Costo_test: 0.077131
Precision_test: 0.879227
Recall_test: 0.896552
F1_test: 0.887805
 

Arquitectura: _2_6_1_
Semilla: 1788084194
Segundos: 49
NIteraciones: 100000

Costo_train: 0.080889
Precision_train: 0.879093
Recall_train: 0.875784
F1_train: 0.877436

Costo_test: 0.077131
Precision_test: 0.879227
Recall_test: 0.896552
F1_test: 0.887805
 

Arquitectura: _2_6_1_
Semilla: 1788084194
Segundos: 49
NIteraciones: 100000

Costo_train: 0.080886
Precision_train: 0.881163
Recall_train: 0.874529
F1_train: 0.877834

Costo_test: 0.077089
Precision_test: 0.879227
Recall_test: 0.896552
F1_test: 0.887805
 

Arquitectura: _2_6_1_
Semilla: 1788084194
Segundos: 49
NIteraciones: 100000

Costo_train: 0.080860
Precision_train: 0.879093
Recall_train: 0.875784
F1_train: 0.877436

Costo_test: 0.077104
Precision_test: 0.879227
Recall_test: 0.896552
F1_test: 0.887805
 

Arquitectura: _2_6_1_
Semilla: 1788084194
Segundos: 49
NIteraciones: 100000

Costo_train: 0.080867
Precision_train: 0.879093
Recall_train: 0.875784
F1_train: 0.877436

Costo_test: 0.077096
Precision_test: 0.879227
Recall_test: 0.896552
F1_test: 0.887805
 

Arquitectura: _2_6_1_
Semilla: 1788084194
Segundos: 49
NIteraciones: 100000

Costo_train: 0.002850
Precision_train: 0.997497
Recall_train: 1.000000
F1_train: 0.998747

Costo_test: 0.002835
Precision_test: 1.000000
Recall_test: 1.000000
F1_test: 1.000000
 

Arquitectura: _2_6_1_
Semilla: 1788084194
Segundos: 49
NIteraciones: 100000

Costo_train: 0.004112
Precision_train: 0.997497
Recall_train: 1.000000
F1_train: 0.998747

Costo_test: 0.004060
Precision_test: 1.000000
Recall_test: 0.995074
F1_test: 0.997531
 

Arquitectura: _2_6_1_
Semilla: 1788084194
Segundos: 49
NIteraciones: 100000

Costo_train: 0.002909
Precision_train: 0.997497
Recall_train: 1.000000
F1_train: 0.998747

Costo_test: 0.002815
Precision_test: 1.000000
Recall_test: 1.000000
F1_test: 1.000000
 

Arquitectura: _2_6_1_
Semilla: 1788084194
Segundos: 49
NIteraciones: 100000

Costo_train: 0.080947
Precision_train: 0.879245
Recall_train: 0.877039
F1_train: 0.878141

Costo_test: 0.077241
Precision_test: 0.875000
Recall_test: 0.896552
F1_test: 0.885645
 

Arquitectura: _2_6_1_
Semilla: 1788084194
Segundos: 49
NIteraciones: 100000

Costo_train: 0.006500
Precision_train: 0.997497
Recall_train: 1.000000
F1_train: 0.998747

Costo_test: 0.006594
Precision_test: 1.000000
Recall_test: 0.995074
F1_test: 0.997531
 

Arquitectura: _2_6_1_
Semilla: 1788084194
Segundos: 49
NIteraciones: 100000

Costo_train: 0.003309
Precision_train: 0.997497
Recall_train: 1.000000
F1_train: 0.998747

Costo_test: 0.003286
Precision_test: 1.000000
Recall_test: 1.000000
F1_test: 1.000000
 

Arquitectura: _2_6_1_
Semilla: 1788084194
Segundos: 49
NIteraciones: 100000

Costo_train: 0.080901
Precision_train: 0.879093
Recall_train: 0.875784
F1_train: 0.877436

Costo_test: 0.077136
Precision_test: 0.879227
Recall_test: 0.896552
F1_test: 0.887805
 

Arquitectura: _2_6_1_
Semilla: 1788084194
Segundos: 49
NIteraciones: 100000

Costo_train: 0.003704
Precision_train: 0.997497
Recall_train: 1.000000
F1_train: 0.998747

Costo_test: 0.003716
Precision_test: 1.000000
Recall_test: 1.000000
F1_test: 1.000000
 

Arquitectura: _2_6_1_
Semilla: 1788084194
Segundos: 49
NIteraciones: 100000

Costo_train: 0.080897
Precision_train: 0.879245
Recall_train: 0.877039
F1_train: 0.878141

Costo_test: 0.077166
Precision_test: 0.879227
Recall_test: 0.896552
F1_test: 0.887805
 

Arquitectura: _2_6_1_
Semilla: 1788084194
Segundos: 49
NIteraciones: 100000

Costo_train: 0.080899
Precision_train: 0.879245
Recall_train: 0.877039
F1_train: 0.878141

Costo_test: 0.077169
Precision_test: 0.879227
Recall_test: 0.896552
F1_test: 0.887805
 

Arquitectura: _2_6_1_
Semilla: 1788084194
Segundos: 49
NIteraciones: 100000

Costo_train: 0.003608
Precision_train: 0.997497
Recall_train: 1.000000
F1_train: 0.998747

Costo_test: 0.003626
Precision_test: 1.000000
Recall_test: 1.000000
F1_test: 1.000000
 

Arquitectura: _2_6_1_
Semilla: 1788084194
Segundos: 49
NIteraciones: 100000

Costo_train: 0.018052
Precision_train: 0.991228
Recall_train: 0.992472
F1_train: 0.991850

Costo_test: 0.017404
Precision_test: 0.990148
Recall_test: 0.990148
F1_test: 0.990148
 

Arquitectura: _2_6_1_
Semilla: 1788084194
Segundos: 49
NIteraciones: 100000

Costo_train: 0.002531
Precision_train: 0.997497
Recall_train: 1.000000
F1_train: 0.998747

Costo_test: 0.002473
Precision_test: 1.000000
Recall_test: 1.000000
F1_test: 1.000000
 

Arquitectura: _2_6_1_
Semilla: 1788084194
Segundos: 49
NIteraciones: 100000

Costo_train: 0.080901
Precision_train: 0.879245
Recall_train: 0.877039
F1_train: 0.878141

Costo_test: 0.077210
Precision_test: 0.875000
Recall_test: 0.896552
F1_test: 0.885645
 

Arquitectura: _2_6_1_
Semilla: 1788084194
Segundos: 49
NIteraciones: 100000

Costo_train: 0.081005
Precision_train: 0.879093
Recall_train: 0.875784
F1_train: 0.877436

Costo_test: 0.077229
Precision_test: 0.879227
Recall_test: 0.896552
F1_test: 0.887805
 

Arquitectura: _2_6_1_
Semilla: 1788084194
Segundos: 49
NIteraciones: 100000

Costo_train: 0.003661
Precision_train: 0.997497
Recall_train: 1.000000
F1_train: 0.998747

Costo_test: 0.003571
Precision_test: 1.000000
Recall_test: 1.000000
F1_test: 1.000000
 

Arquitectura: _2_6_1_
Semilla: 1788084194
Segundos: 49
NIteraciones: 100000

Costo_train: 0.002906
Precision_train: 0.997497
Recall_train: 1.000000
F1_train: 0.998747

Costo_test: 0.002859
Precision_test: 1.000000
Recall_test: 1.000000
F1_test: 1.000000
 

Arquitectura: _2_6_1_
Semilla: 1788084194
Segundos: 49
NIteraciones: 100000

Costo_train: 0.080871
Precision_train: 0.879245
Recall_train: 0.877039
F1_train: 0.878141

Costo_test: 0.077137
Precision_test: 0.879227
Recall_test: 0.896552
F1_test: 0.887805
 

Arquitectura: _2_6_1_
Semilla: 1788084194
Segundos: 49
NIteraciones: 100000

Costo_train: 0.080884
Precision_train: 0.879093
Recall_train: 0.875784
F1_train: 0.877436

Costo_test: 0.077109
Precision_test: 0.879227
Recall_test: 0.896552
F1_test: 0.887805
 

Arquitectura: _2_6_1_
Semilla: 1788084194
Segundos: 49
NIteraciones: 100000

Costo_train: 0.080933
Precision_train: 0.879245
Recall_train: 0.877039
F1_train: 0.878141

Costo_test: 0.077209
Precision_test: 0.879227
Recall_test: 0.896552
F1_test: 0.887805
 

Arquitectura: _2_6_1_
Semilla: 1788084194
Segundos: 49
NIteraciones: 100000

Costo_train: 0.080887
Precision_train: 0.879093
Recall_train: 0.875784
F1_train: 0.877436

Costo_test: 0.077156
Precision_test: 0.879227
Recall_test: 0.896552
F1_test: 0.887805
 

Arquitectura: _2_6_1_
Semilla: 1788084194
Segundos: 49
NIteraciones: 100000

Costo_train: 0.080856
Precision_train: 0.879245
Recall_train: 0.877039
F1_train: 0.878141

Costo_test: 0.077123
Precision_test: 0.879227
Recall_test: 0.896552
F1_test: 0.887805
 

Arquitectura: _2_6_1_
Semilla: 1788084194
Segundos: 49
NIteraciones: 100000

Costo_train: 0.011551
Precision_train: 0.993742
Recall_train: 0.996236
F1_train: 0.994987

Costo_test: 0.011386
Precision_test: 0.995049
Recall_test: 0.990148
F1_test: 0.992593
 


--- Test Profunda 2.0 ---
Iteración 10000
Costo: 0.082960
Iteración 20000
Costo: 0.082367
Iteración 30000
Costo: 0.082024
Iteración 40000
Costo: 0.081797
Iteración 50000
Costo: 0.081640
Iteración 60000
Costo: 0.081526
Iteración 70000
Costo: 0.081439
Iteración 80000
Costo: 0.081371
Iteración 90000
Costo: 0.081317

Arquitectura: _2_3_3_1_
Semilla: 1788084243
Segundos: 94
NIteraciones: 100000

Costo_train: 0.081271
Precision_train: 0.879245
Recall_train: 0.877039
F1_train: 0.878141

Costo_test: 0.077491
Precision_test: 0.879227
Recall_test: 0.896552
F1_test: 0.887805
 

Arquitectura: _2_3_3_1_
Semilla: 1788084243
Segundos: 94
NIteraciones: 100000

Costo_train: 0.001321
Precision_train: 0.998747
Recall_train: 1.000000
F1_train: 0.999373

Costo_test: 0.001287
Precision_test: 1.000000
Recall_test: 1.000000
F1_test: 1.000000
 

Arquitectura: _2_3_3_1_
Semilla: 1788084243
Segundos: 94
NIteraciones: 100000

Costo_train: 0.081347
Precision_train: 0.879397
Recall_train: 0.878294
F1_train: 0.878845

Costo_test: 0.077563
Precision_test: 0.875000
Recall_test: 0.896552
F1_test: 0.885645
 

Arquitectura: _2_3_3_1_
Semilla: 1788084243
Segundos: 94
NIteraciones: 100000

Costo_train: 0.081282
Precision_train: 0.879245
Recall_train: 0.877039
F1_train: 0.878141

Costo_test: 0.077500
Precision_test: 0.879227
Recall_test: 0.896552
F1_test: 0.887805
 

Arquitectura: _2_3_3_1_
Semilla: 1788084243
Segundos: 94
NIteraciones: 100000

Costo_train: 0.081380
Precision_train: 0.879093
Recall_train: 0.875784
F1_train: 0.877436

Costo_test: 0.077563
Precision_test: 0.879227
Recall_test: 0.896552
F1_test: 0.887805
 

Arquitectura: _2_3_3_1_
Semilla: 1788084243
Segundos: 94
NIteraciones: 100000

Costo_train: 0.002596
Precision_train: 0.997497
Recall_train: 1.000000
F1_train: 0.998747

Costo_test: 0.002767
Precision_test: 1.000000
Recall_test: 0.995074
F1_test: 0.997531
 

Arquitectura: _2_3_3_1_
Semilla: 1788084243
Segundos: 94
NIteraciones: 100000

Costo_train: 0.081303
Precision_train: 0.879245
Recall_train: 0.877039
F1_train: 0.878141

Costo_test: 0.077508
Precision_test: 0.879227
Recall_test: 0.896552
F1_test: 0.887805
 

Arquitectura: _2_3_3_1_
Semilla: 1788084243
Segundos: 94
NIteraciones: 100000

Costo_train: 0.081260
Precision_train: 0.879093
Recall_train: 0.875784
F1_train: 0.877436

Costo_test: 0.077446
Precision_test: 0.879227
Recall_test: 0.896552
F1_test: 0.887805
 

Arquitectura: _2_3_3_1_
Semilla: 1788084243
Segundos: 94
NIteraciones: 100000

Costo_train: 0.081037
Precision_train: 0.879245
Recall_train: 0.877039
F1_train: 0.878141

Costo_test: 0.077401
Precision_test: 0.875000
Recall_test: 0.896552
F1_test: 0.885645
 

Arquitectura: _2_3_3_1_
Semilla: 1788084243
Segundos: 94
NIteraciones: 100000

Costo_train: 0.081276
Precision_train: 0.879093
Recall_train: 0.875784
F1_train: 0.877436

Costo_test: 0.077447
Precision_test: 0.879227
Recall_test: 0.896552
F1_test: 0.887805
 

Arquitectura: _2_3_3_1_
Semilla: 1788084243
Segundos: 94
NIteraciones: 100000

Costo_train: 0.081413
Precision_train: 0.879093
Recall_train: 0.875784
F1_train: 0.877436

Costo_test: 0.077588
Precision_test: 0.879227
Recall_test: 0.896552
F1_test: 0.887805
 

Arquitectura: _2_3_3_1_
Semilla: 1788084243
Segundos: 94
NIteraciones: 100000

Costo_train: 0.001730
Precision_train: 0.997497
Recall_train: 1.000000
F1_train: 0.998747

Costo_test: 0.001945
Precision_test: 1.000000
Recall_test: 0.995074
F1_test: 0.997531
 

Arquitectura: _2_3_3_1_
Semilla: 1788084243
Segundos: 94
NIteraciones: 100000

Costo_train: 0.081360
Precision_train: 0.879093
Recall_train: 0.875784
F1_train: 0.877436

Costo_test: 0.077551
Precision_test: 0.879227
Recall_test: 0.896552
F1_test: 0.887805
 

Arquitectura: _2_3_3_1_
Semilla: 1788084243
Segundos: 94
NIteraciones: 100000

Costo_train: 0.081244
Precision_train: 0.879245
Recall_train: 0.877039
F1_train: 0.878141

Costo_test: 0.077443
Precision_test: 0.879227
Recall_test: 0.896552
F1_test: 0.887805
 

Arquitectura: _2_3_3_1_
Semilla: 1788084243
Segundos: 94
NIteraciones: 100000

Costo_train: 0.081139
Precision_train: 0.879245
Recall_train: 0.877039
F1_train: 0.878141

Costo_test: 0.077393
Precision_test: 0.879227
Recall_test: 0.896552
F1_test: 0.887805
 

Arquitectura: _2_3_3_1_
Semilla: 1788084243
Segundos: 94
NIteraciones: 100000

Costo_train: 0.081096
Precision_train: 0.879245
Recall_train: 0.877039
F1_train: 0.878141

Costo_test: 0.077415
Precision_test: 0.875000
Recall_test: 0.896552
F1_test: 0.885645
 

Arquitectura: _2_3_3_1_
Semilla: 1788084243
Segundos: 94
NIteraciones: 100000

Costo_train: 0.081248
Precision_train: 0.878941
Recall_train: 0.874529
F1_train: 0.876730

Costo_test: 0.077450
Precision_test: 0.879227
Recall_test: 0.896552
F1_test: 0.887805
 

Arquitectura: _2_3_3_1_
Semilla: 1788084243
Segundos: 94
NIteraciones: 100000

Costo_train: 0.081346
Precision_train: 0.879548
Recall_train: 0.879548
F1_train: 0.879548

Costo_test: 0.077582
Precision_test: 0.875598
Recall_test: 0.901478
F1_test: 0.888349
 

Arquitectura: _2_3_3_1_
Semilla: 1788084243
Segundos: 94
NIteraciones: 100000

Costo_train: 0.001733
Precision_train: 0.997497
Recall_train: 1.000000
F1_train: 0.998747

Costo_test: 0.001767
Precision_test: 1.000000
Recall_test: 1.000000
F1_test: 1.000000
 

Arquitectura: _2_3_3_1_
Semilla: 1788084243
Segundos: 94
NIteraciones: 100000

Costo_train: 0.081290
Precision_train: 0.879093
Recall_train: 0.875784
F1_train: 0.877436

Costo_test: 0.077492
Precision_test: 0.879227
Recall_test: 0.896552
F1_test: 0.887805
 

Arquitectura: _2_3_3_1_
Semilla: 1788084243
Segundos: 94
NIteraciones: 100000

Costo_train: 0.081319
Precision_train: 0.879093
Recall_train: 0.875784
F1_train: 0.877436

Costo_test: 0.077508
Precision_test: 0.879227
Recall_test: 0.896552
F1_test: 0.887805
 

Arquitectura: _2_3_3_1_
Semilla: 1788084243
Segundos: 94
NIteraciones: 100000

Costo_train: 0.081231
Precision_train: 0.879245
Recall_train: 0.877039
F1_train: 0.878141

Costo_test: 0.077461
Precision_test: 0.879227
Recall_test: 0.896552
F1_test: 0.887805
 

Arquitectura: _2_3_3_1_
Semilla: 1788084243
Segundos: 94
NIteraciones: 100000

Costo_train: 0.081352
Precision_train: 0.880202
Recall_train: 0.875784
F1_train: 0.877987

Costo_test: 0.077503
Precision_test: 0.879227
Recall_test: 0.896552
F1_test: 0.887805
 

Arquitectura: _2_3_3_1_
Semilla: 1788084243
Segundos: 94
NIteraciones: 100000

Costo_train: 0.081263
Precision_train: 0.879245
Recall_train: 0.877039
F1_train: 0.878141

Costo_test: 0.077482
Precision_test: 0.879227
Recall_test: 0.896552
F1_test: 0.887805
 

Arquitectura: _2_3_3_1_
Semilla: 1788084243
Segundos: 94
NIteraciones: 100000

Costo_train: 0.003065
Precision_train: 0.997497
Recall_train: 1.000000
F1_train: 0.998747

Costo_test: 0.003363
Precision_test: 1.000000
Recall_test: 0.995074
F1_test: 0.997531
 

Arquitectura: _2_3_3_1_
Semilla: 1788084243
Segundos: 94
NIteraciones: 100000

Costo_train: 0.081279
Precision_train: 0.879245
Recall_train: 0.877039
F1_train: 0.878141

Costo_test: 0.077485
Precision_test: 0.879227
Recall_test: 0.896552
F1_test: 0.887805
 

Arquitectura: _2_3_3_1_
Semilla: 1788084243
Segundos: 94
NIteraciones: 100000

Costo_train: 0.081281
Precision_train: 0.879093
Recall_train: 0.875784
F1_train: 0.877436

Costo_test: 0.077455
Precision_test: 0.879227
Recall_test: 0.896552
F1_test: 0.887805
 

Arquitectura: _2_3_3_1_
Semilla: 1788084243
Segundos: 94
NIteraciones: 100000

Costo_train: 0.081285
Precision_train: 0.879245
Recall_train: 0.877039
F1_train: 0.878141

Costo_test: 0.077505
Precision_test: 0.879227
Recall_test: 0.896552
F1_test: 0.887805
 

Arquitectura: _2_3_3_1_
Semilla: 1788084243
Segundos: 94
NIteraciones: 100000

Costo_train: 0.081210
Precision_train: 0.879245
Recall_train: 0.877039
F1_train: 0.878141

Costo_test: 0.077458
Precision_test: 0.879227
Recall_test: 0.896552
F1_test: 0.887805
 

Arquitectura: _2_3_3_1_
Semilla: 1788084243
Segundos: 94
NIteraciones: 100000

Costo_train: 0.081296
Precision_train: 0.879245
Recall_train: 0.877039
F1_train: 0.878141

Costo_test: 0.077508
Precision_test: 0.879227
Recall_test: 0.896552
F1_test: 0.887805
 

Arquitectura: _2_3_3_1_
Semilla: 1788084243
Segundos: 94
NIteraciones: 100000

Costo_train: 0.003361
Precision_train: 0.997497
Recall_train: 1.000000
F1_train: 0.998747

Costo_test: 0.002993
Precision_test: 1.000000
Recall_test: 1.000000
F1_test: 1.000000
 

Arquitectura: _2_3_3_1_
Semilla: 1788084243
Segundos: 94
NIteraciones: 100000

Costo_train: 0.081281
Precision_train: 0.879245
Recall_train: 0.877039
F1_train: 0.878141

Costo_test: 0.077486
Precision_test: 0.879227
Recall_test: 0.896552
F1_test: 0.887805
 

Arquitectura: _2_3_3_1_
Semilla: 1788084243
Segundos: 94
NIteraciones: 100000

Costo_train: 0.081270
Precision_train: 0.881163
Recall_train: 0.874529
F1_train: 0.877834

Costo_test: 0.077415
Precision_test: 0.879227
Recall_test: 0.896552
F1_test: 0.887805
 

Arquitectura: _2_3_3_1_
Semilla: 1788084243
Segundos: 94
NIteraciones: 100000

Costo_train: 0.001388
Precision_train: 0.998747
Recall_train: 1.000000
F1_train: 0.999373

Costo_test: 0.001408
Precision_test: 1.000000
Recall_test: 1.000000
F1_test: 1.000000
 

Arquitectura: _2_3_3_1_
Semilla: 1788084243
Segundos: 94
NIteraciones: 100000

Costo_train: 0.081251
Precision_train: 0.879093
Recall_train: 0.875784
F1_train: 0.877436

Costo_test: 0.077441
Precision_test: 0.879227
Recall_test: 0.896552
F1_test: 0.887805
 

Arquitectura: _2_3_3_1_
Semilla: 1788084243
Segundos: 94
NIteraciones: 100000

Costo_train: 0.081249
Precision_train: 0.881163
Recall_train: 0.874529
F1_train: 0.877834

Costo_test: 0.077412
Precision_test: 0.879227
Recall_test: 0.896552
F1_test: 0.887805
 

Arquitectura: _2_3_3_1_
Semilla: 1788084243
Segundos: 94
NIteraciones: 100000

Costo_train: 0.081263
Precision_train: 0.879245
Recall_train: 0.877039
F1_train: 0.878141

Costo_test: 0.077485
Precision_test: 0.879227
Recall_test: 0.896552
F1_test: 0.887805
 

Arquitectura: _2_3_3_1_
Semilla: 1788084243
Segundos: 94
NIteraciones: 100000

Costo_train: 0.081359
Precision_train: 0.881163
Recall_train: 0.874529
F1_train: 0.877834

Costo_test: 0.077488
Precision_test: 0.879227
Recall_test: 0.896552
F1_test: 0.887805
 

Arquitectura: _2_3_3_1_
Semilla: 1788084243
Segundos: 94
NIteraciones: 100000

Costo_train: 0.081264
Precision_train: 0.879093
Recall_train: 0.875784
F1_train: 0.877436

Costo_test: 0.077456
Precision_test: 0.879227
Recall_test: 0.896552
F1_test: 0.887805
 

Arquitectura: _2_3_3_1_
Semilla: 1788084243
Segundos: 94
NIteraciones: 100000

Costo_train: 0.081312
Precision_train: 0.879093
Recall_train: 0.875784
F1_train: 0.877436

Costo_test: 0.077504
Precision_test: 0.879227
Recall_test: 0.896552
F1_test: 0.887805
 

Arquitectura: _2_3_3_1_
Semilla: 1788084243
Segundos: 94
NIteraciones: 100000

Costo_train: 0.081348
Precision_train: 0.879245
Recall_train: 0.877039
F1_train: 0.878141

Costo_test: 0.077545
Precision_test: 0.879227
Recall_test: 0.896552
F1_test: 0.887805
 

Arquitectura: _2_3_3_1_
Semilla: 1788084243
Segundos: 94
NIteraciones: 100000

Costo_train: 0.081257
Precision_train: 0.879245
Recall_train: 0.877039
F1_train: 0.878141

Costo_test: 0.077466
Precision_test: 0.879227
Recall_test: 0.896552
F1_test: 0.887805
 

Arquitectura: _2_3_3_1_
Semilla: 1788084243
Segundos: 94
NIteraciones: 100000

Costo_train: 0.081279
Precision_train: 0.879093
Recall_train: 0.875784
F1_train: 0.877436

Costo_test: 0.077447
Precision_test: 0.879227
Recall_test: 0.896552
F1_test: 0.887805
 

Arquitectura: _2_3_3_1_
Semilla: 1788084243
Segundos: 94
NIteraciones: 100000

Costo_train: 0.081264
Precision_train: 0.881163
Recall_train: 0.874529
F1_train: 0.877834

Costo_test: 0.077404
Precision_test: 0.879227
Recall_test: 0.896552
F1_test: 0.887805
 

Arquitectura: _2_3_3_1_
Semilla: 1788084243
Segundos: 94
NIteraciones: 100000

Costo_train: 0.001517
Precision_train: 0.998747
Recall_train: 1.000000
F1_train: 0.999373

Costo_test: 0.001567
Precision_test: 1.000000
Recall_test: 1.000000
F1_test: 1.000000
 

Arquitectura: _2_3_3_1_
Semilla: 1788084243
Segundos: 94
NIteraciones: 100000

Costo_train: 0.081367
Precision_train: 0.879093
Recall_train: 0.875784
F1_train: 0.877436

Costo_test: 0.077584
Precision_test: 0.879227
Recall_test: 0.896552
F1_test: 0.887805
 

Arquitectura: _2_3_3_1_
Semilla: 1788084243
Segundos: 94
NIteraciones: 100000

Costo_train: 0.081378
Precision_train: 0.879093
Recall_train: 0.875784
F1_train: 0.877436

Costo_test: 0.077541
Precision_test: 0.879227
Recall_test: 0.896552
F1_test: 0.887805
 

Arquitectura: _2_3_3_1_
Semilla: 1788084243
Segundos: 94
NIteraciones: 100000

Costo_train: 0.081241
Precision_train: 0.879245
Recall_train: 0.877039
F1_train: 0.878141

Costo_test: 0.077465
Precision_test: 0.879227
Recall_test: 0.896552
F1_test: 0.887805
 

Arquitectura: _2_3_3_1_
Semilla: 1788084243
Segundos: 94
NIteraciones: 100000

Costo_train: 0.081502
Precision_train: 0.881313
Recall_train: 0.875784
F1_train: 0.878540

Costo_test: 0.077620
Precision_test: 0.879227
Recall_test: 0.896552
F1_test: 0.887805
 

Arquitectura: _2_3_3_1_
Semilla: 1788084243
Segundos: 94
NIteraciones: 100000

Costo_train: 0.081219
Precision_train: 0.879245
Recall_train: 0.877039
F1_train: 0.878141

Costo_test: 0.077445
Precision_test: 0.879227
Recall_test: 0.896552
F1_test: 0.887805
 

Arquitectura: _2_3_3_1_
Semilla: 1788084243
Segundos: 94
NIteraciones: 100000

Costo_train: 0.081300
Precision_train: 0.879093
Recall_train: 0.875784
F1_train: 0.877436

Costo_test: 0.077468
Precision_test: 0.879227
Recall_test: 0.896552
F1_test: 0.887805
 

Arquitectura: _2_3_3_1_
Semilla: 1788084243
Segundos: 94
NIteraciones: 100000

Costo_train: 0.002407
Precision_train: 0.997497
Recall_train: 1.000000
F1_train: 0.998747

Costo_test: 0.002535
Precision_test: 1.000000
Recall_test: 0.995074
F1_test: 0.997531
 

Arquitectura: _2_3_3_1_
Semilla: 1788084243
Segundos: 94
NIteraciones: 100000

Costo_train: 0.081449
Precision_train: 0.882129
Recall_train: 0.873275
F1_train: 0.877680

Costo_test: 0.077529
Precision_test: 0.879227
Recall_test: 0.896552
F1_test: 0.887805
 

Arquitectura: _2_3_3_1_
Semilla: 1788084243
Segundos: 94
NIteraciones: 100000

Costo_train: 0.081260
Precision_train: 0.879093
Recall_train: 0.875784
F1_train: 0.877436

Costo_test: 0.077426
Precision_test: 0.879227
Recall_test: 0.896552
F1_test: 0.887805
 

Arquitectura: _2_3_3_1_
Semilla: 1788084243
Segundos: 94
NIteraciones: 100000

Costo_train: 0.001543
Precision_train: 0.998747
Recall_train: 1.000000
F1_train: 0.999373

Costo_test: 0.001563
Precision_test: 1.000000
Recall_test: 1.000000
F1_test: 1.000000
 

Arquitectura: _2_3_3_1_
Semilla: 1788084243
Segundos: 94
NIteraciones: 100000

Costo_train: 0.002762
Precision_train: 0.997497
Recall_train: 1.000000
F1_train: 0.998747

Costo_test: 0.002856
Precision_test: 1.000000
Recall_test: 0.995074
F1_test: 0.997531
 

Arquitectura: _2_3_3_1_
Semilla: 1788084243
Segundos: 94
NIteraciones: 100000

Costo_train: 0.002891
Precision_train: 0.997497
Recall_train: 1.000000
F1_train: 0.998747

Costo_test: 0.003053
Precision_test: 1.000000
Recall_test: 0.995074
F1_test: 0.997531
 

Arquitectura: _2_3_3_1_
Semilla: 1788084243
Segundos: 94
NIteraciones: 100000

Costo_train: 0.002326
Precision_train: 0.997497
Recall_train: 1.000000
F1_train: 0.998747

Costo_test: 0.002503
Precision_test: 1.000000
Recall_test: 0.995074
F1_test: 0.997531
 

Arquitectura: _2_3_3_1_
Semilla: 1788084243
Segundos: 94
NIteraciones: 100000

Costo_train: 0.081280
Precision_train: 0.881163
Recall_train: 0.874529
F1_train: 0.877834

Costo_test: 0.077419
Precision_test: 0.879227
Recall_test: 0.896552
F1_test: 0.887805
 

Arquitectura: _2_3_3_1_
Semilla: 1788084243
Segundos: 94
NIteraciones: 100000

Costo_train: 0.081251
Precision_train: 0.879093
Recall_train: 0.875784
F1_train: 0.877436

Costo_test: 0.077412
Precision_test: 0.879227
Recall_test: 0.896552
F1_test: 0.887805
 

Arquitectura: _2_3_3_1_
Semilla: 1788084243
Segundos: 94
NIteraciones: 100000

Costo_train: 0.081354
Precision_train: 0.879245
Recall_train: 0.877039
F1_train: 0.878141

Costo_test: 0.077554
Precision_test: 0.879227
Recall_test: 0.896552
F1_test: 0.887805
 

Arquitectura: _2_3_3_1_
Semilla: 1788084243
Segundos: 94
NIteraciones: 100000

Costo_train: 0.081264
Precision_train: 0.879093
Recall_train: 0.875784
F1_train: 0.877436

Costo_test: 0.077454
Precision_test: 0.879227
Recall_test: 0.896552
F1_test: 0.887805
 

Arquitectura: _2_3_3_1_
Semilla: 1788084243
Segundos: 94
NIteraciones: 100000

Costo_train: 0.081297
Precision_train: 0.879245
Recall_train: 0.877039
F1_train: 0.878141

Costo_test: 0.077502
Precision_test: 0.879227
Recall_test: 0.896552
F1_test: 0.887805
 

Arquitectura: _2_3_3_1_
Semilla: 1788084243
Segundos: 94
NIteraciones: 100000

Costo_train: 0.001734
Precision_train: 0.997497
Recall_train: 1.000000
F1_train: 0.998747

Costo_test: 0.001840
Precision_test: 1.000000
Recall_test: 1.000000
F1_test: 1.000000
 

Arquitectura: _2_3_3_1_
Semilla: 1788084243
Segundos: 94
NIteraciones: 100000

Costo_train: 0.081235
Precision_train: 0.881163
Recall_train: 0.874529
F1_train: 0.877834

Costo_test: 0.077394
Precision_test: 0.879227
Recall_test: 0.896552
F1_test: 0.887805
 

Arquitectura: _2_3_3_1_
Semilla: 1788084243
Segundos: 94
NIteraciones: 100000

Costo_train: 0.081215
Precision_train: 0.879245
Recall_train: 0.877039
F1_train: 0.878141

Costo_test: 0.077442
Precision_test: 0.879227
Recall_test: 0.896552
F1_test: 0.887805
 

Arquitectura: _2_3_3_1_
Semilla: 1788084243
Segundos: 94
NIteraciones: 100000

Costo_train: 0.081279
Precision_train: 0.879093
Recall_train: 0.875784
F1_train: 0.877436

Costo_test: 0.077501
Precision_test: 0.879227
Recall_test: 0.896552
F1_test: 0.887805
 

Arquitectura: _2_3_3_1_
Semilla: 1788084243
Segundos: 94
NIteraciones: 100000

Costo_train: 0.002101
Precision_train: 0.997497
Recall_train: 1.000000
F1_train: 0.998747

Costo_test: 0.002212
Precision_test: 1.000000
Recall_test: 0.995074
F1_test: 0.997531
 

Arquitectura: _2_3_3_1_
Semilla: 1788084243
Segundos: 94
NIteraciones: 100000

Costo_train: 0.081481
Precision_train: 0.879245
Recall_train: 0.877039
F1_train: 0.878141

Costo_test: 0.077684
Precision_test: 0.879227
Recall_test: 0.896552
F1_test: 0.887805
 

Arquitectura: _2_3_3_1_
Semilla: 1788084243
Segundos: 94
NIteraciones: 100000

Costo_train: 0.001337
Precision_train: 0.998747
Recall_train: 1.000000
F1_train: 0.999373

Costo_test: 0.001323
Precision_test: 1.000000
Recall_test: 1.000000
F1_test: 1.000000
 

Arquitectura: _2_3_3_1_
Semilla: 1788084243
Segundos: 94
NIteraciones: 100000

Costo_train: 0.081326
Precision_train: 0.879245
Recall_train: 0.877039
F1_train: 0.878141

Costo_test: 0.077526
Precision_test: 0.879227
Recall_test: 0.896552
F1_test: 0.887805
 

Arquitectura: _2_3_3_1_
Semilla: 1788084243
Segundos: 94
NIteraciones: 100000

Costo_train: 0.081343
Precision_train: 0.880202
Recall_train: 0.875784
F1_train: 0.877987

Costo_test: 0.077490
Precision_test: 0.879227
Recall_test: 0.896552
F1_test: 0.887805
 

Arquitectura: _2_3_3_1_
Semilla: 1788084243
Segundos: 94
NIteraciones: 100000

Costo_train: 0.081268
Precision_train: 0.879245
Recall_train: 0.877039
F1_train: 0.878141

Costo_test: 0.077474
Precision_test: 0.879227
Recall_test: 0.896552
F1_test: 0.887805
 

Arquitectura: _2_3_3_1_
Semilla: 1788084243
Segundos: 94
NIteraciones: 100000

Costo_train: 0.081292
Precision_train: 0.881163
Recall_train: 0.874529
F1_train: 0.877834

Costo_test: 0.077464
Precision_test: 0.879227
Recall_test: 0.896552
F1_test: 0.887805
 

Arquitectura: _2_3_3_1_
Semilla: 1788084243
Segundos: 94
NIteraciones: 100000

Costo_train: 0.081291
Precision_train: 0.879245
Recall_train: 0.877039
F1_train: 0.878141

Costo_test: 0.077522
Precision_test: 0.879227
Recall_test: 0.896552
F1_test: 0.887805
 

Arquitectura: _2_3_3_1_
Semilla: 1788084243
Segundos: 94
NIteraciones: 100000

Costo_train: 0.081261
Precision_train: 0.879093
Recall_train: 0.875784
F1_train: 0.877436

Costo_test: 0.077443
Precision_test: 0.879227
Recall_test: 0.896552
F1_test: 0.887805
 

Arquitectura: _2_3_3_1_
Semilla: 1788084243
Segundos: 94
NIteraciones: 100000

Costo_train: 0.002072
Precision_train: 0.997497
Recall_train: 1.000000
F1_train: 0.998747

Costo_test: 0.002157
Precision_test: 1.000000
Recall_test: 0.995074
F1_test: 0.997531
 

Arquitectura: _2_3_3_1_
Semilla: 1788084243
Segundos: 94
NIteraciones: 100000

Costo_train: 0.081254
Precision_train: 0.879093
Recall_train: 0.875784
F1_train: 0.877436

Costo_test: 0.077453
Precision_test: 0.879227
Recall_test: 0.896552
F1_test: 0.887805
 

Arquitectura: _2_3_3_1_
Semilla: 1788084243
Segundos: 94
NIteraciones: 100000

Costo_train: 0.001525
Precision_train: 0.998747
Recall_train: 1.000000
F1_train: 0.999373

Costo_test: 0.001585
Precision_test: 1.000000
Recall_test: 1.000000
F1_test: 1.000000
 

Arquitectura: _2_3_3_1_
Semilla: 1788084243
Segundos: 94
NIteraciones: 100000

Costo_train: 0.081408
Precision_train: 0.879245
Recall_train: 0.877039
F1_train: 0.878141

Costo_test: 0.077624
Precision_test: 0.879227
Recall_test: 0.896552
F1_test: 0.887805
 

Arquitectura: _2_3_3_1_
Semilla: 1788084243
Segundos: 94
NIteraciones: 100000

Costo_train: 0.081381
Precision_train: 0.879397
Recall_train: 0.878294
F1_train: 0.878845

Costo_test: 0.077591
Precision_test: 0.879227
Recall_test: 0.896552
F1_test: 0.887805
 

Arquitectura: _2_3_3_1_
Semilla: 1788084243
Segundos: 94
NIteraciones: 100000

Costo_train: 0.081158
Precision_train: 0.879245
Recall_train: 0.877039
F1_train: 0.878141

Costo_test: 0.077427
Precision_test: 0.879227
Recall_test: 0.896552
F1_test: 0.887805
 

Arquitectura: _2_3_3_1_
Semilla: 1788084243
Segundos: 94
NIteraciones: 100000

Costo_train: 0.081319
Precision_train: 0.881163
Recall_train: 0.874529
F1_train: 0.877834

Costo_test: 0.077454
Precision_test: 0.879227
Recall_test: 0.896552
F1_test: 0.887805
 

Arquitectura: _2_3_3_1_
Semilla: 1788084243
Segundos: 94
NIteraciones: 100000

Costo_train: 0.001536
Precision_train: 0.998747
Recall_train: 1.000000
F1_train: 0.999373

Costo_test: 0.001588
Precision_test: 1.000000
Recall_test: 1.000000
F1_test: 1.000000
 

Arquitectura: _2_3_3_1_
Semilla: 1788084243
Segundos: 94
NIteraciones: 100000

Costo_train: 0.001311
Precision_train: 0.998747
Recall_train: 1.000000
F1_train: 0.999373

Costo_test: 0.001293
Precision_test: 1.000000
Recall_test: 1.000000
F1_test: 1.000000
 

Arquitectura: _2_3_3_1_
Semilla: 1788084243
Segundos: 94
NIteraciones: 100000

Costo_train: 0.081261
Precision_train: 0.879245
Recall_train: 0.877039
F1_train: 0.878141

Costo_test: 0.077481
Precision_test: 0.879227
Recall_test: 0.896552
F1_test: 0.887805
 

Arquitectura: _2_3_3_1_
Semilla: 1788084243
Segundos: 94
NIteraciones: 100000

Costo_train: 0.001734
Precision_train: 0.997497
Recall_train: 1.000000
F1_train: 0.998747

Costo_test: 0.001766
Precision_test: 1.000000
Recall_test: 1.000000
F1_test: 1.000000
 

Arquitectura: _2_3_3_1_
Semilla: 1788084243
Segundos: 94
NIteraciones: 100000

Costo_train: 0.081183
Precision_train: 0.879245
Recall_train: 0.877039
F1_train: 0.878141

Costo_test: 0.077467
Precision_test: 0.875000
Recall_test: 0.896552
F1_test: 0.885645
 

Arquitectura: _2_3_3_1_
Semilla: 1788084243
Segundos: 94
NIteraciones: 100000

Costo_train: 0.081294
Precision_train: 0.879093
Recall_train: 0.875784
F1_train: 0.877436

Costo_test: 0.077450
Precision_test: 0.879227
Recall_test: 0.896552
F1_test: 0.887805
 

Arquitectura: _2_3_3_1_
Semilla: 1788084243
Segundos: 94
NIteraciones: 100000

Costo_train: 0.081238
Precision_train: 0.879093
Recall_train: 0.875784
F1_train: 0.877436

Costo_test: 0.077418
Precision_test: 0.879227
Recall_test: 0.896552
F1_test: 0.887805
 

Arquitectura: _2_3_3_1_
Semilla: 1788084243
Segundos: 94
NIteraciones: 100000

Costo_train: 0.081316
Precision_train: 0.879093
Recall_train: 0.875784
F1_train: 0.877436

Costo_test: 0.077502
Precision_test: 0.879227
Recall_test: 0.896552
F1_test: 0.887805
 

Arquitectura: _2_3_3_1_
Semilla: 1788084243
Segundos: 94
NIteraciones: 100000

Costo_train: 0.081540
Precision_train: 0.880202
Recall_train: 0.875784
F1_train: 0.877987

Costo_test: 0.077673
Precision_test: 0.879227
Recall_test: 0.896552
F1_test: 0.887805
 

Arquitectura: _2_3_3_1_
Semilla: 1788084243
Segundos: 94
NIteraciones: 100000

Costo_train: 0.001485
Precision_train: 0.998747
Recall_train: 1.000000
F1_train: 0.999373

Costo_test: 0.001513
Precision_test: 1.000000
Recall_test: 1.000000
F1_test: 1.000000
 

Arquitectura: _2_3_3_1_
Semilla: 1788084243
Segundos: 94
NIteraciones: 100000

Costo_train: 0.081323
Precision_train: 0.879093
Recall_train: 0.875784
F1_train: 0.877436

Costo_test: 0.077513
Precision_test: 0.879227
Recall_test: 0.896552
F1_test: 0.887805
 

Arquitectura: _2_3_3_1_
Semilla: 1788084243
Segundos: 94
NIteraciones: 100000

Costo_train: 0.001378
Precision_train: 0.998747
Recall_train: 1.000000
F1_train: 0.999373

Costo_test: 0.001382
Precision_test: 1.000000
Recall_test: 1.000000
F1_test: 1.000000
 

Arquitectura: _2_3_3_1_
Semilla: 1788084243
Segundos: 94
NIteraciones: 100000

Costo_train: 0.002053
Precision_train: 0.997497
Recall_train: 1.000000
F1_train: 0.998747

Costo_test: 0.002139
Precision_test: 1.000000
Recall_test: 0.995074
F1_test: 0.997531
 

Arquitectura: _2_3_3_1_
Semilla: 1788084243
Segundos: 94
NIteraciones: 100000

Costo_train: 0.081332
Precision_train: 0.879245
Recall_train: 0.877039
F1_train: 0.878141

Costo_test: 0.077529
Precision_test: 0.879227
Recall_test: 0.896552
F1_test: 0.887805
 

Arquitectura: _2_3_3_1_
Semilla: 1788084243
Segundos: 94
NIteraciones: 100000

Costo_train: 0.001443
Precision_train: 0.998747
Recall_train: 1.000000
F1_train: 0.999373

Costo_test: 0.001448
Precision_test: 1.000000
Recall_test: 1.000000
F1_test: 1.000000
 

Arquitectura: _2_3_3_1_
Semilla: 1788084243
Segundos: 94
NIteraciones: 100000

Costo_train: 0.081263
Precision_train: 0.878941
Recall_train: 0.874529
F1_train: 0.876730

Costo_test: 0.077422
Precision_test: 0.879227
Recall_test: 0.896552
F1_test: 0.887805
 

Arquitectura: _2_3_3_1_
Semilla: 1788084243
Segundos: 94
NIteraciones: 100000

Costo_train: 0.081287
Precision_train: 0.881163
Recall_train: 0.874529
F1_train: 0.877834

Costo_test: 0.077434
Precision_test: 0.879227
Recall_test: 0.896552
F1_test: 0.887805
 


--- Test Angosta 3.0 ---
Iteración 10000
Costo: 0.081090
Iteración 20000
Costo: 0.081022
Iteración 30000
Costo: 0.080974
Iteración 40000
Costo: 0.080939
Iteración 50000
Costo: 0.080910
Iteración 60000
Costo: 0.080887
Iteración 70000
Costo: 0.080867
Iteración 80000
Costo: 0.080850
Iteración 90000
Costo: 0.080836

Arquitectura: _2_9_1_
Semilla: 1788084337
Segundos: 52
NIteraciones: 100000

Costo_train: 0.080823
Precision_train: 0.879245
Recall_train: 0.877039
F1_train: 0.878141

Costo_test: 0.077090
Precision_test: 0.879227
Recall_test: 0.896552
F1_test: 0.887805
 

Arquitectura: _2_9_1_
Semilla: 1788084337
Segundos: 52
NIteraciones: 100000

Costo_train: 0.007415
Precision_train: 0.997497
Recall_train: 1.000000
F1_train: 0.998747

Costo_test: 0.007345
Precision_test: 0.995074
Recall_test: 0.995074
F1_test: 0.995074
 

Arquitectura: _2_9_1_
Semilla: 1788084337
Segundos: 52
NIteraciones: 100000

Costo_train: 0.005077
Precision_train: 0.997497
Recall_train: 1.000000
F1_train: 0.998747

Costo_test: 0.004978
Precision_test: 1.000000
Recall_test: 0.995074
F1_test: 0.997531
 

Arquitectura: _2_9_1_
Semilla: 1788084337
Segundos: 52
NIteraciones: 100000

Costo_train: 0.006285
Precision_train: 0.997497
Recall_train: 1.000000
F1_train: 0.998747

Costo_test: 0.006179
Precision_test: 0.995074
Recall_test: 0.995074
F1_test: 0.995074
 

Arquitectura: _2_9_1_
Semilla: 1788084337
Segundos: 52
NIteraciones: 100000

Costo_train: 0.005594
Precision_train: 0.997497
Recall_train: 1.000000
F1_train: 0.998747

Costo_test: 0.005466
Precision_test: 1.000000
Recall_test: 0.995074
F1_test: 0.997531
 

Arquitectura: _2_9_1_
Semilla: 1788084337
Segundos: 52
NIteraciones: 100000

Costo_train: 0.006454
Precision_train: 0.997497
Recall_train: 1.000000
F1_train: 0.998747

Costo_test: 0.006317
Precision_test: 0.995074
Recall_test: 0.995074
F1_test: 0.995074
 

Arquitectura: _2_9_1_
Semilla: 1788084337
Segundos: 52
NIteraciones: 100000

Costo_train: 0.004818
Precision_train: 0.997497
Recall_train: 1.000000
F1_train: 0.998747

Costo_test: 0.004765
Precision_test: 1.000000
Recall_test: 0.995074
F1_test: 0.997531
 

Arquitectura: _2_9_1_
Semilla: 1788084337
Segundos: 52
NIteraciones: 100000

Costo_train: 0.080818
Precision_train: 0.879245
Recall_train: 0.877039
F1_train: 0.878141

Costo_test: 0.077095
Precision_test: 0.879227
Recall_test: 0.896552
F1_test: 0.887805
 

Arquitectura: _2_9_1_
Semilla: 1788084337
Segundos: 52
NIteraciones: 100000

Costo_train: 0.080816
Precision_train: 0.879245
Recall_train: 0.877039
F1_train: 0.878141

Costo_test: 0.077087
Precision_test: 0.879227
Recall_test: 0.896552
F1_test: 0.887805
 

Arquitectura: _2_9_1_
Semilla: 1788084337
Segundos: 52
NIteraciones: 100000

Costo_train: 0.080833
Precision_train: 0.879093
Recall_train: 0.875784
F1_train: 0.877436

Costo_test: 0.077084
Precision_test: 0.879227
Recall_test: 0.896552
F1_test: 0.887805
 

Arquitectura: _2_9_1_
Semilla: 1788084337
Segundos: 52
NIteraciones: 100000

Costo_train: 0.080813
Precision_train: 0.879245
Recall_train: 0.877039
F1_train: 0.878141

Costo_test: 0.077080
Precision_test: 0.879227
Recall_test: 0.896552
F1_test: 0.887805
 

Arquitectura: _2_9_1_
Semilla: 1788084337
Segundos: 52
NIteraciones: 100000

Costo_train: 0.006896
Precision_train: 0.997497
Recall_train: 1.000000
F1_train: 0.998747

Costo_test: 0.006821
Precision_test: 0.995074
Recall_test: 0.995074
F1_test: 0.995074
 

Arquitectura: _2_9_1_
Semilla: 1788084337
Segundos: 52
NIteraciones: 100000

Costo_train: 0.005367
Precision_train: 0.997497
Recall_train: 1.000000
F1_train: 0.998747

Costo_test: 0.005233
Precision_test: 1.000000
Recall_test: 0.995074
F1_test: 0.997531
 

Arquitectura: _2_9_1_
Semilla: 1788084337
Segundos: 52
NIteraciones: 100000

Costo_train: 0.005955
Precision_train: 0.997497
Recall_train: 1.000000
F1_train: 0.998747

Costo_test: 0.005809
Precision_test: 1.000000
Recall_test: 0.995074
F1_test: 0.997531
 

Arquitectura: _2_9_1_
Semilla: 1788084337
Segundos: 52
NIteraciones: 100000

Costo_train: 0.020519
Precision_train: 0.991162
Recall_train: 0.984944
F1_train: 0.988043

Costo_test: 0.019373
Precision_test: 0.985294
Recall_test: 0.990148
F1_test: 0.987715
 

Arquitectura: _2_9_1_
Semilla: 1788084337
Segundos: 52
NIteraciones: 100000

Costo_train: 0.005911
Precision_train: 0.997497
Recall_train: 1.000000
F1_train: 0.998747

Costo_test: 0.005695
Precision_test: 1.000000
Recall_test: 0.995074
F1_test: 0.997531
 

Arquitectura: _2_9_1_
Semilla: 1788084337
Segundos: 52
NIteraciones: 100000

Costo_train: 0.005699
Precision_train: 0.997497
Recall_train: 1.000000
F1_train: 0.998747

Costo_test: 0.005627
Precision_test: 0.995074
Recall_test: 0.995074
F1_test: 0.995074
 

Arquitectura: _2_9_1_
Semilla: 1788084337
Segundos: 52
NIteraciones: 100000

Costo_train: 0.005169
Precision_train: 0.997497
Recall_train: 1.000000
F1_train: 0.998747

Costo_test: 0.005144
Precision_test: 1.000000
Recall_test: 0.995074
F1_test: 0.997531
 

Arquitectura: _2_9_1_
Semilla: 1788084337
Segundos: 52
NIteraciones: 100000

Costo_train: 0.004227
Precision_train: 0.997497
Recall_train: 1.000000
F1_train: 0.998747

Costo_test: 0.004202
Precision_test: 1.000000
Recall_test: 0.995074
F1_test: 0.997531
 

Arquitectura: _2_9_1_
Semilla: 1788084337
Segundos: 52
NIteraciones: 100000

Costo_train: 0.002742
Precision_train: 0.997497
Recall_train: 1.000000
F1_train: 0.998747

Costo_test: 0.002811
Precision_test: 1.000000
Recall_test: 0.995074
F1_test: 0.997531
 

Arquitectura: _2_9_1_
Semilla: 1788084337
Segundos: 52
NIteraciones: 100000

Costo_train: 0.004899
Precision_train: 0.997497
Recall_train: 1.000000
F1_train: 0.998747

Costo_test: 0.004901
Precision_test: 1.000000
Recall_test: 0.995074
F1_test: 0.997531
 

Arquitectura: _2_9_1_
Semilla: 1788084337
Segundos: 52
NIteraciones: 100000

Costo_train: 0.007708
Precision_train: 0.996250
Recall_train: 1.000000
F1_train: 0.998122

Costo_test: 0.007694
Precision_test: 0.995074
Recall_test: 0.995074
F1_test: 0.995074
 

Arquitectura: _2_9_1_
Semilla: 1788084337
Segundos: 52
NIteraciones: 100000

Costo_train: 0.080864
Precision_train: 0.879245
Recall_train: 0.877039
F1_train: 0.878141

Costo_test: 0.077130
Precision_test: 0.879227
Recall_test: 0.896552
F1_test: 0.887805
 

Arquitectura: _2_9_1_
Semilla: 1788084337
Segundos: 52
NIteraciones: 100000

Costo_train: 0.005973
Precision_train: 0.997497
Recall_train: 1.000000
F1_train: 0.998747

Costo_test: 0.005912
Precision_test: 0.995074
Recall_test: 0.995074
F1_test: 0.995074
 

Arquitectura: _2_9_1_
Semilla: 1788084337
Segundos: 52
NIteraciones: 100000

Costo_train: 0.003614
Precision_train: 0.997497
Recall_train: 1.000000
F1_train: 0.998747

Costo_test: 0.003730
Precision_test: 1.000000
Recall_test: 0.995074
F1_test: 0.997531
 

Arquitectura: _2_9_1_
Semilla: 1788084337
Segundos: 52
NIteraciones: 100000

Costo_train: 0.080836
Precision_train: 0.879093
Recall_train: 0.875784
F1_train: 0.877436

Costo_test: 0.077081
Precision_test: 0.879227
Recall_test: 0.896552
F1_test: 0.887805
 

Arquitectura: _2_9_1_
Semilla: 1788084337
Segundos: 52
NIteraciones: 100000

Costo_train: 0.005868
Precision_train: 0.997497
Recall_train: 1.000000
F1_train: 0.998747

Costo_test: 0.005817
Precision_test: 0.995074
Recall_test: 0.995074
F1_test: 0.995074
 

Arquitectura: _2_9_1_
Semilla: 1788084337
Segundos: 52
NIteraciones: 100000

Costo_train: 0.080817
Precision_train: 0.879093
Recall_train: 0.875784
F1_train: 0.877436

Costo_test: 0.077069
Precision_test: 0.879227
Recall_test: 0.896552
F1_test: 0.887805
 

Arquitectura: _2_9_1_
Semilla: 1788084337
Segundos: 52
NIteraciones: 100000

Costo_train: 0.006549
Precision_train: 0.997497
Recall_train: 1.000000
F1_train: 0.998747

Costo_test: 0.006533
Precision_test: 0.995074
Recall_test: 0.995074
F1_test: 0.995074
 

Arquitectura: _2_9_1_
Semilla: 1788084337
Segundos: 52
NIteraciones: 100000

Costo_train: 0.080814
Precision_train: 0.879245
Recall_train: 0.877039
F1_train: 0.878141

Costo_test: 0.077070
Precision_test: 0.879227
Recall_test: 0.896552
F1_test: 0.887805
 

Arquitectura: _2_9_1_
Semilla: 1788084337
Segundos: 52
NIteraciones: 100000

Costo_train: 0.005353
Precision_train: 0.997497
Recall_train: 1.000000
F1_train: 0.998747

Costo_test: 0.005316
Precision_test: 1.000000
Recall_test: 0.995074
F1_test: 0.997531
 

Arquitectura: _2_9_1_
Semilla: 1788084337
Segundos: 52
NIteraciones: 100000

Costo_train: 0.007235
Precision_train: 0.997497
Recall_train: 1.000000
F1_train: 0.998747

Costo_test: 0.007168
Precision_test: 0.995074
Recall_test: 0.995074
F1_test: 0.995074
 

Arquitectura: _2_9_1_
Semilla: 1788084337
Segundos: 52
NIteraciones: 100000

Costo_train: 0.005736
Precision_train: 0.997497
Recall_train: 1.000000
F1_train: 0.998747

Costo_test: 0.005655
Precision_test: 1.000000
Recall_test: 0.995074
F1_test: 0.997531
 

Arquitectura: _2_9_1_
Semilla: 1788084337
Segundos: 52
NIteraciones: 100000

Costo_train: 0.005267
Precision_train: 0.997497
Recall_train: 1.000000
F1_train: 0.998747

Costo_test: 0.005187
Precision_test: 1.000000
Recall_test: 0.995074
F1_test: 0.997531
 

Arquitectura: _2_9_1_
Semilla: 1788084337
Segundos: 52
NIteraciones: 100000

Costo_train: 0.005220
Precision_train: 0.997497
Recall_train: 1.000000
F1_train: 0.998747

Costo_test: 0.005113
Precision_test: 1.000000
Recall_test: 0.995074
F1_test: 0.997531
 

Arquitectura: _2_9_1_
Semilla: 1788084337
Segundos: 52
NIteraciones: 100000

Costo_train: 0.005076
Precision_train: 0.997497
Recall_train: 1.000000
F1_train: 0.998747

Costo_test: 0.004995
Precision_test: 1.000000
Recall_test: 0.995074
F1_test: 0.997531
 

Arquitectura: _2_9_1_
Semilla: 1788084337
Segundos: 52
NIteraciones: 100000

Costo_train: 0.080820
Precision_train: 0.879093
Recall_train: 0.875784
F1_train: 0.877436

Costo_test: 0.077051
Precision_test: 0.879227
Recall_test: 0.896552
F1_test: 0.887805
 

Arquitectura: _2_9_1_
Semilla: 1788084337
Segundos: 52
NIteraciones: 100000

Costo_train: 0.005839
Precision_train: 0.997497
Recall_train: 1.000000
F1_train: 0.998747

Costo_test: 0.005778
Precision_test: 0.995074
Recall_test: 0.995074
F1_test: 0.995074
 

Arquitectura: _2_9_1_
Semilla: 1788084337
Segundos: 52
NIteraciones: 100000

Costo_train: 0.005195
Precision_train: 0.997497
Recall_train: 1.000000
F1_train: 0.998747

Costo_test: 0.005049
Precision_test: 1.000000
Recall_test: 0.995074
F1_test: 0.997531
 

Arquitectura: _2_9_1_
Semilla: 1788084337
Segundos: 52
NIteraciones: 100000

Costo_train: 0.004136
Precision_train: 0.997497
Recall_train: 1.000000
F1_train: 0.998747

Costo_test: 0.004150
Precision_test: 1.000000
Recall_test: 0.995074
F1_test: 0.997531
 

Arquitectura: _2_9_1_
Semilla: 1788084337
Segundos: 52
NIteraciones: 100000

Costo_train: 0.005373
Precision_train: 0.997497
Recall_train: 1.000000
F1_train: 0.998747

Costo_test: 0.005280
Precision_test: 1.000000
Recall_test: 0.995074
F1_test: 0.997531
 

Arquitectura: _2_9_1_
Semilla: 1788084337
Segundos: 52
NIteraciones: 100000

Costo_train: 0.007221
Precision_train: 0.997497
Recall_train: 1.000000
F1_train: 0.998747

Costo_test: 0.007006
Precision_test: 0.995074
Recall_test: 0.995074
F1_test: 0.995074
 

Arquitectura: _2_9_1_
Semilla: 1788084337
Segundos: 52
NIteraciones: 100000

Costo_train: 0.004812
Precision_train: 0.997497
Recall_train: 1.000000
F1_train: 0.998747

Costo_test: 0.004801
Precision_test: 1.000000
Recall_test: 0.995074
F1_test: 0.997531
 

Arquitectura: _2_9_1_
Semilla: 1788084337
Segundos: 52
NIteraciones: 100000

Costo_train: 0.011351
Precision_train: 0.993742
Recall_train: 0.996236
F1_train: 0.994987

Costo_test: 0.011064
Precision_test: 0.995049
Recall_test: 0.990148
F1_test: 0.992593
 

Arquitectura: _2_9_1_
Semilla: 1788084337
Segundos: 52
NIteraciones: 100000

Costo_train: 0.004669
Precision_train: 0.997497
Recall_train: 1.000000
F1_train: 0.998747

Costo_test: 0.004570
Precision_test: 1.000000
Recall_test: 0.995074
F1_test: 0.997531
 

Arquitectura: _2_9_1_
Semilla: 1788084337
Segundos: 52
NIteraciones: 100000

Costo_train: 0.004190
Precision_train: 0.997497
Recall_train: 1.000000
F1_train: 0.998747

Costo_test: 0.004159
Precision_test: 1.000000
Recall_test: 0.995074
F1_test: 0.997531
 

Arquitectura: _2_9_1_
Semilla: 1788084337
Segundos: 52
NIteraciones: 100000

Costo_train: 0.004972
Precision_train: 0.997497
Recall_train: 1.000000
F1_train: 0.998747

Costo_test: 0.004931
Precision_test: 1.000000
Recall_test: 0.995074
F1_test: 0.997531
 

Arquitectura: _2_9_1_
Semilla: 1788084337
Segundos: 52
NIteraciones: 100000

Costo_train: 0.006703
Precision_train: 0.997497
Recall_train: 1.000000
F1_train: 0.998747

Costo_test: 0.006525
Precision_test: 0.995074
Recall_test: 0.995074
F1_test: 0.995074
 

Arquitectura: _2_9_1_
Semilla: 1788084337
Segundos: 52
NIteraciones: 100000

Costo_train: 0.003844
Precision_train: 0.997497
Recall_train: 1.000000
F1_train: 0.998747

Costo_test: 0.003832
Precision_test: 1.000000
Recall_test: 0.995074
F1_test: 0.997531
 

Arquitectura: _2_9_1_
Semilla: 1788084337
Segundos: 52
NIteraciones: 100000

Costo_train: 0.003325
Precision_train: 0.997497
Recall_train: 1.000000
F1_train: 0.998747

Costo_test: 0.003295
Precision_test: 1.000000
Recall_test: 1.000000
F1_test: 1.000000
 

Arquitectura: _2_9_1_
Semilla: 1788084337
Segundos: 52
NIteraciones: 100000

Costo_train: 0.004056
Precision_train: 0.997497
Recall_train: 1.000000
F1_train: 0.998747

Costo_test: 0.004181
Precision_test: 1.000000
Recall_test: 0.995074
F1_test: 0.997531
 

Arquitectura: _2_9_1_
Semilla: 1788084337
Segundos: 52
NIteraciones: 100000

Costo_train: 0.005571
Precision_train: 0.997497
Recall_train: 1.000000
F1_train: 0.998747

Costo_test: 0.005537
Precision_test: 1.000000
Recall_test: 0.995074
F1_test: 0.997531
 

Arquitectura: _2_9_1_
Semilla: 1788084337
Segundos: 52
NIteraciones: 100000

Costo_train: 0.080801
Precision_train: 0.879245
Recall_train: 0.877039
F1_train: 0.878141

Costo_test: 0.077093
Precision_test: 0.879227
Recall_test: 0.896552
F1_test: 0.887805
 

Arquitectura: _2_9_1_
Semilla: 1788084337
Segundos: 52
NIteraciones: 100000

Costo_train: 0.006357
Precision_train: 0.997497
Recall_train: 1.000000
F1_train: 0.998747

Costo_test: 0.006288
Precision_test: 0.995074
Recall_test: 0.995074
F1_test: 0.995074
 

Arquitectura: _2_9_1_
Semilla: 1788084337
Segundos: 52
NIteraciones: 100000

Costo_train: 0.007646
Precision_train: 0.997497
Recall_train: 1.000000
F1_train: 0.998747

Costo_test: 0.007592
Precision_test: 0.995074
Recall_test: 0.995074
F1_test: 0.995074
 

Arquitectura: _2_9_1_
Semilla: 1788084337
Segundos: 52
NIteraciones: 100000

Costo_train: 0.007031
Precision_train: 0.997497
Recall_train: 1.000000
F1_train: 0.998747

Costo_test: 0.007072
Precision_test: 0.995074
Recall_test: 0.995074
F1_test: 0.995074
 

Arquitectura: _2_9_1_
Semilla: 1788084337
Segundos: 52
NIteraciones: 100000

Costo_train: 0.011265
Precision_train: 0.993742
Recall_train: 0.996236
F1_train: 0.994987

Costo_test: 0.011255
Precision_test: 0.995049
Recall_test: 0.990148
F1_test: 0.992593
 

Arquitectura: _2_9_1_
Semilla: 1788084337
Segundos: 52
NIteraciones: 100000

Costo_train: 0.004853
Precision_train: 0.997497
Recall_train: 1.000000
F1_train: 0.998747

Costo_test: 0.004817
Precision_test: 1.000000
Recall_test: 0.995074
F1_test: 0.997531
 

Arquitectura: _2_9_1_
Semilla: 1788084337
Segundos: 52
NIteraciones: 100000

Costo_train: 0.005492
Precision_train: 0.997497
Recall_train: 1.000000
F1_train: 0.998747

Costo_test: 0.005348
Precision_test: 1.000000
Recall_test: 0.995074
F1_test: 0.997531
 

Arquitectura: _2_9_1_
Semilla: 1788084337
Segundos: 52
NIteraciones: 100000

Costo_train: 0.005543
Precision_train: 0.997497
Recall_train: 1.000000
F1_train: 0.998747

Costo_test: 0.005399
Precision_test: 1.000000
Recall_test: 0.995074
F1_test: 0.997531
 

Arquitectura: _2_9_1_
Semilla: 1788084337
Segundos: 52
NIteraciones: 100000

Costo_train: 0.080826
Precision_train: 0.879093
Recall_train: 0.875784
F1_train: 0.877436

Costo_test: 0.077079
Precision_test: 0.879227
Recall_test: 0.896552
F1_test: 0.887805
 

Arquitectura: _2_9_1_
Semilla: 1788084337
Segundos: 52
NIteraciones: 100000

Costo_train: 0.080860
Precision_train: 0.879093
Recall_train: 0.875784
F1_train: 0.877436

Costo_test: 0.077113
Precision_test: 0.879227
Recall_test: 0.896552
F1_test: 0.887805
 

Arquitectura: _2_9_1_
Semilla: 1788084337
Segundos: 52
NIteraciones: 100000

Costo_train: 0.005186
Precision_train: 0.997497
Recall_train: 1.000000
F1_train: 0.998747

Costo_test: 0.005108
Precision_test: 1.000000
Recall_test: 0.995074
F1_test: 0.997531
 

Arquitectura: _2_9_1_
Semilla: 1788084337
Segundos: 52
NIteraciones: 100000

Costo_train: 0.005796
Precision_train: 0.997497
Recall_train: 1.000000
F1_train: 0.998747

Costo_test: 0.005699
Precision_test: 1.000000
Recall_test: 0.995074
F1_test: 0.997531
 

Arquitectura: _2_9_1_
Semilla: 1788084337
Segundos: 52
NIteraciones: 100000

Costo_train: 0.040132
Precision_train: 0.951311
Recall_train: 0.956085
F1_train: 0.953692

Costo_test: 0.038462
Precision_test: 0.956098
Recall_test: 0.965517
F1_test: 0.960784
 

Arquitectura: _2_9_1_
Semilla: 1788084337
Segundos: 52
NIteraciones: 100000

Costo_train: 0.005575
Precision_train: 0.997497
Recall_train: 1.000000
F1_train: 0.998747

Costo_test: 0.005428
Precision_test: 1.000000
Recall_test: 0.995074
F1_test: 0.997531
 

Arquitectura: _2_9_1_
Semilla: 1788084337
Segundos: 52
NIteraciones: 100000

Costo_train: 0.005554
Precision_train: 0.997497
Recall_train: 1.000000
F1_train: 0.998747

Costo_test: 0.005475
Precision_test: 1.000000
Recall_test: 0.995074
F1_test: 0.997531
 

Arquitectura: _2_9_1_
Semilla: 1788084337
Segundos: 52
NIteraciones: 100000

Costo_train: 0.005319
Precision_train: 0.997497
Recall_train: 1.000000
F1_train: 0.998747

Costo_test: 0.005223
Precision_test: 1.000000
Recall_test: 0.995074
F1_test: 0.997531
 

Arquitectura: _2_9_1_
Semilla: 1788084337
Segundos: 52
NIteraciones: 100000

Costo_train: 0.007681
Precision_train: 0.997497
Recall_train: 1.000000
F1_train: 0.998747

Costo_test: 0.007654
Precision_test: 0.995074
Recall_test: 0.995074
F1_test: 0.995074
 

Arquitectura: _2_9_1_
Semilla: 1788084337
Segundos: 52
NIteraciones: 100000

Costo_train: 0.004230
Precision_train: 0.997497
Recall_train: 1.000000
F1_train: 0.998747

Costo_test: 0.004347
Precision_test: 1.000000
Recall_test: 0.995074
F1_test: 0.997531
 

Arquitectura: _2_9_1_
Semilla: 1788084337
Segundos: 52
NIteraciones: 100000

Costo_train: 0.005321
Precision_train: 0.997497
Recall_train: 1.000000
F1_train: 0.998747

Costo_test: 0.005189
Precision_test: 1.000000
Recall_test: 0.995074
F1_test: 0.997531
 

Arquitectura: _2_9_1_
Semilla: 1788084337
Segundos: 52
NIteraciones: 100000

Costo_train: 0.003488
Precision_train: 0.997497
Recall_train: 1.000000
F1_train: 0.998747

Costo_test: 0.003454
Precision_test: 1.000000
Recall_test: 1.000000
F1_test: 1.000000
 

Arquitectura: _2_9_1_
Semilla: 1788084337
Segundos: 52
NIteraciones: 100000

Costo_train: 0.004670
Precision_train: 0.997497
Recall_train: 1.000000
F1_train: 0.998747

Costo_test: 0.004637
Precision_test: 1.000000
Recall_test: 0.995074
F1_test: 0.997531
 

Arquitectura: _2_9_1_
Semilla: 1788084337
Segundos: 52
NIteraciones: 100000

Costo_train: 0.080818
Precision_train: 0.879093
Recall_train: 0.875784
F1_train: 0.877436

Costo_test: 0.077084
Precision_test: 0.879227
Recall_test: 0.896552
F1_test: 0.887805
 

Arquitectura: _2_9_1_
Semilla: 1788084337
Segundos: 52
NIteraciones: 100000

Costo_train: 0.080862
Precision_train: 0.879093
Recall_train: 0.875784
F1_train: 0.877436

Costo_test: 0.077105
Precision_test: 0.879227
Recall_test: 0.896552
F1_test: 0.887805
 

Arquitectura: _2_9_1_
Semilla: 1788084337
Segundos: 52
NIteraciones: 100000

Costo_train: 0.005404
Precision_train: 0.997497
Recall_train: 1.000000
F1_train: 0.998747

Costo_test: 0.005246
Precision_test: 1.000000
Recall_test: 0.995074
F1_test: 0.997531
 

Arquitectura: _2_9_1_
Semilla: 1788084337
Segundos: 52
NIteraciones: 100000

Costo_train: 0.003875
Precision_train: 0.997497
Recall_train: 1.000000
F1_train: 0.998747

Costo_test: 0.003851
Precision_test: 1.000000
Recall_test: 0.995074
F1_test: 0.997531
 

Arquitectura: _2_9_1_
Semilla: 1788084337
Segundos: 52
NIteraciones: 100000

Costo_train: 0.080825
Precision_train: 0.879093
Recall_train: 0.875784
F1_train: 0.877436

Costo_test: 0.077076
Precision_test: 0.879227
Recall_test: 0.896552
F1_test: 0.887805
 

Arquitectura: _2_9_1_
Semilla: 1788084337
Segundos: 52
NIteraciones: 100000

Costo_train: 0.004305
Precision_train: 0.997497
Recall_train: 1.000000
F1_train: 0.998747

Costo_test: 0.004237
Precision_test: 1.000000
Recall_test: 0.995074
F1_test: 0.997531
 

Arquitectura: _2_9_1_
Semilla: 1788084337
Segundos: 52
NIteraciones: 100000

Costo_train: 0.006376
Precision_train: 0.997497
Recall_train: 1.000000
F1_train: 0.998747

Costo_test: 0.006336
Precision_test: 0.995074
Recall_test: 0.995074
F1_test: 0.995074
 

Arquitectura: _2_9_1_
Semilla: 1788084337
Segundos: 52
NIteraciones: 100000

Costo_train: 0.004512
Precision_train: 0.997497
Recall_train: 1.000000
F1_train: 0.998747

Costo_test: 0.004711
Precision_test: 1.000000
Recall_test: 0.995074
F1_test: 0.997531
 

Arquitectura: _2_9_1_
Semilla: 1788084337
Segundos: 52
NIteraciones: 100000

Costo_train: 0.005459
Precision_train: 0.997497
Recall_train: 1.000000
F1_train: 0.998747

Costo_test: 0.005379
Precision_test: 1.000000
Recall_test: 0.995074
F1_test: 0.997531
 

Arquitectura: _2_9_1_
Semilla: 1788084337
Segundos: 52
NIteraciones: 100000

Costo_train: 0.006174
Precision_train: 0.997497
Recall_train: 1.000000
F1_train: 0.998747

Costo_test: 0.006113
Precision_test: 0.995074
Recall_test: 0.995074
F1_test: 0.995074
 

Arquitectura: _2_9_1_
Semilla: 1788084337
Segundos: 52
NIteraciones: 100000

Costo_train: 0.080832
Precision_train: 0.880050
Recall_train: 0.874529
F1_train: 0.877281

Costo_test: 0.077054
Precision_test: 0.879227
Recall_test: 0.896552
F1_test: 0.887805
 

Arquitectura: _2_9_1_
Semilla: 1788084337
Segundos: 52
NIteraciones: 100000

Costo_train: 0.026944
Precision_train: 0.976280
Recall_train: 0.981179
F1_train: 0.978723

Costo_test: 0.026467
Precision_test: 0.970874
Recall_test: 0.985222
F1_test: 0.977995
 

Arquitectura: _2_9_1_
Semilla: 1788084337
Segundos: 52
NIteraciones: 100000

Costo_train: 0.080818
Precision_train: 0.879245
Recall_train: 0.877039
F1_train: 0.878141

Costo_test: 0.077112
Precision_test: 0.879227
Recall_test: 0.896552
F1_test: 0.887805
 

Arquitectura: _2_9_1_
Semilla: 1788084337
Segundos: 52
NIteraciones: 100000

Costo_train: 0.005653
Precision_train: 0.997497
Recall_train: 1.000000
F1_train: 0.998747

Costo_test: 0.005572
Precision_test: 1.000000
Recall_test: 0.995074
F1_test: 0.997531
 

Arquitectura: _2_9_1_
Semilla: 1788084337
Segundos: 52
NIteraciones: 100000

Costo_train: 0.007760
Precision_train: 0.997497
Recall_train: 1.000000
F1_train: 0.998747

Costo_test: 0.007572
Precision_test: 0.995074
Recall_test: 0.995074
F1_test: 0.995074
 

Arquitectura: _2_9_1_
Semilla: 1788084337
Segundos: 52
NIteraciones: 100000

Costo_train: 0.080827
Precision_train: 0.879093
Recall_train: 0.875784
F1_train: 0.877436

Costo_test: 0.077065
Precision_test: 0.879227
Recall_test: 0.896552
F1_test: 0.887805
 

Arquitectura: _2_9_1_
Semilla: 1788084337
Segundos: 52
NIteraciones: 100000

Costo_train: 0.017310
Precision_train: 0.991239
Recall_train: 0.993726
F1_train: 0.992481

Costo_test: 0.017190
Precision_test: 0.985294
Recall_test: 0.990148
F1_test: 0.987715
 

Arquitectura: _2_9_1_
Semilla: 1788084337
Segundos: 52
NIteraciones: 100000

Costo_train: 0.005878
Precision_train: 0.997497
Recall_train: 1.000000
F1_train: 0.998747

Costo_test: 0.005745
Precision_test: 1.000000
Recall_test: 0.995074
F1_test: 0.997531
 

Arquitectura: _2_9_1_
Semilla: 1788084337
Segundos: 52
NIteraciones: 100000

Costo_train: 0.080829
Precision_train: 0.879093
Recall_train: 0.875784
F1_train: 0.877436

Costo_test: 0.077083
Precision_test: 0.879227
Recall_test: 0.896552
F1_test: 0.887805
 

Arquitectura: _2_9_1_
Semilla: 1788084337
Segundos: 52
NIteraciones: 100000

Costo_train: 0.080843
Precision_train: 0.879245
Recall_train: 0.877039
F1_train: 0.878141

Costo_test: 0.077119
Precision_test: 0.879227
Recall_test: 0.896552
F1_test: 0.887805
 

Arquitectura: _2_9_1_
Semilla: 1788084337
Segundos: 52
NIteraciones: 100000

Costo_train: 0.005387
Precision_train: 0.997497
Recall_train: 1.000000
F1_train: 0.998747

Costo_test: 0.005344
Precision_test: 1.000000
Recall_test: 0.995074
F1_test: 0.997531
 

Arquitectura: _2_9_1_
Semilla: 1788084337
Segundos: 52
NIteraciones: 100000

Costo_train: 0.080807
Precision_train: 0.879245
Recall_train: 0.877039
F1_train: 0.878141

Costo_test: 0.077077
Precision_test: 0.879227
Recall_test: 0.896552
F1_test: 0.887805
 

Arquitectura: _2_9_1_
Semilla: 1788084337
Segundos: 52
NIteraciones: 100000

Costo_train: 0.005587
Precision_train: 0.997497
Recall_train: 1.000000
F1_train: 0.998747

Costo_test: 0.005468
Precision_test: 1.000000
Recall_test: 0.995074
F1_test: 0.997531
 

Arquitectura: _2_9_1_
Semilla: 1788084337
Segundos: 52
NIteraciones: 100000

Costo_train: 0.005161
Precision_train: 0.997497
Recall_train: 1.000000
F1_train: 0.998747

Costo_test: 0.005009
Precision_test: 1.000000
Recall_test: 0.995074
F1_test: 0.997531
 

Arquitectura: _2_9_1_
Semilla: 1788084337
Segundos: 52
NIteraciones: 100000

Costo_train: 0.005438
Precision_train: 0.997497
Recall_train: 1.000000
F1_train: 0.998747

Costo_test: 0.005366
Precision_test: 1.000000
Recall_test: 0.995074
F1_test: 0.997531
 

Arquitectura: _2_9_1_
Semilla: 1788084337
Segundos: 52
NIteraciones: 100000

Costo_train: 0.005330
Precision_train: 0.997497
Recall_train: 1.000000
F1_train: 0.998747

Costo_test: 0.005232
Precision_test: 1.000000
Recall_test: 0.995074
F1_test: 0.997531
 

Arquitectura: _2_9_1_
Semilla: 1788084337
Segundos: 52
NIteraciones: 100000

Costo_train: 0.005670
Precision_train: 0.997497
Recall_train: 1.000000
F1_train: 0.998747

Costo_test: 0.005505
Precision_test: 1.000000
Recall_test: 0.995074
F1_test: 0.997531
 


--- Test Profunda 3.0 ---
Iteración 10000
Costo: 0.084448
Iteración 20000
Costo: 0.083118
Iteración 30000
Costo: 0.082684
Iteración 40000
Costo: 0.082363
Iteración 50000
Costo: 0.082123
Iteración 60000
Costo: 0.081940
Iteración 70000
Costo: 0.081798
Iteración 80000
Costo: 0.081684
Iteración 90000
Costo: 0.081591

Arquitectura: _2_3_3_3_1_
Semilla: 1788084389
Segundos: 139
NIteraciones: 100000

Costo_train: 0.081515
Precision_train: 0.881013
Recall_train: 0.873275
F1_train: 0.877127

Costo_test: 0.077622
Precision_test: 0.879227
Recall_test: 0.896552
F1_test: 0.887805
 

Arquitectura: _2_3_3_3_1_
Semilla: 1788084389
Segundos: 139
NIteraciones: 100000

Costo_train: 0.081570
Precision_train: 0.879093
Recall_train: 0.875784
F1_train: 0.877436

Costo_test: 0.077698
Precision_test: 0.879227
Recall_test: 0.896552
F1_test: 0.887805
 

Arquitectura: _2_3_3_3_1_
Semilla: 1788084389
Segundos: 139
NIteraciones: 100000

Costo_train: 0.081667
Precision_train: 0.879093
Recall_train: 0.875784
F1_train: 0.877436

Costo_test: 0.077840
Precision_test: 0.879227
Recall_test: 0.896552
F1_test: 0.887805
 

Arquitectura: _2_3_3_3_1_
Semilla: 1788084389
Segundos: 139
NIteraciones: 100000

Costo_train: 0.001543
Precision_train: 0.997497
Recall_train: 1.000000
F1_train: 0.998747

Costo_test: 0.001629
Precision_test: 1.000000
Recall_test: 1.000000
F1_test: 1.000000
 

Arquitectura: _2_3_3_3_1_
Semilla: 1788084389
Segundos: 139
NIteraciones: 100000

Costo_train: 0.001503
Precision_train: 0.998747
Recall_train: 1.000000
F1_train: 0.999373

Costo_test: 0.001688
Precision_test: 1.000000
Recall_test: 0.995074
F1_test: 0.997531
 

Arquitectura: _2_3_3_3_1_
Semilla: 1788084389
Segundos: 139
NIteraciones: 100000

Costo_train: 0.081875
Precision_train: 0.879093
Recall_train: 0.875784
F1_train: 0.877436

Costo_test: 0.078019
Precision_test: 0.879227
Recall_test: 0.896552
F1_test: 0.887805
 

Arquitectura: _2_3_3_3_1_
Semilla: 1788084389
Segundos: 139
NIteraciones: 100000

Costo_train: 0.001855
Precision_train: 0.997497
Recall_train: 1.000000
F1_train: 0.998747

Costo_test: 0.001961
Precision_test: 1.000000
Recall_test: 0.995074
F1_test: 0.997531
 

Arquitectura: _2_3_3_3_1_
Semilla: 1788084389
Segundos: 139
NIteraciones: 100000

Costo_train: 0.081617
Precision_train: 0.879093
Recall_train: 0.875784
F1_train: 0.877436

Costo_test: 0.077760
Precision_test: 0.879227
Recall_test: 0.896552
F1_test: 0.887805
 

Arquitectura: _2_3_3_3_1_
Semilla: 1788084389
Segundos: 139
NIteraciones: 100000

Costo_train: 0.081707
Precision_train: 0.879245
Recall_train: 0.877039
F1_train: 0.878141

Costo_test: 0.077840
Precision_test: 0.879227
Recall_test: 0.896552
F1_test: 0.887805
 

Arquitectura: _2_3_3_3_1_
Semilla: 1788084389
Segundos: 139
NIteraciones: 100000

Costo_train: 0.081757
Precision_train: 0.880202
Recall_train: 0.875784
F1_train: 0.877987

Costo_test: 0.077852
Precision_test: 0.879227
Recall_test: 0.896552
F1_test: 0.887805
 

Arquitectura: _2_3_3_3_1_
Semilla: 1788084389
Segundos: 139
NIteraciones: 100000

Costo_train: 0.081609
Precision_train: 0.879093
Recall_train: 0.875784
F1_train: 0.877436

Costo_test: 0.077748
Precision_test: 0.879227
Recall_test: 0.896552
F1_test: 0.887805
 

Arquitectura: _2_3_3_3_1_
Semilla: 1788084389
Segundos: 139
NIteraciones: 100000

Costo_train: 0.081545
Precision_train: 0.879093
Recall_train: 0.875784
F1_train: 0.877436

Costo_test: 0.077672
Precision_test: 0.879227
Recall_test: 0.896552
F1_test: 0.887805
 

Arquitectura: _2_3_3_3_1_
Semilla: 1788084389
Segundos: 139
NIteraciones: 100000

Costo_train: 0.001416
Precision_train: 0.997497
Recall_train: 1.000000
F1_train: 0.998747

Costo_test: 0.001467
Precision_test: 1.000000
Recall_test: 1.000000
F1_test: 1.000000
 

Arquitectura: _2_3_3_3_1_
Semilla: 1788084389
Segundos: 139
NIteraciones: 100000

Costo_train: 0.081546
Precision_train: 0.881313
Recall_train: 0.875784
F1_train: 0.878540

Costo_test: 0.077654
Precision_test: 0.879227
Recall_test: 0.896552
F1_test: 0.887805
 

Arquitectura: _2_3_3_3_1_
Semilla: 1788084389
Segundos: 139
NIteraciones: 100000

Costo_train: 0.081539
Precision_train: 0.879093
Recall_train: 0.875784
F1_train: 0.877436

Costo_test: 0.077716
Precision_test: 0.879227
Recall_test: 0.896552
F1_test: 0.887805
 

Arquitectura: _2_3_3_3_1_
Semilla: 1788084389
Segundos: 139
NIteraciones: 100000

Costo_train: 0.081493
Precision_train: 0.882129
Recall_train: 0.873275
F1_train: 0.877680

Costo_test: 0.077590
Precision_test: 0.879227
Recall_test: 0.896552
F1_test: 0.887805
 

Arquitectura: _2_3_3_3_1_
Semilla: 1788084389
Segundos: 139
NIteraciones: 100000

Costo_train: 0.001663
Precision_train: 0.997497
Recall_train: 1.000000
F1_train: 0.998747

Costo_test: 0.001768
Precision_test: 1.000000
Recall_test: 1.000000
F1_test: 1.000000
 

Arquitectura: _2_3_3_3_1_
Semilla: 1788084389
Segundos: 139
NIteraciones: 100000

Costo_train: 0.081565
Precision_train: 0.879245
Recall_train: 0.877039
F1_train: 0.878141

Costo_test: 0.077724
Precision_test: 0.879227
Recall_test: 0.896552
F1_test: 0.887805
 

Arquitectura: _2_3_3_3_1_
Semilla: 1788084389
Segundos: 139
NIteraciones: 100000

Costo_train: 0.002216
Precision_train: 0.997497
Recall_train: 1.000000
F1_train: 0.998747

Costo_test: 0.002518
Precision_test: 1.000000
Recall_test: 0.995074
F1_test: 0.997531
 

Arquitectura: _2_3_3_3_1_
Semilla: 1788084389
Segundos: 139
NIteraciones: 100000

Costo_train: 0.081564
Precision_train: 0.882129
Recall_train: 0.873275
F1_train: 0.877680

Costo_test: 0.077626
Precision_test: 0.879227
Recall_test: 0.896552
F1_test: 0.887805
 

Arquitectura: _2_3_3_3_1_
Semilla: 1788084389
Segundos: 139
NIteraciones: 100000

Costo_train: 0.081908
Precision_train: 0.879093
Recall_train: 0.875784
F1_train: 0.877436

Costo_test: 0.078014
Precision_test: 0.879227
Recall_test: 0.896552
F1_test: 0.887805
 

Arquitectura: _2_3_3_3_1_
Semilla: 1788084389
Segundos: 139
NIteraciones: 100000

Costo_train: 0.081544
Precision_train: 0.881313
Recall_train: 0.875784
F1_train: 0.878540

Costo_test: 0.077647
Precision_test: 0.879227
Recall_test: 0.896552
F1_test: 0.887805
 

Arquitectura: _2_3_3_3_1_
Semilla: 1788084389
Segundos: 139
NIteraciones: 100000

Costo_train: 0.001643
Precision_train: 0.997497
Recall_train: 1.000000
F1_train: 0.998747

Costo_test: 0.001789
Precision_test: 1.000000
Recall_test: 0.995074
F1_test: 0.997531
 

Arquitectura: _2_3_3_3_1_
Semilla: 1788084389
Segundos: 139
NIteraciones: 100000

Costo_train: 0.081629
Precision_train: 0.879093
Recall_train: 0.875784
F1_train: 0.877436

Costo_test: 0.077770
Precision_test: 0.879227
Recall_test: 0.896552
F1_test: 0.887805
 

Arquitectura: _2_3_3_3_1_
Semilla: 1788084389
Segundos: 139
NIteraciones: 100000

Costo_train: 0.001521
Precision_train: 0.997497
Recall_train: 1.000000
F1_train: 0.998747

Costo_test: 0.001627
Precision_test: 1.000000
Recall_test: 1.000000
F1_test: 1.000000
 

Arquitectura: _2_3_3_3_1_
Semilla: 1788084389
Segundos: 139
NIteraciones: 100000

Costo_train: 0.081609
Precision_train: 0.882279
Recall_train: 0.874529
F1_train: 0.878387

Costo_test: 0.077686
Precision_test: 0.879227
Recall_test: 0.896552
F1_test: 0.887805
 

Arquitectura: _2_3_3_3_1_
Semilla: 1788084389
Segundos: 139
NIteraciones: 100000

Costo_train: 0.081700
Precision_train: 0.880202
Recall_train: 0.875784
F1_train: 0.877987

Costo_test: 0.077809
Precision_test: 0.879227
Recall_test: 0.896552
F1_test: 0.887805
 

Arquitectura: _2_3_3_3_1_
Semilla: 1788084389
Segundos: 139
NIteraciones: 100000

Costo_train: 0.081588
Precision_train: 0.879093
Recall_train: 0.875784
F1_train: 0.877436

Costo_test: 0.077726
Precision_test: 0.879227
Recall_test: 0.896552
F1_test: 0.887805
 

Arquitectura: _2_3_3_3_1_
Semilla: 1788084389
Segundos: 139
NIteraciones: 100000

Costo_train: 0.081599
Precision_train: 0.879093
Recall_train: 0.875784
F1_train: 0.877436

Costo_test: 0.077749
Precision_test: 0.879227
Recall_test: 0.896552
F1_test: 0.887805
 

Arquitectura: _2_3_3_3_1_
Semilla: 1788084389
Segundos: 139
NIteraciones: 100000

Costo_train: 0.081585
Precision_train: 0.879245
Recall_train: 0.877039
F1_train: 0.878141

Costo_test: 0.077771
Precision_test: 0.879227
Recall_test: 0.896552
F1_test: 0.887805
 

Arquitectura: _2_3_3_3_1_
Semilla: 1788084389
Segundos: 139
NIteraciones: 100000

Costo_train: 0.001809
Precision_train: 0.997497
Recall_train: 1.000000
F1_train: 0.998747

Costo_test: 0.001933
Precision_test: 1.000000
Recall_test: 0.995074
F1_test: 0.997531
 

Arquitectura: _2_3_3_3_1_
Semilla: 1788084389
Segundos: 139
NIteraciones: 100000

Costo_train: 0.001610
Precision_train: 0.997497
Recall_train: 1.000000
F1_train: 0.998747

Costo_test: 0.001773
Precision_test: 1.000000
Recall_test: 0.995074
F1_test: 0.997531
 

Arquitectura: _2_3_3_3_1_
Semilla: 1788084389
Segundos: 139
NIteraciones: 100000

Costo_train: 0.081601
Precision_train: 0.880202
Recall_train: 0.875784
F1_train: 0.877987

Costo_test: 0.077723
Precision_test: 0.879227
Recall_test: 0.896552
F1_test: 0.887805
 

Arquitectura: _2_3_3_3_1_
Semilla: 1788084389
Segundos: 139
NIteraciones: 100000

Costo_train: 0.081706
Precision_train: 0.880202
Recall_train: 0.875784
F1_train: 0.877987

Costo_test: 0.077806
Precision_test: 0.879227
Recall_test: 0.896552
F1_test: 0.887805
 

Arquitectura: _2_3_3_3_1_
Semilla: 1788084389
Segundos: 139
NIteraciones: 100000

Costo_train: 0.081589
Precision_train: 0.880202
Recall_train: 0.875784
F1_train: 0.877987

Costo_test: 0.077716
Precision_test: 0.879227
Recall_test: 0.896552
F1_test: 0.887805
 

Arquitectura: _2_3_3_3_1_
Semilla: 1788084389
Segundos: 139
NIteraciones: 100000

Costo_train: 0.081532
Precision_train: 0.879093
Recall_train: 0.875784
F1_train: 0.877436

Costo_test: 0.077658
Precision_test: 0.879227
Recall_test: 0.896552
F1_test: 0.887805
 

Arquitectura: _2_3_3_3_1_
Semilla: 1788084389
Segundos: 139
NIteraciones: 100000

Costo_train: 0.055444
Precision_train: 0.928030
Recall_train: 0.922208
F1_train: 0.925110

Costo_test: 0.052798
Precision_test: 0.926829
Recall_test: 0.935961
F1_test: 0.931373
 

Arquitectura: _2_3_3_3_1_
Semilla: 1788084389
Segundos: 139
NIteraciones: 100000

Costo_train: 0.081779
Precision_train: 0.882129
Recall_train: 0.873275
F1_train: 0.877680

Costo_test: 0.077800
Precision_test: 0.878641
Recall_test: 0.891626
F1_test: 0.885086
 

Arquitectura: _2_3_3_3_1_
Semilla: 1788084389
Segundos: 139
NIteraciones: 100000

Costo_train: 0.001516
Precision_train: 0.997497
Recall_train: 1.000000
F1_train: 0.998747

Costo_test: 0.001562
Precision_test: 1.000000
Recall_test: 1.000000
F1_test: 1.000000
 

Arquitectura: _2_3_3_3_1_
Semilla: 1788084389
Segundos: 139
NIteraciones: 100000

Costo_train: 0.001400
Precision_train: 0.998747
Recall_train: 1.000000
F1_train: 0.999373

Costo_test: 0.001480
Precision_test: 1.000000
Recall_test: 1.000000
F1_test: 1.000000
 

Arquitectura: _2_3_3_3_1_
Semilla: 1788084389
Segundos: 139
NIteraciones: 100000

Costo_train: 0.081745
Precision_train: 0.881163
Recall_train: 0.874529
F1_train: 0.877834

Costo_test: 0.077816
Precision_test: 0.879227
Recall_test: 0.896552
F1_test: 0.887805
 

Arquitectura: _2_3_3_3_1_
Semilla: 1788084389
Segundos: 139
NIteraciones: 100000

Costo_train: 0.081715
Precision_train: 0.881163
Recall_train: 0.874529
F1_train: 0.877834

Costo_test: 0.077798
Precision_test: 0.879227
Recall_test: 0.896552
F1_test: 0.887805
 

Arquitectura: _2_3_3_3_1_
Semilla: 1788084389
Segundos: 139
NIteraciones: 100000

Costo_train: 0.081703
Precision_train: 0.881163
Recall_train: 0.874529
F1_train: 0.877834

Costo_test: 0.077797
Precision_test: 0.879227
Recall_test: 0.896552
F1_test: 0.887805
 

Arquitectura: _2_3_3_3_1_
Semilla: 1788084389
Segundos: 139
NIteraciones: 100000

Costo_train: 0.001264
Precision_train: 0.998747
Recall_train: 1.000000
F1_train: 0.999373

Costo_test: 0.001240
Precision_test: 1.000000
Recall_test: 1.000000
F1_test: 1.000000
 

Arquitectura: _2_3_3_3_1_
Semilla: 1788084389
Segundos: 139
NIteraciones: 100000

Costo_train: 0.081524
Precision_train: 0.880202
Recall_train: 0.875784
F1_train: 0.877987

Costo_test: 0.077648
Precision_test: 0.879227
Recall_test: 0.896552
F1_test: 0.887805
 

Arquitectura: _2_3_3_3_1_
Semilla: 1788084389
Segundos: 139
NIteraciones: 100000

Costo_train: 0.081571
Precision_train: 0.879093
Recall_train: 0.875784
F1_train: 0.877436

Costo_test: 0.077735
Precision_test: 0.879227
Recall_test: 0.896552
F1_test: 0.887805
 

Arquitectura: _2_3_3_3_1_
Semilla: 1788084389
Segundos: 139
NIteraciones: 100000

Costo_train: 0.081998
Precision_train: 0.879245
Recall_train: 0.877039
F1_train: 0.878141

Costo_test: 0.078090
Precision_test: 0.879227
Recall_test: 0.896552
F1_test: 0.887805
 

Arquitectura: _2_3_3_3_1_
Semilla: 1788084389
Segundos: 139
NIteraciones: 100000

Costo_train: 0.081620
Precision_train: 0.882129
Recall_train: 0.873275
F1_train: 0.877680

Costo_test: 0.077700
Precision_test: 0.879227
Recall_test: 0.896552
F1_test: 0.887805
 

Arquitectura: _2_3_3_3_1_
Semilla: 1788084389
Segundos: 139
NIteraciones: 100000

Costo_train: 0.081513
Precision_train: 0.879093
Recall_train: 0.875784
F1_train: 0.877436

Costo_test: 0.077663
Precision_test: 0.879227
Recall_test: 0.896552
F1_test: 0.887805
 

Arquitectura: _2_3_3_3_1_
Semilla: 1788084389
Segundos: 139
NIteraciones: 100000

Costo_train: 0.081552
Precision_train: 0.881313
Recall_train: 0.875784
F1_train: 0.878540

Costo_test: 0.077658
Precision_test: 0.879227
Recall_test: 0.896552
F1_test: 0.887805
 

Arquitectura: _2_3_3_3_1_
Semilla: 1788084389
Segundos: 139
NIteraciones: 100000

Costo_train: 0.081687
Precision_train: 0.879093
Recall_train: 0.875784
F1_train: 0.877436

Costo_test: 0.077816
Precision_test: 0.879227
Recall_test: 0.896552
F1_test: 0.887805
 

Arquitectura: _2_3_3_3_1_
Semilla: 1788084389
Segundos: 139
NIteraciones: 100000

Costo_train: 0.081606
Precision_train: 0.879245
Recall_train: 0.877039
F1_train: 0.878141

Costo_test: 0.077759
Precision_test: 0.879227
Recall_test: 0.896552
F1_test: 0.887805
 

Arquitectura: _2_3_3_3_1_
Semilla: 1788084389
Segundos: 139
NIteraciones: 100000

Costo_train: 0.081559
Precision_train: 0.882129
Recall_train: 0.873275
F1_train: 0.877680

Costo_test: 0.077637
Precision_test: 0.879227
Recall_test: 0.896552
F1_test: 0.887805
 

Arquitectura: _2_3_3_3_1_
Semilla: 1788084389
Segundos: 139
NIteraciones: 100000

Costo_train: 0.081773
Precision_train: 0.879093
Recall_train: 0.875784
F1_train: 0.877436

Costo_test: 0.077877
Precision_test: 0.879227
Recall_test: 0.896552
F1_test: 0.887805
 

Arquitectura: _2_3_3_3_1_
Semilla: 1788084389
Segundos: 139
NIteraciones: 100000

Costo_train: 0.081591
Precision_train: 0.879093
Recall_train: 0.875784
F1_train: 0.877436

Costo_test: 0.077783
Precision_test: 0.879227
Recall_test: 0.896552
F1_test: 0.887805
 

Arquitectura: _2_3_3_3_1_
Semilla: 1788084389
Segundos: 139
NIteraciones: 100000

Costo_train: 0.081419
Precision_train: 0.879245
Recall_train: 0.877039
F1_train: 0.878141

Costo_test: 0.077636
Precision_test: 0.879227
Recall_test: 0.896552
F1_test: 0.887805
 

Arquitectura: _2_3_3_3_1_
Semilla: 1788084389
Segundos: 139
NIteraciones: 100000

Costo_train: 0.081600
Precision_train: 0.879093
Recall_train: 0.875784
F1_train: 0.877436

Costo_test: 0.077741
Precision_test: 0.879227
Recall_test: 0.896552
F1_test: 0.887805
 

Arquitectura: _2_3_3_3_1_
Semilla: 1788084389
Segundos: 139
NIteraciones: 100000

Costo_train: 0.081517
Precision_train: 0.882279
Recall_train: 0.874529
F1_train: 0.878387

Costo_test: 0.077615
Precision_test: 0.879227
Recall_test: 0.896552
F1_test: 0.887805
 

Arquitectura: _2_3_3_3_1_
Semilla: 1788084389
Segundos: 139
NIteraciones: 100000

Costo_train: 0.081469
Precision_train: 0.879093
Recall_train: 0.875784
F1_train: 0.877436

Costo_test: 0.077622
Precision_test: 0.879227
Recall_test: 0.896552
F1_test: 0.887805
 

Arquitectura: _2_3_3_3_1_
Semilla: 1788084389
Segundos: 139
NIteraciones: 100000

Costo_train: 0.081464
Precision_train: 0.881313
Recall_train: 0.875784
F1_train: 0.878540

Costo_test: 0.077582
Precision_test: 0.879227
Recall_test: 0.896552
F1_test: 0.887805
 

Arquitectura: _2_3_3_3_1_
Semilla: 1788084389
Segundos: 139
NIteraciones: 100000

Costo_train: 0.081495
Precision_train: 0.882129
Recall_train: 0.873275
F1_train: 0.877680

Costo_test: 0.077602
Precision_test: 0.879227
Recall_test: 0.896552
F1_test: 0.887805
 

Arquitectura: _2_3_3_3_1_
Semilla: 1788084389
Segundos: 139
NIteraciones: 100000

Costo_train: 0.081546
Precision_train: 0.882279
Recall_train: 0.874529
F1_train: 0.878387

Costo_test: 0.077641
Precision_test: 0.879227
Recall_test: 0.896552
F1_test: 0.887805
 

Arquitectura: _2_3_3_3_1_
Semilla: 1788084389
Segundos: 139
NIteraciones: 100000

Costo_train: 0.081556
Precision_train: 0.879093
Recall_train: 0.875784
F1_train: 0.877436

Costo_test: 0.077725
Precision_test: 0.879227
Recall_test: 0.896552
F1_test: 0.887805
 

Arquitectura: _2_3_3_3_1_
Semilla: 1788084389
Segundos: 139
NIteraciones: 100000

Costo_train: 0.001897
Precision_train: 0.997497
Recall_train: 1.000000
F1_train: 0.998747

Costo_test: 0.002117
Precision_test: 1.000000
Recall_test: 0.995074
F1_test: 0.997531
 

Arquitectura: _2_3_3_3_1_
Semilla: 1788084389
Segundos: 139
NIteraciones: 100000

Costo_train: 0.081565
Precision_train: 0.879093
Recall_train: 0.875784
F1_train: 0.877436

Costo_test: 0.077713
Precision_test: 0.879227
Recall_test: 0.896552
F1_test: 0.887805
 

Arquitectura: _2_3_3_3_1_
Semilla: 1788084389
Segundos: 139
NIteraciones: 100000

Costo_train: 0.081512
Precision_train: 0.879093
Recall_train: 0.875784
F1_train: 0.877436

Costo_test: 0.077659
Precision_test: 0.879227
Recall_test: 0.896552
F1_test: 0.887805
 

Arquitectura: _2_3_3_3_1_
Semilla: 1788084389
Segundos: 139
NIteraciones: 100000

Costo_train: 0.002890
Precision_train: 0.997497
Recall_train: 1.000000
F1_train: 0.998747

Costo_test: 0.003414
Precision_test: 1.000000
Recall_test: 0.995074
F1_test: 0.997531
 

Arquitectura: _2_3_3_3_1_
Semilla: 1788084389
Segundos: 139
NIteraciones: 100000

Costo_train: 0.081693
Precision_train: 0.879093
Recall_train: 0.875784
F1_train: 0.877436

Costo_test: 0.077819
Precision_test: 0.879227
Recall_test: 0.896552
F1_test: 0.887805
 

Arquitectura: _2_3_3_3_1_
Semilla: 1788084389
Segundos: 139
NIteraciones: 100000

Costo_train: 0.001683
Precision_train: 0.997497
Recall_train: 1.000000
F1_train: 0.998747

Costo_test: 0.001876
Precision_test: 1.000000
Recall_test: 0.995074
F1_test: 0.997531
 

Arquitectura: _2_3_3_3_1_
Semilla: 1788084389
Segundos: 139
NIteraciones: 100000

Costo_train: 0.081638
Precision_train: 0.881313
Recall_train: 0.875784
F1_train: 0.878540

Costo_test: 0.077740
Precision_test: 0.879227
Recall_test: 0.896552
F1_test: 0.887805
 

Arquitectura: _2_3_3_3_1_
Semilla: 1788084389
Segundos: 139
NIteraciones: 100000

Costo_train: 0.081550
Precision_train: 0.879093
Recall_train: 0.875784
F1_train: 0.877436

Costo_test: 0.077683
Precision_test: 0.879227
Recall_test: 0.896552
F1_test: 0.887805
 

Arquitectura: _2_3_3_3_1_
Semilla: 1788084389
Segundos: 139
NIteraciones: 100000

Costo_train: 0.081749
Precision_train: 0.882129
Recall_train: 0.873275
F1_train: 0.877680

Costo_test: 0.077791
Precision_test: 0.879227
Recall_test: 0.896552
F1_test: 0.887805
 

Arquitectura: _2_3_3_3_1_
Semilla: 1788084389
Segundos: 139
NIteraciones: 100000

Costo_train: 0.009351
Precision_train: 0.993758
Recall_train: 0.998745
F1_train: 0.996245

Costo_test: 0.010354
Precision_test: 0.995074
Recall_test: 0.995074
F1_test: 0.995074
 

Arquitectura: _2_3_3_3_1_
Semilla: 1788084389
Segundos: 139
NIteraciones: 100000

Costo_train: 0.081602
Precision_train: 0.880202
Recall_train: 0.875784
F1_train: 0.877987

Costo_test: 0.077733
Precision_test: 0.879227
Recall_test: 0.896552
F1_test: 0.887805
 

Arquitectura: _2_3_3_3_1_
Semilla: 1788084389
Segundos: 139
NIteraciones: 100000

Costo_train: 0.081737
Precision_train: 0.880202
Recall_train: 0.875784
F1_train: 0.877987

Costo_test: 0.077849
Precision_test: 0.879227
Recall_test: 0.896552
F1_test: 0.887805
 

Arquitectura: _2_3_3_3_1_
Semilla: 1788084389
Segundos: 139
NIteraciones: 100000

Costo_train: 0.081625
Precision_train: 0.879093
Recall_train: 0.875784
F1_train: 0.877436

Costo_test: 0.077766
Precision_test: 0.879227
Recall_test: 0.896552
F1_test: 0.887805
 

Arquitectura: _2_3_3_3_1_
Semilla: 1788084389
Segundos: 139
NIteraciones: 100000

Costo_train: 0.081613
Precision_train: 0.881013
Recall_train: 0.873275
F1_train: 0.877127

Costo_test: 0.077699
Precision_test: 0.879227
Recall_test: 0.896552
F1_test: 0.887805
 

Arquitectura: _2_3_3_3_1_
Semilla: 1788084389
Segundos: 139
NIteraciones: 100000

Costo_train: 0.081508
Precision_train: 0.881313
Recall_train: 0.875784
F1_train: 0.878540

Costo_test: 0.077634
Precision_test: 0.879227
Recall_test: 0.896552
F1_test: 0.887805
 

Arquitectura: _2_3_3_3_1_
Semilla: 1788084389
Segundos: 139
NIteraciones: 100000

Costo_train: 0.081489
Precision_train: 0.881313
Recall_train: 0.875784
F1_train: 0.878540

Costo_test: 0.077610
Precision_test: 0.879227
Recall_test: 0.896552
F1_test: 0.887805
 

Arquitectura: _2_3_3_3_1_
Semilla: 1788084389
Segundos: 139
NIteraciones: 100000

Costo_train: 0.081530
Precision_train: 0.879093
Recall_train: 0.875784
F1_train: 0.877436

Costo_test: 0.077675
Precision_test: 0.879227
Recall_test: 0.896552
F1_test: 0.887805
 

Arquitectura: _2_3_3_3_1_
Semilla: 1788084389
Segundos: 139
NIteraciones: 100000

Costo_train: 0.081641
Precision_train: 0.879093
Recall_train: 0.875784
F1_train: 0.877436

Costo_test: 0.077779
Precision_test: 0.879227
Recall_test: 0.896552
F1_test: 0.887805
 

Arquitectura: _2_3_3_3_1_
Semilla: 1788084389
Segundos: 139
NIteraciones: 100000

Costo_train: 0.081596
Precision_train: 0.882129
Recall_train: 0.873275
F1_train: 0.877680

Costo_test: 0.077663
Precision_test: 0.879227
Recall_test: 0.896552
F1_test: 0.887805
 

Arquitectura: _2_3_3_3_1_
Semilla: 1788084389
Segundos: 139
NIteraciones: 100000

Costo_train: 0.001572
Precision_train: 0.997497
Recall_train: 1.000000
F1_train: 0.998747

Costo_test: 0.001694
Precision_test: 1.000000
Recall_test: 1.000000
F1_test: 1.000000
 

Arquitectura: _2_3_3_3_1_
Semilla: 1788084389
Segundos: 139
NIteraciones: 100000

Costo_train: 0.081747
Precision_train: 0.880202
Recall_train: 0.875784
F1_train: 0.877987

Costo_test: 0.077845
Precision_test: 0.879227
Recall_test: 0.896552
F1_test: 0.887805
 

Arquitectura: _2_3_3_3_1_
Semilla: 1788084389
Segundos: 139
NIteraciones: 100000

Costo_train: 0.081490
Precision_train: 0.879093
Recall_train: 0.875784
F1_train: 0.877436

Costo_test: 0.077647
Precision_test: 0.879227
Recall_test: 0.896552
F1_test: 0.887805
 

Arquitectura: _2_3_3_3_1_
Semilla: 1788084389
Segundos: 139
NIteraciones: 100000

Costo_train: 0.081592
Precision_train: 0.881313
Recall_train: 0.875784
F1_train: 0.878540

Costo_test: 0.077696
Precision_test: 0.879227
Recall_test: 0.896552
F1_test: 0.887805
 

Arquitectura: _2_3_3_3_1_
Semilla: 1788084389
Segundos: 139
NIteraciones: 100000

Costo_train: 0.081987
Precision_train: 0.882129
Recall_train: 0.873275
F1_train: 0.877680

Costo_test: 0.077990
Precision_test: 0.878641
Recall_test: 0.891626
F1_test: 0.885086
 

Arquitectura: _2_3_3_3_1_
Semilla: 1788084389
Segundos: 139
NIteraciones: 100000

Costo_train: 0.081653
Precision_train: 0.880202
Recall_train: 0.875784
F1_train: 0.877987

Costo_test: 0.077764
Precision_test: 0.879227
Recall_test: 0.896552
F1_test: 0.887805
 

Arquitectura: _2_3_3_3_1_
Semilla: 1788084389
Segundos: 139
NIteraciones: 100000

Costo_train: 0.081621
Precision_train: 0.881313
Recall_train: 0.875784
F1_train: 0.878540

Costo_test: 0.077714
Precision_test: 0.879227
Recall_test: 0.896552
F1_test: 0.887805
 

Arquitectura: _2_3_3_3_1_
Semilla: 1788084389
Segundos: 139
NIteraciones: 100000

Costo_train: 0.081500
Precision_train: 0.879093
Recall_train: 0.875784
F1_train: 0.877436

Costo_test: 0.077657
Precision_test: 0.879227
Recall_test: 0.896552
F1_test: 0.887805
 

Arquitectura: _2_3_3_3_1_
Semilla: 1788084389
Segundos: 139
NIteraciones: 100000

Costo_train: 0.081594
Precision_train: 0.879093
Recall_train: 0.875784
F1_train: 0.877436

Costo_test: 0.077728
Precision_test: 0.879227
Recall_test: 0.896552
F1_test: 0.887805
 

Arquitectura: _2_3_3_3_1_
Semilla: 1788084389
Segundos: 139
NIteraciones: 100000

Costo_train: 0.081600
Precision_train: 0.879093
Recall_train: 0.875784
F1_train: 0.877436

Costo_test: 0.077739
Precision_test: 0.879227
Recall_test: 0.896552
F1_test: 0.887805
 

Arquitectura: _2_3_3_3_1_
Semilla: 1788084389
Segundos: 139
NIteraciones: 100000

Costo_train: 0.081793
Precision_train: 0.879093
Recall_train: 0.875784
F1_train: 0.877436

Costo_test: 0.077908
Precision_test: 0.879227
Recall_test: 0.896552
F1_test: 0.887805
 

Arquitectura: _2_3_3_3_1_
Semilla: 1788084389
Segundos: 139
NIteraciones: 100000

Costo_train: 0.001478
Precision_train: 0.997497
Recall_train: 1.000000
F1_train: 0.998747

Costo_test: 0.001595
Precision_test: 1.000000
Recall_test: 1.000000
F1_test: 1.000000
 

Arquitectura: _2_3_3_3_1_
Semilla: 1788084389
Segundos: 139
NIteraciones: 100000

Costo_train: 0.082230
Precision_train: 0.879397
Recall_train: 0.878294
F1_train: 0.878845

Costo_test: 0.078339
Precision_test: 0.879808
Recall_test: 0.901478
F1_test: 0.890511
 

Arquitectura: _2_3_3_3_1_
Semilla: 1788084389
Segundos: 139
NIteraciones: 100000

Costo_train: 0.081597
Precision_train: 0.879093
Recall_train: 0.875784
F1_train: 0.877436

Costo_test: 0.077722
Precision_test: 0.879227
Recall_test: 0.896552
F1_test: 0.887805
 

Arquitectura: _2_3_3_3_1_
Semilla: 1788084389
Segundos: 139
NIteraciones: 100000

Costo_train: 0.081608
Precision_train: 0.881313
Recall_train: 0.875784
F1_train: 0.878540

Costo_test: 0.077714
Precision_test: 0.879227
Recall_test: 0.896552
F1_test: 0.887805
 

Arquitectura: _2_3_3_3_1_
Semilla: 1788084389
Segundos: 140
NIteraciones: 100000

Costo_train: 0.081525
Precision_train: 0.881163
Recall_train: 0.874529
F1_train: 0.877834

Costo_test: 0.077631
Precision_test: 0.879227
Recall_test: 0.896552
F1_test: 0.887805
 

Arquitectura: _2_3_3_3_1_
Semilla: 1788084389
Segundos: 140
NIteraciones: 100000

Costo_train: 0.081114
Precision_train: 0.886912
Recall_train: 0.875784
F1_train: 0.881313

Costo_test: 0.077021
Precision_test: 0.879227
Recall_test: 0.896552
F1_test: 0.887805
 

Arquitectura: _2_3_3_3_1_
Semilla: 1788084389
Segundos: 140
NIteraciones: 100000

Costo_train: 0.081591
Precision_train: 0.879093
Recall_train: 0.875784
F1_train: 0.877436

Costo_test: 0.077739
Precision_test: 0.879227
Recall_test: 0.896552
F1_test: 0.887805
 


--- Test Angosta 4.0 ---
Iteración 10000
Costo: 0.080438
Iteración 20000
Costo: 0.051111
Iteración 30000
Costo: 0.021351
Iteración 40000
Costo: 0.013686
Iteración 50000
Costo: 0.010230
Iteración 60000
Costo: 0.008240
Iteración 70000
Costo: 0.006947
Iteración 80000
Costo: 0.006044
Iteración 90000
Costo: 0.005379

Arquitectura: _2_12_1_
Semilla: 1788084529
Segundos: 53
NIteraciones: 100000

Costo_train: 0.004870
Precision_train: 0.997497
Recall_train: 1.000000
F1_train: 0.998747

Costo_test: 0.004814
Precision_test: 1.000000
Recall_test: 0.995074
F1_test: 0.997531
 

Arquitectura: _2_12_1_
Semilla: 1788084529
Segundos: 53
NIteraciones: 100000

Costo_train: 0.004932
Precision_train: 0.997497
Recall_train: 1.000000
F1_train: 0.998747

Costo_test: 0.004846
Precision_test: 1.000000
Recall_test: 0.995074
F1_test: 0.997531
 

Arquitectura: _2_12_1_
Semilla: 1788084529
Segundos: 53
NIteraciones: 100000

Costo_train: 0.005095
Precision_train: 0.997497
Recall_train: 1.000000
F1_train: 0.998747

Costo_test: 0.005010
Precision_test: 1.000000
Recall_test: 0.995074
F1_test: 0.997531
 

Arquitectura: _2_12_1_
Semilla: 1788084529
Segundos: 53
NIteraciones: 100000

Costo_train: 0.004887
Precision_train: 0.997497
Recall_train: 1.000000
F1_train: 0.998747

Costo_test: 0.004829
Precision_test: 1.000000
Recall_test: 0.995074
F1_test: 0.997531
 

Arquitectura: _2_12_1_
Semilla: 1788084529
Segundos: 53
NIteraciones: 100000

Costo_train: 0.005995
Precision_train: 0.997497
Recall_train: 1.000000
F1_train: 0.998747

Costo_test: 0.005970
Precision_test: 0.995074
Recall_test: 0.995074
F1_test: 0.995074
 

Arquitectura: _2_12_1_
Semilla: 1788084529
Segundos: 53
NIteraciones: 100000

Costo_train: 0.005616
Precision_train: 0.997497
Recall_train: 1.000000
F1_train: 0.998747

Costo_test: 0.005800
Precision_test: 0.995074
Recall_test: 0.995074
F1_test: 0.995074
 

Arquitectura: _2_12_1_
Semilla: 1788084529
Segundos: 53
NIteraciones: 100000

Costo_train: 0.005193
Precision_train: 0.997497
Recall_train: 1.000000
F1_train: 0.998747

Costo_test: 0.005412
Precision_test: 1.000000
Recall_test: 0.995074
F1_test: 0.997531
 

Arquitectura: _2_12_1_
Semilla: 1788084529
Segundos: 53
NIteraciones: 100000

Costo_train: 0.005106
Precision_train: 0.997497
Recall_train: 1.000000
F1_train: 0.998747

Costo_test: 0.004990
Precision_test: 1.000000
Recall_test: 0.995074
F1_test: 0.997531
 

Arquitectura: _2_12_1_
Semilla: 1788084529
Segundos: 53
NIteraciones: 100000

Costo_train: 0.005435
Precision_train: 0.997497
Recall_train: 1.000000
F1_train: 0.998747

Costo_test: 0.005363
Precision_test: 1.000000
Recall_test: 0.995074
F1_test: 0.997531
 

Arquitectura: _2_12_1_
Semilla: 1788084529
Segundos: 53
NIteraciones: 100000

Costo_train: 0.005564
Precision_train: 0.997497
Recall_train: 1.000000
F1_train: 0.998747

Costo_test: 0.005469
Precision_test: 1.000000
Recall_test: 0.995074
F1_test: 0.997531
 

Arquitectura: _2_12_1_
Semilla: 1788084529
Segundos: 53
NIteraciones: 100000

Costo_train: 0.005409
Precision_train: 0.997497
Recall_train: 1.000000
F1_train: 0.998747

Costo_test: 0.005325
Precision_test: 1.000000
Recall_test: 0.995074
F1_test: 0.997531
 

Arquitectura: _2_12_1_
Semilla: 1788084529
Segundos: 53
NIteraciones: 100000

Costo_train: 0.010594
Precision_train: 0.993742
Recall_train: 0.996236
F1_train: 0.994987

Costo_test: 0.010333
Precision_test: 0.995049
Recall_test: 0.990148
F1_test: 0.992593
 

Arquitectura: _2_12_1_
Semilla: 1788084529
Segundos: 53
NIteraciones: 100000

Costo_train: 0.080783
Precision_train: 0.879245
Recall_train: 0.877039
F1_train: 0.878141

Costo_test: 0.077086
Precision_test: 0.875000
Recall_test: 0.896552
F1_test: 0.885645
 

Arquitectura: _2_12_1_
Semilla: 1788084529
Segundos: 53
NIteraciones: 100000

Costo_train: 0.005504
Precision_train: 0.997497
Recall_train: 1.000000
F1_train: 0.998747

Costo_test: 0.005434
Precision_test: 1.000000
Recall_test: 0.995074
F1_test: 0.997531
 

Arquitectura: _2_12_1_
Semilla: 1788084529
Segundos: 53
NIteraciones: 100000

Costo_train: 0.005424
Precision_train: 0.997497
Recall_train: 1.000000
F1_train: 0.998747

Costo_test: 0.005380
Precision_test: 1.000000
Recall_test: 0.995074
F1_test: 0.997531
 

Arquitectura: _2_12_1_
Semilla: 1788084529
Segundos: 53
NIteraciones: 100000

Costo_train: 0.004707
Precision_train: 0.997497
Recall_train: 1.000000
F1_train: 0.998747

Costo_test: 0.004623
Precision_test: 1.000000
Recall_test: 0.995074
F1_test: 0.997531
 

Arquitectura: _2_12_1_
Semilla: 1788084529
Segundos: 54
NIteraciones: 100000

Costo_train: 0.005562
Precision_train: 0.997497
Recall_train: 1.000000
F1_train: 0.998747

Costo_test: 0.005520
Precision_test: 1.000000
Recall_test: 0.995074
F1_test: 0.997531
 

Arquitectura: _2_12_1_
Semilla: 1788084529
Segundos: 54
NIteraciones: 100000

Costo_train: 0.008210
Precision_train: 0.996245
Recall_train: 0.998745
F1_train: 0.997494

Costo_test: 0.008127
Precision_test: 0.995074
Recall_test: 0.995074
F1_test: 0.995074
 

Arquitectura: _2_12_1_
Semilla: 1788084529
Segundos: 54
NIteraciones: 100000

Costo_train: 0.004970
Precision_train: 0.997497
Recall_train: 1.000000
F1_train: 0.998747

Costo_test: 0.004892
Precision_test: 1.000000
Recall_test: 0.995074
F1_test: 0.997531
 

Arquitectura: _2_12_1_
Semilla: 1788084529
Segundos: 54
NIteraciones: 100000

Costo_train: 0.080787
Precision_train: 0.879093
Recall_train: 0.875784
F1_train: 0.877436

Costo_test: 0.077055
Precision_test: 0.879227
Recall_test: 0.896552
F1_test: 0.887805
 

Arquitectura: _2_12_1_
Semilla: 1788084529
Segundos: 54
NIteraciones: 100000

Costo_train: 0.005447
Precision_train: 0.997497
Recall_train: 1.000000
F1_train: 0.998747

Costo_test: 0.005347
Precision_test: 1.000000
Recall_test: 0.995074
F1_test: 0.997531
 

Arquitectura: _2_12_1_
Semilla: 1788084529
Segundos: 54
NIteraciones: 100000

Costo_train: 0.080796
Precision_train: 0.879093
Recall_train: 0.875784
F1_train: 0.877436

Costo_test: 0.077056
Precision_test: 0.879227
Recall_test: 0.896552
F1_test: 0.887805
 

Arquitectura: _2_12_1_
Semilla: 1788084529
Segundos: 54
NIteraciones: 100000

Costo_train: 0.005703
Precision_train: 0.997497
Recall_train: 1.000000
F1_train: 0.998747

Costo_test: 0.005594
Precision_test: 1.000000
Recall_test: 0.995074
F1_test: 0.997531
 

Arquitectura: _2_12_1_
Semilla: 1788084529
Segundos: 54
NIteraciones: 100000

Costo_train: 0.004855
Precision_train: 0.997497
Recall_train: 1.000000
F1_train: 0.998747

Costo_test: 0.004768
Precision_test: 1.000000
Recall_test: 0.995074
F1_test: 0.997531
 

Arquitectura: _2_12_1_
Semilla: 1788084529
Segundos: 54
NIteraciones: 100000

Costo_train: 0.005931
Precision_train: 0.997497
Recall_train: 1.000000
F1_train: 0.998747

Costo_test: 0.005914
Precision_test: 0.995074
Recall_test: 0.995074
F1_test: 0.995074
 

Arquitectura: _2_12_1_
Semilla: 1788084529
Segundos: 54
NIteraciones: 100000

Costo_train: 0.005777
Precision_train: 0.997497
Recall_train: 1.000000
F1_train: 0.998747

Costo_test: 0.005727
Precision_test: 0.995074
Recall_test: 0.995074
F1_test: 0.995074
 

Arquitectura: _2_12_1_
Semilla: 1788084529
Segundos: 54
NIteraciones: 100000

Costo_train: 0.080791
Precision_train: 0.879093
Recall_train: 0.875784
F1_train: 0.877436

Costo_test: 0.077062
Precision_test: 0.879227
Recall_test: 0.896552
F1_test: 0.887805
 

Arquitectura: _2_12_1_
Semilla: 1788084529
Segundos: 54
NIteraciones: 100000

Costo_train: 0.080801
Precision_train: 0.879093
Recall_train: 0.875784
F1_train: 0.877436

Costo_test: 0.077062
Precision_test: 0.879227
Recall_test: 0.896552
F1_test: 0.887805
 

Arquitectura: _2_12_1_
Semilla: 1788084529
Segundos: 54
NIteraciones: 100000

Costo_train: 0.080800
Precision_train: 0.879093
Recall_train: 0.875784
F1_train: 0.877436

Costo_test: 0.077054
Precision_test: 0.879227
Recall_test: 0.896552
F1_test: 0.887805
 

Arquitectura: _2_12_1_
Semilla: 1788084529
Segundos: 54
NIteraciones: 100000

Costo_train: 0.004942
Precision_train: 0.997497
Recall_train: 1.000000
F1_train: 0.998747

Costo_test: 0.005076
Precision_test: 1.000000
Recall_test: 0.995074
F1_test: 0.997531
 

Arquitectura: _2_12_1_
Semilla: 1788084529
Segundos: 54
NIteraciones: 100000

Costo_train: 0.005279
Precision_train: 0.997497
Recall_train: 1.000000
F1_train: 0.998747

Costo_test: 0.005147
Precision_test: 1.000000
Recall_test: 0.995074
F1_test: 0.997531
 

Arquitectura: _2_12_1_
Semilla: 1788084529
Segundos: 54
NIteraciones: 100000

Costo_train: 0.005171
Precision_train: 0.997497
Recall_train: 1.000000
F1_train: 0.998747

Costo_test: 0.005025
Precision_test: 1.000000
Recall_test: 0.995074
F1_test: 0.997531
 

Arquitectura: _2_12_1_
Semilla: 1788084529
Segundos: 54
NIteraciones: 100000

Costo_train: 0.005498
Precision_train: 0.997497
Recall_train: 1.000000
F1_train: 0.998747

Costo_test: 0.005343
Precision_test: 1.000000
Recall_test: 0.995074
F1_test: 0.997531
 

Arquitectura: _2_12_1_
Semilla: 1788084529
Segundos: 54
NIteraciones: 100000

Costo_train: 0.005263
Precision_train: 0.997497
Recall_train: 1.000000
F1_train: 0.998747

Costo_test: 0.005221
Precision_test: 1.000000
Recall_test: 0.995074
F1_test: 0.997531
 

Arquitectura: _2_12_1_
Semilla: 1788084529
Segundos: 54
NIteraciones: 100000

Costo_train: 0.005366
Precision_train: 0.997497
Recall_train: 1.000000
F1_train: 0.998747

Costo_test: 0.005308
Precision_test: 1.000000
Recall_test: 0.995074
F1_test: 0.997531
 

Arquitectura: _2_12_1_
Semilla: 1788084529
Segundos: 54
NIteraciones: 100000

Costo_train: 0.004925
Precision_train: 0.997497
Recall_train: 1.000000
F1_train: 0.998747

Costo_test: 0.004859
Precision_test: 1.000000
Recall_test: 0.995074
F1_test: 0.997531
 

Arquitectura: _2_12_1_
Semilla: 1788084529
Segundos: 54
NIteraciones: 100000

Costo_train: 0.004989
Precision_train: 0.997497
Recall_train: 1.000000
F1_train: 0.998747

Costo_test: 0.004871
Precision_test: 1.000000
Recall_test: 0.995074
F1_test: 0.997531
 

Arquitectura: _2_12_1_
Semilla: 1788084529
Segundos: 54
NIteraciones: 100000

Costo_train: 0.005383
Precision_train: 0.997497
Recall_train: 1.000000
F1_train: 0.998747

Costo_test: 0.005343
Precision_test: 1.000000
Recall_test: 0.995074
F1_test: 0.997531
 

Arquitectura: _2_12_1_
Semilla: 1788084529
Segundos: 54
NIteraciones: 100000

Costo_train: 0.007751
Precision_train: 0.997497
Recall_train: 1.000000
F1_train: 0.998747

Costo_test: 0.007599
Precision_test: 0.995074
Recall_test: 0.995074
F1_test: 0.995074
 

Arquitectura: _2_12_1_
Semilla: 1788084529
Segundos: 54
NIteraciones: 100000

Costo_train: 0.005144
Precision_train: 0.997497
Recall_train: 1.000000
F1_train: 0.998747

Costo_test: 0.005186
Precision_test: 1.000000
Recall_test: 0.995074
F1_test: 0.997531
 

Arquitectura: _2_12_1_
Semilla: 1788084529
Segundos: 54
NIteraciones: 100000

Costo_train: 0.005207
Precision_train: 0.997497
Recall_train: 1.000000
F1_train: 0.998747

Costo_test: 0.005174
Precision_test: 1.000000
Recall_test: 0.995074
F1_test: 0.997531
 

Arquitectura: _2_12_1_
Semilla: 1788084529
Segundos: 54
NIteraciones: 100000

Costo_train: 0.004699
Precision_train: 0.997497
Recall_train: 1.000000
F1_train: 0.998747

Costo_test: 0.004600
Precision_test: 1.000000
Recall_test: 0.995074
F1_test: 0.997531
 

Arquitectura: _2_12_1_
Semilla: 1788084529
Segundos: 54
NIteraciones: 100000

Costo_train: 0.005679
Precision_train: 0.997497
Recall_train: 1.000000
F1_train: 0.998747

Costo_test: 0.005574
Precision_test: 1.000000
Recall_test: 0.995074
F1_test: 0.997531
 

Arquitectura: _2_12_1_
Semilla: 1788084529
Segundos: 54
NIteraciones: 100000

Costo_train: 0.004303
Precision_train: 0.997497
Recall_train: 1.000000
F1_train: 0.998747

Costo_test: 0.004411
Precision_test: 1.000000
Recall_test: 0.995074
F1_test: 0.997531
 

Arquitectura: _2_12_1_
Semilla: 1788084529
Segundos: 54
NIteraciones: 100000

Costo_train: 0.005541
Precision_train: 0.997497
Recall_train: 1.000000
F1_train: 0.998747

Costo_test: 0.005482
Precision_test: 1.000000
Recall_test: 0.995074
F1_test: 0.997531
 

Arquitectura: _2_12_1_
Semilla: 1788084529
Segundos: 54
NIteraciones: 100000

Costo_train: 0.080797
Precision_train: 0.879093
Recall_train: 0.875784
F1_train: 0.877436

Costo_test: 0.077055
Precision_test: 0.879227
Recall_test: 0.896552
F1_test: 0.887805
 

Arquitectura: _2_12_1_
Semilla: 1788084529
Segundos: 54
NIteraciones: 100000

Costo_train: 0.005139
Precision_train: 0.997497
Recall_train: 1.000000
F1_train: 0.998747

Costo_test: 0.005037
Precision_test: 1.000000
Recall_test: 0.995074
F1_test: 0.997531
 

Arquitectura: _2_12_1_
Semilla: 1788084529
Segundos: 54
NIteraciones: 100000

Costo_train: 0.080688
Precision_train: 0.881313
Recall_train: 0.875784
F1_train: 0.878540

Costo_test: 0.076907
Precision_test: 0.879227
Recall_test: 0.896552
F1_test: 0.887805
 

Arquitectura: _2_12_1_
Semilla: 1788084529
Segundos: 54
NIteraciones: 100000

Costo_train: 0.005322
Precision_train: 0.997497
Recall_train: 1.000000
F1_train: 0.998747

Costo_test: 0.005262
Precision_test: 1.000000
Recall_test: 0.995074
F1_test: 0.997531
 

Arquitectura: _2_12_1_
Semilla: 1788084529
Segundos: 54
NIteraciones: 100000

Costo_train: 0.005466
Precision_train: 0.997497
Recall_train: 1.000000
F1_train: 0.998747

Costo_test: 0.005421
Precision_test: 1.000000
Recall_test: 0.995074
F1_test: 0.997531
 

Arquitectura: _2_12_1_
Semilla: 1788084529
Segundos: 54
NIteraciones: 100000

Costo_train: 0.005491
Precision_train: 0.997497
Recall_train: 1.000000
F1_train: 0.998747

Costo_test: 0.005429
Precision_test: 1.000000
Recall_test: 0.995074
F1_test: 0.997531
 

Arquitectura: _2_12_1_
Semilla: 1788084529
Segundos: 54
NIteraciones: 100000

Costo_train: 0.004035
Precision_train: 0.997497
Recall_train: 1.000000
F1_train: 0.998747

Costo_test: 0.004134
Precision_test: 1.000000
Recall_test: 0.995074
F1_test: 0.997531
 

Arquitectura: _2_12_1_
Semilla: 1788084529
Segundos: 54
NIteraciones: 100000

Costo_train: 0.005712
Precision_train: 0.997497
Recall_train: 1.000000
F1_train: 0.998747

Costo_test: 0.005596
Precision_test: 1.000000
Recall_test: 0.995074
F1_test: 0.997531
 

Arquitectura: _2_12_1_
Semilla: 1788084529
Segundos: 54
NIteraciones: 100000

Costo_train: 0.005500
Precision_train: 0.997497
Recall_train: 1.000000
F1_train: 0.998747

Costo_test: 0.005425
Precision_test: 1.000000
Recall_test: 0.995074
F1_test: 0.997531
 

Arquitectura: _2_12_1_
Semilla: 1788084529
Segundos: 54
NIteraciones: 100000

Costo_train: 0.006564
Precision_train: 0.997497
Recall_train: 1.000000
F1_train: 0.998747

Costo_test: 0.006438
Precision_test: 0.995074
Recall_test: 0.995074
F1_test: 0.995074
 

Arquitectura: _2_12_1_
Semilla: 1788084529
Segundos: 54
NIteraciones: 100000

Costo_train: 0.080782
Precision_train: 0.879093
Recall_train: 0.875784
F1_train: 0.877436

Costo_test: 0.077058
Precision_test: 0.879227
Recall_test: 0.896552
F1_test: 0.887805
 

Arquitectura: _2_12_1_
Semilla: 1788084529
Segundos: 54
NIteraciones: 100000

Costo_train: 0.005872
Precision_train: 0.997497
Recall_train: 1.000000
F1_train: 0.998747

Costo_test: 0.005858
Precision_test: 0.995074
Recall_test: 0.995074
F1_test: 0.995074
 

Arquitectura: _2_12_1_
Semilla: 1788084529
Segundos: 54
NIteraciones: 100000

Costo_train: 0.005172
Precision_train: 0.997497
Recall_train: 1.000000
F1_train: 0.998747

Costo_test: 0.005110
Precision_test: 1.000000
Recall_test: 0.995074
F1_test: 0.997531
 

Arquitectura: _2_12_1_
Semilla: 1788084529
Segundos: 54
NIteraciones: 100000

Costo_train: 0.080785
Precision_train: 0.879093
Recall_train: 0.875784
F1_train: 0.877436

Costo_test: 0.077051
Precision_test: 0.879227
Recall_test: 0.896552
F1_test: 0.887805
 

Arquitectura: _2_12_1_
Semilla: 1788084529
Segundos: 54
NIteraciones: 100000

Costo_train: 0.005039
Precision_train: 0.997497
Recall_train: 1.000000
F1_train: 0.998747

Costo_test: 0.004945
Precision_test: 1.000000
Recall_test: 0.995074
F1_test: 0.997531
 

Arquitectura: _2_12_1_
Semilla: 1788084529
Segundos: 54
NIteraciones: 100000

Costo_train: 0.005202
Precision_train: 0.997497
Recall_train: 1.000000
F1_train: 0.998747

Costo_test: 0.005109
Precision_test: 1.000000
Recall_test: 0.995074
F1_test: 0.997531
 

Arquitectura: _2_12_1_
Semilla: 1788084529
Segundos: 54
NIteraciones: 100000

Costo_train: 0.005345
Precision_train: 0.997497
Recall_train: 1.000000
F1_train: 0.998747

Costo_test: 0.005208
Precision_test: 1.000000
Recall_test: 0.995074
F1_test: 0.997531
 

Arquitectura: _2_12_1_
Semilla: 1788084529
Segundos: 54
NIteraciones: 100000

Costo_train: 0.006303
Precision_train: 0.997497
Recall_train: 1.000000
F1_train: 0.998747

Costo_test: 0.006289
Precision_test: 0.995074
Recall_test: 0.995074
F1_test: 0.995074
 

Arquitectura: _2_12_1_
Semilla: 1788084529
Segundos: 54
NIteraciones: 100000

Costo_train: 0.004883
Precision_train: 0.997497
Recall_train: 1.000000
F1_train: 0.998747

Costo_test: 0.004791
Precision_test: 1.000000
Recall_test: 0.995074
F1_test: 0.997531
 

Arquitectura: _2_12_1_
Semilla: 1788084529
Segundos: 54
NIteraciones: 100000

Costo_train: 0.004227
Precision_train: 0.997497
Recall_train: 1.000000
F1_train: 0.998747

Costo_test: 0.004357
Precision_test: 1.000000
Recall_test: 0.995074
F1_test: 0.997531
 

Arquitectura: _2_12_1_
Semilla: 1788084529
Segundos: 54
NIteraciones: 100000

Costo_train: 0.004976
Precision_train: 0.997497
Recall_train: 1.000000
F1_train: 0.998747

Costo_test: 0.004878
Precision_test: 1.000000
Recall_test: 0.995074
F1_test: 0.997531
 

Arquitectura: _2_12_1_
Semilla: 1788084529
Segundos: 54
NIteraciones: 100000

Costo_train: 0.080806
Precision_train: 0.879245
Recall_train: 0.877039
F1_train: 0.878141

Costo_test: 0.077090
Precision_test: 0.879227
Recall_test: 0.896552
F1_test: 0.887805
 

Arquitectura: _2_12_1_
Semilla: 1788084529
Segundos: 54
NIteraciones: 100000

Costo_train: 0.005532
Precision_train: 0.997497
Recall_train: 1.000000
F1_train: 0.998747

Costo_test: 0.005496
Precision_test: 1.000000
Recall_test: 0.995074
F1_test: 0.997531
 

Arquitectura: _2_12_1_
Semilla: 1788084529
Segundos: 54
NIteraciones: 100000

Costo_train: 0.005933
Precision_train: 0.997497
Recall_train: 1.000000
F1_train: 0.998747

Costo_test: 0.005776
Precision_test: 1.000000
Recall_test: 0.995074
F1_test: 0.997531
 

Arquitectura: _2_12_1_
Semilla: 1788084529
Segundos: 54
NIteraciones: 100000

Costo_train: 0.080769
Precision_train: 0.879093
Recall_train: 0.875784
F1_train: 0.877436

Costo_test: 0.077048
Precision_test: 0.879227
Recall_test: 0.896552
F1_test: 0.887805
 

Arquitectura: _2_12_1_
Semilla: 1788084529
Segundos: 54
NIteraciones: 100000

Costo_train: 0.004889
Precision_train: 0.997497
Recall_train: 1.000000
F1_train: 0.998747

Costo_test: 0.004764
Precision_test: 1.000000
Recall_test: 0.995074
F1_test: 0.997531
 

Arquitectura: _2_12_1_
Semilla: 1788084529
Segundos: 54
NIteraciones: 100000

Costo_train: 0.005080
Precision_train: 0.997497
Recall_train: 1.000000
F1_train: 0.998747

Costo_test: 0.005035
Precision_test: 1.000000
Recall_test: 0.995074
F1_test: 0.997531
 

Arquitectura: _2_12_1_
Semilla: 1788084529
Segundos: 54
NIteraciones: 100000

Costo_train: 0.005344
Precision_train: 0.997497
Recall_train: 1.000000
F1_train: 0.998747

Costo_test: 0.005183
Precision_test: 1.000000
Recall_test: 0.995074
F1_test: 0.997531
 

Arquitectura: _2_12_1_
Semilla: 1788084529
Segundos: 54
NIteraciones: 100000

Costo_train: 0.004892
Precision_train: 0.997497
Recall_train: 1.000000
F1_train: 0.998747

Costo_test: 0.004772
Precision_test: 1.000000
Recall_test: 0.995074
F1_test: 0.997531
 

Arquitectura: _2_12_1_
Semilla: 1788084529
Segundos: 54
NIteraciones: 100000

Costo_train: 0.006055
Precision_train: 0.997497
Recall_train: 1.000000
F1_train: 0.998747

Costo_test: 0.005980
Precision_test: 0.995074
Recall_test: 0.995074
F1_test: 0.995074
 

Arquitectura: _2_12_1_
Semilla: 1788084529
Segundos: 54
NIteraciones: 100000

Costo_train: 0.004723
Precision_train: 0.997497
Recall_train: 1.000000
F1_train: 0.998747

Costo_test: 0.004897
Precision_test: 1.000000
Recall_test: 0.995074
F1_test: 0.997531
 

Arquitectura: _2_12_1_
Semilla: 1788084529
Segundos: 54
NIteraciones: 100000

Costo_train: 0.005388
Precision_train: 0.997497
Recall_train: 1.000000
F1_train: 0.998747

Costo_test: 0.005283
Precision_test: 1.000000
Recall_test: 0.995074
F1_test: 0.997531
 

Arquitectura: _2_12_1_
Semilla: 1788084529
Segundos: 54
NIteraciones: 100000

Costo_train: 0.007178
Precision_train: 0.997497
Recall_train: 1.000000
F1_train: 0.998747

Costo_test: 0.007061
Precision_test: 0.995074
Recall_test: 0.995074
F1_test: 0.995074
 

Arquitectura: _2_12_1_
Semilla: 1788084529
Segundos: 54
NIteraciones: 100000

Costo_train: 0.080800
Precision_train: 0.879093
Recall_train: 0.875784
F1_train: 0.877436

Costo_test: 0.077071
Precision_test: 0.879227
Recall_test: 0.896552
F1_test: 0.887805
 

Arquitectura: _2_12_1_
Semilla: 1788084529
Segundos: 54
NIteraciones: 100000

Costo_train: 0.005093
Precision_train: 0.997497
Recall_train: 1.000000
F1_train: 0.998747

Costo_test: 0.005022
Precision_test: 1.000000
Recall_test: 0.995074
F1_test: 0.997531
 

Arquitectura: _2_12_1_
Semilla: 1788084529
Segundos: 54
NIteraciones: 100000

Costo_train: 0.005198
Precision_train: 0.997497
Recall_train: 1.000000
F1_train: 0.998747

Costo_test: 0.005158
Precision_test: 1.000000
Recall_test: 0.995074
F1_test: 0.997531
 

Arquitectura: _2_12_1_
Semilla: 1788084529
Segundos: 54
NIteraciones: 100000

Costo_train: 0.004626
Precision_train: 0.997497
Recall_train: 1.000000
F1_train: 0.998747

Costo_test: 0.004829
Precision_test: 1.000000
Recall_test: 0.995074
F1_test: 0.997531
 

Arquitectura: _2_12_1_
Semilla: 1788084529
Segundos: 54
NIteraciones: 100000

Costo_train: 0.006760
Precision_train: 0.997497
Recall_train: 1.000000
F1_train: 0.998747

Costo_test: 0.006616
Precision_test: 0.995074
Recall_test: 0.995074
F1_test: 0.995074
 

Arquitectura: _2_12_1_
Semilla: 1788084529
Segundos: 54
NIteraciones: 100000

Costo_train: 0.006212
Precision_train: 0.997497
Recall_train: 1.000000
F1_train: 0.998747

Costo_test: 0.006160
Precision_test: 0.995074
Recall_test: 0.995074
F1_test: 0.995074
 

Arquitectura: _2_12_1_
Semilla: 1788084529
Segundos: 54
NIteraciones: 100000

Costo_train: 0.005265
Precision_train: 0.997497
Recall_train: 1.000000
F1_train: 0.998747

Costo_test: 0.005385
Precision_test: 1.000000
Recall_test: 0.995074
F1_test: 0.997531
 

Arquitectura: _2_12_1_
Semilla: 1788084529
Segundos: 54
NIteraciones: 100000

Costo_train: 0.004340
Precision_train: 0.997497
Recall_train: 1.000000
F1_train: 0.998747

Costo_test: 0.004374
Precision_test: 1.000000
Recall_test: 0.995074
F1_test: 0.997531
 

Arquitectura: _2_12_1_
Semilla: 1788084529
Segundos: 54
NIteraciones: 100000

Costo_train: 0.007747
Precision_train: 0.997497
Recall_train: 1.000000
F1_train: 0.998747

Costo_test: 0.007721
Precision_test: 0.995074
Recall_test: 0.995074
F1_test: 0.995074
 

Arquitectura: _2_12_1_
Semilla: 1788084529
Segundos: 54
NIteraciones: 100000

Costo_train: 0.005029
Precision_train: 0.997497
Recall_train: 1.000000
F1_train: 0.998747

Costo_test: 0.004976
Precision_test: 1.000000
Recall_test: 0.995074
F1_test: 0.997531
 

Arquitectura: _2_12_1_
Semilla: 1788084529
Segundos: 54
NIteraciones: 100000

Costo_train: 0.004749
Precision_train: 0.997497
Recall_train: 1.000000
F1_train: 0.998747

Costo_test: 0.004655
Precision_test: 1.000000
Recall_test: 0.995074
F1_test: 0.997531
 

Arquitectura: _2_12_1_
Semilla: 1788084529
Segundos: 54
NIteraciones: 100000

Costo_train: 0.007964
Precision_train: 0.996250
Recall_train: 1.000000
F1_train: 0.998122

Costo_test: 0.007923
Precision_test: 0.995074
Recall_test: 0.995074
F1_test: 0.995074
 

Arquitectura: _2_12_1_
Semilla: 1788084529
Segundos: 54
NIteraciones: 100000

Costo_train: 0.003952
Precision_train: 0.997497
Recall_train: 1.000000
F1_train: 0.998747

Costo_test: 0.004170
Precision_test: 1.000000
Recall_test: 0.995074
F1_test: 0.997531
 

Arquitectura: _2_12_1_
Semilla: 1788084529
Segundos: 54
NIteraciones: 100000

Costo_train: 0.080791
Precision_train: 0.879245
Recall_train: 0.877039
F1_train: 0.878141

Costo_test: 0.077073
Precision_test: 0.879227
Recall_test: 0.896552
F1_test: 0.887805
 

Arquitectura: _2_12_1_
Semilla: 1788084529
Segundos: 54
NIteraciones: 100000

Costo_train: 0.005138
Precision_train: 0.997497
Recall_train: 1.000000
F1_train: 0.998747

Costo_test: 0.005021
Precision_test: 1.000000
Recall_test: 0.995074
F1_test: 0.997531
 

Arquitectura: _2_12_1_
Semilla: 1788084529
Segundos: 54
NIteraciones: 100000

Costo_train: 0.004991
Precision_train: 0.997497
Recall_train: 1.000000
F1_train: 0.998747

Costo_test: 0.004865
Precision_test: 1.000000
Recall_test: 0.995074
F1_test: 0.997531
 

Arquitectura: _2_12_1_
Semilla: 1788084529
Segundos: 54
NIteraciones: 100000

Costo_train: 0.080768
Precision_train: 0.879093
Recall_train: 0.875784
F1_train: 0.877436

Costo_test: 0.077037
Precision_test: 0.879227
Recall_test: 0.896552
F1_test: 0.887805
 

Arquitectura: _2_12_1_
Semilla: 1788084529
Segundos: 54
NIteraciones: 100000

Costo_train: 0.005203
Precision_train: 0.997497
Recall_train: 1.000000
F1_train: 0.998747

Costo_test: 0.005080
Precision_test: 1.000000
Recall_test: 0.995074
F1_test: 0.997531
 

Arquitectura: _2_12_1_
Semilla: 1788084529
Segundos: 54
NIteraciones: 100000

Costo_train: 0.004301
Precision_train: 0.997497
Recall_train: 1.000000
F1_train: 0.998747

Costo_test: 0.004439
Precision_test: 1.000000
Recall_test: 0.995074
F1_test: 0.997531
 

Arquitectura: _2_12_1_
Semilla: 1788084529
Segundos: 54
NIteraciones: 100000

Costo_train: 0.005650
Precision_train: 0.997497
Recall_train: 1.000000
F1_train: 0.998747

Costo_test: 0.005633
Precision_test: 0.995074
Recall_test: 0.995074
F1_test: 0.995074
 

Arquitectura: _2_12_1_
Semilla: 1788084529
Segundos: 54
NIteraciones: 100000

Costo_train: 0.080810
Precision_train: 0.879245
Recall_train: 0.877039
F1_train: 0.878141

Costo_test: 0.077096
Precision_test: 0.879227
Recall_test: 0.896552
F1_test: 0.887805
 

Arquitectura: _2_12_1_
Semilla: 1788084529
Segundos: 54
NIteraciones: 100000

Costo_train: 0.009032
Precision_train: 0.996241
Recall_train: 0.997491
F1_train: 0.996865

Costo_test: 0.008803
Precision_test: 0.995049
Recall_test: 0.990148
F1_test: 0.992593
 


--- Test Profunda 4.0 ---
Iteración 10000
Costo: 0.249767
Iteración 20000
Costo: 0.249356
Iteración 30000
Costo: 0.247529
Iteración 40000
Costo: 0.171920
Iteración 50000
Costo: 0.086243
Iteración 60000
Costo: 0.084801
Iteración 70000
Costo: 0.083920
Iteración 80000
Costo: 0.083241
Iteración 90000
Costo: 0.082328

Arquitectura: _2_3_3_3_3_1_
Semilla: 1788084583
Segundos: 186
NIteraciones: 100000

Costo_train: 0.072638
Precision_train: 0.899235
Recall_train: 0.884567
F1_train: 0.891841

Costo_test: 0.068172
Precision_test: 0.893204
Recall_test: 0.906404
F1_test: 0.899756
 

Arquitectura: _2_3_3_3_3_1_
Semilla: 1788084583
Segundos: 186
NIteraciones: 100000

Costo_train: 0.082478
Precision_train: 0.882279
Recall_train: 0.874529
F1_train: 0.878387

Costo_test: 0.078437
Precision_test: 0.878641
Recall_test: 0.891626
F1_test: 0.885086
 

Arquitectura: _2_3_3_3_3_1_
Semilla: 1788084583
Segundos: 186
NIteraciones: 100000

Costo_train: 0.082072
Precision_train: 0.882279
Recall_train: 0.874529
F1_train: 0.878387

Costo_test: 0.078072
Precision_test: 0.878641
Recall_test: 0.891626
F1_test: 0.885086
 

Arquitectura: _2_3_3_3_3_1_
Semilla: 1788084583
Segundos: 186
NIteraciones: 100000

Costo_train: 0.083232
Precision_train: 0.891165
Recall_train: 0.873275
F1_train: 0.882129

Costo_test: 0.078798
Precision_test: 0.878641
Recall_test: 0.891626
F1_test: 0.885086
 

Arquitectura: _2_3_3_3_3_1_
Semilla: 1788084583
Segundos: 186
NIteraciones: 100000

Costo_train: 0.247762
Precision_train: 0.997500
Recall_train: 0.500627
F1_train: 0.666667

Costo_test: 0.247902
Precision_test: 1.000000
Recall_test: 0.472906
F1_test: 0.642141
 

Arquitectura: _2_3_3_3_3_1_
Semilla: 1788084583
Segundos: 186
NIteraciones: 100000

Costo_train: 0.001553
Precision_train: 0.997497
Recall_train: 1.000000
F1_train: 0.998747

Costo_test: 0.001624
Precision_test: 1.000000
Recall_test: 1.000000
F1_test: 1.000000
 

Arquitectura: _2_3_3_3_3_1_
Semilla: 1788084583
Segundos: 186
NIteraciones: 100000

Costo_train: 0.082537
Precision_train: 0.882279
Recall_train: 0.874529
F1_train: 0.878387

Costo_test: 0.078468
Precision_test: 0.878641
Recall_test: 0.891626
F1_test: 0.885086
 

Arquitectura: _2_3_3_3_3_1_
Semilla: 1788084583
Segundos: 186
NIteraciones: 100000

Costo_train: 0.082355
Precision_train: 0.882129
Recall_train: 0.873275
F1_train: 0.877680

Costo_test: 0.078294
Precision_test: 0.878641
Recall_test: 0.891626
F1_test: 0.885086
 

Arquitectura: _2_3_3_3_3_1_
Semilla: 1788084583
Segundos: 186
NIteraciones: 100000

Costo_train: 0.082781
Precision_train: 0.882279
Recall_train: 0.874529
F1_train: 0.878387

Costo_test: 0.078633
Precision_test: 0.878641
Recall_test: 0.891626
F1_test: 0.885086
 

Arquitectura: _2_3_3_3_3_1_
Semilla: 1788084583
Segundos: 186
NIteraciones: 100000

Costo_train: 0.082539
Precision_train: 0.882279
Recall_train: 0.874529
F1_train: 0.878387

Costo_test: 0.078431
Precision_test: 0.878641
Recall_test: 0.891626
F1_test: 0.885086
 

Arquitectura: _2_3_3_3_3_1_
Semilla: 1788084583
Segundos: 186
NIteraciones: 100000

Costo_train: 0.082602
Precision_train: 0.882279
Recall_train: 0.874529
F1_train: 0.878387

Costo_test: 0.078518
Precision_test: 0.878641
Recall_test: 0.891626
F1_test: 0.885086
 

Arquitectura: _2_3_3_3_3_1_
Semilla: 1788084583
Segundos: 186
NIteraciones: 100000

Costo_train: 0.082248
Precision_train: 0.882279
Recall_train: 0.874529
F1_train: 0.878387

Costo_test: 0.078250
Precision_test: 0.878641
Recall_test: 0.891626
F1_test: 0.885086
 

Arquitectura: _2_3_3_3_3_1_
Semilla: 1788084583
Segundos: 186
NIteraciones: 100000

Costo_train: 0.082657
Precision_train: 0.882279
Recall_train: 0.874529
F1_train: 0.878387

Costo_test: 0.078589
Precision_test: 0.878641
Recall_test: 0.891626
F1_test: 0.885086
 

Arquitectura: _2_3_3_3_3_1_
Semilla: 1788084583
Segundos: 186
NIteraciones: 100000

Costo_train: 0.082646
Precision_train: 0.882279
Recall_train: 0.874529
F1_train: 0.878387

Costo_test: 0.078587
Precision_test: 0.878641
Recall_test: 0.891626
F1_test: 0.885086
 

Arquitectura: _2_3_3_3_3_1_
Semilla: 1788084583
Segundos: 186
NIteraciones: 100000

Costo_train: 0.082679
Precision_train: 0.884224
Recall_train: 0.872020
F1_train: 0.878080

Costo_test: 0.078478
Precision_test: 0.878641
Recall_test: 0.891626
F1_test: 0.885086
 

Arquitectura: _2_3_3_3_3_1_
Semilla: 1788084583
Segundos: 186
NIteraciones: 100000

Costo_train: 0.083360
Precision_train: 0.891443
Recall_train: 0.875784
F1_train: 0.883544

Costo_test: 0.078420
Precision_test: 0.887805
Recall_test: 0.896552
F1_test: 0.892157
 

Arquitectura: _2_3_3_3_3_1_
Semilla: 1788084583
Segundos: 186
NIteraciones: 100000

Costo_train: 0.082832
Precision_train: 0.882279
Recall_train: 0.874529
F1_train: 0.878387

Costo_test: 0.078692
Precision_test: 0.878641
Recall_test: 0.891626
F1_test: 0.885086
 

Arquitectura: _2_3_3_3_3_1_
Semilla: 1788084583
Segundos: 186
NIteraciones: 100000

Costo_train: 0.083049
Precision_train: 0.882279
Recall_train: 0.874529
F1_train: 0.878387

Costo_test: 0.078889
Precision_test: 0.878641
Recall_test: 0.891626
F1_test: 0.885086
 

Arquitectura: _2_3_3_3_3_1_
Semilla: 1788084583
Segundos: 186
NIteraciones: 100000

Costo_train: 0.082108
Precision_train: 0.881163
Recall_train: 0.874529
F1_train: 0.877834

Costo_test: 0.078144
Precision_test: 0.878641
Recall_test: 0.891626
F1_test: 0.885086
 

Arquitectura: _2_3_3_3_3_1_
Semilla: 1788084583
Segundos: 186
NIteraciones: 100000

Costo_train: 0.001939
Precision_train: 0.997497
Recall_train: 1.000000
F1_train: 0.998747

Costo_test: 0.002151
Precision_test: 1.000000
Recall_test: 0.995074
F1_test: 0.997531
 

Arquitectura: _2_3_3_3_3_1_
Semilla: 1788084583
Segundos: 186
NIteraciones: 100000

Costo_train: 0.082375
Precision_train: 0.882279
Recall_train: 0.874529
F1_train: 0.878387

Costo_test: 0.078318
Precision_test: 0.878641
Recall_test: 0.891626
F1_test: 0.885086
 

Arquitectura: _2_3_3_3_3_1_
Semilla: 1788084583
Segundos: 186
NIteraciones: 100000

Costo_train: 0.082132
Precision_train: 0.881163
Recall_train: 0.874529
F1_train: 0.877834

Costo_test: 0.078161
Precision_test: 0.878641
Recall_test: 0.891626
F1_test: 0.885086
 

Arquitectura: _2_3_3_3_3_1_
Semilla: 1788084583
Segundos: 186
NIteraciones: 100000

Costo_train: 0.082429
Precision_train: 0.882279
Recall_train: 0.874529
F1_train: 0.878387

Costo_test: 0.078418
Precision_test: 0.878641
Recall_test: 0.891626
F1_test: 0.885086
 

Arquitectura: _2_3_3_3_3_1_
Semilla: 1788084583
Segundos: 186
NIteraciones: 100000

Costo_train: 0.082275
Precision_train: 0.881163
Recall_train: 0.874529
F1_train: 0.877834

Costo_test: 0.078298
Precision_test: 0.878641
Recall_test: 0.891626
F1_test: 0.885086
 

Arquitectura: _2_3_3_3_3_1_
Semilla: 1788084583
Segundos: 186
NIteraciones: 100000

Costo_train: 0.247207
Precision_train: 0.856226
Recall_train: 0.836888
F1_train: 0.846447

Costo_test: 0.247271
Precision_test: 0.855769
Recall_test: 0.876847
F1_test: 0.866180
 

Arquitectura: _2_3_3_3_3_1_
Semilla: 1788084583
Segundos: 186
NIteraciones: 100000

Costo_train: 0.082297
Precision_train: 0.882279
Recall_train: 0.874529
F1_train: 0.878387

Costo_test: 0.078294
Precision_test: 0.878641
Recall_test: 0.891626
F1_test: 0.885086
 

Arquitectura: _2_3_3_3_3_1_
Semilla: 1788084583
Segundos: 186
NIteraciones: 100000

Costo_train: 0.173665
Precision_train: 0.797330
Recall_train: 0.824341
F1_train: 0.810611

Costo_test: 0.176272
Precision_test: 0.774336
Recall_test: 0.862069
F1_test: 0.815851
 

Arquitectura: _2_3_3_3_3_1_
Semilla: 1788084583
Segundos: 186
NIteraciones: 100000

Costo_train: 0.083225
Precision_train: 0.882576
Recall_train: 0.877039
F1_train: 0.879799

Costo_test: 0.079144
Precision_test: 0.879227
Recall_test: 0.896552
F1_test: 0.887805
 

Arquitectura: _2_3_3_3_3_1_
Semilla: 1788084583
Segundos: 186
NIteraciones: 100000

Costo_train: 0.082354
Precision_train: 0.882279
Recall_train: 0.874529
F1_train: 0.878387

Costo_test: 0.078333
Precision_test: 0.878641
Recall_test: 0.891626
F1_test: 0.885086
 

Arquitectura: _2_3_3_3_3_1_
Semilla: 1788084583
Segundos: 186
NIteraciones: 100000

Costo_train: 0.082228
Precision_train: 0.882279
Recall_train: 0.874529
F1_train: 0.878387

Costo_test: 0.078244
Precision_test: 0.878641
Recall_test: 0.891626
F1_test: 0.885086
 

Arquitectura: _2_3_3_3_3_1_
Semilla: 1788084583
Segundos: 186
NIteraciones: 100000

Costo_train: 0.082503
Precision_train: 0.883100
Recall_train: 0.872020
F1_train: 0.877525

Costo_test: 0.078381
Precision_test: 0.878641
Recall_test: 0.891626
F1_test: 0.885086
 

Arquitectura: _2_3_3_3_3_1_
Semilla: 1788084583
Segundos: 186
NIteraciones: 100000

Costo_train: 0.082247
Precision_train: 0.881163
Recall_train: 0.874529
F1_train: 0.877834

Costo_test: 0.078271
Precision_test: 0.878641
Recall_test: 0.891626
F1_test: 0.885086
 

Arquitectura: _2_3_3_3_3_1_
Semilla: 1788084583
Segundos: 186
NIteraciones: 100000

Costo_train: 0.082892
Precision_train: 0.882279
Recall_train: 0.874529
F1_train: 0.878387

Costo_test: 0.078836
Precision_test: 0.878641
Recall_test: 0.891626
F1_test: 0.885086
 

Arquitectura: _2_3_3_3_3_1_
Semilla: 1788084583
Segundos: 186
NIteraciones: 100000

Costo_train: 0.040589
Precision_train: 0.958069
Recall_train: 0.946048
F1_train: 0.952020

Costo_test: 0.038337
Precision_test: 0.960591
Recall_test: 0.960591
F1_test: 0.960591
 

Arquitectura: _2_3_3_3_3_1_
Semilla: 1788084583
Segundos: 186
NIteraciones: 100000

Costo_train: 0.082412
Precision_train: 0.883100
Recall_train: 0.872020
F1_train: 0.877525

Costo_test: 0.078278
Precision_test: 0.878641
Recall_test: 0.891626
F1_test: 0.885086
 

Arquitectura: _2_3_3_3_3_1_
Semilla: 1788084583
Segundos: 186
NIteraciones: 100000

Costo_train: 0.082065
Precision_train: 0.881163
Recall_train: 0.874529
F1_train: 0.877834

Costo_test: 0.078092
Precision_test: 0.878641
Recall_test: 0.891626
F1_test: 0.885086
 

Arquitectura: _2_3_3_3_3_1_
Semilla: 1788084583
Segundos: 186
NIteraciones: 100000

Costo_train: 0.082566
Precision_train: 0.882427
Recall_train: 0.875784
F1_train: 0.879093

Costo_test: 0.078539
Precision_test: 0.878641
Recall_test: 0.891626
F1_test: 0.885086
 

Arquitectura: _2_3_3_3_3_1_
Semilla: 1788084583
Segundos: 186
NIteraciones: 100000

Costo_train: 0.002317
Precision_train: 0.997497
Recall_train: 1.000000
F1_train: 0.998747

Costo_test: 0.002474
Precision_test: 1.000000
Recall_test: 0.995074
F1_test: 0.997531
 

Arquitectura: _2_3_3_3_3_1_
Semilla: 1788084583
Segundos: 186
NIteraciones: 100000

Costo_train: 0.084920
Precision_train: 0.891892
Recall_train: 0.869511
F1_train: 0.880559

Costo_test: 0.080306
Precision_test: 0.882353
Recall_test: 0.886699
F1_test: 0.884521
 

Arquitectura: _2_3_3_3_3_1_
Semilla: 1788084583
Segundos: 186
NIteraciones: 100000

Costo_train: 0.002764
Precision_train: 0.997497
Recall_train: 1.000000
F1_train: 0.998747

Costo_test: 0.003037
Precision_test: 1.000000
Recall_test: 0.995074
F1_test: 0.997531
 

Arquitectura: _2_3_3_3_3_1_
Semilla: 1788084583
Segundos: 186
NIteraciones: 100000

Costo_train: 0.083743
Precision_train: 0.882427
Recall_train: 0.875784
F1_train: 0.879093

Costo_test: 0.079583
Precision_test: 0.878641
Recall_test: 0.891626
F1_test: 0.885086
 

Arquitectura: _2_3_3_3_3_1_
Semilla: 1788084583
Segundos: 186
NIteraciones: 100000

Costo_train: 0.082405
Precision_train: 0.882279
Recall_train: 0.874529
F1_train: 0.878387

Costo_test: 0.078348
Precision_test: 0.878641
Recall_test: 0.891626
F1_test: 0.885086
 

Arquitectura: _2_3_3_3_3_1_
Semilla: 1788084583
Segundos: 186
NIteraciones: 100000

Costo_train: 0.004355
Precision_train: 0.997497
Recall_train: 1.000000
F1_train: 0.998747

Costo_test: 0.004915
Precision_test: 1.000000
Recall_test: 0.995074
F1_test: 0.997531
 

Arquitectura: _2_3_3_3_3_1_
Semilla: 1788084583
Segundos: 186
NIteraciones: 100000

Costo_train: 0.082317
Precision_train: 0.882279
Recall_train: 0.874529
F1_train: 0.878387

Costo_test: 0.078314
Precision_test: 0.878641
Recall_test: 0.891626
F1_test: 0.885086
 

Arquitectura: _2_3_3_3_3_1_
Semilla: 1788084583
Segundos: 186
NIteraciones: 100000

Costo_train: 0.082301
Precision_train: 0.882279
Recall_train: 0.874529
F1_train: 0.878387

Costo_test: 0.078287
Precision_test: 0.878641
Recall_test: 0.891626
F1_test: 0.885086
 

Arquitectura: _2_3_3_3_3_1_
Semilla: 1788084583
Segundos: 186
NIteraciones: 100000

Costo_train: 0.082145
Precision_train: 0.882279
Recall_train: 0.874529
F1_train: 0.878387

Costo_test: 0.078142
Precision_test: 0.878641
Recall_test: 0.891626
F1_test: 0.885086
 

Arquitectura: _2_3_3_3_3_1_
Semilla: 1788084583
Segundos: 186
NIteraciones: 100000

Costo_train: 0.082245
Precision_train: 0.882279
Recall_train: 0.874529
F1_train: 0.878387

Costo_test: 0.078228
Precision_test: 0.878641
Recall_test: 0.891626
F1_test: 0.885086
 

Arquitectura: _2_3_3_3_3_1_
Semilla: 1788084583
Segundos: 186
NIteraciones: 100000

Costo_train: 0.002456
Precision_train: 0.997497
Recall_train: 1.000000
F1_train: 0.998747

Costo_test: 0.002537
Precision_test: 1.000000
Recall_test: 0.995074
F1_test: 0.997531
 

Arquitectura: _2_3_3_3_3_1_
Semilla: 1788084583
Segundos: 186
NIteraciones: 100000

Costo_train: 0.001896
Precision_train: 0.997497
Recall_train: 1.000000
F1_train: 0.998747

Costo_test: 0.002147
Precision_test: 1.000000
Recall_test: 0.995074
F1_test: 0.997531
 

Arquitectura: _2_3_3_3_3_1_
Semilla: 1788084583
Segundos: 186
NIteraciones: 100000

Costo_train: 0.084665
Precision_train: 0.883544
Recall_train: 0.875784
F1_train: 0.879647

Costo_test: 0.080384
Precision_test: 0.878641
Recall_test: 0.891626
F1_test: 0.885086
 

Arquitectura: _2_3_3_3_3_1_
Semilla: 1788084583
Segundos: 186
NIteraciones: 100000

Costo_train: 0.082270
Precision_train: 0.882279
Recall_train: 0.874529
F1_train: 0.878387

Costo_test: 0.078270
Precision_test: 0.878641
Recall_test: 0.891626
F1_test: 0.885086
 

Arquitectura: _2_3_3_3_3_1_
Semilla: 1788084583
Segundos: 186
NIteraciones: 100000

Costo_train: 0.002583
Precision_train: 0.997497
Recall_train: 1.000000
F1_train: 0.998747

Costo_test: 0.003005
Precision_test: 1.000000
Recall_test: 0.995074
F1_test: 0.997531
 

Arquitectura: _2_3_3_3_3_1_
Semilla: 1788084583
Segundos: 186
NIteraciones: 100000

Costo_train: 0.082058
Precision_train: 0.880050
Recall_train: 0.874529
F1_train: 0.877281

Costo_test: 0.078122
Precision_test: 0.879227
Recall_test: 0.896552
F1_test: 0.887805
 

Arquitectura: _2_3_3_3_3_1_
Semilla: 1788084583
Segundos: 186
NIteraciones: 100000

Costo_train: 0.078302
Precision_train: 0.893401
Recall_train: 0.883312
F1_train: 0.888328

Costo_test: 0.073749
Precision_test: 0.888350
Recall_test: 0.901478
F1_test: 0.894866
 

Arquitectura: _2_3_3_3_3_1_
Semilla: 1788084583
Segundos: 186
NIteraciones: 100000

Costo_train: 0.004608
Precision_train: 0.997497
Recall_train: 1.000000
F1_train: 0.998747

Costo_test: 0.004923
Precision_test: 1.000000
Recall_test: 0.995074
F1_test: 0.997531
 

Arquitectura: _2_3_3_3_3_1_
Semilla: 1788084583
Segundos: 186
NIteraciones: 100000

Costo_train: 0.082849
Precision_train: 0.882427
Recall_train: 0.875784
F1_train: 0.879093

Costo_test: 0.078805
Precision_test: 0.878641
Recall_test: 0.891626
F1_test: 0.885086
 

Arquitectura: _2_3_3_3_3_1_
Semilla: 1788084583
Segundos: 186
NIteraciones: 100000

Costo_train: 0.001652
Precision_train: 0.997497
Recall_train: 1.000000
F1_train: 0.998747

Costo_test: 0.001883
Precision_test: 1.000000
Recall_test: 0.995074
F1_test: 0.997531
 

Arquitectura: _2_3_3_3_3_1_
Semilla: 1788084583
Segundos: 186
NIteraciones: 100000

Costo_train: 0.081829
Precision_train: 0.881163
Recall_train: 0.874529
F1_train: 0.877834

Costo_test: 0.077881
Precision_test: 0.879227
Recall_test: 0.896552
F1_test: 0.887805
 

Arquitectura: _2_3_3_3_3_1_
Semilla: 1788084583
Segundos: 186
NIteraciones: 100000

Costo_train: 0.082535
Precision_train: 0.882279
Recall_train: 0.874529
F1_train: 0.878387

Costo_test: 0.078533
Precision_test: 0.878641
Recall_test: 0.891626
F1_test: 0.885086
 

Arquitectura: _2_3_3_3_3_1_
Semilla: 1788084583
Segundos: 186
NIteraciones: 100000

Costo_train: 0.083236
Precision_train: 0.882427
Recall_train: 0.875784
F1_train: 0.879093

Costo_test: 0.079149
Precision_test: 0.878641
Recall_test: 0.891626
F1_test: 0.885086
 

Arquitectura: _2_3_3_3_3_1_
Semilla: 1788084583
Segundos: 186
NIteraciones: 100000

Costo_train: 0.082226
Precision_train: 0.882279
Recall_train: 0.874529
F1_train: 0.878387

Costo_test: 0.078246
Precision_test: 0.878641
Recall_test: 0.891626
F1_test: 0.885086
 

Arquitectura: _2_3_3_3_3_1_
Semilla: 1788084583
Segundos: 186
NIteraciones: 100000

Costo_train: 0.081963
Precision_train: 0.882279
Recall_train: 0.874529
F1_train: 0.878387

Costo_test: 0.077974
Precision_test: 0.878641
Recall_test: 0.891626
F1_test: 0.885086
 

Arquitectura: _2_3_3_3_3_1_
Semilla: 1788084583
Segundos: 186
NIteraciones: 100000

Costo_train: 0.082011
Precision_train: 0.882279
Recall_train: 0.874529
F1_train: 0.878387

Costo_test: 0.078051
Precision_test: 0.878641
Recall_test: 0.891626
F1_test: 0.885086
 

Arquitectura: _2_3_3_3_3_1_
Semilla: 1788084583
Segundos: 186
NIteraciones: 100000

Costo_train: 0.002557
Precision_train: 0.997497
Recall_train: 1.000000
F1_train: 0.998747

Costo_test: 0.002772
Precision_test: 1.000000
Recall_test: 0.995074
F1_test: 0.997531
 

Arquitectura: _2_3_3_3_3_1_
Semilla: 1788084583
Segundos: 186
NIteraciones: 100000

Costo_train: 0.083688
Precision_train: 0.882576
Recall_train: 0.877039
F1_train: 0.879799

Costo_test: 0.079556
Precision_test: 0.879227
Recall_test: 0.896552
F1_test: 0.887805
 

Arquitectura: _2_3_3_3_3_1_
Semilla: 1788084583
Segundos: 186
NIteraciones: 100000

Costo_train: 0.081909
Precision_train: 0.882279
Recall_train: 0.874529
F1_train: 0.878387

Costo_test: 0.077967
Precision_test: 0.879227
Recall_test: 0.896552
F1_test: 0.887805
 

Arquitectura: _2_3_3_3_3_1_
Semilla: 1788084583
Segundos: 186
NIteraciones: 100000

Costo_train: 0.082158
Precision_train: 0.882279
Recall_train: 0.874529
F1_train: 0.878387

Costo_test: 0.078124
Precision_test: 0.878641
Recall_test: 0.891626
F1_test: 0.885086
 

Arquitectura: _2_3_3_3_3_1_
Semilla: 1788084583
Segundos: 186
NIteraciones: 100000

Costo_train: 0.082301
Precision_train: 0.882279
Recall_train: 0.874529
F1_train: 0.878387

Costo_test: 0.078266
Precision_test: 0.878641
Recall_test: 0.891626
F1_test: 0.885086
 

Arquitectura: _2_3_3_3_3_1_
Semilla: 1788084583
Segundos: 186
NIteraciones: 100000

Costo_train: 0.082435
Precision_train: 0.881313
Recall_train: 0.875784
F1_train: 0.878540

Costo_test: 0.078465
Precision_test: 0.878641
Recall_test: 0.891626
F1_test: 0.885086
 

Arquitectura: _2_3_3_3_3_1_
Semilla: 1788084583
Segundos: 186
NIteraciones: 100000

Costo_train: 0.082040
Precision_train: 0.880202
Recall_train: 0.875784
F1_train: 0.877987

Costo_test: 0.078103
Precision_test: 0.879227
Recall_test: 0.896552
F1_test: 0.887805
 

Arquitectura: _2_3_3_3_3_1_
Semilla: 1788084583
Segundos: 186
NIteraciones: 100000

Costo_train: 0.082109
Precision_train: 0.881163
Recall_train: 0.874529
F1_train: 0.877834

Costo_test: 0.078135
Precision_test: 0.878641
Recall_test: 0.891626
F1_test: 0.885086
 

Arquitectura: _2_3_3_3_3_1_
Semilla: 1788084583
Segundos: 186
NIteraciones: 100000

Costo_train: 0.082365
Precision_train: 0.882279
Recall_train: 0.874529
F1_train: 0.878387

Costo_test: 0.078315
Precision_test: 0.878641
Recall_test: 0.891626
F1_test: 0.885086
 

Arquitectura: _2_3_3_3_3_1_
Semilla: 1788084583
Segundos: 186
NIteraciones: 100000

Costo_train: 0.082914
Precision_train: 0.892169
Recall_train: 0.872020
F1_train: 0.881980

Costo_test: 0.078141
Precision_test: 0.887255
Recall_test: 0.891626
F1_test: 0.889435
 

Arquitectura: _2_3_3_3_3_1_
Semilla: 1788084583
Segundos: 186
NIteraciones: 100000

Costo_train: 0.001977
Precision_train: 0.997497
Recall_train: 1.000000
F1_train: 0.998747

Costo_test: 0.002219
Precision_test: 1.000000
Recall_test: 0.995074
F1_test: 0.997531
 

Arquitectura: _2_3_3_3_3_1_
Semilla: 1788084583
Segundos: 186
NIteraciones: 100000

Costo_train: 0.082185
Precision_train: 0.882279
Recall_train: 0.874529
F1_train: 0.878387

Costo_test: 0.078196
Precision_test: 0.878641
Recall_test: 0.891626
F1_test: 0.885086
 

Arquitectura: _2_3_3_3_3_1_
Semilla: 1788084583
Segundos: 186
NIteraciones: 100000

Costo_train: 0.082373
Precision_train: 0.882129
Recall_train: 0.873275
F1_train: 0.877680

Costo_test: 0.078297
Precision_test: 0.878641
Recall_test: 0.891626
F1_test: 0.885086
 

Arquitectura: _2_3_3_3_3_1_
Semilla: 1788084583
Segundos: 186
NIteraciones: 100000

Costo_train: 0.083168
Precision_train: 0.882427
Recall_train: 0.875784
F1_train: 0.879093

Costo_test: 0.079069
Precision_test: 0.878641
Recall_test: 0.891626
F1_test: 0.885086
 

Arquitectura: _2_3_3_3_3_1_
Semilla: 1788084583
Segundos: 186
NIteraciones: 100000

Costo_train: 0.002980
Precision_train: 0.997497
Recall_train: 1.000000
F1_train: 0.998747

Costo_test: 0.003127
Precision_test: 1.000000
Recall_test: 0.995074
F1_test: 0.997531
 

Arquitectura: _2_3_3_3_3_1_
Semilla: 1788084583
Segundos: 186
NIteraciones: 100000

Costo_train: 0.083705
Precision_train: 0.882576
Recall_train: 0.877039
F1_train: 0.879799

Costo_test: 0.079616
Precision_test: 0.879227
Recall_test: 0.896552
F1_test: 0.887805
 

Arquitectura: _2_3_3_3_3_1_
Semilla: 1788084583
Segundos: 186
NIteraciones: 100000

Costo_train: 0.083325
Precision_train: 0.890746
Recall_train: 0.869511
F1_train: 0.880000

Costo_test: 0.078919
Precision_test: 0.878049
Recall_test: 0.886699
F1_test: 0.882353
 

Arquitectura: _2_3_3_3_3_1_
Semilla: 1788084583
Segundos: 186
NIteraciones: 100000

Costo_train: 0.082645
Precision_train: 0.882279
Recall_train: 0.874529
F1_train: 0.878387

Costo_test: 0.078604
Precision_test: 0.878641
Recall_test: 0.891626
F1_test: 0.885086
 

Arquitectura: _2_3_3_3_3_1_
Semilla: 1788084583
Segundos: 186
NIteraciones: 100000

Costo_train: 0.082059
Precision_train: 0.882129
Recall_train: 0.873275
F1_train: 0.877680

Costo_test: 0.078032
Precision_test: 0.878641
Recall_test: 0.891626
F1_test: 0.885086
 

Arquitectura: _2_3_3_3_3_1_
Semilla: 1788084583
Segundos: 186
NIteraciones: 100000

Costo_train: 0.003155
Precision_train: 0.997497
Recall_train: 1.000000
F1_train: 0.998747

Costo_test: 0.003479
Precision_test: 1.000000
Recall_test: 0.995074
F1_test: 0.997531
 

Arquitectura: _2_3_3_3_3_1_
Semilla: 1788084583
Segundos: 186
NIteraciones: 100000

Costo_train: 0.083091
Precision_train: 0.882279
Recall_train: 0.874529
F1_train: 0.878387

Costo_test: 0.078941
Precision_test: 0.878641
Recall_test: 0.891626
F1_test: 0.885086
 

Arquitectura: _2_3_3_3_3_1_
Semilla: 1788084583
Segundos: 186
NIteraciones: 100000

Costo_train: 0.081877
Precision_train: 0.879245
Recall_train: 0.877039
F1_train: 0.878141

Costo_test: 0.077970
Precision_test: 0.879227
Recall_test: 0.896552
F1_test: 0.887805
 

Arquitectura: _2_3_3_3_3_1_
Semilla: 1788084583
Segundos: 186
NIteraciones: 100000

Costo_train: 0.083179
Precision_train: 0.882576
Recall_train: 0.877039
F1_train: 0.879799

Costo_test: 0.079105
Precision_test: 0.879227
Recall_test: 0.896552
F1_test: 0.887805
 

Arquitectura: _2_3_3_3_3_1_
Semilla: 1788084583
Segundos: 186
NIteraciones: 100000

Costo_train: 0.082625
Precision_train: 0.883397
Recall_train: 0.874529
F1_train: 0.878941

Costo_test: 0.078463
Precision_test: 0.878641
Recall_test: 0.891626
F1_test: 0.885086
 

Arquitectura: _2_3_3_3_3_1_
Semilla: 1788084583
Segundos: 186
NIteraciones: 100000

Costo_train: 0.082770
Precision_train: 0.882427
Recall_train: 0.875784
F1_train: 0.879093

Costo_test: 0.078723
Precision_test: 0.878641
Recall_test: 0.891626
F1_test: 0.885086
 

Arquitectura: _2_3_3_3_3_1_
Semilla: 1788084583
Segundos: 186
NIteraciones: 100000

Costo_train: 0.002544
Precision_train: 0.997497
Recall_train: 1.000000
F1_train: 0.998747

Costo_test: 0.002967
Precision_test: 1.000000
Recall_test: 0.995074
F1_test: 0.997531
 

Arquitectura: _2_3_3_3_3_1_
Semilla: 1788084583
Segundos: 186
NIteraciones: 100000

Costo_train: 0.082233
Precision_train: 0.881313
Recall_train: 0.875784
F1_train: 0.878540

Costo_test: 0.078258
Precision_test: 0.878641
Recall_test: 0.891626
F1_test: 0.885086
 

Arquitectura: _2_3_3_3_3_1_
Semilla: 1788084583
Segundos: 186
NIteraciones: 100000

Costo_train: 0.082113
Precision_train: 0.881163
Recall_train: 0.874529
F1_train: 0.877834

Costo_test: 0.078160
Precision_test: 0.878641
Recall_test: 0.891626
F1_test: 0.885086
 

Arquitectura: _2_3_3_3_3_1_
Semilla: 1788084583
Segundos: 186
NIteraciones: 100000

Costo_train: 0.081902
Precision_train: 0.880050
Recall_train: 0.874529
F1_train: 0.877281

Costo_test: 0.077976
Precision_test: 0.879227
Recall_test: 0.896552
F1_test: 0.887805
 

Arquitectura: _2_3_3_3_3_1_
Semilla: 1788084583
Segundos: 186
NIteraciones: 100000

Costo_train: 0.001718
Precision_train: 0.997497
Recall_train: 1.000000
F1_train: 0.998747

Costo_test: 0.001891
Precision_test: 1.000000
Recall_test: 0.995074
F1_test: 0.997531
 

Arquitectura: _2_3_3_3_3_1_
Semilla: 1788084583
Segundos: 186
NIteraciones: 100000

Costo_train: 0.082266
Precision_train: 0.882279
Recall_train: 0.874529
F1_train: 0.878387

Costo_test: 0.078253
Precision_test: 0.878641
Recall_test: 0.891626
F1_test: 0.885086
 

Arquitectura: _2_3_3_3_3_1_
Semilla: 1788084583
Segundos: 186
NIteraciones: 100000

Costo_train: 0.082239
Precision_train: 0.882279
Recall_train: 0.874529
F1_train: 0.878387

Costo_test: 0.078239
Precision_test: 0.878641
Recall_test: 0.891626
F1_test: 0.885086
 

Arquitectura: _2_3_3_3_3_1_
Semilla: 1788084583
Segundos: 186
NIteraciones: 100000

Costo_train: 0.082124
Precision_train: 0.882279
Recall_train: 0.874529
F1_train: 0.878387

Costo_test: 0.078138
Precision_test: 0.878641
Recall_test: 0.891626
F1_test: 0.885086
 

Arquitectura: _2_3_3_3_3_1_
Semilla: 1788084583
Segundos: 186
NIteraciones: 100000

Costo_train: 0.082305
Precision_train: 0.882279
Recall_train: 0.874529
F1_train: 0.878387

Costo_test: 0.078282
Precision_test: 0.878641
Recall_test: 0.891626
F1_test: 0.885086
 

Arquitectura: _2_3_3_3_3_1_
Semilla: 1788084583
Segundos: 186
NIteraciones: 100000

Costo_train: 0.083689
Precision_train: 0.888889
Recall_train: 0.873275
F1_train: 0.881013

Costo_test: 0.079317
Precision_test: 0.878641
Recall_test: 0.891626
F1_test: 0.885086
 

Arquitectura: _2_3_3_3_3_1_
Semilla: 1788084583
Segundos: 186
NIteraciones: 100000

Costo_train: 0.081702
Precision_train: 0.890306
Recall_train: 0.875784
F1_train: 0.882985

Costo_test: 0.077409
Precision_test: 0.879227
Recall_test: 0.896552
F1_test: 0.887805
 

Arquitectura: _2_3_3_3_3_1_
Semilla: 1788084583
Segundos: 186
NIteraciones: 100000

Costo_train: 0.082706
Precision_train: 0.882427
Recall_train: 0.875784
F1_train: 0.879093

Costo_test: 0.078693
Precision_test: 0.878641
Recall_test: 0.891626
F1_test: 0.885086
 


--- Test Angosta 5.0 ---
Iteración 10000
Costo: 0.080922
Iteración 20000
Costo: 0.080850
Iteración 30000
Costo: 0.080765
Iteración 40000
Costo: 0.080348
Iteración 50000
Costo: 0.066534
Iteración 60000
Costo: 0.020527
Iteración 70000
Costo: 0.011709
Iteración 80000
Costo: 0.008513
Iteración 90000
Costo: 0.006811

Arquitectura: _2_15_1_
Semilla: 1788084769
Segundos: 56
NIteraciones: 100000

Costo_train: 0.005737
Precision_train: 0.997497
Recall_train: 1.000000
F1_train: 0.998747

Costo_test: 0.005973
Precision_test: 0.995074
Recall_test: 0.995074
F1_test: 0.995074
 

Arquitectura: _2_15_1_
Semilla: 1788084769
Segundos: 56
NIteraciones: 100000

Costo_train: 0.004776
Precision_train: 0.997497
Recall_train: 1.000000
F1_train: 0.998747

Costo_test: 0.004742
Precision_test: 1.000000
Recall_test: 0.995074
F1_test: 0.997531
 

Arquitectura: _2_15_1_
Semilla: 1788084769
Segundos: 56
NIteraciones: 100000

Costo_train: 0.005561
Precision_train: 0.997497
Recall_train: 1.000000
F1_train: 0.998747

Costo_test: 0.005460
Precision_test: 1.000000
Recall_test: 0.995074
F1_test: 0.997531
 

Arquitectura: _2_15_1_
Semilla: 1788084769
Segundos: 56
NIteraciones: 100000

Costo_train: 0.007767
Precision_train: 0.997497
Recall_train: 1.000000
F1_train: 0.998747

Costo_test: 0.007613
Precision_test: 0.995074
Recall_test: 0.995074
F1_test: 0.995074
 

Arquitectura: _2_15_1_
Semilla: 1788084769
Segundos: 56
NIteraciones: 100000

Costo_train: 0.004647
Precision_train: 0.997497
Recall_train: 1.000000
F1_train: 0.998747

Costo_test: 0.004605
Precision_test: 1.000000
Recall_test: 0.995074
F1_test: 0.997531
 

Arquitectura: _2_15_1_
Semilla: 1788084769
Segundos: 56
NIteraciones: 100000

Costo_train: 0.005298
Precision_train: 0.997497
Recall_train: 1.000000
F1_train: 0.998747

Costo_test: 0.005275
Precision_test: 1.000000
Recall_test: 0.995074
F1_test: 0.997531
 

Arquitectura: _2_15_1_
Semilla: 1788084769
Segundos: 56
NIteraciones: 100000

Costo_train: 0.004260
Precision_train: 0.997497
Recall_train: 1.000000
F1_train: 0.998747

Costo_test: 0.004309
Precision_test: 1.000000
Recall_test: 0.995074
F1_test: 0.997531
 

Arquitectura: _2_15_1_
Semilla: 1788084769
Segundos: 56
NIteraciones: 100000

Costo_train: 0.004887
Precision_train: 0.997497
Recall_train: 1.000000
F1_train: 0.998747

Costo_test: 0.004774
Precision_test: 1.000000
Recall_test: 0.995074
F1_test: 0.997531
 

Arquitectura: _2_15_1_
Semilla: 1788084769
Segundos: 56
NIteraciones: 100000

Costo_train: 0.004654
Precision_train: 0.997497
Recall_train: 1.000000
F1_train: 0.998747

Costo_test: 0.004561
Precision_test: 1.000000
Recall_test: 0.995074
F1_test: 0.997531
 

Arquitectura: _2_15_1_
Semilla: 1788084769
Segundos: 56
NIteraciones: 100000

Costo_train: 0.005444
Precision_train: 0.997497
Recall_train: 1.000000
F1_train: 0.998747

Costo_test: 0.005414
Precision_test: 1.000000
Recall_test: 0.995074
F1_test: 0.997531
 

Arquitectura: _2_15_1_
Semilla: 1788084769
Segundos: 56
NIteraciones: 100000

Costo_train: 0.007018
Precision_train: 0.997497
Recall_train: 1.000000
F1_train: 0.998747

Costo_test: 0.006863
Precision_test: 0.995074
Recall_test: 0.995074
F1_test: 0.995074
 

Arquitectura: _2_15_1_
Semilla: 1788084769
Segundos: 56
NIteraciones: 100000

Costo_train: 0.004233
Precision_train: 0.997497
Recall_train: 1.000000
F1_train: 0.998747

Costo_test: 0.004373
Precision_test: 1.000000
Recall_test: 0.995074
F1_test: 0.997531
 

Arquitectura: _2_15_1_
Semilla: 1788084769
Segundos: 56
NIteraciones: 100000

Costo_train: 0.005232
Precision_train: 0.997497
Recall_train: 1.000000
F1_train: 0.998747

Costo_test: 0.005167
Precision_test: 1.000000
Recall_test: 0.995074
F1_test: 0.997531
 

Arquitectura: _2_15_1_
Semilla: 1788084769
Segundos: 56
NIteraciones: 100000

Costo_train: 0.005510
Precision_train: 0.997497
Recall_train: 1.000000
F1_train: 0.998747

Costo_test: 0.005480
Precision_test: 1.000000
Recall_test: 0.995074
F1_test: 0.997531
 

Arquitectura: _2_15_1_
Semilla: 1788084769
Segundos: 56
NIteraciones: 100000

Costo_train: 0.005210
Precision_train: 0.997497
Recall_train: 1.000000
F1_train: 0.998747

Costo_test: 0.005095
Precision_test: 1.000000
Recall_test: 0.995074
F1_test: 0.997531
 

Arquitectura: _2_15_1_
Semilla: 1788084769
Segundos: 56
NIteraciones: 100000

Costo_train: 0.008949
Precision_train: 0.993750
Recall_train: 0.997491
F1_train: 0.995617

Costo_test: 0.009164
Precision_test: 0.995074
Recall_test: 0.995074
F1_test: 0.995074
 

Arquitectura: _2_15_1_
Semilla: 1788084769
Segundos: 56
NIteraciones: 100000

Costo_train: 0.005229
Precision_train: 0.997497
Recall_train: 1.000000
F1_train: 0.998747

Costo_test: 0.005160
Precision_test: 1.000000
Recall_test: 0.995074
F1_test: 0.997531
 

Arquitectura: _2_15_1_
Semilla: 1788084769
Segundos: 56
NIteraciones: 100000

Costo_train: 0.004978
Precision_train: 0.997497
Recall_train: 1.000000
F1_train: 0.998747

Costo_test: 0.004851
Precision_test: 1.000000
Recall_test: 0.995074
F1_test: 0.997531
 

Arquitectura: _2_15_1_
Semilla: 1788084769
Segundos: 56
NIteraciones: 100000

Costo_train: 0.080647
Precision_train: 0.881313
Recall_train: 0.875784
F1_train: 0.878540

Costo_test: 0.076871
Precision_test: 0.879227
Recall_test: 0.896552
F1_test: 0.887805
 

Arquitectura: _2_15_1_
Semilla: 1788084769
Segundos: 56
NIteraciones: 100000

Costo_train: 0.004548
Precision_train: 0.997497
Recall_train: 1.000000
F1_train: 0.998747

Costo_test: 0.004676
Precision_test: 1.000000
Recall_test: 0.995074
F1_test: 0.997531
 

Arquitectura: _2_15_1_
Semilla: 1788084769
Segundos: 56
NIteraciones: 100000

Costo_train: 0.004935
Precision_train: 0.997497
Recall_train: 1.000000
F1_train: 0.998747

Costo_test: 0.004913
Precision_test: 1.000000
Recall_test: 0.995074
F1_test: 0.997531
 

Arquitectura: _2_15_1_
Semilla: 1788084769
Segundos: 56
NIteraciones: 100000

Costo_train: 0.006917
Precision_train: 0.997497
Recall_train: 1.000000
F1_train: 0.998747

Costo_test: 0.006816
Precision_test: 0.995074
Recall_test: 0.995074
F1_test: 0.995074
 

Arquitectura: _2_15_1_
Semilla: 1788084769
Segundos: 56
NIteraciones: 100000

Costo_train: 0.004999
Precision_train: 0.997497
Recall_train: 1.000000
F1_train: 0.998747

Costo_test: 0.004905
Precision_test: 1.000000
Recall_test: 0.995074
F1_test: 0.997531
 

Arquitectura: _2_15_1_
Semilla: 1788084769
Segundos: 56
NIteraciones: 100000

Costo_train: 0.019178
Precision_train: 0.991228
Recall_train: 0.992472
F1_train: 0.991850

Costo_test: 0.019014
Precision_test: 0.985294
Recall_test: 0.990148
F1_test: 0.987715
 

Arquitectura: _2_15_1_
Semilla: 1788084769
Segundos: 56
NIteraciones: 100000

Costo_train: 0.005318
Precision_train: 0.997497
Recall_train: 1.000000
F1_train: 0.998747

Costo_test: 0.005291
Precision_test: 1.000000
Recall_test: 0.995074
F1_test: 0.997531
 

Arquitectura: _2_15_1_
Semilla: 1788084769
Segundos: 56
NIteraciones: 100000

Costo_train: 0.004838
Precision_train: 0.997497
Recall_train: 1.000000
F1_train: 0.998747

Costo_test: 0.004805
Precision_test: 1.000000
Recall_test: 0.995074
F1_test: 0.997531
 

Arquitectura: _2_15_1_
Semilla: 1788084769
Segundos: 56
NIteraciones: 100000

Costo_train: 0.006012
Precision_train: 0.997497
Recall_train: 1.000000
F1_train: 0.998747

Costo_test: 0.005919
Precision_test: 1.000000
Recall_test: 0.995074
F1_test: 0.997531
 

Arquitectura: _2_15_1_
Semilla: 1788084769
Segundos: 56
NIteraciones: 100000

Costo_train: 0.004650
Precision_train: 0.997497
Recall_train: 1.000000
F1_train: 0.998747

Costo_test: 0.004635
Precision_test: 1.000000
Recall_test: 0.995074
F1_test: 0.997531
 

Arquitectura: _2_15_1_
Semilla: 1788084769
Segundos: 56
NIteraciones: 100000

Costo_train: 0.013520
Precision_train: 0.992500
Recall_train: 0.996236
F1_train: 0.994364

Costo_test: 0.013413
Precision_test: 0.990148
Recall_test: 0.990148
F1_test: 0.990148
 

Arquitectura: _2_15_1_
Semilla: 1788084769
Segundos: 56
NIteraciones: 100000

Costo_train: 0.005457
Precision_train: 0.997497
Recall_train: 1.000000
F1_train: 0.998747

Costo_test: 0.005430
Precision_test: 1.000000
Recall_test: 0.995074
F1_test: 0.997531
 

Arquitectura: _2_15_1_
Semilla: 1788084769
Segundos: 56
NIteraciones: 100000

Costo_train: 0.005149
Precision_train: 0.997497
Recall_train: 1.000000
F1_train: 0.998747

Costo_test: 0.005071
Precision_test: 1.000000
Recall_test: 0.995074
F1_test: 0.997531
 

Arquitectura: _2_15_1_
Semilla: 1788084769
Segundos: 56
NIteraciones: 100000

Costo_train: 0.005030
Precision_train: 0.997497
Recall_train: 1.000000
F1_train: 0.998747

Costo_test: 0.004963
Precision_test: 1.000000
Recall_test: 0.995074
F1_test: 0.997531
 

Arquitectura: _2_15_1_
Semilla: 1788084769
Segundos: 56
NIteraciones: 100000

Costo_train: 0.005866
Precision_train: 0.997497
Recall_train: 1.000000
F1_train: 0.998747

Costo_test: 0.005875
Precision_test: 0.995074
Recall_test: 0.995074
F1_test: 0.995074
 

Arquitectura: _2_15_1_
Semilla: 1788084769
Segundos: 56
NIteraciones: 100000

Costo_train: 0.004590
Precision_train: 0.997497
Recall_train: 1.000000
F1_train: 0.998747

Costo_test: 0.004512
Precision_test: 1.000000
Recall_test: 0.995074
F1_test: 0.997531
 

Arquitectura: _2_15_1_
Semilla: 1788084769
Segundos: 56
NIteraciones: 100000

Costo_train: 0.005058
Precision_train: 0.997497
Recall_train: 1.000000
F1_train: 0.998747

Costo_test: 0.005029
Precision_test: 1.000000
Recall_test: 0.995074
F1_test: 0.997531
 

Arquitectura: _2_15_1_
Semilla: 1788084769
Segundos: 56
NIteraciones: 100000

Costo_train: 0.004895
Precision_train: 0.997497
Recall_train: 1.000000
F1_train: 0.998747

Costo_test: 0.004851
Precision_test: 1.000000
Recall_test: 0.995074
F1_test: 0.997531
 

Arquitectura: _2_15_1_
Semilla: 1788084769
Segundos: 56
NIteraciones: 100000

Costo_train: 0.004842
Precision_train: 0.997497
Recall_train: 1.000000
F1_train: 0.998747

Costo_test: 0.004747
Precision_test: 1.000000
Recall_test: 0.995074
F1_test: 0.997531
 

Arquitectura: _2_15_1_
Semilla: 1788084769
Segundos: 56
NIteraciones: 100000

Costo_train: 0.004834
Precision_train: 0.997497
Recall_train: 1.000000
F1_train: 0.998747

Costo_test: 0.004751
Precision_test: 1.000000
Recall_test: 0.995074
F1_test: 0.997531
 

Arquitectura: _2_15_1_
Semilla: 1788084769
Segundos: 56
NIteraciones: 100000

Costo_train: 0.005912
Precision_train: 0.997497
Recall_train: 1.000000
F1_train: 0.998747

Costo_test: 0.005896
Precision_test: 0.995074
Recall_test: 0.995074
F1_test: 0.995074
 

Arquitectura: _2_15_1_
Semilla: 1788084769
Segundos: 56
NIteraciones: 100000

Costo_train: 0.004746
Precision_train: 0.997497
Recall_train: 1.000000
F1_train: 0.998747

Costo_test: 0.004835
Precision_test: 1.000000
Recall_test: 0.995074
F1_test: 0.997531
 

Arquitectura: _2_15_1_
Semilla: 1788084769
Segundos: 56
NIteraciones: 100000

Costo_train: 0.005081
Precision_train: 0.997497
Recall_train: 1.000000
F1_train: 0.998747

Costo_test: 0.004997
Precision_test: 1.000000
Recall_test: 0.995074
F1_test: 0.997531
 

Arquitectura: _2_15_1_
Semilla: 1788084769
Segundos: 56
NIteraciones: 100000

Costo_train: 0.004764
Precision_train: 0.997497
Recall_train: 1.000000
F1_train: 0.998747

Costo_test: 0.004676
Precision_test: 1.000000
Recall_test: 0.995074
F1_test: 0.997531
 

Arquitectura: _2_15_1_
Semilla: 1788084769
Segundos: 56
NIteraciones: 100000

Costo_train: 0.007293
Precision_train: 0.997497
Recall_train: 1.000000
F1_train: 0.998747

Costo_test: 0.007206
Precision_test: 0.995074
Recall_test: 0.995074
F1_test: 0.995074
 

Arquitectura: _2_15_1_
Semilla: 1788084769
Segundos: 56
NIteraciones: 100000

Costo_train: 0.004694
Precision_train: 0.997497
Recall_train: 1.000000
F1_train: 0.998747

Costo_test: 0.004611
Precision_test: 1.000000
Recall_test: 0.995074
F1_test: 0.997531
 

Arquitectura: _2_15_1_
Semilla: 1788084769
Segundos: 56
NIteraciones: 100000

Costo_train: 0.007271
Precision_train: 0.997497
Recall_train: 1.000000
F1_train: 0.998747

Costo_test: 0.007204
Precision_test: 0.995074
Recall_test: 0.995074
F1_test: 0.995074
 

Arquitectura: _2_15_1_
Semilla: 1788084769
Segundos: 56
NIteraciones: 100000

Costo_train: 0.007645
Precision_train: 0.997497
Recall_train: 1.000000
F1_train: 0.998747

Costo_test: 0.007527
Precision_test: 0.995074
Recall_test: 0.995074
F1_test: 0.995074
 

Arquitectura: _2_15_1_
Semilla: 1788084769
Segundos: 56
NIteraciones: 100000

Costo_train: 0.004783
Precision_train: 0.997497
Recall_train: 1.000000
F1_train: 0.998747

Costo_test: 0.005074
Precision_test: 1.000000
Recall_test: 0.995074
F1_test: 0.997531
 

Arquitectura: _2_15_1_
Semilla: 1788084769
Segundos: 56
NIteraciones: 100000

Costo_train: 0.007176
Precision_train: 0.997497
Recall_train: 1.000000
F1_train: 0.998747

Costo_test: 0.007124
Precision_test: 0.995074
Recall_test: 0.995074
F1_test: 0.995074
 

Arquitectura: _2_15_1_
Semilla: 1788084769
Segundos: 56
NIteraciones: 100000

Costo_train: 0.004468
Precision_train: 0.997497
Recall_train: 1.000000
F1_train: 0.998747

Costo_test: 0.004735
Precision_test: 1.000000
Recall_test: 0.995074
F1_test: 0.997531
 

Arquitectura: _2_15_1_
Semilla: 1788084769
Segundos: 56
NIteraciones: 100000

Costo_train: 0.005416
Precision_train: 0.997497
Recall_train: 1.000000
F1_train: 0.998747

Costo_test: 0.005303
Precision_test: 1.000000
Recall_test: 0.995074
F1_test: 0.997531
 

Arquitectura: _2_15_1_
Semilla: 1788084769
Segundos: 56
NIteraciones: 100000

Costo_train: 0.005420
Precision_train: 0.997497
Recall_train: 1.000000
F1_train: 0.998747

Costo_test: 0.005333
Precision_test: 1.000000
Recall_test: 0.995074
F1_test: 0.997531
 

Arquitectura: _2_15_1_
Semilla: 1788084769
Segundos: 56
NIteraciones: 100000

Costo_train: 0.004256
Precision_train: 0.997497
Recall_train: 1.000000
F1_train: 0.998747

Costo_test: 0.004322
Precision_test: 1.000000
Recall_test: 0.995074
F1_test: 0.997531
 

Arquitectura: _2_15_1_
Semilla: 1788084769
Segundos: 56
NIteraciones: 100000

Costo_train: 0.006945
Precision_train: 0.997497
Recall_train: 1.000000
F1_train: 0.998747

Costo_test: 0.006843
Precision_test: 0.995074
Recall_test: 0.995074
F1_test: 0.995074
 

Arquitectura: _2_15_1_
Semilla: 1788084769
Segundos: 56
NIteraciones: 100000

Costo_train: 0.005372
Precision_train: 0.997497
Recall_train: 1.000000
F1_train: 0.998747

Costo_test: 0.005317
Precision_test: 1.000000
Recall_test: 0.995074
F1_test: 0.997531
 

Arquitectura: _2_15_1_
Semilla: 1788084769
Segundos: 56
NIteraciones: 100000

Costo_train: 0.004984
Precision_train: 0.997497
Recall_train: 1.000000
F1_train: 0.998747

Costo_test: 0.004926
Precision_test: 1.000000
Recall_test: 0.995074
F1_test: 0.997531
 

Arquitectura: _2_15_1_
Semilla: 1788084769
Segundos: 56
NIteraciones: 100000

Costo_train: 0.005219
Precision_train: 0.997497
Recall_train: 1.000000
F1_train: 0.998747

Costo_test: 0.005196
Precision_test: 1.000000
Recall_test: 0.995074
F1_test: 0.997531
 

Arquitectura: _2_15_1_
Semilla: 1788084769
Segundos: 56
NIteraciones: 100000

Costo_train: 0.007723
Precision_train: 0.997497
Recall_train: 1.000000
F1_train: 0.998747

Costo_test: 0.007667
Precision_test: 0.995074
Recall_test: 0.995074
F1_test: 0.995074
 

Arquitectura: _2_15_1_
Semilla: 1788084769
Segundos: 56
NIteraciones: 100000

Costo_train: 0.005272
Precision_train: 0.997497
Recall_train: 1.000000
F1_train: 0.998747

Costo_test: 0.005247
Precision_test: 1.000000
Recall_test: 0.995074
F1_test: 0.997531
 

Arquitectura: _2_15_1_
Semilla: 1788084769
Segundos: 56
NIteraciones: 100000

Costo_train: 0.004779
Precision_train: 0.997497
Recall_train: 1.000000
F1_train: 0.998747

Costo_test: 0.004673
Precision_test: 1.000000
Recall_test: 0.995074
F1_test: 0.997531
 

Arquitectura: _2_15_1_
Semilla: 1788084769
Segundos: 56
NIteraciones: 100000

Costo_train: 0.004338
Precision_train: 0.997497
Recall_train: 1.000000
F1_train: 0.998747

Costo_test: 0.004527
Precision_test: 1.000000
Recall_test: 0.995074
F1_test: 0.997531
 

Arquitectura: _2_15_1_
Semilla: 1788084769
Segundos: 56
NIteraciones: 100000

Costo_train: 0.006191
Precision_train: 0.997497
Recall_train: 1.000000
F1_train: 0.998747

Costo_test: 0.006192
Precision_test: 0.995074
Recall_test: 0.995074
F1_test: 0.995074
 

Arquitectura: _2_15_1_
Semilla: 1788084769
Segundos: 56
NIteraciones: 100000

Costo_train: 0.005152
Precision_train: 0.997497
Recall_train: 1.000000
F1_train: 0.998747

Costo_test: 0.005052
Precision_test: 1.000000
Recall_test: 0.995074
F1_test: 0.997531
 

Arquitectura: _2_15_1_
Semilla: 1788084769
Segundos: 56
NIteraciones: 100000

Costo_train: 0.010717
Precision_train: 0.993742
Recall_train: 0.996236
F1_train: 0.994987

Costo_test: 0.010639
Precision_test: 0.995049
Recall_test: 0.990148
F1_test: 0.992593
 

Arquitectura: _2_15_1_
Semilla: 1788084769
Segundos: 56
NIteraciones: 100000

Costo_train: 0.005327
Precision_train: 0.997497
Recall_train: 1.000000
F1_train: 0.998747

Costo_test: 0.005236
Precision_test: 1.000000
Recall_test: 0.995074
F1_test: 0.997531
 

Arquitectura: _2_15_1_
Semilla: 1788084769
Segundos: 56
NIteraciones: 100000

Costo_train: 0.005108
Precision_train: 0.997497
Recall_train: 1.000000
F1_train: 0.998747

Costo_test: 0.005062
Precision_test: 1.000000
Recall_test: 0.995074
F1_test: 0.997531
 

Arquitectura: _2_15_1_
Semilla: 1788084769
Segundos: 56
NIteraciones: 100000

Costo_train: 0.005321
Precision_train: 0.997497
Recall_train: 1.000000
F1_train: 0.998747

Costo_test: 0.005204
Precision_test: 1.000000
Recall_test: 0.995074
F1_test: 0.997531
 

Arquitectura: _2_15_1_
Semilla: 1788084769
Segundos: 56
NIteraciones: 100000

Costo_train: 0.004886
Precision_train: 0.997497
Recall_train: 1.000000
F1_train: 0.998747

Costo_test: 0.004779
Precision_test: 1.000000
Recall_test: 0.995074
F1_test: 0.997531
 

Arquitectura: _2_15_1_
Semilla: 1788084769
Segundos: 56
NIteraciones: 100000

Costo_train: 0.005021
Precision_train: 0.997497
Recall_train: 1.000000
F1_train: 0.998747

Costo_test: 0.004944
Precision_test: 1.000000
Recall_test: 0.995074
F1_test: 0.997531
 

Arquitectura: _2_15_1_
Semilla: 1788084769
Segundos: 56
NIteraciones: 100000

Costo_train: 0.005511
Precision_train: 0.997497
Recall_train: 1.000000
F1_train: 0.998747

Costo_test: 0.005385
Precision_test: 1.000000
Recall_test: 0.995074
F1_test: 0.997531
 

Arquitectura: _2_15_1_
Semilla: 1788084769
Segundos: 56
NIteraciones: 100000

Costo_train: 0.005333
Precision_train: 0.997497
Recall_train: 1.000000
F1_train: 0.998747

Costo_test: 0.005293
Precision_test: 1.000000
Recall_test: 0.995074
F1_test: 0.997531
 

Arquitectura: _2_15_1_
Semilla: 1788084769
Segundos: 56
NIteraciones: 100000

Costo_train: 0.004764
Precision_train: 0.997497
Recall_train: 1.000000
F1_train: 0.998747

Costo_test: 0.004658
Precision_test: 1.000000
Recall_test: 0.995074
F1_test: 0.997531
 

Arquitectura: _2_15_1_
Semilla: 1788084769
Segundos: 56
NIteraciones: 100000

Costo_train: 0.006107
Precision_train: 0.997497
Recall_train: 1.000000
F1_train: 0.998747

Costo_test: 0.005959
Precision_test: 1.000000
Recall_test: 0.995074
F1_test: 0.997531
 

Arquitectura: _2_15_1_
Semilla: 1788084769
Segundos: 56
NIteraciones: 100000

Costo_train: 0.080755
Precision_train: 0.879093
Recall_train: 0.875784
F1_train: 0.877436

Costo_test: 0.077030
Precision_test: 0.879227
Recall_test: 0.896552
F1_test: 0.887805
 

Arquitectura: _2_15_1_
Semilla: 1788084769
Segundos: 56
NIteraciones: 100000

Costo_train: 0.005083
Precision_train: 0.997497
Recall_train: 1.000000
F1_train: 0.998747

Costo_test: 0.005067
Precision_test: 1.000000
Recall_test: 0.995074
F1_test: 0.997531
 

Arquitectura: _2_15_1_
Semilla: 1788084769
Segundos: 56
NIteraciones: 100000

Costo_train: 0.004946
Precision_train: 0.997497
Recall_train: 1.000000
F1_train: 0.998747

Costo_test: 0.004910
Precision_test: 1.000000
Recall_test: 0.995074
F1_test: 0.997531
 

Arquitectura: _2_15_1_
Semilla: 1788084769
Segundos: 56
NIteraciones: 100000

Costo_train: 0.006229
Precision_train: 0.997497
Recall_train: 1.000000
F1_train: 0.998747

Costo_test: 0.006139
Precision_test: 0.995074
Recall_test: 0.995074
F1_test: 0.995074
 

Arquitectura: _2_15_1_
Semilla: 1788084769
Segundos: 56
NIteraciones: 100000

Costo_train: 0.005746
Precision_train: 0.997497
Recall_train: 1.000000
F1_train: 0.998747

Costo_test: 0.005648
Precision_test: 1.000000
Recall_test: 0.995074
F1_test: 0.997531
 

Arquitectura: _2_15_1_
Semilla: 1788084769
Segundos: 56
NIteraciones: 100000

Costo_train: 0.004039
Precision_train: 0.997497
Recall_train: 1.000000
F1_train: 0.998747

Costo_test: 0.004189
Precision_test: 1.000000
Recall_test: 0.995074
F1_test: 0.997531
 

Arquitectura: _2_15_1_
Semilla: 1788084769
Segundos: 56
NIteraciones: 100000

Costo_train: 0.079787
Precision_train: 0.883838
Recall_train: 0.878294
F1_train: 0.881057

Costo_test: 0.075926
Precision_test: 0.879227
Recall_test: 0.896552
F1_test: 0.887805
 

Arquitectura: _2_15_1_
Semilla: 1788084769
Segundos: 56
NIteraciones: 100000

Costo_train: 0.005761
Precision_train: 0.997497
Recall_train: 1.000000
F1_train: 0.998747

Costo_test: 0.005740
Precision_test: 0.995074
Recall_test: 0.995074
F1_test: 0.995074
 

Arquitectura: _2_15_1_
Semilla: 1788084769
Segundos: 56
NIteraciones: 100000

Costo_train: 0.005219
Precision_train: 0.997497
Recall_train: 1.000000
F1_train: 0.998747

Costo_test: 0.005117
Precision_test: 1.000000
Recall_test: 0.995074
F1_test: 0.997531
 

Arquitectura: _2_15_1_
Semilla: 1788084769
Segundos: 56
NIteraciones: 100000

Costo_train: 0.005222
Precision_train: 0.997497
Recall_train: 1.000000
F1_train: 0.998747

Costo_test: 0.005103
Precision_test: 1.000000
Recall_test: 0.995074
F1_test: 0.997531
 

Arquitectura: _2_15_1_
Semilla: 1788084769
Segundos: 56
NIteraciones: 100000

Costo_train: 0.005473
Precision_train: 0.997497
Recall_train: 1.000000
F1_train: 0.998747

Costo_test: 0.005463
Precision_test: 1.000000
Recall_test: 0.995074
F1_test: 0.997531
 

Arquitectura: _2_15_1_
Semilla: 1788084769
Segundos: 56
NIteraciones: 100000

Costo_train: 0.005008
Precision_train: 0.997497
Recall_train: 1.000000
F1_train: 0.998747

Costo_test: 0.004946
Precision_test: 1.000000
Recall_test: 0.995074
F1_test: 0.997531
 

Arquitectura: _2_15_1_
Semilla: 1788084769
Segundos: 56
NIteraciones: 100000

Costo_train: 0.005974
Precision_train: 0.997497
Recall_train: 1.000000
F1_train: 0.998747

Costo_test: 0.005864
Precision_test: 1.000000
Recall_test: 0.995074
F1_test: 0.997531
 

Arquitectura: _2_15_1_
Semilla: 1788084769
Segundos: 56
NIteraciones: 100000

Costo_train: 0.004295
Precision_train: 0.997497
Recall_train: 1.000000
F1_train: 0.998747

Costo_test: 0.004424
Precision_test: 1.000000
Recall_test: 0.995074
F1_test: 0.997531
 

Arquitectura: _2_15_1_
Semilla: 1788084769
Segundos: 56
NIteraciones: 100000

Costo_train: 0.005181
Precision_train: 0.997497
Recall_train: 1.000000
F1_train: 0.998747

Costo_test: 0.005116
Precision_test: 1.000000
Recall_test: 0.995074
F1_test: 0.997531
 

Arquitectura: _2_15_1_
Semilla: 1788084769
Segundos: 56
NIteraciones: 100000

Costo_train: 0.005873
Precision_train: 0.997497
Recall_train: 1.000000
F1_train: 0.998747

Costo_test: 0.005809
Precision_test: 1.000000
Recall_test: 0.995074
F1_test: 0.997531
 

Arquitectura: _2_15_1_
Semilla: 1788084769
Segundos: 56
NIteraciones: 100000

Costo_train: 0.005765
Precision_train: 0.997497
Recall_train: 1.000000
F1_train: 0.998747

Costo_test: 0.005780
Precision_test: 0.995074
Recall_test: 0.995074
F1_test: 0.995074
 

Arquitectura: _2_15_1_
Semilla: 1788084769
Segundos: 56
NIteraciones: 100000

Costo_train: 0.016389
Precision_train: 0.991239
Recall_train: 0.993726
F1_train: 0.992481

Costo_test: 0.016318
Precision_test: 0.990148
Recall_test: 0.990148
F1_test: 0.990148
 

Arquitectura: _2_15_1_
Semilla: 1788084769
Segundos: 56
NIteraciones: 100000

Costo_train: 0.005010
Precision_train: 0.997497
Recall_train: 1.000000
F1_train: 0.998747

Costo_test: 0.004914
Precision_test: 1.000000
Recall_test: 0.995074
F1_test: 0.997531
 

Arquitectura: _2_15_1_
Semilla: 1788084769
Segundos: 56
NIteraciones: 100000

Costo_train: 0.004888
Precision_train: 0.997497
Recall_train: 1.000000
F1_train: 0.998747

Costo_test: 0.004813
Precision_test: 1.000000
Recall_test: 0.995074
F1_test: 0.997531
 

Arquitectura: _2_15_1_
Semilla: 1788084769
Segundos: 56
NIteraciones: 100000

Costo_train: 0.004367
Precision_train: 0.997497
Recall_train: 1.000000
F1_train: 0.998747

Costo_test: 0.004495
Precision_test: 1.000000
Recall_test: 0.995074
F1_test: 0.997531
 

Arquitectura: _2_15_1_
Semilla: 1788084769
Segundos: 56
NIteraciones: 100000

Costo_train: 0.004885
Precision_train: 0.997497
Recall_train: 1.000000
F1_train: 0.998747

Costo_test: 0.004780
Precision_test: 1.000000
Recall_test: 0.995074
F1_test: 0.997531
 

Arquitectura: _2_15_1_
Semilla: 1788084769
Segundos: 56
NIteraciones: 100000

Costo_train: 0.004897
Precision_train: 0.997497
Recall_train: 1.000000
F1_train: 0.998747

Costo_test: 0.004840
Precision_test: 1.000000
Recall_test: 0.995074
F1_test: 0.997531
 

Arquitectura: _2_15_1_
Semilla: 1788084769
Segundos: 56
NIteraciones: 100000

Costo_train: 0.005878
Precision_train: 0.997497
Recall_train: 1.000000
F1_train: 0.998747

Costo_test: 0.005835
Precision_test: 0.995074
Recall_test: 0.995074
F1_test: 0.995074
 

Arquitectura: _2_15_1_
Semilla: 1788084769
Segundos: 56
NIteraciones: 100000

Costo_train: 0.006510
Precision_train: 0.997497
Recall_train: 1.000000
F1_train: 0.998747

Costo_test: 0.006369
Precision_test: 0.995074
Recall_test: 0.995074
F1_test: 0.995074
 

Arquitectura: _2_15_1_
Semilla: 1788084769
Segundos: 56
NIteraciones: 100000

Costo_train: 0.006382
Precision_train: 0.997497
Recall_train: 1.000000
F1_train: 0.998747

Costo_test: 0.006371
Precision_test: 0.995074
Recall_test: 0.995074
F1_test: 0.995074
 

Arquitectura: _2_15_1_
Semilla: 1788084769
Segundos: 56
NIteraciones: 100000

Costo_train: 0.006152
Precision_train: 0.997497
Recall_train: 1.000000
F1_train: 0.998747

Costo_test: 0.006078
Precision_test: 0.995074
Recall_test: 0.995074
F1_test: 0.995074
 

Arquitectura: _2_15_1_
Semilla: 1788084769
Segundos: 56
NIteraciones: 100000

Costo_train: 0.004685
Precision_train: 0.997497
Recall_train: 1.000000
F1_train: 0.998747

Costo_test: 0.004651
Precision_test: 1.000000
Recall_test: 0.995074
F1_test: 0.997531
 


--- Test Profunda 5.0 ---
Iteración 10000
Costo: 0.249945
Iteración 20000
Costo: 0.249921
Iteración 30000
Costo: 0.249888
Iteración 40000
Costo: 0.249839
Iteración 50000
Costo: 0.249761
Iteración 60000
Costo: 0.249623
Iteración 70000
Costo: 0.249336
Iteración 80000
Costo: 0.248553
Iteración 90000
Costo: 0.244335

Arquitectura: _2_3_3_3_3_3_1_
Semilla: 1788084825
Segundos: 232
NIteraciones: 100000

Costo_train: 0.117099
Precision_train: 0.855683
Recall_train: 0.840652
F1_train: 0.848101

Costo_test: 0.115516
Precision_test: 0.851675
Recall_test: 0.876847
F1_test: 0.864078
 

Arquitectura: _2_3_3_3_3_3_1_
Semilla: 1788084825
Segundos: 232
NIteraciones: 100000

Costo_train: 0.250002
Precision_train: -nan(ind)
Recall_train: 0.000000
F1_train: -nan(ind)

Costo_test: 0.250035
Precision_test: -nan(ind)
Recall_test: 0.000000
F1_test: -nan(ind)
 

Arquitectura: _2_3_3_3_3_3_1_
Semilla: 1788084825
Segundos: 232
NIteraciones: 100000

Costo_train: 0.111189
Precision_train: 0.856417
Recall_train: 0.845671
F1_train: 0.851010

Costo_test: 0.109477
Precision_test: 0.852381
Recall_test: 0.881773
F1_test: 0.866828
 

Arquitectura: _2_3_3_3_3_3_1_
Semilla: 1788084825
Segundos: 232
NIteraciones: 100000

Costo_train: 0.241090
Precision_train: 0.889344
Recall_train: 0.816813
F1_train: 0.851537

Costo_test: 0.241276
Precision_test: 0.895833
Recall_test: 0.847291
F1_test: 0.870886
 

Arquitectura: _2_3_3_3_3_3_1_
Semilla: 1788084825
Segundos: 232
NIteraciones: 100000

Costo_train: 0.095406
Precision_train: 0.885309
Recall_train: 0.861982
F1_train: 0.873490

Costo_test: 0.091166
Precision_test: 0.892157
Recall_test: 0.896552
F1_test: 0.894349
 

Arquitectura: _2_3_3_3_3_3_1_
Semilla: 1788084825
Segundos: 232
NIteraciones: 100000

Costo_train: 0.249689
Precision_train: -nan(ind)
Recall_train: 0.000000
F1_train: -nan(ind)

Costo_test: 0.249715
Precision_test: -nan(ind)
Recall_test: 0.000000
F1_test: -nan(ind)
 

Arquitectura: _2_3_3_3_3_3_1_
Semilla: 1788084825
Segundos: 232
NIteraciones: 100000

Costo_train: 0.249985
Precision_train: -nan(ind)
Recall_train: 0.000000
F1_train: -nan(ind)

Costo_test: 0.250021
Precision_test: -nan(ind)
Recall_test: 0.000000
F1_test: -nan(ind)
 

Arquitectura: _2_3_3_3_3_3_1_
Semilla: 1788084825
Segundos: 232
NIteraciones: 100000

Costo_train: 0.249822
Precision_train: -nan(ind)
Recall_train: 0.000000
F1_train: -nan(ind)

Costo_test: 0.249867
Precision_test: -nan(ind)
Recall_test: 0.000000
F1_test: -nan(ind)
 

Arquitectura: _2_3_3_3_3_3_1_
Semilla: 1788084825
Segundos: 232
NIteraciones: 100000

Costo_train: 0.249975
Precision_train: -nan(ind)
Recall_train: 0.000000
F1_train: -nan(ind)

Costo_test: 0.250010
Precision_test: -nan(ind)
Recall_test: 0.000000
F1_test: -nan(ind)
 

Arquitectura: _2_3_3_3_3_3_1_
Semilla: 1788084825
Segundos: 232
NIteraciones: 100000

Costo_train: 0.249933
Precision_train: -nan(ind)
Recall_train: 0.000000
F1_train: -nan(ind)

Costo_test: 0.249967
Precision_test: -nan(ind)
Recall_test: 0.000000
F1_test: -nan(ind)
 

Arquitectura: _2_3_3_3_3_3_1_
Semilla: 1788084825
Segundos: 232
NIteraciones: 100000

Costo_train: 0.249825
Precision_train: -nan(ind)
Recall_train: 0.000000
F1_train: -nan(ind)

Costo_test: 0.249869
Precision_test: -nan(ind)
Recall_test: 0.000000
F1_test: -nan(ind)
 

Arquitectura: _2_3_3_3_3_3_1_
Semilla: 1788084825
Segundos: 232
NIteraciones: 100000

Costo_train: 0.249959
Precision_train: -nan(ind)
Recall_train: 0.000000
F1_train: -nan(ind)

Costo_test: 0.249997
Precision_test: -nan(ind)
Recall_test: 0.000000
F1_test: -nan(ind)
 

Arquitectura: _2_3_3_3_3_3_1_
Semilla: 1788084825
Segundos: 232
NIteraciones: 100000

Costo_train: 0.245873
Precision_train: 0.725410
Recall_train: 0.666248
F1_train: 0.694572

Costo_test: 0.246323
Precision_test: 0.715000
Recall_test: 0.704434
F1_test: 0.709677
 

Arquitectura: _2_3_3_3_3_3_1_
Semilla: 1788084825
Segundos: 232
NIteraciones: 100000

Costo_train: 0.249719
Precision_train: -nan(ind)
Recall_train: 0.000000
F1_train: -nan(ind)

Costo_test: 0.249776
Precision_test: -nan(ind)
Recall_test: 0.000000
F1_test: -nan(ind)
 

Arquitectura: _2_3_3_3_3_3_1_
Semilla: 1788084825
Segundos: 232
NIteraciones: 100000

Costo_train: 0.249974
Precision_train: -nan(ind)
Recall_train: 0.000000
F1_train: -nan(ind)

Costo_test: 0.250016
Precision_test: -nan(ind)
Recall_test: 0.000000
F1_test: -nan(ind)
 

Arquitectura: _2_3_3_3_3_3_1_
Semilla: 1788084825
Segundos: 232
NIteraciones: 100000

Costo_train: 0.249919
Precision_train: -nan(ind)
Recall_train: 0.000000
F1_train: -nan(ind)

Costo_test: 0.249952
Precision_test: -nan(ind)
Recall_test: 0.000000
F1_test: -nan(ind)
 

Arquitectura: _2_3_3_3_3_3_1_
Semilla: 1788084825
Segundos: 232
NIteraciones: 100000

Costo_train: 0.249779
Precision_train: -nan(ind)
Recall_train: 0.000000
F1_train: -nan(ind)

Costo_test: 0.249841
Precision_test: -nan(ind)
Recall_test: 0.000000
F1_test: -nan(ind)
 

Arquitectura: _2_3_3_3_3_3_1_
Semilla: 1788084825
Segundos: 232
NIteraciones: 100000

Costo_train: 0.249537
Precision_train: -nan(ind)
Recall_train: 0.000000
F1_train: -nan(ind)

Costo_test: 0.249601
Precision_test: -nan(ind)
Recall_test: 0.000000
F1_test: -nan(ind)
 

Arquitectura: _2_3_3_3_3_3_1_
Semilla: 1788084825
Segundos: 232
NIteraciones: 100000

Costo_train: 0.249966
Precision_train: -nan(ind)
Recall_train: 0.000000
F1_train: -nan(ind)

Costo_test: 0.250011
Precision_test: -nan(ind)
Recall_test: 0.000000
F1_test: -nan(ind)
 

Arquitectura: _2_3_3_3_3_3_1_
Semilla: 1788084825
Segundos: 232
NIteraciones: 100000

Costo_train: 0.249969
Precision_train: -nan(ind)
Recall_train: 0.000000
F1_train: -nan(ind)

Costo_test: 0.250003
Precision_test: -nan(ind)
Recall_test: 0.000000
F1_test: -nan(ind)
 

Arquitectura: _2_3_3_3_3_3_1_
Semilla: 1788084825
Segundos: 232
NIteraciones: 100000

Costo_train: 0.083810
Precision_train: 0.882427
Recall_train: 0.875784
F1_train: 0.879093

Costo_test: 0.079545
Precision_test: 0.878641
Recall_test: 0.891626
F1_test: 0.885086
 

Arquitectura: _2_3_3_3_3_3_1_
Semilla: 1788084825
Segundos: 232
NIteraciones: 100000

Costo_train: 0.249931
Precision_train: -nan(ind)
Recall_train: 0.000000
F1_train: -nan(ind)

Costo_test: 0.249971
Precision_test: -nan(ind)
Recall_test: 0.000000
F1_test: -nan(ind)
 

Arquitectura: _2_3_3_3_3_3_1_
Semilla: 1788084825
Segundos: 232
NIteraciones: 100000

Costo_train: 0.249966
Precision_train: -nan(ind)
Recall_train: 0.000000
F1_train: -nan(ind)

Costo_test: 0.249999
Precision_test: -nan(ind)
Recall_test: 0.000000
F1_test: -nan(ind)
 

Arquitectura: _2_3_3_3_3_3_1_
Semilla: 1788084825
Segundos: 232
NIteraciones: 100000

Costo_train: 0.250003
Precision_train: -nan(ind)
Recall_train: 0.000000
F1_train: -nan(ind)

Costo_test: 0.250034
Precision_test: -nan(ind)
Recall_test: 0.000000
F1_test: -nan(ind)
 

Arquitectura: _2_3_3_3_3_3_1_
Semilla: 1788084825
Segundos: 232
NIteraciones: 100000

Costo_train: 0.247359
Precision_train: 0.989051
Recall_train: 0.680050
F1_train: 0.805948

Costo_test: 0.247467
Precision_test: 0.979021
Recall_test: 0.689655
F1_test: 0.809249
 

Arquitectura: _2_3_3_3_3_3_1_
Semilla: 1788084825
Segundos: 232
NIteraciones: 100000

Costo_train: 0.084141
Precision_train: 0.884518
Recall_train: 0.874529
F1_train: 0.879495

Costo_test: 0.079857
Precision_test: 0.878641
Recall_test: 0.891626
F1_test: 0.885086
 

Arquitectura: _2_3_3_3_3_3_1_
Semilla: 1788084825
Segundos: 232
NIteraciones: 100000

Costo_train: 0.249956
Precision_train: -nan(ind)
Recall_train: 0.000000
F1_train: -nan(ind)

Costo_test: 0.249993
Precision_test: -nan(ind)
Recall_test: 0.000000
F1_test: -nan(ind)
 

Arquitectura: _2_3_3_3_3_3_1_
Semilla: 1788084825
Segundos: 232
NIteraciones: 100000

Costo_train: 0.249608
Precision_train: -nan(ind)
Recall_train: 0.000000
F1_train: -nan(ind)

Costo_test: 0.249656
Precision_test: -nan(ind)
Recall_test: 0.000000
F1_test: -nan(ind)
 

Arquitectura: _2_3_3_3_3_3_1_
Semilla: 1788084825
Segundos: 232
NIteraciones: 100000

Costo_train: 0.086848
Precision_train: 0.892348
Recall_train: 0.863237
F1_train: 0.877551

Costo_test: 0.082327
Precision_test: 0.896040
Recall_test: 0.891626
F1_test: 0.893827
 

Arquitectura: _2_3_3_3_3_3_1_
Semilla: 1788084825
Segundos: 232
NIteraciones: 100000

Costo_train: 0.249941
Precision_train: -nan(ind)
Recall_train: 0.000000
F1_train: -nan(ind)

Costo_test: 0.249983
Precision_test: -nan(ind)
Recall_test: 0.000000
F1_test: -nan(ind)
 

Arquitectura: _2_3_3_3_3_3_1_
Semilla: 1788084825
Segundos: 232
NIteraciones: 100000

Costo_train: 0.249769
Precision_train: -nan(ind)
Recall_train: 0.000000
F1_train: -nan(ind)

Costo_test: 0.249815
Precision_test: -nan(ind)
Recall_test: 0.000000
F1_test: -nan(ind)
 

Arquitectura: _2_3_3_3_3_3_1_
Semilla: 1788084825
Segundos: 232
NIteraciones: 100000

Costo_train: 0.249825
Precision_train: -nan(ind)
Recall_train: 0.000000
F1_train: -nan(ind)

Costo_test: 0.249852
Precision_test: -nan(ind)
Recall_test: 0.000000
F1_test: -nan(ind)
 

Arquitectura: _2_3_3_3_3_3_1_
Semilla: 1788084825
Segundos: 232
NIteraciones: 100000

Costo_train: 0.250001
Precision_train: -nan(ind)
Recall_train: 0.000000
F1_train: -nan(ind)

Costo_test: 0.250035
Precision_test: -nan(ind)
Recall_test: 0.000000
F1_test: -nan(ind)
 

Arquitectura: _2_3_3_3_3_3_1_
Semilla: 1788084825
Segundos: 232
NIteraciones: 100000

Costo_train: 0.084775
Precision_train: 0.881463
Recall_train: 0.877039
F1_train: 0.879245

Costo_test: 0.080561
Precision_test: 0.879227
Recall_test: 0.896552
F1_test: 0.887805
 

Arquitectura: _2_3_3_3_3_3_1_
Semilla: 1788084825
Segundos: 232
NIteraciones: 100000

Costo_train: 0.244096
Precision_train: 0.866310
Recall_train: 0.813049
F1_train: 0.838835

Costo_test: 0.244227
Precision_test: 0.863636
Recall_test: 0.842365
F1_test: 0.852868
 

Arquitectura: _2_3_3_3_3_3_1_
Semilla: 1788084825
Segundos: 232
NIteraciones: 100000

Costo_train: 0.249950
Precision_train: -nan(ind)
Recall_train: 0.000000
F1_train: -nan(ind)

Costo_test: 0.249985
Precision_test: -nan(ind)
Recall_test: 0.000000
F1_test: -nan(ind)
 

Arquitectura: _2_3_3_3_3_3_1_
Semilla: 1788084825
Segundos: 232
NIteraciones: 100000

Costo_train: 0.249950
Precision_train: -nan(ind)
Recall_train: 0.000000
F1_train: -nan(ind)

Costo_test: 0.249988
Precision_test: -nan(ind)
Recall_test: 0.000000
F1_test: -nan(ind)
 

Arquitectura: _2_3_3_3_3_3_1_
Semilla: 1788084825
Segundos: 232
NIteraciones: 100000

Costo_train: 0.249994
Precision_train: -nan(ind)
Recall_train: 0.000000
F1_train: -nan(ind)

Costo_test: 0.250029
Precision_test: -nan(ind)
Recall_test: 0.000000
F1_test: -nan(ind)
 

Arquitectura: _2_3_3_3_3_3_1_
Semilla: 1788084825
Segundos: 232
NIteraciones: 100000

Costo_train: 0.085562
Precision_train: 0.890746
Recall_train: 0.869511
F1_train: 0.880000

Costo_test: 0.081069
Precision_test: 0.878049
Recall_test: 0.886699
F1_test: 0.882353
 

Arquitectura: _2_3_3_3_3_3_1_
Semilla: 1788084825
Segundos: 232
NIteraciones: 100000

Costo_train: 0.249995
Precision_train: -nan(ind)
Recall_train: 0.000000
F1_train: -nan(ind)

Costo_test: 0.250031
Precision_test: -nan(ind)
Recall_test: 0.000000
F1_test: -nan(ind)
 

Arquitectura: _2_3_3_3_3_3_1_
Semilla: 1788084825
Segundos: 232
NIteraciones: 100000

Costo_train: 0.226890
Precision_train: 0.804688
Recall_train: 0.775408
F1_train: 0.789776

Costo_test: 0.228027
Precision_test: 0.800995
Recall_test: 0.793103
F1_test: 0.797030
 

Arquitectura: _2_3_3_3_3_3_1_
Semilla: 1788084825
Segundos: 232
NIteraciones: 100000

Costo_train: 0.249851
Precision_train: -nan(ind)
Recall_train: 0.000000
F1_train: -nan(ind)

Costo_test: 0.249885
Precision_test: -nan(ind)
Recall_test: 0.000000
F1_test: -nan(ind)
 

Arquitectura: _2_3_3_3_3_3_1_
Semilla: 1788084825
Segundos: 232
NIteraciones: 100000

Costo_train: 0.086750
Precision_train: 0.890886
Recall_train: 0.870765
F1_train: 0.880711

Costo_test: 0.082265
Precision_test: 0.878049
Recall_test: 0.886699
F1_test: 0.882353
 

Arquitectura: _2_3_3_3_3_3_1_
Semilla: 1788084825
Segundos: 232
NIteraciones: 100000

Costo_train: 0.248903
Precision_train: 0.997859
Recall_train: 0.584693
F1_train: 0.737342

Costo_test: 0.248969
Precision_test: 1.000000
Recall_test: 0.561576
F1_test: 0.719243
 

Arquitectura: _2_3_3_3_3_3_1_
Semilla: 1788084825
Segundos: 232
NIteraciones: 100000

Costo_train: 0.249983
Precision_train: -nan(ind)
Recall_train: 0.000000
F1_train: -nan(ind)

Costo_test: 0.250017
Precision_test: -nan(ind)
Recall_test: 0.000000
F1_test: -nan(ind)
 

Arquitectura: _2_3_3_3_3_3_1_
Semilla: 1788084825
Segundos: 232
NIteraciones: 100000

Costo_train: 0.249944
Precision_train: -nan(ind)
Recall_train: 0.000000
F1_train: -nan(ind)

Costo_test: 0.249979
Precision_test: -nan(ind)
Recall_test: 0.000000
F1_test: -nan(ind)
 

Arquitectura: _2_3_3_3_3_3_1_
Semilla: 1788084825
Segundos: 232
NIteraciones: 100000

Costo_train: 0.249829
Precision_train: -nan(ind)
Recall_train: 0.000000
F1_train: -nan(ind)

Costo_test: 0.249872
Precision_test: -nan(ind)
Recall_test: 0.000000
F1_test: -nan(ind)
 

Arquitectura: _2_3_3_3_3_3_1_
Semilla: 1788084825
Segundos: 232
NIteraciones: 100000

Costo_train: 0.085056
Precision_train: 0.883397
Recall_train: 0.874529
F1_train: 0.878941

Costo_test: 0.080768
Precision_test: 0.878641
Recall_test: 0.891626
F1_test: 0.885086
 

Arquitectura: _2_3_3_3_3_3_1_
Semilla: 1788084825
Segundos: 232
NIteraciones: 100000

Costo_train: 0.084253
Precision_train: 0.881463
Recall_train: 0.877039
F1_train: 0.879245

Costo_test: 0.080038
Precision_test: 0.879227
Recall_test: 0.896552
F1_test: 0.887805
 

Arquitectura: _2_3_3_3_3_3_1_
Semilla: 1788084825
Segundos: 232
NIteraciones: 100000

Costo_train: 0.083540
Precision_train: 0.882427
Recall_train: 0.875784
F1_train: 0.879093

Costo_test: 0.079366
Precision_test: 0.878641
Recall_test: 0.891626
F1_test: 0.885086
 

Arquitectura: _2_3_3_3_3_3_1_
Semilla: 1788084825
Segundos: 232
NIteraciones: 100000

Costo_train: 0.085236
Precision_train: 0.889744
Recall_train: 0.870765
F1_train: 0.880152

Costo_test: 0.080829
Precision_test: 0.878049
Recall_test: 0.886699
F1_test: 0.882353
 

Arquitectura: _2_3_3_3_3_3_1_
Semilla: 1788084825
Segundos: 232
NIteraciones: 100000

Costo_train: 0.249971
Precision_train: -nan(ind)
Recall_train: 0.000000
F1_train: -nan(ind)

Costo_test: 0.250005
Precision_test: -nan(ind)
Recall_test: 0.000000
F1_test: -nan(ind)
 

Arquitectura: _2_3_3_3_3_3_1_
Semilla: 1788084825
Segundos: 232
NIteraciones: 100000

Costo_train: 0.083177
Precision_train: 0.882279
Recall_train: 0.874529
F1_train: 0.878387

Costo_test: 0.079032
Precision_test: 0.878641
Recall_test: 0.891626
F1_test: 0.885086
 

Arquitectura: _2_3_3_3_3_3_1_
Semilla: 1788084825
Segundos: 232
NIteraciones: 100000

Costo_train: 0.249971
Precision_train: -nan(ind)
Recall_train: 0.000000
F1_train: -nan(ind)

Costo_test: 0.250009
Precision_test: -nan(ind)
Recall_test: 0.000000
F1_test: -nan(ind)
 

Arquitectura: _2_3_3_3_3_3_1_
Semilla: 1788084825
Segundos: 232
NIteraciones: 100000

Costo_train: 0.249940
Precision_train: -nan(ind)
Recall_train: 0.000000
F1_train: -nan(ind)

Costo_test: 0.249978
Precision_test: -nan(ind)
Recall_test: 0.000000
F1_test: -nan(ind)
 

Arquitectura: _2_3_3_3_3_3_1_
Semilla: 1788084825
Segundos: 232
NIteraciones: 100000

Costo_train: 0.249992
Precision_train: -nan(ind)
Recall_train: 0.000000
F1_train: -nan(ind)

Costo_test: 0.250028
Precision_test: -nan(ind)
Recall_test: 0.000000
F1_test: -nan(ind)
 

Arquitectura: _2_3_3_3_3_3_1_
Semilla: 1788084825
Segundos: 232
NIteraciones: 100000

Costo_train: 0.249798
Precision_train: -nan(ind)
Recall_train: 0.000000
F1_train: -nan(ind)

Costo_test: 0.249822
Precision_test: -nan(ind)
Recall_test: 0.000000
F1_test: -nan(ind)
 

Arquitectura: _2_3_3_3_3_3_1_
Semilla: 1788084825
Segundos: 232
NIteraciones: 100000

Costo_train: 0.249474
Precision_train: -nan(ind)
Recall_train: 0.000000
F1_train: -nan(ind)

Costo_test: 0.249553
Precision_test: -nan(ind)
Recall_test: 0.000000
F1_test: -nan(ind)
 

Arquitectura: _2_3_3_3_3_3_1_
Semilla: 1788084825
Segundos: 232
NIteraciones: 100000

Costo_train: 0.245704
Precision_train: 0.970940
Recall_train: 0.712673
F1_train: 0.821997

Costo_test: 0.245812
Precision_test: 0.973684
Recall_test: 0.729064
F1_test: 0.833803
 

Arquitectura: _2_3_3_3_3_3_1_
Semilla: 1788084825
Segundos: 232
NIteraciones: 100000

Costo_train: 0.249010
Precision_train: 1.000000
Recall_train: 0.528231
F1_train: 0.691297

Costo_test: 0.249097
Precision_test: 1.000000
Recall_test: 0.482759
F1_test: 0.651163
 

Arquitectura: _2_3_3_3_3_3_1_
Semilla: 1788084825
Segundos: 232
NIteraciones: 100000

Costo_train: 0.084156
Precision_train: 0.882576
Recall_train: 0.877039
F1_train: 0.879799

Costo_test: 0.079875
Precision_test: 0.879227
Recall_test: 0.896552
F1_test: 0.887805
 

Arquitectura: _2_3_3_3_3_3_1_
Semilla: 1788084825
Segundos: 232
NIteraciones: 100000

Costo_train: 0.249401
Precision_train: -nan(ind)
Recall_train: 0.000000
F1_train: -nan(ind)

Costo_test: 0.249446
Precision_test: -nan(ind)
Recall_test: 0.000000
F1_test: -nan(ind)
 

Arquitectura: _2_3_3_3_3_3_1_
Semilla: 1788084825
Segundos: 232
NIteraciones: 100000

Costo_train: 0.249866
Precision_train: -nan(ind)
Recall_train: 0.000000
F1_train: -nan(ind)

Costo_test: 0.249917
Precision_test: -nan(ind)
Recall_test: 0.000000
F1_test: -nan(ind)
 

Arquitectura: _2_3_3_3_3_3_1_
Semilla: 1788084825
Segundos: 232
NIteraciones: 100000

Costo_train: 0.249979
Precision_train: -nan(ind)
Recall_train: 0.000000
F1_train: -nan(ind)

Costo_test: 0.250013
Precision_test: -nan(ind)
Recall_test: 0.000000
F1_test: -nan(ind)
 

Arquitectura: _2_3_3_3_3_3_1_
Semilla: 1788084825
Segundos: 232
NIteraciones: 100000

Costo_train: 0.249998
Precision_train: -nan(ind)
Recall_train: 0.000000
F1_train: -nan(ind)

Costo_test: 0.250034
Precision_test: -nan(ind)
Recall_test: 0.000000
F1_test: -nan(ind)
 

Arquitectura: _2_3_3_3_3_3_1_
Semilla: 1788084825
Segundos: 232
NIteraciones: 100000

Costo_train: 0.249995
Precision_train: -nan(ind)
Recall_train: 0.000000
F1_train: -nan(ind)

Costo_test: 0.250030
Precision_test: -nan(ind)
Recall_test: 0.000000
F1_test: -nan(ind)
 

Arquitectura: _2_3_3_3_3_3_1_
Semilla: 1788084825
Segundos: 232
NIteraciones: 100000

Costo_train: 0.249854
Precision_train: -nan(ind)
Recall_train: 0.000000
F1_train: -nan(ind)

Costo_test: 0.249889
Precision_test: -nan(ind)
Recall_test: 0.000000
F1_test: -nan(ind)
 

Arquitectura: _2_3_3_3_3_3_1_
Semilla: 1788084825
Segundos: 232
NIteraciones: 100000

Costo_train: 0.249805
Precision_train: -nan(ind)
Recall_train: 0.000000
F1_train: -nan(ind)

Costo_test: 0.249834
Precision_test: -nan(ind)
Recall_test: 0.000000
F1_test: -nan(ind)
 

Arquitectura: _2_3_3_3_3_3_1_
Semilla: 1788084825
Segundos: 232
NIteraciones: 100000

Costo_train: 0.090007
Precision_train: 0.892068
Recall_train: 0.860728
F1_train: 0.876117

Costo_test: 0.085521
Precision_test: 0.896040
Recall_test: 0.891626
F1_test: 0.893827
 

Arquitectura: _2_3_3_3_3_3_1_
Semilla: 1788084825
Segundos: 232
NIteraciones: 100000

Costo_train: 0.249715
Precision_train: -nan(ind)
Recall_train: 0.000000
F1_train: -nan(ind)

Costo_test: 0.249775
Precision_test: -nan(ind)
Recall_test: 0.000000
F1_test: -nan(ind)
 

Arquitectura: _2_3_3_3_3_3_1_
Semilla: 1788084825
Segundos: 232
NIteraciones: 100000

Costo_train: 0.250044
Precision_train: -nan(ind)
Recall_train: 0.000000
F1_train: -nan(ind)

Costo_test: 0.250073
Precision_test: -nan(ind)
Recall_test: 0.000000
F1_test: -nan(ind)
 

Arquitectura: _2_3_3_3_3_3_1_
Semilla: 1788084825
Segundos: 232
NIteraciones: 100000

Costo_train: 0.249971
Precision_train: -nan(ind)
Recall_train: 0.000000
F1_train: -nan(ind)

Costo_test: 0.250007
Precision_test: -nan(ind)
Recall_test: 0.000000
F1_test: -nan(ind)
 

Arquitectura: _2_3_3_3_3_3_1_
Semilla: 1788084825
Segundos: 232
NIteraciones: 100000

Costo_train: 0.249835
Precision_train: -nan(ind)
Recall_train: 0.000000
F1_train: -nan(ind)

Costo_test: 0.249870
Precision_test: -nan(ind)
Recall_test: 0.000000
F1_test: -nan(ind)
 

Arquitectura: _2_3_3_3_3_3_1_
Semilla: 1788084825
Segundos: 232
NIteraciones: 100000

Costo_train: 0.233745
Precision_train: 0.817369
Recall_train: 0.803011
F1_train: 0.810127

Costo_test: 0.234346
Precision_test: 0.807692
Recall_test: 0.827586
F1_test: 0.817518
 

Arquitectura: _2_3_3_3_3_3_1_
Semilla: 1788084825
Segundos: 232
NIteraciones: 100000

Costo_train: 0.248351
Precision_train: 0.986513
Recall_train: 0.642409
F1_train: 0.778116

Costo_test: 0.248443
Precision_test: 0.977941
Recall_test: 0.655172
F1_test: 0.784661
 

Arquitectura: _2_3_3_3_3_3_1_
Semilla: 1788084825
Segundos: 232
NIteraciones: 100000

Costo_train: 0.249736
Precision_train: -nan(ind)
Recall_train: 0.000000
F1_train: -nan(ind)

Costo_test: 0.249782
Precision_test: -nan(ind)
Recall_test: 0.000000
F1_test: -nan(ind)
 

Arquitectura: _2_3_3_3_3_3_1_
Semilla: 1788084825
Segundos: 232
NIteraciones: 100000

Costo_train: 0.082961
Precision_train: 0.882279
Recall_train: 0.874529
F1_train: 0.878387

Costo_test: 0.078856
Precision_test: 0.878641
Recall_test: 0.891626
F1_test: 0.885086
 

Arquitectura: _2_3_3_3_3_3_1_
Semilla: 1788084825
Segundos: 232
NIteraciones: 100000

Costo_train: 0.249848
Precision_train: -nan(ind)
Recall_train: 0.000000
F1_train: -nan(ind)

Costo_test: 0.249898
Precision_test: -nan(ind)
Recall_test: 0.000000
F1_test: -nan(ind)
 

Arquitectura: _2_3_3_3_3_3_1_
Semilla: 1788084825
Segundos: 232
NIteraciones: 100000

Costo_train: 0.249906
Precision_train: -nan(ind)
Recall_train: 0.000000
F1_train: -nan(ind)

Costo_test: 0.249948
Precision_test: -nan(ind)
Recall_test: 0.000000
F1_test: -nan(ind)
 

Arquitectura: _2_3_3_3_3_3_1_
Semilla: 1788084825
Segundos: 232
NIteraciones: 100000

Costo_train: 0.249841
Precision_train: -nan(ind)
Recall_train: 0.000000
F1_train: -nan(ind)

Costo_test: 0.249885
Precision_test: -nan(ind)
Recall_test: 0.000000
F1_test: -nan(ind)
 

Arquitectura: _2_3_3_3_3_3_1_
Semilla: 1788084825
Segundos: 232
NIteraciones: 100000

Costo_train: 0.249995
Precision_train: -nan(ind)
Recall_train: 0.000000
F1_train: -nan(ind)

Costo_test: 0.250030
Precision_test: -nan(ind)
Recall_test: 0.000000
F1_test: -nan(ind)
 

Arquitectura: _2_3_3_3_3_3_1_
Semilla: 1788084825
Segundos: 232
NIteraciones: 100000

Costo_train: 0.249991
Precision_train: -nan(ind)
Recall_train: 0.000000
F1_train: -nan(ind)

Costo_test: 0.250030
Precision_test: -nan(ind)
Recall_test: 0.000000
F1_test: -nan(ind)
 

Arquitectura: _2_3_3_3_3_3_1_
Semilla: 1788084825
Segundos: 232
NIteraciones: 100000

Costo_train: 0.249985
Precision_train: -nan(ind)
Recall_train: 0.000000
F1_train: -nan(ind)

Costo_test: 0.250017
Precision_test: -nan(ind)
Recall_test: 0.000000
F1_test: -nan(ind)
 

Arquitectura: _2_3_3_3_3_3_1_
Semilla: 1788084825
Segundos: 232
NIteraciones: 100000

Costo_train: 0.250015
Precision_train: -nan(ind)
Recall_train: 0.000000
F1_train: -nan(ind)

Costo_test: 0.250050
Precision_test: -nan(ind)
Recall_test: 0.000000
F1_test: -nan(ind)
 

Arquitectura: _2_3_3_3_3_3_1_
Semilla: 1788084825
Segundos: 232
NIteraciones: 100000

Costo_train: 0.249984
Precision_train: -nan(ind)
Recall_train: 0.000000
F1_train: -nan(ind)

Costo_test: 0.250024
Precision_test: -nan(ind)
Recall_test: 0.000000
F1_test: -nan(ind)
 

Arquitectura: _2_3_3_3_3_3_1_
Semilla: 1788084825
Segundos: 232
NIteraciones: 100000

Costo_train: 0.249802
Precision_train: -nan(ind)
Recall_train: 0.000000
F1_train: -nan(ind)

Costo_test: 0.249851
Precision_test: -nan(ind)
Recall_test: 0.000000
F1_test: -nan(ind)
 

Arquitectura: _2_3_3_3_3_3_1_
Semilla: 1788084825
Segundos: 232
NIteraciones: 100000

Costo_train: 0.249946
Precision_train: -nan(ind)
Recall_train: 0.000000
F1_train: -nan(ind)

Costo_test: 0.249982
Precision_test: -nan(ind)
Recall_test: 0.000000
F1_test: -nan(ind)
 

Arquitectura: _2_3_3_3_3_3_1_
Semilla: 1788084825
Segundos: 232
NIteraciones: 100000

Costo_train: 0.249973
Precision_train: -nan(ind)
Recall_train: 0.000000
F1_train: -nan(ind)

Costo_test: 0.250010
Precision_test: -nan(ind)
Recall_test: 0.000000
F1_test: -nan(ind)
 

Arquitectura: _2_3_3_3_3_3_1_
Semilla: 1788084825
Segundos: 232
NIteraciones: 100000

Costo_train: 0.095518
Precision_train: 0.886010
Recall_train: 0.858218
F1_train: 0.871893

Costo_test: 0.091139
Precision_test: 0.891089
Recall_test: 0.886699
F1_test: 0.888889
 

Arquitectura: _2_3_3_3_3_3_1_
Semilla: 1788084825
Segundos: 232
NIteraciones: 100000

Costo_train: 0.248982
Precision_train: 1.000000
Recall_train: 0.271016
F1_train: 0.426456

Costo_test: 0.249073
Precision_test: 1.000000
Recall_test: 0.246305
F1_test: 0.395257
 

Arquitectura: _2_3_3_3_3_3_1_
Semilla: 1788084825
Segundos: 232
NIteraciones: 100000

Costo_train: 0.084773
Precision_train: 0.885496
Recall_train: 0.873275
F1_train: 0.879343

Costo_test: 0.080388
Precision_test: 0.878049
Recall_test: 0.886699
F1_test: 0.882353
 

Arquitectura: _2_3_3_3_3_3_1_
Semilla: 1788084825
Segundos: 232
NIteraciones: 100000

Costo_train: 0.249893
Precision_train: -nan(ind)
Recall_train: 0.000000
F1_train: -nan(ind)

Costo_test: 0.249934
Precision_test: -nan(ind)
Recall_test: 0.000000
F1_test: -nan(ind)
 

Arquitectura: _2_3_3_3_3_3_1_
Semilla: 1788084825
Segundos: 232
NIteraciones: 100000

Costo_train: 0.084615
Precision_train: 0.886624
Recall_train: 0.873275
F1_train: 0.879899

Costo_test: 0.080260
Precision_test: 0.878049
Recall_test: 0.886699
F1_test: 0.882353
 

Arquitectura: _2_3_3_3_3_3_1_
Semilla: 1788084825
Segundos: 232
NIteraciones: 100000

Costo_train: 0.086746
Precision_train: 0.890746
Recall_train: 0.869511
F1_train: 0.880000

Costo_test: 0.082328
Precision_test: 0.878049
Recall_test: 0.886699
F1_test: 0.882353
 

Arquitectura: _2_3_3_3_3_3_1_
Semilla: 1788084825
Segundos: 232
NIteraciones: 100000

Costo_train: 0.249983
Precision_train: -nan(ind)
Recall_train: 0.000000
F1_train: -nan(ind)

Costo_test: 0.250020
Precision_test: -nan(ind)
Recall_test: 0.000000
F1_test: -nan(ind)
 

Arquitectura: _2_3_3_3_3_3_1_
Semilla: 1788084825
Segundos: 232
NIteraciones: 100000

Costo_train: 0.084821
Precision_train: 0.890886
Recall_train: 0.870765
F1_train: 0.880711

Costo_test: 0.080416
Precision_test: 0.878641
Recall_test: 0.891626
F1_test: 0.885086
 

Arquitectura: _2_3_3_3_3_3_1_
Semilla: 1788084825
Segundos: 232
NIteraciones: 100000

Costo_train: 0.249973
Precision_train: -nan(ind)
Recall_train: 0.000000
F1_train: -nan(ind)

Costo_test: 0.250020
Precision_test: -nan(ind)
Recall_test: 0.000000
F1_test: -nan(ind)
 

Arquitectura: _2_3_3_3_3_3_1_
Semilla: 1788084825
Segundos: 232
NIteraciones: 100000

Costo_train: 0.108304
Precision_train: 0.863171
Recall_train: 0.846926
F1_train: 0.854971

Costo_test: 0.105564
Precision_test: 0.860577
Recall_test: 0.881773
F1_test: 0.871046
 

Arquitectura: _2_3_3_3_3_3_1_
Semilla: 1788084825
Segundos: 232
NIteraciones: 100000

Costo_train: 0.241934
Precision_train: 0.838936
Recall_train: 0.751568
F1_train: 0.792852

Costo_test: 0.242335
Precision_test: 0.826316
Recall_test: 0.773399
F1_test: 0.798982
 

Arquitectura: _2_3_3_3_3_3_1_
Semilla: 1788084825
Segundos: 232
NIteraciones: 100000

Costo_train: 0.249826
Precision_train: -nan(ind)
Recall_train: 0.000000
F1_train: -nan(ind)

Costo_test: 0.249864
Precision_test: -nan(ind)
Recall_test: 0.000000
F1_test: -nan(ind)
 
