--- Configuración Actual ---
Paso: 0.200000
Gamma: 0.000000
Parada: 0.100000
Iteraciones: 100000
CapasDesde: 2
CapasHasta: 5
Repeticiones: 1
Intervalo: 10000
Batch: 100
MultiplicadorProfunda: 0.700000
Tarjeta: NVIDIA GeForce RTX 3090 Ti
----------------------------
Dimensiones Datos
trainx: 2x1600 
trainy: 1x1600 
test_x: 2x400 


--- Test Angosta 2.0 ---
Iteración 10000
Costo: 0.220326
Iteración 20000
Costo: 0.218859
Iteración 30000
Costo: 0.217973
Iteración 40000
Costo: 0.217589
Iteración 50000
Costo: 0.217364
Iteración 60000
Costo: 0.217207
Iteración 70000
Costo: 0.217091
Iteración 80000
Costo: 0.216999
Iteración 90000
Costo: 0.216924

Arquitectura: _2_6_1_
Semilla: 1788085058
Segundos: 48
NIteraciones: 100000

Costo_train: 0.216862
Precision_train: 0.561097
Recall_train: 0.563204
F1_train: 0.562149

Costo_test: 0.221263
Precision_test: 0.566502
Recall_test: 0.572139
F1_test: 0.569307
 

Arquitectura: _2_6_1_
Semilla: 1788085058
Segundos: 48
NIteraciones: 100000

Costo_train: 0.208142
Precision_train: 0.573957
Recall_train: 0.568210
F1_train: 0.571069

Costo_test: 0.220628
Precision_test: 0.547170
Recall_test: 0.577114
F1_test: 0.561743
 

Arquitectura: _2_6_1_
Semilla: 1788085058
Segundos: 48
NIteraciones: 100000

Costo_train: 0.186027
Precision_train: 0.723919
Recall_train: 0.712140
F1_train: 0.717981

Costo_test: 0.204971
Precision_test: 0.650718
Recall_test: 0.676617
F1_test: 0.663415
 

Arquitectura: _2_6_1_
Semilla: 1788085058
Segundos: 48
NIteraciones: 100000

Costo_train: 0.198893
Precision_train: 0.661917
Recall_train: 0.639549
F1_train: 0.650541

Costo_test: 0.209406
Precision_test: 0.620000
Recall_test: 0.616915
F1_test: 0.618454
 

Arquitectura: _2_6_1_
Semilla: 1788085058
Segundos: 48
NIteraciones: 100000

Costo_train: 0.208195
Precision_train: 0.521739
Recall_train: 0.510638
F1_train: 0.516129

Costo_test: 0.219166
Precision_test: 0.492754
Recall_test: 0.507463
F1_test: 0.500000
 

Arquitectura: _2_6_1_
Semilla: 1788085058
Segundos: 48
NIteraciones: 100000

Costo_train: 0.216331
Precision_train: 0.590102
Recall_train: 0.581977
F1_train: 0.586011

Costo_test: 0.221998
Precision_test: 0.595238
Recall_test: 0.621891
F1_test: 0.608272
 

Arquitectura: _2_6_1_
Semilla: 1788085058
Segundos: 48
NIteraciones: 100000

Costo_train: 0.196602
Precision_train: 0.673418
Recall_train: 0.665832
F1_train: 0.669604

Costo_test: 0.212685
Precision_test: 0.610329
Recall_test: 0.646766
F1_test: 0.628019
 

Arquitectura: _2_6_1_
Semilla: 1788085058
Segundos: 48
NIteraciones: 100000

Costo_train: 0.198568
Precision_train: 0.680769
Recall_train: 0.664581
F1_train: 0.672578

Costo_test: 0.216332
Precision_test: 0.614286
Recall_test: 0.641791
F1_test: 0.627737
 

Arquitectura: _2_6_1_
Semilla: 1788085058
Segundos: 48
NIteraciones: 100000

Costo_train: 0.192313
Precision_train: 0.682896
Recall_train: 0.684606
F1_train: 0.683750

Costo_test: 0.206210
Precision_test: 0.625571
Recall_test: 0.681592
F1_test: 0.652381
 

Arquitectura: _2_6_1_
Semilla: 1788085058
Segundos: 48
NIteraciones: 100000

Costo_train: 0.198941
Precision_train: 0.620137
Recall_train: 0.678348
F1_train: 0.647938

Costo_test: 0.212528
Precision_test: 0.577586
Recall_test: 0.666667
F1_test: 0.618938
 

Arquitectura: _2_6_1_
Semilla: 1788085058
Segundos: 48
NIteraciones: 100000

Costo_train: 0.208446
Precision_train: 0.527671
Recall_train: 0.513141
F1_train: 0.520305

Costo_test: 0.219740
Precision_test: 0.497585
Recall_test: 0.512438
F1_test: 0.504902
 

Arquitectura: _2_6_1_
Semilla: 1788085058
Segundos: 48
NIteraciones: 100000

Costo_train: 0.215559
Precision_train: 0.597977
Recall_train: 0.591990
F1_train: 0.594969

Costo_test: 0.220161
Precision_test: 0.569231
Recall_test: 0.552239
F1_test: 0.560606
 

Arquitectura: _2_6_1_
Semilla: 1788085058
Segundos: 48
NIteraciones: 100000

Costo_train: 0.208629
Precision_train: 0.523627
Recall_train: 0.513141
F1_train: 0.518331

Costo_test: 0.219649
Precision_test: 0.495146
Recall_test: 0.507463
F1_test: 0.501228
 

Arquitectura: _2_6_1_
Semilla: 1788085058
Segundos: 48
NIteraciones: 100000

Costo_train: 0.216865
Precision_train: 0.562500
Recall_train: 0.563204
F1_train: 0.562852

Costo_test: 0.221406
Precision_test: 0.566502
Recall_test: 0.572139
F1_test: 0.569307
 

Arquitectura: _2_6_1_
Semilla: 1788085058
Segundos: 48
NIteraciones: 100000

Costo_train: 0.207473
Precision_train: 0.588394
Recall_train: 0.545682
F1_train: 0.566234

Costo_test: 0.215985
Precision_test: 0.547264
Recall_test: 0.547264
F1_test: 0.547264
 

Arquitectura: _2_6_1_
Semilla: 1788085058
Segundos: 48
NIteraciones: 100000

Costo_train: 0.207985
Precision_train: 0.529639
Recall_train: 0.514393
F1_train: 0.521905

Costo_test: 0.219786
Precision_test: 0.507246
Recall_test: 0.522388
F1_test: 0.514706
 

Arquitectura: _2_6_1_
Semilla: 1788085058
Segundos: 48
NIteraciones: 100000

Costo_train: 0.191330
Precision_train: 0.698454
Recall_train: 0.678348
F1_train: 0.688254

Costo_test: 0.208207
Precision_test: 0.634615
Recall_test: 0.656716
F1_test: 0.645477
 

Arquitectura: _2_6_1_
Semilla: 1788085058
Segundos: 48
NIteraciones: 100000

Costo_train: 0.211598
Precision_train: 0.533587
Recall_train: 0.526909
F1_train: 0.530227

Costo_test: 0.225248
Precision_test: 0.565421
Recall_test: 0.601990
F1_test: 0.583133
 

Arquitectura: _2_6_1_
Semilla: 1788085058
Segundos: 48
NIteraciones: 100000

Costo_train: 0.193429
Precision_train: 0.666667
Recall_train: 0.680851
F1_train: 0.673684

Costo_test: 0.213259
Precision_test: 0.613953
Recall_test: 0.656716
F1_test: 0.634615
 

Arquitectura: _2_6_1_
Semilla: 1788085058
Segundos: 48
NIteraciones: 100000

Costo_train: 0.204170
Precision_train: 0.566372
Recall_train: 0.560701
F1_train: 0.563522

Costo_test: 0.217828
Precision_test: 0.530806
Recall_test: 0.557214
F1_test: 0.543689
 

Arquitectura: _2_6_1_
Semilla: 1788085058
Segundos: 48
NIteraciones: 100000

Costo_train: 0.208463
Precision_train: 0.573418
Recall_train: 0.566959
F1_train: 0.570170

Costo_test: 0.220411
Precision_test: 0.548077
Recall_test: 0.567164
F1_test: 0.557457
 

Arquitectura: _2_6_1_
Semilla: 1788085058
Segundos: 48
NIteraciones: 100000

Costo_train: 0.202223
Precision_train: 0.609632
Recall_train: 0.602003
F1_train: 0.605793

Costo_test: 0.218394
Precision_test: 0.577982
Recall_test: 0.626866
F1_test: 0.601432
 

Arquitectura: _2_6_1_
Semilla: 1788085058
Segundos: 48
NIteraciones: 100000

Costo_train: 0.198496
Precision_train: 0.666230
Recall_train: 0.637046
F1_train: 0.651312

Costo_test: 0.214047
Precision_test: 0.595122
Recall_test: 0.606965
F1_test: 0.600985
 

Arquitectura: _2_6_1_
Semilla: 1788085058
Segundos: 48
NIteraciones: 100000

Costo_train: 0.183000
Precision_train: 0.714643
Recall_train: 0.714643
F1_train: 0.714643

Costo_test: 0.199650
Precision_test: 0.659389
Recall_test: 0.751244
F1_test: 0.702326
 

Arquitectura: _2_6_1_
Semilla: 1788085058
Segundos: 48
NIteraciones: 100000

Costo_train: 0.207797
Precision_train: 0.565273
Recall_train: 0.558198
F1_train: 0.561713

Costo_test: 0.219469
Precision_test: 0.552381
Recall_test: 0.577114
F1_test: 0.564477
 

Arquitectura: _2_6_1_
Semilla: 1788085058
Segundos: 48
NIteraciones: 100000

Costo_train: 0.207918
Precision_train: 0.521127
Recall_train: 0.509387
F1_train: 0.515190

Costo_test: 0.219083
Precision_test: 0.492754
Recall_test: 0.507463
F1_test: 0.500000
 

Arquitectura: _2_6_1_
Semilla: 1788085058
Segundos: 48
NIteraciones: 100000

Costo_train: 0.195322
Precision_train: 0.716437
Recall_train: 0.714643
F1_train: 0.715539

Costo_test: 0.216275
Precision_test: 0.649289
Recall_test: 0.681592
F1_test: 0.665049
 

Arquitectura: _2_6_1_
Semilla: 1788085058
Segundos: 48
NIteraciones: 100000

Costo_train: 0.198967
Precision_train: 0.679487
Recall_train: 0.663329
F1_train: 0.671311

Costo_test: 0.216392
Precision_test: 0.616822
Recall_test: 0.656716
F1_test: 0.636145
 

Arquitectura: _2_6_1_
Semilla: 1788085058
Segundos: 48
NIteraciones: 100000

Costo_train: 0.198784
Precision_train: 0.691421
Recall_train: 0.675845
F1_train: 0.683544

Costo_test: 0.217542
Precision_test: 0.627358
Recall_test: 0.661692
F1_test: 0.644068
 

Arquitectura: _2_6_1_
Semilla: 1788085058
Segundos: 48
NIteraciones: 100000

Costo_train: 0.206832
Precision_train: 0.578283
Recall_train: 0.573216
F1_train: 0.575739

Costo_test: 0.220121
Precision_test: 0.559242
Recall_test: 0.587065
F1_test: 0.572816
 

Arquitectura: _2_6_1_
Semilla: 1788085058
Segundos: 48
NIteraciones: 100000

Costo_train: 0.210992
Precision_train: 0.535032
Recall_train: 0.525657
F1_train: 0.530303

Costo_test: 0.224195
Precision_test: 0.558685
Recall_test: 0.592040
F1_test: 0.574879
 

Arquitectura: _2_6_1_
Semilla: 1788085058
Segundos: 48
NIteraciones: 100000

Costo_train: 0.209759
Precision_train: 0.593909
Recall_train: 0.585732
F1_train: 0.589792

Costo_test: 0.220397
Precision_test: 0.519231
Recall_test: 0.537313
F1_test: 0.528117
 

Arquitectura: _2_6_1_
Semilla: 1788085058
Segundos: 48
NIteraciones: 100000

Costo_train: 0.198309
Precision_train: 0.657107
Recall_train: 0.659574
F1_train: 0.658339

Costo_test: 0.209750
Precision_test: 0.603774
Recall_test: 0.636816
F1_test: 0.619855
 

Arquitectura: _2_6_1_
Semilla: 1788085058
Segundos: 48
NIteraciones: 100000

Costo_train: 0.216817
Precision_train: 0.563046
Recall_train: 0.564456
F1_train: 0.563750

Costo_test: 0.221334
Precision_test: 0.566502
Recall_test: 0.572139
F1_test: 0.569307
 

Arquitectura: _2_6_1_
Semilla: 1788085058
Segundos: 48
NIteraciones: 100000

Costo_train: 0.204293
Precision_train: 0.560203
Recall_train: 0.553191
F1_train: 0.556675

Costo_test: 0.218042
Precision_test: 0.528302
Recall_test: 0.557214
F1_test: 0.542373
 

Arquitectura: _2_6_1_
Semilla: 1788085058
Segundos: 48
NIteraciones: 100000

Costo_train: 0.202318
Precision_train: 0.651497
Recall_train: 0.680851
F1_train: 0.665851

Costo_test: 0.211784
Precision_test: 0.625000
Recall_test: 0.696517
F1_test: 0.658823
 

Arquitectura: _2_6_1_
Semilla: 1788085058
Segundos: 48
NIteraciones: 100000

Costo_train: 0.192975
Precision_train: 0.713921
Recall_train: 0.699625
F1_train: 0.706700

Costo_test: 0.214313
Precision_test: 0.650485
Recall_test: 0.666667
F1_test: 0.658477
 

Arquitectura: _2_6_1_
Semilla: 1788085058
Segundos: 48
NIteraciones: 100000

Costo_train: 0.219081
Precision_train: 0.621997
Recall_train: 0.615770
F1_train: 0.618868

Costo_test: 0.219533
Precision_test: 0.618357
Recall_test: 0.636816
F1_test: 0.627451
 

Arquitectura: _2_6_1_
Semilla: 1788085058
Segundos: 48
NIteraciones: 100000

Costo_train: 0.196249
Precision_train: 0.686047
Recall_train: 0.664581
F1_train: 0.675143

Costo_test: 0.215195
Precision_test: 0.618357
Recall_test: 0.636816
F1_test: 0.627451
 

Arquitectura: _2_6_1_
Semilla: 1788085058
Segundos: 48
NIteraciones: 100000

Costo_train: 0.192382
Precision_train: 0.675393
Recall_train: 0.645807
F1_train: 0.660269

Costo_test: 0.213313
Precision_test: 0.608911
Recall_test: 0.611940
F1_test: 0.610422
 

Arquitectura: _2_6_1_
Semilla: 1788085058
Segundos: 48
NIteraciones: 100000

Costo_train: 0.207898
Precision_train: 0.519745
Recall_train: 0.510638
F1_train: 0.515152

Costo_test: 0.219289
Precision_test: 0.492754
Recall_test: 0.507463
F1_test: 0.500000
 

Arquitectura: _2_6_1_
Semilla: 1788085058
Segundos: 48
NIteraciones: 100000

Costo_train: 0.210802
Precision_train: 0.532734
Recall_train: 0.519399
F1_train: 0.525982

Costo_test: 0.223856
Precision_test: 0.559242
Recall_test: 0.587065
F1_test: 0.572816
 

Arquitectura: _2_6_1_
Semilla: 1788085058
Segundos: 48
NIteraciones: 100000

Costo_train: 0.216836
Precision_train: 0.562500
Recall_train: 0.563204
F1_train: 0.562852

Costo_test: 0.221402
Precision_test: 0.566502
Recall_test: 0.572139
F1_test: 0.569307
 

Arquitectura: _2_6_1_
Semilla: 1788085058
Segundos: 48
NIteraciones: 100000

Costo_train: 0.198255
Precision_train: 0.659091
Recall_train: 0.653317
F1_train: 0.656191

Costo_test: 0.217534
Precision_test: 0.595238
Recall_test: 0.621891
F1_test: 0.608272
 

Arquitectura: _2_6_1_
Semilla: 1788085058
Segundos: 48
NIteraciones: 100000

Costo_train: 0.197192
Precision_train: 0.699489
Recall_train: 0.684606
F1_train: 0.691967

Costo_test: 0.216298
Precision_test: 0.626794
Recall_test: 0.651741
F1_test: 0.639024
 

Arquitectura: _2_6_1_
Semilla: 1788085058
Segundos: 48
NIteraciones: 100000

Costo_train: 0.209549
Precision_train: 0.592122
Recall_train: 0.583229
F1_train: 0.587642

Costo_test: 0.220412
Precision_test: 0.524038
Recall_test: 0.542289
F1_test: 0.533007
 

Arquitectura: _2_6_1_
Semilla: 1788085058
Segundos: 48
NIteraciones: 100000

Costo_train: 0.187616
Precision_train: 0.699115
Recall_train: 0.692115
F1_train: 0.695598

Costo_test: 0.204466
Precision_test: 0.641148
Recall_test: 0.666667
F1_test: 0.653659
 

Arquitectura: _2_6_1_
Semilla: 1788085058
Segundos: 48
NIteraciones: 100000

Costo_train: 0.207995
Precision_train: 0.530323
Recall_train: 0.514393
F1_train: 0.522236

Costo_test: 0.219619
Precision_test: 0.507246
Recall_test: 0.522388
F1_test: 0.514706
 

Arquitectura: _2_6_1_
Semilla: 1788085058
Segundos: 48
NIteraciones: 100000

Costo_train: 0.207257
Precision_train: 0.520966
Recall_train: 0.513141
F1_train: 0.517024

Costo_test: 0.218989
Precision_test: 0.492683
Recall_test: 0.502488
F1_test: 0.497537
 

Arquitectura: _2_6_1_
Semilla: 1788085058
Segundos: 48
NIteraciones: 100000

Costo_train: 0.207001
Precision_train: 0.575910
Recall_train: 0.574468
F1_train: 0.575188

Costo_test: 0.217977
Precision_test: 0.552381
Recall_test: 0.577114
F1_test: 0.564477
 

Arquitectura: _2_6_1_
Semilla: 1788085058
Segundos: 48
NIteraciones: 100000

Costo_train: 0.216828
Precision_train: 0.562344
Recall_train: 0.564456
F1_train: 0.563398

Costo_test: 0.221315
Precision_test: 0.566502
Recall_test: 0.572139
F1_test: 0.569307
 

Arquitectura: _2_6_1_
Semilla: 1788085058
Segundos: 48
NIteraciones: 100000

Costo_train: 0.209524
Precision_train: 0.522959
Recall_train: 0.513141
F1_train: 0.518004

Costo_test: 0.220973
Precision_test: 0.538462
Recall_test: 0.557214
F1_test: 0.547677
 

Arquitectura: _2_6_1_
Semilla: 1788085058
Segundos: 48
NIteraciones: 100000

Costo_train: 0.192107
Precision_train: 0.697352
Recall_train: 0.692115
F1_train: 0.694724

Costo_test: 0.209219
Precision_test: 0.639810
Recall_test: 0.671642
F1_test: 0.655340
 

Arquitectura: _2_6_1_
Semilla: 1788085058
Segundos: 48
NIteraciones: 100000

Costo_train: 0.210049
Precision_train: 0.594937
Recall_train: 0.588235
F1_train: 0.591567

Costo_test: 0.220587
Precision_test: 0.521531
Recall_test: 0.542289
F1_test: 0.531707
 

Arquitectura: _2_6_1_
Semilla: 1788085058
Segundos: 48
NIteraciones: 100000

Costo_train: 0.216822
Precision_train: 0.563046
Recall_train: 0.564456
F1_train: 0.563750

Costo_test: 0.221343
Precision_test: 0.566502
Recall_test: 0.572139
F1_test: 0.569307
 

Arquitectura: _2_6_1_
Semilla: 1788085058
Segundos: 48
NIteraciones: 100000

Costo_train: 0.181713
Precision_train: 0.670426
Recall_train: 0.669587
F1_train: 0.670006

Costo_test: 0.199204
Precision_test: 0.616438
Recall_test: 0.671642
F1_test: 0.642857
 

Arquitectura: _2_6_1_
Semilla: 1788085058
Segundos: 48
NIteraciones: 100000

Costo_train: 0.216703
Precision_train: 0.562657
Recall_train: 0.561952
F1_train: 0.562304

Costo_test: 0.220841
Precision_test: 0.563725
Recall_test: 0.572139
F1_test: 0.567901
 

Arquitectura: _2_6_1_
Semilla: 1788085058
Segundos: 48
NIteraciones: 100000

Costo_train: 0.203111
Precision_train: 0.584906
Recall_train: 0.581977
F1_train: 0.583438

Costo_test: 0.216360
Precision_test: 0.559633
Recall_test: 0.606965
F1_test: 0.582339
 

Arquitectura: _2_6_1_
Semilla: 1788085058
Segundos: 48
NIteraciones: 100000

Costo_train: 0.189894
Precision_train: 0.726010
Recall_train: 0.719650
F1_train: 0.722816

Costo_test: 0.211568
Precision_test: 0.665049
Recall_test: 0.681592
F1_test: 0.673219
 

Arquitectura: _2_6_1_
Semilla: 1788085058
Segundos: 48
NIteraciones: 100000

Costo_train: 0.199757
Precision_train: 0.651015
Recall_train: 0.642053
F1_train: 0.646503

Costo_test: 0.215302
Precision_test: 0.600939
Recall_test: 0.636816
F1_test: 0.618358
 

Arquitectura: _2_6_1_
Semilla: 1788085058
Segundos: 48
NIteraciones: 100000

Costo_train: 0.208615
Precision_train: 0.524359
Recall_train: 0.511890
F1_train: 0.518049

Costo_test: 0.219650
Precision_test: 0.495146
Recall_test: 0.507463
F1_test: 0.501228
 

Arquitectura: _2_6_1_
Semilla: 1788085058
Segundos: 48
NIteraciones: 100000

Costo_train: 0.203674
Precision_train: 0.575377
Recall_train: 0.573216
F1_train: 0.574295

Costo_test: 0.217679
Precision_test: 0.533019
Recall_test: 0.562189
F1_test: 0.547216
 

Arquitectura: _2_6_1_
Semilla: 1788085058
Segundos: 48
NIteraciones: 100000

Costo_train: 0.207765
Precision_train: 0.521073
Recall_train: 0.510638
F1_train: 0.515803

Costo_test: 0.219017
Precision_test: 0.492754
Recall_test: 0.507463
F1_test: 0.500000
 

Arquitectura: _2_6_1_
Semilla: 1788085058
Segundos: 48
NIteraciones: 100000

Costo_train: 0.208309
Precision_train: 0.525575
Recall_train: 0.514393
F1_train: 0.519924

Costo_test: 0.219557
Precision_test: 0.497585
Recall_test: 0.512438
F1_test: 0.504902
 

Arquitectura: _2_6_1_
Semilla: 1788085058
Segundos: 48
NIteraciones: 100000

Costo_train: 0.209176
Precision_train: 0.574386
Recall_train: 0.555695
F1_train: 0.564885

Costo_test: 0.220040
Precision_test: 0.540000
Recall_test: 0.537313
F1_test: 0.538653
 

Arquitectura: _2_6_1_
Semilla: 1788085058
Segundos: 48
NIteraciones: 100000

Costo_train: 0.198615
Precision_train: 0.672862
Recall_train: 0.679600
F1_train: 0.676214

Costo_test: 0.209725
Precision_test: 0.646766
Recall_test: 0.646766
F1_test: 0.646766
 

Arquitectura: _2_6_1_
Semilla: 1788085058
Segundos: 48
NIteraciones: 100000

Costo_train: 0.199973
Precision_train: 0.627160
Recall_train: 0.635795
F1_train: 0.631448

Costo_test: 0.214331
Precision_test: 0.579439
Recall_test: 0.616915
F1_test: 0.597590
 

Arquitectura: _2_6_1_
Semilla: 1788085058
Segundos: 48
NIteraciones: 100000

Costo_train: 0.208473
Precision_train: 0.522959
Recall_train: 0.513141
F1_train: 0.518004

Costo_test: 0.219100
Precision_test: 0.495192
Recall_test: 0.512438
F1_test: 0.503668
 

Arquitectura: _2_6_1_
Semilla: 1788085058
Segundos: 48
NIteraciones: 100000

Costo_train: 0.216830
Precision_train: 0.562500
Recall_train: 0.563204
F1_train: 0.562852

Costo_test: 0.221428
Precision_test: 0.566502
Recall_test: 0.572139
F1_test: 0.569307
 

Arquitectura: _2_6_1_
Semilla: 1788085058
Segundos: 48
NIteraciones: 100000

Costo_train: 0.194194
Precision_train: 0.684597
Recall_train: 0.700876
F1_train: 0.692641

Costo_test: 0.212144
Precision_test: 0.635514
Recall_test: 0.676617
F1_test: 0.655422
 

Arquitectura: _2_6_1_
Semilla: 1788085058
Segundos: 48
NIteraciones: 100000

Costo_train: 0.199329
Precision_train: 0.656812
Recall_train: 0.639549
F1_train: 0.648066

Costo_test: 0.217275
Precision_test: 0.592233
Recall_test: 0.606965
F1_test: 0.599509
 

Arquitectura: _2_6_1_
Semilla: 1788085058
Segundos: 48
NIteraciones: 100000

Costo_train: 0.207057
Precision_train: 0.531888
Recall_train: 0.521902
F1_train: 0.526848

Costo_test: 0.219833
Precision_test: 0.507246
Recall_test: 0.522388
F1_test: 0.514706
 

Arquitectura: _2_6_1_
Semilla: 1788085058
Segundos: 48
NIteraciones: 100000

Costo_train: 0.208454
Precision_train: 0.573248
Recall_train: 0.563204
F1_train: 0.568182

Costo_test: 0.220306
Precision_test: 0.545894
Recall_test: 0.562189
F1_test: 0.553922
 

Arquitectura: _2_6_1_
Semilla: 1788085058
Segundos: 48
NIteraciones: 100000

Costo_train: 0.208614
Precision_train: 0.523627
Recall_train: 0.513141
F1_train: 0.518331

Costo_test: 0.219581
Precision_test: 0.495146
Recall_test: 0.507463
F1_test: 0.501228
 

Arquitectura: _2_6_1_
Semilla: 1788085058
Segundos: 48
NIteraciones: 100000

Costo_train: 0.188700
Precision_train: 0.681427
Recall_train: 0.693367
F1_train: 0.687345

Costo_test: 0.204461
Precision_test: 0.624434
Recall_test: 0.686567
F1_test: 0.654028
 

Arquitectura: _2_6_1_
Semilla: 1788085058
Segundos: 48
NIteraciones: 100000

Costo_train: 0.203407
Precision_train: 0.584256
Recall_train: 0.594493
F1_train: 0.589330

Costo_test: 0.217787
Precision_test: 0.539906
Recall_test: 0.572139
F1_test: 0.555556
 

Arquitectura: _2_6_1_
Semilla: 1788085058
Segundos: 48
NIteraciones: 100000

Costo_train: 0.181083
Precision_train: 0.737705
Recall_train: 0.732165
F1_train: 0.734925

Costo_test: 0.198270
Precision_test: 0.681614
Recall_test: 0.756219
F1_test: 0.716981
 

Arquitectura: _2_6_1_
Semilla: 1788085058
Segundos: 48
NIteraciones: 100000

Costo_train: 0.208387
Precision_train: 0.526316
Recall_train: 0.513141
F1_train: 0.519645

Costo_test: 0.219635
Precision_test: 0.497585
Recall_test: 0.512438
F1_test: 0.504902
 

Arquitectura: _2_6_1_
Semilla: 1788085058
Segundos: 48
NIteraciones: 100000

Costo_train: 0.203981
Precision_train: 0.559387
Recall_train: 0.548185
F1_train: 0.553729

Costo_test: 0.212695
Precision_test: 0.535885
Recall_test: 0.557214
F1_test: 0.546341
 

Arquitectura: _2_6_1_
Semilla: 1788085058
Segundos: 48
NIteraciones: 100000

Costo_train: 0.206350
Precision_train: 0.591440
Recall_train: 0.570713
F1_train: 0.580892

Costo_test: 0.220222
Precision_test: 0.558824
Recall_test: 0.567164
F1_test: 0.562963
 

Arquitectura: _2_6_1_
Semilla: 1788085058
Segundos: 48
NIteraciones: 100000

Costo_train: 0.207533
Precision_train: 0.519133
Recall_train: 0.509387
F1_train: 0.514214

Costo_test: 0.218909
Precision_test: 0.490291
Recall_test: 0.502488
F1_test: 0.496314
 

Arquitectura: _2_6_1_
Semilla: 1788085058
Segundos: 48
NIteraciones: 100000

Costo_train: 0.201569
Precision_train: 0.632783
Recall_train: 0.623279
F1_train: 0.627995

Costo_test: 0.218884
Precision_test: 0.583732
Recall_test: 0.606965
F1_test: 0.595122
 

Arquitectura: _2_6_1_
Semilla: 1788085058
Segundos: 48
NIteraciones: 100000

Costo_train: 0.206510
Precision_train: 0.528736
Recall_train: 0.518148
F1_train: 0.523388

Costo_test: 0.218810
Precision_test: 0.497561
Recall_test: 0.507463
F1_test: 0.502463
 

Arquitectura: _2_6_1_
Semilla: 1788085058
Segundos: 48
NIteraciones: 100000

Costo_train: 0.210108
Precision_train: 0.562183
Recall_train: 0.554443
F1_train: 0.558286

Costo_test: 0.219611
Precision_test: 0.511962
Recall_test: 0.532338
F1_test: 0.521951
 

Arquitectura: _2_6_1_
Semilla: 1788085058
Segundos: 48
NIteraciones: 100000

Costo_train: 0.209625
Precision_train: 0.592357
Recall_train: 0.581977
F1_train: 0.587121

Costo_test: 0.220562
Precision_test: 0.524038
Recall_test: 0.542289
F1_test: 0.533007
 

Arquitectura: _2_6_1_
Semilla: 1788085058
Segundos: 48
NIteraciones: 100000

Costo_train: 0.186661
Precision_train: 0.708642
Recall_train: 0.718398
F1_train: 0.713487

Costo_test: 0.203157
Precision_test: 0.665158
Recall_test: 0.731343
F1_test: 0.696682
 

Arquitectura: _2_6_1_
Semilla: 1788085058
Segundos: 48
NIteraciones: 100000

Costo_train: 0.207738
Precision_train: 0.520408
Recall_train: 0.510638
F1_train: 0.515477

Costo_test: 0.219268
Precision_test: 0.490291
Recall_test: 0.502488
F1_test: 0.496314
 

Arquitectura: _2_6_1_
Semilla: 1788085058
Segundos: 48
NIteraciones: 100000

Costo_train: 0.216988
Precision_train: 0.562500
Recall_train: 0.563204
F1_train: 0.562852

Costo_test: 0.221163
Precision_test: 0.566502
Recall_test: 0.572139
F1_test: 0.569307
 

Arquitectura: _2_6_1_
Semilla: 1788085058
Segundos: 48
NIteraciones: 100000

Costo_train: 0.204108
Precision_train: 0.557500
Recall_train: 0.558198
F1_train: 0.557849

Costo_test: 0.217599
Precision_test: 0.530516
Recall_test: 0.562189
F1_test: 0.545894
 

Arquitectura: _2_6_1_
Semilla: 1788085058
Segundos: 48
NIteraciones: 100000

Costo_train: 0.183833
Precision_train: 0.712859
Recall_train: 0.714643
F1_train: 0.713750

Costo_test: 0.200027
Precision_test: 0.662281
Recall_test: 0.751244
F1_test: 0.703963
 

Arquitectura: _2_6_1_
Semilla: 1788085058
Segundos: 48
NIteraciones: 100000

Costo_train: 0.204107
Precision_train: 0.561941
Recall_train: 0.550688
F1_train: 0.556258

Costo_test: 0.217550
Precision_test: 0.528571
Recall_test: 0.552239
F1_test: 0.540146
 

Arquitectura: _2_6_1_
Semilla: 1788085058
Segundos: 48
NIteraciones: 100000

Costo_train: 0.185952
Precision_train: 0.715182
Recall_train: 0.713392
F1_train: 0.714286

Costo_test: 0.201877
Precision_test: 0.680751
Recall_test: 0.721393
F1_test: 0.700483
 

Arquitectura: _2_6_1_
Semilla: 1788085058
Segundos: 48
NIteraciones: 100000

Costo_train: 0.189053
Precision_train: 0.697417
Recall_train: 0.709637
F1_train: 0.703474

Costo_test: 0.204756
Precision_test: 0.640351
Recall_test: 0.726368
F1_test: 0.680653
 

Arquitectura: _2_6_1_
Semilla: 1788085058
Segundos: 48
NIteraciones: 100000

Costo_train: 0.193193
Precision_train: 0.667082
Recall_train: 0.669587
F1_train: 0.668332

Costo_test: 0.212164
Precision_test: 0.612440
Recall_test: 0.636816
F1_test: 0.624390
 

Arquitectura: _2_6_1_
Semilla: 1788085058
Segundos: 48
NIteraciones: 100000

Costo_train: 0.188850
Precision_train: 0.705436
Recall_train: 0.698373
F1_train: 0.701887

Costo_test: 0.204122
Precision_test: 0.642534
Recall_test: 0.706468
F1_test: 0.672986
 

Arquitectura: _2_6_1_
Semilla: 1788085058
Segundos: 48
NIteraciones: 100000

Costo_train: 0.192822
Precision_train: 0.714286
Recall_train: 0.707134
F1_train: 0.710692

Costo_test: 0.215071
Precision_test: 0.645933
Recall_test: 0.671642
F1_test: 0.658537
 

Arquitectura: _2_6_1_
Semilla: 1788085058
Segundos: 48
NIteraciones: 100000

Costo_train: 0.206391
Precision_train: 0.526181
Recall_train: 0.515645
F1_train: 0.520860

Costo_test: 0.218120
Precision_test: 0.495192
Recall_test: 0.512438
F1_test: 0.503668
 

Arquitectura: _2_6_1_
Semilla: 1788085058
Segundos: 48
NIteraciones: 100000

Costo_train: 0.204537
Precision_train: 0.555828
Recall_train: 0.566959
F1_train: 0.561338

Costo_test: 0.213376
Precision_test: 0.538813
Recall_test: 0.587065
F1_test: 0.561905
 

Arquitectura: _2_6_1_
Semilla: 1788085058
Segundos: 48
NIteraciones: 100000

Costo_train: 0.200427
Precision_train: 0.651515
Recall_train: 0.645807
F1_train: 0.648649

Costo_test: 0.217115
Precision_test: 0.596154
Recall_test: 0.616915
F1_test: 0.606357
 

Arquitectura: _2_6_1_
Semilla: 1788085058
Segundos: 48
NIteraciones: 100000

Costo_train: 0.207169
Precision_train: 0.519695
Recall_train: 0.511890
F1_train: 0.515763

Costo_test: 0.218897
Precision_test: 0.490291
Recall_test: 0.502488
F1_test: 0.496314
 


--- Test Profunda 2.0 ---
Iteración 10000
Costo: 0.231223
Iteración 20000
Costo: 0.224420
Iteración 30000
Costo: 0.220151
Iteración 40000
Costo: 0.217573
Iteración 50000
Costo: 0.215185
Iteración 60000
Costo: 0.216095
Iteración 70000
Costo: 0.216286
Iteración 80000
Costo: 0.216369
Iteración 90000
Costo: 0.216346

Arquitectura: _2_3_3_1_
Semilla: 1788085106
Segundos: 94
NIteraciones: 100000

Costo_train: 0.217777
Precision_train: 0.614013
Recall_train: 0.603254
F1_train: 0.608586

Costo_test: 0.222482
Precision_test: 0.522388
Recall_test: 0.522388
F1_test: 0.522388
 

Arquitectura: _2_3_3_1_
Semilla: 1788085106
Segundos: 94
NIteraciones: 100000

Costo_train: 0.219434
Precision_train: 0.617535
Recall_train: 0.608260
F1_train: 0.612863

Costo_test: 0.219972
Precision_test: 0.618357
Recall_test: 0.636816
F1_test: 0.627451
 

Arquitectura: _2_3_3_1_
Semilla: 1788085106
Segundos: 94
NIteraciones: 100000

Costo_train: 0.219356
Precision_train: 0.619537
Recall_train: 0.603254
F1_train: 0.611287

Costo_test: 0.219895
Precision_test: 0.623762
Recall_test: 0.626866
F1_test: 0.625310
 

Arquitectura: _2_3_3_1_
Semilla: 1788085106
Segundos: 94
NIteraciones: 100000

Costo_train: 0.217242
Precision_train: 0.565107
Recall_train: 0.559449
F1_train: 0.562264

Costo_test: 0.221198
Precision_test: 0.566502
Recall_test: 0.572139
F1_test: 0.569307
 

Arquitectura: _2_3_3_1_
Semilla: 1788085106
Segundos: 94
NIteraciones: 100000

Costo_train: 0.219196
Precision_train: 0.616368
Recall_train: 0.603254
F1_train: 0.609741

Costo_test: 0.219840
Precision_test: 0.620690
Recall_test: 0.626866
F1_test: 0.623762
 

Arquitectura: _2_3_3_1_
Semilla: 1788085106
Segundos: 94
NIteraciones: 100000

Costo_train: 0.219434
Precision_train: 0.615000
Recall_train: 0.615770
F1_train: 0.615385

Costo_test: 0.220019
Precision_test: 0.614286
Recall_test: 0.641791
F1_test: 0.627737
 

Arquitectura: _2_3_3_1_
Semilla: 1788085106
Segundos: 94
NIteraciones: 100000

Costo_train: 0.219013
Precision_train: 0.612944
Recall_train: 0.604506
F1_train: 0.608696

Costo_test: 0.219509
Precision_test: 0.614634
Recall_test: 0.626866
F1_test: 0.620690
 

Arquitectura: _2_3_3_1_
Semilla: 1788085106
Segundos: 94
NIteraciones: 100000

Costo_train: 0.226959
Precision_train: 0.612167
Recall_train: 0.604506
F1_train: 0.608312

Costo_test: 0.224478
Precision_test: 0.623116
Recall_test: 0.616915
F1_test: 0.620000
 

Arquitectura: _2_3_3_1_
Semilla: 1788085106
Segundos: 94
NIteraciones: 100000

Costo_train: 0.219306
Precision_train: 0.616368
Recall_train: 0.603254
F1_train: 0.609741

Costo_test: 0.220073
Precision_test: 0.617647
Recall_test: 0.626866
F1_test: 0.622222
 

Arquitectura: _2_3_3_1_
Semilla: 1788085106
Segundos: 94
NIteraciones: 100000

Costo_train: 0.219245
Precision_train: 0.616667
Recall_train: 0.602003
F1_train: 0.609246

Costo_test: 0.219837
Precision_test: 0.622549
Recall_test: 0.631841
F1_test: 0.627161
 

Arquitectura: _2_3_3_1_
Semilla: 1788085106
Segundos: 94
NIteraciones: 100000

Costo_train: 0.226878
Precision_train: 0.611675
Recall_train: 0.603254
F1_train: 0.607435

Costo_test: 0.224377
Precision_test: 0.623116
Recall_test: 0.616915
F1_test: 0.620000
 

Arquitectura: _2_3_3_1_
Semilla: 1788085106
Segundos: 94
NIteraciones: 100000

Costo_train: 0.217116
Precision_train: 0.562344
Recall_train: 0.564456
F1_train: 0.563398

Costo_test: 0.221274
Precision_test: 0.566502
Recall_test: 0.572139
F1_test: 0.569307
 

Arquitectura: _2_3_3_1_
Semilla: 1788085106
Segundos: 94
NIteraciones: 100000

Costo_train: 0.226923
Precision_train: 0.613520
Recall_train: 0.602003
F1_train: 0.607707

Costo_test: 0.224454
Precision_test: 0.623116
Recall_test: 0.616915
F1_test: 0.620000
 

Arquitectura: _2_3_3_1_
Semilla: 1788085106
Segundos: 94
NIteraciones: 100000

Costo_train: 0.219270
Precision_train: 0.617158
Recall_train: 0.603254
F1_train: 0.610127

Costo_test: 0.219872
Precision_test: 0.622549
Recall_test: 0.631841
F1_test: 0.627161
 

Arquitectura: _2_3_3_1_
Semilla: 1788085106
Segundos: 94
NIteraciones: 100000

Costo_train: 0.219216
Precision_train: 0.614702
Recall_train: 0.607009
F1_train: 0.610831

Costo_test: 0.219740
Precision_test: 0.610577
Recall_test: 0.631841
F1_test: 0.621027
 

Arquitectura: _2_3_3_1_
Semilla: 1788085106
Segundos: 94
NIteraciones: 100000

Costo_train: 0.219253
Precision_train: 0.615877
Recall_train: 0.602003
F1_train: 0.608861

Costo_test: 0.219858
Precision_test: 0.622549
Recall_test: 0.631841
F1_test: 0.627161
 

Arquitectura: _2_3_3_1_
Semilla: 1788085106
Segundos: 94
NIteraciones: 100000

Costo_train: 0.226937
Precision_train: 0.615979
Recall_train: 0.598248
F1_train: 0.606984

Costo_test: 0.224532
Precision_test: 0.629442
Recall_test: 0.616915
F1_test: 0.623116
 

Arquitectura: _2_3_3_1_
Semilla: 1788085106
Segundos: 94
NIteraciones: 100000

Costo_train: 0.218290
Precision_train: 0.601274
Recall_train: 0.590738
F1_train: 0.595960

Costo_test: 0.220847
Precision_test: 0.628019
Recall_test: 0.646766
F1_test: 0.637255
 

Arquitectura: _2_3_3_1_
Semilla: 1788085106
Segundos: 94
NIteraciones: 100000

Costo_train: 0.219331
Precision_train: 0.616667
Recall_train: 0.602003
F1_train: 0.609246

Costo_test: 0.219870
Precision_test: 0.620690
Recall_test: 0.626866
F1_test: 0.623762
 

Arquitectura: _2_3_3_1_
Semilla: 1788085106
Segundos: 94
NIteraciones: 100000

Costo_train: 0.216062
Precision_train: 0.523212
Recall_train: 0.521902
F1_train: 0.522556

Costo_test: 0.229424
Precision_test: 0.568075
Recall_test: 0.601990
F1_test: 0.584541
 

Arquitectura: _2_3_3_1_
Semilla: 1788085106
Segundos: 94
NIteraciones: 100000

Costo_train: 0.219016
Precision_train: 0.613027
Recall_train: 0.600751
F1_train: 0.606827

Costo_test: 0.219461
Precision_test: 0.612745
Recall_test: 0.621891
F1_test: 0.617284
 

Arquitectura: _2_3_3_1_
Semilla: 1788085106
Segundos: 94
NIteraciones: 100000

Costo_train: 0.219199
Precision_train: 0.615877
Recall_train: 0.602003
F1_train: 0.608861

Costo_test: 0.219718
Precision_test: 0.622549
Recall_test: 0.631841
F1_test: 0.627161
 

Arquitectura: _2_3_3_1_
Semilla: 1788085106
Segundos: 94
NIteraciones: 100000

Costo_train: 0.219272
Precision_train: 0.617158
Recall_train: 0.603254
F1_train: 0.610127

Costo_test: 0.219823
Precision_test: 0.622549
Recall_test: 0.631841
F1_test: 0.627161
 

Arquitectura: _2_3_3_1_
Semilla: 1788085106
Segundos: 94
NIteraciones: 100000

Costo_train: 0.219242
Precision_train: 0.617535
Recall_train: 0.608260
F1_train: 0.612863

Costo_test: 0.219818
Precision_test: 0.618357
Recall_test: 0.636816
F1_test: 0.627451
 

Arquitectura: _2_3_3_1_
Semilla: 1788085106
Segundos: 94
NIteraciones: 100000

Costo_train: 0.219239
Precision_train: 0.616368
Recall_train: 0.603254
F1_train: 0.609741

Costo_test: 0.219883
Precision_test: 0.620690
Recall_test: 0.626866
F1_test: 0.623762
 

Arquitectura: _2_3_3_1_
Semilla: 1788085106
Segundos: 94
NIteraciones: 100000

Costo_train: 0.226927
Precision_train: 0.613811
Recall_train: 0.600751
F1_train: 0.607211

Costo_test: 0.224471
Precision_test: 0.626263
Recall_test: 0.616915
F1_test: 0.621554
 

Arquitectura: _2_3_3_1_
Semilla: 1788085106
Segundos: 94
NIteraciones: 100000

Costo_train: 0.219259
Precision_train: 0.617158
Recall_train: 0.603254
F1_train: 0.610127

Costo_test: 0.219821
Precision_test: 0.619512
Recall_test: 0.631841
F1_test: 0.625616
 

Arquitectura: _2_3_3_1_
Semilla: 1788085106
Segundos: 94
NIteraciones: 100000

Costo_train: 0.219246
Precision_train: 0.618863
Recall_train: 0.599499
F1_train: 0.609027

Costo_test: 0.219847
Precision_test: 0.623762
Recall_test: 0.626866
F1_test: 0.625310
 

Arquitectura: _2_3_3_1_
Semilla: 1788085106
Segundos: 94
NIteraciones: 100000

Costo_train: 0.221026
Precision_train: 0.566982
Recall_train: 0.524405
F1_train: 0.544863

Costo_test: 0.226422
Precision_test: 0.594737
Recall_test: 0.562189
F1_test: 0.578005
 

Arquitectura: _2_3_3_1_
Semilla: 1788085106
Segundos: 94
NIteraciones: 100000

Costo_train: 0.219110
Precision_train: 0.616071
Recall_train: 0.604506
F1_train: 0.610234

Costo_test: 0.219623
Precision_test: 0.617647
Recall_test: 0.626866
F1_test: 0.622222
 

Arquitectura: _2_3_3_1_
Semilla: 1788085106
Segundos: 94
NIteraciones: 100000

Costo_train: 0.216912
Precision_train: 0.565543
Recall_train: 0.566959
F1_train: 0.566250

Costo_test: 0.221043
Precision_test: 0.566502
Recall_test: 0.572139
F1_test: 0.569307
 

Arquitectura: _2_3_3_1_
Semilla: 1788085106
Segundos: 94
NIteraciones: 100000

Costo_train: 0.218250
Precision_train: 0.592411
Recall_train: 0.605757
F1_train: 0.599010

Costo_test: 0.222384
Precision_test: 0.576355
Recall_test: 0.582090
F1_test: 0.579208
 

Arquitectura: _2_3_3_1_
Semilla: 1788085106
Segundos: 94
NIteraciones: 100000

Costo_train: 0.217692
Precision_train: 0.613111
Recall_train: 0.596996
F1_train: 0.604946

Costo_test: 0.222465
Precision_test: 0.525253
Recall_test: 0.517413
F1_test: 0.521303
 

Arquitectura: _2_3_3_1_
Semilla: 1788085106
Segundos: 94
NIteraciones: 100000

Costo_train: 0.226937
Precision_train: 0.616175
Recall_train: 0.600751
F1_train: 0.608365

Costo_test: 0.224519
Precision_test: 0.629442
Recall_test: 0.616915
F1_test: 0.623116
 

Arquitectura: _2_3_3_1_
Semilla: 1788085106
Segundos: 94
NIteraciones: 100000

Costo_train: 0.219281
Precision_train: 0.616474
Recall_train: 0.599499
F1_train: 0.607868

Costo_test: 0.219804
Precision_test: 0.618812
Recall_test: 0.621891
F1_test: 0.620347
 

Arquitectura: _2_3_3_1_
Semilla: 1788085106
Segundos: 94
NIteraciones: 100000

Costo_train: 0.226918
Precision_train: 0.614597
Recall_train: 0.600751
F1_train: 0.607595

Costo_test: 0.224484
Precision_test: 0.629442
Recall_test: 0.616915
F1_test: 0.623116
 

Arquitectura: _2_3_3_1_
Semilla: 1788085106
Segundos: 94
NIteraciones: 100000

Costo_train: 0.219083
Precision_train: 0.614796
Recall_train: 0.603254
F1_train: 0.608970

Costo_test: 0.219661
Precision_test: 0.617647
Recall_test: 0.626866
F1_test: 0.622222
 

Arquitectura: _2_3_3_1_
Semilla: 1788085106
Segundos: 94
NIteraciones: 100000

Costo_train: 0.217475
Precision_train: 0.608040
Recall_train: 0.605757
F1_train: 0.606897

Costo_test: 0.222463
Precision_test: 0.524510
Recall_test: 0.532338
F1_test: 0.528395
 

Arquitectura: _2_3_3_1_
Semilla: 1788085106
Segundos: 94
NIteraciones: 100000

Costo_train: 0.226887
Precision_train: 0.612452
Recall_train: 0.603254
F1_train: 0.607818

Costo_test: 0.224391
Precision_test: 0.623116
Recall_test: 0.616915
F1_test: 0.620000
 

Arquitectura: _2_3_3_1_
Semilla: 1788085106
Segundos: 94
NIteraciones: 100000

Costo_train: 0.219172
Precision_train: 0.616667
Recall_train: 0.602003
F1_train: 0.609246

Costo_test: 0.219853
Precision_test: 0.620690
Recall_test: 0.626866
F1_test: 0.623762
 

Arquitectura: _2_3_3_1_
Semilla: 1788085106
Segundos: 94
NIteraciones: 100000

Costo_train: 0.219284
Precision_train: 0.616858
Recall_train: 0.604506
F1_train: 0.610619

Costo_test: 0.220000
Precision_test: 0.619512
Recall_test: 0.631841
F1_test: 0.625616
 

Arquitectura: _2_3_3_1_
Semilla: 1788085106
Segundos: 94
NIteraciones: 100000

Costo_train: 0.219251
Precision_train: 0.616368
Recall_train: 0.603254
F1_train: 0.609741

Costo_test: 0.219817
Precision_test: 0.622549
Recall_test: 0.631841
F1_test: 0.627161
 

Arquitectura: _2_3_3_1_
Semilla: 1788085106
Segundos: 94
NIteraciones: 100000

Costo_train: 0.218716
Precision_train: 0.583333
Recall_train: 0.586984
F1_train: 0.585153

Costo_test: 0.221109
Precision_test: 0.555556
Recall_test: 0.572139
F1_test: 0.563726
 

Arquitectura: _2_3_3_1_
Semilla: 1788085106
Segundos: 94
NIteraciones: 100000

Costo_train: 0.217733
Precision_train: 0.612484
Recall_train: 0.589487
F1_train: 0.600765

Costo_test: 0.220875
Precision_test: 0.542289
Recall_test: 0.542289
F1_test: 0.542289
 

Arquitectura: _2_3_3_1_
Semilla: 1788085106
Segundos: 94
NIteraciones: 100000

Costo_train: 0.226882
Precision_train: 0.613520
Recall_train: 0.602003
F1_train: 0.607707

Costo_test: 0.224407
Precision_test: 0.623116
Recall_test: 0.616915
F1_test: 0.620000
 

Arquitectura: _2_3_3_1_
Semilla: 1788085106
Segundos: 94
NIteraciones: 100000

Costo_train: 0.219154
Precision_train: 0.615681
Recall_train: 0.599499
F1_train: 0.607482

Costo_test: 0.219723
Precision_test: 0.618812
Recall_test: 0.621891
F1_test: 0.620347
 

Arquitectura: _2_3_3_1_
Semilla: 1788085106
Segundos: 94
NIteraciones: 100000

Costo_train: 0.226922
Precision_train: 0.616175
Recall_train: 0.600751
F1_train: 0.608365

Costo_test: 0.224501
Precision_test: 0.629442
Recall_test: 0.616915
F1_test: 0.623116
 

Arquitectura: _2_3_3_1_
Semilla: 1788085106
Segundos: 94
NIteraciones: 100000

Costo_train: 0.226999
Precision_train: 0.615686
Recall_train: 0.589487
F1_train: 0.602302

Costo_test: 0.224713
Precision_test: 0.632124
Recall_test: 0.606965
F1_test: 0.619289
 

Arquitectura: _2_3_3_1_
Semilla: 1788085106
Segundos: 94
NIteraciones: 100000

Costo_train: 0.216312
Precision_train: 0.523154
Recall_train: 0.523154
F1_train: 0.523154

Costo_test: 0.229434
Precision_test: 0.574074
Recall_test: 0.616915
F1_test: 0.594724
 

Arquitectura: _2_3_3_1_
Semilla: 1788085106
Segundos: 94
NIteraciones: 100000

Costo_train: 0.226928
Precision_train: 0.612658
Recall_train: 0.605757
F1_train: 0.609188

Costo_test: 0.224406
Precision_test: 0.620000
Recall_test: 0.616915
F1_test: 0.618454
 

Arquitectura: _2_3_3_1_
Semilla: 1788085106
Segundos: 94
NIteraciones: 100000

Costo_train: 0.219393
Precision_train: 0.614518
Recall_train: 0.614518
F1_train: 0.614518

Costo_test: 0.219892
Precision_test: 0.614286
Recall_test: 0.641791
F1_test: 0.627737
 

Arquitectura: _2_3_3_1_
Semilla: 1788085106
Segundos: 94
NIteraciones: 100000

Costo_train: 0.219353
Precision_train: 0.617458
Recall_train: 0.602003
F1_train: 0.609632

Costo_test: 0.219952
Precision_test: 0.623762
Recall_test: 0.626866
F1_test: 0.625310
 

Arquitectura: _2_3_3_1_
Semilla: 1788085106
Segundos: 94
NIteraciones: 100000

Costo_train: 0.226982
Precision_train: 0.615979
Recall_train: 0.598248
F1_train: 0.606984

Costo_test: 0.224597
Precision_test: 0.629442
Recall_test: 0.616915
F1_test: 0.623116
 

Arquitectura: _2_3_3_1_
Semilla: 1788085106
Segundos: 94
NIteraciones: 100000

Costo_train: 0.219293
Precision_train: 0.617158
Recall_train: 0.603254
F1_train: 0.610127

Costo_test: 0.219828
Precision_test: 0.622549
Recall_test: 0.631841
F1_test: 0.627161
 

Arquitectura: _2_3_3_1_
Semilla: 1788085106
Segundos: 94
NIteraciones: 100000

Costo_train: 0.217401
Precision_train: 0.564895
Recall_train: 0.571965
F1_train: 0.568408

Costo_test: 0.221446
Precision_test: 0.563107
Recall_test: 0.577114
F1_test: 0.570025
 

Arquitectura: _2_3_3_1_
Semilla: 1788085106
Segundos: 94
NIteraciones: 100000

Costo_train: 0.219255
Precision_train: 0.617535
Recall_train: 0.608260
F1_train: 0.612863

Costo_test: 0.219820
Precision_test: 0.618357
Recall_test: 0.636816
F1_test: 0.627451
 

Arquitectura: _2_3_3_1_
Semilla: 1788085106
Segundos: 94
NIteraciones: 100000

Costo_train: 0.219321
Precision_train: 0.616858
Recall_train: 0.604506
F1_train: 0.610619

Costo_test: 0.219789
Precision_test: 0.622549
Recall_test: 0.631841
F1_test: 0.627161
 

Arquitectura: _2_3_3_1_
Semilla: 1788085106
Segundos: 94
NIteraciones: 100000

Costo_train: 0.219396
Precision_train: 0.625798
Recall_train: 0.613267
F1_train: 0.619469

Costo_test: 0.219742
Precision_test: 0.633663
Recall_test: 0.636816
F1_test: 0.635236
 

Arquitectura: _2_3_3_1_
Semilla: 1788085106
Segundos: 94
NIteraciones: 100000

Costo_train: 0.222048
Precision_train: 0.599751
Recall_train: 0.602003
F1_train: 0.600874

Costo_test: 0.223591
Precision_test: 0.612903
Recall_test: 0.567164
F1_test: 0.589147
 

Arquitectura: _2_3_3_1_
Semilla: 1788085106
Segundos: 94
NIteraciones: 100000

Costo_train: 0.219253
Precision_train: 0.616858
Recall_train: 0.604506
F1_train: 0.610619

Costo_test: 0.219855
Precision_test: 0.620690
Recall_test: 0.626866
F1_test: 0.623762
 

Arquitectura: _2_3_3_1_
Semilla: 1788085106
Segundos: 94
NIteraciones: 100000

Costo_train: 0.219372
Precision_train: 0.616368
Recall_train: 0.603254
F1_train: 0.609741

Costo_test: 0.219892
Precision_test: 0.619512
Recall_test: 0.631841
F1_test: 0.625616
 

Arquitectura: _2_3_3_1_
Semilla: 1788085106
Segundos: 94
NIteraciones: 100000

Costo_train: 0.227004
Precision_train: 0.611884
Recall_train: 0.605757
F1_train: 0.608805

Costo_test: 0.224479
Precision_test: 0.613861
Recall_test: 0.616915
F1_test: 0.615385
 

Arquitectura: _2_3_3_1_
Semilla: 1788085106
Segundos: 94
NIteraciones: 100000

Costo_train: 0.216137
Precision_train: 0.561728
Recall_train: 0.569462
F1_train: 0.565569

Costo_test: 0.220875
Precision_test: 0.560976
Recall_test: 0.572139
F1_test: 0.566502
 

Arquitectura: _2_3_3_1_
Semilla: 1788085106
Segundos: 94
NIteraciones: 100000

Costo_train: 0.219362
Precision_train: 0.619108
Recall_train: 0.608260
F1_train: 0.613636

Costo_test: 0.219818
Precision_test: 0.618357
Recall_test: 0.636816
F1_test: 0.627451
 

Arquitectura: _2_3_3_1_
Semilla: 1788085106
Segundos: 94
NIteraciones: 100000

Costo_train: 0.219220
Precision_train: 0.618677
Recall_train: 0.596996
F1_train: 0.607643

Costo_test: 0.220026
Precision_test: 0.626263
Recall_test: 0.616915
F1_test: 0.621554
 

Arquitectura: _2_3_3_1_
Semilla: 1788085106
Segundos: 94
NIteraciones: 100000

Costo_train: 0.219148
Precision_train: 0.616474
Recall_train: 0.599499
F1_train: 0.607868

Costo_test: 0.219702
Precision_test: 0.618812
Recall_test: 0.621891
F1_test: 0.620347
 

Arquitectura: _2_3_3_1_
Semilla: 1788085106
Segundos: 94
NIteraciones: 100000

Costo_train: 0.219148
Precision_train: 0.616561
Recall_train: 0.605757
F1_train: 0.611111

Costo_test: 0.219701
Precision_test: 0.616505
Recall_test: 0.631841
F1_test: 0.624079
 

Arquitectura: _2_3_3_1_
Semilla: 1788085106
Segundos: 94
NIteraciones: 100000

Costo_train: 0.219174
Precision_train: 0.616368
Recall_train: 0.603254
F1_train: 0.609741

Costo_test: 0.219746
Precision_test: 0.620690
Recall_test: 0.626866
F1_test: 0.623762
 

Arquitectura: _2_3_3_1_
Semilla: 1788085106
Segundos: 94
NIteraciones: 100000

Costo_train: 0.219323
Precision_train: 0.616561
Recall_train: 0.605757
F1_train: 0.611111

Costo_test: 0.219996
Precision_test: 0.616505
Recall_test: 0.631841
F1_test: 0.624079
 

Arquitectura: _2_3_3_1_
Semilla: 1788085106
Segundos: 94
NIteraciones: 100000

Costo_train: 0.219197
Precision_train: 0.615287
Recall_train: 0.604506
F1_train: 0.609848

Costo_test: 0.219718
Precision_test: 0.616505
Recall_test: 0.631841
F1_test: 0.624079
 

Arquitectura: _2_3_3_1_
Semilla: 1788085106
Segundos: 94
NIteraciones: 100000

Costo_train: 0.217423
Precision_train: 0.612565
Recall_train: 0.585732
F1_train: 0.598848

Costo_test: 0.218852
Precision_test: 0.628866
Recall_test: 0.606965
F1_test: 0.617721
 

Arquitectura: _2_3_3_1_
Semilla: 1788085106
Segundos: 94
NIteraciones: 100000

Costo_train: 0.219210
Precision_train: 0.616368
Recall_train: 0.603254
F1_train: 0.609741

Costo_test: 0.219859
Precision_test: 0.620690
Recall_test: 0.626866
F1_test: 0.623762
 

Arquitectura: _2_3_3_1_
Semilla: 1788085106
Segundos: 94
NIteraciones: 100000

Costo_train: 0.216206
Precision_train: 0.533333
Recall_train: 0.530663
F1_train: 0.531995

Costo_test: 0.226544
Precision_test: 0.572093
Recall_test: 0.611940
F1_test: 0.591346
 

Arquitectura: _2_3_3_1_
Semilla: 1788085106
Segundos: 94
NIteraciones: 100000

Costo_train: 0.219231
Precision_train: 0.616071
Recall_train: 0.604506
F1_train: 0.610234

Costo_test: 0.219878
Precision_test: 0.617647
Recall_test: 0.626866
F1_test: 0.622222
 

Arquitectura: _2_3_3_1_
Semilla: 1788085106
Segundos: 94
NIteraciones: 100000

Costo_train: 0.219254
Precision_train: 0.616941
Recall_train: 0.610763
F1_train: 0.613836

Costo_test: 0.219925
Precision_test: 0.618357
Recall_test: 0.636816
F1_test: 0.627451
 

Arquitectura: _2_3_3_1_
Semilla: 1788085106
Segundos: 94
NIteraciones: 100000

Costo_train: 0.226903
Precision_train: 0.612167
Recall_train: 0.604506
F1_train: 0.608312

Costo_test: 0.224403
Precision_test: 0.623116
Recall_test: 0.616915
F1_test: 0.620000
 

Arquitectura: _2_3_3_1_
Semilla: 1788085106
Segundos: 94
NIteraciones: 100000

Costo_train: 0.219174
Precision_train: 0.616071
Recall_train: 0.604506
F1_train: 0.610234

Costo_test: 0.219703
Precision_test: 0.620690
Recall_test: 0.626866
F1_test: 0.623762
 

Arquitectura: _2_3_3_1_
Semilla: 1788085106
Segundos: 94
NIteraciones: 100000

Costo_train: 0.219296
Precision_train: 0.617158
Recall_train: 0.603254
F1_train: 0.610127

Costo_test: 0.220020
Precision_test: 0.622549
Recall_test: 0.631841
F1_test: 0.627161
 

Arquitectura: _2_3_3_1_
Semilla: 1788085106
Segundos: 94
NIteraciones: 100000

Costo_train: 0.219303
Precision_train: 0.616858
Recall_train: 0.604506
F1_train: 0.610619

Costo_test: 0.219829
Precision_test: 0.620690
Recall_test: 0.626866
F1_test: 0.623762
 

Arquitectura: _2_3_3_1_
Semilla: 1788085106
Segundos: 94
NIteraciones: 100000

Costo_train: 0.219192
Precision_train: 0.615877
Recall_train: 0.602003
F1_train: 0.608861

Costo_test: 0.219762
Precision_test: 0.620690
Recall_test: 0.626866
F1_test: 0.623762
 

Arquitectura: _2_3_3_1_
Semilla: 1788085106
Segundos: 94
NIteraciones: 100000

Costo_train: 0.220831
Precision_train: 0.584955
Recall_train: 0.564456
F1_train: 0.574522

Costo_test: 0.226270
Precision_test: 0.590674
Recall_test: 0.567164
F1_test: 0.578680
 

Arquitectura: _2_3_3_1_
Semilla: 1788085106
Segundos: 94
NIteraciones: 100000

Costo_train: 0.219077
Precision_train: 0.614213
Recall_train: 0.605757
F1_train: 0.609956

Costo_test: 0.219639
Precision_test: 0.614634
Recall_test: 0.626866
F1_test: 0.620690
 

Arquitectura: _2_3_3_1_
Semilla: 1788085106
Segundos: 94
NIteraciones: 100000

Costo_train: 0.216359
Precision_train: 0.535404
Recall_train: 0.539424
F1_train: 0.537407

Costo_test: 0.226551
Precision_test: 0.569444
Recall_test: 0.611940
F1_test: 0.589928
 

Arquitectura: _2_3_3_1_
Semilla: 1788085106
Segundos: 94
NIteraciones: 100000

Costo_train: 0.219249
Precision_train: 0.615783
Recall_train: 0.595745
F1_train: 0.605598

Costo_test: 0.219706
Precision_test: 0.615764
Recall_test: 0.621891
F1_test: 0.618812
 

Arquitectura: _2_3_3_1_
Semilla: 1788085106
Segundos: 94
NIteraciones: 100000

Costo_train: 0.217917
Precision_train: 0.591440
Recall_train: 0.570713
F1_train: 0.580892

Costo_test: 0.222096
Precision_test: 0.582888
Recall_test: 0.542289
F1_test: 0.561856
 

Arquitectura: _2_3_3_1_
Semilla: 1788085106
Segundos: 94
NIteraciones: 100000

Costo_train: 0.226929
Precision_train: 0.614597
Recall_train: 0.600751
F1_train: 0.607595

Costo_test: 0.224488
Precision_test: 0.629442
Recall_test: 0.616915
F1_test: 0.623116
 

Arquitectura: _2_3_3_1_
Semilla: 1788085106
Segundos: 94
NIteraciones: 100000

Costo_train: 0.219157
Precision_train: 0.615581
Recall_train: 0.603254
F1_train: 0.609355

Costo_test: 0.219736
Precision_test: 0.617647
Recall_test: 0.626866
F1_test: 0.622222
 

Arquitectura: _2_3_3_1_
Semilla: 1788085106
Segundos: 94
NIteraciones: 100000

Costo_train: 0.226936
Precision_train: 0.615979
Recall_train: 0.598248
F1_train: 0.606984

Costo_test: 0.224540
Precision_test: 0.629442
Recall_test: 0.616915
F1_test: 0.623116
 

Arquitectura: _2_3_3_1_
Semilla: 1788085106
Segundos: 94
NIteraciones: 100000

Costo_train: 0.219330
Precision_train: 0.619108
Recall_train: 0.608260
F1_train: 0.613636

Costo_test: 0.219797
Precision_test: 0.618357
Recall_test: 0.636816
F1_test: 0.627451
 

Arquitectura: _2_3_3_1_
Semilla: 1788085106
Segundos: 94
NIteraciones: 100000

Costo_train: 0.219386
Precision_train: 0.614702
Recall_train: 0.607009
F1_train: 0.610831

Costo_test: 0.219796
Precision_test: 0.610577
Recall_test: 0.631841
F1_test: 0.621027
 

Arquitectura: _2_3_3_1_
Semilla: 1788085106
Segundos: 94
NIteraciones: 100000

Costo_train: 0.218977
Precision_train: 0.613148
Recall_train: 0.607009
F1_train: 0.610063

Costo_test: 0.219460
Precision_test: 0.611650
Recall_test: 0.626866
F1_test: 0.619165
 

Arquitectura: _2_3_3_1_
Semilla: 1788085106
Segundos: 94
NIteraciones: 100000

Costo_train: 0.219258
Precision_train: 0.616368
Recall_train: 0.603254
F1_train: 0.609741

Costo_test: 0.219812
Precision_test: 0.620690
Recall_test: 0.626866
F1_test: 0.623762
 

Arquitectura: _2_3_3_1_
Semilla: 1788085106
Segundos: 94
NIteraciones: 100000

Costo_train: 0.219242
Precision_train: 0.616368
Recall_train: 0.603254
F1_train: 0.609741

Costo_test: 0.219816
Precision_test: 0.620690
Recall_test: 0.626866
F1_test: 0.623762
 

Arquitectura: _2_3_3_1_
Semilla: 1788085106
Segundos: 94
NIteraciones: 100000

Costo_train: 0.217499
Precision_train: 0.615979
Recall_train: 0.598248
F1_train: 0.606984

Costo_test: 0.222398
Precision_test: 0.520202
Recall_test: 0.512438
F1_test: 0.516291
 

Arquitectura: _2_3_3_1_
Semilla: 1788085106
Segundos: 94
NIteraciones: 100000

Costo_train: 0.217181
Precision_train: 0.562189
Recall_train: 0.565707
F1_train: 0.563943

Costo_test: 0.221356
Precision_test: 0.566502
Recall_test: 0.572139
F1_test: 0.569307
 

Arquitectura: _2_3_3_1_
Semilla: 1788085106
Segundos: 94
NIteraciones: 100000

Costo_train: 0.226894
Precision_train: 0.616967
Recall_train: 0.600751
F1_train: 0.608751

Costo_test: 0.224469
Precision_test: 0.629442
Recall_test: 0.616915
F1_test: 0.623116
 

Arquitectura: _2_3_3_1_
Semilla: 1788085106
Segundos: 94
NIteraciones: 100000

Costo_train: 0.219234
Precision_train: 0.617535
Recall_train: 0.608260
F1_train: 0.612863

Costo_test: 0.219895
Precision_test: 0.618357
Recall_test: 0.636816
F1_test: 0.627451
 

Arquitectura: _2_3_3_1_
Semilla: 1788085106
Segundos: 94
NIteraciones: 100000

Costo_train: 0.219213
Precision_train: 0.615287
Recall_train: 0.604506
F1_train: 0.609848

Costo_test: 0.219777
Precision_test: 0.616505
Recall_test: 0.631841
F1_test: 0.624079
 

Arquitectura: _2_3_3_1_
Semilla: 1788085106
Segundos: 94
NIteraciones: 100000

Costo_train: 0.227024
Precision_train: 0.611041
Recall_train: 0.609512
F1_train: 0.610276

Costo_test: 0.224475
Precision_test: 0.615764
Recall_test: 0.621891
F1_test: 0.618812
 

Arquitectura: _2_3_3_1_
Semilla: 1788085106
Segundos: 94
NIteraciones: 100000

Costo_train: 0.220238
Precision_train: 0.601274
Recall_train: 0.590738
F1_train: 0.595960

Costo_test: 0.222847
Precision_test: 0.594286
Recall_test: 0.517413
F1_test: 0.553192
 


--- Test Angosta 3.0 ---
Iteración 10000
Costo: 0.217782
Iteración 20000
Costo: 0.214211
Iteración 30000
Costo: 0.212231
Iteración 40000
Costo: 0.210922
Iteración 50000
Costo: 0.209992
Iteración 60000
Costo: 0.209232
Iteración 70000
Costo: 0.210461
Iteración 80000
Costo: 0.210545
Iteración 90000
Costo: 0.209734

Arquitectura: _2_9_1_
Semilla: 1788085200
Segundos: 52
NIteraciones: 100000

Costo_train: 0.207863
Precision_train: 0.589286
Recall_train: 0.578223
F1_train: 0.583702

Costo_test: 0.219714
Precision_test: 0.533981
Recall_test: 0.547264
F1_test: 0.540541
 

Arquitectura: _2_9_1_
Semilla: 1788085200
Segundos: 52
NIteraciones: 100000

Costo_train: 0.188493
Precision_train: 0.702771
Recall_train: 0.698373
F1_train: 0.700565

Costo_test: 0.204500
Precision_test: 0.648649
Recall_test: 0.716418
F1_test: 0.680851
 

Arquitectura: _2_9_1_
Semilla: 1788085200
Segundos: 52
NIteraciones: 100000

Costo_train: 0.205875
Precision_train: 0.593939
Recall_train: 0.613267
F1_train: 0.603448

Costo_test: 0.218782
Precision_test: 0.571429
Recall_test: 0.636816
F1_test: 0.602353
 

Arquitectura: _2_9_1_
Semilla: 1788085200
Segundos: 52
NIteraciones: 100000

Costo_train: 0.184722
Precision_train: 0.713740
Recall_train: 0.702128
F1_train: 0.707886

Costo_test: 0.201587
Precision_test: 0.657778
Recall_test: 0.736318
F1_test: 0.694836
 

Arquitectura: _2_9_1_
Semilla: 1788085200
Segundos: 52
NIteraciones: 100000

Costo_train: 0.183701
Precision_train: 0.712140
Recall_train: 0.712140
F1_train: 0.712140

Costo_test: 0.200662
Precision_test: 0.648889
Recall_test: 0.726368
F1_test: 0.685446
 

Arquitectura: _2_9_1_
Semilla: 1788085200
Segundos: 52
NIteraciones: 100000

Costo_train: 0.205802
Precision_train: 0.578005
Recall_train: 0.565707
F1_train: 0.571790

Costo_test: 0.218952
Precision_test: 0.550239
Recall_test: 0.572139
F1_test: 0.560976
 

Arquitectura: _2_9_1_
Semilla: 1788085200
Segundos: 52
NIteraciones: 100000

Costo_train: 0.192019
Precision_train: 0.692115
Recall_train: 0.692115
F1_train: 0.692115

Costo_test: 0.206796
Precision_test: 0.638767
Recall_test: 0.721393
F1_test: 0.677570
 

Arquitectura: _2_9_1_
Semilla: 1788085200
Segundos: 52
NIteraciones: 100000

Costo_train: 0.198000
Precision_train: 0.588375
Recall_train: 0.620776
F1_train: 0.604141

Costo_test: 0.210389
Precision_test: 0.552036
Recall_test: 0.606965
F1_test: 0.578199
 

Arquitectura: _2_9_1_
Semilla: 1788085200
Segundos: 52
NIteraciones: 100000

Costo_train: 0.194452
Precision_train: 0.633854
Recall_train: 0.660826
F1_train: 0.647059

Costo_test: 0.209301
Precision_test: 0.568182
Recall_test: 0.621891
F1_test: 0.593824
 

Arquitectura: _2_9_1_
Semilla: 1788085200
Segundos: 52
NIteraciones: 100000

Costo_train: 0.204366
Precision_train: 0.524104
Recall_train: 0.530663
F1_train: 0.527363

Costo_test: 0.213782
Precision_test: 0.560185
Recall_test: 0.601990
F1_test: 0.580336
 

Arquitectura: _2_9_1_
Semilla: 1788085200
Segundos: 52
NIteraciones: 100000

Costo_train: 0.196159
Precision_train: 0.688608
Recall_train: 0.680851
F1_train: 0.684707

Costo_test: 0.211171
Precision_test: 0.674208
Recall_test: 0.741294
F1_test: 0.706161
 

Arquitectura: _2_9_1_
Semilla: 1788085200
Segundos: 52
NIteraciones: 100000

Costo_train: 0.210844
Precision_train: 0.573604
Recall_train: 0.565707
F1_train: 0.569628

Costo_test: 0.220365
Precision_test: 0.562189
Recall_test: 0.562189
F1_test: 0.562189
 

Arquitectura: _2_9_1_
Semilla: 1788085200
Segundos: 52
NIteraciones: 100000

Costo_train: 0.212498
Precision_train: 0.598191
Recall_train: 0.579474
F1_train: 0.588684

Costo_test: 0.218574
Precision_test: 0.597938
Recall_test: 0.577114
F1_test: 0.587342
 

Arquitectura: _2_9_1_
Semilla: 1788085200
Segundos: 52
NIteraciones: 100000

Costo_train: 0.196414
Precision_train: 0.721739
Recall_train: 0.727159
F1_train: 0.724439

Costo_test: 0.212511
Precision_test: 0.608889
Recall_test: 0.681592
F1_test: 0.643193
 

Arquitectura: _2_9_1_
Semilla: 1788085200
Segundos: 52
NIteraciones: 100000

Costo_train: 0.180181
Precision_train: 0.710234
Recall_train: 0.720901
F1_train: 0.715528

Costo_test: 0.193069
Precision_test: 0.668182
Recall_test: 0.731343
F1_test: 0.698337
 

Arquitectura: _2_9_1_
Semilla: 1788085200
Segundos: 52
NIteraciones: 100000

Costo_train: 0.193761
Precision_train: 0.707286
Recall_train: 0.704631
F1_train: 0.705956

Costo_test: 0.209143
Precision_test: 0.642857
Recall_test: 0.716418
F1_test: 0.677647
 

Arquitectura: _2_9_1_
Semilla: 1788085200
Segundos: 52
NIteraciones: 100000

Costo_train: 0.179989
Precision_train: 0.731061
Recall_train: 0.724656
F1_train: 0.727844

Costo_test: 0.193978
Precision_test: 0.700461
Recall_test: 0.756219
F1_test: 0.727273
 

Arquitectura: _2_9_1_
Semilla: 1788085200
Segundos: 52
NIteraciones: 100000

Costo_train: 0.194533
Precision_train: 0.664179
Recall_train: 0.668335
F1_train: 0.666251

Costo_test: 0.212477
Precision_test: 0.587983
Recall_test: 0.681592
F1_test: 0.631336
 

Arquitectura: _2_9_1_
Semilla: 1788085200
Segundos: 52
NIteraciones: 100000

Costo_train: 0.185488
Precision_train: 0.693750
Recall_train: 0.694618
F1_train: 0.694184

Costo_test: 0.199526
Precision_test: 0.646789
Recall_test: 0.701493
F1_test: 0.673031
 

Arquitectura: _2_9_1_
Semilla: 1788085200
Segundos: 52
NIteraciones: 100000

Costo_train: 0.203598
Precision_train: 0.575484
Recall_train: 0.558198
F1_train: 0.566709

Costo_test: 0.214553
Precision_test: 0.570732
Recall_test: 0.582090
F1_test: 0.576355
 

Arquitectura: _2_9_1_
Semilla: 1788085200
Segundos: 52
NIteraciones: 100000

Costo_train: 0.183642
Precision_train: 0.720297
Recall_train: 0.728411
F1_train: 0.724331

Costo_test: 0.202714
Precision_test: 0.654545
Recall_test: 0.716418
F1_test: 0.684085
 

Arquitectura: _2_9_1_
Semilla: 1788085200
Segundos: 52
NIteraciones: 100000

Costo_train: 0.210219
Precision_train: 0.598226
Recall_train: 0.590738
F1_train: 0.594458

Costo_test: 0.219988
Precision_test: 0.555556
Recall_test: 0.572139
F1_test: 0.563726
 

Arquitectura: _2_9_1_
Semilla: 1788085200
Segundos: 52
NIteraciones: 100000

Costo_train: 0.177253
Precision_train: 0.737361
Recall_train: 0.748436
F1_train: 0.742857

Costo_test: 0.194763
Precision_test: 0.684685
Recall_test: 0.756219
F1_test: 0.718676
 

Arquitectura: _2_9_1_
Semilla: 1788085200
Segundos: 52
NIteraciones: 100000

Costo_train: 0.183482
Precision_train: 0.724782
Recall_train: 0.728411
F1_train: 0.726592

Costo_test: 0.200977
Precision_test: 0.662338
Recall_test: 0.761194
F1_test: 0.708333
 

Arquitectura: _2_9_1_
Semilla: 1788085200
Segundos: 52
NIteraciones: 100000

Costo_train: 0.193232
Precision_train: 0.682278
Recall_train: 0.674593
F1_train: 0.678414

Costo_test: 0.206849
Precision_test: 0.617925
Recall_test: 0.651741
F1_test: 0.634383
 

Arquitectura: _2_9_1_
Semilla: 1788085200
Segundos: 52
NIteraciones: 100000

Costo_train: 0.196339
Precision_train: 0.634793
Recall_train: 0.689612
F1_train: 0.661068

Costo_test: 0.208199
Precision_test: 0.607759
Recall_test: 0.701493
F1_test: 0.651270
 

Arquitectura: _2_9_1_
Semilla: 1788085200
Segundos: 52
NIteraciones: 100000

Costo_train: 0.207890
Precision_train: 0.621495
Recall_train: 0.665832
F1_train: 0.642900

Costo_test: 0.221147
Precision_test: 0.535885
Recall_test: 0.557214
F1_test: 0.546341
 

Arquitectura: _2_9_1_
Semilla: 1788085200
Segundos: 52
NIteraciones: 100000

Costo_train: 0.174117
Precision_train: 0.726027
Recall_train: 0.729662
F1_train: 0.727840

Costo_test: 0.187509
Precision_test: 0.676991
Recall_test: 0.761194
F1_test: 0.716628
 

Arquitectura: _2_9_1_
Semilla: 1788085200
Segundos: 52
NIteraciones: 100000

Costo_train: 0.194687
Precision_train: 0.714819
Recall_train: 0.718398
F1_train: 0.716604

Costo_test: 0.211114
Precision_test: 0.644737
Recall_test: 0.731343
F1_test: 0.685315
 

Arquitectura: _2_9_1_
Semilla: 1788085200
Segundos: 52
NIteraciones: 100000

Costo_train: 0.190729
Precision_train: 0.651163
Recall_train: 0.700876
F1_train: 0.675106

Costo_test: 0.207828
Precision_test: 0.600000
Recall_test: 0.686567
F1_test: 0.640371
 

Arquitectura: _2_9_1_
Semilla: 1788085200
Segundos: 52
NIteraciones: 100000

Costo_train: 0.178816
Precision_train: 0.692213
Recall_train: 0.700876
F1_train: 0.696517

Costo_test: 0.190816
Precision_test: 0.636364
Recall_test: 0.696517
F1_test: 0.665083
 

Arquitectura: _2_9_1_
Semilla: 1788085200
Segundos: 52
NIteraciones: 100000

Costo_train: 0.192568
Precision_train: 0.693057
Recall_train: 0.712140
F1_train: 0.702469

Costo_test: 0.210835
Precision_test: 0.613734
Recall_test: 0.711443
F1_test: 0.658986
 

Arquitectura: _2_9_1_
Semilla: 1788085200
Segundos: 52
NIteraciones: 100000

Costo_train: 0.205882
Precision_train: 0.526923
Recall_train: 0.514393
F1_train: 0.520583

Costo_test: 0.214597
Precision_test: 0.565421
Recall_test: 0.601990
F1_test: 0.583133
 

Arquitectura: _2_9_1_
Semilla: 1788085200
Segundos: 52
NIteraciones: 100000

Costo_train: 0.207394
Precision_train: 0.575621
Recall_train: 0.638298
F1_train: 0.605341

Costo_test: 0.221947
Precision_test: 0.552995
Recall_test: 0.597015
F1_test: 0.574163
 

Arquitectura: _2_9_1_
Semilla: 1788085200
Segundos: 52
NIteraciones: 100000

Costo_train: 0.178635
Precision_train: 0.735000
Recall_train: 0.735920
F1_train: 0.735460

Costo_test: 0.192775
Precision_test: 0.709677
Recall_test: 0.766169
F1_test: 0.736842
 

Arquitectura: _2_9_1_
Semilla: 1788085200
Segundos: 52
NIteraciones: 100000

Costo_train: 0.189540
Precision_train: 0.694581
Recall_train: 0.705882
F1_train: 0.700186

Costo_test: 0.208842
Precision_test: 0.620087
Recall_test: 0.706468
F1_test: 0.660465
 

Arquitectura: _2_9_1_
Semilla: 1788085200
Segundos: 52
NIteraciones: 100000

Costo_train: 0.183218
Precision_train: 0.726380
Recall_train: 0.740926
F1_train: 0.733581

Costo_test: 0.201615
Precision_test: 0.663717
Recall_test: 0.746269
F1_test: 0.702576
 

Arquitectura: _2_9_1_
Semilla: 1788085200
Segundos: 52
NIteraciones: 100000

Costo_train: 0.195757
Precision_train: 0.632794
Recall_train: 0.685857
F1_train: 0.658258

Costo_test: 0.210712
Precision_test: 0.585903
Recall_test: 0.661692
F1_test: 0.621495
 

Arquitectura: _2_9_1_
Semilla: 1788085200
Segundos: 52
NIteraciones: 100000

Costo_train: 0.194194
Precision_train: 0.612571
Recall_train: 0.670839
F1_train: 0.640382

Costo_test: 0.206948
Precision_test: 0.582278
Recall_test: 0.686567
F1_test: 0.630137
 

Arquitectura: _2_9_1_
Semilla: 1788085200
Segundos: 52
NIteraciones: 100000

Costo_train: 0.209857
Precision_train: 0.538462
Recall_train: 0.525657
F1_train: 0.531982

Costo_test: 0.223655
Precision_test: 0.561321
Recall_test: 0.592040
F1_test: 0.576271
 

Arquitectura: _2_9_1_
Semilla: 1788085200
Segundos: 52
NIteraciones: 100000

Costo_train: 0.203481
Precision_train: 0.582687
Recall_train: 0.564456
F1_train: 0.573427

Costo_test: 0.215732
Precision_test: 0.560000
Recall_test: 0.557214
F1_test: 0.558603
 

Arquitectura: _2_9_1_
Semilla: 1788085200
Segundos: 52
NIteraciones: 100000

Costo_train: 0.199145
Precision_train: 0.673443
Recall_train: 0.663329
F1_train: 0.668348

Costo_test: 0.214913
Precision_test: 0.654545
Recall_test: 0.716418
F1_test: 0.684085
 

Arquitectura: _2_9_1_
Semilla: 1788085200
Segundos: 52
NIteraciones: 100000

Costo_train: 0.180255
Precision_train: 0.677623
Recall_train: 0.670839
F1_train: 0.674214

Costo_test: 0.197052
Precision_test: 0.649770
Recall_test: 0.701493
F1_test: 0.674641
 

Arquitectura: _2_9_1_
Semilla: 1788085200
Segundos: 52
NIteraciones: 100000

Costo_train: 0.195529
Precision_train: 0.659781
Recall_train: 0.679600
F1_train: 0.669544

Costo_test: 0.211418
Precision_test: 0.616438
Recall_test: 0.671642
F1_test: 0.642857
 

Arquitectura: _2_9_1_
Semilla: 1788085200
Segundos: 52
NIteraciones: 100000

Costo_train: 0.207644
Precision_train: 0.584980
Recall_train: 0.555695
F1_train: 0.569962

Costo_test: 0.220646
Precision_test: 0.553922
Recall_test: 0.562189
F1_test: 0.558025
 

Arquitectura: _2_9_1_
Semilla: 1788085200
Segundos: 52
NIteraciones: 100000

Costo_train: 0.192700
Precision_train: 0.671374
Recall_train: 0.654568
F1_train: 0.662864

Costo_test: 0.207110
Precision_test: 0.625000
Recall_test: 0.646766
F1_test: 0.635697
 

Arquitectura: _2_9_1_
Semilla: 1788085200
Segundos: 52
NIteraciones: 100000

Costo_train: 0.203641
Precision_train: 0.603217
Recall_train: 0.563204
F1_train: 0.582524

Costo_test: 0.214278
Precision_test: 0.569307
Recall_test: 0.572139
F1_test: 0.570720
 

Arquitectura: _2_9_1_
Semilla: 1788085200
Segundos: 52
NIteraciones: 100000

Costo_train: 0.195400
Precision_train: 0.619577
Recall_train: 0.697121
F1_train: 0.656066

Costo_test: 0.211358
Precision_test: 0.585774
Recall_test: 0.696517
F1_test: 0.636364
 

Arquitectura: _2_9_1_
Semilla: 1788085200
Segundos: 52
NIteraciones: 100000

Costo_train: 0.203883
Precision_train: 0.587244
Recall_train: 0.610763
F1_train: 0.598773

Costo_test: 0.216499
Precision_test: 0.564815
Recall_test: 0.606965
F1_test: 0.585132
 

Arquitectura: _2_9_1_
Semilla: 1788085200
Segundos: 52
NIteraciones: 100000

Costo_train: 0.179271
Precision_train: 0.683951
Recall_train: 0.693367
F1_train: 0.688626

Costo_test: 0.195009
Precision_test: 0.640000
Recall_test: 0.716418
F1_test: 0.676056
 

Arquitectura: _2_9_1_
Semilla: 1788085200
Segundos: 52
NIteraciones: 100000

Costo_train: 0.208382
Precision_train: 0.562660
Recall_train: 0.550688
F1_train: 0.556610

Costo_test: 0.216013
Precision_test: 0.586047
Recall_test: 0.626866
F1_test: 0.605769
 

Arquitectura: _2_9_1_
Semilla: 1788085200
Segundos: 52
NIteraciones: 100000

Costo_train: 0.204503
Precision_train: 0.589286
Recall_train: 0.578223
F1_train: 0.583702

Costo_test: 0.216517
Precision_test: 0.565217
Recall_test: 0.582090
F1_test: 0.573529
 

Arquitectura: _2_9_1_
Semilla: 1788085200
Segundos: 52
NIteraciones: 100000

Costo_train: 0.190320
Precision_train: 0.677057
Recall_train: 0.679600
F1_train: 0.678326

Costo_test: 0.208083
Precision_test: 0.590308
Recall_test: 0.666667
F1_test: 0.626168
 

Arquitectura: _2_9_1_
Semilla: 1788085200
Segundos: 52
NIteraciones: 100000

Costo_train: 0.207931
Precision_train: 0.622691
Recall_train: 0.590738
F1_train: 0.606294

Costo_test: 0.219837
Precision_test: 0.555024
Recall_test: 0.577114
F1_test: 0.565854
 

Arquitectura: _2_9_1_
Semilla: 1788085200
Segundos: 52
NIteraciones: 100000

Costo_train: 0.192401
Precision_train: 0.714994
Recall_train: 0.722153
F1_train: 0.718555

Costo_test: 0.210416
Precision_test: 0.653333
Recall_test: 0.731343
F1_test: 0.690141
 

Arquitectura: _2_9_1_
Semilla: 1788085200
Segundos: 52
NIteraciones: 100000

Costo_train: 0.204211
Precision_train: 0.578947
Recall_train: 0.605757
F1_train: 0.592049

Costo_test: 0.216866
Precision_test: 0.561086
Recall_test: 0.616915
F1_test: 0.587678
 

Arquitectura: _2_9_1_
Semilla: 1788085200
Segundos: 52
NIteraciones: 100000

Costo_train: 0.171810
Precision_train: 0.713392
Recall_train: 0.713392
F1_train: 0.713392

Costo_test: 0.185006
Precision_test: 0.660714
Recall_test: 0.736318
F1_test: 0.696471
 

Arquitectura: _2_9_1_
Semilla: 1788085200
Segundos: 52
NIteraciones: 100000

Costo_train: 0.210022
Precision_train: 0.567127
Recall_train: 0.565707
F1_train: 0.566416

Costo_test: 0.220124
Precision_test: 0.545894
Recall_test: 0.562189
F1_test: 0.553922
 

Arquitectura: _2_9_1_
Semilla: 1788085200
Segundos: 52
NIteraciones: 100000

Costo_train: 0.181588
Precision_train: 0.727723
Recall_train: 0.735920
F1_train: 0.731798

Costo_test: 0.199543
Precision_test: 0.669683
Recall_test: 0.736318
F1_test: 0.701422
 

Arquitectura: _2_9_1_
Semilla: 1788085200
Segundos: 52
NIteraciones: 100000

Costo_train: 0.198442
Precision_train: 0.605556
Recall_train: 0.682103
F1_train: 0.641554

Costo_test: 0.212251
Precision_test: 0.573840
Recall_test: 0.676617
F1_test: 0.621005
 

Arquitectura: _2_9_1_
Semilla: 1788085200
Segundos: 52
NIteraciones: 100000

Costo_train: 0.192859
Precision_train: 0.711634
Recall_train: 0.719650
F1_train: 0.715619

Costo_test: 0.209422
Precision_test: 0.653333
Recall_test: 0.731343
F1_test: 0.690141
 

Arquitectura: _2_9_1_
Semilla: 1788085200
Segundos: 52
NIteraciones: 100000

Costo_train: 0.209421
Precision_train: 0.556978
Recall_train: 0.544431
F1_train: 0.550633

Costo_test: 0.224286
Precision_test: 0.562791
Recall_test: 0.601990
F1_test: 0.581731
 

Arquitectura: _2_9_1_
Semilla: 1788085200
Segundos: 52
NIteraciones: 100000

Costo_train: 0.187665
Precision_train: 0.731436
Recall_train: 0.739675
F1_train: 0.735532

Costo_test: 0.194508
Precision_test: 0.688995
Recall_test: 0.716418
F1_test: 0.702439
 

Arquitectura: _2_9_1_
Semilla: 1788085200
Segundos: 52
NIteraciones: 100000

Costo_train: 0.201472
Precision_train: 0.610276
Recall_train: 0.609512
F1_train: 0.609894

Costo_test: 0.215341
Precision_test: 0.573460
Recall_test: 0.601990
F1_test: 0.587379
 

Arquitectura: _2_9_1_
Semilla: 1788085200
Segundos: 52
NIteraciones: 100000

Costo_train: 0.182013
Precision_train: 0.728070
Recall_train: 0.727159
F1_train: 0.727614

Costo_test: 0.196379
Precision_test: 0.694064
Recall_test: 0.756219
F1_test: 0.723810
 

Arquitectura: _2_9_1_
Semilla: 1788085200
Segundos: 52
NIteraciones: 100000

Costo_train: 0.202525
Precision_train: 0.583039
Recall_train: 0.619524
F1_train: 0.600728

Costo_test: 0.216439
Precision_test: 0.560000
Recall_test: 0.626866
F1_test: 0.591549
 

Arquitectura: _2_9_1_
Semilla: 1788085200
Segundos: 52
NIteraciones: 100000

Costo_train: 0.202719
Precision_train: 0.581776
Recall_train: 0.623279
F1_train: 0.601813

Costo_test: 0.216405
Precision_test: 0.565789
Recall_test: 0.641791
F1_test: 0.601399
 

Arquitectura: _2_9_1_
Semilla: 1788085200
Segundos: 52
NIteraciones: 100000

Costo_train: 0.196295
Precision_train: 0.642770
Recall_train: 0.662078
F1_train: 0.652281

Costo_test: 0.213438
Precision_test: 0.577273
Recall_test: 0.631841
F1_test: 0.603325
 

Arquitectura: _2_9_1_
Semilla: 1788085200
Segundos: 52
NIteraciones: 100000

Costo_train: 0.174483
Precision_train: 0.733251
Recall_train: 0.739675
F1_train: 0.736449

Costo_test: 0.190045
Precision_test: 0.704225
Recall_test: 0.746269
F1_test: 0.724638
 

Arquitectura: _2_9_1_
Semilla: 1788085200
Segundos: 52
NIteraciones: 100000

Costo_train: 0.178135
Precision_train: 0.720960
Recall_train: 0.714643
F1_train: 0.717788

Costo_test: 0.191928
Precision_test: 0.679070
Recall_test: 0.726368
F1_test: 0.701923
 

Arquitectura: _2_9_1_
Semilla: 1788085200
Segundos: 52
NIteraciones: 100000

Costo_train: 0.202769
Precision_train: 0.550688
Recall_train: 0.550688
F1_train: 0.550688

Costo_test: 0.211246
Precision_test: 0.562791
Recall_test: 0.601990
F1_test: 0.581731
 

Arquitectura: _2_9_1_
Semilla: 1788085200
Segundos: 52
NIteraciones: 100000

Costo_train: 0.198839
Precision_train: 0.625628
Recall_train: 0.623279
F1_train: 0.624451

Costo_test: 0.212005
Precision_test: 0.584112
Recall_test: 0.621891
F1_test: 0.602410
 

Arquitectura: _2_9_1_
Semilla: 1788085200
Segundos: 52
NIteraciones: 100000

Costo_train: 0.182704
Precision_train: 0.744216
Recall_train: 0.724656
F1_train: 0.734306

Costo_test: 0.197875
Precision_test: 0.689189
Recall_test: 0.761194
F1_test: 0.723404
 

Arquitectura: _2_9_1_
Semilla: 1788085200
Segundos: 52
NIteraciones: 100000

Costo_train: 0.193123
Precision_train: 0.669523
Recall_train: 0.684606
F1_train: 0.676980

Costo_test: 0.211586
Precision_test: 0.594017
Recall_test: 0.691542
F1_test: 0.639080
 

Arquitectura: _2_9_1_
Semilla: 1788085200
Segundos: 52
NIteraciones: 100000

Costo_train: 0.210387
Precision_train: 0.570529
Recall_train: 0.566959
F1_train: 0.568738

Costo_test: 0.220251
Precision_test: 0.559406
Recall_test: 0.562189
F1_test: 0.560794
 

Arquitectura: _2_9_1_
Semilla: 1788085200
Segundos: 52
NIteraciones: 100000

Costo_train: 0.205111
Precision_train: 0.581683
Recall_train: 0.588235
F1_train: 0.584941

Costo_test: 0.218209
Precision_test: 0.561947
Recall_test: 0.631841
F1_test: 0.594848
 

Arquitectura: _2_9_1_
Semilla: 1788085200
Segundos: 52
NIteraciones: 100000

Costo_train: 0.207673
Precision_train: 0.611765
Recall_train: 0.650814
F1_train: 0.630685

Costo_test: 0.220541
Precision_test: 0.535885
Recall_test: 0.557214
F1_test: 0.546341
 

Arquitectura: _2_9_1_
Semilla: 1788085200
Segundos: 52
NIteraciones: 100000

Costo_train: 0.193981
Precision_train: 0.643590
Recall_train: 0.628285
F1_train: 0.635845

Costo_test: 0.206720
Precision_test: 0.600000
Recall_test: 0.611940
F1_test: 0.605911
 

Arquitectura: _2_9_1_
Semilla: 1788085200
Segundos: 52
NIteraciones: 100000

Costo_train: 0.178509
Precision_train: 0.715528
Recall_train: 0.720901
F1_train: 0.718204

Costo_test: 0.192708
Precision_test: 0.685185
Recall_test: 0.736318
F1_test: 0.709832
 

Arquitectura: _2_9_1_
Semilla: 1788085200
Segundos: 52
NIteraciones: 100000

Costo_train: 0.202839
Precision_train: 0.562882
Recall_train: 0.576971
F1_train: 0.569839

Costo_test: 0.213795
Precision_test: 0.538813
Recall_test: 0.587065
F1_test: 0.561905
 

Arquitectura: _2_9_1_
Semilla: 1788085200
Segundos: 52
NIteraciones: 100000

Costo_train: 0.208903
Precision_train: 0.609264
Recall_train: 0.642053
F1_train: 0.625229

Costo_test: 0.218923
Precision_test: 0.579208
Recall_test: 0.582090
F1_test: 0.580645
 

Arquitectura: _2_9_1_
Semilla: 1788085200
Segundos: 52
NIteraciones: 100000

Costo_train: 0.189587
Precision_train: 0.717662
Recall_train: 0.722153
F1_train: 0.719900

Costo_test: 0.205924
Precision_test: 0.659292
Recall_test: 0.741294
F1_test: 0.697892
 

Arquitectura: _2_9_1_
Semilla: 1788085200
Segundos: 52
NIteraciones: 100000

Costo_train: 0.184062
Precision_train: 0.670426
Recall_train: 0.669587
F1_train: 0.670006

Costo_test: 0.200295
Precision_test: 0.600897
Recall_test: 0.666667
F1_test: 0.632075
 

Arquitectura: _2_9_1_
Semilla: 1788085200
Segundos: 52
NIteraciones: 100000

Costo_train: 0.195527
Precision_train: 0.621557
Recall_train: 0.649562
F1_train: 0.635251

Costo_test: 0.210396
Precision_test: 0.573913
Recall_test: 0.656716
F1_test: 0.612529
 

Arquitectura: _2_9_1_
Semilla: 1788085200
Segundos: 52
NIteraciones: 100000

Costo_train: 0.193672
Precision_train: 0.713755
Recall_train: 0.720901
F1_train: 0.717310

Costo_test: 0.209835
Precision_test: 0.651982
Recall_test: 0.736318
F1_test: 0.691589
 

Arquitectura: _2_9_1_
Semilla: 1788085200
Segundos: 52
NIteraciones: 100000

Costo_train: 0.198609
Precision_train: 0.592910
Recall_train: 0.607009
F1_train: 0.599876

Costo_test: 0.211697
Precision_test: 0.541284
Recall_test: 0.587065
F1_test: 0.563246
 

Arquitectura: _2_9_1_
Semilla: 1788085200
Segundos: 52
NIteraciones: 100000

Costo_train: 0.201015
Precision_train: 0.570713
Recall_train: 0.570713
F1_train: 0.570713

Costo_test: 0.211306
Precision_test: 0.556604
Recall_test: 0.587065
F1_test: 0.571429
 

Arquitectura: _2_9_1_
Semilla: 1788085200
Segundos: 52
NIteraciones: 100000

Costo_train: 0.190274
Precision_train: 0.637931
Recall_train: 0.648310
F1_train: 0.643079

Costo_test: 0.204741
Precision_test: 0.586957
Recall_test: 0.671642
F1_test: 0.626450
 

Arquitectura: _2_9_1_
Semilla: 1788085200
Segundos: 52
NIteraciones: 100000

Costo_train: 0.208379
Precision_train: 0.623643
Recall_train: 0.647059
F1_train: 0.635135

Costo_test: 0.221537
Precision_test: 0.533654
Recall_test: 0.552239
F1_test: 0.542787
 

Arquitectura: _2_9_1_
Semilla: 1788085200
Segundos: 52
NIteraciones: 100000

Costo_train: 0.200751
Precision_train: 0.624204
Recall_train: 0.613267
F1_train: 0.618687

Costo_test: 0.213547
Precision_test: 0.576923
Recall_test: 0.597015
F1_test: 0.586797
 

Arquitectura: _2_9_1_
Semilla: 1788085200
Segundos: 52
NIteraciones: 100000

Costo_train: 0.206660
Precision_train: 0.603429
Recall_train: 0.660826
F1_train: 0.630824

Costo_test: 0.219126
Precision_test: 0.533333
Recall_test: 0.557214
F1_test: 0.545012
 

Arquitectura: _2_9_1_
Semilla: 1788085200
Segundos: 52
NIteraciones: 100000

Costo_train: 0.206778
Precision_train: 0.593590
Recall_train: 0.579474
F1_train: 0.586447

Costo_test: 0.218917
Precision_test: 0.521327
Recall_test: 0.547264
F1_test: 0.533981
 

Arquitectura: _2_9_1_
Semilla: 1788085200
Segundos: 52
NIteraciones: 100000

Costo_train: 0.202618
Precision_train: 0.554430
Recall_train: 0.548185
F1_train: 0.551290

Costo_test: 0.212148
Precision_test: 0.538462
Recall_test: 0.557214
F1_test: 0.547677
 

Arquitectura: _2_9_1_
Semilla: 1788085200
Segundos: 52
NIteraciones: 100000

Costo_train: 0.207484
Precision_train: 0.553350
Recall_train: 0.558198
F1_train: 0.555763

Costo_test: 0.216708
Precision_test: 0.567100
Recall_test: 0.651741
F1_test: 0.606481
 

Arquitectura: _2_9_1_
Semilla: 1788085200
Segundos: 52
NIteraciones: 100000

Costo_train: 0.203186
Precision_train: 0.560292
Recall_train: 0.575720
F1_train: 0.567901

Costo_test: 0.217088
Precision_test: 0.534884
Recall_test: 0.572139
F1_test: 0.552885
 

Arquitectura: _2_9_1_
Semilla: 1788085200
Segundos: 52
NIteraciones: 100000

Costo_train: 0.210357
Precision_train: 0.565107
Recall_train: 0.559449
F1_train: 0.562264

Costo_test: 0.216960
Precision_test: 0.636792
Recall_test: 0.671642
F1_test: 0.653753
 

Arquitectura: _2_9_1_
Semilla: 1788085200
Segundos: 52
NIteraciones: 100000

Costo_train: 0.200485
Precision_train: 0.649015
Recall_train: 0.659574
F1_train: 0.654252

Costo_test: 0.213614
Precision_test: 0.675926
Recall_test: 0.726368
F1_test: 0.700240
 

Arquitectura: _2_9_1_
Semilla: 1788085200
Segundos: 52
NIteraciones: 100000

Costo_train: 0.206163
Precision_train: 0.537975
Recall_train: 0.531915
F1_train: 0.534928

Costo_test: 0.212990
Precision_test: 0.563725
Recall_test: 0.572139
F1_test: 0.567901
 

Arquitectura: _2_9_1_
Semilla: 1788085200
Segundos: 52
NIteraciones: 100000

Costo_train: 0.206482
Precision_train: 0.574121
Recall_train: 0.571965
F1_train: 0.573041

Costo_test: 0.217347
Precision_test: 0.553488
Recall_test: 0.592040
F1_test: 0.572115
 

Arquitectura: _2_9_1_
Semilla: 1788085200
Segundos: 52
NIteraciones: 100000

Costo_train: 0.175033
Precision_train: 0.712999
Recall_train: 0.693367
F1_train: 0.703046

Costo_test: 0.189443
Precision_test: 0.677570
Recall_test: 0.721393
F1_test: 0.698795
 


--- Test Profunda 3.0 ---
Iteración 10000
Costo: 0.234999
Iteración 20000
Costo: 0.230914
Iteración 30000
Costo: 0.229056
Iteración 40000
Costo: 0.228210
Iteración 50000
Costo: 0.227809
Iteración 60000
Costo: 0.227575
Iteración 70000
Costo: 0.227421
Iteración 80000
Costo: 0.227311
Iteración 90000
Costo: 0.227229

Arquitectura: _2_3_3_3_1_
Semilla: 1788085252
Segundos: 140
NIteraciones: 100000

Costo_train: 0.227164
Precision_train: 0.614891
Recall_train: 0.599499
F1_train: 0.607098

Costo_test: 0.224803
Precision_test: 0.629442
Recall_test: 0.616915
F1_test: 0.623116
 

Arquitectura: _2_3_3_3_1_
Semilla: 1788085252
Segundos: 140
NIteraciones: 100000

Costo_train: 0.227207
Precision_train: 0.618863
Recall_train: 0.599499
F1_train: 0.609027

Costo_test: 0.224909
Precision_test: 0.629442
Recall_test: 0.616915
F1_test: 0.623116
 

Arquitectura: _2_3_3_3_1_
Semilla: 1788085252
Segundos: 140
NIteraciones: 100000

Costo_train: 0.219497
Precision_train: 0.615877
Recall_train: 0.602003
F1_train: 0.608861

Costo_test: 0.219930
Precision_test: 0.619512
Recall_test: 0.631841
F1_test: 0.625616
 

Arquitectura: _2_3_3_3_1_
Semilla: 1788085252
Segundos: 140
NIteraciones: 100000

Costo_train: 0.219425
Precision_train: 0.615681
Recall_train: 0.599499
F1_train: 0.607482

Costo_test: 0.219933
Precision_test: 0.617647
Recall_test: 0.626866
F1_test: 0.622222
 

Arquitectura: _2_3_3_3_1_
Semilla: 1788085252
Segundos: 140
NIteraciones: 100000

Costo_train: 0.219481
Precision_train: 0.614796
Recall_train: 0.603254
F1_train: 0.608970

Costo_test: 0.219884
Precision_test: 0.616505
Recall_test: 0.631841
F1_test: 0.624079
 

Arquitectura: _2_3_3_3_1_
Semilla: 1788085252
Segundos: 140
NIteraciones: 100000

Costo_train: 0.218184
Precision_train: 0.582908
Recall_train: 0.571965
F1_train: 0.577385

Costo_test: 0.217872
Precision_test: 0.598039
Recall_test: 0.606965
F1_test: 0.602469
 

Arquitectura: _2_3_3_3_1_
Semilla: 1788085252
Segundos: 140
NIteraciones: 100000

Costo_train: 0.220134
Precision_train: 0.614987
Recall_train: 0.595745
F1_train: 0.605213

Costo_test: 0.220749
Precision_test: 0.625616
Recall_test: 0.631841
F1_test: 0.628713
 

Arquitectura: _2_3_3_3_1_
Semilla: 1788085252
Segundos: 140
NIteraciones: 100000

Costo_train: 0.219388
Precision_train: 0.612374
Recall_train: 0.607009
F1_train: 0.609679

Costo_test: 0.219792
Precision_test: 0.610577
Recall_test: 0.631841
F1_test: 0.621027
 

Arquitectura: _2_3_3_3_1_
Semilla: 1788085252
Segundos: 140
NIteraciones: 100000

Costo_train: 0.227076
Precision_train: 0.617571
Recall_train: 0.598248
F1_train: 0.607756

Costo_test: 0.224737
Precision_test: 0.629442
Recall_test: 0.616915
F1_test: 0.623116
 

Arquitectura: _2_3_3_3_1_
Semilla: 1788085252
Segundos: 140
NIteraciones: 100000

Costo_train: 0.219650
Precision_train: 0.617647
Recall_train: 0.604506
F1_train: 0.611006

Costo_test: 0.220028
Precision_test: 0.622549
Recall_test: 0.631841
F1_test: 0.627161
 

Arquitectura: _2_3_3_3_1_
Semilla: 1788085252
Segundos: 140
NIteraciones: 100000

Costo_train: 0.220974
Precision_train: 0.597977
Recall_train: 0.591990
F1_train: 0.594969

Costo_test: 0.223470
Precision_test: 0.564972
Recall_test: 0.497512
F1_test: 0.529101
 

Arquitectura: _2_3_3_3_1_
Semilla: 1788085252
Segundos: 140
NIteraciones: 100000

Costo_train: 0.220187
Precision_train: 0.604938
Recall_train: 0.613267
F1_train: 0.609074

Costo_test: 0.220474
Precision_test: 0.611374
Recall_test: 0.641791
F1_test: 0.626214
 

Arquitectura: _2_3_3_3_1_
Semilla: 1788085252
Segundos: 140
NIteraciones: 100000

Costo_train: 0.227150
Precision_train: 0.618065
Recall_train: 0.599499
F1_train: 0.608640

Costo_test: 0.224828
Precision_test: 0.629442
Recall_test: 0.616915
F1_test: 0.623116
 

Arquitectura: _2_3_3_3_1_
Semilla: 1788085252
Segundos: 140
NIteraciones: 100000

Costo_train: 0.219524
Precision_train: 0.621309
Recall_train: 0.605757
F1_train: 0.613435

Costo_test: 0.219814
Precision_test: 0.633663
Recall_test: 0.636816
F1_test: 0.635236
 

Arquitectura: _2_3_3_3_1_
Semilla: 1788085252
Segundos: 140
NIteraciones: 100000

Costo_train: 0.219771
Precision_train: 0.615482
Recall_train: 0.607009
F1_train: 0.611216

Costo_test: 0.220138
Precision_test: 0.613527
Recall_test: 0.631841
F1_test: 0.622549
 

Arquitectura: _2_3_3_3_1_
Semilla: 1788085252
Segundos: 140
NIteraciones: 100000

Costo_train: 0.219569
Precision_train: 0.617647
Recall_train: 0.604506
F1_train: 0.611006

Costo_test: 0.220147
Precision_test: 0.621359
Recall_test: 0.636816
F1_test: 0.628993
 

Arquitectura: _2_3_3_3_1_
Semilla: 1788085252
Segundos: 140
NIteraciones: 100000

Costo_train: 0.219604
Precision_train: 0.618742
Recall_train: 0.603254
F1_train: 0.610900

Costo_test: 0.220229
Precision_test: 0.625616
Recall_test: 0.631841
F1_test: 0.628713
 

Arquitectura: _2_3_3_3_1_
Semilla: 1788085252
Segundos: 140
NIteraciones: 100000

Costo_train: 0.220206
Precision_train: 0.618986
Recall_train: 0.595745
F1_train: 0.607143

Costo_test: 0.220796
Precision_test: 0.631841
Recall_test: 0.631841
F1_test: 0.631841
 

Arquitectura: _2_3_3_3_1_
Semilla: 1788085252
Segundos: 140
NIteraciones: 100000

Costo_train: 0.227187
Precision_train: 0.617685
Recall_train: 0.594493
F1_train: 0.605867

Costo_test: 0.224905
Precision_test: 0.629442
Recall_test: 0.616915
F1_test: 0.623116
 

Arquitectura: _2_3_3_3_1_
Semilla: 1788085252
Segundos: 140
NIteraciones: 100000

Costo_train: 0.219548
Precision_train: 0.615979
Recall_train: 0.598248
F1_train: 0.606984

Costo_test: 0.219998
Precision_test: 0.620690
Recall_test: 0.626866
F1_test: 0.623762
 

Arquitectura: _2_3_3_3_1_
Semilla: 1788085252
Segundos: 140
NIteraciones: 100000

Costo_train: 0.216426
Precision_train: 0.602941
Recall_train: 0.615770
F1_train: 0.609288

Costo_test: 0.222208
Precision_test: 0.512077
Recall_test: 0.527363
F1_test: 0.519608
 

Arquitectura: _2_3_3_3_1_
Semilla: 1788085252
Segundos: 140
NIteraciones: 100000

Costo_train: 0.227077
Precision_train: 0.612167
Recall_train: 0.604506
F1_train: 0.608312

Costo_test: 0.224634
Precision_test: 0.620000
Recall_test: 0.616915
F1_test: 0.618454
 

Arquitectura: _2_3_3_3_1_
Semilla: 1788085252
Segundos: 140
NIteraciones: 100000

Costo_train: 0.217764
Precision_train: 0.565872
Recall_train: 0.564456
F1_train: 0.565163

Costo_test: 0.221291
Precision_test: 0.567164
Recall_test: 0.567164
F1_test: 0.567164
 

Arquitectura: _2_3_3_3_1_
Semilla: 1788085252
Segundos: 140
NIteraciones: 100000

Costo_train: 0.219598
Precision_train: 0.618742
Recall_train: 0.603254
F1_train: 0.610900

Costo_test: 0.220231
Precision_test: 0.625616
Recall_test: 0.631841
F1_test: 0.628713
 

Arquitectura: _2_3_3_3_1_
Semilla: 1788085252
Segundos: 140
NIteraciones: 100000

Costo_train: 0.227236
Precision_train: 0.614796
Recall_train: 0.603254
F1_train: 0.608970

Costo_test: 0.224855
Precision_test: 0.623116
Recall_test: 0.616915
F1_test: 0.620000
 

Arquitectura: _2_3_3_3_1_
Semilla: 1788085252
Segundos: 140
NIteraciones: 100000

Costo_train: 0.219533
Precision_train: 0.614103
Recall_train: 0.599499
F1_train: 0.606713

Costo_test: 0.219942
Precision_test: 0.615764
Recall_test: 0.621891
F1_test: 0.618812
 

Arquitectura: _2_3_3_3_1_
Semilla: 1788085252
Segundos: 140
NIteraciones: 100000

Costo_train: 0.227083
Precision_train: 0.612658
Recall_train: 0.605757
F1_train: 0.609188

Costo_test: 0.224625
Precision_test: 0.620000
Recall_test: 0.616915
F1_test: 0.618454
 

Arquitectura: _2_3_3_3_1_
Semilla: 1788085252
Segundos: 140
NIteraciones: 100000

Costo_train: 0.227254
Precision_train: 0.617268
Recall_train: 0.599499
F1_train: 0.608254

Costo_test: 0.224947
Precision_test: 0.629442
Recall_test: 0.616915
F1_test: 0.623116
 

Arquitectura: _2_3_3_3_1_
Semilla: 1788085252
Segundos: 140
NIteraciones: 100000

Costo_train: 0.219550
Precision_train: 0.615885
Recall_train: 0.591990
F1_train: 0.603701

Costo_test: 0.220108
Precision_test: 0.621891
Recall_test: 0.621891
F1_test: 0.621891
 

Arquitectura: _2_3_3_3_1_
Semilla: 1788085252
Segundos: 140
NIteraciones: 100000

Costo_train: 0.220624
Precision_train: 0.607143
Recall_train: 0.595745
F1_train: 0.601390

Costo_test: 0.223128
Precision_test: 0.603175
Recall_test: 0.567164
F1_test: 0.584615
 

Arquitectura: _2_3_3_3_1_
Semilla: 1788085252
Segundos: 140
NIteraciones: 100000

Costo_train: 0.227161
Precision_train: 0.616474
Recall_train: 0.599499
F1_train: 0.607868

Costo_test: 0.224818
Precision_test: 0.629442
Recall_test: 0.616915
F1_test: 0.623116
 

Arquitectura: _2_3_3_3_1_
Semilla: 1788085252
Segundos: 140
NIteraciones: 100000

Costo_train: 0.227146
Precision_train: 0.614891
Recall_train: 0.599499
F1_train: 0.607098

Costo_test: 0.224780
Precision_test: 0.629442
Recall_test: 0.616915
F1_test: 0.623116
 

Arquitectura: _2_3_3_3_1_
Semilla: 1788085252
Segundos: 140
NIteraciones: 100000

Costo_train: 0.227102
Precision_train: 0.616474
Recall_train: 0.599499
F1_train: 0.607868

Costo_test: 0.224752
Precision_test: 0.629442
Recall_test: 0.616915
F1_test: 0.623116
 

Arquitectura: _2_3_3_3_1_
Semilla: 1788085252
Segundos: 140
NIteraciones: 100000

Costo_train: 0.227244
Precision_train: 0.611884
Recall_train: 0.605757
F1_train: 0.608805

Costo_test: 0.224794
Precision_test: 0.620000
Recall_test: 0.616915
F1_test: 0.618454
 

Arquitectura: _2_3_3_3_1_
Semilla: 1788085252
Segundos: 140
NIteraciones: 100000

Costo_train: 0.219422
Precision_train: 0.615979
Recall_train: 0.598248
F1_train: 0.606984

Costo_test: 0.219864
Precision_test: 0.620690
Recall_test: 0.626866
F1_test: 0.623762
 

Arquitectura: _2_3_3_3_1_
Semilla: 1788085252
Segundos: 140
NIteraciones: 100000

Costo_train: 0.227099
Precision_train: 0.616474
Recall_train: 0.599499
F1_train: 0.607868

Costo_test: 0.224739
Precision_test: 0.629442
Recall_test: 0.616915
F1_test: 0.623116
 

Arquitectura: _2_3_3_3_1_
Semilla: 1788085252
Segundos: 140
NIteraciones: 100000

Costo_train: 0.218462
Precision_train: 0.563204
Recall_train: 0.563204
F1_train: 0.563204

Costo_test: 0.220292
Precision_test: 0.568627
Recall_test: 0.577114
F1_test: 0.572839
 

Arquitectura: _2_3_3_3_1_
Semilla: 1788085252
Segundos: 140
NIteraciones: 100000

Costo_train: 0.219524
Precision_train: 0.616175
Recall_train: 0.600751
F1_train: 0.608365

Costo_test: 0.219997
Precision_test: 0.619512
Recall_test: 0.631841
F1_test: 0.625616
 

Arquitectura: _2_3_3_3_1_
Semilla: 1788085252
Segundos: 140
NIteraciones: 100000

Costo_train: 0.219385
Precision_train: 0.614702
Recall_train: 0.607009
F1_train: 0.610831

Costo_test: 0.219786
Precision_test: 0.613527
Recall_test: 0.631841
F1_test: 0.622549
 

Arquitectura: _2_3_3_3_1_
Semilla: 1788085252
Segundos: 140
NIteraciones: 100000

Costo_train: 0.219600
Precision_train: 0.616774
Recall_train: 0.598248
F1_train: 0.607370

Costo_test: 0.220051
Precision_test: 0.623762
Recall_test: 0.626866
F1_test: 0.625310
 

Arquitectura: _2_3_3_3_1_
Semilla: 1788085252
Segundos: 140
NIteraciones: 100000

Costo_train: 0.219774
Precision_train: 0.614194
Recall_train: 0.595745
F1_train: 0.604828

Costo_test: 0.220378
Precision_test: 0.623762
Recall_test: 0.626866
F1_test: 0.625310
 

Arquitectura: _2_3_3_3_1_
Semilla: 1788085252
Segundos: 140
NIteraciones: 100000

Costo_train: 0.227147
Precision_train: 0.613232
Recall_train: 0.603254
F1_train: 0.608202

Costo_test: 0.224724
Precision_test: 0.620000
Recall_test: 0.616915
F1_test: 0.618454
 

Arquitectura: _2_3_3_3_1_
Semilla: 1788085252
Segundos: 140
NIteraciones: 100000

Costo_train: 0.219528
Precision_train: 0.616774
Recall_train: 0.598248
F1_train: 0.607370

Costo_test: 0.219918
Precision_test: 0.625616
Recall_test: 0.631841
F1_test: 0.628713
 

Arquitectura: _2_3_3_3_1_
Semilla: 1788085252
Segundos: 140
NIteraciones: 100000

Costo_train: 0.227149
Precision_train: 0.615385
Recall_train: 0.600751
F1_train: 0.607980

Costo_test: 0.224768
Precision_test: 0.629442
Recall_test: 0.616915
F1_test: 0.623116
 

Arquitectura: _2_3_3_3_1_
Semilla: 1788085252
Segundos: 140
NIteraciones: 100000

Costo_train: 0.219904
Precision_train: 0.619608
Recall_train: 0.593242
F1_train: 0.606138

Costo_test: 0.220492
Precision_test: 0.625000
Recall_test: 0.621891
F1_test: 0.623441
 

Arquitectura: _2_3_3_3_1_
Semilla: 1788085252
Segundos: 140
NIteraciones: 100000

Costo_train: 0.219509
Precision_train: 0.617268
Recall_train: 0.599499
F1_train: 0.608254

Costo_test: 0.220024
Precision_test: 0.623762
Recall_test: 0.626866
F1_test: 0.625310
 

Arquitectura: _2_3_3_3_1_
Semilla: 1788085252
Segundos: 140
NIteraciones: 100000

Costo_train: 0.227188
Precision_train: 0.614013
Recall_train: 0.603254
F1_train: 0.608586

Costo_test: 0.224779
Precision_test: 0.620000
Recall_test: 0.616915
F1_test: 0.618454
 

Arquitectura: _2_3_3_3_1_
Semilla: 1788085252
Segundos: 140
NIteraciones: 100000

Costo_train: 0.219712
Precision_train: 0.617268
Recall_train: 0.599499
F1_train: 0.608254

Costo_test: 0.220129
Precision_test: 0.625616
Recall_test: 0.631841
F1_test: 0.628713
 

Arquitectura: _2_3_3_3_1_
Semilla: 1788085252
Segundos: 140
NIteraciones: 100000

Costo_train: 0.217483
Precision_train: 0.561644
Recall_train: 0.564456
F1_train: 0.563046

Costo_test: 0.221311
Precision_test: 0.566502
Recall_test: 0.572139
F1_test: 0.569307
 

Arquitectura: _2_3_3_3_1_
Semilla: 1788085252
Segundos: 140
NIteraciones: 100000

Costo_train: 0.219564
Precision_train: 0.616774
Recall_train: 0.598248
F1_train: 0.607370

Costo_test: 0.220068
Precision_test: 0.623762
Recall_test: 0.626866
F1_test: 0.625310
 

Arquitectura: _2_3_3_3_1_
Semilla: 1788085252
Segundos: 140
NIteraciones: 100000

Costo_train: 0.219708
Precision_train: 0.618742
Recall_train: 0.603254
F1_train: 0.610900

Costo_test: 0.220296
Precision_test: 0.621359
Recall_test: 0.636816
F1_test: 0.628993
 

Arquitectura: _2_3_3_3_1_
Semilla: 1788085252
Segundos: 140
NIteraciones: 100000

Costo_train: 0.219504
Precision_train: 0.614597
Recall_train: 0.600751
F1_train: 0.607595

Costo_test: 0.219922
Precision_test: 0.619512
Recall_test: 0.631841
F1_test: 0.625616
 

Arquitectura: _2_3_3_3_1_
Semilla: 1788085252
Segundos: 140
NIteraciones: 100000

Costo_train: 0.219532
Precision_train: 0.615482
Recall_train: 0.607009
F1_train: 0.611216

Costo_test: 0.220004
Precision_test: 0.616505
Recall_test: 0.631841
F1_test: 0.624079
 

Arquitectura: _2_3_3_3_1_
Semilla: 1788085252
Segundos: 140
NIteraciones: 100000

Costo_train: 0.219623
Precision_train: 0.617158
Recall_train: 0.603254
F1_train: 0.610127

Costo_test: 0.220123
Precision_test: 0.622549
Recall_test: 0.631841
F1_test: 0.627161
 

Arquitectura: _2_3_3_3_1_
Semilla: 1788085252
Segundos: 140
NIteraciones: 100000

Costo_train: 0.219780
Precision_train: 0.613466
Recall_train: 0.615770
F1_train: 0.614616

Costo_test: 0.220150
Precision_test: 0.609524
Recall_test: 0.636816
F1_test: 0.622871
 

Arquitectura: _2_3_3_3_1_
Semilla: 1788085252
Segundos: 140
NIteraciones: 100000

Costo_train: 0.227072
Precision_train: 0.614304
Recall_train: 0.602003
F1_train: 0.608091

Costo_test: 0.224650
Precision_test: 0.626263
Recall_test: 0.616915
F1_test: 0.621554
 

Arquitectura: _2_3_3_3_1_
Semilla: 1788085252
Segundos: 140
NIteraciones: 100000

Costo_train: 0.227173
Precision_train: 0.614891
Recall_train: 0.599499
F1_train: 0.607098

Costo_test: 0.224812
Precision_test: 0.629442
Recall_test: 0.616915
F1_test: 0.623116
 

Arquitectura: _2_3_3_3_1_
Semilla: 1788085252
Segundos: 140
NIteraciones: 100000

Costo_train: 0.219714
Precision_train: 0.614504
Recall_train: 0.604506
F1_train: 0.609464

Costo_test: 0.220156
Precision_test: 0.615385
Recall_test: 0.636816
F1_test: 0.625917
 

Arquitectura: _2_3_3_3_1_
Semilla: 1788085252
Segundos: 140
NIteraciones: 100000

Costo_train: 0.219884
Precision_train: 0.615187
Recall_train: 0.598248
F1_train: 0.606599

Costo_test: 0.220357
Precision_test: 0.627451
Recall_test: 0.636816
F1_test: 0.632099
 

Arquitectura: _2_3_3_3_1_
Semilla: 1788085252
Segundos: 140
NIteraciones: 100000

Costo_train: 0.219639
Precision_train: 0.616279
Recall_train: 0.596996
F1_train: 0.606484

Costo_test: 0.220074
Precision_test: 0.623762
Recall_test: 0.626866
F1_test: 0.625310
 

Arquitectura: _2_3_3_3_1_
Semilla: 1788085252
Segundos: 140
NIteraciones: 100000

Costo_train: 0.219675
Precision_train: 0.616774
Recall_train: 0.598248
F1_train: 0.607370

Costo_test: 0.220244
Precision_test: 0.623762
Recall_test: 0.626866
F1_test: 0.625310
 

Arquitectura: _2_3_3_3_1_
Semilla: 1788085252
Segundos: 140
NIteraciones: 100000

Costo_train: 0.227287
Precision_train: 0.612658
Recall_train: 0.605757
F1_train: 0.609188

Costo_test: 0.224870
Precision_test: 0.620000
Recall_test: 0.616915
F1_test: 0.618454
 

Arquitectura: _2_3_3_3_1_
Semilla: 1788085252
Segundos: 140
NIteraciones: 100000

Costo_train: 0.219592
Precision_train: 0.613636
Recall_train: 0.608260
F1_train: 0.610937

Costo_test: 0.219991
Precision_test: 0.612440
Recall_test: 0.636816
F1_test: 0.624390
 

Arquitectura: _2_3_3_3_1_
Semilla: 1788085252
Segundos: 140
NIteraciones: 100000

Costo_train: 0.214481
Precision_train: 0.534994
Recall_train: 0.564456
F1_train: 0.549330

Costo_test: 0.227704
Precision_test: 0.572727
Recall_test: 0.626866
F1_test: 0.598575
 

Arquitectura: _2_3_3_3_1_
Semilla: 1788085252
Segundos: 140
NIteraciones: 100000

Costo_train: 0.219594
Precision_train: 0.616368
Recall_train: 0.603254
F1_train: 0.609741

Costo_test: 0.220060
Precision_test: 0.619512
Recall_test: 0.631841
F1_test: 0.625616
 

Arquitectura: _2_3_3_3_1_
Semilla: 1788085252
Segundos: 140
NIteraciones: 100000

Costo_train: 0.219718
Precision_train: 0.616967
Recall_train: 0.600751
F1_train: 0.608751

Costo_test: 0.220306
Precision_test: 0.622549
Recall_test: 0.631841
F1_test: 0.627161
 

Arquitectura: _2_3_3_3_1_
Semilla: 1788085252
Segundos: 140
NIteraciones: 100000

Costo_train: 0.219466
Precision_train: 0.615686
Recall_train: 0.589487
F1_train: 0.602302

Costo_test: 0.220021
Precision_test: 0.621891
Recall_test: 0.621891
F1_test: 0.621891
 

Arquitectura: _2_3_3_3_1_
Semilla: 1788085252
Segundos: 140
NIteraciones: 100000

Costo_train: 0.219890
Precision_train: 0.619236
Recall_train: 0.588235
F1_train: 0.603338

Costo_test: 0.220438
Precision_test: 0.628141
Recall_test: 0.621891
F1_test: 0.625000
 

Arquitectura: _2_3_3_3_1_
Semilla: 1788085252
Segundos: 140
NIteraciones: 100000

Costo_train: 0.227068
Precision_train: 0.615385
Recall_train: 0.600751
F1_train: 0.607980

Costo_test: 0.224671
Precision_test: 0.629442
Recall_test: 0.616915
F1_test: 0.623116
 

Arquitectura: _2_3_3_3_1_
Semilla: 1788085252
Segundos: 140
NIteraciones: 100000

Costo_train: 0.216787
Precision_train: 0.610127
Recall_train: 0.603254
F1_train: 0.606671

Costo_test: 0.222468
Precision_test: 0.519802
Recall_test: 0.522388
F1_test: 0.521092
 

Arquitectura: _2_3_3_3_1_
Semilla: 1788085252
Segundos: 140
NIteraciones: 100000

Costo_train: 0.219791
Precision_train: 0.612601
Recall_train: 0.571965
F1_train: 0.591586

Costo_test: 0.220369
Precision_test: 0.627551
Recall_test: 0.611940
F1_test: 0.619647
 

Arquitectura: _2_3_3_3_1_
Semilla: 1788085252
Segundos: 140
NIteraciones: 100000

Costo_train: 0.219948
Precision_train: 0.613333
Recall_train: 0.575720
F1_train: 0.593931

Costo_test: 0.220470
Precision_test: 0.628141
Recall_test: 0.621891
F1_test: 0.625000
 

Arquitectura: _2_3_3_3_1_
Semilla: 1788085252
Segundos: 140
NIteraciones: 100000

Costo_train: 0.220176
Precision_train: 0.615187
Recall_train: 0.598248
F1_train: 0.606599

Costo_test: 0.220731
Precision_test: 0.621359
Recall_test: 0.636816
F1_test: 0.628993
 

Arquitectura: _2_3_3_3_1_
Semilla: 1788085252
Segundos: 140
NIteraciones: 100000

Costo_train: 0.219683
Precision_train: 0.615484
Recall_train: 0.596996
F1_train: 0.606099

Costo_test: 0.220155
Precision_test: 0.620690
Recall_test: 0.626866
F1_test: 0.623762
 

Arquitectura: _2_3_3_3_1_
Semilla: 1788085252
Segundos: 140
NIteraciones: 100000

Costo_train: 0.219486
Precision_train: 0.615385
Recall_train: 0.600751
F1_train: 0.607980

Costo_test: 0.219995
Precision_test: 0.614634
Recall_test: 0.626866
F1_test: 0.620690
 

Arquitectura: _2_3_3_3_1_
Semilla: 1788085252
Segundos: 140
NIteraciones: 100000

Costo_train: 0.215033
Precision_train: 0.521181
Recall_train: 0.508135
F1_train: 0.514575

Costo_test: 0.228457
Precision_test: 0.563981
Recall_test: 0.592040
F1_test: 0.577670
 

Arquitectura: _2_3_3_3_1_
Semilla: 1788085252
Segundos: 140
NIteraciones: 100000

Costo_train: 0.227189
Precision_train: 0.616474
Recall_train: 0.599499
F1_train: 0.607868

Costo_test: 0.224856
Precision_test: 0.629442
Recall_test: 0.616915
F1_test: 0.623116
 

Arquitectura: _2_3_3_3_1_
Semilla: 1788085252
Segundos: 140
NIteraciones: 100000

Costo_train: 0.227288
Precision_train: 0.612658
Recall_train: 0.605757
F1_train: 0.609188

Costo_test: 0.224880
Precision_test: 0.620000
Recall_test: 0.616915
F1_test: 0.618454
 

Arquitectura: _2_3_3_3_1_
Semilla: 1788085252
Segundos: 140
NIteraciones: 100000

Costo_train: 0.219539
Precision_train: 0.616474
Recall_train: 0.599499
F1_train: 0.607868

Costo_test: 0.220077
Precision_test: 0.620690
Recall_test: 0.626866
F1_test: 0.623762
 

Arquitectura: _2_3_3_3_1_
Semilla: 1788085252
Segundos: 140
NIteraciones: 100000

Costo_train: 0.219398
Precision_train: 0.615979
Recall_train: 0.598248
F1_train: 0.606984

Costo_test: 0.219892
Precision_test: 0.617647
Recall_test: 0.626866
F1_test: 0.622222
 

Arquitectura: _2_3_3_3_1_
Semilla: 1788085252
Segundos: 140
NIteraciones: 100000

Costo_train: 0.219418
Precision_train: 0.614103
Recall_train: 0.599499
F1_train: 0.606713

Costo_test: 0.219906
Precision_test: 0.617647
Recall_test: 0.626866
F1_test: 0.622222
 

Arquitectura: _2_3_3_3_1_
Semilla: 1788085252
Segundos: 140
NIteraciones: 100000

Costo_train: 0.219445
Precision_train: 0.614597
Recall_train: 0.600751
F1_train: 0.607595

Costo_test: 0.219881
Precision_test: 0.614634
Recall_test: 0.626866
F1_test: 0.620690
 

Arquitectura: _2_3_3_3_1_
Semilla: 1788085252
Segundos: 140
NIteraciones: 100000

Costo_train: 0.219531
Precision_train: 0.616580
Recall_train: 0.595745
F1_train: 0.605983

Costo_test: 0.220039
Precision_test: 0.621891
Recall_test: 0.621891
F1_test: 0.621891
 

Arquitectura: _2_3_3_3_1_
Semilla: 1788085252
Segundos: 140
NIteraciones: 100000

Costo_train: 0.219550
Precision_train: 0.617268
Recall_train: 0.599499
F1_train: 0.608254

Costo_test: 0.219970
Precision_test: 0.625616
Recall_test: 0.631841
F1_test: 0.628713
 

Arquitectura: _2_3_3_3_1_
Semilla: 1788085252
Segundos: 140
NIteraciones: 100000

Costo_train: 0.219888
Precision_train: 0.616162
Recall_train: 0.610763
F1_train: 0.613451

Costo_test: 0.220403
Precision_test: 0.617225
Recall_test: 0.641791
F1_test: 0.629268
 

Arquitectura: _2_3_3_3_1_
Semilla: 1788085252
Segundos: 140
NIteraciones: 100000

Costo_train: 0.223419
Precision_train: 0.615776
Recall_train: 0.605757
F1_train: 0.610725

Costo_test: 0.224205
Precision_test: 0.601010
Recall_test: 0.592040
F1_test: 0.596491
 

Arquitectura: _2_3_3_3_1_
Semilla: 1788085252
Segundos: 140
NIteraciones: 100000

Costo_train: 0.219523
Precision_train: 0.615190
Recall_train: 0.608260
F1_train: 0.611705

Costo_test: 0.219945
Precision_test: 0.609524
Recall_test: 0.636816
F1_test: 0.622871
 

Arquitectura: _2_3_3_3_1_
Semilla: 1788085252
Segundos: 140
NIteraciones: 100000

Costo_train: 0.227194
Precision_train: 0.618182
Recall_train: 0.595745
F1_train: 0.606756

Costo_test: 0.224909
Precision_test: 0.629442
Recall_test: 0.616915
F1_test: 0.623116
 

Arquitectura: _2_3_3_3_1_
Semilla: 1788085252
Segundos: 140
NIteraciones: 100000

Costo_train: 0.227114
Precision_train: 0.615385
Recall_train: 0.600751
F1_train: 0.607980

Costo_test: 0.224723
Precision_test: 0.629442
Recall_test: 0.616915
F1_test: 0.623116
 

Arquitectura: _2_3_3_3_1_
Semilla: 1788085252
Segundos: 140
NIteraciones: 100000

Costo_train: 0.219374
Precision_train: 0.613435
Recall_train: 0.605757
F1_train: 0.609572

Costo_test: 0.219820
Precision_test: 0.613527
Recall_test: 0.631841
F1_test: 0.622549
 

Arquitectura: _2_3_3_3_1_
Semilla: 1788085252
Segundos: 140
NIteraciones: 100000

Costo_train: 0.227243
Precision_train: 0.615183
Recall_train: 0.588235
F1_train: 0.601408

Costo_test: 0.225031
Precision_test: 0.632124
Recall_test: 0.606965
F1_test: 0.619289
 

Arquitectura: _2_3_3_3_1_
Semilla: 1788085252
Segundos: 140
NIteraciones: 100000

Costo_train: 0.219584
Precision_train: 0.616883
Recall_train: 0.594493
F1_train: 0.605481

Costo_test: 0.220107
Precision_test: 0.621891
Recall_test: 0.621891
F1_test: 0.621891
 

Arquitectura: _2_3_3_3_1_
Semilla: 1788085252
Segundos: 140
NIteraciones: 100000

Costo_train: 0.227216
Precision_train: 0.614796
Recall_train: 0.603254
F1_train: 0.608970

Costo_test: 0.224831
Precision_test: 0.626263
Recall_test: 0.616915
F1_test: 0.621554
 

Arquitectura: _2_3_3_3_1_
Semilla: 1788085252
Segundos: 140
NIteraciones: 100000

Costo_train: 0.219876
Precision_train: 0.617571
Recall_train: 0.598248
F1_train: 0.607756

Costo_test: 0.220266
Precision_test: 0.623762
Recall_test: 0.626866
F1_test: 0.625310
 

Arquitectura: _2_3_3_3_1_
Semilla: 1788085252
Segundos: 140
NIteraciones: 100000

Costo_train: 0.219697
Precision_train: 0.615385
Recall_train: 0.600751
F1_train: 0.607980

Costo_test: 0.220144
Precision_test: 0.617647
Recall_test: 0.626866
F1_test: 0.622222
 

Arquitectura: _2_3_3_3_1_
Semilla: 1788085252
Segundos: 140
NIteraciones: 100000

Costo_train: 0.227197
Precision_train: 0.616474
Recall_train: 0.599499
F1_train: 0.607868

Costo_test: 0.224863
Precision_test: 0.629442
Recall_test: 0.616915
F1_test: 0.623116
 

Arquitectura: _2_3_3_3_1_
Semilla: 1788085252
Segundos: 140
NIteraciones: 100000

Costo_train: 0.227180
Precision_train: 0.617268
Recall_train: 0.599499
F1_train: 0.608254

Costo_test: 0.224856
Precision_test: 0.629442
Recall_test: 0.616915
F1_test: 0.623116
 

Arquitectura: _2_3_3_3_1_
Semilla: 1788085252
Segundos: 140
NIteraciones: 100000

Costo_train: 0.219773
Precision_train: 0.615776
Recall_train: 0.605757
F1_train: 0.610725

Costo_test: 0.220198
Precision_test: 0.619512
Recall_test: 0.631841
F1_test: 0.625616
 

Arquitectura: _2_3_3_3_1_
Semilla: 1788085252
Segundos: 140
NIteraciones: 100000

Costo_train: 0.215257
Precision_train: 0.523388
Recall_train: 0.518148
F1_train: 0.520755

Costo_test: 0.229322
Precision_test: 0.568075
Recall_test: 0.601990
F1_test: 0.584541
 

Arquitectura: _2_3_3_3_1_
Semilla: 1788085252
Segundos: 140
NIteraciones: 100000

Costo_train: 0.227073
Precision_train: 0.614304
Recall_train: 0.602003
F1_train: 0.608091

Costo_test: 0.224646
Precision_test: 0.626263
Recall_test: 0.616915
F1_test: 0.621554
 


--- Test Angosta 4.0 ---
Iteración 10000
Costo: 0.215427
Iteración 20000
Costo: 0.211435
Iteración 30000
Costo: 0.209107
Iteración 40000
Costo: 0.207357
Iteración 50000
Costo: 0.205851
Iteración 60000
Costo: 0.206488
Iteración 70000
Costo: 0.202653
Iteración 80000
Costo: 0.200272
Iteración 90000
Costo: 0.193462

Arquitectura: _2_12_1_
Semilla: 1788085392
Segundos: 54
NIteraciones: 100000

Costo_train: 0.185284
Precision_train: 0.733087
Recall_train: 0.745932
F1_train: 0.739454

Costo_test: 0.197680
Precision_test: 0.704036
Recall_test: 0.781095
F1_test: 0.740566
 

Arquitectura: _2_12_1_
Semilla: 1788085392
Segundos: 54
NIteraciones: 100000

Costo_train: 0.203257
Precision_train: 0.582725
Recall_train: 0.599499
F1_train: 0.590993

Costo_test: 0.216966
Precision_test: 0.537037
Recall_test: 0.577114
F1_test: 0.556355
 

Arquitectura: _2_12_1_
Semilla: 1788085392
Segundos: 54
NIteraciones: 100000

Costo_train: 0.174001
Precision_train: 0.736585
Recall_train: 0.755945
F1_train: 0.746140

Costo_test: 0.186852
Precision_test: 0.694175
Recall_test: 0.711443
F1_test: 0.702703
 

Arquitectura: _2_12_1_
Semilla: 1788085392
Segundos: 54
NIteraciones: 100000

Costo_train: 0.182110
Precision_train: 0.734925
Recall_train: 0.732165
F1_train: 0.733542

Costo_test: 0.195664
Precision_test: 0.701357
Recall_test: 0.771144
F1_test: 0.734597
 

Arquitectura: _2_12_1_
Semilla: 1788085392
Segundos: 54
NIteraciones: 100000

Costo_train: 0.194587
Precision_train: 0.701623
Recall_train: 0.703379
F1_train: 0.702500

Costo_test: 0.202265
Precision_test: 0.666667
Recall_test: 0.676617
F1_test: 0.671605
 

Arquitectura: _2_12_1_
Semilla: 1788085392
Segundos: 54
NIteraciones: 100000

Costo_train: 0.182633
Precision_train: 0.718412
Recall_train: 0.747184
F1_train: 0.732515

Costo_test: 0.194830
Precision_test: 0.683962
Recall_test: 0.721393
F1_test: 0.702179
 

Arquitectura: _2_12_1_
Semilla: 1788085392
Segundos: 54
NIteraciones: 100000

Costo_train: 0.203516
Precision_train: 0.624390
Recall_train: 0.640801
F1_train: 0.632489

Costo_test: 0.213381
Precision_test: 0.600000
Recall_test: 0.626866
F1_test: 0.613139
 

Arquitectura: _2_12_1_
Semilla: 1788085392
Segundos: 54
NIteraciones: 100000

Costo_train: 0.196027
Precision_train: 0.678304
Recall_train: 0.680851
F1_train: 0.679575

Costo_test: 0.211531
Precision_test: 0.627803
Recall_test: 0.696517
F1_test: 0.660377
 

Arquitectura: _2_12_1_
Semilla: 1788085392
Segundos: 54
NIteraciones: 100000

Costo_train: 0.144947
Precision_train: 0.791907
Recall_train: 0.857322
F1_train: 0.823317

Costo_test: 0.163284
Precision_test: 0.737327
Recall_test: 0.796020
F1_test: 0.765550
 

Arquitectura: _2_12_1_
Semilla: 1788085392
Segundos: 54
NIteraciones: 100000

Costo_train: 0.203057
Precision_train: 0.571256
Recall_train: 0.591990
F1_train: 0.581438

Costo_test: 0.211968
Precision_test: 0.572816
Recall_test: 0.587065
F1_test: 0.579853
 

Arquitectura: _2_12_1_
Semilla: 1788085392
Segundos: 54
NIteraciones: 100000

Costo_train: 0.192533
Precision_train: 0.685185
Recall_train: 0.694618
F1_train: 0.689870

Costo_test: 0.201398
Precision_test: 0.660194
Recall_test: 0.676617
F1_test: 0.668305
 

Arquitectura: _2_12_1_
Semilla: 1788085392
Segundos: 54
NIteraciones: 100000

Costo_train: 0.209273
Precision_train: 0.587302
Recall_train: 0.602003
F1_train: 0.594561

Costo_test: 0.220996
Precision_test: 0.567568
Recall_test: 0.626866
F1_test: 0.595745
 

Arquitectura: _2_12_1_
Semilla: 1788085392
Segundos: 54
NIteraciones: 100000

Costo_train: 0.177661
Precision_train: 0.723701
Recall_train: 0.714643
F1_train: 0.719144

Costo_test: 0.194005
Precision_test: 0.654206
Recall_test: 0.696517
F1_test: 0.674699
 

Arquitectura: _2_12_1_
Semilla: 1788085392
Segundos: 54
NIteraciones: 100000

Costo_train: 0.206191
Precision_train: 0.580686
Recall_train: 0.571965
F1_train: 0.576293

Costo_test: 0.219568
Precision_test: 0.547170
Recall_test: 0.577114
F1_test: 0.561743
 

Arquitectura: _2_12_1_
Semilla: 1788085392
Segundos: 54
NIteraciones: 100000

Costo_train: 0.191525
Precision_train: 0.705063
Recall_train: 0.697121
F1_train: 0.701070

Costo_test: 0.203577
Precision_test: 0.652778
Recall_test: 0.701493
F1_test: 0.676259
 

Arquitectura: _2_12_1_
Semilla: 1788085392
Segundos: 54
NIteraciones: 100000

Costo_train: 0.178992
Precision_train: 0.743558
Recall_train: 0.758448
F1_train: 0.750929

Costo_test: 0.189714
Precision_test: 0.700000
Recall_test: 0.731343
F1_test: 0.715328
 

Arquitectura: _2_12_1_
Semilla: 1788085392
Segundos: 54
NIteraciones: 100000

Costo_train: 0.177726
Precision_train: 0.734240
Recall_train: 0.743429
F1_train: 0.738806

Costo_test: 0.188699
Precision_test: 0.712264
Recall_test: 0.751244
F1_test: 0.731235
 

Arquitectura: _2_12_1_
Semilla: 1788085392
Segundos: 54
NIteraciones: 100000

Costo_train: 0.187005
Precision_train: 0.642431
Recall_train: 0.674593
F1_train: 0.658120

Costo_test: 0.200034
Precision_test: 0.602679
Recall_test: 0.671642
F1_test: 0.635294
 

Arquitectura: _2_12_1_
Semilla: 1788085392
Segundos: 54
NIteraciones: 100000

Costo_train: 0.191047
Precision_train: 0.670412
Recall_train: 0.672090
F1_train: 0.671250

Costo_test: 0.204352
Precision_test: 0.619718
Recall_test: 0.656716
F1_test: 0.637681
 

Arquitectura: _2_12_1_
Semilla: 1788085392
Segundos: 54
NIteraciones: 100000

Costo_train: 0.173622
Precision_train: 0.742749
Recall_train: 0.737171
F1_train: 0.739950

Costo_test: 0.186659
Precision_test: 0.719626
Recall_test: 0.766169
F1_test: 0.742169
 

Arquitectura: _2_12_1_
Semilla: 1788085392
Segundos: 54
NIteraciones: 100000

Costo_train: 0.160483
Precision_train: 0.825293
Recall_train: 0.792240
F1_train: 0.808429

Costo_test: 0.169740
Precision_test: 0.846995
Recall_test: 0.771144
F1_test: 0.807292
 

Arquitectura: _2_12_1_
Semilla: 1788085392
Segundos: 54
NIteraciones: 100000

Costo_train: 0.186705
Precision_train: 0.715909
Recall_train: 0.709637
F1_train: 0.712759

Costo_test: 0.202797
Precision_test: 0.705069
Recall_test: 0.761194
F1_test: 0.732057
 

Arquitectura: _2_12_1_
Semilla: 1788085392
Segundos: 54
NIteraciones: 100000

Costo_train: 0.204757
Precision_train: 0.544041
Recall_train: 0.525657
F1_train: 0.534691

Costo_test: 0.213600
Precision_test: 0.628141
Recall_test: 0.621891
F1_test: 0.625000
 

Arquitectura: _2_12_1_
Semilla: 1788085392
Segundos: 54
NIteraciones: 100000

Costo_train: 0.198992
Precision_train: 0.654921
Recall_train: 0.674593
F1_train: 0.664612

Costo_test: 0.213434
Precision_test: 0.540179
Recall_test: 0.601990
F1_test: 0.569412
 

Arquitectura: _2_12_1_
Semilla: 1788085392
Segundos: 54
NIteraciones: 100000

Costo_train: 0.163561
Precision_train: 0.739295
Recall_train: 0.734668
F1_train: 0.736974

Costo_test: 0.179583
Precision_test: 0.696262
Recall_test: 0.741294
F1_test: 0.718072
 

Arquitectura: _2_12_1_
Semilla: 1788085392
Segundos: 54
NIteraciones: 100000

Costo_train: 0.176187
Precision_train: 0.745953
Recall_train: 0.749687
F1_train: 0.747815

Costo_test: 0.182949
Precision_test: 0.740566
Recall_test: 0.781095
F1_test: 0.760291
 

Arquitectura: _2_12_1_
Semilla: 1788085392
Segundos: 54
NIteraciones: 100000

Costo_train: 0.176934
Precision_train: 0.739675
Recall_train: 0.739675
F1_train: 0.739675

Costo_test: 0.185493
Precision_test: 0.733333
Recall_test: 0.766169
F1_test: 0.749392
 

Arquitectura: _2_12_1_
Semilla: 1788085392
Segundos: 54
NIteraciones: 100000

Costo_train: 0.204797
Precision_train: 0.607702
Recall_train: 0.632040
F1_train: 0.619632

Costo_test: 0.218194
Precision_test: 0.509901
Recall_test: 0.512438
F1_test: 0.511166
 

Arquitectura: _2_12_1_
Semilla: 1788085392
Segundos: 54
NIteraciones: 100000

Costo_train: 0.187598
Precision_train: 0.650059
Recall_train: 0.685857
F1_train: 0.667479

Costo_test: 0.203394
Precision_test: 0.588745
Recall_test: 0.676617
F1_test: 0.629630
 

Arquitectura: _2_12_1_
Semilla: 1788085392
Segundos: 54
NIteraciones: 100000

Costo_train: 0.190527
Precision_train: 0.675781
Recall_train: 0.649562
F1_train: 0.662412

Costo_test: 0.203327
Precision_test: 0.642534
Recall_test: 0.706468
F1_test: 0.672986
 

Arquitectura: _2_12_1_
Semilla: 1788085392
Segundos: 54
NIteraciones: 100000

Costo_train: 0.198084
Precision_train: 0.657929
Recall_train: 0.628285
F1_train: 0.642766

Costo_test: 0.206909
Precision_test: 0.608696
Recall_test: 0.626866
F1_test: 0.617647
 

Arquitectura: _2_12_1_
Semilla: 1788085392
Segundos: 54
NIteraciones: 100000

Costo_train: 0.182941
Precision_train: 0.720698
Recall_train: 0.723404
F1_train: 0.722049

Costo_test: 0.197471
Precision_test: 0.709677
Recall_test: 0.766169
F1_test: 0.736842
 

Arquitectura: _2_12_1_
Semilla: 1788085392
Segundos: 54
NIteraciones: 100000

Costo_train: 0.176464
Precision_train: 0.716935
Recall_train: 0.725907
F1_train: 0.721393

Costo_test: 0.188851
Precision_test: 0.698113
Recall_test: 0.736318
F1_test: 0.716707
 

Arquitectura: _2_12_1_
Semilla: 1788085392
Segundos: 54
NIteraciones: 100000

Costo_train: 0.199103
Precision_train: 0.614058
Recall_train: 0.579474
F1_train: 0.596265

Costo_test: 0.210354
Precision_test: 0.571429
Recall_test: 0.577114
F1_test: 0.574257
 

Arquitectura: _2_12_1_
Semilla: 1788085392
Segundos: 54
NIteraciones: 100000

Costo_train: 0.198853
Precision_train: 0.661673
Recall_train: 0.663329
F1_train: 0.662500

Costo_test: 0.207320
Precision_test: 0.651961
Recall_test: 0.661692
F1_test: 0.656790
 

Arquitectura: _2_12_1_
Semilla: 1788085392
Segundos: 54
NIteraciones: 100000

Costo_train: 0.172149
Precision_train: 0.759591
Recall_train: 0.743429
F1_train: 0.751423

Costo_test: 0.184519
Precision_test: 0.712264
Recall_test: 0.751244
F1_test: 0.731235
 

Arquitectura: _2_12_1_
Semilla: 1788085392
Segundos: 54
NIteraciones: 100000

Costo_train: 0.171263
Precision_train: 0.702635
Recall_train: 0.700876
F1_train: 0.701754

Costo_test: 0.186874
Precision_test: 0.663677
Recall_test: 0.736318
F1_test: 0.698113
 

Arquitectura: _2_12_1_
Semilla: 1788085392
Segundos: 54
NIteraciones: 100000

Costo_train: 0.170314
Precision_train: 0.751250
Recall_train: 0.752190
F1_train: 0.751720

Costo_test: 0.180233
Precision_test: 0.754902
Recall_test: 0.766169
F1_test: 0.760494
 

Arquitectura: _2_12_1_
Semilla: 1788085392
Segundos: 54
NIteraciones: 100000

Costo_train: 0.195112
Precision_train: 0.678841
Recall_train: 0.674593
F1_train: 0.676711

Costo_test: 0.209744
Precision_test: 0.627803
Recall_test: 0.696517
F1_test: 0.660377
 

Arquitectura: _2_12_1_
Semilla: 1788085392
Segundos: 54
NIteraciones: 100000

Costo_train: 0.195873
Precision_train: 0.691463
Recall_train: 0.709637
F1_train: 0.700432

Costo_test: 0.215267
Precision_test: 0.627803
Recall_test: 0.696517
F1_test: 0.660377
 

Arquitectura: _2_12_1_
Semilla: 1788085392
Segundos: 54
NIteraciones: 100000

Costo_train: 0.186909
Precision_train: 0.698317
Recall_train: 0.727159
F1_train: 0.712446

Costo_test: 0.203729
Precision_test: 0.639831
Recall_test: 0.751244
F1_test: 0.691076
 

Arquitectura: _2_12_1_
Semilla: 1788085392
Segundos: 54
NIteraciones: 100000

Costo_train: 0.180585
Precision_train: 0.733251
Recall_train: 0.739675
F1_train: 0.736449

Costo_test: 0.198144
Precision_test: 0.673913
Recall_test: 0.771144
F1_test: 0.719258
 

Arquitectura: _2_12_1_
Semilla: 1788085392
Segundos: 54
NIteraciones: 100000

Costo_train: 0.198646
Precision_train: 0.593350
Recall_train: 0.580726
F1_train: 0.586970

Costo_test: 0.209639
Precision_test: 0.549020
Recall_test: 0.557214
F1_test: 0.553086
 

Arquitectura: _2_12_1_
Semilla: 1788085392
Segundos: 54
NIteraciones: 100000

Costo_train: 0.193788
Precision_train: 0.692602
Recall_train: 0.679600
F1_train: 0.686039

Costo_test: 0.209844
Precision_test: 0.628959
Recall_test: 0.691542
F1_test: 0.658768
 

Arquitectura: _2_12_1_
Semilla: 1788085392
Segundos: 54
NIteraciones: 100000

Costo_train: 0.183018
Precision_train: 0.734470
Recall_train: 0.754693
F1_train: 0.744444

Costo_test: 0.194318
Precision_test: 0.694690
Recall_test: 0.781095
F1_test: 0.735363
 

Arquitectura: _2_12_1_
Semilla: 1788085392
Segundos: 54
NIteraciones: 100000

Costo_train: 0.185067
Precision_train: 0.721080
Recall_train: 0.702128
F1_train: 0.711478

Costo_test: 0.199414
Precision_test: 0.663551
Recall_test: 0.706468
F1_test: 0.684337
 

Arquitectura: _2_12_1_
Semilla: 1788085392
Segundos: 54
NIteraciones: 100000

Costo_train: 0.185015
Precision_train: 0.747226
Recall_train: 0.758448
F1_train: 0.752795

Costo_test: 0.198599
Precision_test: 0.702830
Recall_test: 0.741294
F1_test: 0.721550
 

Arquitectura: _2_12_1_
Semilla: 1788085392
Segundos: 54
NIteraciones: 100000

Costo_train: 0.182784
Precision_train: 0.688213
Recall_train: 0.679600
F1_train: 0.683879

Costo_test: 0.194922
Precision_test: 0.634259
Recall_test: 0.681592
F1_test: 0.657074
 

Arquitectura: _2_12_1_
Semilla: 1788085392
Segundos: 54
NIteraciones: 100000

Costo_train: 0.205529
Precision_train: 0.595823
Recall_train: 0.607009
F1_train: 0.601364

Costo_test: 0.220450
Precision_test: 0.547619
Recall_test: 0.572139
F1_test: 0.559611
 

Arquitectura: _2_12_1_
Semilla: 1788085392
Segundos: 54
NIteraciones: 100000

Costo_train: 0.176321
Precision_train: 0.739184
Recall_train: 0.748436
F1_train: 0.743781

Costo_test: 0.185865
Precision_test: 0.700461
Recall_test: 0.756219
F1_test: 0.727273
 

Arquitectura: _2_12_1_
Semilla: 1788085392
Segundos: 54
NIteraciones: 100000

Costo_train: 0.194732
Precision_train: 0.677986
Recall_train: 0.724656
F1_train: 0.700544

Costo_test: 0.214008
Precision_test: 0.609865
Recall_test: 0.676617
F1_test: 0.641509
 

Arquitectura: _2_12_1_
Semilla: 1788085392
Segundos: 54
NIteraciones: 100000

Costo_train: 0.184264
Precision_train: 0.700599
Recall_train: 0.732165
F1_train: 0.716034

Costo_test: 0.196310
Precision_test: 0.660870
Recall_test: 0.756219
F1_test: 0.705336
 

Arquitectura: _2_12_1_
Semilla: 1788085392
Segundos: 54
NIteraciones: 100000

Costo_train: 0.204856
Precision_train: 0.579853
Recall_train: 0.590738
F1_train: 0.585245

Costo_test: 0.218333
Precision_test: 0.543779
Recall_test: 0.587065
F1_test: 0.564593
 

Arquitectura: _2_12_1_
Semilla: 1788085392
Segundos: 54
NIteraciones: 100000

Costo_train: 0.178888
Precision_train: 0.690449
Recall_train: 0.750939
F1_train: 0.719424

Costo_test: 0.190888
Precision_test: 0.762162
Recall_test: 0.701493
F1_test: 0.730570
 

Arquitectura: _2_12_1_
Semilla: 1788085392
Segundos: 54
NIteraciones: 100000

Costo_train: 0.196439
Precision_train: 0.663329
Recall_train: 0.663329
F1_train: 0.663329

Costo_test: 0.211534
Precision_test: 0.625000
Recall_test: 0.696517
F1_test: 0.658823
 

Arquitectura: _2_12_1_
Semilla: 1788085392
Segundos: 54
NIteraciones: 100000

Costo_train: 0.197580
Precision_train: 0.633129
Recall_train: 0.645807
F1_train: 0.639405

Costo_test: 0.207739
Precision_test: 0.647343
Recall_test: 0.666667
F1_test: 0.656863
 

Arquitectura: _2_12_1_
Semilla: 1788085392
Segundos: 54
NIteraciones: 100000

Costo_train: 0.191011
Precision_train: 0.724602
Recall_train: 0.740926
F1_train: 0.732673

Costo_test: 0.198479
Precision_test: 0.657277
Recall_test: 0.696517
F1_test: 0.676329
 

Arquitectura: _2_12_1_
Semilla: 1788085392
Segundos: 54
NIteraciones: 100000

Costo_train: 0.202711
Precision_train: 0.563570
Recall_train: 0.576971
F1_train: 0.570192

Costo_test: 0.212646
Precision_test: 0.552885
Recall_test: 0.572139
F1_test: 0.562347
 

Arquitectura: _2_12_1_
Semilla: 1788085392
Segundos: 54
NIteraciones: 100000

Costo_train: 0.178492
Precision_train: 0.734491
Recall_train: 0.740926
F1_train: 0.737695

Costo_test: 0.188371
Precision_test: 0.700000
Recall_test: 0.766169
F1_test: 0.731591
 

Arquitectura: _2_12_1_
Semilla: 1788085392
Segundos: 54
NIteraciones: 100000

Costo_train: 0.189311
Precision_train: 0.642308
Recall_train: 0.627034
F1_train: 0.634579

Costo_test: 0.202659
Precision_test: 0.576190
Recall_test: 0.601990
F1_test: 0.588808
 

Arquitectura: _2_12_1_
Semilla: 1788085392
Segundos: 54
NIteraciones: 100000

Costo_train: 0.178487
Precision_train: 0.725095
Recall_train: 0.719650
F1_train: 0.722362

Costo_test: 0.194964
Precision_test: 0.660793
Recall_test: 0.746269
F1_test: 0.700935
 

Arquitectura: _2_12_1_
Semilla: 1788085392
Segundos: 54
NIteraciones: 100000

Costo_train: 0.173501
Precision_train: 0.742099
Recall_train: 0.734668
F1_train: 0.738365

Costo_test: 0.188124
Precision_test: 0.703704
Recall_test: 0.756219
F1_test: 0.729017
 

Arquitectura: _2_12_1_
Semilla: 1788085392
Segundos: 54
NIteraciones: 100000

Costo_train: 0.117234
Precision_train: 0.898496
Recall_train: 0.897372
F1_train: 0.897934

Costo_test: 0.133147
Precision_test: 0.876238
Recall_test: 0.880597
F1_test: 0.878412
 

Arquitectura: _2_12_1_
Semilla: 1788085392
Segundos: 54
NIteraciones: 100000

Costo_train: 0.180322
Precision_train: 0.722222
Recall_train: 0.732165
F1_train: 0.727160

Costo_test: 0.192860
Precision_test: 0.684685
Recall_test: 0.756219
F1_test: 0.718676
 

Arquitectura: _2_12_1_
Semilla: 1788085392
Segundos: 54
NIteraciones: 100000

Costo_train: 0.192489
Precision_train: 0.645006
Recall_train: 0.670839
F1_train: 0.657669

Costo_test: 0.203031
Precision_test: 0.669683
Recall_test: 0.736318
F1_test: 0.701422
 

Arquitectura: _2_12_1_
Semilla: 1788085392
Segundos: 54
NIteraciones: 100000

Costo_train: 0.163835
Precision_train: 0.708385
Recall_train: 0.708385
F1_train: 0.708385

Costo_test: 0.175847
Precision_test: 0.672986
Recall_test: 0.706468
F1_test: 0.689320
 

Arquitectura: _2_12_1_
Semilla: 1788085392
Segundos: 54
NIteraciones: 100000

Costo_train: 0.196055
Precision_train: 0.616592
Recall_train: 0.688360
F1_train: 0.650503

Costo_test: 0.208680
Precision_test: 0.593886
Recall_test: 0.676617
F1_test: 0.632558
 

Arquitectura: _2_12_1_
Semilla: 1788085392
Segundos: 54
NIteraciones: 100000

Costo_train: 0.199808
Precision_train: 0.649871
Recall_train: 0.629537
F1_train: 0.639542

Costo_test: 0.211748
Precision_test: 0.599034
Recall_test: 0.616915
F1_test: 0.607843
 

Arquitectura: _2_12_1_
Semilla: 1788085392
Segundos: 54
NIteraciones: 100000

Costo_train: 0.149245
Precision_train: 0.819277
Recall_train: 0.851064
F1_train: 0.834868

Costo_test: 0.168078
Precision_test: 0.777273
Recall_test: 0.850746
F1_test: 0.812352
 

Arquitectura: _2_12_1_
Semilla: 1788085392
Segundos: 54
NIteraciones: 100000

Costo_train: 0.192749
Precision_train: 0.649551
Recall_train: 0.633292
F1_train: 0.641318

Costo_test: 0.205722
Precision_test: 0.580645
Recall_test: 0.626866
F1_test: 0.602871
 

Arquitectura: _2_12_1_
Semilla: 1788085392
Segundos: 54
NIteraciones: 100000

Costo_train: 0.194432
Precision_train: 0.666667
Recall_train: 0.675845
F1_train: 0.671224

Costo_test: 0.210427
Precision_test: 0.621145
Recall_test: 0.701493
F1_test: 0.658879
 

Arquitectura: _2_12_1_
Semilla: 1788085392
Segundos: 54
NIteraciones: 100000

Costo_train: 0.186725
Precision_train: 0.740834
Recall_train: 0.733417
F1_train: 0.737107

Costo_test: 0.192540
Precision_test: 0.679245
Recall_test: 0.716418
F1_test: 0.697337
 

Arquitectura: _2_12_1_
Semilla: 1788085392
Segundos: 54
NIteraciones: 100000

Costo_train: 0.196024
Precision_train: 0.680958
Recall_train: 0.675845
F1_train: 0.678392

Costo_test: 0.210104
Precision_test: 0.626126
Recall_test: 0.691542
F1_test: 0.657210
 

Arquitectura: _2_12_1_
Semilla: 1788085392
Segundos: 54
NIteraciones: 100000

Costo_train: 0.175438
Precision_train: 0.738462
Recall_train: 0.720901
F1_train: 0.729576

Costo_test: 0.192660
Precision_test: 0.663636
Recall_test: 0.726368
F1_test: 0.693587
 

Arquitectura: _2_12_1_
Semilla: 1788085392
Segundos: 54
NIteraciones: 100000

Costo_train: 0.150035
Precision_train: 0.823828
Recall_train: 0.813517
F1_train: 0.818640

Costo_test: 0.164329
Precision_test: 0.790698
Recall_test: 0.845771
F1_test: 0.817308
 

Arquitectura: _2_12_1_
Semilla: 1788085392
Segundos: 54
NIteraciones: 100000

Costo_train: 0.173122
Precision_train: 0.757419
Recall_train: 0.734668
F1_train: 0.745870

Costo_test: 0.188533
Precision_test: 0.707547
Recall_test: 0.746269
F1_test: 0.726392
 

Arquitectura: _2_12_1_
Semilla: 1788085392
Segundos: 54
NIteraciones: 100000

Costo_train: 0.183434
Precision_train: 0.734161
Recall_train: 0.739675
F1_train: 0.736908

Costo_test: 0.196620
Precision_test: 0.685841
Recall_test: 0.771144
F1_test: 0.725995
 

Arquitectura: _2_12_1_
Semilla: 1788085392
Segundos: 54
NIteraciones: 100000

Costo_train: 0.187767
Precision_train: 0.621622
Recall_train: 0.662078
F1_train: 0.641212

Costo_test: 0.200149
Precision_test: 0.593458
Recall_test: 0.631841
F1_test: 0.612048
 

Arquitectura: _2_12_1_
Semilla: 1788085392
Segundos: 54
NIteraciones: 100000

Costo_train: 0.169341
Precision_train: 0.767813
Recall_train: 0.782228
F1_train: 0.774954

Costo_test: 0.178299
Precision_test: 0.768116
Recall_test: 0.791045
F1_test: 0.779412
 

Arquitectura: _2_12_1_
Semilla: 1788085392
Segundos: 54
NIteraciones: 100000

Costo_train: 0.168910
Precision_train: 0.754951
Recall_train: 0.763454
F1_train: 0.759179

Costo_test: 0.178708
Precision_test: 0.738095
Recall_test: 0.771144
F1_test: 0.754258
 

Arquitectura: _2_12_1_
Semilla: 1788085392
Segundos: 54
NIteraciones: 100000

Costo_train: 0.208917
Precision_train: 0.575342
Recall_train: 0.578223
F1_train: 0.576779

Costo_test: 0.220090
Precision_test: 0.556604
Recall_test: 0.587065
F1_test: 0.571429
 

Arquitectura: _2_12_1_
Semilla: 1788085392
Segundos: 54
NIteraciones: 100000

Costo_train: 0.163428
Precision_train: 0.795812
Recall_train: 0.760951
F1_train: 0.777991

Costo_test: 0.176551
Precision_test: 0.756219
Recall_test: 0.756219
F1_test: 0.756219
 

Arquitectura: _2_12_1_
Semilla: 1788085392
Segundos: 54
NIteraciones: 100000

Costo_train: 0.167525
Precision_train: 0.781250
Recall_train: 0.782228
F1_train: 0.781739

Costo_test: 0.177474
Precision_test: 0.759804
Recall_test: 0.771144
F1_test: 0.765432
 

Arquitectura: _2_12_1_
Semilla: 1788085392
Segundos: 54
NIteraciones: 100000

Costo_train: 0.176924
Precision_train: 0.720988
Recall_train: 0.730914
F1_train: 0.725917

Costo_test: 0.188310
Precision_test: 0.677273
Recall_test: 0.741294
F1_test: 0.707839
 

Arquitectura: _2_12_1_
Semilla: 1788085392
Segundos: 54
NIteraciones: 100000

Costo_train: 0.206376
Precision_train: 0.705590
Recall_train: 0.710889
F1_train: 0.708229

Costo_test: 0.218740
Precision_test: 0.536585
Recall_test: 0.547264
F1_test: 0.541872
 

Arquitectura: _2_12_1_
Semilla: 1788085392
Segundos: 54
NIteraciones: 100000

Costo_train: 0.180449
Precision_train: 0.715174
Recall_train: 0.719650
F1_train: 0.717405

Costo_test: 0.194488
Precision_test: 0.662222
Recall_test: 0.741294
F1_test: 0.699530
 

Arquitectura: _2_12_1_
Semilla: 1788085392
Segundos: 54
NIteraciones: 100000

Costo_train: 0.186912
Precision_train: 0.708738
Recall_train: 0.730914
F1_train: 0.719655

Costo_test: 0.204799
Precision_test: 0.653846
Recall_test: 0.761194
F1_test: 0.703448
 

Arquitectura: _2_12_1_
Semilla: 1788085392
Segundos: 54
NIteraciones: 100000

Costo_train: 0.179000
Precision_train: 0.739927
Recall_train: 0.758448
F1_train: 0.749073

Costo_test: 0.189961
Precision_test: 0.727700
Recall_test: 0.771144
F1_test: 0.748792
 

Arquitectura: _2_12_1_
Semilla: 1788085392
Segundos: 54
NIteraciones: 100000

Costo_train: 0.168521
Precision_train: 0.769325
Recall_train: 0.784731
F1_train: 0.776952

Costo_test: 0.178554
Precision_test: 0.768116
Recall_test: 0.791045
F1_test: 0.779412
 

Arquitectura: _2_12_1_
Semilla: 1788085392
Segundos: 54
NIteraciones: 100000

Costo_train: 0.175646
Precision_train: 0.720960
Recall_train: 0.714643
F1_train: 0.717788

Costo_test: 0.185937
Precision_test: 0.696262
Recall_test: 0.741294
F1_test: 0.718072
 

Arquitectura: _2_12_1_
Semilla: 1788085392
Segundos: 54
NIteraciones: 100000

Costo_train: 0.146225
Precision_train: 0.764513
Recall_train: 0.873592
F1_train: 0.815421

Costo_test: 0.165137
Precision_test: 0.717213
Recall_test: 0.870647
F1_test: 0.786517
 

Arquitectura: _2_12_1_
Semilla: 1788085392
Segundos: 54
NIteraciones: 100000

Costo_train: 0.179939
Precision_train: 0.739623
Recall_train: 0.735920
F1_train: 0.737767

Costo_test: 0.186612
Precision_test: 0.719626
Recall_test: 0.766169
F1_test: 0.742169
 

Arquitectura: _2_12_1_
Semilla: 1788085392
Segundos: 54
NIteraciones: 100000

Costo_train: 0.196300
Precision_train: 0.650292
Recall_train: 0.695870
F1_train: 0.672310

Costo_test: 0.207093
Precision_test: 0.593886
Recall_test: 0.676617
F1_test: 0.632558
 

Arquitectura: _2_12_1_
Semilla: 1788085392
Segundos: 54
NIteraciones: 100000

Costo_train: 0.193903
Precision_train: 0.710037
Recall_train: 0.717146
F1_train: 0.713574

Costo_test: 0.205567
Precision_test: 0.686636
Recall_test: 0.741294
F1_test: 0.712919
 

Arquitectura: _2_12_1_
Semilla: 1788085392
Segundos: 54
NIteraciones: 100000

Costo_train: 0.179704
Precision_train: 0.723171
Recall_train: 0.742178
F1_train: 0.732551

Costo_test: 0.193128
Precision_test: 0.669604
Recall_test: 0.756219
F1_test: 0.710280
 

Arquitectura: _2_12_1_
Semilla: 1788085392
Segundos: 54
NIteraciones: 100000

Costo_train: 0.182922
Precision_train: 0.745592
Recall_train: 0.740926
F1_train: 0.743252

Costo_test: 0.199572
Precision_test: 0.696682
Recall_test: 0.731343
F1_test: 0.713592
 

Arquitectura: _2_12_1_
Semilla: 1788085392
Segundos: 54
NIteraciones: 100000

Costo_train: 0.190047
Precision_train: 0.694075
Recall_train: 0.718398
F1_train: 0.706027

Costo_test: 0.205373
Precision_test: 0.586667
Recall_test: 0.656716
F1_test: 0.619718
 

Arquitectura: _2_12_1_
Semilla: 1788085392
Segundos: 54
NIteraciones: 100000

Costo_train: 0.208100
Precision_train: 0.580324
Recall_train: 0.583229
F1_train: 0.581773

Costo_test: 0.223147
Precision_test: 0.563636
Recall_test: 0.616915
F1_test: 0.589074
 

Arquitectura: _2_12_1_
Semilla: 1788085392
Segundos: 54
NIteraciones: 100000

Costo_train: 0.177996
Precision_train: 0.741977
Recall_train: 0.723404
F1_train: 0.732573

Costo_test: 0.196201
Precision_test: 0.676991
Recall_test: 0.761194
F1_test: 0.716628
 

Arquitectura: _2_12_1_
Semilla: 1788085392
Segundos: 54
NIteraciones: 100000

Costo_train: 0.197638
Precision_train: 0.607891
Recall_train: 0.617021
F1_train: 0.612422

Costo_test: 0.209490
Precision_test: 0.574766
Recall_test: 0.611940
F1_test: 0.592771
 


--- Test Profunda 4.0 ---
Iteración 10000
Costo: 0.250001
Iteración 20000
Costo: 0.249946
Iteración 30000
Costo: 0.249881
Iteración 40000
Costo: 0.249791
Iteración 50000
Costo: 0.249645
Iteración 60000
Costo: 0.249376
Iteración 70000
Costo: 0.248778
Iteración 80000
Costo: 0.247084
Iteración 90000
Costo: 0.240593

Arquitectura: _2_3_3_3_3_1_
Semilla: 1788085446
Segundos: 186
NIteraciones: 100000

Costo_train: 0.233822
Precision_train: 0.618622
Recall_train: 0.607009
F1_train: 0.612761

Costo_test: 0.234441
Precision_test: 0.619289
Recall_test: 0.606965
F1_test: 0.613065
 

Arquitectura: _2_3_3_3_3_1_
Semilla: 1788085446
Segundos: 186
NIteraciones: 100000

Costo_train: 0.221020
Precision_train: 0.614213
Recall_train: 0.605757
F1_train: 0.609956

Costo_test: 0.221330
Precision_test: 0.620192
Recall_test: 0.641791
F1_test: 0.630807
 

Arquitectura: _2_3_3_3_3_1_
Semilla: 1788085446
Segundos: 186
NIteraciones: 100000

Costo_train: 0.220005
Precision_train: 0.612323
Recall_train: 0.596996
F1_train: 0.604563

Costo_test: 0.220458
Precision_test: 0.623762
Recall_test: 0.626866
F1_test: 0.625310
 

Arquitectura: _2_3_3_3_3_1_
Semilla: 1788085446
Segundos: 186
NIteraciones: 100000

Costo_train: 0.249952
Precision_train: 0.644068
Recall_train: 0.047559
F1_train: 0.088578

Costo_test: 0.249931
Precision_test: 0.777778
Recall_test: 0.069652
F1_test: 0.127854
 

Arquitectura: _2_3_3_3_3_1_
Semilla: 1788085446
Segundos: 186
NIteraciones: 100000

Costo_train: 0.248568
Precision_train: 0.579151
Recall_train: 0.563204
F1_train: 0.571066

Costo_test: 0.248141
Precision_test: 0.593909
Recall_test: 0.582090
F1_test: 0.587940
 

Arquitectura: _2_3_3_3_3_1_
Semilla: 1788085446
Segundos: 186
NIteraciones: 100000

Costo_train: 0.228013
Precision_train: 0.615287
Recall_train: 0.604506
F1_train: 0.609848

Costo_test: 0.225846
Precision_test: 0.623116
Recall_test: 0.616915
F1_test: 0.620000
 

Arquitectura: _2_3_3_3_3_1_
Semilla: 1788085446
Segundos: 186
NIteraciones: 100000

Costo_train: 0.224397
Precision_train: 0.650064
Recall_train: 0.637046
F1_train: 0.643489

Costo_test: 0.223987
Precision_test: 0.655340
Recall_test: 0.671642
F1_test: 0.663391
 

Arquitectura: _2_3_3_3_3_1_
Semilla: 1788085446
Segundos: 186
NIteraciones: 100000

Costo_train: 0.220332
Precision_train: 0.614691
Recall_train: 0.596996
F1_train: 0.605714

Costo_test: 0.220591
Precision_test: 0.625616
Recall_test: 0.631841
F1_test: 0.628713
 

Arquitectura: _2_3_3_3_3_1_
Semilla: 1788085446
Segundos: 186
NIteraciones: 100000

Costo_train: 0.227405
Precision_train: 0.617268
Recall_train: 0.599499
F1_train: 0.608254

Costo_test: 0.225149
Precision_test: 0.629442
Recall_test: 0.616915
F1_test: 0.623116
 

Arquitectura: _2_3_3_3_3_1_
Semilla: 1788085446
Segundos: 186
NIteraciones: 100000

Costo_train: 0.233375
Precision_train: 0.617128
Recall_train: 0.613267
F1_train: 0.615191

Costo_test: 0.232756
Precision_test: 0.629808
Recall_test: 0.651741
F1_test: 0.640587
 

Arquitectura: _2_3_3_3_3_1_
Semilla: 1788085446
Segundos: 186
NIteraciones: 100000

Costo_train: 0.228075
Precision_train: 0.633375
Recall_train: 0.627034
F1_train: 0.630189

Costo_test: 0.227536
Precision_test: 0.626168
Recall_test: 0.666667
F1_test: 0.645783
 

Arquitectura: _2_3_3_3_3_1_
Semilla: 1788085446
Segundos: 186
NIteraciones: 100000

Costo_train: 0.219970
Precision_train: 0.611825
Recall_train: 0.595745
F1_train: 0.603678

Costo_test: 0.220373
Precision_test: 0.622549
Recall_test: 0.631841
F1_test: 0.627161
 

Arquitectura: _2_3_3_3_3_1_
Semilla: 1788085446
Segundos: 186
NIteraciones: 100000

Costo_train: 0.231792
Precision_train: 0.612903
Recall_train: 0.618273
F1_train: 0.615576

Costo_test: 0.230619
Precision_test: 0.623810
Recall_test: 0.651741
F1_test: 0.637470
 

Arquitectura: _2_3_3_3_3_1_
Semilla: 1788085446
Segundos: 186
NIteraciones: 100000

Costo_train: 0.220058
Precision_train: 0.615584
Recall_train: 0.593242
F1_train: 0.604207

Costo_test: 0.220510
Precision_test: 0.626866
Recall_test: 0.626866
F1_test: 0.626866
 

Arquitectura: _2_3_3_3_3_1_
Semilla: 1788085446
Segundos: 186
NIteraciones: 100000

Costo_train: 0.219388
Precision_train: 0.566919
Recall_train: 0.561952
F1_train: 0.564425

Costo_test: 0.222304
Precision_test: 0.570000
Recall_test: 0.567164
F1_test: 0.568579
 

Arquitectura: _2_3_3_3_3_1_
Semilla: 1788085446
Segundos: 186
NIteraciones: 100000

Costo_train: 0.220717
Precision_train: 0.616083
Recall_train: 0.594493
F1_train: 0.605096

Costo_test: 0.220951
Precision_test: 0.631841
Recall_test: 0.631841
F1_test: 0.631841
 

Arquitectura: _2_3_3_3_3_1_
Semilla: 1788085446
Segundos: 186
NIteraciones: 100000

Costo_train: 0.243068
Precision_train: 0.617721
Recall_train: 0.610763
F1_train: 0.614223

Costo_test: 0.242774
Precision_test: 0.622010
Recall_test: 0.646766
F1_test: 0.634146
 

Arquitectura: _2_3_3_3_3_1_
Semilla: 1788085446
Segundos: 186
NIteraciones: 100000

Costo_train: 0.227454
Precision_train: 0.615877
Recall_train: 0.602003
F1_train: 0.608861

Costo_test: 0.225151
Precision_test: 0.623116
Recall_test: 0.616915
F1_test: 0.620000
 

Arquitectura: _2_3_3_3_3_1_
Semilla: 1788085446
Segundos: 186
NIteraciones: 100000

Costo_train: 0.220064
Precision_train: 0.614489
Recall_train: 0.594493
F1_train: 0.604326

Costo_test: 0.220401
Precision_test: 0.623762
Recall_test: 0.626866
F1_test: 0.625310
 

Arquitectura: _2_3_3_3_3_1_
Semilla: 1788085446
Segundos: 186
NIteraciones: 100000

Costo_train: 0.220005
Precision_train: 0.614213
Recall_train: 0.605757
F1_train: 0.609956

Costo_test: 0.220510
Precision_test: 0.612440
Recall_test: 0.636816
F1_test: 0.624390
 

Arquitectura: _2_3_3_3_3_1_
Semilla: 1788085446
Segundos: 186
NIteraciones: 100000

Costo_train: 0.220434
Precision_train: 0.619664
Recall_train: 0.599499
F1_train: 0.609415

Costo_test: 0.221004
Precision_test: 0.633663
Recall_test: 0.636816
F1_test: 0.635236
 

Arquitectura: _2_3_3_3_3_1_
Semilla: 1788085446
Segundos: 186
NIteraciones: 100000

Costo_train: 0.220993
Precision_train: 0.615581
Recall_train: 0.603254
F1_train: 0.609355

Costo_test: 0.221348
Precision_test: 0.620192
Recall_test: 0.641791
F1_test: 0.630807
 

Arquitectura: _2_3_3_3_3_1_
Semilla: 1788085446
Segundos: 186
NIteraciones: 100000

Costo_train: 0.249924
Precision_train: 0.645695
Recall_train: 0.244055
F1_train: 0.354223

Costo_test: 0.249946
Precision_test: 0.661765
Recall_test: 0.223881
F1_test: 0.334572
 

Arquitectura: _2_3_3_3_3_1_
Semilla: 1788085446
Segundos: 186
NIteraciones: 100000

Costo_train: 0.220611
Precision_train: 0.615686
Recall_train: 0.589487
F1_train: 0.602302

Costo_test: 0.220955
Precision_test: 0.626866
Recall_test: 0.626866
F1_test: 0.626866
 

Arquitectura: _2_3_3_3_3_1_
Semilla: 1788085446
Segundos: 186
NIteraciones: 100000

Costo_train: 0.220663
Precision_train: 0.619171
Recall_train: 0.598248
F1_train: 0.608530

Costo_test: 0.221019
Precision_test: 0.633663
Recall_test: 0.636816
F1_test: 0.635236
 

Arquitectura: _2_3_3_3_3_1_
Semilla: 1788085446
Segundos: 186
NIteraciones: 100000

Costo_train: 0.220719
Precision_train: 0.617493
Recall_train: 0.591990
F1_train: 0.604473

Costo_test: 0.221092
Precision_test: 0.626866
Recall_test: 0.626866
F1_test: 0.626866
 

Arquitectura: _2_3_3_3_3_1_
Semilla: 1788085446
Segundos: 186
NIteraciones: 100000

Costo_train: 0.228129
Precision_train: 0.616474
Recall_train: 0.599499
F1_train: 0.607868

Costo_test: 0.226079
Precision_test: 0.626263
Recall_test: 0.616915
F1_test: 0.621554
 

Arquitectura: _2_3_3_3_3_1_
Semilla: 1788085446
Segundos: 186
NIteraciones: 100000

Costo_train: 0.220842
Precision_train: 0.619355
Recall_train: 0.600751
F1_train: 0.609911

Costo_test: 0.221239
Precision_test: 0.629268
Recall_test: 0.641791
F1_test: 0.635468
 

Arquitectura: _2_3_3_3_3_1_
Semilla: 1788085446
Segundos: 186
NIteraciones: 100000

Costo_train: 0.233862
Precision_train: 0.612668
Recall_train: 0.629537
F1_train: 0.620988

Costo_test: 0.233342
Precision_test: 0.610092
Recall_test: 0.661692
F1_test: 0.634845
 

Arquitectura: _2_3_3_3_3_1_
Semilla: 1788085446
Segundos: 186
NIteraciones: 100000

Costo_train: 0.229040
Precision_train: 0.614504
Recall_train: 0.604506
F1_train: 0.609464

Costo_test: 0.227169
Precision_test: 0.623762
Recall_test: 0.626866
F1_test: 0.625310
 

Arquitectura: _2_3_3_3_3_1_
Semilla: 1788085446
Segundos: 186
NIteraciones: 100000

Costo_train: 0.220053
Precision_train: 0.611825
Recall_train: 0.595745
F1_train: 0.603678

Costo_test: 0.220448
Precision_test: 0.620690
Recall_test: 0.626866
F1_test: 0.623762
 

Arquitectura: _2_3_3_3_3_1_
Semilla: 1788085446
Segundos: 186
NIteraciones: 100000

Costo_train: 0.228249
Precision_train: 0.634271
Recall_train: 0.620776
F1_train: 0.627451

Costo_test: 0.225918
Precision_test: 0.639423
Recall_test: 0.661692
F1_test: 0.650367
 

Arquitectura: _2_3_3_3_3_1_
Semilla: 1788085446
Segundos: 186
NIteraciones: 100000

Costo_train: 0.227984
Precision_train: 0.615187
Recall_train: 0.598248
F1_train: 0.606599

Costo_test: 0.225942
Precision_test: 0.626263
Recall_test: 0.616915
F1_test: 0.621554
 

Arquitectura: _2_3_3_3_3_1_
Semilla: 1788085446
Segundos: 186
NIteraciones: 100000

Costo_train: 0.220953
Precision_train: 0.619974
Recall_train: 0.598248
F1_train: 0.608917

Costo_test: 0.221285
Precision_test: 0.633663
Recall_test: 0.636816
F1_test: 0.635236
 

Arquitectura: _2_3_3_3_3_1_
Semilla: 1788085446
Segundos: 186
NIteraciones: 100000

Costo_train: 0.228118
Precision_train: 0.616474
Recall_train: 0.599499
F1_train: 0.607868

Costo_test: 0.226068
Precision_test: 0.626263
Recall_test: 0.616915
F1_test: 0.621554
 

Arquitectura: _2_3_3_3_3_1_
Semilla: 1788085446
Segundos: 186
NIteraciones: 100000

Costo_train: 0.235643
Precision_train: 0.616541
Recall_train: 0.615770
F1_train: 0.616155

Costo_test: 0.235575
Precision_test: 0.622010
Recall_test: 0.646766
F1_test: 0.634146
 

Arquitectura: _2_3_3_3_3_1_
Semilla: 1788085446
Segundos: 186
NIteraciones: 100000

Costo_train: 0.228091
Precision_train: 0.616474
Recall_train: 0.599499
F1_train: 0.607868

Costo_test: 0.226022
Precision_test: 0.626263
Recall_test: 0.616915
F1_test: 0.621554
 

Arquitectura: _2_3_3_3_3_1_
Semilla: 1788085446
Segundos: 186
NIteraciones: 100000

Costo_train: 0.220470
Precision_train: 0.615287
Recall_train: 0.604506
F1_train: 0.609848

Costo_test: 0.220976
Precision_test: 0.615385
Recall_test: 0.636816
F1_test: 0.625917
 

Arquitectura: _2_3_3_3_3_1_
Semilla: 1788085446
Segundos: 186
NIteraciones: 100000

Costo_train: 0.233492
Precision_train: 0.613497
Recall_train: 0.625782
F1_train: 0.619579

Costo_test: 0.232273
Precision_test: 0.618605
Recall_test: 0.661692
F1_test: 0.639423
 

Arquitectura: _2_3_3_3_3_1_
Semilla: 1788085446
Segundos: 186
NIteraciones: 100000

Costo_train: 0.228305
Precision_train: 0.614583
Recall_train: 0.590738
F1_train: 0.602425

Costo_test: 0.226408
Precision_test: 0.625641
Recall_test: 0.606965
F1_test: 0.616162
 

Arquitectura: _2_3_3_3_3_1_
Semilla: 1788085446
Segundos: 186
NIteraciones: 100000

Costo_train: 0.227610
Precision_train: 0.616667
Recall_train: 0.602003
F1_train: 0.609246

Costo_test: 0.225367
Precision_test: 0.626263
Recall_test: 0.616915
F1_test: 0.621554
 

Arquitectura: _2_3_3_3_3_1_
Semilla: 1788085446
Segundos: 186
NIteraciones: 100000

Costo_train: 0.220999
Precision_train: 0.622715
Recall_train: 0.596996
F1_train: 0.609585

Costo_test: 0.221359
Precision_test: 0.636816
Recall_test: 0.636816
F1_test: 0.636816
 

Arquitectura: _2_3_3_3_3_1_
Semilla: 1788085446
Segundos: 186
NIteraciones: 100000

Costo_train: 0.221135
Precision_train: 0.622396
Recall_train: 0.598248
F1_train: 0.610083

Costo_test: 0.221921
Precision_test: 0.628713
Recall_test: 0.631841
F1_test: 0.630273
 

Arquitectura: _2_3_3_3_3_1_
Semilla: 1788085446
Segundos: 186
NIteraciones: 100000

Costo_train: 0.226198
Precision_train: 0.645914
Recall_train: 0.623279
F1_train: 0.634395

Costo_test: 0.225281
Precision_test: 0.649038
Recall_test: 0.671642
F1_test: 0.660147
 

Arquitectura: _2_3_3_3_3_1_
Semilla: 1788085446
Segundos: 186
NIteraciones: 100000

Costo_train: 0.227980
Precision_train: 0.632732
Recall_train: 0.614518
F1_train: 0.623492

Costo_test: 0.226698
Precision_test: 0.637681
Recall_test: 0.656716
F1_test: 0.647059
 

Arquitectura: _2_3_3_3_3_1_
Semilla: 1788085446
Segundos: 186
NIteraciones: 100000

Costo_train: 0.220897
Precision_train: 0.617188
Recall_train: 0.593242
F1_train: 0.604978

Costo_test: 0.221253
Precision_test: 0.623762
Recall_test: 0.626866
F1_test: 0.625310
 

Arquitectura: _2_3_3_3_3_1_
Semilla: 1788085446
Segundos: 186
NIteraciones: 100000

Costo_train: 0.220251
Precision_train: 0.616580
Recall_train: 0.595745
F1_train: 0.605983

Costo_test: 0.220610
Precision_test: 0.631841
Recall_test: 0.631841
F1_test: 0.631841
 

Arquitectura: _2_3_3_3_3_1_
Semilla: 1788085446
Segundos: 186
NIteraciones: 100000

Costo_train: 0.247343
Precision_train: 0.615770
Recall_train: 0.615770
F1_train: 0.615770

Costo_test: 0.247596
Precision_test: 0.594203
Recall_test: 0.611940
F1_test: 0.602941
 

Arquitectura: _2_3_3_3_3_1_
Semilla: 1788085446
Segundos: 186
NIteraciones: 100000

Costo_train: 0.229397
Precision_train: 0.625790
Recall_train: 0.619524
F1_train: 0.622642

Costo_test: 0.227431
Precision_test: 0.622642
Recall_test: 0.656716
F1_test: 0.639225
 

Arquitectura: _2_3_3_3_3_1_
Semilla: 1788085446
Segundos: 186
NIteraciones: 100000

Costo_train: 0.221183
Precision_train: 0.615187
Recall_train: 0.598248
F1_train: 0.606599

Costo_test: 0.221311
Precision_test: 0.624390
Recall_test: 0.636816
F1_test: 0.630542
 

Arquitectura: _2_3_3_3_3_1_
Semilla: 1788085446
Segundos: 186
NIteraciones: 100000

Costo_train: 0.228034
Precision_train: 0.616368
Recall_train: 0.603254
F1_train: 0.609741

Costo_test: 0.225966
Precision_test: 0.626263
Recall_test: 0.616915
F1_test: 0.621554
 

Arquitectura: _2_3_3_3_3_1_
Semilla: 1788085446
Segundos: 186
NIteraciones: 100000

Costo_train: 0.223904
Precision_train: 0.648923
Recall_train: 0.640801
F1_train: 0.644836

Costo_test: 0.223673
Precision_test: 0.660194
Recall_test: 0.676617
F1_test: 0.668305
 

Arquitectura: _2_3_3_3_3_1_
Semilla: 1788085446
Segundos: 186
NIteraciones: 100000

Costo_train: 0.220729
Precision_train: 0.620253
Recall_train: 0.613267
F1_train: 0.616740

Costo_test: 0.221209
Precision_test: 0.629808
Recall_test: 0.651741
F1_test: 0.640587
 

Arquitectura: _2_3_3_3_3_1_
Semilla: 1788085446
Segundos: 186
NIteraciones: 100000

Costo_train: 0.227848
Precision_train: 0.616667
Recall_train: 0.602003
F1_train: 0.609246

Costo_test: 0.225671
Precision_test: 0.626263
Recall_test: 0.616915
F1_test: 0.621554
 

Arquitectura: _2_3_3_3_3_1_
Semilla: 1788085446
Segundos: 186
NIteraciones: 100000

Costo_train: 0.221200
Precision_train: 0.623545
Recall_train: 0.603254
F1_train: 0.613232

Costo_test: 0.221785
Precision_test: 0.626214
Recall_test: 0.641791
F1_test: 0.633907
 

Arquitectura: _2_3_3_3_3_1_
Semilla: 1788085446
Segundos: 186
NIteraciones: 100000

Costo_train: 0.233687
Precision_train: 0.615000
Recall_train: 0.615770
F1_train: 0.615385

Costo_test: 0.233526
Precision_test: 0.619048
Recall_test: 0.646766
F1_test: 0.632603
 

Arquitectura: _2_3_3_3_3_1_
Semilla: 1788085446
Segundos: 186
NIteraciones: 100000

Costo_train: 0.220319
Precision_train: 0.616774
Recall_train: 0.598248
F1_train: 0.607370

Costo_test: 0.220943
Precision_test: 0.627451
Recall_test: 0.636816
F1_test: 0.632099
 

Arquitectura: _2_3_3_3_3_1_
Semilla: 1788085446
Segundos: 186
NIteraciones: 100000

Costo_train: 0.222752
Precision_train: 0.647887
Recall_train: 0.633292
F1_train: 0.640506

Costo_test: 0.223080
Precision_test: 0.661765
Recall_test: 0.671642
F1_test: 0.666667
 

Arquitectura: _2_3_3_3_3_1_
Semilla: 1788085446
Segundos: 186
NIteraciones: 100000

Costo_train: 0.223674
Precision_train: 0.650253
Recall_train: 0.644556
F1_train: 0.647392

Costo_test: 0.223651
Precision_test: 0.663415
Recall_test: 0.676617
F1_test: 0.669951
 

Arquitectura: _2_3_3_3_3_1_
Semilla: 1788085446
Segundos: 186
NIteraciones: 100000

Costo_train: 0.227615
Precision_train: 0.617268
Recall_train: 0.599499
F1_train: 0.608254

Costo_test: 0.225414
Precision_test: 0.629442
Recall_test: 0.616915
F1_test: 0.623116
 

Arquitectura: _2_3_3_3_3_1_
Semilla: 1788085446
Segundos: 186
NIteraciones: 100000

Costo_train: 0.220552
Precision_train: 0.621134
Recall_train: 0.603254
F1_train: 0.612064

Costo_test: 0.221051
Precision_test: 0.627451
Recall_test: 0.636816
F1_test: 0.632099
 

Arquitectura: _2_3_3_3_3_1_
Semilla: 1788085446
Segundos: 186
NIteraciones: 100000

Costo_train: 0.220157
Precision_train: 0.613111
Recall_train: 0.596996
F1_train: 0.604946

Costo_test: 0.220519
Precision_test: 0.623762
Recall_test: 0.626866
F1_test: 0.625310
 

Arquitectura: _2_3_3_3_3_1_
Semilla: 1788085446
Segundos: 186
NIteraciones: 100000

Costo_train: 0.229428
Precision_train: 0.618557
Recall_train: 0.600751
F1_train: 0.609524

Costo_test: 0.227885
Precision_test: 0.624366
Recall_test: 0.611940
F1_test: 0.618091
 

Arquitectura: _2_3_3_3_3_1_
Semilla: 1788085446
Segundos: 186
NIteraciones: 100000

Costo_train: 0.227944
Precision_train: 0.615885
Recall_train: 0.591990
F1_train: 0.603701

Costo_test: 0.225933
Precision_test: 0.625641
Recall_test: 0.606965
F1_test: 0.616162
 

Arquitectura: _2_3_3_3_3_1_
Semilla: 1788085446
Segundos: 186
NIteraciones: 100000

Costo_train: 0.230473
Precision_train: 0.615581
Recall_train: 0.603254
F1_train: 0.609355

Costo_test: 0.229116
Precision_test: 0.623116
Recall_test: 0.616915
F1_test: 0.620000
 

Arquitectura: _2_3_3_3_3_1_
Semilla: 1788085446
Segundos: 186
NIteraciones: 100000

Costo_train: 0.224967
Precision_train: 0.657180
Recall_train: 0.635795
F1_train: 0.646310

Costo_test: 0.225340
Precision_test: 0.666667
Recall_test: 0.686567
F1_test: 0.676471
 

Arquitectura: _2_3_3_3_3_1_
Semilla: 1788085446
Segundos: 186
NIteraciones: 100000

Costo_train: 0.220546
Precision_train: 0.609023
Recall_train: 0.608260
F1_train: 0.608641

Costo_test: 0.220858
Precision_test: 0.617225
Recall_test: 0.641791
F1_test: 0.629268
 

Arquitectura: _2_3_3_3_3_1_
Semilla: 1788085446
Segundos: 186
NIteraciones: 100000

Costo_train: 0.227446
Precision_train: 0.617188
Recall_train: 0.593242
F1_train: 0.604978

Costo_test: 0.225254
Precision_test: 0.627551
Recall_test: 0.611940
F1_test: 0.619647
 

Arquitectura: _2_3_3_3_3_1_
Semilla: 1788085446
Segundos: 186
NIteraciones: 100000

Costo_train: 0.232225
Precision_train: 0.618321
Recall_train: 0.608260
F1_train: 0.613249

Costo_test: 0.232038
Precision_test: 0.623762
Recall_test: 0.626866
F1_test: 0.625310
 

Arquitectura: _2_3_3_3_3_1_
Semilla: 1788085446
Segundos: 186
NIteraciones: 100000

Costo_train: 0.220810
Precision_train: 0.614194
Recall_train: 0.595745
F1_train: 0.604828

Costo_test: 0.221166
Precision_test: 0.623762
Recall_test: 0.626866
F1_test: 0.625310
 

Arquitectura: _2_3_3_3_3_1_
Semilla: 1788085446
Segundos: 186
NIteraciones: 100000

Costo_train: 0.220347
Precision_train: 0.597951
Recall_train: 0.584481
F1_train: 0.591139

Costo_test: 0.221961
Precision_test: 0.600000
Recall_test: 0.626866
F1_test: 0.613139
 

Arquitectura: _2_3_3_3_3_1_
Semilla: 1788085446
Segundos: 186
NIteraciones: 100000

Costo_train: 0.227758
Precision_train: 0.615877
Recall_train: 0.602003
F1_train: 0.608861

Costo_test: 0.225552
Precision_test: 0.626263
Recall_test: 0.616915
F1_test: 0.621554
 

Arquitectura: _2_3_3_3_3_1_
Semilla: 1788085446
Segundos: 186
NIteraciones: 100000

Costo_train: 0.231673
Precision_train: 0.611520
Recall_train: 0.624531
F1_train: 0.617957

Costo_test: 0.230410
Precision_test: 0.612903
Recall_test: 0.661692
F1_test: 0.636364
 

Arquitectura: _2_3_3_3_3_1_
Semilla: 1788085446
Segundos: 186
NIteraciones: 100000

Costo_train: 0.220256
Precision_train: 0.618557
Recall_train: 0.600751
F1_train: 0.609524

Costo_test: 0.220531
Precision_test: 0.630542
Recall_test: 0.636816
F1_test: 0.633663
 

Arquitectura: _2_3_3_3_3_1_
Semilla: 1788085446
Segundos: 186
NIteraciones: 100000

Costo_train: 0.231802
Precision_train: 0.619608
Recall_train: 0.593242
F1_train: 0.606138

Costo_test: 0.231541
Precision_test: 0.612565
Recall_test: 0.582090
F1_test: 0.596939
 

Arquitectura: _2_3_3_3_3_1_
Semilla: 1788085446
Segundos: 186
NIteraciones: 100000

Costo_train: 0.249879
Precision_train: 0.695473
Recall_train: 0.211514
F1_train: 0.324376

Costo_test: 0.249901
Precision_test: 0.645833
Recall_test: 0.154229
F1_test: 0.248996
 

Arquitectura: _2_3_3_3_3_1_
Semilla: 1788085446
Segundos: 186
NIteraciones: 100000

Costo_train: 0.227862
Precision_train: 0.634941
Recall_train: 0.609512
F1_train: 0.621967

Costo_test: 0.225623
Precision_test: 0.635922
Recall_test: 0.651741
F1_test: 0.643735
 

Arquitectura: _2_3_3_3_3_1_
Semilla: 1788085446
Segundos: 186
NIteraciones: 100000

Costo_train: 0.243742
Precision_train: 0.605000
Recall_train: 0.605757
F1_train: 0.605378

Costo_test: 0.243334
Precision_test: 0.619512
Recall_test: 0.631841
F1_test: 0.625616
 

Arquitectura: _2_3_3_3_3_1_
Semilla: 1788085446
Segundos: 186
NIteraciones: 100000

Costo_train: 0.229685
Precision_train: 0.623574
Recall_train: 0.615770
F1_train: 0.619647

Costo_test: 0.227393
Precision_test: 0.620853
Recall_test: 0.651741
F1_test: 0.635922
 

Arquitectura: _2_3_3_3_3_1_
Semilla: 1788085446
Segundos: 186
NIteraciones: 100000

Costo_train: 0.223184
Precision_train: 0.649100
Recall_train: 0.632040
F1_train: 0.640456

Costo_test: 0.223180
Precision_test: 0.665025
Recall_test: 0.671642
F1_test: 0.668317
 

Arquitectura: _2_3_3_3_3_1_
Semilla: 1788085446
Segundos: 186
NIteraciones: 100000

Costo_train: 0.230220
Precision_train: 0.618863
Recall_train: 0.599499
F1_train: 0.609027

Costo_test: 0.228257
Precision_test: 0.623188
Recall_test: 0.641791
F1_test: 0.632353
 

Arquitectura: _2_3_3_3_3_1_
Semilla: 1788085446
Segundos: 186
NIteraciones: 100000

Costo_train: 0.230788
Precision_train: 0.617535
Recall_train: 0.608260
F1_train: 0.612863

Costo_test: 0.229333
Precision_test: 0.617225
Recall_test: 0.641791
F1_test: 0.629268
 

Arquitectura: _2_3_3_3_3_1_
Semilla: 1788085446
Segundos: 186
NIteraciones: 100000

Costo_train: 0.222216
Precision_train: 0.638924
Recall_train: 0.624531
F1_train: 0.631646

Costo_test: 0.222269
Precision_test: 0.648780
Recall_test: 0.661692
F1_test: 0.655172
 

Arquitectura: _2_3_3_3_3_1_
Semilla: 1788085446
Segundos: 186
NIteraciones: 100000

Costo_train: 0.221444
Precision_train: 0.624359
Recall_train: 0.609512
F1_train: 0.616846

Costo_test: 0.221825
Precision_test: 0.632850
Recall_test: 0.651741
F1_test: 0.642157
 

Arquitectura: _2_3_3_3_3_1_
Semilla: 1788085446
Segundos: 186
NIteraciones: 100000

Costo_train: 0.248971
Precision_train: 0.628331
Recall_train: 0.560701
F1_train: 0.592593

Costo_test: 0.248941
Precision_test: 0.613260
Recall_test: 0.552239
F1_test: 0.581152
 

Arquitectura: _2_3_3_3_3_1_
Semilla: 1788085446
Segundos: 186
NIteraciones: 100000

Costo_train: 0.229333
Precision_train: 0.618557
Recall_train: 0.600751
F1_train: 0.609524

Costo_test: 0.227081
Precision_test: 0.620192
Recall_test: 0.641791
F1_test: 0.630807
 

Arquitectura: _2_3_3_3_3_1_
Semilla: 1788085446
Segundos: 186
NIteraciones: 100000

Costo_train: 0.227789
Precision_train: 0.616667
Recall_train: 0.602003
F1_train: 0.609246

Costo_test: 0.225596
Precision_test: 0.626263
Recall_test: 0.616915
F1_test: 0.621554
 

Arquitectura: _2_3_3_3_3_1_
Semilla: 1788085446
Segundos: 186
NIteraciones: 100000

Costo_train: 0.223466
Precision_train: 0.654145
Recall_train: 0.632040
F1_train: 0.642903

Costo_test: 0.223745
Precision_test: 0.669951
Recall_test: 0.676617
F1_test: 0.673267
 

Arquitectura: _2_3_3_3_3_1_
Semilla: 1788085446
Segundos: 186
NIteraciones: 100000

Costo_train: 0.229018
Precision_train: 0.616060
Recall_train: 0.614518
F1_train: 0.615288

Costo_test: 0.227100
Precision_test: 0.628019
Recall_test: 0.646766
F1_test: 0.637255
 

Arquitectura: _2_3_3_3_3_1_
Semilla: 1788085446
Segundos: 186
NIteraciones: 100000

Costo_train: 0.220224
Precision_train: 0.614194
Recall_train: 0.595745
F1_train: 0.604828

Costo_test: 0.220659
Precision_test: 0.623762
Recall_test: 0.626866
F1_test: 0.625310
 

Arquitectura: _2_3_3_3_3_1_
Semilla: 1788085446
Segundos: 186
NIteraciones: 100000

Costo_train: 0.227379
Precision_train: 0.617268
Recall_train: 0.599499
F1_train: 0.608254

Costo_test: 0.225118
Precision_test: 0.629442
Recall_test: 0.616915
F1_test: 0.623116
 

Arquitectura: _2_3_3_3_3_1_
Semilla: 1788085446
Segundos: 186
NIteraciones: 100000

Costo_train: 0.227538
Precision_train: 0.615877
Recall_train: 0.602003
F1_train: 0.608861

Costo_test: 0.225266
Precision_test: 0.626263
Recall_test: 0.616915
F1_test: 0.621554
 

Arquitectura: _2_3_3_3_3_1_
Semilla: 1788085446
Segundos: 186
NIteraciones: 100000

Costo_train: 0.227741
Precision_train: 0.615581
Recall_train: 0.603254
F1_train: 0.609355

Costo_test: 0.225497
Precision_test: 0.623116
Recall_test: 0.616915
F1_test: 0.620000
 

Arquitectura: _2_3_3_3_3_1_
Semilla: 1788085446
Segundos: 186
NIteraciones: 100000

Costo_train: 0.221087
Precision_train: 0.616474
Recall_train: 0.599499
F1_train: 0.607868

Costo_test: 0.221526
Precision_test: 0.626214
Recall_test: 0.641791
F1_test: 0.633907
 

Arquitectura: _2_3_3_3_3_1_
Semilla: 1788085446
Segundos: 186
NIteraciones: 100000

Costo_train: 0.242027
Precision_train: 0.620968
Recall_train: 0.578223
F1_train: 0.598833

Costo_test: 0.241426
Precision_test: 0.626316
Recall_test: 0.592040
F1_test: 0.608696
 

Arquitectura: _2_3_3_3_3_1_
Semilla: 1788085446
Segundos: 186
NIteraciones: 100000

Costo_train: 0.220636
Precision_train: 0.619171
Recall_train: 0.598248
F1_train: 0.608530

Costo_test: 0.221171
Precision_test: 0.633663
Recall_test: 0.636816
F1_test: 0.635236
 

Arquitectura: _2_3_3_3_3_1_
Semilla: 1788085446
Segundos: 186
NIteraciones: 100000

Costo_train: 0.226192
Precision_train: 0.647134
Recall_train: 0.635795
F1_train: 0.641414

Costo_test: 0.226075
Precision_test: 0.652174
Recall_test: 0.671642
F1_test: 0.661765
 

Arquitectura: _2_3_3_3_3_1_
Semilla: 1788085446
Segundos: 186
NIteraciones: 100000

Costo_train: 0.249600
Precision_train: 0.570106
Recall_train: 0.539424
F1_train: 0.554341

Costo_test: 0.249483
Precision_test: 0.581152
Recall_test: 0.552239
F1_test: 0.566327
 

Arquitectura: _2_3_3_3_3_1_
Semilla: 1788085446
Segundos: 186
NIteraciones: 100000

Costo_train: 0.228290
Precision_train: 0.616279
Recall_train: 0.596996
F1_train: 0.606484

Costo_test: 0.226504
Precision_test: 0.622449
Recall_test: 0.606965
F1_test: 0.614610
 

Arquitectura: _2_3_3_3_3_1_
Semilla: 1788085446
Segundos: 186
NIteraciones: 100000

Costo_train: 0.221797
Precision_train: 0.630155
Recall_train: 0.612015
F1_train: 0.620952

Costo_test: 0.222195
Precision_test: 0.639024
Recall_test: 0.651741
F1_test: 0.645320
 


--- Test Angosta 5.0 ---
Iteración 10000
Costo: 0.214463
Iteración 20000
Costo: 0.210886
Iteración 30000
Costo: 0.208551
Iteración 40000
Costo: 0.206277
Iteración 50000
Costo: 0.203902
Iteración 60000
Costo: 0.204347
Iteración 70000
Costo: 0.204030
Iteración 80000
Costo: 0.202941
Iteración 90000
Costo: 0.198618

Arquitectura: _2_15_1_
Semilla: 1788085632
Segundos: 57
NIteraciones: 100000

Costo_train: 0.186228
Precision_train: 0.658952
Recall_train: 0.677096
F1_train: 0.667901

Costo_test: 0.201278
Precision_test: 0.611607
Recall_test: 0.681592
F1_test: 0.644706
 

Arquitectura: _2_15_1_
Semilla: 1788085632
Segundos: 57
NIteraciones: 100000

Costo_train: 0.188409
Precision_train: 0.620563
Recall_train: 0.634543
F1_train: 0.627475

Costo_test: 0.200573
Precision_test: 0.634703
Recall_test: 0.691542
F1_test: 0.661905
 

Arquitectura: _2_15_1_
Semilla: 1788085632
Segundos: 57
NIteraciones: 100000

Costo_train: 0.178161
Precision_train: 0.735705
Recall_train: 0.724656
F1_train: 0.730139

Costo_test: 0.188147
Precision_test: 0.702830
Recall_test: 0.741294
F1_test: 0.721550
 

Arquitectura: _2_15_1_
Semilla: 1788085632
Segundos: 57
NIteraciones: 100000

Costo_train: 0.162151
Precision_train: 0.807692
Recall_train: 0.814768
F1_train: 0.811215

Costo_test: 0.172236
Precision_test: 0.768116
Recall_test: 0.791045
F1_test: 0.779412
 

Arquitectura: _2_15_1_
Semilla: 1788085632
Segundos: 57
NIteraciones: 100000

Costo_train: 0.184206
Precision_train: 0.747573
Recall_train: 0.770964
F1_train: 0.759088

Costo_test: 0.196016
Precision_test: 0.715596
Recall_test: 0.776119
F1_test: 0.744630
 

Arquitectura: _2_15_1_
Semilla: 1788085632
Segundos: 57
NIteraciones: 100000

Costo_train: 0.185891
Precision_train: 0.754177
Recall_train: 0.790989
F1_train: 0.772144

Costo_test: 0.202223
Precision_test: 0.690265
Recall_test: 0.776119
F1_test: 0.730679
 

Arquitectura: _2_15_1_
Semilla: 1788085632
Segundos: 57
NIteraciones: 100000

Costo_train: 0.155196
Precision_train: 0.753143
Recall_train: 0.824781
F1_train: 0.787336

Costo_test: 0.163403
Precision_test: 0.780269
Recall_test: 0.865672
F1_test: 0.820755
 

Arquitectura: _2_15_1_
Semilla: 1788085632
Segundos: 57
NIteraciones: 100000

Costo_train: 0.174951
Precision_train: 0.734082
Recall_train: 0.735920
F1_train: 0.735000

Costo_test: 0.179863
Precision_test: 0.780952
Recall_test: 0.815920
F1_test: 0.798054
 

Arquitectura: _2_15_1_
Semilla: 1788085632
Segundos: 57
NIteraciones: 100000

Costo_train: 0.187636
Precision_train: 0.743687
Recall_train: 0.737171
F1_train: 0.740415

Costo_test: 0.196176
Precision_test: 0.728571
Recall_test: 0.761194
F1_test: 0.744526
 

Arquitectura: _2_15_1_
Semilla: 1788085632
Segundos: 57
NIteraciones: 100000

Costo_train: 0.163793
Precision_train: 0.788750
Recall_train: 0.789737
F1_train: 0.789243

Costo_test: 0.172181
Precision_test: 0.783654
Recall_test: 0.810945
F1_test: 0.797066
 

Arquitectura: _2_15_1_
Semilla: 1788085632
Segundos: 57
NIteraciones: 100000

Costo_train: 0.149759
Precision_train: 0.827206
Recall_train: 0.844806
F1_train: 0.835913

Costo_test: 0.161349
Precision_test: 0.762557
Recall_test: 0.830846
F1_test: 0.795238
 

Arquitectura: _2_15_1_
Semilla: 1788085632
Segundos: 57
NIteraciones: 100000

Costo_train: 0.182339
Precision_train: 0.726404
Recall_train: 0.760951
F1_train: 0.743276

Costo_test: 0.195250
Precision_test: 0.688312
Recall_test: 0.791045
F1_test: 0.736111
 

Arquitectura: _2_15_1_
Semilla: 1788085632
Segundos: 57
NIteraciones: 100000

Costo_train: 0.162865
Precision_train: 0.793893
Recall_train: 0.780976
F1_train: 0.787382

Costo_test: 0.171956
Precision_test: 0.780612
Recall_test: 0.761194
F1_test: 0.770781
 

Arquitectura: _2_15_1_
Semilla: 1788085632
Segundos: 57
NIteraciones: 100000

Costo_train: 0.159818
Precision_train: 0.765258
Recall_train: 0.816020
F1_train: 0.789824

Costo_test: 0.172795
Precision_test: 0.719828
Recall_test: 0.830846
F1_test: 0.771363
 

Arquitectura: _2_15_1_
Semilla: 1788085632
Segundos: 57
NIteraciones: 100000

Costo_train: 0.158045
Precision_train: 0.792978
Recall_train: 0.819775
F1_train: 0.806154

Costo_test: 0.172571
Precision_test: 0.709821
Recall_test: 0.791045
F1_test: 0.748235
 

Arquitectura: _2_15_1_
Semilla: 1788085632
Segundos: 57
NIteraciones: 100000

Costo_train: 0.171438
Precision_train: 0.755102
Recall_train: 0.787234
F1_train: 0.770833

Costo_test: 0.183199
Precision_test: 0.762376
Recall_test: 0.766169
F1_test: 0.764268
 

Arquitectura: _2_15_1_
Semilla: 1788085632
Segundos: 57
NIteraciones: 100000

Costo_train: 0.171515
Precision_train: 0.760951
Recall_train: 0.760951
F1_train: 0.760951

Costo_test: 0.176955
Precision_test: 0.791469
Recall_test: 0.830846
F1_test: 0.810680
 

Arquitectura: _2_15_1_
Semilla: 1788085632
Segundos: 57
NIteraciones: 100000

Costo_train: 0.182113
Precision_train: 0.751530
Recall_train: 0.768461
F1_train: 0.759901

Costo_test: 0.197903
Precision_test: 0.701422
Recall_test: 0.736318
F1_test: 0.718447
 

Arquitectura: _2_15_1_
Semilla: 1788085632
Segundos: 57
NIteraciones: 100000

Costo_train: 0.175729
Precision_train: 0.699379
Recall_train: 0.704631
F1_train: 0.701995

Costo_test: 0.188026
Precision_test: 0.653333
Recall_test: 0.731343
F1_test: 0.690141
 

Arquitectura: _2_15_1_
Semilla: 1788085632
Segundos: 57
NIteraciones: 100000

Costo_train: 0.140109
Precision_train: 0.860892
Recall_train: 0.821026
F1_train: 0.840487

Costo_test: 0.152946
Precision_test: 0.815920
Recall_test: 0.815920
F1_test: 0.815920
 

Arquitectura: _2_15_1_
Semilla: 1788085632
Segundos: 57
NIteraciones: 100000

Costo_train: 0.157035
Precision_train: 0.773300
Recall_train: 0.768461
F1_train: 0.770873

Costo_test: 0.170547
Precision_test: 0.756219
Recall_test: 0.756219
F1_test: 0.756219
 

Arquitectura: _2_15_1_
Semilla: 1788085632
Segundos: 57
NIteraciones: 100000

Costo_train: 0.195579
Precision_train: 0.706399
Recall_train: 0.704631
F1_train: 0.705514

Costo_test: 0.201949
Precision_test: 0.673171
Recall_test: 0.686567
F1_test: 0.679803
 

Arquitectura: _2_15_1_
Semilla: 1788085632
Segundos: 57
NIteraciones: 100000

Costo_train: 0.151156
Precision_train: 0.843038
Recall_train: 0.833542
F1_train: 0.838263

Costo_test: 0.165452
Precision_test: 0.789720
Recall_test: 0.840796
F1_test: 0.814458
 

Arquitectura: _2_15_1_
Semilla: 1788085632
Segundos: 57
NIteraciones: 100000

Costo_train: 0.167760
Precision_train: 0.765664
Recall_train: 0.764706
F1_train: 0.765185

Costo_test: 0.179905
Precision_test: 0.756098
Recall_test: 0.771144
F1_test: 0.763547
 

Arquitectura: _2_15_1_
Semilla: 1788085632
Segundos: 57
NIteraciones: 100000

Costo_train: 0.180025
Precision_train: 0.757021
Recall_train: 0.775970
F1_train: 0.766378

Costo_test: 0.195103
Precision_test: 0.715596
Recall_test: 0.776119
F1_test: 0.744630
 

Arquitectura: _2_15_1_
Semilla: 1788085632
Segundos: 57
NIteraciones: 100000

Costo_train: 0.180508
Precision_train: 0.725845
Recall_train: 0.752190
F1_train: 0.738783

Costo_test: 0.199796
Precision_test: 0.686916
Recall_test: 0.731343
F1_test: 0.708434
 

Arquitectura: _2_15_1_
Semilla: 1788085632
Segundos: 57
NIteraciones: 100000

Costo_train: 0.182341
Precision_train: 0.693487
Recall_train: 0.679600
F1_train: 0.686473

Costo_test: 0.189026
Precision_test: 0.683761
Recall_test: 0.796020
F1_test: 0.735632
 

Arquitectura: _2_15_1_
Semilla: 1788085632
Segundos: 57
NIteraciones: 100000

Costo_train: 0.168950
Precision_train: 0.770305
Recall_train: 0.759700
F1_train: 0.764965

Costo_test: 0.184000
Precision_test: 0.746412
Recall_test: 0.776119
F1_test: 0.760976
 

Arquitectura: _2_15_1_
Semilla: 1788085632
Segundos: 57
NIteraciones: 100000

Costo_train: 0.176607
Precision_train: 0.763636
Recall_train: 0.788486
F1_train: 0.775862

Costo_test: 0.193693
Precision_test: 0.723982
Recall_test: 0.796020
F1_test: 0.758294
 

Arquitectura: _2_15_1_
Semilla: 1788085632
Segundos: 57
NIteraciones: 100000

Costo_train: 0.131013
Precision_train: 0.845297
Recall_train: 0.854819
F1_train: 0.850031

Costo_test: 0.142809
Precision_test: 0.808824
Recall_test: 0.820895
F1_test: 0.814815
 

Arquitectura: _2_15_1_
Semilla: 1788085632
Segundos: 57
NIteraciones: 100000

Costo_train: 0.189178
Precision_train: 0.738155
Recall_train: 0.740926
F1_train: 0.739538

Costo_test: 0.202927
Precision_test: 0.684685
Recall_test: 0.756219
F1_test: 0.718676
 

Arquitectura: _2_15_1_
Semilla: 1788085632
Segundos: 57
NIteraciones: 100000

Costo_train: 0.189679
Precision_train: 0.714112
Recall_train: 0.734668
F1_train: 0.724244

Costo_test: 0.205499
Precision_test: 0.645022
Recall_test: 0.741294
F1_test: 0.689815
 

Arquitectura: _2_15_1_
Semilla: 1788085632
Segundos: 57
NIteraciones: 100000

Costo_train: 0.150392
Precision_train: 0.797378
Recall_train: 0.837297
F1_train: 0.816850

Costo_test: 0.167621
Precision_test: 0.764977
Recall_test: 0.825871
F1_test: 0.794258
 

Arquitectura: _2_15_1_
Semilla: 1788085632
Segundos: 57
NIteraciones: 100000

Costo_train: 0.189516
Precision_train: 0.662791
Recall_train: 0.642053
F1_train: 0.652257

Costo_test: 0.206301
Precision_test: 0.603687
Recall_test: 0.651741
F1_test: 0.626794
 

Arquitectura: _2_15_1_
Semilla: 1788085632
Segundos: 57
NIteraciones: 100000

Costo_train: 0.184080
Precision_train: 0.767273
Recall_train: 0.792240
F1_train: 0.779557

Costo_test: 0.200431
Precision_test: 0.704545
Recall_test: 0.771144
F1_test: 0.736342
 

Arquitectura: _2_15_1_
Semilla: 1788085632
Segundos: 57
NIteraciones: 100000

Costo_train: 0.176985
Precision_train: 0.779703
Recall_train: 0.788486
F1_train: 0.784070

Costo_test: 0.191843
Precision_test: 0.743119
Recall_test: 0.805970
F1_test: 0.773270
 

Arquitectura: _2_15_1_
Semilla: 1788085632
Segundos: 57
NIteraciones: 100000

Costo_train: 0.164591
Precision_train: 0.771131
Recall_train: 0.742178
F1_train: 0.756378

Costo_test: 0.172865
Precision_test: 0.738916
Recall_test: 0.746269
F1_test: 0.742574
 

Arquitectura: _2_15_1_
Semilla: 1788085632
Segundos: 57
NIteraciones: 100000

Costo_train: 0.170377
Precision_train: 0.774786
Recall_train: 0.792240
F1_train: 0.783416

Costo_test: 0.178011
Precision_test: 0.765550
Recall_test: 0.796020
F1_test: 0.780488
 

Arquitectura: _2_15_1_
Semilla: 1788085632
Segundos: 57
NIteraciones: 100000

Costo_train: 0.175552
Precision_train: 0.759603
Recall_train: 0.767209
F1_train: 0.763387

Costo_test: 0.193863
Precision_test: 0.663551
Recall_test: 0.706468
F1_test: 0.684337
 

Arquitectura: _2_15_1_
Semilla: 1788085632
Segundos: 57
NIteraciones: 100000

Costo_train: 0.177628
Precision_train: 0.739777
Recall_train: 0.747184
F1_train: 0.743462

Costo_test: 0.193234
Precision_test: 0.639810
Recall_test: 0.671642
F1_test: 0.655340
 

Arquitectura: _2_15_1_
Semilla: 1788085632
Segundos: 57
NIteraciones: 100000

Costo_train: 0.178302
Precision_train: 0.731103
Recall_train: 0.738423
F1_train: 0.734745

Costo_test: 0.189419
Precision_test: 0.694064
Recall_test: 0.756219
F1_test: 0.723810
 

Arquitectura: _2_15_1_
Semilla: 1788085632
Segundos: 57
NIteraciones: 100000

Costo_train: 0.185387
Precision_train: 0.701346
Recall_train: 0.717146
F1_train: 0.709158

Costo_test: 0.197416
Precision_test: 0.660714
Recall_test: 0.736318
F1_test: 0.696471
 

Arquitectura: _2_15_1_
Semilla: 1788085632
Segundos: 57
NIteraciones: 100000

Costo_train: 0.185118
Precision_train: 0.723096
Recall_train: 0.748436
F1_train: 0.735547

Costo_test: 0.201686
Precision_test: 0.669683
Recall_test: 0.736318
F1_test: 0.701422
 

Arquitectura: _2_15_1_
Semilla: 1788085632
Segundos: 57
NIteraciones: 100000

Costo_train: 0.208287
Precision_train: 0.549492
Recall_train: 0.541927
F1_train: 0.545684

Costo_test: 0.213887
Precision_test: 0.682292
Recall_test: 0.651741
F1_test: 0.666667
 

Arquitectura: _2_15_1_
Semilla: 1788085632
Segundos: 57
NIteraciones: 100000

Costo_train: 0.168711
Precision_train: 0.765721
Recall_train: 0.777222
F1_train: 0.771429

Costo_test: 0.181450
Precision_test: 0.718894
Recall_test: 0.776119
F1_test: 0.746411
 

Arquitectura: _2_15_1_
Semilla: 1788085632
Segundos: 57
NIteraciones: 100000

Costo_train: 0.178041
Precision_train: 0.745932
Recall_train: 0.745932
F1_train: 0.745932

Costo_test: 0.180570
Precision_test: 0.765550
Recall_test: 0.796020
F1_test: 0.780488
 

Arquitectura: _2_15_1_
Semilla: 1788085632
Segundos: 57
NIteraciones: 100000

Costo_train: 0.178686
Precision_train: 0.681648
Recall_train: 0.683354
F1_train: 0.682500

Costo_test: 0.186347
Precision_test: 0.734300
Recall_test: 0.756219
F1_test: 0.745098
 

Arquitectura: _2_15_1_
Semilla: 1788085632
Segundos: 57
NIteraciones: 100000

Costo_train: 0.169521
Precision_train: 0.799007
Recall_train: 0.806008
F1_train: 0.802492

Costo_test: 0.178753
Precision_test: 0.748792
Recall_test: 0.771144
F1_test: 0.759804
 

Arquitectura: _2_15_1_
Semilla: 1788085632
Segundos: 57
NIteraciones: 100000

Costo_train: 0.155285
Precision_train: 0.781908
Recall_train: 0.789737
F1_train: 0.785803

Costo_test: 0.167110
Precision_test: 0.761682
Recall_test: 0.810945
F1_test: 0.785542
 

Arquitectura: _2_15_1_
Semilla: 1788085632
Segundos: 57
NIteraciones: 100000

Costo_train: 0.160252
Precision_train: 0.760897
Recall_train: 0.764706
F1_train: 0.762797

Costo_test: 0.171754
Precision_test: 0.731132
Recall_test: 0.771144
F1_test: 0.750605
 

Arquitectura: _2_15_1_
Semilla: 1788085632
Segundos: 57
NIteraciones: 100000

Costo_train: 0.171798
Precision_train: 0.763975
Recall_train: 0.769712
F1_train: 0.766833

Costo_test: 0.180971
Precision_test: 0.746479
Recall_test: 0.791045
F1_test: 0.768116
 

Arquitectura: _2_15_1_
Semilla: 1788085632
Segundos: 57
NIteraciones: 100000

Costo_train: 0.161752
Precision_train: 0.802484
Recall_train: 0.808511
F1_train: 0.805486

Costo_test: 0.178153
Precision_test: 0.745283
Recall_test: 0.786070
F1_test: 0.765133
 

Arquitectura: _2_15_1_
Semilla: 1788085632
Segundos: 57
NIteraciones: 100000

Costo_train: 0.164491
Precision_train: 0.778055
Recall_train: 0.780976
F1_train: 0.779513

Costo_test: 0.174062
Precision_test: 0.771144
Recall_test: 0.771144
F1_test: 0.771144
 

Arquitectura: _2_15_1_
Semilla: 1788085632
Segundos: 57
NIteraciones: 100000

Costo_train: 0.183151
Precision_train: 0.716471
Recall_train: 0.762203
F1_train: 0.738629

Costo_test: 0.196062
Precision_test: 0.693780
Recall_test: 0.721393
F1_test: 0.707317
 

Arquitectura: _2_15_1_
Semilla: 1788085632
Segundos: 57
NIteraciones: 100000

Costo_train: 0.180343
Precision_train: 0.749104
Recall_train: 0.784731
F1_train: 0.766504

Costo_test: 0.194779
Precision_test: 0.684444
Recall_test: 0.766169
F1_test: 0.723005
 

Arquitectura: _2_15_1_
Semilla: 1788085632
Segundos: 57
NIteraciones: 100000

Costo_train: 0.181403
Precision_train: 0.674084
Recall_train: 0.644556
F1_train: 0.658989

Costo_test: 0.192126
Precision_test: 0.626214
Recall_test: 0.641791
F1_test: 0.633907
 

Arquitectura: _2_15_1_
Semilla: 1788085632
Segundos: 57
NIteraciones: 100000

Costo_train: 0.194124
Precision_train: 0.730392
Recall_train: 0.745932
F1_train: 0.738081

Costo_test: 0.200949
Precision_test: 0.698630
Recall_test: 0.761194
F1_test: 0.728571
 

Arquitectura: _2_15_1_
Semilla: 1788085632
Segundos: 57
NIteraciones: 100000

Costo_train: 0.180100
Precision_train: 0.764780
Recall_train: 0.760951
F1_train: 0.762861

Costo_test: 0.195942
Precision_test: 0.737089
Recall_test: 0.781095
F1_test: 0.758454
 

Arquitectura: _2_15_1_
Semilla: 1788085632
Segundos: 57
NIteraciones: 100000

Costo_train: 0.191077
Precision_train: 0.725610
Recall_train: 0.744681
F1_train: 0.735022

Costo_test: 0.208062
Precision_test: 0.666667
Recall_test: 0.756219
F1_test: 0.708625
 

Arquitectura: _2_15_1_
Semilla: 1788085632
Segundos: 57
NIteraciones: 100000

Costo_train: 0.192128
Precision_train: 0.746250
Recall_train: 0.747184
F1_train: 0.746717

Costo_test: 0.207851
Precision_test: 0.681614
Recall_test: 0.756219
F1_test: 0.716981
 

Arquitectura: _2_15_1_
Semilla: 1788085632
Segundos: 57
NIteraciones: 100000

Costo_train: 0.165005
Precision_train: 0.779597
Recall_train: 0.774718
F1_train: 0.777150

Costo_test: 0.172976
Precision_test: 0.779412
Recall_test: 0.791045
F1_test: 0.785185
 

Arquitectura: _2_15_1_
Semilla: 1788085632
Segundos: 57
NIteraciones: 100000

Costo_train: 0.175047
Precision_train: 0.735990
Recall_train: 0.739675
F1_train: 0.737828

Costo_test: 0.183442
Precision_test: 0.720930
Recall_test: 0.771144
F1_test: 0.745192
 

Arquitectura: _2_15_1_
Semilla: 1788085632
Segundos: 57
NIteraciones: 100000

Costo_train: 0.186444
Precision_train: 0.696658
Recall_train: 0.678348
F1_train: 0.687381

Costo_test: 0.201638
Precision_test: 0.640777
Recall_test: 0.656716
F1_test: 0.648649
 

Arquitectura: _2_15_1_
Semilla: 1788085632
Segundos: 57
NIteraciones: 100000

Costo_train: 0.180589
Precision_train: 0.764852
Recall_train: 0.773467
F1_train: 0.769135

Costo_test: 0.196807
Precision_test: 0.718894
Recall_test: 0.776119
F1_test: 0.746411
 

Arquitectura: _2_15_1_
Semilla: 1788085632
Segundos: 57
NIteraciones: 100000

Costo_train: 0.189558
Precision_train: 0.606369
Recall_train: 0.595745
F1_train: 0.601010

Costo_test: 0.202302
Precision_test: 0.573460
Recall_test: 0.601990
F1_test: 0.587379
 

Arquitectura: _2_15_1_
Semilla: 1788085632
Segundos: 57
NIteraciones: 100000

Costo_train: 0.188198
Precision_train: 0.714797
Recall_train: 0.749687
F1_train: 0.731827

Costo_test: 0.204673
Precision_test: 0.653509
Recall_test: 0.741294
F1_test: 0.694639
 

Arquitectura: _2_15_1_
Semilla: 1788085632
Segundos: 57
NIteraciones: 100000

Costo_train: 0.178749
Precision_train: 0.673052
Recall_train: 0.659574
F1_train: 0.666245

Costo_test: 0.187933
Precision_test: 0.730942
Recall_test: 0.810945
F1_test: 0.768868
 

Arquitectura: _2_15_1_
Semilla: 1788085632
Segundos: 57
NIteraciones: 100000

Costo_train: 0.176601
Precision_train: 0.735369
Recall_train: 0.723404
F1_train: 0.729338

Costo_test: 0.182687
Precision_test: 0.722727
Recall_test: 0.791045
F1_test: 0.755344
 

Arquitectura: _2_15_1_
Semilla: 1788085632
Segundos: 57
NIteraciones: 100000

Costo_train: 0.168419
Precision_train: 0.741488
Recall_train: 0.735920
F1_train: 0.738693

Costo_test: 0.178408
Precision_test: 0.729469
Recall_test: 0.751244
F1_test: 0.740196
 

Arquitectura: _2_15_1_
Semilla: 1788085632
Segundos: 57
NIteraciones: 100000

Costo_train: 0.186310
Precision_train: 0.740560
Recall_train: 0.760951
F1_train: 0.750617

Costo_test: 0.199178
Precision_test: 0.708333
Recall_test: 0.761194
F1_test: 0.733813
 

Arquitectura: _2_15_1_
Semilla: 1788085632
Segundos: 57
NIteraciones: 100000

Costo_train: 0.183854
Precision_train: 0.746617
Recall_train: 0.759700
F1_train: 0.753102

Costo_test: 0.194589
Precision_test: 0.730233
Recall_test: 0.781095
F1_test: 0.754808
 

Arquitectura: _2_15_1_
Semilla: 1788085632
Segundos: 57
NIteraciones: 100000

Costo_train: 0.183274
Precision_train: 0.740310
Recall_train: 0.717146
F1_train: 0.728544

Costo_test: 0.192888
Precision_test: 0.714286
Recall_test: 0.721393
F1_test: 0.717822
 

Arquitectura: _2_15_1_
Semilla: 1788085632
Segundos: 57
NIteraciones: 100000

Costo_train: 0.152747
Precision_train: 0.828571
Recall_train: 0.834794
F1_train: 0.831671

Costo_test: 0.163010
Precision_test: 0.830097
Recall_test: 0.850746
F1_test: 0.840295
 

Arquitectura: _2_15_1_
Semilla: 1788085632
Segundos: 57
NIteraciones: 100000

Costo_train: 0.179680
Precision_train: 0.680359
Recall_train: 0.663329
F1_train: 0.671736

Costo_test: 0.191414
Precision_test: 0.635514
Recall_test: 0.676617
F1_test: 0.655422
 

Arquitectura: _2_15_1_
Semilla: 1788085632
Segundos: 57
NIteraciones: 100000

Costo_train: 0.197552
Precision_train: 0.669091
Recall_train: 0.690864
F1_train: 0.679803

Costo_test: 0.214779
Precision_test: 0.570175
Recall_test: 0.646766
F1_test: 0.606061
 

Arquitectura: _2_15_1_
Semilla: 1788085632
Segundos: 57
NIteraciones: 100000

Costo_train: 0.186794
Precision_train: 0.724359
Recall_train: 0.707134
F1_train: 0.715643

Costo_test: 0.194855
Precision_test: 0.680556
Recall_test: 0.731343
F1_test: 0.705036
 

Arquitectura: _2_15_1_
Semilla: 1788085632
Segundos: 57
NIteraciones: 100000

Costo_train: 0.181364
Precision_train: 0.744076
Recall_train: 0.785982
F1_train: 0.764455

Costo_test: 0.195654
Precision_test: 0.671362
Recall_test: 0.711443
F1_test: 0.690821
 

Arquitectura: _2_15_1_
Semilla: 1788085632
Segundos: 57
NIteraciones: 100000

Costo_train: 0.179367
Precision_train: 0.671913
Recall_train: 0.694618
F1_train: 0.683077

Costo_test: 0.192281
Precision_test: 0.636364
Recall_test: 0.731343
F1_test: 0.680556
 

Arquitectura: _2_15_1_
Semilla: 1788085632
Segundos: 57
NIteraciones: 100000

Costo_train: 0.184929
Precision_train: 0.709046
Recall_train: 0.725907
F1_train: 0.717378

Costo_test: 0.200133
Precision_test: 0.681818
Recall_test: 0.746269
F1_test: 0.712589
 

Arquitectura: _2_15_1_
Semilla: 1788085632
Segundos: 57
NIteraciones: 100000

Costo_train: 0.196558
Precision_train: 0.670398
Recall_train: 0.674593
F1_train: 0.672489

Costo_test: 0.206710
Precision_test: 0.643564
Recall_test: 0.646766
F1_test: 0.645161
 

Arquitectura: _2_15_1_
Semilla: 1788085632
Segundos: 57
NIteraciones: 100000

Costo_train: 0.189402
Precision_train: 0.727729
Recall_train: 0.725907
F1_train: 0.726817

Costo_test: 0.198901
Precision_test: 0.695853
Recall_test: 0.751244
F1_test: 0.722488
 

Arquitectura: _2_15_1_
Semilla: 1788085632
Segundos: 57
NIteraciones: 100000

Costo_train: 0.168973
Precision_train: 0.806061
Recall_train: 0.832290
F1_train: 0.818965

Costo_test: 0.184755
Precision_test: 0.706897
Recall_test: 0.815920
F1_test: 0.757506
 

Arquitectura: _2_15_1_
Semilla: 1788085632
Segundos: 57
NIteraciones: 100000

Costo_train: 0.175155
Precision_train: 0.781174
Recall_train: 0.799750
F1_train: 0.790352

Costo_test: 0.187899
Precision_test: 0.759259
Recall_test: 0.815920
F1_test: 0.786571
 

Arquitectura: _2_15_1_
Semilla: 1788085632
Segundos: 57
NIteraciones: 100000

Costo_train: 0.186226
Precision_train: 0.739348
Recall_train: 0.738423
F1_train: 0.738885

Costo_test: 0.201442
Precision_test: 0.696429
Recall_test: 0.776119
F1_test: 0.734118
 

Arquitectura: _2_15_1_
Semilla: 1788085632
Segundos: 57
NIteraciones: 100000

Costo_train: 0.166994
Precision_train: 0.743073
Recall_train: 0.738423
F1_train: 0.740741

Costo_test: 0.182823
Precision_test: 0.703704
Recall_test: 0.756219
F1_test: 0.729017
 

Arquitectura: _2_15_1_
Semilla: 1788085632
Segundos: 57
NIteraciones: 100000

Costo_train: 0.164713
Precision_train: 0.787500
Recall_train: 0.788486
F1_train: 0.787992

Costo_test: 0.173408
Precision_test: 0.776190
Recall_test: 0.810945
F1_test: 0.793187
 

Arquitectura: _2_15_1_
Semilla: 1788085632
Segundos: 57
NIteraciones: 100000

Costo_train: 0.171425
Precision_train: 0.740648
Recall_train: 0.743429
F1_train: 0.742036

Costo_test: 0.187140
Precision_test: 0.712329
Recall_test: 0.776119
F1_test: 0.742857
 

Arquitectura: _2_15_1_
Semilla: 1788085632
Segundos: 57
NIteraciones: 100000

Costo_train: 0.163149
Precision_train: 0.803364
Recall_train: 0.777222
F1_train: 0.790076

Costo_test: 0.175083
Precision_test: 0.725118
Recall_test: 0.761194
F1_test: 0.742718
 

Arquitectura: _2_15_1_
Semilla: 1788085632
Segundos: 57
NIteraciones: 100000

Costo_train: 0.177124
Precision_train: 0.741814
Recall_train: 0.737171
F1_train: 0.739485

Costo_test: 0.179821
Precision_test: 0.781991
Recall_test: 0.820895
F1_test: 0.800971
 

Arquitectura: _2_15_1_
Semilla: 1788085632
Segundos: 57
NIteraciones: 100000

Costo_train: 0.168703
Precision_train: 0.784558
Recall_train: 0.788486
F1_train: 0.786517

Costo_test: 0.183380
Precision_test: 0.732719
Recall_test: 0.791045
F1_test: 0.760766
 

Arquitectura: _2_15_1_
Semilla: 1788085632
Segundos: 57
NIteraciones: 100000

Costo_train: 0.174339
Precision_train: 0.733415
Recall_train: 0.747184
F1_train: 0.740236

Costo_test: 0.185769
Precision_test: 0.704545
Recall_test: 0.771144
F1_test: 0.736342
 

Arquitectura: _2_15_1_
Semilla: 1788085632
Segundos: 57
NIteraciones: 100000

Costo_train: 0.163923
Precision_train: 0.823961
Recall_train: 0.843554
F1_train: 0.833643

Costo_test: 0.175066
Precision_test: 0.762136
Recall_test: 0.781095
F1_test: 0.771499
 

Arquitectura: _2_15_1_
Semilla: 1788085632
Segundos: 57
NIteraciones: 100000

Costo_train: 0.185580
Precision_train: 0.746269
Recall_train: 0.750939
F1_train: 0.748596

Costo_test: 0.197250
Precision_test: 0.706977
Recall_test: 0.756219
F1_test: 0.730769
 

Arquitectura: _2_15_1_
Semilla: 1788085632
Segundos: 57
NIteraciones: 100000

Costo_train: 0.178545
Precision_train: 0.787234
Recall_train: 0.787234
F1_train: 0.787234

Costo_test: 0.189085
Precision_test: 0.741627
Recall_test: 0.771144
F1_test: 0.756098
 

Arquitectura: _2_15_1_
Semilla: 1788085632
Segundos: 57
NIteraciones: 100000

Costo_train: 0.163399
Precision_train: 0.768080
Recall_train: 0.770964
F1_train: 0.769519

Costo_test: 0.173024
Precision_test: 0.775610
Recall_test: 0.791045
F1_test: 0.783251
 

Arquitectura: _2_15_1_
Semilla: 1788085632
Segundos: 57
NIteraciones: 100000

Costo_train: 0.183128
Precision_train: 0.726937
Recall_train: 0.739675
F1_train: 0.733251

Costo_test: 0.195216
Precision_test: 0.685841
Recall_test: 0.771144
F1_test: 0.725995
 

Arquitectura: _2_15_1_
Semilla: 1788085632
Segundos: 57
NIteraciones: 100000

Costo_train: 0.169134
Precision_train: 0.762500
Recall_train: 0.763454
F1_train: 0.762977

Costo_test: 0.178706
Precision_test: 0.750000
Recall_test: 0.761194
F1_test: 0.755556
 

Arquitectura: _2_15_1_
Semilla: 1788085632
Segundos: 57
NIteraciones: 100000

Costo_train: 0.192626
Precision_train: 0.715749
Recall_train: 0.699625
F1_train: 0.707595

Costo_test: 0.207733
Precision_test: 0.633027
Recall_test: 0.686567
F1_test: 0.658711
 

Arquitectura: _2_15_1_
Semilla: 1788085632
Segundos: 57
NIteraciones: 100000

Costo_train: 0.155443
Precision_train: 0.794743
Recall_train: 0.794743
F1_train: 0.794743

Costo_test: 0.166960
Precision_test: 0.793970
Recall_test: 0.786070
F1_test: 0.790000
 

Arquitectura: _2_15_1_
Semilla: 1788085632
Segundos: 57
NIteraciones: 100000

Costo_train: 0.173900
Precision_train: 0.741206
Recall_train: 0.738423
F1_train: 0.739812

Costo_test: 0.179771
Precision_test: 0.764151
Recall_test: 0.805970
F1_test: 0.784504
 


--- Test Profunda 5.0 ---
Iteración 10000
Costo: 0.249964
Iteración 20000
Costo: 0.249935
Iteración 30000
Costo: 0.249898
Iteración 40000
Costo: 0.249847
Iteración 50000
Costo: 0.249769
Iteración 60000
Costo: 0.249643
Iteración 70000
Costo: 0.249419
Iteración 80000
Costo: 0.248963
Iteración 90000
Costo: 0.247831

Arquitectura: _2_3_3_3_3_3_1_
Semilla: 1788085689
Segundos: 232
NIteraciones: 100000

Costo_train: 0.244140
Precision_train: 0.618504
Recall_train: 0.610763
F1_train: 0.614610

Costo_test: 0.244215
Precision_test: 0.600985
Recall_test: 0.606965
F1_test: 0.603960
 

Arquitectura: _2_3_3_3_3_3_1_
Semilla: 1788085689
Segundos: 232
NIteraciones: 100000

Costo_train: 0.249972
Precision_train: -nan(ind)
Recall_train: 0.000000
F1_train: -nan(ind)

Costo_test: 0.249977
Precision_test: -nan(ind)
Recall_test: 0.000000
F1_test: -nan(ind)
 

Arquitectura: _2_3_3_3_3_3_1_
Semilla: 1788085689
Segundos: 232
NIteraciones: 100000

Costo_train: 0.250001
Precision_train: -nan(ind)
Recall_train: 0.000000
F1_train: -nan(ind)

Costo_test: 0.250003
Precision_test: -nan(ind)
Recall_test: 0.000000
F1_test: -nan(ind)
 

Arquitectura: _2_3_3_3_3_3_1_
Semilla: 1788085689
Segundos: 232
NIteraciones: 100000

Costo_train: 0.250002
Precision_train: -nan(ind)
Recall_train: 0.000000
F1_train: -nan(ind)

Costo_test: 0.250005
Precision_test: -nan(ind)
Recall_test: 0.000000
F1_test: -nan(ind)
 

Arquitectura: _2_3_3_3_3_3_1_
Semilla: 1788085689
Segundos: 232
NIteraciones: 100000

Costo_train: 0.249760
Precision_train: 0.598361
Recall_train: 0.365457
F1_train: 0.453768

Costo_test: 0.249729
Precision_test: 0.654545
Recall_test: 0.358209
F1_test: 0.463022
 

Arquitectura: _2_3_3_3_3_3_1_
Semilla: 1788085689
Segundos: 232
NIteraciones: 100000

Costo_train: 0.249937
Precision_train: 0.643617
Recall_train: 0.151439
F1_train: 0.245187

Costo_test: 0.249956
Precision_test: 0.541667
Recall_test: 0.129353
F1_test: 0.208835
 

Arquitectura: _2_3_3_3_3_3_1_
Semilla: 1788085689
Segundos: 232
NIteraciones: 100000

Costo_train: 0.249903
Precision_train: 0.887500
Recall_train: 0.088861
F1_train: 0.161547

Costo_test: 0.249875
Precision_test: 0.956522
Recall_test: 0.109453
F1_test: 0.196429
 

Arquitectura: _2_3_3_3_3_3_1_
Semilla: 1788085689
Segundos: 232
NIteraciones: 100000

Costo_train: 0.246437
Precision_train: 0.617284
Recall_train: 0.625782
F1_train: 0.621504

Costo_test: 0.246622
Precision_test: 0.604762
Recall_test: 0.631841
F1_test: 0.618005
 

Arquitectura: _2_3_3_3_3_3_1_
Semilla: 1788085689
Segundos: 232
NIteraciones: 100000

Costo_train: 0.249998
Precision_train: -nan(ind)
Recall_train: 0.000000
F1_train: -nan(ind)

Costo_test: 0.250001
Precision_test: -nan(ind)
Recall_test: 0.000000
F1_test: -nan(ind)
 

Arquitectura: _2_3_3_3_3_3_1_
Semilla: 1788085689
Segundos: 232
NIteraciones: 100000

Costo_train: 0.250010
Precision_train: -nan(ind)
Recall_train: 0.000000
F1_train: -nan(ind)

Costo_test: 0.250000
Precision_test: -nan(ind)
Recall_test: 0.000000
F1_test: -nan(ind)
 

Arquitectura: _2_3_3_3_3_3_1_
Semilla: 1788085689
Segundos: 232
NIteraciones: 100000

Costo_train: 0.247881
Precision_train: 0.609694
Recall_train: 0.598248
F1_train: 0.603917

Costo_test: 0.248071
Precision_test: 0.584158
Recall_test: 0.587065
F1_test: 0.585608
 

Arquitectura: _2_3_3_3_3_3_1_
Semilla: 1788085689
Segundos: 232
NIteraciones: 100000

Costo_train: 0.249919
Precision_train: -nan(ind)
Recall_train: 0.000000
F1_train: -nan(ind)

Costo_test: 0.249904
Precision_test: -nan(ind)
Recall_test: 0.000000
F1_test: -nan(ind)
 

Arquitectura: _2_3_3_3_3_3_1_
Semilla: 1788085689
Segundos: 232
NIteraciones: 100000

Costo_train: 0.249999
Precision_train: -nan(ind)
Recall_train: 0.000000
F1_train: -nan(ind)

Costo_test: 0.250002
Precision_test: -nan(ind)
Recall_test: 0.000000
F1_test: -nan(ind)
 

Arquitectura: _2_3_3_3_3_3_1_
Semilla: 1788085689
Segundos: 232
NIteraciones: 100000

Costo_train: 0.249968
Precision_train: -nan(ind)
Recall_train: 0.000000
F1_train: -nan(ind)

Costo_test: 0.249969
Precision_test: -nan(ind)
Recall_test: 0.000000
F1_test: -nan(ind)
 

Arquitectura: _2_3_3_3_3_3_1_
Semilla: 1788085689
Segundos: 232
NIteraciones: 100000

Costo_train: 0.249689
Precision_train: 0.628659
Recall_train: 0.510638
F1_train: 0.563536

Costo_test: 0.249677
Precision_test: 0.618750
Recall_test: 0.492537
F1_test: 0.548476
 

Arquitectura: _2_3_3_3_3_3_1_
Semilla: 1788085689
Segundos: 232
NIteraciones: 100000

Costo_train: 0.249920
Precision_train: -nan(ind)
Recall_train: 0.000000
F1_train: -nan(ind)

Costo_test: 0.249936
Precision_test: -nan(ind)
Recall_test: 0.000000
F1_test: -nan(ind)
 

Arquitectura: _2_3_3_3_3_3_1_
Semilla: 1788085689
Segundos: 232
NIteraciones: 100000

Costo_train: 0.249411
Precision_train: 0.618307
Recall_train: 0.448060
F1_train: 0.519594

Costo_test: 0.249291
Precision_test: 0.622517
Recall_test: 0.467662
F1_test: 0.534091
 

Arquitectura: _2_3_3_3_3_3_1_
Semilla: 1788085689
Segundos: 232
NIteraciones: 100000

Costo_train: 0.250012
Precision_train: -nan(ind)
Recall_train: 0.000000
F1_train: -nan(ind)

Costo_test: 0.250022
Precision_test: -nan(ind)
Recall_test: 0.000000
F1_test: -nan(ind)
 

Arquitectura: _2_3_3_3_3_3_1_
Semilla: 1788085689
Segundos: 232
NIteraciones: 100000

Costo_train: 0.249886
Precision_train: -nan(ind)
Recall_train: 0.000000
F1_train: -nan(ind)

Costo_test: 0.249887
Precision_test: -nan(ind)
Recall_test: 0.000000
F1_test: -nan(ind)
 

Arquitectura: _2_3_3_3_3_3_1_
Semilla: 1788085689
Segundos: 232
NIteraciones: 100000

Costo_train: 0.247822
Precision_train: 0.622251
Recall_train: 0.602003
F1_train: 0.611959

Costo_test: 0.247936
Precision_test: 0.603015
Recall_test: 0.597015
F1_test: 0.600000
 

Arquitectura: _2_3_3_3_3_3_1_
Semilla: 1788085689
Segundos: 232
NIteraciones: 100000

Costo_train: 0.249997
Precision_train: -nan(ind)
Recall_train: 0.000000
F1_train: -nan(ind)

Costo_test: 0.250004
Precision_test: -nan(ind)
Recall_test: 0.000000
F1_test: -nan(ind)
 

Arquitectura: _2_3_3_3_3_3_1_
Semilla: 1788085689
Segundos: 232
NIteraciones: 100000

Costo_train: 0.249867
Precision_train: 0.704918
Recall_train: 0.107635
F1_train: 0.186754

Costo_test: 0.249875
Precision_test: 0.800000
Recall_test: 0.079602
F1_test: 0.144796
 

Arquitectura: _2_3_3_3_3_3_1_
Semilla: 1788085689
Segundos: 232
NIteraciones: 100000

Costo_train: 0.250000
Precision_train: -nan(ind)
Recall_train: 0.000000
F1_train: -nan(ind)

Costo_test: 0.250006
Precision_test: -nan(ind)
Recall_test: 0.000000
F1_test: -nan(ind)
 

Arquitectura: _2_3_3_3_3_3_1_
Semilla: 1788085689
Segundos: 232
NIteraciones: 100000

Costo_train: 0.249608
Precision_train: 0.612948
Recall_train: 0.556946
F1_train: 0.583607

Costo_test: 0.249518
Precision_test: 0.619318
Recall_test: 0.542289
F1_test: 0.578249
 

Arquitectura: _2_3_3_3_3_3_1_
Semilla: 1788085689
Segundos: 232
NIteraciones: 100000

Costo_train: 0.249683
Precision_train: 0.652542
Recall_train: 0.481852
F1_train: 0.554356

Costo_test: 0.249637
Precision_test: 0.629371
Recall_test: 0.447761
F1_test: 0.523256
 

Arquitectura: _2_3_3_3_3_3_1_
Semilla: 1788085689
Segundos: 232
NIteraciones: 100000

Costo_train: 0.249993
Precision_train: -nan(ind)
Recall_train: 0.000000
F1_train: -nan(ind)

Costo_test: 0.249997
Precision_test: -nan(ind)
Recall_test: 0.000000
F1_test: -nan(ind)
 

Arquitectura: _2_3_3_3_3_3_1_
Semilla: 1788085689
Segundos: 232
NIteraciones: 100000

Costo_train: 0.249021
Precision_train: 0.629794
Recall_train: 0.534418
F1_train: 0.578199

Costo_test: 0.248981
Precision_test: 0.626506
Recall_test: 0.517413
F1_test: 0.566758
 

Arquitectura: _2_3_3_3_3_3_1_
Semilla: 1788085689
Segundos: 232
NIteraciones: 100000

Costo_train: 0.250005
Precision_train: -nan(ind)
Recall_train: 0.000000
F1_train: -nan(ind)

Costo_test: 0.250022
Precision_test: -nan(ind)
Recall_test: 0.000000
F1_test: -nan(ind)
 

Arquitectura: _2_3_3_3_3_3_1_
Semilla: 1788085689
Segundos: 232
NIteraciones: 100000

Costo_train: 0.249511
Precision_train: 0.629685
Recall_train: 0.525657
F1_train: 0.572988

Costo_test: 0.249486
Precision_test: 0.639053
Recall_test: 0.537313
F1_test: 0.583784
 

Arquitectura: _2_3_3_3_3_3_1_
Semilla: 1788085689
Segundos: 232
NIteraciones: 100000

Costo_train: 0.249974
Precision_train: -nan(ind)
Recall_train: 0.000000
F1_train: -nan(ind)

Costo_test: 0.249967
Precision_test: -nan(ind)
Recall_test: 0.000000
F1_test: -nan(ind)
 

Arquitectura: _2_3_3_3_3_3_1_
Semilla: 1788085689
Segundos: 232
NIteraciones: 100000

Costo_train: 0.249949
Precision_train: -nan(ind)
Recall_train: 0.000000
F1_train: -nan(ind)

Costo_test: 0.249947
Precision_test: -nan(ind)
Recall_test: 0.000000
F1_test: -nan(ind)
 

Arquitectura: _2_3_3_3_3_3_1_
Semilla: 1788085689
Segundos: 232
NIteraciones: 100000

Costo_train: 0.249664
Precision_train: 0.602257
Recall_train: 0.534418
F1_train: 0.566313

Costo_test: 0.249607
Precision_test: 0.637427
Recall_test: 0.542289
F1_test: 0.586021
 

Arquitectura: _2_3_3_3_3_3_1_
Semilla: 1788085689
Segundos: 232
NIteraciones: 100000

Costo_train: 0.249984
Precision_train: -nan(ind)
Recall_train: 0.000000
F1_train: -nan(ind)

Costo_test: 0.249993
Precision_test: -nan(ind)
Recall_test: 0.000000
F1_test: -nan(ind)
 

Arquitectura: _2_3_3_3_3_3_1_
Semilla: 1788085689
Segundos: 232
NIteraciones: 100000

Costo_train: 0.250002
Precision_train: -nan(ind)
Recall_train: 0.000000
F1_train: -nan(ind)

Costo_test: 0.250008
Precision_test: -nan(ind)
Recall_test: 0.000000
F1_test: -nan(ind)
 

Arquitectura: _2_3_3_3_3_3_1_
Semilla: 1788085689
Segundos: 232
NIteraciones: 100000

Costo_train: 0.249966
Precision_train: -nan(ind)
Recall_train: 0.000000
F1_train: -nan(ind)

Costo_test: 0.249967
Precision_test: -nan(ind)
Recall_test: 0.000000
F1_test: -nan(ind)
 

Arquitectura: _2_3_3_3_3_3_1_
Semilla: 1788085689
Segundos: 232
NIteraciones: 100000

Costo_train: 0.249997
Precision_train: -nan(ind)
Recall_train: 0.000000
F1_train: -nan(ind)

Costo_test: 0.250008
Precision_test: -nan(ind)
Recall_test: 0.000000
F1_test: -nan(ind)
 

Arquitectura: _2_3_3_3_3_3_1_
Semilla: 1788085689
Segundos: 232
NIteraciones: 100000

Costo_train: 0.249954
Precision_train: -nan(ind)
Recall_train: 0.000000
F1_train: -nan(ind)

Costo_test: 0.249950
Precision_test: -nan(ind)
Recall_test: 0.000000
F1_test: -nan(ind)
 

Arquitectura: _2_3_3_3_3_3_1_
Semilla: 1788085689
Segundos: 232
NIteraciones: 100000

Costo_train: 0.236196
Precision_train: 0.617907
Recall_train: 0.613267
F1_train: 0.615578

Costo_test: 0.235985
Precision_test: 0.628019
Recall_test: 0.646766
F1_test: 0.637255
 

Arquitectura: _2_3_3_3_3_3_1_
Semilla: 1788085689
Segundos: 232
NIteraciones: 100000

Costo_train: 0.250002
Precision_train: -nan(ind)
Recall_train: 0.000000
F1_train: -nan(ind)

Costo_test: 0.250006
Precision_test: -nan(ind)
Recall_test: 0.000000
F1_test: -nan(ind)
 

Arquitectura: _2_3_3_3_3_3_1_
Semilla: 1788085689
Segundos: 232
NIteraciones: 100000

Costo_train: 0.249941
Precision_train: -nan(ind)
Recall_train: 0.000000
F1_train: -nan(ind)

Costo_test: 0.249934
Precision_test: -nan(ind)
Recall_test: 0.000000
F1_test: -nan(ind)
 

Arquitectura: _2_3_3_3_3_3_1_
Semilla: 1788085689
Segundos: 232
NIteraciones: 100000

Costo_train: 0.249917
Precision_train: -nan(ind)
Recall_train: 0.000000
F1_train: -nan(ind)

Costo_test: 0.249904
Precision_test: -nan(ind)
Recall_test: 0.000000
F1_test: -nan(ind)
 

Arquitectura: _2_3_3_3_3_3_1_
Semilla: 1788085689
Segundos: 232
NIteraciones: 100000

Costo_train: 0.250001
Precision_train: -nan(ind)
Recall_train: 0.000000
F1_train: -nan(ind)

Costo_test: 0.250004
Precision_test: -nan(ind)
Recall_test: 0.000000
F1_test: -nan(ind)
 

Arquitectura: _2_3_3_3_3_3_1_
Semilla: 1788085689
Segundos: 232
NIteraciones: 100000

Costo_train: 0.244166
Precision_train: 0.616915
Recall_train: 0.620776
F1_train: 0.618840

Costo_test: 0.244286
Precision_test: 0.609524
Recall_test: 0.636816
F1_test: 0.622871
 

Arquitectura: _2_3_3_3_3_3_1_
Semilla: 1788085689
Segundos: 232
NIteraciones: 100000

Costo_train: 0.249643
Precision_train: 0.644018
Recall_train: 0.545682
F1_train: 0.590786

Costo_test: 0.249666
Precision_test: 0.631579
Recall_test: 0.537313
F1_test: 0.580645
 

Arquitectura: _2_3_3_3_3_3_1_
Semilla: 1788085689
Segundos: 232
NIteraciones: 100000

Costo_train: 0.249982
Precision_train: -nan(ind)
Recall_train: 0.000000
F1_train: -nan(ind)

Costo_test: 0.249988
Precision_test: -nan(ind)
Recall_test: 0.000000
F1_test: -nan(ind)
 

Arquitectura: _2_3_3_3_3_3_1_
Semilla: 1788085689
Segundos: 232
NIteraciones: 100000

Costo_train: 0.250019
Precision_train: -nan(ind)
Recall_train: 0.000000
F1_train: -nan(ind)

Costo_test: 0.250025
Precision_test: -nan(ind)
Recall_test: 0.000000
F1_test: -nan(ind)
 

Arquitectura: _2_3_3_3_3_3_1_
Semilla: 1788085689
Segundos: 232
NIteraciones: 100000

Costo_train: 0.249870
Precision_train: 0.564103
Recall_train: 0.440551
F1_train: 0.494729

Costo_test: 0.249825
Precision_test: 0.629371
Recall_test: 0.447761
F1_test: 0.523256
 

Arquitectura: _2_3_3_3_3_3_1_
Semilla: 1788085689
Segundos: 232
NIteraciones: 100000

Costo_train: 0.249923
Precision_train: 0.534805
Recall_train: 0.394243
F1_train: 0.453890

Costo_test: 0.249917
Precision_test: 0.543750
Recall_test: 0.432836
F1_test: 0.481994
 

Arquitectura: _2_3_3_3_3_3_1_
Semilla: 1788085689
Segundos: 232
NIteraciones: 100000

Costo_train: 0.249975
Precision_train: -nan(ind)
Recall_train: 0.000000
F1_train: -nan(ind)

Costo_test: 0.249975
Precision_test: -nan(ind)
Recall_test: 0.000000
F1_test: -nan(ind)
 

Arquitectura: _2_3_3_3_3_3_1_
Semilla: 1788085689
Segundos: 232
NIteraciones: 100000

Costo_train: 0.249990
Precision_train: -nan(ind)
Recall_train: 0.000000
F1_train: -nan(ind)

Costo_test: 0.249993
Precision_test: -nan(ind)
Recall_test: 0.000000
F1_test: -nan(ind)
 

Arquitectura: _2_3_3_3_3_3_1_
Semilla: 1788085689
Segundos: 232
NIteraciones: 100000

Costo_train: 0.249885
Precision_train: 1.000000
Recall_train: 0.006258
F1_train: 0.012438

Costo_test: 0.249885
Precision_test: 1.000000
Recall_test: 0.009950
F1_test: 0.019704
 

Arquitectura: _2_3_3_3_3_3_1_
Semilla: 1788085689
Segundos: 232
NIteraciones: 100000

Costo_train: 0.249989
Precision_train: -nan(ind)
Recall_train: 0.000000
F1_train: -nan(ind)

Costo_test: 0.249992
Precision_test: -nan(ind)
Recall_test: 0.000000
F1_test: -nan(ind)
 

Arquitectura: _2_3_3_3_3_3_1_
Semilla: 1788085689
Segundos: 232
NIteraciones: 100000

Costo_train: 0.249310
Precision_train: 0.628205
Recall_train: 0.551940
F1_train: 0.587608

Costo_test: 0.249296
Precision_test: 0.619318
Recall_test: 0.542289
F1_test: 0.578249
 

Arquitectura: _2_3_3_3_3_3_1_
Semilla: 1788085689
Segundos: 232
NIteraciones: 100000

Costo_train: 0.249986
Precision_train: -nan(ind)
Recall_train: 0.000000
F1_train: -nan(ind)

Costo_test: 0.249987
Precision_test: -nan(ind)
Recall_test: 0.000000
F1_test: -nan(ind)
 

Arquitectura: _2_3_3_3_3_3_1_
Semilla: 1788085689
Segundos: 232
NIteraciones: 100000

Costo_train: 0.249840
Precision_train: 0.655172
Recall_train: 0.428035
F1_train: 0.517790

Costo_test: 0.249811
Precision_test: 0.696000
Recall_test: 0.432836
F1_test: 0.533742
 

Arquitectura: _2_3_3_3_3_3_1_
Semilla: 1788085689
Segundos: 232
NIteraciones: 100000

Costo_train: 0.249973
Precision_train: -nan(ind)
Recall_train: 0.000000
F1_train: -nan(ind)

Costo_test: 0.249972
Precision_test: -nan(ind)
Recall_test: 0.000000
F1_test: -nan(ind)
 

Arquitectura: _2_3_3_3_3_3_1_
Semilla: 1788085689
Segundos: 232
NIteraciones: 100000

Costo_train: 0.250004
Precision_train: -nan(ind)
Recall_train: 0.000000
F1_train: -nan(ind)

Costo_test: 0.250009
Precision_test: -nan(ind)
Recall_test: 0.000000
F1_test: -nan(ind)
 

Arquitectura: _2_3_3_3_3_3_1_
Semilla: 1788085689
Segundos: 232
NIteraciones: 100000

Costo_train: 0.249974
Precision_train: -nan(ind)
Recall_train: 0.000000
F1_train: -nan(ind)

Costo_test: 0.249976
Precision_test: -nan(ind)
Recall_test: 0.000000
F1_test: -nan(ind)
 

Arquitectura: _2_3_3_3_3_3_1_
Semilla: 1788085689
Segundos: 232
NIteraciones: 100000

Costo_train: 0.249967
Precision_train: -nan(ind)
Recall_train: 0.000000
F1_train: -nan(ind)

Costo_test: 0.249968
Precision_test: -nan(ind)
Recall_test: 0.000000
F1_test: -nan(ind)
 

Arquitectura: _2_3_3_3_3_3_1_
Semilla: 1788085689
Segundos: 232
NIteraciones: 100000

Costo_train: 0.249954
Precision_train: -nan(ind)
Recall_train: 0.000000
F1_train: -nan(ind)

Costo_test: 0.249951
Precision_test: -nan(ind)
Recall_test: 0.000000
F1_test: -nan(ind)
 

Arquitectura: _2_3_3_3_3_3_1_
Semilla: 1788085689
Segundos: 232
NIteraciones: 100000

Costo_train: 0.249473
Precision_train: 0.580103
Recall_train: 0.561952
F1_train: 0.570884

Costo_test: 0.249402
Precision_test: 0.606218
Recall_test: 0.582090
F1_test: 0.593909
 

Arquitectura: _2_3_3_3_3_3_1_
Semilla: 1788085689
Segundos: 232
NIteraciones: 100000

Costo_train: 0.249961
Precision_train: 1.000000
Recall_train: 0.016270
F1_train: 0.032020

Costo_test: 0.249949
Precision_test: 1.000000
Recall_test: 0.019900
F1_test: 0.039024
 

Arquitectura: _2_3_3_3_3_3_1_
Semilla: 1788085689
Segundos: 232
NIteraciones: 100000

Costo_train: 0.249951
Precision_train: -nan(ind)
Recall_train: 0.000000
F1_train: -nan(ind)

Costo_test: 0.249938
Precision_test: -nan(ind)
Recall_test: 0.000000
F1_test: -nan(ind)
 

Arquitectura: _2_3_3_3_3_3_1_
Semilla: 1788085689
Segundos: 232
NIteraciones: 100000

Costo_train: 0.249907
Precision_train: 0.540000
Recall_train: 0.337922
F1_train: 0.415704

Costo_test: 0.249863
Precision_test: 0.601770
Recall_test: 0.338308
F1_test: 0.433121
 

Arquitectura: _2_3_3_3_3_3_1_
Semilla: 1788085689
Segundos: 232
NIteraciones: 100000

Costo_train: 0.250003
Precision_train: -nan(ind)
Recall_train: 0.000000
F1_train: -nan(ind)

Costo_test: 0.250009
Precision_test: -nan(ind)
Recall_test: 0.000000
F1_test: -nan(ind)
 

Arquitectura: _2_3_3_3_3_3_1_
Semilla: 1788085689
Segundos: 232
NIteraciones: 100000

Costo_train: 0.248385
Precision_train: 0.604027
Recall_train: 0.563204
F1_train: 0.582902

Costo_test: 0.248205
Precision_test: 0.630435
Recall_test: 0.577114
F1_test: 0.602597
 

Arquitectura: _2_3_3_3_3_3_1_
Semilla: 1788085689
Segundos: 232
NIteraciones: 100000

Costo_train: 0.249991
Precision_train: -nan(ind)
Recall_train: 0.000000
F1_train: -nan(ind)

Costo_test: 0.249994
Precision_test: -nan(ind)
Recall_test: 0.000000
F1_test: -nan(ind)
 

Arquitectura: _2_3_3_3_3_3_1_
Semilla: 1788085689
Segundos: 232
NIteraciones: 100000

Costo_train: 0.249994
Precision_train: -nan(ind)
Recall_train: 0.000000
F1_train: -nan(ind)

Costo_test: 0.250002
Precision_test: -nan(ind)
Recall_test: 0.000000
F1_test: -nan(ind)
 

Arquitectura: _2_3_3_3_3_3_1_
Semilla: 1788085689
Segundos: 232
NIteraciones: 100000

Costo_train: 0.249911
Precision_train: 0.544204
Recall_train: 0.346683
F1_train: 0.423547

Costo_test: 0.249884
Precision_test: 0.568807
Recall_test: 0.308458
F1_test: 0.400000
 

Arquitectura: _2_3_3_3_3_3_1_
Semilla: 1788085689
Segundos: 232
NIteraciones: 100000

Costo_train: 0.249986
Precision_train: -nan(ind)
Recall_train: 0.000000
F1_train: -nan(ind)

Costo_test: 0.249983
Precision_test: -nan(ind)
Recall_test: 0.000000
F1_test: -nan(ind)
 

Arquitectura: _2_3_3_3_3_3_1_
Semilla: 1788085689
Segundos: 232
NIteraciones: 100000

Costo_train: 0.249536
Precision_train: 0.631054
Recall_train: 0.554443
F1_train: 0.590273

Costo_test: 0.249505
Precision_test: 0.641618
Recall_test: 0.552239
F1_test: 0.593583
 

Arquitectura: _2_3_3_3_3_3_1_
Semilla: 1788085689
Segundos: 232
NIteraciones: 100000

Costo_train: 0.230800
Precision_train: 0.615575
Recall_train: 0.623279
F1_train: 0.619403

Costo_test: 0.230163
Precision_test: 0.621495
Recall_test: 0.661692
F1_test: 0.640964
 

Arquitectura: _2_3_3_3_3_3_1_
Semilla: 1788085689
Segundos: 232
NIteraciones: 100000

Costo_train: 0.250000
Precision_train: -nan(ind)
Recall_train: 0.000000
F1_train: -nan(ind)

Costo_test: 0.250005
Precision_test: -nan(ind)
Recall_test: 0.000000
F1_test: -nan(ind)
 

Arquitectura: _2_3_3_3_3_3_1_
Semilla: 1788085689
Segundos: 232
NIteraciones: 100000

Costo_train: 0.249968
Precision_train: -nan(ind)
Recall_train: 0.000000
F1_train: -nan(ind)

Costo_test: 0.249956
Precision_test: -nan(ind)
Recall_test: 0.000000
F1_test: -nan(ind)
 

Arquitectura: _2_3_3_3_3_3_1_
Semilla: 1788085689
Segundos: 232
NIteraciones: 100000

Costo_train: 0.250020
Precision_train: -nan(ind)
Recall_train: 0.000000
F1_train: -nan(ind)

Costo_test: 0.250029
Precision_test: -nan(ind)
Recall_test: 0.000000
F1_test: -nan(ind)
 

Arquitectura: _2_3_3_3_3_3_1_
Semilla: 1788085689
Segundos: 232
NIteraciones: 100000

Costo_train: 0.249687
Precision_train: 0.631195
Recall_train: 0.541927
F1_train: 0.583165

Costo_test: 0.249662
Precision_test: 0.635294
Recall_test: 0.537313
F1_test: 0.582210
 

Arquitectura: _2_3_3_3_3_3_1_
Semilla: 1788085689
Segundos: 232
NIteraciones: 100000

Costo_train: 0.250003
Precision_train: -nan(ind)
Recall_train: 0.000000
F1_train: -nan(ind)

Costo_test: 0.250008
Precision_test: -nan(ind)
Recall_test: 0.000000
F1_test: -nan(ind)
 

Arquitectura: _2_3_3_3_3_3_1_
Semilla: 1788085689
Segundos: 232
NIteraciones: 100000

Costo_train: 0.249998
Precision_train: -nan(ind)
Recall_train: 0.000000
F1_train: -nan(ind)

Costo_test: 0.249998
Precision_test: -nan(ind)
Recall_test: 0.000000
F1_test: -nan(ind)
 

Arquitectura: _2_3_3_3_3_3_1_
Semilla: 1788085689
Segundos: 232
NIteraciones: 100000

Costo_train: 0.249980
Precision_train: -nan(ind)
Recall_train: 0.000000
F1_train: -nan(ind)

Costo_test: 0.249984
Precision_test: -nan(ind)
Recall_test: 0.000000
F1_test: -nan(ind)
 

Arquitectura: _2_3_3_3_3_3_1_
Semilla: 1788085689
Segundos: 232
NIteraciones: 100000

Costo_train: 0.249867
Precision_train: 0.634146
Recall_train: 0.325407
F1_train: 0.430108

Costo_test: 0.249871
Precision_test: 0.627119
Recall_test: 0.368159
F1_test: 0.463950
 

Arquitectura: _2_3_3_3_3_3_1_
Semilla: 1788085689
Segundos: 232
NIteraciones: 100000

Costo_train: 0.249977
Precision_train: -nan(ind)
Recall_train: 0.000000
F1_train: -nan(ind)

Costo_test: 0.249968
Precision_test: -nan(ind)
Recall_test: 0.000000
F1_test: -nan(ind)
 

Arquitectura: _2_3_3_3_3_3_1_
Semilla: 1788085689
Segundos: 232
NIteraciones: 100000

Costo_train: 0.249610
Precision_train: 0.674260
Recall_train: 0.370463
F1_train: 0.478191

Costo_test: 0.249588
Precision_test: 0.701923
Recall_test: 0.363184
F1_test: 0.478689
 

Arquitectura: _2_3_3_3_3_3_1_
Semilla: 1788085689
Segundos: 232
NIteraciones: 100000

Costo_train: 0.249999
Precision_train: -nan(ind)
Recall_train: 0.000000
F1_train: -nan(ind)

Costo_test: 0.250004
Precision_test: -nan(ind)
Recall_test: 0.000000
F1_test: -nan(ind)
 

Arquitectura: _2_3_3_3_3_3_1_
Semilla: 1788085689
Segundos: 232
NIteraciones: 100000

Costo_train: 0.249910
Precision_train: -nan(ind)
Recall_train: 0.000000
F1_train: -nan(ind)

Costo_test: 0.249922
Precision_test: -nan(ind)
Recall_test: 0.000000
F1_test: -nan(ind)
 

Arquitectura: _2_3_3_3_3_3_1_
Semilla: 1788085689
Segundos: 232
NIteraciones: 100000

Costo_train: 0.249976
Precision_train: -nan(ind)
Recall_train: 0.000000
F1_train: -nan(ind)

Costo_test: 0.249981
Precision_test: -nan(ind)
Recall_test: 0.000000
F1_test: -nan(ind)
 

Arquitectura: _2_3_3_3_3_3_1_
Semilla: 1788085689
Segundos: 232
NIteraciones: 100000

Costo_train: 0.244775
Precision_train: 0.619772
Recall_train: 0.612015
F1_train: 0.615869

Costo_test: 0.245073
Precision_test: 0.595122
Recall_test: 0.606965
F1_test: 0.600985
 

Arquitectura: _2_3_3_3_3_3_1_
Semilla: 1788085689
Segundos: 232
NIteraciones: 100000

Costo_train: 0.232305
Precision_train: 0.618020
Recall_train: 0.609512
F1_train: 0.613737

Costo_test: 0.232090
Precision_test: 0.623762
Recall_test: 0.626866
F1_test: 0.625310
 

Arquitectura: _2_3_3_3_3_3_1_
Semilla: 1788085689
Segundos: 232
NIteraciones: 100000

Costo_train: 0.249828
Precision_train: 0.608696
Recall_train: 0.070088
F1_train: 0.125701

Costo_test: 0.249816
Precision_test: 0.458333
Recall_test: 0.054726
F1_test: 0.097778
 

Arquitectura: _2_3_3_3_3_3_1_
Semilla: 1788085689
Segundos: 232
NIteraciones: 100000

Costo_train: 0.249981
Precision_train: -nan(ind)
Recall_train: 0.000000
F1_train: -nan(ind)

Costo_test: 0.249976
Precision_test: -nan(ind)
Recall_test: 0.000000
F1_test: -nan(ind)
 

Arquitectura: _2_3_3_3_3_3_1_
Semilla: 1788085689
Segundos: 232
NIteraciones: 100000

Costo_train: 0.249954
Precision_train: -nan(ind)
Recall_train: 0.000000
F1_train: -nan(ind)

Costo_test: 0.249957
Precision_test: -nan(ind)
Recall_test: 0.000000
F1_test: -nan(ind)
 

Arquitectura: _2_3_3_3_3_3_1_
Semilla: 1788085689
Segundos: 232
NIteraciones: 100000

Costo_train: 0.249958
Precision_train: -nan(ind)
Recall_train: 0.000000
F1_train: -nan(ind)

Costo_test: 0.249957
Precision_test: -nan(ind)
Recall_test: 0.000000
F1_test: -nan(ind)
 

Arquitectura: _2_3_3_3_3_3_1_
Semilla: 1788085689
Segundos: 232
NIteraciones: 100000

Costo_train: 0.250000
Precision_train: -nan(ind)
Recall_train: 0.000000
F1_train: -nan(ind)

Costo_test: 0.250003
Precision_test: -nan(ind)
Recall_test: 0.000000
F1_test: -nan(ind)
 

Arquitectura: _2_3_3_3_3_3_1_
Semilla: 1788085689
Segundos: 232
NIteraciones: 100000

Costo_train: 0.249990
Precision_train: -nan(ind)
Recall_train: 0.000000
F1_train: -nan(ind)

Costo_test: 0.249993
Precision_test: -nan(ind)
Recall_test: 0.000000
F1_test: -nan(ind)
 

Arquitectura: _2_3_3_3_3_3_1_
Semilla: 1788085689
Segundos: 232
NIteraciones: 100000

Costo_train: 0.250001
Precision_train: -nan(ind)
Recall_train: 0.000000
F1_train: -nan(ind)

Costo_test: 0.250000
Precision_test: -nan(ind)
Recall_test: 0.000000
F1_test: -nan(ind)
 

Arquitectura: _2_3_3_3_3_3_1_
Semilla: 1788085689
Segundos: 232
NIteraciones: 100000

Costo_train: 0.249878
Precision_train: 0.628175
Recall_train: 0.340426
F1_train: 0.441558

Costo_test: 0.249857
Precision_test: 0.673913
Recall_test: 0.308458
F1_test: 0.423208
 

Arquitectura: _2_3_3_3_3_3_1_
Semilla: 1788085689
Segundos: 232
NIteraciones: 100000

Costo_train: 0.249982
Precision_train: -nan(ind)
Recall_train: 0.000000
F1_train: -nan(ind)

Costo_test: 0.249979
Precision_test: -nan(ind)
Recall_test: 0.000000
F1_test: -nan(ind)
 

Arquitectura: _2_3_3_3_3_3_1_
Semilla: 1788085689
Segundos: 232
NIteraciones: 100000

Costo_train: 0.250019
Precision_train: -nan(ind)
Recall_train: 0.000000
F1_train: -nan(ind)

Costo_test: 0.250027
Precision_test: -nan(ind)
Recall_test: 0.000000
F1_test: -nan(ind)
 

Arquitectura: _2_3_3_3_3_3_1_
Semilla: 1788085689
Segundos: 232
NIteraciones: 100000

Costo_train: 0.250002
Precision_train: -nan(ind)
Recall_train: 0.000000
F1_train: -nan(ind)

Costo_test: 0.250007
Precision_test: -nan(ind)
Recall_test: 0.000000
F1_test: -nan(ind)
 

Arquitectura: _2_3_3_3_3_3_1_
Semilla: 1788085689
Segundos: 232
NIteraciones: 100000

Costo_train: 0.249886
Precision_train: -nan(ind)
Recall_train: 0.000000
F1_train: -nan(ind)

Costo_test: 0.249863
Precision_test: -nan(ind)
Recall_test: 0.000000
F1_test: -nan(ind)
 

Arquitectura: _2_3_3_3_3_3_1_
Semilla: 1788085689
Segundos: 232
NIteraciones: 100000

Costo_train: 0.249956
Precision_train: -nan(ind)
Recall_train: 0.000000
F1_train: -nan(ind)

Costo_test: 0.249947
Precision_test: -nan(ind)
Recall_test: 0.000000
F1_test: -nan(ind)
 
