--- Configuración Actual ---
Paso: 0.200000
Gamma: 0.000000
Parada: 0.100000
Iteraciones: 100000
CapasDesde: 2
CapasHasta: 5
Repeticiones: 1
Intervalo: 10000
Batch: 100
MultiplicadorProfunda: 0.700000
Tarjeta: NVIDIA GeForce RTX 3090 Ti
----------------------------
Dimensiones Datos
trainx: 2x1600 
trainy: 1x1600 
test_x: 2x400 


--- Test Angosta 2.0 ---
Iteración 10000
Costo: 0.219901
Iteración 20000
Costo: 0.181883
Iteración 30000
Costo: 0.173091
Iteración 40000
Costo: 0.170954
Iteración 50000
Costo: 0.169883
Iteración 60000
Costo: 0.169207
Iteración 70000
Costo: 0.168728
Iteración 80000
Costo: 0.168364
Iteración 90000
Costo: 0.168074

Arquitectura: _2_6_1_
Semilla: 1788087988
Segundos: 48
NIteraciones: 100000

Costo_train: 0.167834
Precision_train: 0.843137
Recall_train: 0.430538
F1_train: 0.570008

Costo_test: 0.177166
Precision_test: 0.777778
Recall_test: 0.417910
F1_test: 0.543689
 

Arquitectura: _2_6_1_
Semilla: 1788087988
Segundos: 48
NIteraciones: 100000

Costo_train: 0.164674
Precision_train: 0.749621
Recall_train: 0.618273
F1_train: 0.677641

Costo_test: 0.178193
Precision_test: 0.670520
Recall_test: 0.577114
F1_test: 0.620321
 

Arquitectura: _2_6_1_
Semilla: 1788087988
Segundos: 48
NIteraciones: 100000

Costo_train: 0.166653
Precision_train: 0.783451
Recall_train: 0.556946
F1_train: 0.651061

Costo_test: 0.177473
Precision_test: 0.751678
Recall_test: 0.557214
F1_test: 0.640000
 

Arquitectura: _2_6_1_
Semilla: 1788087988
Segundos: 48
NIteraciones: 100000

Costo_train: 0.161971
Precision_train: 0.778929
Recall_train: 0.564456
F1_train: 0.654572

Costo_test: 0.172181
Precision_test: 0.677215
Recall_test: 0.532338
F1_test: 0.596100
 

Arquitectura: _2_6_1_
Semilla: 1788087988
Segundos: 48
NIteraciones: 100000

Costo_train: 0.167816
Precision_train: 0.829736
Recall_train: 0.433041
F1_train: 0.569079

Costo_test: 0.177614
Precision_test: 0.741071
Recall_test: 0.412935
F1_test: 0.530351
 

Arquitectura: _2_6_1_
Semilla: 1788087988
Segundos: 48
NIteraciones: 100000

Costo_train: 0.167734
Precision_train: 0.742455
Recall_train: 0.461827
F1_train: 0.569444

Costo_test: 0.176210
Precision_test: 0.669231
Recall_test: 0.432836
F1_test: 0.525680
 

Arquitectura: _2_6_1_
Semilla: 1788087988
Segundos: 48
NIteraciones: 100000

Costo_train: 0.167633
Precision_train: 0.796800
Recall_train: 0.623279
F1_train: 0.699438

Costo_test: 0.176474
Precision_test: 0.766871
Recall_test: 0.621891
F1_test: 0.686813
 

Arquitectura: _2_6_1_
Semilla: 1788087988
Segundos: 48
NIteraciones: 100000

Costo_train: 0.162367
Precision_train: 0.840864
Recall_train: 0.535670
F1_train: 0.654434

Costo_test: 0.169542
Precision_test: 0.792308
Recall_test: 0.512438
F1_test: 0.622357
 

Arquitectura: _2_6_1_
Semilla: 1788087988
Segundos: 48
NIteraciones: 100000

Costo_train: 0.165053
Precision_train: 0.744648
Recall_train: 0.609512
F1_train: 0.670337

Costo_test: 0.178536
Precision_test: 0.668605
Recall_test: 0.572139
F1_test: 0.616622
 

Arquitectura: _2_6_1_
Semilla: 1788087988
Segundos: 48
NIteraciones: 100000

Costo_train: 0.168106
Precision_train: 0.841463
Recall_train: 0.431790
F1_train: 0.570720

Costo_test: 0.177896
Precision_test: 0.754545
Recall_test: 0.412935
F1_test: 0.533762
 

Arquitectura: _2_6_1_
Semilla: 1788087988
Segundos: 48
NIteraciones: 100000

Costo_train: 0.154729
Precision_train: 0.835616
Recall_train: 0.610763
F1_train: 0.705712

Costo_test: 0.160888
Precision_test: 0.797386
Recall_test: 0.606965
F1_test: 0.689266
 

Arquitectura: _2_6_1_
Semilla: 1788087988
Segundos: 48
NIteraciones: 100000

Costo_train: 0.161922
Precision_train: 0.814696
Recall_train: 0.638298
F1_train: 0.715789

Costo_test: 0.169077
Precision_test: 0.789809
Recall_test: 0.616915
F1_test: 0.692737
 

Arquitectura: _2_6_1_
Semilla: 1788087988
Segundos: 48
NIteraciones: 100000

Costo_train: 0.167854
Precision_train: 0.827368
Recall_train: 0.491865
F1_train: 0.616954

Costo_test: 0.177149
Precision_test: 0.765625
Recall_test: 0.487562
F1_test: 0.595745
 

Arquitectura: _2_6_1_
Semilla: 1788087988
Segundos: 48
NIteraciones: 100000

Costo_train: 0.162838
Precision_train: 0.845545
Recall_train: 0.534418
F1_train: 0.654908

Costo_test: 0.169930
Precision_test: 0.811024
Recall_test: 0.512438
F1_test: 0.628049
 

Arquitectura: _2_6_1_
Semilla: 1788087988
Segundos: 48
NIteraciones: 100000

Costo_train: 0.167581
Precision_train: 0.681416
Recall_train: 0.481852
F1_train: 0.564516

Costo_test: 0.175937
Precision_test: 0.671233
Recall_test: 0.487562
F1_test: 0.564841
 

Arquitectura: _2_6_1_
Semilla: 1788087988
Segundos: 48
NIteraciones: 100000

Costo_train: 0.167046
Precision_train: 0.785110
Recall_train: 0.580726
F1_train: 0.667626

Costo_test: 0.176694
Precision_test: 0.751678
Recall_test: 0.557214
F1_test: 0.640000
 

Arquitectura: _2_6_1_
Semilla: 1788087988
Segundos: 48
NIteraciones: 100000

Costo_train: 0.164602
Precision_train: 0.839921
Recall_train: 0.531915
F1_train: 0.651341

Costo_test: 0.172087
Precision_test: 0.800000
Recall_test: 0.517413
F1_test: 0.628399
 

Arquitectura: _2_6_1_
Semilla: 1788087988
Segundos: 48
NIteraciones: 100000

Costo_train: 0.166176
Precision_train: 0.737226
Recall_train: 0.632040
F1_train: 0.680593

Costo_test: 0.177977
Precision_test: 0.679775
Recall_test: 0.601990
F1_test: 0.638522
 

Arquitectura: _2_6_1_
Semilla: 1788087988
Segundos: 48
NIteraciones: 100000

Costo_train: 0.166014
Precision_train: 0.776386
Recall_train: 0.543179
F1_train: 0.639175

Costo_test: 0.176040
Precision_test: 0.748252
Recall_test: 0.532338
F1_test: 0.622093
 

Arquitectura: _2_6_1_
Semilla: 1788087988
Segundos: 48
NIteraciones: 100000

Costo_train: 0.166332
Precision_train: 0.751220
Recall_train: 0.578223
F1_train: 0.653465

Costo_test: 0.178932
Precision_test: 0.682927
Recall_test: 0.557214
F1_test: 0.613699
 

Arquitectura: _2_6_1_
Semilla: 1788087988
Segundos: 48
NIteraciones: 100000

Costo_train: 0.162393
Precision_train: 0.850000
Recall_train: 0.531915
F1_train: 0.654350

Costo_test: 0.169074
Precision_test: 0.811024
Recall_test: 0.512438
F1_test: 0.628049
 

Arquitectura: _2_6_1_
Semilla: 1788087988
Segundos: 48
NIteraciones: 100000

Costo_train: 0.166873
Precision_train: 0.781197
Recall_train: 0.571965
F1_train: 0.660405

Costo_test: 0.176761
Precision_test: 0.743421
Recall_test: 0.562189
F1_test: 0.640227
 

Arquitectura: _2_6_1_
Semilla: 1788087988
Segundos: 48
NIteraciones: 100000

Costo_train: 0.167884
Precision_train: 0.845209
Recall_train: 0.430538
F1_train: 0.570481

Costo_test: 0.176842
Precision_test: 0.761468
Recall_test: 0.412935
F1_test: 0.535484
 

Arquitectura: _2_6_1_
Semilla: 1788087988
Segundos: 48
NIteraciones: 100000

Costo_train: 0.167637
Precision_train: 0.830579
Recall_train: 0.503129
F1_train: 0.626656

Costo_test: 0.176926
Precision_test: 0.781250
Recall_test: 0.497512
F1_test: 0.607903
 

Arquitectura: _2_6_1_
Semilla: 1788087988
Segundos: 48
NIteraciones: 100000

Costo_train: 0.166907
Precision_train: 0.786765
Recall_train: 0.535670
F1_train: 0.637379

Costo_test: 0.176291
Precision_test: 0.772059
Recall_test: 0.522388
F1_test: 0.623145
 

Arquitectura: _2_6_1_
Semilla: 1788087988
Segundos: 48
NIteraciones: 100000

Costo_train: 0.167115
Precision_train: 0.766154
Recall_train: 0.623279
F1_train: 0.687371

Costo_test: 0.177161
Precision_test: 0.760736
Recall_test: 0.616915
F1_test: 0.681319
 

Arquitectura: _2_6_1_
Semilla: 1788087988
Segundos: 48
NIteraciones: 100000

Costo_train: 0.167682
Precision_train: 0.841076
Recall_train: 0.430538
F1_train: 0.569536

Costo_test: 0.177220
Precision_test: 0.763636
Recall_test: 0.417910
F1_test: 0.540193
 

Arquitectura: _2_6_1_
Semilla: 1788087988
Segundos: 48
NIteraciones: 100000

Costo_train: 0.167380
Precision_train: 0.844444
Recall_train: 0.428035
F1_train: 0.568106

Costo_test: 0.176783
Precision_test: 0.761468
Recall_test: 0.412935
F1_test: 0.535484
 

Arquitectura: _2_6_1_
Semilla: 1788087988
Segundos: 48
NIteraciones: 100000

Costo_train: 0.167768
Precision_train: 0.841849
Recall_train: 0.433041
F1_train: 0.571901

Costo_test: 0.177411
Precision_test: 0.747748
Recall_test: 0.412935
F1_test: 0.532051
 

Arquitectura: _2_6_1_
Semilla: 1788087988
Segundos: 48
NIteraciones: 100000

Costo_train: 0.162689
Precision_train: 0.850598
Recall_train: 0.534418
F1_train: 0.656418

Costo_test: 0.169772
Precision_test: 0.817460
Recall_test: 0.512438
F1_test: 0.629969
 

Arquitectura: _2_6_1_
Semilla: 1788087988
Segundos: 48
NIteraciones: 100000

Costo_train: 0.164703
Precision_train: 0.819923
Recall_train: 0.535670
F1_train: 0.647994

Costo_test: 0.172858
Precision_test: 0.766423
Recall_test: 0.522388
F1_test: 0.621302
 

Arquitectura: _2_6_1_
Semilla: 1788087988
Segundos: 48
NIteraciones: 100000

Costo_train: 0.167677
Precision_train: 0.835749
Recall_train: 0.433041
F1_train: 0.570486

Costo_test: 0.177472
Precision_test: 0.739130
Recall_test: 0.422886
F1_test: 0.537975
 

Arquitectura: _2_6_1_
Semilla: 1788087988
Segundos: 48
NIteraciones: 100000

Costo_train: 0.167907
Precision_train: 0.855000
Recall_train: 0.428035
F1_train: 0.570475

Costo_test: 0.176864
Precision_test: 0.775701
Recall_test: 0.412935
F1_test: 0.538961
 

Arquitectura: _2_6_1_
Semilla: 1788087988
Segundos: 48
NIteraciones: 100000

Costo_train: 0.167872
Precision_train: 0.835351
Recall_train: 0.431790
F1_train: 0.569307

Costo_test: 0.177813
Precision_test: 0.756757
Recall_test: 0.417910
F1_test: 0.538462
 

Arquitectura: _2_6_1_
Semilla: 1788087988
Segundos: 48
NIteraciones: 100000

Costo_train: 0.166006
Precision_train: 0.701649
Recall_train: 0.585732
F1_train: 0.638472

Costo_test: 0.173704
Precision_test: 0.682353
Recall_test: 0.577114
F1_test: 0.625337
 

Arquitectura: _2_6_1_
Semilla: 1788087988
Segundos: 48
NIteraciones: 100000

Costo_train: 0.166599
Precision_train: 0.772329
Recall_train: 0.551940
F1_train: 0.643796

Costo_test: 0.176889
Precision_test: 0.743243
Recall_test: 0.547264
F1_test: 0.630373
 

Arquitectura: _2_6_1_
Semilla: 1788087988
Segundos: 48
NIteraciones: 100000

Costo_train: 0.164555
Precision_train: 0.781109
Recall_train: 0.652065
F1_train: 0.710778

Costo_test: 0.173663
Precision_test: 0.769231
Recall_test: 0.646766
F1_test: 0.702703
 

Arquitectura: _2_6_1_
Semilla: 1788087988
Segundos: 48
NIteraciones: 100000

Costo_train: 0.160136
Precision_train: 0.751786
Recall_train: 0.526909
F1_train: 0.619573

Costo_test: 0.166006
Precision_test: 0.739726
Recall_test: 0.537313
F1_test: 0.622478
 

Arquitectura: _2_6_1_
Semilla: 1788087988
Segundos: 48
NIteraciones: 100000

Costo_train: 0.164437
Precision_train: 0.754545
Recall_train: 0.623279
F1_train: 0.682659

Costo_test: 0.177578
Precision_test: 0.678363
Recall_test: 0.577114
F1_test: 0.623656
 

Arquitectura: _2_6_1_
Semilla: 1788087988
Segundos: 48
NIteraciones: 100000

Costo_train: 0.167962
Precision_train: 0.837379
Recall_train: 0.431790
F1_train: 0.569777

Costo_test: 0.177511
Precision_test: 0.756757
Recall_test: 0.417910
F1_test: 0.538462
 

Arquitectura: _2_6_1_
Semilla: 1788087988
Segundos: 48
NIteraciones: 100000

Costo_train: 0.166778
Precision_train: 0.771836
Recall_train: 0.541927
F1_train: 0.636765

Costo_test: 0.177122
Precision_test: 0.732877
Recall_test: 0.532338
F1_test: 0.616715
 

Arquitectura: _2_6_1_
Semilla: 1788087988
Segundos: 48
NIteraciones: 100000

Costo_train: 0.165511
Precision_train: 0.693567
Recall_train: 0.742178
F1_train: 0.717050

Costo_test: 0.176731
Precision_test: 0.644144
Recall_test: 0.711443
F1_test: 0.676123
 

Arquitectura: _2_6_1_
Semilla: 1788087988
Segundos: 48
NIteraciones: 100000

Costo_train: 0.167750
Precision_train: 0.836585
Recall_train: 0.429287
F1_train: 0.567411

Costo_test: 0.177225
Precision_test: 0.754545
Recall_test: 0.412935
F1_test: 0.533762
 

Arquitectura: _2_6_1_
Semilla: 1788087988
Segundos: 48
NIteraciones: 100000

Costo_train: 0.165352
Precision_train: 0.734446
Recall_train: 0.605757
F1_train: 0.663923

Costo_test: 0.170161
Precision_test: 0.713415
Recall_test: 0.582090
F1_test: 0.641096
 

Arquitectura: _2_6_1_
Semilla: 1788087988
Segundos: 48
NIteraciones: 100000

Costo_train: 0.167881
Precision_train: 0.806678
Recall_train: 0.574468
F1_train: 0.671053

Costo_test: 0.177090
Precision_test: 0.771242
Recall_test: 0.587065
F1_test: 0.666667
 

Arquitectura: _2_6_1_
Semilla: 1788087988
Segundos: 48
NIteraciones: 100000

Costo_train: 0.167814
Precision_train: 0.840194
Recall_train: 0.434293
F1_train: 0.572607

Costo_test: 0.177376
Precision_test: 0.756757
Recall_test: 0.417910
F1_test: 0.538462
 

Arquitectura: _2_6_1_
Semilla: 1788087988
Segundos: 48
NIteraciones: 100000

Costo_train: 0.164094
Precision_train: 0.748899
Recall_train: 0.638298
F1_train: 0.689189

Costo_test: 0.178212
Precision_test: 0.664773
Recall_test: 0.582090
F1_test: 0.620690
 

Arquitectura: _2_6_1_
Semilla: 1788087988
Segundos: 48
NIteraciones: 100000

Costo_train: 0.166513
Precision_train: 0.774081
Recall_train: 0.553191
F1_train: 0.645256

Costo_test: 0.176814
Precision_test: 0.740000
Recall_test: 0.552239
F1_test: 0.632479
 

Arquitectura: _2_6_1_
Semilla: 1788087988
Segundos: 48
NIteraciones: 100000

Costo_train: 0.166491
Precision_train: 0.782143
Recall_train: 0.548185
F1_train: 0.644592

Costo_test: 0.177132
Precision_test: 0.744828
Recall_test: 0.537313
F1_test: 0.624277
 

Arquitectura: _2_6_1_
Semilla: 1788087988
Segundos: 48
NIteraciones: 100000

Costo_train: 0.166762
Precision_train: 0.788909
Recall_train: 0.551940
F1_train: 0.649485

Costo_test: 0.176597
Precision_test: 0.751724
Recall_test: 0.542289
F1_test: 0.630058
 

Arquitectura: _2_6_1_
Semilla: 1788087988
Segundos: 48
NIteraciones: 100000

Costo_train: 0.165164
Precision_train: 0.702635
Recall_train: 0.700876
F1_train: 0.701754

Costo_test: 0.177180
Precision_test: 0.661765
Recall_test: 0.671642
F1_test: 0.666667
 

Arquitectura: _2_6_1_
Semilla: 1788087988
Segundos: 48
NIteraciones: 100000

Costo_train: 0.167713
Precision_train: 0.836983
Recall_train: 0.430538
F1_train: 0.568595

Costo_test: 0.177192
Precision_test: 0.747748
Recall_test: 0.412935
F1_test: 0.532051
 

Arquitectura: _2_6_1_
Semilla: 1788087988
Segundos: 48
NIteraciones: 100000

Costo_train: 0.164778
Precision_train: 0.724771
Recall_train: 0.692115
F1_train: 0.708067

Costo_test: 0.177096
Precision_test: 0.664948
Recall_test: 0.641791
F1_test: 0.653165
 

Arquitectura: _2_6_1_
Semilla: 1788087988
Segundos: 48
NIteraciones: 100000

Costo_train: 0.164432
Precision_train: 0.836614
Recall_train: 0.531915
F1_train: 0.650344

Costo_test: 0.171729
Precision_test: 0.800000
Recall_test: 0.517413
F1_test: 0.628399
 

Arquitectura: _2_6_1_
Semilla: 1788087988
Segundos: 48
NIteraciones: 100000

Costo_train: 0.166638
Precision_train: 0.780749
Recall_train: 0.548185
F1_train: 0.644118

Costo_test: 0.176508
Precision_test: 0.755102
Recall_test: 0.552239
F1_test: 0.637931
 

Arquitectura: _2_6_1_
Semilla: 1788087988
Segundos: 48
NIteraciones: 100000

Costo_train: 0.164181
Precision_train: 0.843254
Recall_train: 0.531915
F1_train: 0.652341

Costo_test: 0.171619
Precision_test: 0.804688
Recall_test: 0.512438
F1_test: 0.626140
 

Arquitectura: _2_6_1_
Semilla: 1788087988
Segundos: 48
NIteraciones: 100000

Costo_train: 0.166761
Precision_train: 0.736264
Recall_train: 0.586984
F1_train: 0.653203

Costo_test: 0.176952
Precision_test: 0.686047
Recall_test: 0.587065
F1_test: 0.632708
 

Arquitectura: _2_6_1_
Semilla: 1788087988
Segundos: 48
NIteraciones: 100000

Costo_train: 0.161914
Precision_train: 0.680628
Recall_train: 0.813517
F1_train: 0.741163

Costo_test: 0.173135
Precision_test: 0.650000
Recall_test: 0.776119
F1_test: 0.707483
 

Arquitectura: _2_6_1_
Semilla: 1788087988
Segundos: 48
NIteraciones: 100000

Costo_train: 0.167110
Precision_train: 0.747088
Recall_train: 0.561952
F1_train: 0.641429

Costo_test: 0.176254
Precision_test: 0.758170
Recall_test: 0.577114
F1_test: 0.655367
 

Arquitectura: _2_6_1_
Semilla: 1788087988
Segundos: 48
NIteraciones: 100000

Costo_train: 0.165789
Precision_train: 0.746855
Recall_train: 0.594493
F1_train: 0.662021

Costo_test: 0.178400
Precision_test: 0.680473
Recall_test: 0.572139
F1_test: 0.621622
 

Arquitectura: _2_6_1_
Semilla: 1788087988
Segundos: 48
NIteraciones: 100000

Costo_train: 0.167028
Precision_train: 0.768982
Recall_train: 0.595745
F1_train: 0.671368

Costo_test: 0.177269
Precision_test: 0.740506
Recall_test: 0.582090
F1_test: 0.651811
 

Arquitectura: _2_6_1_
Semilla: 1788087988
Segundos: 48
NIteraciones: 100000

Costo_train: 0.165978
Precision_train: 0.819923
Recall_train: 0.535670
F1_train: 0.647994

Costo_test: 0.174621
Precision_test: 0.762590
Recall_test: 0.527363
F1_test: 0.623529
 

Arquitectura: _2_6_1_
Semilla: 1788087988
Segundos: 48
NIteraciones: 100000

Costo_train: 0.165841
Precision_train: 0.815589
Recall_train: 0.536921
F1_train: 0.647547

Costo_test: 0.174882
Precision_test: 0.766423
Recall_test: 0.522388
F1_test: 0.621302
 

Arquitectura: _2_6_1_
Semilla: 1788087988
Segundos: 48
NIteraciones: 100000

Costo_train: 0.164583
Precision_train: 0.751880
Recall_train: 0.625782
F1_train: 0.683060

Costo_test: 0.177637
Precision_test: 0.672515
Recall_test: 0.572139
F1_test: 0.618280
 

Arquitectura: _2_6_1_
Semilla: 1788087988
Segundos: 48
NIteraciones: 100000

Costo_train: 0.166224
Precision_train: 0.733333
Recall_train: 0.647059
F1_train: 0.687500

Costo_test: 0.178209
Precision_test: 0.679558
Recall_test: 0.611940
F1_test: 0.643979
 

Arquitectura: _2_6_1_
Semilla: 1788087988
Segundos: 48
NIteraciones: 100000

Costo_train: 0.167912
Precision_train: 0.841463
Recall_train: 0.431790
F1_train: 0.570720

Costo_test: 0.177317
Precision_test: 0.754545
Recall_test: 0.412935
F1_test: 0.533762
 

Arquitectura: _2_6_1_
Semilla: 1788087988
Segundos: 48
NIteraciones: 100000

Costo_train: 0.166066
Precision_train: 0.799270
Recall_train: 0.548185
F1_train: 0.650334

Costo_test: 0.176603
Precision_test: 0.762238
Recall_test: 0.542289
F1_test: 0.633721
 

Arquitectura: _2_6_1_
Semilla: 1788087988
Segundos: 48
NIteraciones: 100000

Costo_train: 0.167946
Precision_train: 0.847291
Recall_train: 0.430538
F1_train: 0.570954

Costo_test: 0.177128
Precision_test: 0.777778
Recall_test: 0.417910
F1_test: 0.543689
 

Arquitectura: _2_6_1_
Semilla: 1788087988
Segundos: 48
NIteraciones: 100000

Costo_train: 0.166121
Precision_train: 0.746377
Recall_train: 0.644556
F1_train: 0.691739

Costo_test: 0.177365
Precision_test: 0.686813
Recall_test: 0.621891
F1_test: 0.652742
 

Arquitectura: _2_6_1_
Semilla: 1788087988
Segundos: 48
NIteraciones: 100000

Costo_train: 0.167950
Precision_train: 0.841463
Recall_train: 0.431790
F1_train: 0.570720

Costo_test: 0.177227
Precision_test: 0.747748
Recall_test: 0.412935
F1_test: 0.532051
 

Arquitectura: _2_6_1_
Semilla: 1788087988
Segundos: 48
NIteraciones: 100000

Costo_train: 0.167466
Precision_train: 0.842752
Recall_train: 0.429287
F1_train: 0.568823

Costo_test: 0.176854
Precision_test: 0.761468
Recall_test: 0.412935
F1_test: 0.535484
 

Arquitectura: _2_6_1_
Semilla: 1788087988
Segundos: 48
NIteraciones: 100000

Costo_train: 0.167794
Precision_train: 0.819026
Recall_train: 0.441802
F1_train: 0.573984

Costo_test: 0.177500
Precision_test: 0.735043
Recall_test: 0.427861
F1_test: 0.540881
 

Arquitectura: _2_6_1_
Semilla: 1788087988
Segundos: 48
NIteraciones: 100000

Costo_train: 0.164757
Precision_train: 0.689298
Recall_train: 0.749687
F1_train: 0.718225

Costo_test: 0.177004
Precision_test: 0.652174
Recall_test: 0.746269
F1_test: 0.696056
 

Arquitectura: _2_6_1_
Semilla: 1788087988
Segundos: 48
NIteraciones: 100000

Costo_train: 0.165836
Precision_train: 0.685057
Recall_train: 0.745932
F1_train: 0.714200

Costo_test: 0.176562
Precision_test: 0.641593
Recall_test: 0.721393
F1_test: 0.679157
 

Arquitectura: _2_6_1_
Semilla: 1788087988
Segundos: 48
NIteraciones: 100000

Costo_train: 0.167932
Precision_train: 0.840686
Recall_train: 0.429287
F1_train: 0.568351

Costo_test: 0.177134
Precision_test: 0.750000
Recall_test: 0.417910
F1_test: 0.536741
 

Arquitectura: _2_6_1_
Semilla: 1788087988
Segundos: 48
NIteraciones: 100000

Costo_train: 0.165907
Precision_train: 0.793738
Recall_train: 0.539424
F1_train: 0.642325

Costo_test: 0.175708
Precision_test: 0.767606
Recall_test: 0.542289
F1_test: 0.635568
 

Arquitectura: _2_6_1_
Semilla: 1788087988
Segundos: 48
NIteraciones: 100000

Costo_train: 0.163719
Precision_train: 0.837255
Recall_train: 0.534418
F1_train: 0.652406

Costo_test: 0.171699
Precision_test: 0.798450
Recall_test: 0.512438
F1_test: 0.624242
 

Arquitectura: _2_6_1_
Semilla: 1788087988
Segundos: 48
NIteraciones: 100000

Costo_train: 0.163126
Precision_train: 0.841584
Recall_train: 0.531915
F1_train: 0.651841

Costo_test: 0.170175
Precision_test: 0.804688
Recall_test: 0.512438
F1_test: 0.626140
 

Arquitectura: _2_6_1_
Semilla: 1788087988
Segundos: 48
NIteraciones: 100000

Costo_train: 0.167091
Precision_train: 0.774351
Recall_train: 0.596996
F1_train: 0.674205

Costo_test: 0.177143
Precision_test: 0.759740
Recall_test: 0.582090
F1_test: 0.659155
 

Arquitectura: _2_6_1_
Semilla: 1788087988
Segundos: 48
NIteraciones: 100000

Costo_train: 0.167712
Precision_train: 0.837379
Recall_train: 0.431790
F1_train: 0.569777

Costo_test: 0.177377
Precision_test: 0.750000
Recall_test: 0.417910
F1_test: 0.536741
 

Arquitectura: _2_6_1_
Semilla: 1788087988
Segundos: 48
NIteraciones: 100000

Costo_train: 0.166258
Precision_train: 0.785331
Recall_train: 0.549437
F1_train: 0.646539

Costo_test: 0.176846
Precision_test: 0.750000
Recall_test: 0.537313
F1_test: 0.626087
 

Arquitectura: _2_6_1_
Semilla: 1788087988
Segundos: 48
NIteraciones: 100000

Costo_train: 0.167984
Precision_train: 0.856061
Recall_train: 0.424280
F1_train: 0.567364

Costo_test: 0.176768
Precision_test: 0.775701
Recall_test: 0.412935
F1_test: 0.538961
 

Arquitectura: _2_6_1_
Semilla: 1788087988
Segundos: 48
NIteraciones: 100000

Costo_train: 0.167928
Precision_train: 0.850746
Recall_train: 0.428035
F1_train: 0.569525

Costo_test: 0.176905
Precision_test: 0.770642
Recall_test: 0.417910
F1_test: 0.541936
 

Arquitectura: _2_6_1_
Semilla: 1788087988
Segundos: 48
NIteraciones: 100000

Costo_train: 0.167247
Precision_train: 0.767661
Recall_train: 0.612015
F1_train: 0.681059

Costo_test: 0.176938
Precision_test: 0.773585
Recall_test: 0.611940
F1_test: 0.683333
 

Arquitectura: _2_6_1_
Semilla: 1788087988
Segundos: 48
NIteraciones: 100000

Costo_train: 0.167919
Precision_train: 0.839024
Recall_train: 0.430538
F1_train: 0.569065

Costo_test: 0.176908
Precision_test: 0.747748
Recall_test: 0.412935
F1_test: 0.532051
 

Arquitectura: _2_6_1_
Semilla: 1788087988
Segundos: 48
NIteraciones: 100000

Costo_train: 0.167945
Precision_train: 0.849383
Recall_train: 0.430538
F1_train: 0.571429

Costo_test: 0.176877
Precision_test: 0.768519
Recall_test: 0.412935
F1_test: 0.537217
 

Arquitectura: _2_6_1_
Semilla: 1788087988
Segundos: 48
NIteraciones: 100000

Costo_train: 0.166116
Precision_train: 0.788043
Recall_train: 0.544431
F1_train: 0.643967

Costo_test: 0.176366
Precision_test: 0.753521
Recall_test: 0.532338
F1_test: 0.623907
 

Arquitectura: _2_6_1_
Semilla: 1788087988
Segundos: 48
NIteraciones: 100000

Costo_train: 0.166760
Precision_train: 0.787659
Recall_train: 0.543179
F1_train: 0.642963

Costo_test: 0.176338
Precision_test: 0.756944
Recall_test: 0.542289
F1_test: 0.631884
 

Arquitectura: _2_6_1_
Semilla: 1788087988
Segundos: 48
NIteraciones: 100000

Costo_train: 0.166686
Precision_train: 0.777580
Recall_train: 0.546934
F1_train: 0.642175

Costo_test: 0.176641
Precision_test: 0.753425
Recall_test: 0.547264
F1_test: 0.634006
 

Arquitectura: _2_6_1_
Semilla: 1788087988
Segundos: 48
NIteraciones: 100000

Costo_train: 0.164635
Precision_train: 0.751488
Recall_train: 0.632040
F1_train: 0.686608

Costo_test: 0.178071
Precision_test: 0.680233
Recall_test: 0.582090
F1_test: 0.627346
 

Arquitectura: _2_6_1_
Semilla: 1788087988
Segundos: 48
NIteraciones: 100000

Costo_train: 0.168124
Precision_train: 0.839416
Recall_train: 0.431790
F1_train: 0.570248

Costo_test: 0.177582
Precision_test: 0.763636
Recall_test: 0.417910
F1_test: 0.540193
 

Arquitectura: _2_6_1_
Semilla: 1788087988
Segundos: 48
NIteraciones: 100000

Costo_train: 0.165096
Precision_train: 0.747706
Recall_train: 0.612015
F1_train: 0.673090

Costo_test: 0.178396
Precision_test: 0.668605
Recall_test: 0.572139
F1_test: 0.616622
 

Arquitectura: _2_6_1_
Semilla: 1788087988
Segundos: 48
NIteraciones: 100000

Costo_train: 0.167956
Precision_train: 0.843521
Recall_train: 0.431790
F1_train: 0.571192

Costo_test: 0.177334
Precision_test: 0.763636
Recall_test: 0.417910
F1_test: 0.540193
 

Arquitectura: _2_6_1_
Semilla: 1788087988
Segundos: 48
NIteraciones: 100000

Costo_train: 0.167701
Precision_train: 0.841463
Recall_train: 0.431790
F1_train: 0.570720

Costo_test: 0.177263
Precision_test: 0.750000
Recall_test: 0.417910
F1_test: 0.536741
 

Arquitectura: _2_6_1_
Semilla: 1788087988
Segundos: 48
NIteraciones: 100000

Costo_train: 0.150386
Precision_train: 0.815113
Recall_train: 0.634543
F1_train: 0.713582

Costo_test: 0.159421
Precision_test: 0.769231
Recall_test: 0.646766
F1_test: 0.702703
 

Arquitectura: _2_6_1_
Semilla: 1788087988
Segundos: 48
NIteraciones: 100000

Costo_train: 0.165117
Precision_train: 0.689095
Recall_train: 0.743429
F1_train: 0.715232

Costo_test: 0.177096
Precision_test: 0.655022
Recall_test: 0.746269
F1_test: 0.697674
 

Arquitectura: _2_6_1_
Semilla: 1788087988
Segundos: 48
NIteraciones: 100000

Costo_train: 0.164915
Precision_train: 0.752705
Recall_train: 0.609512
F1_train: 0.673582

Costo_test: 0.178376
Precision_test: 0.670588
Recall_test: 0.567164
F1_test: 0.614555
 

Arquitectura: _2_6_1_
Semilla: 1788087988
Segundos: 48
NIteraciones: 100000

Costo_train: 0.164977
Precision_train: 0.726064
Recall_train: 0.683354
F1_train: 0.704062

Costo_test: 0.177305
Precision_test: 0.664975
Recall_test: 0.651741
F1_test: 0.658291
 

Arquitectura: _2_6_1_
Semilla: 1788087988
Segundos: 48
NIteraciones: 100000

Costo_train: 0.166775
Precision_train: 0.783688
Recall_train: 0.553191
F1_train: 0.648569

Costo_test: 0.176920
Precision_test: 0.750000
Recall_test: 0.552239
F1_test: 0.636103
 

Arquitectura: _2_6_1_
Semilla: 1788087988
Segundos: 48
NIteraciones: 100000

Costo_train: 0.162887
Precision_train: 0.839216
Recall_train: 0.535670
F1_train: 0.653934

Costo_test: 0.171141
Precision_test: 0.792308
Recall_test: 0.512438
F1_test: 0.622357
 


--- Test Profunda 2.0 ---
Iteración 10000
Costo: 0.249807
Iteración 20000
Costo: 0.248809
Iteración 30000
Costo: 0.235927
Iteración 40000
Costo: 0.211234
Iteración 50000
Costo: 0.193763
Iteración 60000
Costo: 0.191295
Iteración 70000
Costo: 0.189929
Iteración 80000
Costo: 0.188610
Iteración 90000
Costo: 0.186974

Arquitectura: _2_3_3_1_
Semilla: 1788088036
Segundos: 94
NIteraciones: 100000

Costo_train: 0.185634
Precision_train: 0.684076
Recall_train: 0.672090
F1_train: 0.678030

Costo_test: 0.195356
Precision_test: 0.676471
Recall_test: 0.686567
F1_test: 0.681481
 

Arquitectura: _2_3_3_1_
Semilla: 1788088036
Segundos: 94
NIteraciones: 100000

Costo_train: 0.188518
Precision_train: 0.663605
Recall_train: 0.723404
F1_train: 0.692216

Costo_test: 0.200992
Precision_test: 0.617117
Recall_test: 0.681592
F1_test: 0.647754
 

Arquitectura: _2_3_3_1_
Semilla: 1788088036
Segundos: 94
NIteraciones: 100000

Costo_train: 0.185309
Precision_train: 0.690323
Recall_train: 0.669587
F1_train: 0.679797

Costo_test: 0.200264
Precision_test: 0.658163
Recall_test: 0.641791
F1_test: 0.649874
 

Arquitectura: _2_3_3_1_
Semilla: 1788088036
Segundos: 94
NIteraciones: 100000

Costo_train: 0.177814
Precision_train: 0.677578
Recall_train: 0.518148
F1_train: 0.587234

Costo_test: 0.189943
Precision_test: 0.645570
Recall_test: 0.507463
F1_test: 0.568245
 

Arquitectura: _2_3_3_1_
Semilla: 1788088036
Segundos: 94
NIteraciones: 100000

Costo_train: 0.184712
Precision_train: 0.715959
Recall_train: 0.612015
F1_train: 0.659919

Costo_test: 0.184732
Precision_test: 0.716763
Recall_test: 0.616915
F1_test: 0.663102
 

Arquitectura: _2_3_3_1_
Semilla: 1788088036
Segundos: 94
NIteraciones: 100000

Costo_train: 0.190740
Precision_train: 0.658906
Recall_train: 0.708385
F1_train: 0.682750

Costo_test: 0.202338
Precision_test: 0.613953
Recall_test: 0.656716
F1_test: 0.634615
 

Arquitectura: _2_3_3_1_
Semilla: 1788088036
Segundos: 94
NIteraciones: 100000

Costo_train: 0.207534
Precision_train: 0.770833
Recall_train: 0.509387
F1_train: 0.613414

Costo_test: 0.217603
Precision_test: 0.781250
Recall_test: 0.497512
F1_test: 0.607903
 

Arquitectura: _2_3_3_1_
Semilla: 1788088036
Segundos: 94
NIteraciones: 100000

Costo_train: 0.212766
Precision_train: 0.548387
Recall_train: 0.617021
F1_train: 0.580683

Costo_test: 0.214730
Precision_test: 0.506608
Recall_test: 0.572139
F1_test: 0.537383
 

Arquitectura: _2_3_3_1_
Semilla: 1788088036
Segundos: 94
NIteraciones: 100000

Costo_train: 0.179955
Precision_train: 0.680054
Recall_train: 0.635795
F1_train: 0.657180

Costo_test: 0.185382
Precision_test: 0.663212
Recall_test: 0.636816
F1_test: 0.649746
 

Arquitectura: _2_3_3_1_
Semilla: 1788088036
Segundos: 94
NIteraciones: 100000

Costo_train: 0.198506
Precision_train: 0.664294
Recall_train: 0.700876
F1_train: 0.682095

Costo_test: 0.219629
Precision_test: 0.613636
Recall_test: 0.671642
F1_test: 0.641330
 

Arquitectura: _2_3_3_1_
Semilla: 1788088036
Segundos: 94
NIteraciones: 100000

Costo_train: 0.182456
Precision_train: 0.661972
Recall_train: 0.647059
F1_train: 0.654430

Costo_test: 0.187701
Precision_test: 0.651282
Recall_test: 0.631841
F1_test: 0.641414
 

Arquitectura: _2_3_3_1_
Semilla: 1788088036
Segundos: 94
NIteraciones: 100000

Costo_train: 0.186586
Precision_train: 0.662032
Recall_train: 0.774718
F1_train: 0.713956

Costo_test: 0.190421
Precision_test: 0.683544
Recall_test: 0.805970
F1_test: 0.739726
 

Arquitectura: _2_3_3_1_
Semilla: 1788088036
Segundos: 94
NIteraciones: 100000

Costo_train: 0.175010
Precision_train: 0.813679
Recall_train: 0.431790
F1_train: 0.564186

Costo_test: 0.183562
Precision_test: 0.713115
Recall_test: 0.432836
F1_test: 0.538700
 

Arquitectura: _2_3_3_1_
Semilla: 1788088036
Segundos: 94
NIteraciones: 100000

Costo_train: 0.184962
Precision_train: 0.722142
Recall_train: 0.624531
F1_train: 0.669799

Costo_test: 0.192085
Precision_test: 0.693642
Recall_test: 0.597015
F1_test: 0.641711
 

Arquitectura: _2_3_3_1_
Semilla: 1788088036
Segundos: 94
NIteraciones: 100000

Costo_train: 0.185983
Precision_train: 0.673004
Recall_train: 0.664581
F1_train: 0.668766

Costo_test: 0.194473
Precision_test: 0.673077
Recall_test: 0.696517
F1_test: 0.684597
 

Arquitectura: _2_3_3_1_
Semilla: 1788088036
Segundos: 94
NIteraciones: 100000

Costo_train: 0.188339
Precision_train: 0.712593
Recall_train: 0.602003
F1_train: 0.652646

Costo_test: 0.200141
Precision_test: 0.702381
Recall_test: 0.587065
F1_test: 0.639566
 

Arquitectura: _2_3_3_1_
Semilla: 1788088036
Segundos: 94
NIteraciones: 100000

Costo_train: 0.188889
Precision_train: 0.661714
Recall_train: 0.724656
F1_train: 0.691756

Costo_test: 0.201120
Precision_test: 0.621005
Recall_test: 0.676617
F1_test: 0.647619
 

Arquitectura: _2_3_3_1_
Semilla: 1788088036
Segundos: 94
NIteraciones: 100000

Costo_train: 0.186745
Precision_train: 0.742671
Recall_train: 0.570713
F1_train: 0.645435

Costo_test: 0.200200
Precision_test: 0.685535
Recall_test: 0.542289
F1_test: 0.605556
 

Arquitectura: _2_3_3_1_
Semilla: 1788088036
Segundos: 94
NIteraciones: 100000

Costo_train: 0.215256
Precision_train: 0.628723
Recall_train: 0.739675
F1_train: 0.679701

Costo_test: 0.218861
Precision_test: 0.606838
Recall_test: 0.706468
F1_test: 0.652874
 

Arquitectura: _2_3_3_1_
Semilla: 1788088036
Segundos: 94
NIteraciones: 100000

Costo_train: 0.193866
Precision_train: 0.687042
Recall_train: 0.703379
F1_train: 0.695114

Costo_test: 0.208751
Precision_test: 0.657005
Recall_test: 0.676617
F1_test: 0.666667
 

Arquitectura: _2_3_3_1_
Semilla: 1788088036
Segundos: 94
NIteraciones: 100000

Costo_train: 0.178219
Precision_train: 0.731250
Recall_train: 0.439299
F1_train: 0.548866

Costo_test: 0.184297
Precision_test: 0.656489
Recall_test: 0.427861
F1_test: 0.518072
 

Arquitectura: _2_3_3_1_
Semilla: 1788088036
Segundos: 94
NIteraciones: 100000

Costo_train: 0.184876
Precision_train: 0.722384
Recall_train: 0.622028
F1_train: 0.668460

Costo_test: 0.192119
Precision_test: 0.697674
Recall_test: 0.597015
F1_test: 0.643432
 

Arquitectura: _2_3_3_1_
Semilla: 1788088036
Segundos: 94
NIteraciones: 100000

Costo_train: 0.188095
Precision_train: 0.811138
Recall_train: 0.419274
F1_train: 0.552805

Costo_test: 0.193295
Precision_test: 0.727273
Recall_test: 0.398010
F1_test: 0.514469
 

Arquitectura: _2_3_3_1_
Semilla: 1788088036
Segundos: 94
NIteraciones: 100000

Costo_train: 0.234253
Precision_train: 0.588394
Recall_train: 0.545682
F1_train: 0.566234

Costo_test: 0.235786
Precision_test: 0.548718
Recall_test: 0.532338
F1_test: 0.540404
 

Arquitectura: _2_3_3_1_
Semilla: 1788088036
Segundos: 94
NIteraciones: 100000

Costo_train: 0.189529
Precision_train: 0.653714
Recall_train: 0.715895
F1_train: 0.683393

Costo_test: 0.197082
Precision_test: 0.649351
Recall_test: 0.746269
F1_test: 0.694444
 

Arquitectura: _2_3_3_1_
Semilla: 1788088036
Segundos: 94
NIteraciones: 100000

Costo_train: 0.193867
Precision_train: 0.669654
Recall_train: 0.654568
F1_train: 0.662025

Costo_test: 0.200360
Precision_test: 0.620690
Recall_test: 0.626866
F1_test: 0.623762
 

Arquitectura: _2_3_3_1_
Semilla: 1788088036
Segundos: 94
NIteraciones: 100000

Costo_train: 0.183263
Precision_train: 0.718447
Recall_train: 0.648310
F1_train: 0.681579

Costo_test: 0.194910
Precision_test: 0.683060
Recall_test: 0.621891
F1_test: 0.651042
 

Arquitectura: _2_3_3_1_
Semilla: 1788088036
Segundos: 94
NIteraciones: 100000

Costo_train: 0.189082
Precision_train: 0.699721
Recall_train: 0.627034
F1_train: 0.661386

Costo_test: 0.194721
Precision_test: 0.726257
Recall_test: 0.646766
F1_test: 0.684211
 

Arquitectura: _2_3_3_1_
Semilla: 1788088036
Segundos: 94
NIteraciones: 100000

Costo_train: 0.191911
Precision_train: 0.658432
Recall_train: 0.767209
F1_train: 0.708670

Costo_test: 0.193481
Precision_test: 0.691304
Recall_test: 0.791045
F1_test: 0.737819
 

Arquitectura: _2_3_3_1_
Semilla: 1788088036
Segundos: 94
NIteraciones: 100000

Costo_train: 0.178564
Precision_train: 0.767857
Recall_train: 0.430538
F1_train: 0.551724

Costo_test: 0.188697
Precision_test: 0.725806
Recall_test: 0.447761
F1_test: 0.553846
 

Arquitectura: _2_3_3_1_
Semilla: 1788088036
Segundos: 94
NIteraciones: 100000

Costo_train: 0.212448
Precision_train: 0.549063
Recall_train: 0.623279
F1_train: 0.583822

Costo_test: 0.214381
Precision_test: 0.513043
Recall_test: 0.587065
F1_test: 0.547564
 

Arquitectura: _2_3_3_1_
Semilla: 1788088036
Segundos: 94
NIteraciones: 100000

Costo_train: 0.189399
Precision_train: 0.814181
Recall_train: 0.416771
F1_train: 0.551324

Costo_test: 0.193875
Precision_test: 0.738318
Recall_test: 0.393035
F1_test: 0.512987
 

Arquitectura: _2_3_3_1_
Semilla: 1788088036
Segundos: 94
NIteraciones: 100000

Costo_train: 0.197317
Precision_train: 0.689564
Recall_train: 0.653317
F1_train: 0.670951

Costo_test: 0.209130
Precision_test: 0.663158
Recall_test: 0.626866
F1_test: 0.644501
 

Arquitectura: _2_3_3_1_
Semilla: 1788088036
Segundos: 94
NIteraciones: 100000

Costo_train: 0.213530
Precision_train: 0.838356
Recall_train: 0.382979
F1_train: 0.525773

Costo_test: 0.225808
Precision_test: 0.804348
Recall_test: 0.368159
F1_test: 0.505119
 

Arquitectura: _2_3_3_1_
Semilla: 1788088036
Segundos: 94
NIteraciones: 100000

Costo_train: 0.180301
Precision_train: 0.770601
Recall_train: 0.433041
F1_train: 0.554487

Costo_test: 0.188259
Precision_test: 0.733871
Recall_test: 0.452736
F1_test: 0.560000
 

Arquitectura: _2_3_3_1_
Semilla: 1788088036
Segundos: 94
NIteraciones: 100000

Costo_train: 0.180195
Precision_train: 0.760965
Recall_train: 0.434293
F1_train: 0.552988

Costo_test: 0.189106
Precision_test: 0.733871
Recall_test: 0.452736
F1_test: 0.560000
 

Arquitectura: _2_3_3_1_
Semilla: 1788088036
Segundos: 94
NIteraciones: 100000

Costo_train: 0.188069
Precision_train: 0.707977
Recall_train: 0.622028
F1_train: 0.662225

Costo_test: 0.197295
Precision_test: 0.687861
Recall_test: 0.592040
F1_test: 0.636364
 

Arquitectura: _2_3_3_1_
Semilla: 1788088036
Segundos: 94
NIteraciones: 100000

Costo_train: 0.217395
Precision_train: 0.819672
Recall_train: 0.375469
F1_train: 0.515021

Costo_test: 0.224622
Precision_test: 0.811111
Recall_test: 0.363184
F1_test: 0.501718
 

Arquitectura: _2_3_3_1_
Semilla: 1788088036
Segundos: 94
NIteraciones: 100000

Costo_train: 0.191599
Precision_train: 0.838462
Recall_train: 0.409262
F1_train: 0.550042

Costo_test: 0.195253
Precision_test: 0.762376
Recall_test: 0.383085
F1_test: 0.509934
 

Arquitectura: _2_3_3_1_
Semilla: 1788088036
Segundos: 94
NIteraciones: 100000

Costo_train: 0.190221
Precision_train: 0.658199
Recall_train: 0.713392
F1_train: 0.684685

Costo_test: 0.201837
Precision_test: 0.619266
Recall_test: 0.671642
F1_test: 0.644391
 

Arquitectura: _2_3_3_1_
Semilla: 1788088036
Segundos: 94
NIteraciones: 100000

Costo_train: 0.189342
Precision_train: 0.708638
Recall_train: 0.605757
F1_train: 0.653171

Costo_test: 0.193595
Precision_test: 0.738095
Recall_test: 0.616915
F1_test: 0.672087
 

Arquitectura: _2_3_3_1_
Semilla: 1788088036
Segundos: 94
NIteraciones: 100000

Costo_train: 0.187129
Precision_train: 0.803783
Recall_train: 0.425532
F1_train: 0.556465

Costo_test: 0.192682
Precision_test: 0.727273
Recall_test: 0.398010
F1_test: 0.514469
 

Arquitectura: _2_3_3_1_
Semilla: 1788088036
Segundos: 94
NIteraciones: 100000

Costo_train: 0.190518
Precision_train: 0.855297
Recall_train: 0.414268
F1_train: 0.558179

Costo_test: 0.205340
Precision_test: 0.821782
Recall_test: 0.412935
F1_test: 0.549669
 

Arquitectura: _2_3_3_1_
Semilla: 1788088036
Segundos: 94
NIteraciones: 100000

Costo_train: 0.189222
Precision_train: 0.717095
Recall_train: 0.593242
F1_train: 0.649315

Costo_test: 0.200481
Precision_test: 0.702381
Recall_test: 0.587065
F1_test: 0.639566
 

Arquitectura: _2_3_3_1_
Semilla: 1788088036
Segundos: 94
NIteraciones: 100000

Costo_train: 0.192199
Precision_train: 0.656613
Recall_train: 0.708385
F1_train: 0.681517

Costo_test: 0.203206
Precision_test: 0.621005
Recall_test: 0.676617
F1_test: 0.647619
 

Arquitectura: _2_3_3_1_
Semilla: 1788088036
Segundos: 94
NIteraciones: 100000

Costo_train: 0.176791
Precision_train: 0.833760
Recall_train: 0.408010
F1_train: 0.547899

Costo_test: 0.189839
Precision_test: 0.718182
Recall_test: 0.393035
F1_test: 0.508039
 

Arquitectura: _2_3_3_1_
Semilla: 1788088036
Segundos: 94
NIteraciones: 100000

Costo_train: 0.198130
Precision_train: 0.671362
Recall_train: 0.715895
F1_train: 0.692913

Costo_test: 0.220078
Precision_test: 0.622120
Recall_test: 0.671642
F1_test: 0.645933
 

Arquitectura: _2_3_3_1_
Semilla: 1788088036
Segundos: 94
NIteraciones: 100000

Costo_train: 0.185168
Precision_train: 0.715481
Recall_train: 0.642053
F1_train: 0.676781

Costo_test: 0.199852
Precision_test: 0.670520
Recall_test: 0.577114
F1_test: 0.620321
 

Arquitectura: _2_3_3_1_
Semilla: 1788088036
Segundos: 94
NIteraciones: 100000

Costo_train: 0.190863
Precision_train: 0.661987
Recall_train: 0.767209
F1_train: 0.710725

Costo_test: 0.192559
Precision_test: 0.689655
Recall_test: 0.796020
F1_test: 0.739030
 

Arquitectura: _2_3_3_1_
Semilla: 1788088036
Segundos: 94
NIteraciones: 100000

Costo_train: 0.217600
Precision_train: 0.817935
Recall_train: 0.376721
F1_train: 0.515853

Costo_test: 0.225560
Precision_test: 0.820225
Recall_test: 0.363184
F1_test: 0.503448
 

Arquitectura: _2_3_3_1_
Semilla: 1788088036
Segundos: 94
NIteraciones: 100000

Costo_train: 0.188656
Precision_train: 0.665222
Recall_train: 0.768461
F1_train: 0.713124

Costo_test: 0.190308
Precision_test: 0.686695
Recall_test: 0.796020
F1_test: 0.737327
 

Arquitectura: _2_3_3_1_
Semilla: 1788088036
Segundos: 94
NIteraciones: 100000

Costo_train: 0.188528
Precision_train: 0.660900
Recall_train: 0.717146
F1_train: 0.687875

Costo_test: 0.200972
Precision_test: 0.617512
Recall_test: 0.666667
F1_test: 0.641148
 

Arquitectura: _2_3_3_1_
Semilla: 1788088036
Segundos: 94
NIteraciones: 100000

Costo_train: 0.183690
Precision_train: 0.726141
Recall_train: 0.657071
F1_train: 0.689882

Costo_test: 0.201212
Precision_test: 0.663265
Recall_test: 0.646766
F1_test: 0.654912
 

Arquitectura: _2_3_3_1_
Semilla: 1788088036
Segundos: 94
NIteraciones: 100000

Costo_train: 0.191446
Precision_train: 0.667092
Recall_train: 0.654568
F1_train: 0.660771

Costo_test: 0.197955
Precision_test: 0.617647
Recall_test: 0.626866
F1_test: 0.622222
 

Arquitectura: _2_3_3_1_
Semilla: 1788088036
Segundos: 94
NIteraciones: 100000

Costo_train: 0.178458
Precision_train: 0.677049
Recall_train: 0.516896
F1_train: 0.586231

Costo_test: 0.190328
Precision_test: 0.643312
Recall_test: 0.502488
F1_test: 0.564246
 

Arquitectura: _2_3_3_1_
Semilla: 1788088036
Segundos: 94
NIteraciones: 100000

Costo_train: 0.179645
Precision_train: 0.761693
Recall_train: 0.428035
F1_train: 0.548077

Costo_test: 0.188998
Precision_test: 0.729508
Recall_test: 0.442786
F1_test: 0.551084
 

Arquitectura: _2_3_3_1_
Semilla: 1788088036
Segundos: 94
NIteraciones: 100000

Costo_train: 0.189936
Precision_train: 0.704708
Recall_train: 0.618273
F1_train: 0.658667

Costo_test: 0.194480
Precision_test: 0.738372
Recall_test: 0.631841
F1_test: 0.680965
 

Arquitectura: _2_3_3_1_
Semilla: 1788088036
Segundos: 94
NIteraciones: 100000

Costo_train: 0.190205
Precision_train: 0.662602
Recall_train: 0.612015
F1_train: 0.636304

Costo_test: 0.205494
Precision_test: 0.588542
Recall_test: 0.562189
F1_test: 0.575064
 

Arquitectura: _2_3_3_1_
Semilla: 1788088036
Segundos: 94
NIteraciones: 100000

Costo_train: 0.190812
Precision_train: 0.834625
Recall_train: 0.404255
F1_train: 0.544688

Costo_test: 0.195445
Precision_test: 0.757576
Recall_test: 0.373134
F1_test: 0.500000
 

Arquitectura: _2_3_3_1_
Semilla: 1788088036
Segundos: 94
NIteraciones: 100000

Costo_train: 0.186678
Precision_train: 0.705007
Recall_train: 0.652065
F1_train: 0.677503

Costo_test: 0.201662
Precision_test: 0.679775
Recall_test: 0.601990
F1_test: 0.638522
 

Arquitectura: _2_3_3_1_
Semilla: 1788088036
Segundos: 94
NIteraciones: 100000

Costo_train: 0.177757
Precision_train: 0.678748
Recall_train: 0.515645
F1_train: 0.586060

Costo_test: 0.189902
Precision_test: 0.649351
Recall_test: 0.497512
F1_test: 0.563380
 

Arquitectura: _2_3_3_1_
Semilla: 1788088036
Segundos: 94
NIteraciones: 100000

Costo_train: 0.187454
Precision_train: 0.664509
Recall_train: 0.770964
F1_train: 0.713789

Costo_test: 0.190189
Precision_test: 0.688034
Recall_test: 0.800995
F1_test: 0.740230
 

Arquitectura: _2_3_3_1_
Semilla: 1788088036
Segundos: 94
NIteraciones: 100000

Costo_train: 0.193702
Precision_train: 0.672152
Recall_train: 0.664581
F1_train: 0.668345

Costo_test: 0.201258
Precision_test: 0.624390
Recall_test: 0.636816
F1_test: 0.630542
 

Arquitectura: _2_3_3_1_
Semilla: 1788088036
Segundos: 94
NIteraciones: 100000

Costo_train: 0.180438
Precision_train: 0.753304
Recall_train: 0.428035
F1_train: 0.545890

Costo_test: 0.189545
Precision_test: 0.731707
Recall_test: 0.447761
F1_test: 0.555556
 

Arquitectura: _2_3_3_1_
Semilla: 1788088036
Segundos: 94
NIteraciones: 100000

Costo_train: 0.188521
Precision_train: 0.665476
Recall_train: 0.699625
F1_train: 0.682123

Costo_test: 0.200818
Precision_test: 0.627358
Recall_test: 0.661692
F1_test: 0.644068
 

Arquitectura: _2_3_3_1_
Semilla: 1788088036
Segundos: 94
NIteraciones: 100000

Costo_train: 0.223839
Precision_train: 0.584333
Recall_train: 0.914894
F1_train: 0.713171

Costo_test: 0.224386
Precision_test: 0.576802
Recall_test: 0.915423
F1_test: 0.707692
 

Arquitectura: _2_3_3_1_
Semilla: 1788088036
Segundos: 94
NIteraciones: 100000

Costo_train: 0.197141
Precision_train: 0.857542
Recall_train: 0.384230
F1_train: 0.530683

Costo_test: 0.201675
Precision_test: 0.802198
Recall_test: 0.363184
F1_test: 0.500000
 

Arquitectura: _2_3_3_1_
Semilla: 1788088036
Segundos: 94
NIteraciones: 100000

Costo_train: 0.185317
Precision_train: 0.796729
Recall_train: 0.426783
F1_train: 0.555827

Costo_test: 0.191841
Precision_test: 0.716814
Recall_test: 0.402985
F1_test: 0.515924
 

Arquitectura: _2_3_3_1_
Semilla: 1788088036
Segundos: 94
NIteraciones: 100000

Costo_train: 0.189551
Precision_train: 0.660508
Recall_train: 0.715895
F1_train: 0.687087

Costo_test: 0.201521
Precision_test: 0.625000
Recall_test: 0.671642
F1_test: 0.647482
 

Arquitectura: _2_3_3_1_
Semilla: 1788088036
Segundos: 94
NIteraciones: 100000

Costo_train: 0.188663
Precision_train: 0.833333
Recall_train: 0.387985
F1_train: 0.529462

Costo_test: 0.197119
Precision_test: 0.784946
Recall_test: 0.363184
F1_test: 0.496599
 

Arquitectura: _2_3_3_1_
Semilla: 1788088036
Segundos: 94
NIteraciones: 100000

Costo_train: 0.188424
Precision_train: 0.662069
Recall_train: 0.720901
F1_train: 0.690234

Costo_test: 0.200813
Precision_test: 0.616438
Recall_test: 0.671642
F1_test: 0.642857
 

Arquitectura: _2_3_3_1_
Semilla: 1788088036
Segundos: 94
NIteraciones: 100000

Costo_train: 0.189653
Precision_train: 0.698142
Recall_train: 0.564456
F1_train: 0.624221

Costo_test: 0.190166
Precision_test: 0.701863
Recall_test: 0.562189
F1_test: 0.624309
 

Arquitectura: _2_3_3_1_
Semilla: 1788088036
Segundos: 94
NIteraciones: 100000

Costo_train: 0.212231
Precision_train: 0.588053
Recall_train: 0.948686
F1_train: 0.726054

Costo_test: 0.215332
Precision_test: 0.584615
Recall_test: 0.945274
F1_test: 0.722433
 

Arquitectura: _2_3_3_1_
Semilla: 1788088036
Segundos: 94
NIteraciones: 100000

Costo_train: 0.192955
Precision_train: 0.835052
Recall_train: 0.405507
F1_train: 0.545914

Costo_test: 0.196668
Precision_test: 0.775510
Recall_test: 0.378109
F1_test: 0.508361
 

Arquitectura: _2_3_3_1_
Semilla: 1788088036
Segundos: 94
NIteraciones: 100000

Costo_train: 0.205613
Precision_train: 0.892537
Recall_train: 0.374218
F1_train: 0.527337

Costo_test: 0.218524
Precision_test: 0.845238
Recall_test: 0.353234
F1_test: 0.498246
 

Arquitectura: _2_3_3_1_
Semilla: 1788088036
Segundos: 94
NIteraciones: 100000

Costo_train: 0.188472
Precision_train: 0.668646
Recall_train: 0.704631
F1_train: 0.686167

Costo_test: 0.200813
Precision_test: 0.623810
Recall_test: 0.651741
F1_test: 0.637470
 

Arquitectura: _2_3_3_1_
Semilla: 1788088036
Segundos: 94
NIteraciones: 100000

Costo_train: 0.205413
Precision_train: 0.889881
Recall_train: 0.374218
F1_train: 0.526872

Costo_test: 0.217640
Precision_test: 0.845238
Recall_test: 0.353234
F1_test: 0.498246
 

Arquitectura: _2_3_3_1_
Semilla: 1788088036
Segundos: 94
NIteraciones: 100000

Costo_train: 0.230504
Precision_train: 0.686084
Recall_train: 0.530663
F1_train: 0.598447

Costo_test: 0.232352
Precision_test: 0.660714
Recall_test: 0.552239
F1_test: 0.601626
 

Arquitectura: _2_3_3_1_
Semilla: 1788088036
Segundos: 94
NIteraciones: 100000

Costo_train: 0.187045
Precision_train: 0.723975
Recall_train: 0.574468
F1_train: 0.640614

Costo_test: 0.194157
Precision_test: 0.748428
Recall_test: 0.592040
F1_test: 0.661111
 

Arquitectura: _2_3_3_1_
Semilla: 1788088036
Segundos: 94
NIteraciones: 100000

Costo_train: 0.185558
Precision_train: 0.722384
Recall_train: 0.622028
F1_train: 0.668460

Costo_test: 0.193172
Precision_test: 0.693642
Recall_test: 0.597015
F1_test: 0.641711
 

Arquitectura: _2_3_3_1_
Semilla: 1788088036
Segundos: 94
NIteraciones: 100000

Costo_train: 0.186686
Precision_train: 0.662379
Recall_train: 0.773467
F1_train: 0.713626

Costo_test: 0.190212
Precision_test: 0.683544
Recall_test: 0.805970
F1_test: 0.739726
 

Arquitectura: _2_3_3_1_
Semilla: 1788088036
Segundos: 94
NIteraciones: 100000

Costo_train: 0.208483
Precision_train: 0.875362
Recall_train: 0.377972
F1_train: 0.527972

Costo_test: 0.221440
Precision_test: 0.827586
Recall_test: 0.358209
F1_test: 0.500000
 

Arquitectura: _2_3_3_1_
Semilla: 1788088036
Segundos: 94
NIteraciones: 100000

Costo_train: 0.225615
Precision_train: 0.581452
Recall_train: 0.902378
F1_train: 0.707209

Costo_test: 0.226107
Precision_test: 0.577287
Recall_test: 0.910448
F1_test: 0.706564
 

Arquitectura: _2_3_3_1_
Semilla: 1788088036
Segundos: 94
NIteraciones: 100000

Costo_train: 0.189240
Precision_train: 0.700573
Recall_train: 0.612015
F1_train: 0.653307

Costo_test: 0.200148
Precision_test: 0.678363
Recall_test: 0.577114
F1_test: 0.623656
 

Arquitectura: _2_3_3_1_
Semilla: 1788088036
Segundos: 94
NIteraciones: 100000

Costo_train: 0.186529
Precision_train: 0.721098
Recall_train: 0.624531
F1_train: 0.669349

Costo_test: 0.194984
Precision_test: 0.689655
Recall_test: 0.597015
F1_test: 0.640000
 

Arquitectura: _2_3_3_1_
Semilla: 1788088036
Segundos: 94
NIteraciones: 100000

Costo_train: 0.174462
Precision_train: 0.821002
Recall_train: 0.430538
F1_train: 0.564860

Costo_test: 0.182710
Precision_test: 0.747826
Recall_test: 0.427861
F1_test: 0.544304
 

Arquitectura: _2_3_3_1_
Semilla: 1788088036
Segundos: 94
NIteraciones: 100000

Costo_train: 0.217841
Precision_train: 0.817935
Recall_train: 0.376721
F1_train: 0.515853

Costo_test: 0.225192
Precision_test: 0.820225
Recall_test: 0.363184
F1_test: 0.503448
 

Arquitectura: _2_3_3_1_
Semilla: 1788088036
Segundos: 94
NIteraciones: 100000

Costo_train: 0.187026
Precision_train: 0.676179
Recall_train: 0.682103
F1_train: 0.679128

Costo_test: 0.197914
Precision_test: 0.665072
Recall_test: 0.691542
F1_test: 0.678049
 

Arquitectura: _2_3_3_1_
Semilla: 1788088036
Segundos: 94
NIteraciones: 100000

Costo_train: 0.188972
Precision_train: 0.659379
Recall_train: 0.717146
F1_train: 0.687050

Costo_test: 0.201080
Precision_test: 0.625000
Recall_test: 0.671642
F1_test: 0.647482
 

Arquitectura: _2_3_3_1_
Semilla: 1788088036
Segundos: 94
NIteraciones: 100000

Costo_train: 0.188206
Precision_train: 0.660161
Recall_train: 0.719650
F1_train: 0.688623

Costo_test: 0.200668
Precision_test: 0.614679
Recall_test: 0.666667
F1_test: 0.639618
 

Arquitectura: _2_3_3_1_
Semilla: 1788088036
Segundos: 94
NIteraciones: 100000

Costo_train: 0.191153
Precision_train: 0.692407
Recall_train: 0.673342
F1_train: 0.682741

Costo_test: 0.213373
Precision_test: 0.645320
Recall_test: 0.651741
F1_test: 0.648515
 

Arquitectura: _2_3_3_1_
Semilla: 1788088036
Segundos: 94
NIteraciones: 100000

Costo_train: 0.176580
Precision_train: 0.827586
Recall_train: 0.420526
F1_train: 0.557676

Costo_test: 0.191260
Precision_test: 0.700855
Recall_test: 0.407960
F1_test: 0.515723
 

Arquitectura: _2_3_3_1_
Semilla: 1788088036
Segundos: 94
NIteraciones: 100000

Costo_train: 0.177656
Precision_train: 0.836735
Recall_train: 0.410513
F1_train: 0.550798

Costo_test: 0.192491
Precision_test: 0.696429
Recall_test: 0.388060
F1_test: 0.498403
 

Arquitectura: _2_3_3_1_
Semilla: 1788088036
Segundos: 94
NIteraciones: 100000

Costo_train: 0.186597
Precision_train: 0.664163
Recall_train: 0.774718
F1_train: 0.715194

Costo_test: 0.190199
Precision_test: 0.682203
Recall_test: 0.800995
F1_test: 0.736842
 

Arquitectura: _2_3_3_1_
Semilla: 1788088036
Segundos: 94
NIteraciones: 100000

Costo_train: 0.224823
Precision_train: 0.579491
Recall_train: 0.912390
F1_train: 0.708799

Costo_test: 0.224876
Precision_test: 0.578125
Recall_test: 0.920398
F1_test: 0.710173
 

Arquitectura: _2_3_3_1_
Semilla: 1788088036
Segundos: 94
NIteraciones: 100000

Costo_train: 0.196048
Precision_train: 0.665390
Recall_train: 0.652065
F1_train: 0.658660

Costo_test: 0.202080
Precision_test: 0.618812
Recall_test: 0.621891
F1_test: 0.620347
 

Arquitectura: _2_3_3_1_
Semilla: 1788088036
Segundos: 94
NIteraciones: 100000

Costo_train: 0.197676
Precision_train: 0.684555
Recall_train: 0.654568
F1_train: 0.669226

Costo_test: 0.209544
Precision_test: 0.664921
Recall_test: 0.631841
F1_test: 0.647959
 

Arquitectura: _2_3_3_1_
Semilla: 1788088036
Segundos: 94
NIteraciones: 100000

Costo_train: 0.213478
Precision_train: 0.845304
Recall_train: 0.382979
F1_train: 0.527132

Costo_test: 0.227202
Precision_test: 0.802198
Recall_test: 0.363184
F1_test: 0.500000
 

Arquitectura: _2_3_3_1_
Semilla: 1788088036
Segundos: 94
NIteraciones: 100000

Costo_train: 0.249285
Precision_train: 0.504310
Recall_train: 0.439299
F1_train: 0.469565

Costo_test: 0.249261
Precision_test: 0.502762
Recall_test: 0.452736
F1_test: 0.476440
 

Arquitectura: _2_3_3_1_
Semilla: 1788088036
Segundos: 94
NIteraciones: 100000

Costo_train: 0.185080
Precision_train: 0.719118
Recall_train: 0.612015
F1_train: 0.661258

Costo_test: 0.192848
Precision_test: 0.693642
Recall_test: 0.597015
F1_test: 0.641711
 


--- Test Angosta 3.0 ---
Iteración 10000
Costo: 0.195841
Iteración 20000
Costo: 0.174985
Iteración 30000
Costo: 0.171535
Iteración 40000
Costo: 0.169844
Iteración 50000
Costo: 0.168621
Iteración 60000
Costo: 0.167311
Iteración 70000
Costo: 0.166219
Iteración 80000
Costo: 0.165457
Iteración 90000
Costo: 0.164723

Arquitectura: _2_9_1_
Semilla: 1788088130
Segundos: 52
NIteraciones: 100000

Costo_train: 0.163914
Precision_train: 0.699531
Recall_train: 0.745932
F1_train: 0.721987

Costo_test: 0.176817
Precision_test: 0.659193
Recall_test: 0.731343
F1_test: 0.693396
 

Arquitectura: _2_9_1_
Semilla: 1788088130
Segundos: 52
NIteraciones: 100000

Costo_train: 0.167198
Precision_train: 0.807496
Recall_train: 0.593242
F1_train: 0.683983

Costo_test: 0.176387
Precision_test: 0.764706
Recall_test: 0.582090
F1_test: 0.661017
 

Arquitectura: _2_9_1_
Semilla: 1788088130
Segundos: 52
NIteraciones: 100000

Costo_train: 0.160567
Precision_train: 0.706507
Recall_train: 0.665832
F1_train: 0.685567

Costo_test: 0.166870
Precision_test: 0.707692
Recall_test: 0.686567
F1_test: 0.696970
 

Arquitectura: _2_9_1_
Semilla: 1788088130
Segundos: 52
NIteraciones: 100000

Costo_train: 0.148695
Precision_train: 0.766007
Recall_train: 0.823529
F1_train: 0.793727

Costo_test: 0.161126
Precision_test: 0.704348
Recall_test: 0.805970
F1_test: 0.751740
 

Arquitectura: _2_9_1_
Semilla: 1788088130
Segundos: 52
NIteraciones: 100000

Costo_train: 0.165166
Precision_train: 0.727648
Recall_train: 0.662078
F1_train: 0.693316

Costo_test: 0.178214
Precision_test: 0.673797
Recall_test: 0.626866
F1_test: 0.649485
 

Arquitectura: _2_9_1_
Semilla: 1788088130
Segundos: 52
NIteraciones: 100000

Costo_train: 0.163833
Precision_train: 0.789877
Recall_train: 0.644556
F1_train: 0.709855

Costo_test: 0.172382
Precision_test: 0.771605
Recall_test: 0.621891
F1_test: 0.688705
 

Arquitectura: _2_9_1_
Semilla: 1788088130
Segundos: 52
NIteraciones: 100000

Costo_train: 0.158012
Precision_train: 0.816993
Recall_train: 0.625782
F1_train: 0.708717

Costo_test: 0.164956
Precision_test: 0.785714
Recall_test: 0.601990
F1_test: 0.681690
 

Arquitectura: _2_9_1_
Semilla: 1788088130
Segundos: 52
NIteraciones: 100000

Costo_train: 0.165221
Precision_train: 0.722667
Recall_train: 0.678348
F1_train: 0.699806

Costo_test: 0.177192
Precision_test: 0.661458
Recall_test: 0.631841
F1_test: 0.646310
 

Arquitectura: _2_9_1_
Semilla: 1788088130
Segundos: 52
NIteraciones: 100000

Costo_train: 0.160872
Precision_train: 0.697703
Recall_train: 0.722153
F1_train: 0.709717

Costo_test: 0.172454
Precision_test: 0.651163
Recall_test: 0.696517
F1_test: 0.673077
 

Arquitectura: _2_9_1_
Semilla: 1788088130
Segundos: 52
NIteraciones: 100000

Costo_train: 0.164604
Precision_train: 0.721863
Recall_train: 0.698373
F1_train: 0.709924

Costo_test: 0.177675
Precision_test: 0.671795
Recall_test: 0.651741
F1_test: 0.661616
 

Arquitectura: _2_9_1_
Semilla: 1788088130
Segundos: 52
NIteraciones: 100000

Costo_train: 0.165297
Precision_train: 0.687715
Recall_train: 0.749687
F1_train: 0.717365

Costo_test: 0.176748
Precision_test: 0.650655
Recall_test: 0.741294
F1_test: 0.693023
 

Arquitectura: _2_9_1_
Semilla: 1788088130
Segundos: 52
NIteraciones: 100000

Costo_train: 0.164878
Precision_train: 0.724932
Recall_train: 0.669587
F1_train: 0.696161

Costo_test: 0.177248
Precision_test: 0.671958
Recall_test: 0.631841
F1_test: 0.651282
 

Arquitectura: _2_9_1_
Semilla: 1788088130
Segundos: 52
NIteraciones: 100000

Costo_train: 0.164628
Precision_train: 0.684579
Recall_train: 0.733417
F1_train: 0.708157

Costo_test: 0.177081
Precision_test: 0.642202
Recall_test: 0.696517
F1_test: 0.668258
 

Arquitectura: _2_9_1_
Semilla: 1788088130
Segundos: 52
NIteraciones: 100000

Costo_train: 0.140190
Precision_train: 0.789210
Recall_train: 0.787234
F1_train: 0.788221

Costo_test: 0.151352
Precision_test: 0.740566
Recall_test: 0.781095
F1_test: 0.760291
 

Arquitectura: _2_9_1_
Semilla: 1788088130
Segundos: 52
NIteraciones: 100000

Costo_train: 0.167536
Precision_train: 0.836401
Recall_train: 0.511890
F1_train: 0.635093

Costo_test: 0.176677
Precision_test: 0.774436
Recall_test: 0.512438
F1_test: 0.616766
 

Arquitectura: _2_9_1_
Semilla: 1788088130
Segundos: 52
NIteraciones: 100000

Costo_train: 0.161316
Precision_train: 0.809524
Recall_train: 0.638298
F1_train: 0.713786

Costo_test: 0.169970
Precision_test: 0.793750
Recall_test: 0.631841
F1_test: 0.703601
 

Arquitectura: _2_9_1_
Semilla: 1788088130
Segundos: 52
NIteraciones: 100000

Costo_train: 0.149715
Precision_train: 0.794521
Recall_train: 0.725907
F1_train: 0.758666

Costo_test: 0.157137
Precision_test: 0.761905
Recall_test: 0.716418
F1_test: 0.738461
 

Arquitectura: _2_9_1_
Semilla: 1788088130
Segundos: 52
NIteraciones: 100000

Costo_train: 0.155406
Precision_train: 0.782609
Recall_train: 0.765957
F1_train: 0.774194

Costo_test: 0.165814
Precision_test: 0.728155
Recall_test: 0.746269
F1_test: 0.737101
 

Arquitectura: _2_9_1_
Semilla: 1788088130
Segundos: 52
NIteraciones: 100000

Costo_train: 0.165433
Precision_train: 0.735252
Recall_train: 0.639549
F1_train: 0.684070

Costo_test: 0.177072
Precision_test: 0.683333
Recall_test: 0.611940
F1_test: 0.645669
 

Arquitectura: _2_9_1_
Semilla: 1788088130
Segundos: 52
NIteraciones: 100000

Costo_train: 0.163189
Precision_train: 0.711243
Recall_train: 0.752190
F1_train: 0.731144

Costo_test: 0.177593
Precision_test: 0.674528
Recall_test: 0.711443
F1_test: 0.692494
 

Arquitectura: _2_9_1_
Semilla: 1788088130
Segundos: 52
NIteraciones: 100000

Costo_train: 0.153027
Precision_train: 0.801775
Recall_train: 0.678348
F1_train: 0.734915

Costo_test: 0.157035
Precision_test: 0.796296
Recall_test: 0.641791
F1_test: 0.710744
 

Arquitectura: _2_9_1_
Semilla: 1788088130
Segundos: 52
NIteraciones: 100000

Costo_train: 0.163603
Precision_train: 0.804044
Recall_train: 0.647059
F1_train: 0.717060

Costo_test: 0.172755
Precision_test: 0.777778
Recall_test: 0.626866
F1_test: 0.694215
 

Arquitectura: _2_9_1_
Semilla: 1788088130
Segundos: 52
NIteraciones: 100000

Costo_train: 0.149747
Precision_train: 0.807065
Recall_train: 0.743429
F1_train: 0.773941

Costo_test: 0.154767
Precision_test: 0.807910
Recall_test: 0.711443
F1_test: 0.756614
 

Arquitectura: _2_9_1_
Semilla: 1788088130
Segundos: 52
NIteraciones: 100000

Costo_train: 0.151307
Precision_train: 0.757858
Recall_train: 0.814768
F1_train: 0.785283

Costo_test: 0.163130
Precision_test: 0.700441
Recall_test: 0.791045
F1_test: 0.742991
 

Arquitectura: _2_9_1_
Semilla: 1788088130
Segundos: 52
NIteraciones: 100000

Costo_train: 0.163241
Precision_train: 0.707908
Recall_train: 0.694618
F1_train: 0.701200

Costo_test: 0.175679
Precision_test: 0.663265
Recall_test: 0.646766
F1_test: 0.654912
 

Arquitectura: _2_9_1_
Semilla: 1788088130
Segundos: 52
NIteraciones: 100000

Costo_train: 0.153358
Precision_train: 0.767320
Recall_train: 0.734668
F1_train: 0.750639

Costo_test: 0.158926
Precision_test: 0.738916
Recall_test: 0.746269
F1_test: 0.742574
 

Arquitectura: _2_9_1_
Semilla: 1788088130
Segundos: 52
NIteraciones: 100000

Costo_train: 0.163389
Precision_train: 0.695011
Recall_train: 0.767209
F1_train: 0.729328

Costo_test: 0.177149
Precision_test: 0.648069
Recall_test: 0.751244
F1_test: 0.695852
 

Arquitectura: _2_9_1_
Semilla: 1788088130
Segundos: 52
NIteraciones: 100000

Costo_train: 0.159703
Precision_train: 0.799406
Recall_train: 0.673342
F1_train: 0.730978

Costo_test: 0.169394
Precision_test: 0.740541
Recall_test: 0.681592
F1_test: 0.709845
 

Arquitectura: _2_9_1_
Semilla: 1788088130
Segundos: 52
NIteraciones: 100000

Costo_train: 0.163727
Precision_train: 0.700935
Recall_train: 0.750939
F1_train: 0.725076

Costo_test: 0.176239
Precision_test: 0.665158
Recall_test: 0.731343
F1_test: 0.696682
 

Arquitectura: _2_9_1_
Semilla: 1788088130
Segundos: 52
NIteraciones: 100000

Costo_train: 0.148741
Precision_train: 0.810321
Recall_train: 0.727159
F1_train: 0.766491

Costo_test: 0.152713
Precision_test: 0.824859
Recall_test: 0.726368
F1_test: 0.772487
 

Arquitectura: _2_9_1_
Semilla: 1788088130
Segundos: 52
NIteraciones: 100000

Costo_train: 0.167088
Precision_train: 0.766214
Recall_train: 0.635795
F1_train: 0.694938

Costo_test: 0.176447
Precision_test: 0.745562
Recall_test: 0.626866
F1_test: 0.681081
 

Arquitectura: _2_9_1_
Semilla: 1788088130
Segundos: 52
NIteraciones: 100000

Costo_train: 0.165275
Precision_train: 0.694444
Recall_train: 0.719650
F1_train: 0.706822

Costo_test: 0.176405
Precision_test: 0.655814
Recall_test: 0.701493
F1_test: 0.677885
 

Arquitectura: _2_9_1_
Semilla: 1788088130
Segundos: 52
NIteraciones: 100000

Costo_train: 0.151907
Precision_train: 0.754739
Recall_train: 0.797247
F1_train: 0.775411

Costo_test: 0.162781
Precision_test: 0.697778
Recall_test: 0.781095
F1_test: 0.737089
 

Arquitectura: _2_9_1_
Semilla: 1788088130
Segundos: 52
NIteraciones: 100000

Costo_train: 0.165966
Precision_train: 0.734724
Recall_train: 0.617021
F1_train: 0.670748

Costo_test: 0.177649
Precision_test: 0.687151
Recall_test: 0.611940
F1_test: 0.647368
 

Arquitectura: _2_9_1_
Semilla: 1788088130
Segundos: 52
NIteraciones: 100000

Costo_train: 0.165097
Precision_train: 0.730245
Recall_train: 0.670839
F1_train: 0.699282

Costo_test: 0.176831
Precision_test: 0.673684
Recall_test: 0.636816
F1_test: 0.654731
 

Arquitectura: _2_9_1_
Semilla: 1788088130
Segundos: 52
NIteraciones: 100000

Costo_train: 0.151354
Precision_train: 0.813804
Recall_train: 0.634543
F1_train: 0.713080

Costo_test: 0.161157
Precision_test: 0.767857
Recall_test: 0.641791
F1_test: 0.699187
 

Arquitectura: _2_9_1_
Semilla: 1788088130
Segundos: 52
NIteraciones: 100000

Costo_train: 0.131766
Precision_train: 0.822801
Recall_train: 0.831039
F1_train: 0.826899

Costo_test: 0.135381
Precision_test: 0.792453
Recall_test: 0.835821
F1_test: 0.813559
 

Arquitectura: _2_9_1_
Semilla: 1788088130
Segundos: 52
NIteraciones: 100000

Costo_train: 0.165082
Precision_train: 0.714469
Recall_train: 0.698373
F1_train: 0.706329

Costo_test: 0.176947
Precision_test: 0.658416
Recall_test: 0.661692
F1_test: 0.660050
 

Arquitectura: _2_9_1_
Semilla: 1788088130
Segundos: 52
NIteraciones: 100000

Costo_train: 0.165830
Precision_train: 0.746313
Recall_train: 0.633292
F1_train: 0.685173

Costo_test: 0.176568
Precision_test: 0.698864
Recall_test: 0.611940
F1_test: 0.652520
 

Arquitectura: _2_9_1_
Semilla: 1788088130
Segundos: 52
NIteraciones: 100000

Costo_train: 0.139396
Precision_train: 0.819095
Recall_train: 0.816020
F1_train: 0.817555

Costo_test: 0.143933
Precision_test: 0.810680
Recall_test: 0.830846
F1_test: 0.820639
 

Arquitectura: _2_9_1_
Semilla: 1788088130
Segundos: 52
NIteraciones: 100000

Costo_train: 0.166710
Precision_train: 0.776042
Recall_train: 0.559449
F1_train: 0.650182

Costo_test: 0.177193
Precision_test: 0.741722
Recall_test: 0.557214
F1_test: 0.636364
 

Arquitectura: _2_9_1_
Semilla: 1788088130
Segundos: 52
NIteraciones: 100000

Costo_train: 0.149174
Precision_train: 0.766033
Recall_train: 0.807259
F1_train: 0.786106

Costo_test: 0.161454
Precision_test: 0.700441
Recall_test: 0.791045
F1_test: 0.742991
 

Arquitectura: _2_9_1_
Semilla: 1788088130
Segundos: 52
NIteraciones: 100000

Costo_train: 0.132556
Precision_train: 0.839839
Recall_train: 0.780976
F1_train: 0.809339

Costo_test: 0.133010
Precision_test: 0.846154
Recall_test: 0.766169
F1_test: 0.804177
 

Arquitectura: _2_9_1_
Semilla: 1788088130
Segundos: 52
NIteraciones: 100000

Costo_train: 0.166084
Precision_train: 0.776199
Recall_train: 0.546934
F1_train: 0.641703

Costo_test: 0.177421
Precision_test: 0.732877
Recall_test: 0.532338
F1_test: 0.616715
 

Arquitectura: _2_9_1_
Semilla: 1788088130
Segundos: 52
NIteraciones: 100000

Costo_train: 0.148842
Precision_train: 0.792041
Recall_train: 0.772215
F1_train: 0.782003

Costo_test: 0.154756
Precision_test: 0.777228
Recall_test: 0.781095
F1_test: 0.779156
 

Arquitectura: _2_9_1_
Semilla: 1788088130
Segundos: 52
NIteraciones: 100000

Costo_train: 0.152265
Precision_train: 0.786408
Recall_train: 0.709637
F1_train: 0.746053

Costo_test: 0.160366
Precision_test: 0.755319
Recall_test: 0.706468
F1_test: 0.730077
 

Arquitectura: _2_9_1_
Semilla: 1788088130
Segundos: 52
NIteraciones: 100000

Costo_train: 0.159465
Precision_train: 0.812893
Recall_train: 0.647059
F1_train: 0.720558

Costo_test: 0.167477
Precision_test: 0.803797
Recall_test: 0.631841
F1_test: 0.707521
 

Arquitectura: _2_9_1_
Semilla: 1788088130
Segundos: 52
NIteraciones: 100000

Costo_train: 0.165569
Precision_train: 0.727520
Recall_train: 0.668335
F1_train: 0.696673

Costo_test: 0.177672
Precision_test: 0.675127
Recall_test: 0.661692
F1_test: 0.668342
 

Arquitectura: _2_9_1_
Semilla: 1788088130
Segundos: 52
NIteraciones: 100000

Costo_train: 0.165437
Precision_train: 0.729138
Recall_train: 0.667084
F1_train: 0.696732

Costo_test: 0.177225
Precision_test: 0.679144
Recall_test: 0.631841
F1_test: 0.654639
 

Arquitectura: _2_9_1_
Semilla: 1788088130
Segundos: 52
NIteraciones: 100000

Costo_train: 0.164590
Precision_train: 0.714286
Recall_train: 0.700876
F1_train: 0.707517

Costo_test: 0.177297
Precision_test: 0.670000
Recall_test: 0.666667
F1_test: 0.668329
 

Arquitectura: _2_9_1_
Semilla: 1788088130
Segundos: 52
NIteraciones: 100000

Costo_train: 0.144625
Precision_train: 0.771327
Recall_train: 0.814768
F1_train: 0.792453

Costo_test: 0.155906
Precision_test: 0.716738
Recall_test: 0.830846
F1_test: 0.769585
 

Arquitectura: _2_9_1_
Semilla: 1788088130
Segundos: 52
NIteraciones: 100000

Costo_train: 0.156109
Precision_train: 0.739237
Recall_train: 0.752190
F1_train: 0.745658

Costo_test: 0.166927
Precision_test: 0.688372
Recall_test: 0.736318
F1_test: 0.711538
 

Arquitectura: _2_9_1_
Semilla: 1788088130
Segundos: 52
NIteraciones: 100000

Costo_train: 0.167484
Precision_train: 0.838235
Recall_train: 0.428035
F1_train: 0.566694

Costo_test: 0.176911
Precision_test: 0.743363
Recall_test: 0.417910
F1_test: 0.535032
 

Arquitectura: _2_9_1_
Semilla: 1788088130
Segundos: 52
NIteraciones: 100000

Costo_train: 0.165165
Precision_train: 0.692666
Recall_train: 0.744681
F1_train: 0.717732

Costo_test: 0.176278
Precision_test: 0.638393
Recall_test: 0.711443
F1_test: 0.672941
 

Arquitectura: _2_9_1_
Semilla: 1788088130
Segundos: 52
NIteraciones: 100000

Costo_train: 0.166487
Precision_train: 0.772013
Recall_train: 0.614518
F1_train: 0.684321

Costo_test: 0.177104
Precision_test: 0.743902
Recall_test: 0.606965
F1_test: 0.668493
 

Arquitectura: _2_9_1_
Semilla: 1788088130
Segundos: 52
NIteraciones: 100000

Costo_train: 0.163158
Precision_train: 0.711485
Recall_train: 0.635795
F1_train: 0.671514

Costo_test: 0.175567
Precision_test: 0.639785
Recall_test: 0.592040
F1_test: 0.614987
 

Arquitectura: _2_9_1_
Semilla: 1788088130
Segundos: 52
NIteraciones: 100000

Costo_train: 0.164723
Precision_train: 0.719947
Recall_train: 0.682103
F1_train: 0.700514

Costo_test: 0.177464
Precision_test: 0.670157
Recall_test: 0.636816
F1_test: 0.653061
 

Arquitectura: _2_9_1_
Semilla: 1788088130
Segundos: 52
NIteraciones: 100000

Costo_train: 0.156317
Precision_train: 0.771580
Recall_train: 0.727159
F1_train: 0.748711

Costo_test: 0.166300
Precision_test: 0.720000
Recall_test: 0.716418
F1_test: 0.718204
 

Arquitectura: _2_9_1_
Semilla: 1788088130
Segundos: 52
NIteraciones: 100000

Costo_train: 0.165699
Precision_train: 0.780576
Recall_train: 0.543179
F1_train: 0.640590

Costo_test: 0.175621
Precision_test: 0.751773
Recall_test: 0.527363
F1_test: 0.619883
 

Arquitectura: _2_9_1_
Semilla: 1788088130
Segundos: 52
NIteraciones: 100000

Costo_train: 0.159857
Precision_train: 0.766620
Recall_train: 0.678348
F1_train: 0.719788

Costo_test: 0.167868
Precision_test: 0.739884
Recall_test: 0.636816
F1_test: 0.684492
 

Arquitectura: _2_9_1_
Semilla: 1788088130
Segundos: 52
NIteraciones: 100000

Costo_train: 0.164619
Precision_train: 0.707134
Recall_train: 0.707134
F1_train: 0.707134

Costo_test: 0.176496
Precision_test: 0.660000
Recall_test: 0.656716
F1_test: 0.658354
 

Arquitectura: _2_9_1_
Semilla: 1788088130
Segundos: 52
NIteraciones: 100000

Costo_train: 0.164061
Precision_train: 0.714286
Recall_train: 0.700876
F1_train: 0.707517

Costo_test: 0.176821
Precision_test: 0.664975
Recall_test: 0.651741
F1_test: 0.658291
 

Arquitectura: _2_9_1_
Semilla: 1788088130
Segundos: 52
NIteraciones: 100000

Costo_train: 0.162582
Precision_train: 0.699655
Recall_train: 0.760951
F1_train: 0.729017

Costo_test: 0.173021
Precision_test: 0.680180
Recall_test: 0.751244
F1_test: 0.713948
 

Arquitectura: _2_9_1_
Semilla: 1788088130
Segundos: 52
NIteraciones: 100000

Costo_train: 0.163806
Precision_train: 0.697929
Recall_train: 0.717146
F1_train: 0.707407

Costo_test: 0.175544
Precision_test: 0.660194
Recall_test: 0.676617
F1_test: 0.668305
 

Arquitectura: _2_9_1_
Semilla: 1788088130
Segundos: 52
NIteraciones: 100000

Costo_train: 0.164362
Precision_train: 0.714103
Recall_train: 0.697121
F1_train: 0.705510

Costo_test: 0.176852
Precision_test: 0.664948
Recall_test: 0.641791
F1_test: 0.653165
 

Arquitectura: _2_9_1_
Semilla: 1788088130
Segundos: 52
NIteraciones: 100000

Costo_train: 0.140919
Precision_train: 0.820027
Recall_train: 0.758448
F1_train: 0.788036

Costo_test: 0.150023
Precision_test: 0.801047
Recall_test: 0.761194
F1_test: 0.780612
 

Arquitectura: _2_9_1_
Semilla: 1788088130
Segundos: 52
NIteraciones: 100000

Costo_train: 0.136165
Precision_train: 0.827404
Recall_train: 0.785982
F1_train: 0.806162

Costo_test: 0.135394
Precision_test: 0.845304
Recall_test: 0.761194
F1_test: 0.801047
 

Arquitectura: _2_9_1_
Semilla: 1788088130
Segundos: 52
NIteraciones: 100000

Costo_train: 0.145770
Precision_train: 0.816000
Recall_train: 0.765957
F1_train: 0.790187

Costo_test: 0.152306
Precision_test: 0.795812
Recall_test: 0.756219
F1_test: 0.775510
 

Arquitectura: _2_9_1_
Semilla: 1788088130
Segundos: 52
NIteraciones: 100000

Costo_train: 0.165083
Precision_train: 0.688084
Recall_train: 0.737171
F1_train: 0.711783

Costo_test: 0.176613
Precision_test: 0.640000
Recall_test: 0.716418
F1_test: 0.676056
 

Arquitectura: _2_9_1_
Semilla: 1788088130
Segundos: 52
NIteraciones: 100000

Costo_train: 0.164770
Precision_train: 0.683529
Recall_train: 0.727159
F1_train: 0.704670

Costo_test: 0.175718
Precision_test: 0.646789
Recall_test: 0.701493
F1_test: 0.673031
 

Arquitectura: _2_9_1_
Semilla: 1788088130
Segundos: 52
NIteraciones: 100000

Costo_train: 0.167045
Precision_train: 0.765854
Recall_train: 0.589487
F1_train: 0.666195

Costo_test: 0.176914
Precision_test: 0.738854
Recall_test: 0.577114
F1_test: 0.648045
 

Arquitectura: _2_9_1_
Semilla: 1788088130
Segundos: 52
NIteraciones: 100000

Costo_train: 0.164711
Precision_train: 0.801498
Recall_train: 0.535670
F1_train: 0.642161

Costo_test: 0.173395
Precision_test: 0.766423
Recall_test: 0.522388
F1_test: 0.621302
 

Arquitectura: _2_9_1_
Semilla: 1788088130
Segundos: 52
NIteraciones: 100000

Costo_train: 0.162953
Precision_train: 0.813644
Recall_train: 0.612015
F1_train: 0.698571

Costo_test: 0.170690
Precision_test: 0.766871
Recall_test: 0.621891
F1_test: 0.686813
 

Arquitectura: _2_9_1_
Semilla: 1788088130
Segundos: 52
NIteraciones: 100000

Costo_train: 0.153262
Precision_train: 0.797654
Recall_train: 0.680851
F1_train: 0.734639

Costo_test: 0.157681
Precision_test: 0.797619
Recall_test: 0.666667
F1_test: 0.726287
 

Arquitectura: _2_9_1_
Semilla: 1788088130
Segundos: 52
NIteraciones: 100000

Costo_train: 0.143614
Precision_train: 0.823529
Recall_train: 0.770964
F1_train: 0.796380

Costo_test: 0.148893
Precision_test: 0.808290
Recall_test: 0.776119
F1_test: 0.791878
 

Arquitectura: _2_9_1_
Semilla: 1788088130
Segundos: 52
NIteraciones: 100000

Costo_train: 0.157839
Precision_train: 0.752866
Recall_train: 0.739675
F1_train: 0.746212

Costo_test: 0.167387
Precision_test: 0.708738
Recall_test: 0.726368
F1_test: 0.717445
 

Arquitectura: _2_9_1_
Semilla: 1788088130
Segundos: 52
NIteraciones: 100000

Costo_train: 0.164547
Precision_train: 0.719321
Recall_train: 0.689612
F1_train: 0.704153

Costo_test: 0.177357
Precision_test: 0.659794
Recall_test: 0.636816
F1_test: 0.648101
 

Arquitectura: _2_9_1_
Semilla: 1788088130
Segundos: 52
NIteraciones: 100000

Costo_train: 0.165611
Precision_train: 0.790551
Recall_train: 0.628285
F1_train: 0.700139

Costo_test: 0.174777
Precision_test: 0.756098
Recall_test: 0.616915
F1_test: 0.679452
 

Arquitectura: _2_9_1_
Semilla: 1788088130
Segundos: 52
NIteraciones: 100000

Costo_train: 0.152649
Precision_train: 0.837838
Recall_train: 0.620776
F1_train: 0.713156

Costo_test: 0.159253
Precision_test: 0.785714
Recall_test: 0.601990
F1_test: 0.681690
 

Arquitectura: _2_9_1_
Semilla: 1788088130
Segundos: 52
NIteraciones: 100000

Costo_train: 0.163424
Precision_train: 0.827853
Recall_train: 0.535670
F1_train: 0.650456

Costo_test: 0.170717
Precision_test: 0.793893
Recall_test: 0.517413
F1_test: 0.626506
 

Arquitectura: _2_9_1_
Semilla: 1788088130
Segundos: 52
NIteraciones: 100000

Costo_train: 0.166287
Precision_train: 0.773490
Recall_train: 0.576971
F1_train: 0.660932

Costo_test: 0.176438
Precision_test: 0.741722
Recall_test: 0.557214
F1_test: 0.636364
 

Arquitectura: _2_9_1_
Semilla: 1788088130
Segundos: 52
NIteraciones: 100000

Costo_train: 0.165024
Precision_train: 0.728378
Recall_train: 0.674593
F1_train: 0.700455

Costo_test: 0.177153
Precision_test: 0.675393
Recall_test: 0.641791
F1_test: 0.658163
 

Arquitectura: _2_9_1_
Semilla: 1788088130
Segundos: 52
NIteraciones: 100000

Costo_train: 0.155886
Precision_train: 0.821543
Recall_train: 0.639549
F1_train: 0.719212

Costo_test: 0.162580
Precision_test: 0.802548
Recall_test: 0.626866
F1_test: 0.703911
 

Arquitectura: _2_9_1_
Semilla: 1788088130
Segundos: 52
NIteraciones: 100000

Costo_train: 0.149533
Precision_train: 0.775163
Recall_train: 0.742178
F1_train: 0.758312

Costo_test: 0.158426
Precision_test: 0.758242
Recall_test: 0.686567
F1_test: 0.720627
 

Arquitectura: _2_9_1_
Semilla: 1788088130
Segundos: 52
NIteraciones: 100000

Costo_train: 0.144995
Precision_train: 0.781893
Recall_train: 0.713392
F1_train: 0.746073

Costo_test: 0.148981
Precision_test: 0.753769
Recall_test: 0.746269
F1_test: 0.750000
 

Arquitectura: _2_9_1_
Semilla: 1788088130
Segundos: 52
NIteraciones: 100000

Costo_train: 0.159775
Precision_train: 0.824092
Recall_train: 0.539424
F1_train: 0.652042

Costo_test: 0.164585
Precision_test: 0.783582
Recall_test: 0.522388
F1_test: 0.626866
 

Arquitectura: _2_9_1_
Semilla: 1788088130
Segundos: 52
NIteraciones: 100000

Costo_train: 0.156866
Precision_train: 0.786533
Recall_train: 0.687109
F1_train: 0.733467

Costo_test: 0.163860
Precision_test: 0.755814
Recall_test: 0.646766
F1_test: 0.697051
 

Arquitectura: _2_9_1_
Semilla: 1788088130
Segundos: 52
NIteraciones: 100000

Costo_train: 0.165330
Precision_train: 0.739496
Recall_train: 0.660826
F1_train: 0.697951

Costo_test: 0.177858
Precision_test: 0.684783
Recall_test: 0.626866
F1_test: 0.654545
 

Arquitectura: _2_9_1_
Semilla: 1788088130
Segundos: 52
NIteraciones: 100000

Costo_train: 0.147762
Precision_train: 0.788416
Recall_train: 0.834794
F1_train: 0.810942

Costo_test: 0.156452
Precision_test: 0.748858
Recall_test: 0.815920
F1_test: 0.780952
 

Arquitectura: _2_9_1_
Semilla: 1788088130
Segundos: 52
NIteraciones: 100000

Costo_train: 0.163223
Precision_train: 0.701043
Recall_train: 0.757196
F1_train: 0.728039

Costo_test: 0.176755
Precision_test: 0.665158
Recall_test: 0.731343
F1_test: 0.696682
 

Arquitectura: _2_9_1_
Semilla: 1788088130
Segundos: 52
NIteraciones: 100000

Costo_train: 0.164557
Precision_train: 0.711027
Recall_train: 0.702128
F1_train: 0.706549

Costo_test: 0.177049
Precision_test: 0.660000
Recall_test: 0.656716
F1_test: 0.658354
 

Arquitectura: _2_9_1_
Semilla: 1788088130
Segundos: 52
NIteraciones: 100000

Costo_train: 0.163949
Precision_train: 0.705446
Recall_train: 0.713392
F1_train: 0.709396

Costo_test: 0.175419
Precision_test: 0.663415
Recall_test: 0.676617
F1_test: 0.669951
 

Arquitectura: _2_9_1_
Semilla: 1788088130
Segundos: 52
NIteraciones: 100000

Costo_train: 0.160047
Precision_train: 0.833656
Recall_train: 0.539424
F1_train: 0.655015

Costo_test: 0.165650
Precision_test: 0.793893
Recall_test: 0.517413
F1_test: 0.626506
 

Arquitectura: _2_9_1_
Semilla: 1788088130
Segundos: 52
NIteraciones: 100000

Costo_train: 0.153812
Precision_train: 0.800000
Recall_train: 0.685857
F1_train: 0.738545

Costo_test: 0.158562
Precision_test: 0.801205
Recall_test: 0.661692
F1_test: 0.724796
 

Arquitectura: _2_9_1_
Semilla: 1788088130
Segundos: 52
NIteraciones: 100000

Costo_train: 0.147702
Precision_train: 0.775414
Recall_train: 0.821026
F1_train: 0.797568

Costo_test: 0.159431
Precision_test: 0.714286
Recall_test: 0.820895
F1_test: 0.763889
 

Arquitectura: _2_9_1_
Semilla: 1788088130
Segundos: 52
NIteraciones: 100000

Costo_train: 0.149206
Precision_train: 0.781290
Recall_train: 0.773467
F1_train: 0.777358

Costo_test: 0.154663
Precision_test: 0.756477
Recall_test: 0.726368
F1_test: 0.741117
 

Arquitectura: _2_9_1_
Semilla: 1788088130
Segundos: 52
NIteraciones: 100000

Costo_train: 0.163742
Precision_train: 0.702703
Recall_train: 0.715895
F1_train: 0.709237

Costo_test: 0.174842
Precision_test: 0.658537
Recall_test: 0.671642
F1_test: 0.665025
 

Arquitectura: _2_9_1_
Semilla: 1788088130
Segundos: 52
NIteraciones: 100000

Costo_train: 0.165157
Precision_train: 0.775671
Recall_train: 0.614518
F1_train: 0.685754

Costo_test: 0.175678
Precision_test: 0.751553
Recall_test: 0.601990
F1_test: 0.668508
 

Arquitectura: _2_9_1_
Semilla: 1788088130
Segundos: 52
NIteraciones: 100000

Costo_train: 0.159220
Precision_train: 0.759285
Recall_train: 0.690864
F1_train: 0.723460

Costo_test: 0.170899
Precision_test: 0.675258
Recall_test: 0.651741
F1_test: 0.663291
 

Arquitectura: _2_9_1_
Semilla: 1788088130
Segundos: 52
NIteraciones: 100000

Costo_train: 0.164979
Precision_train: 0.730821
Recall_train: 0.679600
F1_train: 0.704280

Costo_test: 0.177494
Precision_test: 0.671875
Recall_test: 0.641791
F1_test: 0.656489
 


--- Test Profunda 3.0 ---
Iteración 10000
Costo: 0.249974
Iteración 20000
Costo: 0.249906
Iteración 30000
Costo: 0.249777
Iteración 40000
Costo: 0.249481
Iteración 50000
Costo: 0.248659
Iteración 60000
Costo: 0.245772
Iteración 70000
Costo: 0.235937
Iteración 80000
Costo: 0.221984
Iteración 90000
Costo: 0.196548

Arquitectura: _2_3_3_3_1_
Semilla: 1788088182
Segundos: 140
NIteraciones: 100000

Costo_train: 0.189336
Precision_train: 0.725258
Recall_train: 0.614518
F1_train: 0.665312

Costo_test: 0.202940
Precision_test: 0.695122
Recall_test: 0.567164
F1_test: 0.624658
 

Arquitectura: _2_3_3_3_1_
Semilla: 1788088182
Segundos: 140
NIteraciones: 100000

Costo_train: 0.249977
Precision_train: 0.013699
Recall_train: 0.001252
F1_train: 0.002294

Costo_test: 0.250022
Precision_test: 0.000000
Recall_test: 0.000000
F1_test: -nan(ind)
 

Arquitectura: _2_3_3_3_1_
Semilla: 1788088182
Segundos: 140
NIteraciones: 100000

Costo_train: 0.213986
Precision_train: 0.785185
Recall_train: 0.397997
F1_train: 0.528239

Costo_test: 0.221027
Precision_test: 0.761905
Recall_test: 0.398010
F1_test: 0.522876
 

Arquitectura: _2_3_3_3_1_
Semilla: 1788088182
Segundos: 140
NIteraciones: 100000

Costo_train: 0.218880
Precision_train: 0.816000
Recall_train: 0.382979
F1_train: 0.521295

Costo_test: 0.225147
Precision_test: 0.806452
Recall_test: 0.373134
F1_test: 0.510204
 

Arquitectura: _2_3_3_3_1_
Semilla: 1788088182
Segundos: 140
NIteraciones: 100000

Costo_train: 0.249868
Precision_train: 0.540730
Recall_train: 0.481852
F1_train: 0.509596

Costo_test: 0.250071
Precision_test: 0.502793
Recall_test: 0.447761
F1_test: 0.473684
 

Arquitectura: _2_3_3_3_1_
Semilla: 1788088182
Segundos: 140
NIteraciones: 100000

Costo_train: 0.193775
Precision_train: 0.863271
Recall_train: 0.403004
F1_train: 0.549488

Costo_test: 0.197460
Precision_test: 0.800000
Recall_test: 0.378109
F1_test: 0.513514
 

Arquitectura: _2_3_3_3_1_
Semilla: 1788088182
Segundos: 140
NIteraciones: 100000

Costo_train: 0.196542
Precision_train: 0.648259
Recall_train: 0.675845
F1_train: 0.661765

Costo_test: 0.195667
Precision_test: 0.680952
Recall_test: 0.711443
F1_test: 0.695864
 

Arquitectura: _2_3_3_3_1_
Semilla: 1788088182
Segundos: 140
NIteraciones: 100000

Costo_train: 0.224742
Precision_train: 0.777500
Recall_train: 0.389237
F1_train: 0.518766

Costo_test: 0.227230
Precision_test: 0.760000
Recall_test: 0.378109
F1_test: 0.504983
 

Arquitectura: _2_3_3_3_1_
Semilla: 1788088182
Segundos: 140
NIteraciones: 100000

Costo_train: 0.249915
Precision_train: 0.545008
Recall_train: 0.416771
F1_train: 0.472340

Costo_test: 0.249790
Precision_test: 0.569536
Recall_test: 0.427861
F1_test: 0.488636
 

Arquitectura: _2_3_3_3_1_
Semilla: 1788088182
Segundos: 140
NIteraciones: 100000

Costo_train: 0.233507
Precision_train: 0.521587
Recall_train: 0.559449
F1_train: 0.539855

Costo_test: 0.234916
Precision_test: 0.484018
Recall_test: 0.527363
F1_test: 0.504762
 

Arquitectura: _2_3_3_3_1_
Semilla: 1788088182
Segundos: 140
NIteraciones: 100000

Costo_train: 0.249994
Precision_train: 0.565217
Recall_train: 0.374218
F1_train: 0.450301

Costo_test: 0.250065
Precision_test: 0.492857
Recall_test: 0.343284
F1_test: 0.404692
 

Arquitectura: _2_3_3_3_1_
Semilla: 1788088182
Segundos: 140
NIteraciones: 100000

Costo_train: 0.249899
Precision_train: 0.529252
Recall_train: 0.486859
F1_train: 0.507171

Costo_test: 0.250435
Precision_test: 0.491979
Recall_test: 0.457711
F1_test: 0.474227
 

Arquitectura: _2_3_3_3_1_
Semilla: 1788088182
Segundos: 140
NIteraciones: 100000

Costo_train: 0.249772
Precision_train: 0.570523
Recall_train: 0.450563
F1_train: 0.503496

Costo_test: 0.249840
Precision_test: 0.550898
Recall_test: 0.457711
F1_test: 0.500000
 

Arquitectura: _2_3_3_3_1_
Semilla: 1788088182
Segundos: 140
NIteraciones: 100000

Costo_train: 0.248143
Precision_train: 0.558164
Recall_train: 0.654568
F1_train: 0.602535

Costo_test: 0.249449
Precision_test: 0.531915
Recall_test: 0.621891
F1_test: 0.573394
 

Arquitectura: _2_3_3_3_1_
Semilla: 1788088182
Segundos: 140
NIteraciones: 100000

Costo_train: 0.214242
Precision_train: 0.589577
Recall_train: 0.679600
F1_train: 0.631395

Costo_test: 0.214456
Precision_test: 0.588983
Recall_test: 0.691542
F1_test: 0.636156
 

Arquitectura: _2_3_3_3_1_
Semilla: 1788088182
Segundos: 140
NIteraciones: 100000

Costo_train: 0.197679
Precision_train: 0.675762
Recall_train: 0.526909
F1_train: 0.592124

Costo_test: 0.198484
Precision_test: 0.664557
Recall_test: 0.522388
F1_test: 0.584958
 

Arquitectura: _2_3_3_3_1_
Semilla: 1788088182
Segundos: 140
NIteraciones: 100000

Costo_train: 0.248283
Precision_train: 0.558600
Recall_train: 0.459324
F1_train: 0.504121

Costo_test: 0.248376
Precision_test: 0.570588
Recall_test: 0.482587
F1_test: 0.522911
 

Arquitectura: _2_3_3_3_1_
Semilla: 1788088182
Segundos: 140
NIteraciones: 100000

Costo_train: 0.249989
Precision_train: -nan(ind)
Recall_train: 0.000000
F1_train: -nan(ind)

Costo_test: 0.249964
Precision_test: -nan(ind)
Recall_test: 0.000000
F1_test: -nan(ind)
 

Arquitectura: _2_3_3_3_1_
Semilla: 1788088182
Segundos: 140
NIteraciones: 100000

Costo_train: 0.220197
Precision_train: 0.804688
Recall_train: 0.386733
F1_train: 0.522401

Costo_test: 0.226065
Precision_test: 0.770000
Recall_test: 0.383085
F1_test: 0.511628
 

Arquitectura: _2_3_3_3_1_
Semilla: 1788088182
Segundos: 140
NIteraciones: 100000

Costo_train: 0.249969
Precision_train: 0.491010
Recall_train: 0.444305
F1_train: 0.466491

Costo_test: 0.250218
Precision_test: 0.464481
Recall_test: 0.422886
F1_test: 0.442708
 

Arquitectura: _2_3_3_3_1_
Semilla: 1788088182
Segundos: 140
NIteraciones: 100000

Costo_train: 0.249976
Precision_train: 0.413043
Recall_train: 0.190238
F1_train: 0.260497

Costo_test: 0.250000
Precision_test: 0.471264
Recall_test: 0.203980
F1_test: 0.284722
 

Arquitectura: _2_3_3_3_1_
Semilla: 1788088182
Segundos: 140
NIteraciones: 100000

Costo_train: 0.249941
Precision_train: 0.586667
Recall_train: 0.110138
F1_train: 0.185458

Costo_test: 0.249964
Precision_test: 0.600000
Recall_test: 0.104478
F1_test: 0.177966
 

Arquitectura: _2_3_3_3_1_
Semilla: 1788088182
Segundos: 140
NIteraciones: 100000

Costo_train: 0.249158
Precision_train: 0.513203
Recall_train: 0.559449
F1_train: 0.535329

Costo_test: 0.249353
Precision_test: 0.509174
Recall_test: 0.552239
F1_test: 0.529833
 

Arquitectura: _2_3_3_3_1_
Semilla: 1788088182
Segundos: 140
NIteraciones: 100000

Costo_train: 0.245679
Precision_train: 0.554622
Recall_train: 0.660826
F1_train: 0.603084

Costo_test: 0.247342
Precision_test: 0.518828
Recall_test: 0.616915
F1_test: 0.563636
 

Arquitectura: _2_3_3_3_1_
Semilla: 1788088182
Segundos: 140
NIteraciones: 100000

Costo_train: 0.191179
Precision_train: 0.666667
Recall_train: 0.703379
F1_train: 0.684531

Costo_test: 0.203126
Precision_test: 0.615741
Recall_test: 0.661692
F1_test: 0.637890
 

Arquitectura: _2_3_3_3_1_
Semilla: 1788088182
Segundos: 140
NIteraciones: 100000

Costo_train: 0.217569
Precision_train: 0.816712
Recall_train: 0.379224
F1_train: 0.517949

Costo_test: 0.225796
Precision_test: 0.818182
Recall_test: 0.358209
F1_test: 0.498270
 

Arquitectura: _2_3_3_3_1_
Semilla: 1788088182
Segundos: 140
NIteraciones: 100000

Costo_train: 0.249959
Precision_train: 0.508431
Recall_train: 0.490613
F1_train: 0.499363

Costo_test: 0.250173
Precision_test: 0.477157
Recall_test: 0.467662
F1_test: 0.472362
 

Arquitectura: _2_3_3_3_1_
Semilla: 1788088182
Segundos: 140
NIteraciones: 100000

Costo_train: 0.249726
Precision_train: 0.514604
Recall_train: 0.463079
F1_train: 0.487484

Costo_test: 0.249802
Precision_test: 0.461538
Recall_test: 0.417910
F1_test: 0.438642
 

Arquitectura: _2_3_3_3_1_
Semilla: 1788088182
Segundos: 140
NIteraciones: 100000

Costo_train: 0.239201
Precision_train: 0.606357
Recall_train: 0.310388
F1_train: 0.410596

Costo_test: 0.240381
Precision_test: 0.580000
Recall_test: 0.288557
F1_test: 0.385382
 

Arquitectura: _2_3_3_3_1_
Semilla: 1788088182
Segundos: 140
NIteraciones: 100000

Costo_train: 0.248826
Precision_train: 0.568389
Recall_train: 0.468085
F1_train: 0.513384

Costo_test: 0.250089
Precision_test: 0.539394
Recall_test: 0.442786
F1_test: 0.486339
 

Arquitectura: _2_3_3_3_1_
Semilla: 1788088182
Segundos: 140
NIteraciones: 100000

Costo_train: 0.200623
Precision_train: 0.671006
Recall_train: 0.709637
F1_train: 0.689781

Costo_test: 0.218993
Precision_test: 0.640187
Recall_test: 0.681592
F1_test: 0.660241
 

Arquitectura: _2_3_3_3_1_
Semilla: 1788088182
Segundos: 140
NIteraciones: 100000

Costo_train: 0.226349
Precision_train: 0.582186
Recall_train: 0.899875
F1_train: 0.706981

Costo_test: 0.227679
Precision_test: 0.574603
Recall_test: 0.900497
F1_test: 0.701550
 

Arquitectura: _2_3_3_3_1_
Semilla: 1788088182
Segundos: 140
NIteraciones: 100000

Costo_train: 0.193486
Precision_train: 0.663886
Recall_train: 0.697121
F1_train: 0.680098

Costo_test: 0.204709
Precision_test: 0.617512
Recall_test: 0.666667
F1_test: 0.641148
 

Arquitectura: _2_3_3_3_1_
Semilla: 1788088182
Segundos: 140
NIteraciones: 100000

Costo_train: 0.249869
Precision_train: 0.508323
Recall_train: 0.496871
F1_train: 0.502532

Costo_test: 0.250037
Precision_test: 0.465000
Recall_test: 0.462687
F1_test: 0.463840
 

Arquitectura: _2_3_3_3_1_
Semilla: 1788088182
Segundos: 140
NIteraciones: 100000

Costo_train: 0.249929
Precision_train: 0.480576
Recall_train: 0.418023
F1_train: 0.447122

Costo_test: 0.250000
Precision_test: 0.451429
Recall_test: 0.393035
F1_test: 0.420213
 

Arquitectura: _2_3_3_3_1_
Semilla: 1788088182
Segundos: 140
NIteraciones: 100000

Costo_train: 0.208193
Precision_train: 0.645408
Recall_train: 0.633292
F1_train: 0.639292

Costo_test: 0.214180
Precision_test: 0.600000
Recall_test: 0.611940
F1_test: 0.605911
 

Arquitectura: _2_3_3_3_1_
Semilla: 1788088182
Segundos: 140
NIteraciones: 100000

Costo_train: 0.249969
Precision_train: 0.492537
Recall_train: 0.454318
F1_train: 0.472656

Costo_test: 0.250221
Precision_test: 0.462366
Recall_test: 0.427861
F1_test: 0.444444
 

Arquitectura: _2_3_3_3_1_
Semilla: 1788088182
Segundos: 140
NIteraciones: 100000

Costo_train: 0.249765
Precision_train: 0.539365
Recall_train: 0.574468
F1_train: 0.556364

Costo_test: 0.250294
Precision_test: 0.500000
Recall_test: 0.537313
F1_test: 0.517986
 

Arquitectura: _2_3_3_3_1_
Semilla: 1788088182
Segundos: 140
NIteraciones: 100000

Costo_train: 0.247945
Precision_train: 0.573189
Recall_train: 0.465582
F1_train: 0.513812

Costo_test: 0.250449
Precision_test: 0.539394
Recall_test: 0.442786
F1_test: 0.486339
 

Arquitectura: _2_3_3_3_1_
Semilla: 1788088182
Segundos: 140
NIteraciones: 100000

Costo_train: 0.223766
Precision_train: 0.495342
Recall_train: 0.798498
F1_train: 0.611404

Costo_test: 0.227156
Precision_test: 0.498452
Recall_test: 0.800995
F1_test: 0.614504
 

Arquitectura: _2_3_3_3_1_
Semilla: 1788088182
Segundos: 140
NIteraciones: 100000

Costo_train: 0.249858
Precision_train: 0.503129
Recall_train: 0.503129
F1_train: 0.503129

Costo_test: 0.250249
Precision_test: 0.467662
Recall_test: 0.467662
F1_test: 0.467662
 

Arquitectura: _2_3_3_3_1_
Semilla: 1788088182
Segundos: 140
NIteraciones: 100000

Costo_train: 0.229198
Precision_train: 0.560137
Recall_train: 0.816020
F1_train: 0.664289

Costo_test: 0.234919
Precision_test: 0.546075
Recall_test: 0.796020
F1_test: 0.647773
 

Arquitectura: _2_3_3_3_1_
Semilla: 1788088182
Segundos: 140
NIteraciones: 100000

Costo_train: 0.249405
Precision_train: 0.549488
Recall_train: 0.604506
F1_train: 0.575685

Costo_test: 0.250642
Precision_test: 0.517857
Recall_test: 0.577114
F1_test: 0.545882
 

Arquitectura: _2_3_3_3_1_
Semilla: 1788088182
Segundos: 140
NIteraciones: 100000

Costo_train: 0.250000
Precision_train: 0.501044
Recall_train: 0.300375
F1_train: 0.375587

Costo_test: 0.250099
Precision_test: 0.414634
Recall_test: 0.253731
F1_test: 0.314815
 

Arquitectura: _2_3_3_3_1_
Semilla: 1788088182
Segundos: 140
NIteraciones: 100000

Costo_train: 0.249660
Precision_train: 0.535161
Recall_train: 0.561952
F1_train: 0.548230

Costo_test: 0.250242
Precision_test: 0.497674
Recall_test: 0.532338
F1_test: 0.514423
 

Arquitectura: _2_3_3_3_1_
Semilla: 1788088182
Segundos: 140
NIteraciones: 100000

Costo_train: 0.245250
Precision_train: 0.560299
Recall_train: 0.657071
F1_train: 0.604839

Costo_test: 0.246878
Precision_test: 0.539749
Recall_test: 0.641791
F1_test: 0.586364
 

Arquitectura: _2_3_3_3_1_
Semilla: 1788088182
Segundos: 140
NIteraciones: 100000

Costo_train: 0.249911
Precision_train: 0.558468
Recall_train: 0.346683
F1_train: 0.427799

Costo_test: 0.249885
Precision_test: 0.611570
Recall_test: 0.368159
F1_test: 0.459627
 

Arquitectura: _2_3_3_3_1_
Semilla: 1788088182
Segundos: 140
NIteraciones: 100000

Costo_train: 0.209959
Precision_train: 0.827027
Recall_train: 0.382979
F1_train: 0.523524

Costo_test: 0.214328
Precision_test: 0.797872
Recall_test: 0.373134
F1_test: 0.508475
 

Arquitectura: _2_3_3_3_1_
Semilla: 1788088182
Segundos: 140
NIteraciones: 100000

Costo_train: 0.249986
Precision_train: 0.489569
Recall_train: 0.440551
F1_train: 0.463768

Costo_test: 0.250170
Precision_test: 0.464481
Recall_test: 0.422886
F1_test: 0.442708
 

Arquitectura: _2_3_3_3_1_
Semilla: 1788088182
Segundos: 140
NIteraciones: 100000

Costo_train: 0.249934
Precision_train: 0.511980
Recall_train: 0.508135
F1_train: 0.510050

Costo_test: 0.250380
Precision_test: 0.465000
Recall_test: 0.462687
F1_test: 0.463840
 

Arquitectura: _2_3_3_3_1_
Semilla: 1788088182
Segundos: 140
NIteraciones: 100000

Costo_train: 0.249883
Precision_train: 0.539095
Recall_train: 0.491865
F1_train: 0.514398

Costo_test: 0.250300
Precision_test: 0.502703
Recall_test: 0.462687
F1_test: 0.481865
 

Arquitectura: _2_3_3_3_1_
Semilla: 1788088182
Segundos: 140
NIteraciones: 100000

Costo_train: 0.249926
Precision_train: 0.550143
Recall_train: 0.480601
F1_train: 0.513026

Costo_test: 0.249666
Precision_test: 0.589595
Recall_test: 0.507463
F1_test: 0.545455
 

Arquitectura: _2_3_3_3_1_
Semilla: 1788088182
Segundos: 140
NIteraciones: 100000

Costo_train: 0.240927
Precision_train: 0.598383
Recall_train: 0.555695
F1_train: 0.576249

Costo_test: 0.243444
Precision_test: 0.577540
Recall_test: 0.537313
F1_test: 0.556701
 

Arquitectura: _2_3_3_3_1_
Semilla: 1788088182
Segundos: 140
NIteraciones: 100000

Costo_train: 0.233945
Precision_train: 0.761468
Recall_train: 0.207760
F1_train: 0.326450

Costo_test: 0.233652
Precision_test: 0.740741
Recall_test: 0.199005
F1_test: 0.313726
 

Arquitectura: _2_3_3_3_1_
Semilla: 1788088182
Segundos: 140
NIteraciones: 100000

Costo_train: 0.249910
Precision_train: 0.526455
Recall_train: 0.498123
F1_train: 0.511897

Costo_test: 0.250174
Precision_test: 0.505376
Recall_test: 0.467662
F1_test: 0.485788
 

Arquitectura: _2_3_3_3_1_
Semilla: 1788088182
Segundos: 140
NIteraciones: 100000

Costo_train: 0.249728
Precision_train: 0.546485
Recall_train: 0.603254
F1_train: 0.573468

Costo_test: 0.250409
Precision_test: 0.522124
Recall_test: 0.587065
F1_test: 0.552693
 

Arquitectura: _2_3_3_3_1_
Semilla: 1788088182
Segundos: 140
NIteraciones: 100000

Costo_train: 0.243672
Precision_train: 0.551492
Recall_train: 0.717146
F1_train: 0.623504

Costo_test: 0.244648
Precision_test: 0.526718
Recall_test: 0.686567
F1_test: 0.596112
 

Arquitectura: _2_3_3_3_1_
Semilla: 1788088182
Segundos: 140
NIteraciones: 100000

Costo_train: 0.249974
Precision_train: 0.439655
Recall_train: 0.255319
F1_train: 0.323040

Costo_test: 0.249948
Precision_test: 0.491228
Recall_test: 0.278607
F1_test: 0.355556
 

Arquitectura: _2_3_3_3_1_
Semilla: 1788088182
Segundos: 140
NIteraciones: 100000

Costo_train: 0.244739
Precision_train: 0.554230
Recall_train: 0.639549
F1_train: 0.593841

Costo_test: 0.246725
Precision_test: 0.521739
Recall_test: 0.597015
F1_test: 0.556845
 

Arquitectura: _2_3_3_3_1_
Semilla: 1788088182
Segundos: 140
NIteraciones: 100000

Costo_train: 0.249847
Precision_train: 0.557971
Recall_train: 0.481852
F1_train: 0.517126

Costo_test: 0.250299
Precision_test: 0.522988
Recall_test: 0.452736
F1_test: 0.485333
 

Arquitectura: _2_3_3_3_1_
Semilla: 1788088182
Segundos: 140
NIteraciones: 100000

Costo_train: 0.217797
Precision_train: 0.817204
Recall_train: 0.380476
F1_train: 0.519214

Costo_test: 0.225699
Precision_test: 0.820225
Recall_test: 0.363184
F1_test: 0.503448
 

Arquitectura: _2_3_3_3_1_
Semilla: 1788088182
Segundos: 140
NIteraciones: 100000

Costo_train: 0.249940
Precision_train: 0.498670
Recall_train: 0.469337
F1_train: 0.483559

Costo_test: 0.250230
Precision_test: 0.458333
Recall_test: 0.437811
F1_test: 0.447837
 

Arquitectura: _2_3_3_3_1_
Semilla: 1788088182
Segundos: 140
NIteraciones: 100000

Costo_train: 0.249815
Precision_train: 0.544681
Recall_train: 0.480601
F1_train: 0.510638

Costo_test: 0.250350
Precision_test: 0.511236
Recall_test: 0.452736
F1_test: 0.480211
 

Arquitectura: _2_3_3_3_1_
Semilla: 1788088182
Segundos: 140
NIteraciones: 100000

Costo_train: 0.190053
Precision_train: 0.822500
Recall_train: 0.411765
F1_train: 0.548791

Costo_test: 0.194233
Precision_test: 0.772277
Recall_test: 0.388060
F1_test: 0.516556
 

Arquitectura: _2_3_3_3_1_
Semilla: 1788088182
Segundos: 140
NIteraciones: 100000

Costo_train: 0.234568
Precision_train: 0.563929
Recall_train: 0.833542
F1_train: 0.672727

Costo_test: 0.240707
Precision_test: 0.550336
Recall_test: 0.815920
F1_test: 0.657315
 

Arquitectura: _2_3_3_3_1_
Semilla: 1788088182
Segundos: 140
NIteraciones: 100000

Costo_train: 0.249986
Precision_train: 0.514706
Recall_train: 0.481852
F1_train: 0.497738

Costo_test: 0.250304
Precision_test: 0.483871
Recall_test: 0.447761
F1_test: 0.465116
 

Arquitectura: _2_3_3_3_1_
Semilla: 1788088182
Segundos: 140
NIteraciones: 100000

Costo_train: 0.199399
Precision_train: 0.656566
Recall_train: 0.650814
F1_train: 0.653677

Costo_test: 0.205706
Precision_test: 0.613861
Recall_test: 0.616915
F1_test: 0.615385
 

Arquitectura: _2_3_3_3_1_
Semilla: 1788088182
Segundos: 140
NIteraciones: 100000

Costo_train: 0.249948
Precision_train: 0.536011
Recall_train: 0.484355
F1_train: 0.508876

Costo_test: 0.250425
Precision_test: 0.508380
Recall_test: 0.452736
F1_test: 0.478947
 

Arquitectura: _2_3_3_3_1_
Semilla: 1788088182
Segundos: 140
NIteraciones: 100000

Costo_train: 0.193761
Precision_train: 0.690066
Recall_train: 0.652065
F1_train: 0.670528

Costo_test: 0.206286
Precision_test: 0.663212
Recall_test: 0.636816
F1_test: 0.649746
 

Arquitectura: _2_3_3_3_1_
Semilla: 1788088182
Segundos: 140
NIteraciones: 100000

Costo_train: 0.249922
Precision_train: 0.513241
Recall_train: 0.509387
F1_train: 0.511307

Costo_test: 0.250169
Precision_test: 0.477833
Recall_test: 0.482587
F1_test: 0.480198
 

Arquitectura: _2_3_3_3_1_
Semilla: 1788088182
Segundos: 140
NIteraciones: 100000

Costo_train: 0.248053
Precision_train: 0.547657
Recall_train: 0.424280
F1_train: 0.478138

Costo_test: 0.248737
Precision_test: 0.512658
Recall_test: 0.402985
F1_test: 0.451253
 

Arquitectura: _2_3_3_3_1_
Semilla: 1788088182
Segundos: 140
NIteraciones: 100000

Costo_train: 0.249981
Precision_train: 0.507846
Recall_train: 0.445557
F1_train: 0.474667

Costo_test: 0.250074
Precision_test: 0.482955
Recall_test: 0.422886
F1_test: 0.450928
 

Arquitectura: _2_3_3_3_1_
Semilla: 1788088182
Segundos: 140
NIteraciones: 100000

Costo_train: 0.248400
Precision_train: 0.564955
Recall_train: 0.468085
F1_train: 0.511978

Costo_test: 0.250402
Precision_test: 0.529762
Recall_test: 0.442786
F1_test: 0.482385
 

Arquitectura: _2_3_3_3_1_
Semilla: 1788088182
Segundos: 140
NIteraciones: 100000

Costo_train: 0.190139
Precision_train: 0.709389
Recall_train: 0.595745
F1_train: 0.647619

Costo_test: 0.200111
Precision_test: 0.680233
Recall_test: 0.582090
F1_test: 0.627346
 

Arquitectura: _2_3_3_3_1_
Semilla: 1788088182
Segundos: 140
NIteraciones: 100000

Costo_train: 0.249980
Precision_train: 0.516961
Recall_train: 0.476846
F1_train: 0.496094

Costo_test: 0.250154
Precision_test: 0.478261
Recall_test: 0.437811
F1_test: 0.457143
 

Arquitectura: _2_3_3_3_1_
Semilla: 1788088182
Segundos: 140
NIteraciones: 100000

Costo_train: 0.249224
Precision_train: 0.553368
Recall_train: 0.668335
F1_train: 0.605442

Costo_test: 0.248706
Precision_test: 0.584034
Recall_test: 0.691542
F1_test: 0.633257
 

Arquitectura: _2_3_3_3_1_
Semilla: 1788088182
Segundos: 140
NIteraciones: 100000

Costo_train: 0.247264
Precision_train: 0.560510
Recall_train: 0.660826
F1_train: 0.606548

Costo_test: 0.250953
Precision_test: 0.531915
Recall_test: 0.621891
F1_test: 0.573394
 

Arquitectura: _2_3_3_3_1_
Semilla: 1788088182
Segundos: 140
NIteraciones: 100000

Costo_train: 0.249995
Precision_train: -nan(ind)
Recall_train: 0.000000
F1_train: -nan(ind)

Costo_test: 0.250036
Precision_test: -nan(ind)
Recall_test: 0.000000
F1_test: -nan(ind)
 

Arquitectura: _2_3_3_3_1_
Semilla: 1788088182
Segundos: 140
NIteraciones: 100000

Costo_train: 0.216582
Precision_train: 0.738956
Recall_train: 0.230288
F1_train: 0.351145

Costo_test: 0.218660
Precision_test: 0.666667
Recall_test: 0.218905
F1_test: 0.329588
 

Arquitectura: _2_3_3_3_1_
Semilla: 1788088182
Segundos: 140
NIteraciones: 100000

Costo_train: 0.247976
Precision_train: 0.519780
Recall_train: 0.591990
F1_train: 0.553540

Costo_test: 0.248682
Precision_test: 0.500000
Recall_test: 0.547264
F1_test: 0.522565
 

Arquitectura: _2_3_3_3_1_
Semilla: 1788088182
Segundos: 140
NIteraciones: 100000

Costo_train: 0.249970
Precision_train: 0.481793
Recall_train: 0.430538
F1_train: 0.454726

Costo_test: 0.250183
Precision_test: 0.455556
Recall_test: 0.407960
F1_test: 0.430446
 

Arquitectura: _2_3_3_3_1_
Semilla: 1788088182
Segundos: 140
NIteraciones: 100000

Costo_train: 0.189653
Precision_train: 0.702889
Recall_train: 0.639549
F1_train: 0.669725

Costo_test: 0.199166
Precision_test: 0.675393
Recall_test: 0.641791
F1_test: 0.658163
 

Arquitectura: _2_3_3_3_1_
Semilla: 1788088182
Segundos: 140
NIteraciones: 100000

Costo_train: 0.249937
Precision_train: 0.503896
Recall_train: 0.485607
F1_train: 0.494583

Costo_test: 0.250174
Precision_test: 0.464286
Recall_test: 0.452736
F1_test: 0.458438
 

Arquitectura: _2_3_3_3_1_
Semilla: 1788088182
Segundos: 140
NIteraciones: 100000

Costo_train: 0.238509
Precision_train: 0.737209
Recall_train: 0.396746
F1_train: 0.515867

Costo_test: 0.240696
Precision_test: 0.720721
Recall_test: 0.398010
F1_test: 0.512821
 

Arquitectura: _2_3_3_3_1_
Semilla: 1788088182
Segundos: 140
NIteraciones: 100000

Costo_train: 0.246901
Precision_train: 0.563877
Recall_train: 0.480601
F1_train: 0.518919

Costo_test: 0.248982
Precision_test: 0.514124
Recall_test: 0.452736
F1_test: 0.481481
 

Arquitectura: _2_3_3_3_1_
Semilla: 1788088182
Segundos: 140
NIteraciones: 100000

Costo_train: 0.219089
Precision_train: 0.534884
Recall_train: 0.575720
F1_train: 0.554551

Costo_test: 0.221167
Precision_test: 0.497738
Recall_test: 0.547264
F1_test: 0.521327
 

Arquitectura: _2_3_3_3_1_
Semilla: 1788088182
Segundos: 140
NIteraciones: 100000

Costo_train: 0.249899
Precision_train: 0.552518
Recall_train: 0.480601
F1_train: 0.514056

Costo_test: 0.249559
Precision_test: 0.597701
Recall_test: 0.517413
F1_test: 0.554667
 

Arquitectura: _2_3_3_3_1_
Semilla: 1788088182
Segundos: 140
NIteraciones: 100000

Costo_train: 0.249308
Precision_train: 0.551802
Recall_train: 0.613267
F1_train: 0.580913

Costo_test: 0.250250
Precision_test: 0.522124
Recall_test: 0.587065
F1_test: 0.552693
 

Arquitectura: _2_3_3_3_1_
Semilla: 1788088182
Segundos: 140
NIteraciones: 100000

Costo_train: 0.249790
Precision_train: 0.537647
Recall_train: 0.571965
F1_train: 0.554275

Costo_test: 0.250349
Precision_test: 0.492958
Recall_test: 0.522388
F1_test: 0.507246
 

Arquitectura: _2_3_3_3_1_
Semilla: 1788088182
Segundos: 140
NIteraciones: 100000

Costo_train: 0.216746
Precision_train: 0.704512
Recall_train: 0.605757
F1_train: 0.651413

Costo_test: 0.228290
Precision_test: 0.664634
Recall_test: 0.542289
F1_test: 0.597260
 

Arquitectura: _2_3_3_3_1_
Semilla: 1788088182
Segundos: 140
NIteraciones: 100000

Costo_train: 0.221555
Precision_train: 0.788804
Recall_train: 0.387985
F1_train: 0.520134

Costo_test: 0.226109
Precision_test: 0.767677
Recall_test: 0.378109
F1_test: 0.506667
 

Arquitectura: _2_3_3_3_1_
Semilla: 1788088182
Segundos: 140
NIteraciones: 100000

Costo_train: 0.249994
Precision_train: 0.546961
Recall_train: 0.371715
F1_train: 0.442623

Costo_test: 0.250067
Precision_test: 0.478571
Recall_test: 0.333333
F1_test: 0.392962
 

Arquitectura: _2_3_3_3_1_
Semilla: 1788088182
Segundos: 140
NIteraciones: 100000

Costo_train: 0.244740
Precision_train: 0.584327
Recall_train: 0.429287
F1_train: 0.494949

Costo_test: 0.245825
Precision_test: 0.572414
Recall_test: 0.412935
F1_test: 0.479769
 

Arquitectura: _2_3_3_3_1_
Semilla: 1788088182
Segundos: 140
NIteraciones: 100000

Costo_train: 0.197830
Precision_train: 0.678571
Recall_train: 0.689612
F1_train: 0.684047

Costo_test: 0.218265
Precision_test: 0.641509
Recall_test: 0.676617
F1_test: 0.658596
 

Arquitectura: _2_3_3_3_1_
Semilla: 1788088182
Segundos: 140
NIteraciones: 100000

Costo_train: 0.249842
Precision_train: 0.532452
Recall_train: 0.554443
F1_train: 0.543225

Costo_test: 0.250422
Precision_test: 0.492958
Recall_test: 0.522388
F1_test: 0.507246
 

Arquitectura: _2_3_3_3_1_
Semilla: 1788088182
Segundos: 140
NIteraciones: 100000

Costo_train: 0.249983
Precision_train: 0.536620
Recall_train: 0.476846
F1_train: 0.504970

Costo_test: 0.250188
Precision_test: 0.502825
Recall_test: 0.442786
F1_test: 0.470899
 

Arquitectura: _2_3_3_3_1_
Semilla: 1788088182
Segundos: 140
NIteraciones: 100000

Costo_train: 0.249920
Precision_train: 0.553314
Recall_train: 0.480601
F1_train: 0.514401

Costo_test: 0.249707
Precision_test: 0.597701
Recall_test: 0.517413
F1_test: 0.554667
 

Arquitectura: _2_3_3_3_1_
Semilla: 1788088182
Segundos: 140
NIteraciones: 100000

Costo_train: 0.249700
Precision_train: 0.543880
Recall_train: 0.589487
F1_train: 0.565766

Costo_test: 0.250233
Precision_test: 0.504587
Recall_test: 0.547264
F1_test: 0.525060
 

Arquitectura: _2_3_3_3_1_
Semilla: 1788088182
Segundos: 140
NIteraciones: 100000

Costo_train: 0.235512
Precision_train: 0.545455
Recall_train: 0.750939
F1_train: 0.631912

Costo_test: 0.238660
Precision_test: 0.530466
Recall_test: 0.736318
F1_test: 0.616667
 

Arquitectura: _2_3_3_3_1_
Semilla: 1788088182
Segundos: 140
NIteraciones: 100000

Costo_train: 0.223820
Precision_train: 0.783920
Recall_train: 0.390488
F1_train: 0.521303

Costo_test: 0.228644
Precision_test: 0.762376
Recall_test: 0.383085
F1_test: 0.509934
 


--- Test Angosta 4.0 ---
Iteración 10000
Costo: 0.206284
Iteración 20000
Costo: 0.175242
Iteración 30000
Costo: 0.171351
Iteración 40000
Costo: 0.169633
Iteración 50000
Costo: 0.168582
Iteración 60000
Costo: 0.167839
Iteración 70000
Costo: 0.167264
Iteración 80000
Costo: 0.166775
Iteración 90000
Costo: 0.166264

Arquitectura: _2_12_1_
Semilla: 1788088322
Segundos: 54
NIteraciones: 100000

Costo_train: 0.165346
Precision_train: 0.792350
Recall_train: 0.544431
F1_train: 0.645401

Costo_test: 0.175865
Precision_test: 0.729730
Recall_test: 0.537313
F1_test: 0.618911
 

Arquitectura: _2_12_1_
Semilla: 1788088322
Segundos: 54
NIteraciones: 100000

Costo_train: 0.164426
Precision_train: 0.713911
Recall_train: 0.680851
F1_train: 0.696989

Costo_test: 0.176976
Precision_test: 0.664921
Recall_test: 0.631841
F1_test: 0.647959
 

Arquitectura: _2_12_1_
Semilla: 1788088322
Segundos: 54
NIteraciones: 100000

Costo_train: 0.150398
Precision_train: 0.797194
Recall_train: 0.782228
F1_train: 0.789640

Costo_test: 0.155467
Precision_test: 0.813830
Recall_test: 0.761194
F1_test: 0.786632
 

Arquitectura: _2_12_1_
Semilla: 1788088322
Segundos: 54
NIteraciones: 100000

Costo_train: 0.166487
Precision_train: 0.766143
Recall_train: 0.549437
F1_train: 0.639942

Costo_test: 0.176598
Precision_test: 0.708609
Recall_test: 0.532338
F1_test: 0.607955
 

Arquitectura: _2_12_1_
Semilla: 1788088322
Segundos: 54
NIteraciones: 100000

Costo_train: 0.166017
Precision_train: 0.772932
Recall_train: 0.643304
F1_train: 0.702186

Costo_test: 0.175907
Precision_test: 0.732558
Recall_test: 0.626866
F1_test: 0.675603
 

Arquitectura: _2_12_1_
Semilla: 1788088322
Segundos: 54
NIteraciones: 100000

Costo_train: 0.148146
Precision_train: 0.770511
Recall_train: 0.811014
F1_train: 0.790244

Costo_test: 0.160637
Precision_test: 0.711790
Recall_test: 0.810945
F1_test: 0.758140
 

Arquitectura: _2_12_1_
Semilla: 1788088322
Segundos: 54
NIteraciones: 100000

Costo_train: 0.153387
Precision_train: 0.779468
Recall_train: 0.769712
F1_train: 0.774559

Costo_test: 0.162368
Precision_test: 0.729469
Recall_test: 0.751244
F1_test: 0.740196
 

Arquitectura: _2_12_1_
Semilla: 1788088322
Segundos: 54
NIteraciones: 100000

Costo_train: 0.143189
Precision_train: 0.773839
Recall_train: 0.792240
F1_train: 0.782931

Costo_test: 0.153020
Precision_test: 0.731278
Recall_test: 0.825871
F1_test: 0.775701
 

Arquitectura: _2_12_1_
Semilla: 1788088322
Segundos: 54
NIteraciones: 100000

Costo_train: 0.152426
Precision_train: 0.802168
Recall_train: 0.740926
F1_train: 0.770332

Costo_test: 0.161795
Precision_test: 0.740933
Recall_test: 0.711443
F1_test: 0.725888
 

Arquitectura: _2_12_1_
Semilla: 1788088322
Segundos: 54
NIteraciones: 100000

Costo_train: 0.147820
Precision_train: 0.808803
Recall_train: 0.735920
F1_train: 0.770642

Costo_test: 0.155425
Precision_test: 0.786458
Recall_test: 0.751244
F1_test: 0.768448
 

Arquitectura: _2_12_1_
Semilla: 1788088322
Segundos: 54
NIteraciones: 100000

Costo_train: 0.145094
Precision_train: 0.771465
Recall_train: 0.764706
F1_train: 0.768070

Costo_test: 0.156377
Precision_test: 0.711009
Recall_test: 0.771144
F1_test: 0.739857
 

Arquitectura: _2_12_1_
Semilla: 1788088322
Segundos: 54
NIteraciones: 100000

Costo_train: 0.146125
Precision_train: 0.796154
Recall_train: 0.777222
F1_train: 0.786574

Costo_test: 0.150742
Precision_test: 0.793814
Recall_test: 0.766169
F1_test: 0.779747
 

Arquitectura: _2_12_1_
Semilla: 1788088322
Segundos: 54
NIteraciones: 100000

Costo_train: 0.162213
Precision_train: 0.738956
Recall_train: 0.690864
F1_train: 0.714101

Costo_test: 0.173627
Precision_test: 0.698413
Recall_test: 0.656716
F1_test: 0.676923
 

Arquitectura: _2_12_1_
Semilla: 1788088322
Segundos: 54
NIteraciones: 100000

Costo_train: 0.156323
Precision_train: 0.744630
Recall_train: 0.780976
F1_train: 0.762370

Costo_test: 0.166795
Precision_test: 0.699552
Recall_test: 0.776119
F1_test: 0.735849
 

Arquitectura: _2_12_1_
Semilla: 1788088322
Segundos: 54
NIteraciones: 100000

Costo_train: 0.163974
Precision_train: 0.701946
Recall_train: 0.722153
F1_train: 0.711906

Costo_test: 0.175894
Precision_test: 0.665049
Recall_test: 0.681592
F1_test: 0.673219
 

Arquitectura: _2_12_1_
Semilla: 1788088322
Segundos: 54
NIteraciones: 100000

Costo_train: 0.166165
Precision_train: 0.735937
Recall_train: 0.589487
F1_train: 0.654621

Costo_test: 0.176941
Precision_test: 0.686391
Recall_test: 0.577114
F1_test: 0.627027
 

Arquitectura: _2_12_1_
Semilla: 1788088322
Segundos: 54
NIteraciones: 100000

Costo_train: 0.163930
Precision_train: 0.693607
Recall_train: 0.719650
F1_train: 0.706388

Costo_test: 0.175194
Precision_test: 0.655340
Recall_test: 0.671642
F1_test: 0.663391
 

Arquitectura: _2_12_1_
Semilla: 1788088322
Segundos: 54
NIteraciones: 100000

Costo_train: 0.165457
Precision_train: 0.734838
Recall_train: 0.652065
F1_train: 0.690981

Costo_test: 0.177881
Precision_test: 0.675824
Recall_test: 0.611940
F1_test: 0.642298
 

Arquitectura: _2_12_1_
Semilla: 1788088322
Segundos: 54
NIteraciones: 100000

Costo_train: 0.134181
Precision_train: 0.840050
Recall_train: 0.834794
F1_train: 0.837414

Costo_test: 0.138159
Precision_test: 0.838235
Recall_test: 0.850746
F1_test: 0.844445
 

Arquitectura: _2_12_1_
Semilla: 1788088322
Segundos: 54
NIteraciones: 100000

Costo_train: 0.150724
Precision_train: 0.767059
Recall_train: 0.816020
F1_train: 0.790782

Costo_test: 0.161527
Precision_test: 0.710526
Recall_test: 0.805970
F1_test: 0.755245
 

Arquitectura: _2_12_1_
Semilla: 1788088322
Segundos: 54
NIteraciones: 100000

Costo_train: 0.164935
Precision_train: 0.692580
Recall_train: 0.735920
F1_train: 0.713592

Costo_test: 0.176808
Precision_test: 0.651982
Recall_test: 0.736318
F1_test: 0.691589
 

Arquitectura: _2_12_1_
Semilla: 1788088322
Segundos: 54
NIteraciones: 100000

Costo_train: 0.149727
Precision_train: 0.758974
Recall_train: 0.740926
F1_train: 0.749842

Costo_test: 0.156882
Precision_test: 0.731343
Recall_test: 0.731343
F1_test: 0.731343
 

Arquitectura: _2_12_1_
Semilla: 1788088322
Segundos: 54
NIteraciones: 100000

Costo_train: 0.139288
Precision_train: 0.787774
Recall_train: 0.854819
F1_train: 0.819928

Costo_test: 0.146451
Precision_test: 0.769912
Recall_test: 0.865672
F1_test: 0.814988
 

Arquitectura: _2_12_1_
Semilla: 1788088322
Segundos: 54
NIteraciones: 100000

Costo_train: 0.127082
Precision_train: 0.862585
Recall_train: 0.793492
F1_train: 0.826597

Costo_test: 0.124269
Precision_test: 0.862637
Recall_test: 0.781095
F1_test: 0.819843
 

Arquitectura: _2_12_1_
Semilla: 1788088322
Segundos: 54
NIteraciones: 100000

Costo_train: 0.159830
Precision_train: 0.765027
Recall_train: 0.700876
F1_train: 0.731548

Costo_test: 0.171031
Precision_test: 0.704663
Recall_test: 0.676617
F1_test: 0.690355
 

Arquitectura: _2_12_1_
Semilla: 1788088322
Segundos: 54
NIteraciones: 100000

Costo_train: 0.164087
Precision_train: 0.690734
Recall_train: 0.718398
F1_train: 0.704294

Costo_test: 0.175255
Precision_test: 0.652174
Recall_test: 0.671642
F1_test: 0.661765
 

Arquitectura: _2_12_1_
Semilla: 1788088322
Segundos: 54
NIteraciones: 100000

Costo_train: 0.162919
Precision_train: 0.697150
Recall_train: 0.734668
F1_train: 0.715417

Costo_test: 0.172853
Precision_test: 0.668269
Recall_test: 0.691542
F1_test: 0.679707
 

Arquitectura: _2_12_1_
Semilla: 1788088322
Segundos: 54
NIteraciones: 100000

Costo_train: 0.162556
Precision_train: 0.701995
Recall_train: 0.704631
F1_train: 0.703310

Costo_test: 0.173841
Precision_test: 0.663317
Recall_test: 0.656716
F1_test: 0.660000
 

Arquitectura: _2_12_1_
Semilla: 1788088322
Segundos: 54
NIteraciones: 100000

Costo_train: 0.151621
Precision_train: 0.821068
Recall_train: 0.712140
F1_train: 0.762735

Costo_test: 0.159014
Precision_test: 0.817647
Recall_test: 0.691542
F1_test: 0.749326
 

Arquitectura: _2_12_1_
Semilla: 1788088322
Segundos: 54
NIteraciones: 100000

Costo_train: 0.163401
Precision_train: 0.778274
Recall_train: 0.654568
F1_train: 0.711081

Costo_test: 0.172670
Precision_test: 0.773006
Recall_test: 0.626866
F1_test: 0.692308
 

Arquitectura: _2_12_1_
Semilla: 1788088322
Segundos: 54
NIteraciones: 100000

Costo_train: 0.149205
Precision_train: 0.771360
Recall_train: 0.802253
F1_train: 0.786503

Costo_test: 0.161132
Precision_test: 0.708696
Recall_test: 0.810945
F1_test: 0.756381
 

Arquitectura: _2_12_1_
Semilla: 1788088322
Segundos: 54
NIteraciones: 100000

Costo_train: 0.144129
Precision_train: 0.787879
Recall_train: 0.813517
F1_train: 0.800493

Costo_test: 0.151456
Precision_test: 0.751174
Recall_test: 0.796020
F1_test: 0.772947
 

Arquitectura: _2_12_1_
Semilla: 1788088322
Segundos: 54
NIteraciones: 100000

Costo_train: 0.163923
Precision_train: 0.697904
Recall_train: 0.708385
F1_train: 0.703106

Costo_test: 0.176808
Precision_test: 0.658537
Recall_test: 0.671642
F1_test: 0.665025
 

Arquitectura: _2_12_1_
Semilla: 1788088322
Segundos: 54
NIteraciones: 100000

Costo_train: 0.145453
Precision_train: 0.822314
Recall_train: 0.747184
F1_train: 0.782951

Costo_test: 0.149210
Precision_test: 0.830508
Recall_test: 0.731343
F1_test: 0.777778
 

Arquitectura: _2_12_1_
Semilla: 1788088322
Segundos: 54
NIteraciones: 100000

Costo_train: 0.150965
Precision_train: 0.821114
Recall_train: 0.700876
F1_train: 0.756246

Costo_test: 0.157341
Precision_test: 0.811111
Recall_test: 0.726368
F1_test: 0.766404
 

Arquitectura: _2_12_1_
Semilla: 1788088322
Segundos: 54
NIteraciones: 100000

Costo_train: 0.164522
Precision_train: 0.687138
Recall_train: 0.742178
F1_train: 0.713598

Costo_test: 0.176348
Precision_test: 0.650224
Recall_test: 0.721393
F1_test: 0.683962
 

Arquitectura: _2_12_1_
Semilla: 1788088322
Segundos: 54
NIteraciones: 100000

Costo_train: 0.149069
Precision_train: 0.750857
Recall_train: 0.822278
F1_train: 0.784946

Costo_test: 0.161824
Precision_test: 0.703863
Recall_test: 0.815920
F1_test: 0.755760
 

Arquitectura: _2_12_1_
Semilla: 1788088322
Segundos: 54
NIteraciones: 100000

Costo_train: 0.125942
Precision_train: 0.826969
Recall_train: 0.867334
F1_train: 0.846671

Costo_test: 0.130096
Precision_test: 0.801887
Recall_test: 0.845771
F1_test: 0.823245
 

Arquitectura: _2_12_1_
Semilla: 1788088322
Segundos: 54
NIteraciones: 100000

Costo_train: 0.166829
Precision_train: 0.771870
Recall_train: 0.563204
F1_train: 0.651230

Costo_test: 0.176973
Precision_test: 0.751634
Recall_test: 0.572139
F1_test: 0.649718
 

Arquitectura: _2_12_1_
Semilla: 1788088322
Segundos: 54
NIteraciones: 100000

Costo_train: 0.164197
Precision_train: 0.703971
Recall_train: 0.732165
F1_train: 0.717791

Costo_test: 0.176136
Precision_test: 0.676328
Recall_test: 0.696517
F1_test: 0.686274
 

Arquitectura: _2_12_1_
Semilla: 1788088322
Segundos: 54
NIteraciones: 100000

Costo_train: 0.163671
Precision_train: 0.695652
Recall_train: 0.720901
F1_train: 0.708052

Costo_test: 0.175352
Precision_test: 0.652381
Recall_test: 0.681592
F1_test: 0.666667
 

Arquitectura: _2_12_1_
Semilla: 1788088322
Segundos: 54
NIteraciones: 100000

Costo_train: 0.161699
Precision_train: 0.717054
Recall_train: 0.694618
F1_train: 0.705658

Costo_test: 0.173691
Precision_test: 0.680412
Recall_test: 0.656716
F1_test: 0.668354
 

Arquitectura: _2_12_1_
Semilla: 1788088322
Segundos: 54
NIteraciones: 100000

Costo_train: 0.153036
Precision_train: 0.803324
Recall_train: 0.725907
F1_train: 0.762656

Costo_test: 0.158287
Precision_test: 0.783333
Recall_test: 0.701493
F1_test: 0.740157
 

Arquitectura: _2_12_1_
Semilla: 1788088322
Segundos: 54
NIteraciones: 100000

Costo_train: 0.165453
Precision_train: 0.737681
Recall_train: 0.637046
F1_train: 0.683680

Costo_test: 0.177226
Precision_test: 0.675978
Recall_test: 0.601990
F1_test: 0.636842
 

Arquitectura: _2_12_1_
Semilla: 1788088322
Segundos: 54
NIteraciones: 100000

Costo_train: 0.156533
Precision_train: 0.731504
Recall_train: 0.767209
F1_train: 0.748931

Costo_test: 0.165885
Precision_test: 0.690909
Recall_test: 0.756219
F1_test: 0.722090
 

Arquitectura: _2_12_1_
Semilla: 1788088322
Segundos: 54
NIteraciones: 100000

Costo_train: 0.156129
Precision_train: 0.780899
Recall_train: 0.695870
F1_train: 0.735936

Costo_test: 0.162557
Precision_test: 0.788571
Recall_test: 0.686567
F1_test: 0.734043
 

Arquitectura: _2_12_1_
Semilla: 1788088322
Segundos: 54
NIteraciones: 100000

Costo_train: 0.165004
Precision_train: 0.730181
Recall_train: 0.657071
F1_train: 0.691700

Costo_test: 0.177936
Precision_test: 0.686486
Recall_test: 0.631841
F1_test: 0.658031
 

Arquitectura: _2_12_1_
Semilla: 1788088322
Segundos: 54
NIteraciones: 100000

Costo_train: 0.155850
Precision_train: 0.753721
Recall_train: 0.697121
F1_train: 0.724317

Costo_test: 0.166392
Precision_test: 0.716495
Recall_test: 0.691542
F1_test: 0.703797
 

Arquitectura: _2_12_1_
Semilla: 1788088322
Segundos: 54
NIteraciones: 100000

Costo_train: 0.162184
Precision_train: 0.783489
Recall_train: 0.629537
F1_train: 0.698126

Costo_test: 0.171513
Precision_test: 0.726744
Recall_test: 0.621891
F1_test: 0.670241
 

Arquitectura: _2_12_1_
Semilla: 1788088322
Segundos: 54
NIteraciones: 100000

Costo_train: 0.164698
Precision_train: 0.685484
Recall_train: 0.744681
F1_train: 0.713857

Costo_test: 0.176268
Precision_test: 0.645740
Recall_test: 0.716418
F1_test: 0.679245
 

Arquitectura: _2_12_1_
Semilla: 1788088322
Segundos: 54
NIteraciones: 100000

Costo_train: 0.166959
Precision_train: 0.803226
Recall_train: 0.623279
F1_train: 0.701903

Costo_test: 0.177268
Precision_test: 0.757576
Recall_test: 0.621891
F1_test: 0.683060
 

Arquitectura: _2_12_1_
Semilla: 1788088322
Segundos: 54
NIteraciones: 100000

Costo_train: 0.154972
Precision_train: 0.768638
Recall_train: 0.748436
F1_train: 0.758402

Costo_test: 0.161713
Precision_test: 0.765000
Recall_test: 0.761194
F1_test: 0.763092
 

Arquitectura: _2_12_1_
Semilla: 1788088322
Segundos: 54
NIteraciones: 100000

Costo_train: 0.151655
Precision_train: 0.769231
Recall_train: 0.801001
F1_train: 0.784795

Costo_test: 0.163342
Precision_test: 0.707424
Recall_test: 0.805970
F1_test: 0.753488
 

Arquitectura: _2_12_1_
Semilla: 1788088322
Segundos: 54
NIteraciones: 100000

Costo_train: 0.165114
Precision_train: 0.738764
Recall_train: 0.658323
F1_train: 0.696228

Costo_test: 0.177466
Precision_test: 0.683060
Recall_test: 0.621891
F1_test: 0.651042
 

Arquitectura: _2_12_1_
Semilla: 1788088322
Segundos: 54
NIteraciones: 100000

Costo_train: 0.146278
Precision_train: 0.813536
Recall_train: 0.737171
F1_train: 0.773473

Costo_test: 0.156314
Precision_test: 0.774359
Recall_test: 0.751244
F1_test: 0.762626
 

Arquitectura: _2_12_1_
Semilla: 1788088322
Segundos: 54
NIteraciones: 100000

Costo_train: 0.153108
Precision_train: 0.734554
Recall_train: 0.803504
F1_train: 0.767484

Costo_test: 0.164811
Precision_test: 0.688312
Recall_test: 0.791045
F1_test: 0.736111
 

Arquitectura: _2_12_1_
Semilla: 1788088322
Segundos: 54
NIteraciones: 100000

Costo_train: 0.150251
Precision_train: 0.772563
Recall_train: 0.803504
F1_train: 0.787730

Costo_test: 0.161783
Precision_test: 0.716814
Recall_test: 0.805970
F1_test: 0.758782
 

Arquitectura: _2_12_1_
Semilla: 1788088322
Segundos: 54
NIteraciones: 100000

Costo_train: 0.148528
Precision_train: 0.800554
Recall_train: 0.723404
F1_train: 0.760026

Costo_test: 0.153962
Precision_test: 0.781915
Recall_test: 0.731343
F1_test: 0.755784
 

Arquitectura: _2_12_1_
Semilla: 1788088322
Segundos: 54
NIteraciones: 100000

Costo_train: 0.164524
Precision_train: 0.712821
Recall_train: 0.695870
F1_train: 0.704243

Costo_test: 0.176875
Precision_test: 0.661692
Recall_test: 0.661692
F1_test: 0.661692
 

Arquitectura: _2_12_1_
Semilla: 1788088322
Segundos: 54
NIteraciones: 100000

Costo_train: 0.165654
Precision_train: 0.741329
Recall_train: 0.642053
F1_train: 0.688129

Costo_test: 0.177897
Precision_test: 0.681319
Recall_test: 0.616915
F1_test: 0.647520
 

Arquitectura: _2_12_1_
Semilla: 1788088322
Segundos: 54
NIteraciones: 100000

Costo_train: 0.165475
Precision_train: 0.729655
Recall_train: 0.662078
F1_train: 0.694226

Costo_test: 0.177810
Precision_test: 0.682292
Recall_test: 0.651741
F1_test: 0.666667
 

Arquitectura: _2_12_1_
Semilla: 1788088322
Segundos: 54
NIteraciones: 100000

Costo_train: 0.163998
Precision_train: 0.698432
Recall_train: 0.724656
F1_train: 0.711302

Costo_test: 0.176659
Precision_test: 0.668293
Recall_test: 0.681592
F1_test: 0.674877
 

Arquitectura: _2_12_1_
Semilla: 1788088322
Segundos: 54
NIteraciones: 100000

Costo_train: 0.165063
Precision_train: 0.761035
Recall_train: 0.625782
F1_train: 0.686813

Costo_test: 0.173396
Precision_test: 0.732143
Recall_test: 0.611940
F1_test: 0.666667
 

Arquitectura: _2_12_1_
Semilla: 1788088322
Segundos: 54
NIteraciones: 100000

Costo_train: 0.162883
Precision_train: 0.707768
Recall_train: 0.718398
F1_train: 0.713044

Costo_test: 0.174340
Precision_test: 0.665049
Recall_test: 0.681592
F1_test: 0.673219
 

Arquitectura: _2_12_1_
Semilla: 1788088322
Segundos: 54
NIteraciones: 100000

Costo_train: 0.155901
Precision_train: 0.763305
Recall_train: 0.682103
F1_train: 0.720423

Costo_test: 0.162114
Precision_test: 0.761628
Recall_test: 0.651741
F1_test: 0.702413
 

Arquitectura: _2_12_1_
Semilla: 1788088322
Segundos: 54
NIteraciones: 100000

Costo_train: 0.159379
Precision_train: 0.723684
Recall_train: 0.757196
F1_train: 0.740061

Costo_test: 0.169257
Precision_test: 0.674107
Recall_test: 0.751244
F1_test: 0.710588
 

Arquitectura: _2_12_1_
Semilla: 1788088322
Segundos: 54
NIteraciones: 100000

Costo_train: 0.123871
Precision_train: 0.821934
Recall_train: 0.872340
F1_train: 0.846387

Costo_test: 0.125919
Precision_test: 0.819048
Recall_test: 0.855721
F1_test: 0.836983
 

Arquitectura: _2_12_1_
Semilla: 1788088322
Segundos: 54
NIteraciones: 100000

Costo_train: 0.149445
Precision_train: 0.800276
Recall_train: 0.727159
F1_train: 0.761967

Costo_test: 0.156857
Precision_test: 0.772487
Recall_test: 0.726368
F1_test: 0.748718
 

Arquitectura: _2_12_1_
Semilla: 1788088322
Segundos: 54
NIteraciones: 100000

Costo_train: 0.164656
Precision_train: 0.709677
Recall_train: 0.715895
F1_train: 0.712773

Costo_test: 0.178241
Precision_test: 0.661836
Recall_test: 0.681592
F1_test: 0.671569
 

Arquitectura: _2_12_1_
Semilla: 1788088322
Segundos: 54
NIteraciones: 100000

Costo_train: 0.146068
Precision_train: 0.807642
Recall_train: 0.767209
F1_train: 0.786906

Costo_test: 0.155358
Precision_test: 0.768844
Recall_test: 0.761194
F1_test: 0.765000
 

Arquitectura: _2_12_1_
Semilla: 1788088322
Segundos: 54
NIteraciones: 100000

Costo_train: 0.143033
Precision_train: 0.813673
Recall_train: 0.759700
F1_train: 0.785761

Costo_test: 0.144167
Precision_test: 0.823204
Recall_test: 0.741294
F1_test: 0.780105
 

Arquitectura: _2_12_1_
Semilla: 1788088322
Segundos: 54
NIteraciones: 100000

Costo_train: 0.166554
Precision_train: 0.771605
Recall_train: 0.625782
F1_train: 0.691085

Costo_test: 0.176786
Precision_test: 0.750000
Recall_test: 0.611940
F1_test: 0.673973
 

Arquitectura: _2_12_1_
Semilla: 1788088322
Segundos: 54
NIteraciones: 100000

Costo_train: 0.148303
Precision_train: 0.814111
Recall_train: 0.750939
F1_train: 0.781250

Costo_test: 0.153877
Precision_test: 0.807910
Recall_test: 0.711443
F1_test: 0.756614
 

Arquitectura: _2_12_1_
Semilla: 1788088322
Segundos: 54
NIteraciones: 100000

Costo_train: 0.130792
Precision_train: 0.837871
Recall_train: 0.847309
F1_train: 0.842564

Costo_test: 0.134725
Precision_test: 0.822115
Recall_test: 0.850746
F1_test: 0.836186
 

Arquitectura: _2_12_1_
Semilla: 1788088322
Segundos: 54
NIteraciones: 100000

Costo_train: 0.163813
Precision_train: 0.705590
Recall_train: 0.710889
F1_train: 0.708229

Costo_test: 0.176032
Precision_test: 0.663366
Recall_test: 0.666667
F1_test: 0.665012
 

Arquitectura: _2_12_1_
Semilla: 1788088322
Segundos: 54
NIteraciones: 100000

Costo_train: 0.164632
Precision_train: 0.686775
Recall_train: 0.740926
F1_train: 0.712824

Costo_test: 0.176324
Precision_test: 0.643836
Recall_test: 0.701493
F1_test: 0.671429
 

Arquitectura: _2_12_1_
Semilla: 1788088322
Segundos: 54
NIteraciones: 100000

Costo_train: 0.157498
Precision_train: 0.725632
Recall_train: 0.754693
F1_train: 0.739877

Costo_test: 0.168788
Precision_test: 0.671296
Recall_test: 0.721393
F1_test: 0.695444
 

Arquitectura: _2_12_1_
Semilla: 1788088322
Segundos: 54
NIteraciones: 100000

Costo_train: 0.145708
Precision_train: 0.820513
Recall_train: 0.760951
F1_train: 0.789610

Costo_test: 0.150200
Precision_test: 0.811111
Recall_test: 0.726368
F1_test: 0.766404
 

Arquitectura: _2_12_1_
Semilla: 1788088322
Segundos: 54
NIteraciones: 100000

Costo_train: 0.161615
Precision_train: 0.754801
Recall_train: 0.639549
F1_train: 0.692412

Costo_test: 0.172999
Precision_test: 0.687861
Recall_test: 0.592040
F1_test: 0.636364
 

Arquitectura: _2_12_1_
Semilla: 1788088322
Segundos: 54
NIteraciones: 100000

Costo_train: 0.152182
Precision_train: 0.765193
Recall_train: 0.693367
F1_train: 0.727512

Costo_test: 0.162368
Precision_test: 0.715736
Recall_test: 0.701493
F1_test: 0.708543
 

Arquitectura: _2_12_1_
Semilla: 1788088322
Segundos: 54
NIteraciones: 100000

Costo_train: 0.140420
Precision_train: 0.830645
Recall_train: 0.773467
F1_train: 0.801037

Costo_test: 0.144160
Precision_test: 0.811828
Recall_test: 0.751244
F1_test: 0.780362
 

Arquitectura: _2_12_1_
Semilla: 1788088322
Segundos: 54
NIteraciones: 100000

Costo_train: 0.148782
Precision_train: 0.779097
Recall_train: 0.821026
F1_train: 0.799512

Costo_test: 0.154671
Precision_test: 0.739535
Recall_test: 0.791045
F1_test: 0.764423
 

Arquitectura: _2_12_1_
Semilla: 1788088322
Segundos: 54
NIteraciones: 100000

Costo_train: 0.164143
Precision_train: 0.698898
Recall_train: 0.714643
F1_train: 0.706683

Costo_test: 0.176817
Precision_test: 0.663366
Recall_test: 0.666667
F1_test: 0.665012
 

Arquitectura: _2_12_1_
Semilla: 1788088322
Segundos: 54
NIteraciones: 100000

Costo_train: 0.144762
Precision_train: 0.823611
Recall_train: 0.742178
F1_train: 0.780777

Costo_test: 0.148160
Precision_test: 0.819672
Recall_test: 0.746269
F1_test: 0.781250
 

Arquitectura: _2_12_1_
Semilla: 1788088322
Segundos: 54
NIteraciones: 100000

Costo_train: 0.146629
Precision_train: 0.783333
Recall_train: 0.823529
F1_train: 0.802929

Costo_test: 0.152379
Precision_test: 0.747664
Recall_test: 0.796020
F1_test: 0.771084
 

Arquitectura: _2_12_1_
Semilla: 1788088322
Segundos: 54
NIteraciones: 100000

Costo_train: 0.164979
Precision_train: 0.693548
Recall_train: 0.753442
F1_train: 0.722256

Costo_test: 0.177140
Precision_test: 0.627706
Recall_test: 0.721393
F1_test: 0.671296
 

Arquitectura: _2_12_1_
Semilla: 1788088322
Segundos: 54
NIteraciones: 100000

Costo_train: 0.163876
Precision_train: 0.705810
Recall_train: 0.714643
F1_train: 0.710199

Costo_test: 0.175015
Precision_test: 0.653659
Recall_test: 0.666667
F1_test: 0.660099
 

Arquitectura: _2_12_1_
Semilla: 1788088322
Segundos: 54
NIteraciones: 100000

Costo_train: 0.159606
Precision_train: 0.710654
Recall_train: 0.734668
F1_train: 0.722462

Costo_test: 0.171769
Precision_test: 0.663636
Recall_test: 0.726368
F1_test: 0.693587
 

Arquitectura: _2_12_1_
Semilla: 1788088322
Segundos: 54
NIteraciones: 100000

Costo_train: 0.164278
Precision_train: 0.686977
Recall_train: 0.719650
F1_train: 0.702934

Costo_test: 0.176271
Precision_test: 0.641509
Recall_test: 0.676617
F1_test: 0.658596
 

Arquitectura: _2_12_1_
Semilla: 1788088322
Segundos: 54
NIteraciones: 100000

Costo_train: 0.163097
Precision_train: 0.715019
Recall_train: 0.697121
F1_train: 0.705957

Costo_test: 0.175247
Precision_test: 0.668367
Recall_test: 0.651741
F1_test: 0.659950
 

Arquitectura: _2_12_1_
Semilla: 1788088322
Segundos: 54
NIteraciones: 100000

Costo_train: 0.164785
Precision_train: 0.692308
Recall_train: 0.743429
F1_train: 0.716958

Costo_test: 0.176512
Precision_test: 0.638767
Recall_test: 0.721393
F1_test: 0.677570
 

Arquitectura: _2_12_1_
Semilla: 1788088322
Segundos: 54
NIteraciones: 100000

Costo_train: 0.131510
Precision_train: 0.841169
Recall_train: 0.828536
F1_train: 0.834805

Costo_test: 0.130947
Precision_test: 0.831633
Recall_test: 0.810945
F1_test: 0.821159
 

Arquitectura: _2_12_1_
Semilla: 1788088322
Segundos: 54
NIteraciones: 100000

Costo_train: 0.164695
Precision_train: 0.684758
Recall_train: 0.742178
F1_train: 0.712312

Costo_test: 0.176933
Precision_test: 0.651786
Recall_test: 0.726368
F1_test: 0.687059
 

Arquitectura: _2_12_1_
Semilla: 1788088322
Segundos: 54
NIteraciones: 100000

Costo_train: 0.160526
Precision_train: 0.721072
Recall_train: 0.740926
F1_train: 0.730864

Costo_test: 0.170917
Precision_test: 0.680751
Recall_test: 0.721393
F1_test: 0.700483
 

Arquitectura: _2_12_1_
Semilla: 1788088322
Segundos: 54
NIteraciones: 100000

Costo_train: 0.149107
Precision_train: 0.835635
Recall_train: 0.757196
F1_train: 0.794485

Costo_test: 0.155635
Precision_test: 0.846591
Recall_test: 0.741294
F1_test: 0.790451
 

Arquitectura: _2_12_1_
Semilla: 1788088322
Segundos: 54
NIteraciones: 100000

Costo_train: 0.156665
Precision_train: 0.752941
Recall_train: 0.720901
F1_train: 0.736573

Costo_test: 0.162871
Precision_test: 0.744681
Recall_test: 0.696517
F1_test: 0.719794
 

Arquitectura: _2_12_1_
Semilla: 1788088322
Segundos: 54
NIteraciones: 100000

Costo_train: 0.163654
Precision_train: 0.703067
Recall_train: 0.717146
F1_train: 0.710037

Costo_test: 0.175735
Precision_test: 0.655340
Recall_test: 0.671642
F1_test: 0.663391
 

Arquitectura: _2_12_1_
Semilla: 1788088322
Segundos: 54
NIteraciones: 100000

Costo_train: 0.146864
Precision_train: 0.812414
Recall_train: 0.737171
F1_train: 0.772966

Costo_test: 0.150173
Precision_test: 0.825843
Recall_test: 0.731343
F1_test: 0.775726
 

Arquitectura: _2_12_1_
Semilla: 1788088322
Segundos: 54
NIteraciones: 100000

Costo_train: 0.153321
Precision_train: 0.757614
Recall_train: 0.747184
F1_train: 0.752363

Costo_test: 0.158915
Precision_test: 0.734694
Recall_test: 0.716418
F1_test: 0.725441
 

Arquitectura: _2_12_1_
Semilla: 1788088322
Segundos: 54
NIteraciones: 100000

Costo_train: 0.164282
Precision_train: 0.697304
Recall_train: 0.712140
F1_train: 0.704644

Costo_test: 0.176806
Precision_test: 0.663366
Recall_test: 0.666667
F1_test: 0.665012
 


--- Test Profunda 4.0 ---
Iteración 10000
Costo: 0.250000
Iteración 20000
Costo: 0.250000
Iteración 30000
Costo: 0.250000
Iteración 40000
Costo: 0.250000
Iteración 50000
Costo: 0.249999
Iteración 60000
Costo: 0.249999
Iteración 70000
Costo: 0.249999
Iteración 80000
Costo: 0.249999
Iteración 90000
Costo: 0.249999

Arquitectura: _2_3_3_3_3_1_
Semilla: 1788088376
Segundos: 186
NIteraciones: 100000

Costo_train: 0.249999
Precision_train: -nan(ind)
Recall_train: 0.000000
F1_train: -nan(ind)

Costo_test: 0.250009
Precision_test: -nan(ind)
Recall_test: 0.000000
F1_test: -nan(ind)
 

Arquitectura: _2_3_3_3_3_1_
Semilla: 1788088376
Segundos: 186
NIteraciones: 100000

Costo_train: 0.249982
Precision_train: 0.570783
Recall_train: 0.474343
F1_train: 0.518113

Costo_test: 0.250067
Precision_test: 0.520231
Recall_test: 0.447761
F1_test: 0.481283
 

Arquitectura: _2_3_3_3_3_1_
Semilla: 1788088376
Segundos: 186
NIteraciones: 100000

Costo_train: 0.249996
Precision_train: 0.448637
Recall_train: 0.267835
F1_train: 0.335423

Costo_test: 0.250050
Precision_test: 0.408696
Recall_test: 0.233831
F1_test: 0.297468
 

Arquitectura: _2_3_3_3_3_1_
Semilla: 1788088376
Segundos: 186
NIteraciones: 100000

Costo_train: 0.249982
Precision_train: 0.455429
Recall_train: 0.351690
F1_train: 0.396893

Costo_test: 0.250063
Precision_test: 0.425806
Recall_test: 0.328358
F1_test: 0.370786
 

Arquitectura: _2_3_3_3_3_1_
Semilla: 1788088376
Segundos: 186
NIteraciones: 100000

Costo_train: 0.249999
Precision_train: 0.482759
Recall_train: 0.297872
F1_train: 0.368421

Costo_test: 0.249951
Precision_test: 0.537190
Recall_test: 0.323383
F1_test: 0.403727
 

Arquitectura: _2_3_3_3_3_1_
Semilla: 1788088376
Segundos: 186
NIteraciones: 100000

Costo_train: 0.249983
Precision_train: 0.451754
Recall_train: 0.386733
F1_train: 0.416723

Costo_test: 0.250142
Precision_test: 0.424419
Recall_test: 0.363184
F1_test: 0.391421
 

Arquitectura: _2_3_3_3_3_1_
Semilla: 1788088376
Segundos: 186
NIteraciones: 100000

Costo_train: 0.249997
Precision_train: 0.991736
Recall_train: 0.150188
F1_train: 0.260870

Costo_test: 0.249966
Precision_test: 0.966667
Recall_test: 0.144279
F1_test: 0.251082
 

Arquitectura: _2_3_3_3_3_1_
Semilla: 1788088376
Segundos: 186
NIteraciones: 100000

Costo_train: 0.249984
Precision_train: 0.340102
Recall_train: 0.083855
F1_train: 0.134538

Costo_test: 0.250010
Precision_test: 0.350000
Recall_test: 0.069652
F1_test: 0.116183
 

Arquitectura: _2_3_3_3_3_1_
Semilla: 1788088376
Segundos: 186
NIteraciones: 100000

Costo_train: 0.250001
Precision_train: -nan(ind)
Recall_train: 0.000000
F1_train: -nan(ind)

Costo_test: 0.249984
Precision_test: -nan(ind)
Recall_test: 0.000000
F1_test: -nan(ind)
 

Arquitectura: _2_3_3_3_3_1_
Semilla: 1788088376
Segundos: 186
NIteraciones: 100000

Costo_train: 0.249941
Precision_train: 0.560547
Recall_train: 0.359199
F1_train: 0.437834

Costo_test: 0.249881
Precision_test: 0.587302
Recall_test: 0.368159
F1_test: 0.452599
 

Arquitectura: _2_3_3_3_3_1_
Semilla: 1788088376
Segundos: 186
NIteraciones: 100000

Costo_train: 0.250000
Precision_train: -nan(ind)
Recall_train: 0.000000
F1_train: -nan(ind)

Costo_test: 0.249999
Precision_test: -nan(ind)
Recall_test: 0.000000
F1_test: -nan(ind)
 

Arquitectura: _2_3_3_3_3_1_
Semilla: 1788088376
Segundos: 186
NIteraciones: 100000

Costo_train: 0.250002
Precision_train: -nan(ind)
Recall_train: 0.000000
F1_train: -nan(ind)

Costo_test: 0.250005
Precision_test: -nan(ind)
Recall_test: 0.000000
F1_test: -nan(ind)
 

Arquitectura: _2_3_3_3_3_1_
Semilla: 1788088376
Segundos: 186
NIteraciones: 100000

Costo_train: 0.249967
Precision_train: 0.452915
Recall_train: 0.379224
F1_train: 0.412807

Costo_test: 0.250047
Precision_test: 0.419162
Recall_test: 0.348259
F1_test: 0.380435
 

Arquitectura: _2_3_3_3_3_1_
Semilla: 1788088376
Segundos: 186
NIteraciones: 100000

Costo_train: 0.250000
Precision_train: -nan(ind)
Recall_train: 0.000000
F1_train: -nan(ind)

Costo_test: 0.249970
Precision_test: -nan(ind)
Recall_test: 0.000000
F1_test: -nan(ind)
 

Arquitectura: _2_3_3_3_3_1_
Semilla: 1788088376
Segundos: 186
NIteraciones: 100000

Costo_train: 0.249990
Precision_train: -nan(ind)
Recall_train: 0.000000
F1_train: -nan(ind)

Costo_test: 0.250011
Precision_test: -nan(ind)
Recall_test: 0.000000
F1_test: -nan(ind)
 

Arquitectura: _2_3_3_3_3_1_
Semilla: 1788088376
Segundos: 186
NIteraciones: 100000

Costo_train: 0.250003
Precision_train: 0.505564
Recall_train: 0.397997
F1_train: 0.445378

Costo_test: 0.249918
Precision_test: 0.538961
Recall_test: 0.412935
F1_test: 0.467606
 

Arquitectura: _2_3_3_3_3_1_
Semilla: 1788088376
Segundos: 186
NIteraciones: 100000

Costo_train: 0.249998
Precision_train: -nan(ind)
Recall_train: 0.000000
F1_train: -nan(ind)

Costo_test: 0.250020
Precision_test: -nan(ind)
Recall_test: 0.000000
F1_test: -nan(ind)
 

Arquitectura: _2_3_3_3_3_1_
Semilla: 1788088376
Segundos: 186
NIteraciones: 100000

Costo_train: 0.249992
Precision_train: 0.575658
Recall_train: 0.438048
F1_train: 0.497512

Costo_test: 0.249927
Precision_test: 0.614865
Recall_test: 0.452736
F1_test: 0.521490
 

Arquitectura: _2_3_3_3_3_1_
Semilla: 1788088376
Segundos: 186
NIteraciones: 100000

Costo_train: 0.249977
Precision_train: 0.420221
Recall_train: 0.332916
F1_train: 0.371508

Costo_test: 0.250071
Precision_test: 0.389937
Recall_test: 0.308458
F1_test: 0.344444
 

Arquitectura: _2_3_3_3_3_1_
Semilla: 1788088376
Segundos: 186
NIteraciones: 100000

Costo_train: 0.249983
Precision_train: 0.539568
Recall_train: 0.469337
F1_train: 0.502008

Costo_test: 0.250086
Precision_test: 0.502857
Recall_test: 0.437811
F1_test: 0.468085
 

Arquitectura: _2_3_3_3_3_1_
Semilla: 1788088376
Segundos: 186
NIteraciones: 100000

Costo_train: 0.249999
Precision_train: -nan(ind)
Recall_train: 0.000000
F1_train: -nan(ind)

Costo_test: 0.250008
Precision_test: -nan(ind)
Recall_test: 0.000000
F1_test: -nan(ind)
 

Arquitectura: _2_3_3_3_3_1_
Semilla: 1788088376
Segundos: 186
NIteraciones: 100000

Costo_train: 0.249992
Precision_train: -nan(ind)
Recall_train: 0.000000
F1_train: -nan(ind)

Costo_test: 0.250018
Precision_test: -nan(ind)
Recall_test: 0.000000
F1_test: -nan(ind)
 

Arquitectura: _2_3_3_3_3_1_
Semilla: 1788088376
Segundos: 186
NIteraciones: 100000

Costo_train: 0.249996
Precision_train: 0.431703
Recall_train: 0.320401
F1_train: 0.367816

Costo_test: 0.250069
Precision_test: 0.393333
Recall_test: 0.293532
F1_test: 0.336182
 

Arquitectura: _2_3_3_3_3_1_
Semilla: 1788088376
Segundos: 186
NIteraciones: 100000

Costo_train: 0.249997
Precision_train: 0.463303
Recall_train: 0.126408
F1_train: 0.198623

Costo_test: 0.250042
Precision_test: 0.472727
Recall_test: 0.129353
F1_test: 0.203125
 

Arquitectura: _2_3_3_3_3_1_
Semilla: 1788088376
Segundos: 186
NIteraciones: 100000

Costo_train: 0.250001
Precision_train: -nan(ind)
Recall_train: 0.000000
F1_train: -nan(ind)

Costo_test: 0.249980
Precision_test: -nan(ind)
Recall_test: 0.000000
F1_test: -nan(ind)
 

Arquitectura: _2_3_3_3_3_1_
Semilla: 1788088376
Segundos: 186
NIteraciones: 100000

Costo_train: 0.249997
Precision_train: 0.692308
Recall_train: 0.033792
F1_train: 0.064439

Costo_test: 0.250036
Precision_test: 0.600000
Recall_test: 0.014925
F1_test: 0.029126
 

Arquitectura: _2_3_3_3_3_1_
Semilla: 1788088376
Segundos: 186
NIteraciones: 100000

Costo_train: 0.249998
Precision_train: 0.463596
Recall_train: 0.390488
F1_train: 0.423913

Costo_test: 0.249896
Precision_test: 0.503067
Recall_test: 0.407960
F1_test: 0.450549
 

Arquitectura: _2_3_3_3_3_1_
Semilla: 1788088376
Segundos: 186
NIteraciones: 100000

Costo_train: 0.249998
Precision_train: 0.539877
Recall_train: 0.330413
F1_train: 0.409938

Costo_test: 0.249939
Precision_test: 0.582609
Recall_test: 0.333333
F1_test: 0.424051
 

Arquitectura: _2_3_3_3_3_1_
Semilla: 1788088376
Segundos: 186
NIteraciones: 100000

Costo_train: 0.249958
Precision_train: 0.572086
Recall_train: 0.466834
F1_train: 0.514128

Costo_test: 0.249851
Precision_test: 0.627329
Recall_test: 0.502488
F1_test: 0.558011
 

Arquitectura: _2_3_3_3_3_1_
Semilla: 1788088376
Segundos: 186
NIteraciones: 100000

Costo_train: 0.249984
Precision_train: 0.527536
Recall_train: 0.455569
F1_train: 0.488919

Costo_test: 0.250103
Precision_test: 0.497110
Recall_test: 0.427861
F1_test: 0.459893
 

Arquitectura: _2_3_3_3_3_1_
Semilla: 1788088376
Segundos: 186
NIteraciones: 100000

Costo_train: 0.249998
Precision_train: -nan(ind)
Recall_train: 0.000000
F1_train: -nan(ind)

Costo_test: 0.250019
Precision_test: -nan(ind)
Recall_test: 0.000000
F1_test: -nan(ind)
 

Arquitectura: _2_3_3_3_3_1_
Semilla: 1788088376
Segundos: 186
NIteraciones: 100000

Costo_train: 0.249945
Precision_train: 0.551136
Recall_train: 0.485607
F1_train: 0.516301

Costo_test: 0.249634
Precision_test: 0.596591
Recall_test: 0.522388
F1_test: 0.557029
 

Arquitectura: _2_3_3_3_3_1_
Semilla: 1788088376
Segundos: 186
NIteraciones: 100000

Costo_train: 0.249995
Precision_train: 0.515050
Recall_train: 0.192741
F1_train: 0.280510

Costo_test: 0.250040
Precision_test: 0.492958
Recall_test: 0.174129
F1_test: 0.257353
 

Arquitectura: _2_3_3_3_3_1_
Semilla: 1788088376
Segundos: 186
NIteraciones: 100000

Costo_train: 0.250000
Precision_train: -nan(ind)
Recall_train: 0.000000
F1_train: -nan(ind)

Costo_test: 0.250001
Precision_test: -nan(ind)
Recall_test: 0.000000
F1_test: -nan(ind)
 

Arquitectura: _2_3_3_3_3_1_
Semilla: 1788088376
Segundos: 186
NIteraciones: 100000

Costo_train: 0.250003
Precision_train: -nan(ind)
Recall_train: 0.000000
F1_train: -nan(ind)

Costo_test: 0.249976
Precision_test: -nan(ind)
Recall_test: 0.000000
F1_test: -nan(ind)
 

Arquitectura: _2_3_3_3_3_1_
Semilla: 1788088376
Segundos: 186
NIteraciones: 100000

Costo_train: 0.250001
Precision_train: -nan(ind)
Recall_train: 0.000000
F1_train: -nan(ind)

Costo_test: 0.249984
Precision_test: -nan(ind)
Recall_test: 0.000000
F1_test: -nan(ind)
 

Arquitectura: _2_3_3_3_3_1_
Semilla: 1788088376
Segundos: 186
NIteraciones: 100000

Costo_train: 0.249994
Precision_train: 0.442424
Recall_train: 0.091364
F1_train: 0.151452

Costo_test: 0.250041
Precision_test: 0.400000
Recall_test: 0.079602
F1_test: 0.132780
 

Arquitectura: _2_3_3_3_3_1_
Semilla: 1788088376
Segundos: 186
NIteraciones: 100000

Costo_train: 0.249997
Precision_train: -nan(ind)
Recall_train: 0.000000
F1_train: -nan(ind)

Costo_test: 0.250030
Precision_test: -nan(ind)
Recall_test: 0.000000
F1_test: -nan(ind)
 

Arquitectura: _2_3_3_3_3_1_
Semilla: 1788088376
Segundos: 186
NIteraciones: 100000

Costo_train: 0.249998
Precision_train: -nan(ind)
Recall_train: 0.000000
F1_train: -nan(ind)

Costo_test: 0.250000
Precision_test: -nan(ind)
Recall_test: 0.000000
F1_test: -nan(ind)
 

Arquitectura: _2_3_3_3_3_1_
Semilla: 1788088376
Segundos: 186
NIteraciones: 100000

Costo_train: 0.249991
Precision_train: 0.461417
Recall_train: 0.366708
F1_train: 0.408647

Costo_test: 0.250056
Precision_test: 0.431250
Recall_test: 0.343284
F1_test: 0.382271
 

Arquitectura: _2_3_3_3_3_1_
Semilla: 1788088376
Segundos: 186
NIteraciones: 100000

Costo_train: 0.249998
Precision_train: -nan(ind)
Recall_train: 0.000000
F1_train: -nan(ind)

Costo_test: 0.250006
Precision_test: -nan(ind)
Recall_test: 0.000000
F1_test: -nan(ind)
 

Arquitectura: _2_3_3_3_3_1_
Semilla: 1788088376
Segundos: 186
NIteraciones: 100000

Costo_train: 0.249554
Precision_train: 0.545872
Recall_train: 0.595745
F1_train: 0.569719

Costo_test: 0.250129
Precision_test: 0.515695
Recall_test: 0.572139
F1_test: 0.542453
 

Arquitectura: _2_3_3_3_3_1_
Semilla: 1788088376
Segundos: 186
NIteraciones: 100000

Costo_train: 0.249962
Precision_train: 0.511111
Recall_train: 0.489362
F1_train: 0.500000

Costo_test: 0.250163
Precision_test: 0.473958
Recall_test: 0.452736
F1_test: 0.463104
 

Arquitectura: _2_3_3_3_3_1_
Semilla: 1788088376
Segundos: 186
NIteraciones: 100000

Costo_train: 0.249983
Precision_train: 0.492795
Recall_train: 0.428035
F1_train: 0.458138

Costo_test: 0.250109
Precision_test: 0.465909
Recall_test: 0.407960
F1_test: 0.435013
 

Arquitectura: _2_3_3_3_3_1_
Semilla: 1788088376
Segundos: 186
NIteraciones: 100000

Costo_train: 0.250003
Precision_train: -nan(ind)
Recall_train: 0.000000
F1_train: -nan(ind)

Costo_test: 0.249991
Precision_test: -nan(ind)
Recall_test: 0.000000
F1_test: -nan(ind)
 

Arquitectura: _2_3_3_3_3_1_
Semilla: 1788088376
Segundos: 186
NIteraciones: 100000

Costo_train: 0.250008
Precision_train: 0.424960
Recall_train: 0.336671
F1_train: 0.375698

Costo_test: 0.249926
Precision_test: 0.474359
Recall_test: 0.368159
F1_test: 0.414566
 

Arquitectura: _2_3_3_3_3_1_
Semilla: 1788088376
Segundos: 186
NIteraciones: 100000

Costo_train: 0.249983
Precision_train: 0.511318
Recall_train: 0.480601
F1_train: 0.495484

Costo_test: 0.250201
Precision_test: 0.481481
Recall_test: 0.452736
F1_test: 0.466667
 

Arquitectura: _2_3_3_3_3_1_
Semilla: 1788088376
Segundos: 186
NIteraciones: 100000

Costo_train: 0.249980
Precision_train: 0.338843
Recall_train: 0.102628
F1_train: 0.157541

Costo_test: 0.250010
Precision_test: 0.381818
Recall_test: 0.104478
F1_test: 0.164062
 

Arquitectura: _2_3_3_3_3_1_
Semilla: 1788088376
Segundos: 186
NIteraciones: 100000

Costo_train: 0.250004
Precision_train: 0.437050
Recall_train: 0.304130
F1_train: 0.358672

Costo_test: 0.249954
Precision_test: 0.485714
Recall_test: 0.338308
F1_test: 0.398827
 

Arquitectura: _2_3_3_3_3_1_
Semilla: 1788088376
Segundos: 186
NIteraciones: 100000

Costo_train: 0.249996
Precision_train: -nan(ind)
Recall_train: 0.000000
F1_train: -nan(ind)

Costo_test: 0.249979
Precision_test: -nan(ind)
Recall_test: 0.000000
F1_test: -nan(ind)
 

Arquitectura: _2_3_3_3_3_1_
Semilla: 1788088376
Segundos: 186
NIteraciones: 100000

Costo_train: 0.249995
Precision_train: 0.534733
Recall_train: 0.414268
F1_train: 0.466855

Costo_test: 0.250056
Precision_test: 0.503185
Recall_test: 0.393035
F1_test: 0.441341
 

Arquitectura: _2_3_3_3_3_1_
Semilla: 1788088376
Segundos: 186
NIteraciones: 100000

Costo_train: 0.250002
Precision_train: 0.428571
Recall_train: 0.067584
F1_train: 0.116757

Costo_test: 0.249962
Precision_test: 0.531250
Recall_test: 0.084577
F1_test: 0.145923
 

Arquitectura: _2_3_3_3_3_1_
Semilla: 1788088376
Segundos: 186
NIteraciones: 100000

Costo_train: 0.249990
Precision_train: 0.572379
Recall_train: 0.430538
F1_train: 0.491429

Costo_test: 0.249921
Precision_test: 0.608108
Recall_test: 0.447761
F1_test: 0.515759
 

Arquitectura: _2_3_3_3_3_1_
Semilla: 1788088376
Segundos: 186
NIteraciones: 100000

Costo_train: 0.249999
Precision_train: -nan(ind)
Recall_train: 0.000000
F1_train: -nan(ind)

Costo_test: 0.250013
Precision_test: -nan(ind)
Recall_test: 0.000000
F1_test: -nan(ind)
 

Arquitectura: _2_3_3_3_3_1_
Semilla: 1788088376
Segundos: 186
NIteraciones: 100000

Costo_train: 0.249987
Precision_train: 0.604651
Recall_train: 0.292866
F1_train: 0.394604

Costo_test: 0.250039
Precision_test: 0.523364
Recall_test: 0.278607
F1_test: 0.363636
 

Arquitectura: _2_3_3_3_3_1_
Semilla: 1788088376
Segundos: 186
NIteraciones: 100000

Costo_train: 0.249997
Precision_train: -nan(ind)
Recall_train: 0.000000
F1_train: -nan(ind)

Costo_test: 0.250010
Precision_test: -nan(ind)
Recall_test: 0.000000
F1_test: -nan(ind)
 

Arquitectura: _2_3_3_3_3_1_
Semilla: 1788088376
Segundos: 186
NIteraciones: 100000

Costo_train: 0.249998
Precision_train: -nan(ind)
Recall_train: 0.000000
F1_train: -nan(ind)

Costo_test: 0.250004
Precision_test: -nan(ind)
Recall_test: 0.000000
F1_test: -nan(ind)
 

Arquitectura: _2_3_3_3_3_1_
Semilla: 1788088376
Segundos: 186
NIteraciones: 100000

Costo_train: 0.249964
Precision_train: 0.495468
Recall_train: 0.205257
F1_train: 0.290266

Costo_test: 0.249963
Precision_test: 0.518519
Recall_test: 0.208955
F1_test: 0.297872
 

Arquitectura: _2_3_3_3_3_1_
Semilla: 1788088376
Segundos: 186
NIteraciones: 100000

Costo_train: 0.249993
Precision_train: -nan(ind)
Recall_train: 0.000000
F1_train: -nan(ind)

Costo_test: 0.250010
Precision_test: -nan(ind)
Recall_test: 0.000000
F1_test: -nan(ind)
 

Arquitectura: _2_3_3_3_3_1_
Semilla: 1788088376
Segundos: 186
NIteraciones: 100000

Costo_train: 0.250002
Precision_train: -nan(ind)
Recall_train: 0.000000
F1_train: -nan(ind)

Costo_test: 0.249995
Precision_test: -nan(ind)
Recall_test: 0.000000
F1_test: -nan(ind)
 

Arquitectura: _2_3_3_3_3_1_
Semilla: 1788088376
Segundos: 186
NIteraciones: 100000

Costo_train: 0.249967
Precision_train: 0.445604
Recall_train: 0.374218
F1_train: 0.406803

Costo_test: 0.250061
Precision_test: 0.420118
Recall_test: 0.353234
F1_test: 0.383784
 

Arquitectura: _2_3_3_3_3_1_
Semilla: 1788088376
Segundos: 186
NIteraciones: 100000

Costo_train: 0.249970
Precision_train: 0.470588
Recall_train: 0.370463
F1_train: 0.414566

Costo_test: 0.250033
Precision_test: 0.469388
Recall_test: 0.343284
F1_test: 0.396552
 

Arquitectura: _2_3_3_3_3_1_
Semilla: 1788088376
Segundos: 186
NIteraciones: 100000

Costo_train: 0.250001
Precision_train: -nan(ind)
Recall_train: 0.000000
F1_train: -nan(ind)

Costo_test: 0.249979
Precision_test: -nan(ind)
Recall_test: 0.000000
F1_test: -nan(ind)
 

Arquitectura: _2_3_3_3_3_1_
Semilla: 1788088376
Segundos: 186
NIteraciones: 100000

Costo_train: 0.249998
Precision_train: -nan(ind)
Recall_train: 0.000000
F1_train: -nan(ind)

Costo_test: 0.250019
Precision_test: -nan(ind)
Recall_test: 0.000000
F1_test: -nan(ind)
 

Arquitectura: _2_3_3_3_3_1_
Semilla: 1788088376
Segundos: 186
NIteraciones: 100000

Costo_train: 0.249971
Precision_train: 0.382246
Recall_train: 0.264080
F1_train: 0.312361

Costo_test: 0.250026
Precision_test: 0.356643
Recall_test: 0.253731
F1_test: 0.296512
 

Arquitectura: _2_3_3_3_3_1_
Semilla: 1788088376
Segundos: 186
NIteraciones: 100000

Costo_train: 0.249975
Precision_train: 0.509409
Recall_train: 0.474343
F1_train: 0.491251

Costo_test: 0.250249
Precision_test: 0.475410
Recall_test: 0.432836
F1_test: 0.453125
 

Arquitectura: _2_3_3_3_3_1_
Semilla: 1788088376
Segundos: 186
NIteraciones: 100000

Costo_train: 0.249987
Precision_train: 0.511628
Recall_train: 0.385482
F1_train: 0.439686

Costo_test: 0.250044
Precision_test: 0.470968
Recall_test: 0.363184
F1_test: 0.410112
 

Arquitectura: _2_3_3_3_3_1_
Semilla: 1788088376
Segundos: 186
NIteraciones: 100000

Costo_train: 0.249999
Precision_train: -nan(ind)
Recall_train: 0.000000
F1_train: -nan(ind)

Costo_test: 0.250019
Precision_test: -nan(ind)
Recall_test: 0.000000
F1_test: -nan(ind)
 

Arquitectura: _2_3_3_3_3_1_
Semilla: 1788088376
Segundos: 186
NIteraciones: 100000

Costo_train: 0.250002
Precision_train: -nan(ind)
Recall_train: 0.000000
F1_train: -nan(ind)

Costo_test: 0.249975
Precision_test: -nan(ind)
Recall_test: 0.000000
F1_test: -nan(ind)
 

Arquitectura: _2_3_3_3_3_1_
Semilla: 1788088376
Segundos: 186
NIteraciones: 100000

Costo_train: 0.249833
Precision_train: 0.522113
Recall_train: 0.531915
F1_train: 0.526968

Costo_test: 0.250407
Precision_test: 0.480583
Recall_test: 0.492537
F1_test: 0.486486
 

Arquitectura: _2_3_3_3_3_1_
Semilla: 1788088376
Segundos: 186
NIteraciones: 100000

Costo_train: 0.249967
Precision_train: 0.551170
Recall_train: 0.471840
F1_train: 0.508429

Costo_test: 0.250166
Precision_test: 0.511494
Recall_test: 0.442786
F1_test: 0.474667
 

Arquitectura: _2_3_3_3_3_1_
Semilla: 1788088376
Segundos: 186
NIteraciones: 100000

Costo_train: 0.249900
Precision_train: 0.508409
Recall_train: 0.491865
F1_train: 0.500000

Costo_test: 0.250146
Precision_test: 0.475000
Recall_test: 0.472637
F1_test: 0.473815
 

Arquitectura: _2_3_3_3_3_1_
Semilla: 1788088376
Segundos: 186
NIteraciones: 100000

Costo_train: 0.249993
Precision_train: -nan(ind)
Recall_train: 0.000000
F1_train: -nan(ind)

Costo_test: 0.250035
Precision_test: -nan(ind)
Recall_test: 0.000000
F1_test: -nan(ind)
 

Arquitectura: _2_3_3_3_3_1_
Semilla: 1788088376
Segundos: 186
NIteraciones: 100000

Costo_train: 0.250000
Precision_train: 0.483333
Recall_train: 0.108886
F1_train: 0.177732

Costo_test: 0.249962
Precision_test: 0.536585
Recall_test: 0.109453
F1_test: 0.181818
 

Arquitectura: _2_3_3_3_3_1_
Semilla: 1788088376
Segundos: 186
NIteraciones: 100000

Costo_train: 0.249997
Precision_train: -nan(ind)
Recall_train: 0.000000
F1_train: -nan(ind)

Costo_test: 0.250038
Precision_test: -nan(ind)
Recall_test: 0.000000
F1_test: -nan(ind)
 

Arquitectura: _2_3_3_3_3_1_
Semilla: 1788088376
Segundos: 186
NIteraciones: 100000

Costo_train: 0.249998
Precision_train: -nan(ind)
Recall_train: 0.000000
F1_train: -nan(ind)

Costo_test: 0.250023
Precision_test: -nan(ind)
Recall_test: 0.000000
F1_test: -nan(ind)
 

Arquitectura: _2_3_3_3_3_1_
Semilla: 1788088376
Segundos: 186
NIteraciones: 100000

Costo_train: 0.249991
Precision_train: 0.490698
Recall_train: 0.264080
F1_train: 0.343369

Costo_test: 0.250041
Precision_test: 0.408696
Recall_test: 0.233831
F1_test: 0.297468
 

Arquitectura: _2_3_3_3_3_1_
Semilla: 1788088376
Segundos: 186
NIteraciones: 100000

Costo_train: 0.249999
Precision_train: -nan(ind)
Recall_train: 0.000000
F1_train: -nan(ind)

Costo_test: 0.250001
Precision_test: -nan(ind)
Recall_test: 0.000000
F1_test: -nan(ind)
 

Arquitectura: _2_3_3_3_3_1_
Semilla: 1788088376
Segundos: 186
NIteraciones: 100000

Costo_train: 0.249997
Precision_train: -nan(ind)
Recall_train: 0.000000
F1_train: -nan(ind)

Costo_test: 0.250032
Precision_test: -nan(ind)
Recall_test: 0.000000
F1_test: -nan(ind)
 

Arquitectura: _2_3_3_3_3_1_
Semilla: 1788088376
Segundos: 186
NIteraciones: 100000

Costo_train: 0.249986
Precision_train: 0.517442
Recall_train: 0.445557
F1_train: 0.478816

Costo_test: 0.250114
Precision_test: 0.494186
Recall_test: 0.422886
F1_test: 0.455764
 

Arquitectura: _2_3_3_3_3_1_
Semilla: 1788088376
Segundos: 186
NIteraciones: 100000

Costo_train: 0.249987
Precision_train: 0.313433
Recall_train: 0.052566
F1_train: 0.090032

Costo_test: 0.250014
Precision_test: 0.285714
Recall_test: 0.039801
F1_test: 0.069869
 

Arquitectura: _2_3_3_3_3_1_
Semilla: 1788088376
Segundos: 186
NIteraciones: 100000

Costo_train: 0.249999
Precision_train: -nan(ind)
Recall_train: 0.000000
F1_train: -nan(ind)

Costo_test: 0.249994
Precision_test: -nan(ind)
Recall_test: 0.000000
F1_test: -nan(ind)
 

Arquitectura: _2_3_3_3_3_1_
Semilla: 1788088376
Segundos: 186
NIteraciones: 100000

Costo_train: 0.249999
Precision_train: -nan(ind)
Recall_train: 0.000000
F1_train: -nan(ind)

Costo_test: 0.250014
Precision_test: -nan(ind)
Recall_test: 0.000000
F1_test: -nan(ind)
 

Arquitectura: _2_3_3_3_3_1_
Semilla: 1788088376
Segundos: 186
NIteraciones: 100000

Costo_train: 0.249996
Precision_train: -nan(ind)
Recall_train: 0.000000
F1_train: -nan(ind)

Costo_test: 0.250013
Precision_test: -nan(ind)
Recall_test: 0.000000
F1_test: -nan(ind)
 

Arquitectura: _2_3_3_3_3_1_
Semilla: 1788088376
Segundos: 186
NIteraciones: 100000

Costo_train: 0.249995
Precision_train: 0.368421
Recall_train: 0.008761
F1_train: 0.017115

Costo_test: 0.249997
Precision_test: 0.333333
Recall_test: 0.004975
F1_test: 0.009804
 

Arquitectura: _2_3_3_3_3_1_
Semilla: 1788088376
Segundos: 186
NIteraciones: 100000

Costo_train: 0.249999
Precision_train: 0.500000
Recall_train: 0.001252
F1_train: 0.002497

Costo_test: 0.249972
Precision_test: -nan(ind)
Recall_test: 0.000000
F1_test: -nan(ind)
 

Arquitectura: _2_3_3_3_3_1_
Semilla: 1788088376
Segundos: 186
NIteraciones: 100000

Costo_train: 0.249995
Precision_train: 0.501639
Recall_train: 0.191489
F1_train: 0.277174

Costo_test: 0.250042
Precision_test: 0.452055
Recall_test: 0.164179
F1_test: 0.240876
 

Arquitectura: _2_3_3_3_3_1_
Semilla: 1788088376
Segundos: 186
NIteraciones: 100000

Costo_train: 0.249994
Precision_train: 0.484234
Recall_train: 0.269086
F1_train: 0.345937

Costo_test: 0.250048
Precision_test: 0.393162
Recall_test: 0.228856
F1_test: 0.289308
 

Arquitectura: _2_3_3_3_3_1_
Semilla: 1788088376
Segundos: 186
NIteraciones: 100000

Costo_train: 0.249999
Precision_train: -nan(ind)
Recall_train: 0.000000
F1_train: -nan(ind)

Costo_test: 0.250017
Precision_test: -nan(ind)
Recall_test: 0.000000
F1_test: -nan(ind)
 

Arquitectura: _2_3_3_3_3_1_
Semilla: 1788088376
Segundos: 186
NIteraciones: 100000

Costo_train: 0.249993
Precision_train: 0.863636
Recall_train: 0.023780
F1_train: 0.046285

Costo_test: 0.249966
Precision_test: 0.857143
Recall_test: 0.029851
F1_test: 0.057692
 

Arquitectura: _2_3_3_3_3_1_
Semilla: 1788088376
Segundos: 186
NIteraciones: 100000

Costo_train: 0.250000
Precision_train: -nan(ind)
Recall_train: 0.000000
F1_train: -nan(ind)

Costo_test: 0.250004
Precision_test: -nan(ind)
Recall_test: 0.000000
F1_test: -nan(ind)
 

Arquitectura: _2_3_3_3_3_1_
Semilla: 1788088376
Segundos: 186
NIteraciones: 100000

Costo_train: 0.249978
Precision_train: 0.510695
Recall_train: 0.478098
F1_train: 0.493859

Costo_test: 0.250184
Precision_test: 0.473118
Recall_test: 0.437811
F1_test: 0.454780
 

Arquitectura: _2_3_3_3_3_1_
Semilla: 1788088376
Segundos: 186
NIteraciones: 100000

Costo_train: 0.249991
Precision_train: 0.452800
Recall_train: 0.354193
F1_train: 0.397472

Costo_test: 0.250087
Precision_test: 0.424051
Recall_test: 0.333333
F1_test: 0.373259
 

Arquitectura: _2_3_3_3_3_1_
Semilla: 1788088376
Segundos: 186
NIteraciones: 100000

Costo_train: 0.250002
Precision_train: -nan(ind)
Recall_train: 0.000000
F1_train: -nan(ind)

Costo_test: 0.250025
Precision_test: -nan(ind)
Recall_test: 0.000000
F1_test: -nan(ind)
 

Arquitectura: _2_3_3_3_3_1_
Semilla: 1788088376
Segundos: 186
NIteraciones: 100000

Costo_train: 0.249995
Precision_train: 0.584041
Recall_train: 0.430538
F1_train: 0.495677

Costo_test: 0.250062
Precision_test: 0.522581
Recall_test: 0.402985
F1_test: 0.455056
 

Arquitectura: _2_3_3_3_3_1_
Semilla: 1788088376
Segundos: 186
NIteraciones: 100000

Costo_train: 0.249720
Precision_train: 0.540094
Recall_train: 0.573216
F1_train: 0.556163

Costo_test: 0.250337
Precision_test: 0.506849
Recall_test: 0.552239
F1_test: 0.528571
 

Arquitectura: _2_3_3_3_3_1_
Semilla: 1788088376
Segundos: 186
NIteraciones: 100000

Costo_train: 0.250008
Precision_train: 0.469040
Recall_train: 0.379224
F1_train: 0.419377

Costo_test: 0.249934
Precision_test: 0.522293
Recall_test: 0.407960
F1_test: 0.458101
 

Arquitectura: _2_3_3_3_3_1_
Semilla: 1788088376
Segundos: 186
NIteraciones: 100000

Costo_train: 0.249997
Precision_train: -nan(ind)
Recall_train: 0.000000
F1_train: -nan(ind)

Costo_test: 0.249978
Precision_test: -nan(ind)
Recall_test: 0.000000
F1_test: -nan(ind)
 

Arquitectura: _2_3_3_3_3_1_
Semilla: 1788088376
Segundos: 186
NIteraciones: 100000

Costo_train: 0.249999
Precision_train: -nan(ind)
Recall_train: 0.000000
F1_train: -nan(ind)

Costo_test: 0.249983
Precision_test: -nan(ind)
Recall_test: 0.000000
F1_test: -nan(ind)
 

Arquitectura: _2_3_3_3_3_1_
Semilla: 1788088376
Segundos: 186
NIteraciones: 100000

Costo_train: 0.249980
Precision_train: 0.416799
Recall_train: 0.329161
F1_train: 0.367832

Costo_test: 0.250069
Precision_test: 0.391026
Recall_test: 0.303483
F1_test: 0.341737
 


--- Test Angosta 5.0 ---
Iteración 10000
Costo: 0.192963
Iteración 20000
Costo: 0.173678
Iteración 30000
Costo: 0.169354
Iteración 40000
Costo: 0.167218
Iteración 50000
Costo: 0.166075
Iteración 60000
Costo: 0.165341
Iteración 70000
Costo: 0.164793
Iteración 80000
Costo: 0.164352
Iteración 90000
Costo: 0.163980

Arquitectura: _2_15_1_
Semilla: 1788088562
Segundos: 57
NIteraciones: 100000

Costo_train: 0.163640
Precision_train: 0.692494
Recall_train: 0.715895
F1_train: 0.704000

Costo_test: 0.175669
Precision_test: 0.661765
Recall_test: 0.671642
F1_test: 0.666667
 

Arquitectura: _2_15_1_
Semilla: 1788088562
Segundos: 57
NIteraciones: 100000

Costo_train: 0.164139
Precision_train: 0.694245
Recall_train: 0.724656
F1_train: 0.709124

Costo_test: 0.176162
Precision_test: 0.647619
Recall_test: 0.676617
F1_test: 0.661801
 

Arquitectura: _2_15_1_
Semilla: 1788088562
Segundos: 57
NIteraciones: 100000

Costo_train: 0.156629
Precision_train: 0.744332
Recall_train: 0.739675
F1_train: 0.741996

Costo_test: 0.165810
Precision_test: 0.714286
Recall_test: 0.696517
F1_test: 0.705290
 

Arquitectura: _2_15_1_
Semilla: 1788088562
Segundos: 57
NIteraciones: 100000

Costo_train: 0.147167
Precision_train: 0.810160
Recall_train: 0.758448
F1_train: 0.783452

Costo_test: 0.151635
Precision_test: 0.812155
Recall_test: 0.731343
F1_test: 0.769633
 

Arquitectura: _2_15_1_
Semilla: 1788088562
Segundos: 57
NIteraciones: 100000

Costo_train: 0.158172
Precision_train: 0.713311
Recall_train: 0.784731
F1_train: 0.747318

Costo_test: 0.167898
Precision_test: 0.676856
Recall_test: 0.771144
F1_test: 0.720930
 

Arquitectura: _2_15_1_
Semilla: 1788088562
Segundos: 57
NIteraciones: 100000

Costo_train: 0.164210
Precision_train: 0.724696
Recall_train: 0.672090
F1_train: 0.697403

Costo_test: 0.176810
Precision_test: 0.686170
Recall_test: 0.641791
F1_test: 0.663239
 

Arquitectura: _2_15_1_
Semilla: 1788088562
Segundos: 57
NIteraciones: 100000

Costo_train: 0.139034
Precision_train: 0.857746
Recall_train: 0.762203
F1_train: 0.807157

Costo_test: 0.139184
Precision_test: 0.854749
Recall_test: 0.761194
F1_test: 0.805263
 

Arquitectura: _2_15_1_
Semilla: 1788088562
Segundos: 57
NIteraciones: 100000

Costo_train: 0.148200
Precision_train: 0.801813
Recall_train: 0.774718
F1_train: 0.788033

Costo_test: 0.153204
Precision_test: 0.804233
Recall_test: 0.756219
F1_test: 0.779487
 

Arquitectura: _2_15_1_
Semilla: 1788088562
Segundos: 57
NIteraciones: 100000

Costo_train: 0.164567
Precision_train: 0.688372
Recall_train: 0.740926
F1_train: 0.713683

Costo_test: 0.176165
Precision_test: 0.648402
Recall_test: 0.706468
F1_test: 0.676190
 

Arquitectura: _2_15_1_
Semilla: 1788088562
Segundos: 57
NIteraciones: 100000

Costo_train: 0.155256
Precision_train: 0.783550
Recall_train: 0.679600
F1_train: 0.727882

Costo_test: 0.161135
Precision_test: 0.781065
Recall_test: 0.656716
F1_test: 0.713513
 

Arquitectura: _2_15_1_
Semilla: 1788088562
Segundos: 57
NIteraciones: 100000

Costo_train: 0.143354
Precision_train: 0.798479
Recall_train: 0.788486
F1_train: 0.793451

Costo_test: 0.146296
Precision_test: 0.787129
Recall_test: 0.791045
F1_test: 0.789082
 

Arquitectura: _2_15_1_
Semilla: 1788088562
Segundos: 57
NIteraciones: 100000

Costo_train: 0.160747
Precision_train: 0.774627
Recall_train: 0.649562
F1_train: 0.706603

Costo_test: 0.170948
Precision_test: 0.712707
Recall_test: 0.641791
F1_test: 0.675393
 

Arquitectura: _2_15_1_
Semilla: 1788088562
Segundos: 57
NIteraciones: 100000

Costo_train: 0.145305
Precision_train: 0.808750
Recall_train: 0.809762
F1_train: 0.809256

Costo_test: 0.148564
Precision_test: 0.781726
Recall_test: 0.766169
F1_test: 0.773869
 

Arquitectura: _2_15_1_
Semilla: 1788088562
Segundos: 57
NIteraciones: 100000

Costo_train: 0.155311
Precision_train: 0.774834
Recall_train: 0.732165
F1_train: 0.752896

Costo_test: 0.165110
Precision_test: 0.715736
Recall_test: 0.701493
F1_test: 0.708543
 

Arquitectura: _2_15_1_
Semilla: 1788088562
Segundos: 57
NIteraciones: 100000

Costo_train: 0.159738
Precision_train: 0.750336
Recall_train: 0.699625
F1_train: 0.724093

Costo_test: 0.170237
Precision_test: 0.697436
Recall_test: 0.676617
F1_test: 0.686869
 

Arquitectura: _2_15_1_
Semilla: 1788088562
Segundos: 57
NIteraciones: 100000

Costo_train: 0.164241
Precision_train: 0.698529
Recall_train: 0.713392
F1_train: 0.705882

Costo_test: 0.176608
Precision_test: 0.658537
Recall_test: 0.671642
F1_test: 0.665025
 

Arquitectura: _2_15_1_
Semilla: 1788088562
Segundos: 57
NIteraciones: 100000

Costo_train: 0.164038
Precision_train: 0.711735
Recall_train: 0.698373
F1_train: 0.704991

Costo_test: 0.176706
Precision_test: 0.663265
Recall_test: 0.646766
F1_test: 0.654912
 

Arquitectura: _2_15_1_
Semilla: 1788088562
Segundos: 57
NIteraciones: 100000

Costo_train: 0.163769
Precision_train: 0.697904
Recall_train: 0.708385
F1_train: 0.703106

Costo_test: 0.175542
Precision_test: 0.645631
Recall_test: 0.661692
F1_test: 0.653563
 

Arquitectura: _2_15_1_
Semilla: 1788088562
Segundos: 57
NIteraciones: 100000

Costo_train: 0.164516
Precision_train: 0.692849
Recall_train: 0.739675
F1_train: 0.715496

Costo_test: 0.176223
Precision_test: 0.646789
Recall_test: 0.701493
F1_test: 0.673031
 

Arquitectura: _2_15_1_
Semilla: 1788088562
Segundos: 57
NIteraciones: 100000

Costo_train: 0.165418
Precision_train: 0.785256
Recall_train: 0.613267
F1_train: 0.688686

Costo_test: 0.175541
Precision_test: 0.778524
Recall_test: 0.577114
F1_test: 0.662857
 

Arquitectura: _2_15_1_
Semilla: 1788088562
Segundos: 57
NIteraciones: 100000

Costo_train: 0.153692
Precision_train: 0.794618
Recall_train: 0.702128
F1_train: 0.745515

Costo_test: 0.159843
Precision_test: 0.780899
Recall_test: 0.691542
F1_test: 0.733509
 

Arquitectura: _2_15_1_
Semilla: 1788088562
Segundos: 57
NIteraciones: 100000

Costo_train: 0.164404
Precision_train: 0.684332
Recall_train: 0.743429
F1_train: 0.712657

Costo_test: 0.176531
Precision_test: 0.641256
Recall_test: 0.711443
F1_test: 0.674528
 

Arquitectura: _2_15_1_
Semilla: 1788088562
Segundos: 57
NIteraciones: 100000

Costo_train: 0.154746
Precision_train: 0.768170
Recall_train: 0.767209
F1_train: 0.767689

Costo_test: 0.165939
Precision_test: 0.702703
Recall_test: 0.776119
F1_test: 0.737589
 

Arquitectura: _2_15_1_
Semilla: 1788088562
Segundos: 57
NIteraciones: 100000

Costo_train: 0.147227
Precision_train: 0.798976
Recall_train: 0.780976
F1_train: 0.789873

Costo_test: 0.156474
Precision_test: 0.743842
Recall_test: 0.751244
F1_test: 0.747525
 

Arquitectura: _2_15_1_
Semilla: 1788088562
Segundos: 57
NIteraciones: 100000

Costo_train: 0.152615
Precision_train: 0.747292
Recall_train: 0.777222
F1_train: 0.761963

Costo_test: 0.164751
Precision_test: 0.693694
Recall_test: 0.766169
F1_test: 0.728132
 

Arquitectura: _2_15_1_
Semilla: 1788088562
Segundos: 57
NIteraciones: 100000

Costo_train: 0.147818
Precision_train: 0.793194
Recall_train: 0.758448
F1_train: 0.775432

Costo_test: 0.154146
Precision_test: 0.763158
Recall_test: 0.721393
F1_test: 0.741688
 

Arquitectura: _2_15_1_
Semilla: 1788088562
Segundos: 57
NIteraciones: 100000

Costo_train: 0.141565
Precision_train: 0.814904
Recall_train: 0.848561
F1_train: 0.831392

Costo_test: 0.147194
Precision_test: 0.782407
Recall_test: 0.840796
F1_test: 0.810552
 

Arquitectura: _2_15_1_
Semilla: 1788088562
Segundos: 57
NIteraciones: 100000

Costo_train: 0.163885
Precision_train: 0.703106
Recall_train: 0.708385
F1_train: 0.705736

Costo_test: 0.175974
Precision_test: 0.663366
Recall_test: 0.666667
F1_test: 0.665012
 

Arquitectura: _2_15_1_
Semilla: 1788088562
Segundos: 57
NIteraciones: 100000

Costo_train: 0.155437
Precision_train: 0.791105
Recall_train: 0.734668
F1_train: 0.761843

Costo_test: 0.162724
Precision_test: 0.772973
Recall_test: 0.711443
F1_test: 0.740933
 

Arquitectura: _2_15_1_
Semilla: 1788088562
Segundos: 57
NIteraciones: 100000

Costo_train: 0.161775
Precision_train: 0.702206
Recall_train: 0.717146
F1_train: 0.709598

Costo_test: 0.171987
Precision_test: 0.674877
Recall_test: 0.681592
F1_test: 0.678218
 

Arquitectura: _2_15_1_
Semilla: 1788088562
Segundos: 57
NIteraciones: 100000

Costo_train: 0.164104
Precision_train: 0.697226
Recall_train: 0.723404
F1_train: 0.710074

Costo_test: 0.177028
Precision_test: 0.658768
Recall_test: 0.691542
F1_test: 0.674757
 

Arquitectura: _2_15_1_
Semilla: 1788088562
Segundos: 57
NIteraciones: 100000

Costo_train: 0.158941
Precision_train: 0.717208
Recall_train: 0.745932
F1_train: 0.731288

Costo_test: 0.170209
Precision_test: 0.676056
Recall_test: 0.716418
F1_test: 0.695652
 

Arquitectura: _2_15_1_
Semilla: 1788088562
Segundos: 57
NIteraciones: 100000

Costo_train: 0.165072
Precision_train: 0.691765
Recall_train: 0.735920
F1_train: 0.713160

Costo_test: 0.176014
Precision_test: 0.650442
Recall_test: 0.731343
F1_test: 0.688525
 

Arquitectura: _2_15_1_
Semilla: 1788088562
Segundos: 57
NIteraciones: 100000

Costo_train: 0.136093
Precision_train: 0.832215
Recall_train: 0.775970
F1_train: 0.803109

Costo_test: 0.138091
Precision_test: 0.829670
Recall_test: 0.751244
F1_test: 0.788512
 

Arquitectura: _2_15_1_
Semilla: 1788088562
Segundos: 57
NIteraciones: 100000

Costo_train: 0.154607
Precision_train: 0.760510
Recall_train: 0.747184
F1_train: 0.753788

Costo_test: 0.162994
Precision_test: 0.751323
Recall_test: 0.706468
F1_test: 0.728205
 

Arquitectura: _2_15_1_
Semilla: 1788088562
Segundos: 57
NIteraciones: 100000

Costo_train: 0.151749
Precision_train: 0.804845
Recall_train: 0.748436
F1_train: 0.775616

Costo_test: 0.157174
Precision_test: 0.800000
Recall_test: 0.736318
F1_test: 0.766839
 

Arquitectura: _2_15_1_
Semilla: 1788088562
Segundos: 57
NIteraciones: 100000

Costo_train: 0.163132
Precision_train: 0.801538
Recall_train: 0.652065
F1_train: 0.719117

Costo_test: 0.173224
Precision_test: 0.771084
Recall_test: 0.636816
F1_test: 0.697548
 

Arquitectura: _2_15_1_
Semilla: 1788088562
Segundos: 57
NIteraciones: 100000

Costo_train: 0.156214
Precision_train: 0.770574
Recall_train: 0.773467
F1_train: 0.772017

Costo_test: 0.165546
Precision_test: 0.741117
Recall_test: 0.726368
F1_test: 0.733668
 

Arquitectura: _2_15_1_
Semilla: 1788088562
Segundos: 57
NIteraciones: 100000

Costo_train: 0.164001
Precision_train: 0.712644
Recall_train: 0.698373
F1_train: 0.705436

Costo_test: 0.176759
Precision_test: 0.661538
Recall_test: 0.641791
F1_test: 0.651515
 

Arquitectura: _2_15_1_
Semilla: 1788088562
Segundos: 57
NIteraciones: 100000

Costo_train: 0.163633
Precision_train: 0.707595
Recall_train: 0.699625
F1_train: 0.703587

Costo_test: 0.176517
Precision_test: 0.666667
Recall_test: 0.646766
F1_test: 0.656566
 

Arquitectura: _2_15_1_
Semilla: 1788088562
Segundos: 57
NIteraciones: 100000

Costo_train: 0.154091
Precision_train: 0.792806
Recall_train: 0.689612
F1_train: 0.737617

Costo_test: 0.159802
Precision_test: 0.790698
Recall_test: 0.676617
F1_test: 0.729223
 

Arquitectura: _2_15_1_
Semilla: 1788088562
Segundos: 57
NIteraciones: 100000

Costo_train: 0.146506
Precision_train: 0.806409
Recall_train: 0.755945
F1_train: 0.780362

Costo_test: 0.150475
Precision_test: 0.796703
Recall_test: 0.721393
F1_test: 0.757180
 

Arquitectura: _2_15_1_
Semilla: 1788088562
Segundos: 57
NIteraciones: 100000

Costo_train: 0.151499
Precision_train: 0.795728
Recall_train: 0.745932
F1_train: 0.770026

Costo_test: 0.156347
Precision_test: 0.781421
Recall_test: 0.711443
F1_test: 0.744792
 

Arquitectura: _2_15_1_
Semilla: 1788088562
Segundos: 57
NIteraciones: 100000

Costo_train: 0.163443
Precision_train: 0.722148
Recall_train: 0.673342
F1_train: 0.696891

Costo_test: 0.175441
Precision_test: 0.668449
Recall_test: 0.621891
F1_test: 0.644330
 

Arquitectura: _2_15_1_
Semilla: 1788088562
Segundos: 57
NIteraciones: 100000

Costo_train: 0.164518
Precision_train: 0.692757
Recall_train: 0.742178
F1_train: 0.716616

Costo_test: 0.176181
Precision_test: 0.647321
Recall_test: 0.721393
F1_test: 0.682353
 

Arquitectura: _2_15_1_
Semilla: 1788088562
Segundos: 57
NIteraciones: 100000

Costo_train: 0.135770
Precision_train: 0.834899
Recall_train: 0.778473
F1_train: 0.805699

Costo_test: 0.134003
Precision_test: 0.844086
Recall_test: 0.781095
F1_test: 0.811370
 

Arquitectura: _2_15_1_
Semilla: 1788088562
Segundos: 57
NIteraciones: 100000

Costo_train: 0.163370
Precision_train: 0.717647
Recall_train: 0.687109
F1_train: 0.702046

Costo_test: 0.176232
Precision_test: 0.666667
Recall_test: 0.626866
F1_test: 0.646154
 

Arquitectura: _2_15_1_
Semilla: 1788088562
Segundos: 57
NIteraciones: 100000

Costo_train: 0.153852
Precision_train: 0.758242
Recall_train: 0.777222
F1_train: 0.767614

Costo_test: 0.165345
Precision_test: 0.697778
Recall_test: 0.781095
F1_test: 0.737089
 

Arquitectura: _2_15_1_
Semilla: 1788088562
Segundos: 57
NIteraciones: 100000

Costo_train: 0.148824
Precision_train: 0.766944
Recall_train: 0.807259
F1_train: 0.786585

Costo_test: 0.161224
Precision_test: 0.707424
Recall_test: 0.805970
F1_test: 0.753488
 

Arquitectura: _2_15_1_
Semilla: 1788088562
Segundos: 57
NIteraciones: 100000

Costo_train: 0.137726
Precision_train: 0.809187
Recall_train: 0.859825
F1_train: 0.833738

Costo_test: 0.143651
Precision_test: 0.800000
Recall_test: 0.855721
F1_test: 0.826923
 

Arquitectura: _2_15_1_
Semilla: 1788088562
Segundos: 57
NIteraciones: 100000

Costo_train: 0.155679
Precision_train: 0.758323
Recall_train: 0.769712
F1_train: 0.763975

Costo_test: 0.168241
Precision_test: 0.692308
Recall_test: 0.761194
F1_test: 0.725119
 

Arquitectura: _2_15_1_
Semilla: 1788088562
Segundos: 57
NIteraciones: 100000

Costo_train: 0.164100
Precision_train: 0.686761
Recall_train: 0.727159
F1_train: 0.706383

Costo_test: 0.176082
Precision_test: 0.643519
Recall_test: 0.691542
F1_test: 0.666667
 

Arquitectura: _2_15_1_
Semilla: 1788088562
Segundos: 57
NIteraciones: 100000

Costo_train: 0.164152
Precision_train: 0.688995
Recall_train: 0.720901
F1_train: 0.704587

Costo_test: 0.175275
Precision_test: 0.644550
Recall_test: 0.676617
F1_test: 0.660194
 

Arquitectura: _2_15_1_
Semilla: 1788088562
Segundos: 57
NIteraciones: 100000

Costo_train: 0.155050
Precision_train: 0.762887
Recall_train: 0.740926
F1_train: 0.751746

Costo_test: 0.161249
Precision_test: 0.745946
Recall_test: 0.686567
F1_test: 0.715026
 

Arquitectura: _2_15_1_
Semilla: 1788088562
Segundos: 57
NIteraciones: 100000

Costo_train: 0.153772
Precision_train: 0.787261
Recall_train: 0.773467
F1_train: 0.780303

Costo_test: 0.160519
Precision_test: 0.769231
Recall_test: 0.746269
F1_test: 0.757576
 

Arquitectura: _2_15_1_
Semilla: 1788088562
Segundos: 57
NIteraciones: 100000

Costo_train: 0.134893
Precision_train: 0.829208
Recall_train: 0.838548
F1_train: 0.833852

Costo_test: 0.138762
Precision_test: 0.802956
Recall_test: 0.810945
F1_test: 0.806931
 

Arquitectura: _2_15_1_
Semilla: 1788088562
Segundos: 57
NIteraciones: 100000

Costo_train: 0.157758
Precision_train: 0.747815
Recall_train: 0.749687
F1_train: 0.748750

Costo_test: 0.166524
Precision_test: 0.715686
Recall_test: 0.726368
F1_test: 0.720988
 

Arquitectura: _2_15_1_
Semilla: 1788088562
Segundos: 57
NIteraciones: 100000

Costo_train: 0.142732
Precision_train: 0.802267
Recall_train: 0.797247
F1_train: 0.799749

Costo_test: 0.152386
Precision_test: 0.766990
Recall_test: 0.786070
F1_test: 0.776413
 

Arquitectura: _2_15_1_
Semilla: 1788088562
Segundos: 57
NIteraciones: 100000

Costo_train: 0.164555
Precision_train: 0.690805
Recall_train: 0.752190
F1_train: 0.720192

Costo_test: 0.176601
Precision_test: 0.648889
Recall_test: 0.726368
F1_test: 0.685446
 

Arquitectura: _2_15_1_
Semilla: 1788088562
Segundos: 57
NIteraciones: 100000

Costo_train: 0.161484
Precision_train: 0.704715
Recall_train: 0.710889
F1_train: 0.707788

Costo_test: 0.173701
Precision_test: 0.656863
Recall_test: 0.666667
F1_test: 0.661728
 

Arquitectura: _2_15_1_
Semilla: 1788088562
Segundos: 57
NIteraciones: 100000

Costo_train: 0.152662
Precision_train: 0.794908
Recall_train: 0.703379
F1_train: 0.746348

Costo_test: 0.158096
Precision_test: 0.801170
Recall_test: 0.681592
F1_test: 0.736559
 

Arquitectura: _2_15_1_
Semilla: 1788088562
Segundos: 57
NIteraciones: 100000

Costo_train: 0.134137
Precision_train: 0.820895
Recall_train: 0.826033
F1_train: 0.823456

Costo_test: 0.139309
Precision_test: 0.808612
Recall_test: 0.840796
F1_test: 0.824390
 

Arquitectura: _2_15_1_
Semilla: 1788088562
Segundos: 57
NIteraciones: 100000

Costo_train: 0.165243
Precision_train: 0.726776
Recall_train: 0.665832
F1_train: 0.694971

Costo_test: 0.177753
Precision_test: 0.681319
Recall_test: 0.616915
F1_test: 0.647520
 

Arquitectura: _2_15_1_
Semilla: 1788088562
Segundos: 57
NIteraciones: 100000

Costo_train: 0.139804
Precision_train: 0.836478
Recall_train: 0.832290
F1_train: 0.834379

Costo_test: 0.144116
Precision_test: 0.822660
Recall_test: 0.830846
F1_test: 0.826733
 

Arquitectura: _2_15_1_
Semilla: 1788088562
Segundos: 57
NIteraciones: 100000

Costo_train: 0.154263
Precision_train: 0.792319
Recall_train: 0.697121
F1_train: 0.741678

Costo_test: 0.160330
Precision_test: 0.786127
Recall_test: 0.676617
F1_test: 0.727273
 

Arquitectura: _2_15_1_
Semilla: 1788088562
Segundos: 57
NIteraciones: 100000

Costo_train: 0.163751
Precision_train: 0.702101
Recall_train: 0.710889
F1_train: 0.706468

Costo_test: 0.176108
Precision_test: 0.665000
Recall_test: 0.661692
F1_test: 0.663342
 

Arquitectura: _2_15_1_
Semilla: 1788088562
Segundos: 57
NIteraciones: 100000

Costo_train: 0.134477
Precision_train: 0.823105
Recall_train: 0.856070
F1_train: 0.839264

Costo_test: 0.137605
Precision_test: 0.806763
Recall_test: 0.830846
F1_test: 0.818628
 

Arquitectura: _2_15_1_
Semilla: 1788088562
Segundos: 57
NIteraciones: 100000

Costo_train: 0.165223
Precision_train: 0.734307
Recall_train: 0.629537
F1_train: 0.677898

Costo_test: 0.177076
Precision_test: 0.679558
Recall_test: 0.611940
F1_test: 0.643979
 

Arquitectura: _2_15_1_
Semilla: 1788088562
Segundos: 57
NIteraciones: 100000

Costo_train: 0.139265
Precision_train: 0.785627
Recall_train: 0.807259
F1_train: 0.796296

Costo_test: 0.147547
Precision_test: 0.737778
Recall_test: 0.825871
F1_test: 0.779343
 

Arquitectura: _2_15_1_
Semilla: 1788088562
Segundos: 57
NIteraciones: 100000

Costo_train: 0.153818
Precision_train: 0.752688
Recall_train: 0.788486
F1_train: 0.770171

Costo_test: 0.165045
Precision_test: 0.702703
Recall_test: 0.776119
F1_test: 0.737589
 

Arquitectura: _2_15_1_
Semilla: 1788088562
Segundos: 57
NIteraciones: 100000

Costo_train: 0.164703
Precision_train: 0.726174
Recall_train: 0.677096
F1_train: 0.700777

Costo_test: 0.176728
Precision_test: 0.672043
Recall_test: 0.621891
F1_test: 0.645995
 

Arquitectura: _2_15_1_
Semilla: 1788088562
Segundos: 57
NIteraciones: 100000

Costo_train: 0.136243
Precision_train: 0.839726
Recall_train: 0.767209
F1_train: 0.801831

Costo_test: 0.138709
Precision_test: 0.822222
Recall_test: 0.736318
F1_test: 0.776903
 

Arquitectura: _2_15_1_
Semilla: 1788088562
Segundos: 57
NIteraciones: 100000

Costo_train: 0.163849
Precision_train: 0.704715
Recall_train: 0.710889
F1_train: 0.707788

Costo_test: 0.176899
Precision_test: 0.661692
Recall_test: 0.661692
F1_test: 0.661692
 

Arquitectura: _2_15_1_
Semilla: 1788088562
Segundos: 57
NIteraciones: 100000

Costo_train: 0.146343
Precision_train: 0.773428
Recall_train: 0.816020
F1_train: 0.794154

Costo_test: 0.157622
Precision_test: 0.714286
Recall_test: 0.820895
F1_test: 0.763889
 

Arquitectura: _2_15_1_
Semilla: 1788088562
Segundos: 57
NIteraciones: 100000

Costo_train: 0.156370
Precision_train: 0.753477
Recall_train: 0.745932
F1_train: 0.749686

Costo_test: 0.164459
Precision_test: 0.717073
Recall_test: 0.731343
F1_test: 0.724138
 

Arquitectura: _2_15_1_
Semilla: 1788088562
Segundos: 57
NIteraciones: 100000

Costo_train: 0.148730
Precision_train: 0.765721
Recall_train: 0.777222
F1_train: 0.771429

Costo_test: 0.160432
Precision_test: 0.708520
Recall_test: 0.786070
F1_test: 0.745283
 

Arquitectura: _2_15_1_
Semilla: 1788088562
Segundos: 57
NIteraciones: 100000

Costo_train: 0.159445
Precision_train: 0.819734
Recall_train: 0.540676
F1_train: 0.651584

Costo_test: 0.164374
Precision_test: 0.787879
Recall_test: 0.517413
F1_test: 0.624625
 

Arquitectura: _2_15_1_
Semilla: 1788088562
Segundos: 57
NIteraciones: 100000

Costo_train: 0.166475
Precision_train: 0.762195
Recall_train: 0.625782
F1_train: 0.687285

Costo_test: 0.176541
Precision_test: 0.759259
Recall_test: 0.611940
F1_test: 0.677686
 

Arquitectura: _2_15_1_
Semilla: 1788088562
Segundos: 57
NIteraciones: 100000

Costo_train: 0.133201
Precision_train: 0.858667
Recall_train: 0.806008
F1_train: 0.831504

Costo_test: 0.132617
Precision_test: 0.850267
Recall_test: 0.791045
F1_test: 0.819588
 

Arquitectura: _2_15_1_
Semilla: 1788088562
Segundos: 57
NIteraciones: 100000

Costo_train: 0.163032
Precision_train: 0.706535
Recall_train: 0.717146
F1_train: 0.711801

Costo_test: 0.175370
Precision_test: 0.663366
Recall_test: 0.666667
F1_test: 0.665012
 

Arquitectura: _2_15_1_
Semilla: 1788088562
Segundos: 57
NIteraciones: 100000

Costo_train: 0.158804
Precision_train: 0.752044
Recall_train: 0.690864
F1_train: 0.720157

Costo_test: 0.167233
Precision_test: 0.729282
Recall_test: 0.656716
F1_test: 0.691099
 

Arquitectura: _2_15_1_
Semilla: 1788088562
Segundos: 57
NIteraciones: 100000

Costo_train: 0.164433
Precision_train: 0.803957
Recall_train: 0.559449
F1_train: 0.659779

Costo_test: 0.173387
Precision_test: 0.750000
Recall_test: 0.552239
F1_test: 0.636103
 

Arquitectura: _2_15_1_
Semilla: 1788088562
Segundos: 57
NIteraciones: 100000

Costo_train: 0.160463
Precision_train: 0.699536
Recall_train: 0.754693
F1_train: 0.726069

Costo_test: 0.171155
Precision_test: 0.665158
Recall_test: 0.731343
F1_test: 0.696682
 

Arquitectura: _2_15_1_
Semilla: 1788088562
Segundos: 57
NIteraciones: 100000

Costo_train: 0.165336
Precision_train: 0.746686
Recall_train: 0.634543
F1_train: 0.686062

Costo_test: 0.176833
Precision_test: 0.679775
Recall_test: 0.601990
F1_test: 0.638522
 

Arquitectura: _2_15_1_
Semilla: 1788088562
Segundos: 57
NIteraciones: 100000

Costo_train: 0.146920
Precision_train: 0.778313
Recall_train: 0.808511
F1_train: 0.793125

Costo_test: 0.158676
Precision_test: 0.714286
Recall_test: 0.796020
F1_test: 0.752941
 

Arquitectura: _2_15_1_
Semilla: 1788088562
Segundos: 57
NIteraciones: 100000

Costo_train: 0.135820
Precision_train: 0.845374
Recall_train: 0.834794
F1_train: 0.840050

Costo_test: 0.140456
Precision_test: 0.832512
Recall_test: 0.840796
F1_test: 0.836634
 

Arquitectura: _2_15_1_
Semilla: 1788088562
Segundos: 57
NIteraciones: 100000

Costo_train: 0.146959
Precision_train: 0.791349
Recall_train: 0.778473
F1_train: 0.784858

Costo_test: 0.158566
Precision_test: 0.739336
Recall_test: 0.776119
F1_test: 0.757281
 

Arquitectura: _2_15_1_
Semilla: 1788088562
Segundos: 57
NIteraciones: 100000

Costo_train: 0.153365
Precision_train: 0.755981
Recall_train: 0.790989
F1_train: 0.773089

Costo_test: 0.165555
Precision_test: 0.690265
Recall_test: 0.776119
F1_test: 0.730679
 

Arquitectura: _2_15_1_
Semilla: 1788088562
Segundos: 57
NIteraciones: 100000

Costo_train: 0.165765
Precision_train: 0.724187
Recall_train: 0.640801
F1_train: 0.679947

Costo_test: 0.176929
Precision_test: 0.677596
Recall_test: 0.616915
F1_test: 0.645833
 

Arquitectura: _2_15_1_
Semilla: 1788088562
Segundos: 57
NIteraciones: 100000

Costo_train: 0.164507
Precision_train: 0.689696
Recall_train: 0.737171
F1_train: 0.712644

Costo_test: 0.175982
Precision_test: 0.653153
Recall_test: 0.721393
F1_test: 0.685579
 

Arquitectura: _2_15_1_
Semilla: 1788088562
Segundos: 57
NIteraciones: 100000

Costo_train: 0.134774
Precision_train: 0.827374
Recall_train: 0.839800
F1_train: 0.833540

Costo_test: 0.140152
Precision_test: 0.796117
Recall_test: 0.815920
F1_test: 0.805897
 

Arquitectura: _2_15_1_
Semilla: 1788088562
Segundos: 57
NIteraciones: 100000

Costo_train: 0.164458
Precision_train: 0.686550
Recall_train: 0.734668
F1_train: 0.709794

Costo_test: 0.176307
Precision_test: 0.645455
Recall_test: 0.706468
F1_test: 0.674584
 

Arquitectura: _2_15_1_
Semilla: 1788088562
Segundos: 57
NIteraciones: 100000

Costo_train: 0.136974
Precision_train: 0.841033
Recall_train: 0.774718
F1_train: 0.806515

Costo_test: 0.138604
Precision_test: 0.837989
Recall_test: 0.746269
F1_test: 0.789474
 

Arquitectura: _2_15_1_
Semilla: 1788088562
Segundos: 57
NIteraciones: 100000

Costo_train: 0.152842
Precision_train: 0.790419
Recall_train: 0.660826
F1_train: 0.719836

Costo_test: 0.162666
Precision_test: 0.757062
Recall_test: 0.666667
F1_test: 0.708995
 

Arquitectura: _2_15_1_
Semilla: 1788088562
Segundos: 57
NIteraciones: 100000

Costo_train: 0.141467
Precision_train: 0.805378
Recall_train: 0.787234
F1_train: 0.796203

Costo_test: 0.144984
Precision_test: 0.792746
Recall_test: 0.761194
F1_test: 0.776650
 

Arquitectura: _2_15_1_
Semilla: 1788088562
Segundos: 57
NIteraciones: 100000

Costo_train: 0.164619
Precision_train: 0.728033
Recall_train: 0.653317
F1_train: 0.688654

Costo_test: 0.177691
Precision_test: 0.685393
Recall_test: 0.606965
F1_test: 0.643799
 

Arquitectura: _2_15_1_
Semilla: 1788088562
Segundos: 57
NIteraciones: 100000

Costo_train: 0.159535
Precision_train: 0.713927
Recall_train: 0.712140
F1_train: 0.713033

Costo_test: 0.171418
Precision_test: 0.663462
Recall_test: 0.686567
F1_test: 0.674817
 

Arquitectura: _2_15_1_
Semilla: 1788088562
Segundos: 57
NIteraciones: 100000

Costo_train: 0.156169
Precision_train: 0.733586
Recall_train: 0.727159
F1_train: 0.730358

Costo_test: 0.165975
Precision_test: 0.688776
Recall_test: 0.671642
F1_test: 0.680101
 

Arquitectura: _2_15_1_
Semilla: 1788088562
Segundos: 57
NIteraciones: 100000

Costo_train: 0.164553
Precision_train: 0.794495
Recall_train: 0.541927
F1_train: 0.644345

Costo_test: 0.173649
Precision_test: 0.741497
Recall_test: 0.542289
F1_test: 0.626437
 

Arquitectura: _2_15_1_
Semilla: 1788088562
Segundos: 57
NIteraciones: 100000

Costo_train: 0.164854
Precision_train: 0.692308
Recall_train: 0.743429
F1_train: 0.716958

Costo_test: 0.176465
Precision_test: 0.650224
Recall_test: 0.721393
F1_test: 0.683962
 


--- Test Profunda 5.0 ---
Iteración 10000
Costo: 0.250000
Iteración 20000
Costo: 0.250000
Iteración 30000
Costo: 0.250000
Iteración 40000
Costo: 0.250000
Iteración 50000
Costo: 0.250000
Iteración 60000
Costo: 0.250000
Iteración 70000
Costo: 0.250000
Iteración 80000
Costo: 0.250000
Iteración 90000
Costo: 0.250000

Arquitectura: _2_3_3_3_3_3_1_
Semilla: 1788088619
Segundos: 232
NIteraciones: 100000

Costo_train: 0.250000
Precision_train: -nan(ind)
Recall_train: 0.000000
F1_train: -nan(ind)

Costo_test: 0.250031
Precision_test: -nan(ind)
Recall_test: 0.000000
F1_test: -nan(ind)
 

Arquitectura: _2_3_3_3_3_3_1_
Semilla: 1788088619
Segundos: 232
NIteraciones: 100000

Costo_train: 0.250000
Precision_train: -nan(ind)
Recall_train: 0.000000
F1_train: -nan(ind)

Costo_test: 0.249995
Precision_test: -nan(ind)
Recall_test: 0.000000
F1_test: -nan(ind)
 

Arquitectura: _2_3_3_3_3_3_1_
Semilla: 1788088619
Segundos: 232
NIteraciones: 100000

Costo_train: 0.250000
Precision_train: -nan(ind)
Recall_train: 0.000000
F1_train: -nan(ind)

Costo_test: 0.250007
Precision_test: -nan(ind)
Recall_test: 0.000000
F1_test: -nan(ind)
 

Arquitectura: _2_3_3_3_3_3_1_
Semilla: 1788088619
Segundos: 232
NIteraciones: 100000

Costo_train: 0.250004
Precision_train: -nan(ind)
Recall_train: 0.000000
F1_train: -nan(ind)

Costo_test: 0.249980
Precision_test: -nan(ind)
Recall_test: 0.000000
F1_test: -nan(ind)
 

Arquitectura: _2_3_3_3_3_3_1_
Semilla: 1788088619
Segundos: 232
NIteraciones: 100000

Costo_train: 0.249999
Precision_train: -nan(ind)
Recall_train: 0.000000
F1_train: -nan(ind)

Costo_test: 0.250009
Precision_test: -nan(ind)
Recall_test: 0.000000
F1_test: -nan(ind)
 

Arquitectura: _2_3_3_3_3_3_1_
Semilla: 1788088619
Segundos: 232
NIteraciones: 100000

Costo_train: 0.250000
Precision_train: -nan(ind)
Recall_train: 0.000000
F1_train: -nan(ind)

Costo_test: 0.250002
Precision_test: -nan(ind)
Recall_test: 0.000000
F1_test: -nan(ind)
 

Arquitectura: _2_3_3_3_3_3_1_
Semilla: 1788088619
Segundos: 232
NIteraciones: 100000

Costo_train: 0.250001
Precision_train: -nan(ind)
Recall_train: 0.000000
F1_train: -nan(ind)

Costo_test: 0.249989
Precision_test: -nan(ind)
Recall_test: 0.000000
F1_test: -nan(ind)
 

Arquitectura: _2_3_3_3_3_3_1_
Semilla: 1788088619
Segundos: 232
NIteraciones: 100000

Costo_train: 0.250001
Precision_train: -nan(ind)
Recall_train: 0.000000
F1_train: -nan(ind)

Costo_test: 0.249983
Precision_test: -nan(ind)
Recall_test: 0.000000
F1_test: -nan(ind)
 

Arquitectura: _2_3_3_3_3_3_1_
Semilla: 1788088619
Segundos: 232
NIteraciones: 100000

Costo_train: 0.249999
Precision_train: -nan(ind)
Recall_train: 0.000000
F1_train: -nan(ind)

Costo_test: 0.250008
Precision_test: -nan(ind)
Recall_test: 0.000000
F1_test: -nan(ind)
 

Arquitectura: _2_3_3_3_3_3_1_
Semilla: 1788088619
Segundos: 232
NIteraciones: 100000

Costo_train: 0.249995
Precision_train: -nan(ind)
Recall_train: 0.000000
F1_train: -nan(ind)

Costo_test: 0.250031
Precision_test: -nan(ind)
Recall_test: 0.000000
F1_test: -nan(ind)
 

Arquitectura: _2_3_3_3_3_3_1_
Semilla: 1788088619
Segundos: 232
NIteraciones: 100000

Costo_train: 0.249997
Precision_train: -nan(ind)
Recall_train: 0.000000
F1_train: -nan(ind)

Costo_test: 0.249972
Precision_test: -nan(ind)
Recall_test: 0.000000
F1_test: -nan(ind)
 

Arquitectura: _2_3_3_3_3_3_1_
Semilla: 1788088619
Segundos: 232
NIteraciones: 100000

Costo_train: 0.250000
Precision_train: -nan(ind)
Recall_train: 0.000000
F1_train: -nan(ind)

Costo_test: 0.250002
Precision_test: -nan(ind)
Recall_test: 0.000000
F1_test: -nan(ind)
 

Arquitectura: _2_3_3_3_3_3_1_
Semilla: 1788088619
Segundos: 232
NIteraciones: 100000

Costo_train: 0.249997
Precision_train: -nan(ind)
Recall_train: 0.000000
F1_train: -nan(ind)

Costo_test: 0.249999
Precision_test: -nan(ind)
Recall_test: 0.000000
F1_test: -nan(ind)
 

Arquitectura: _2_3_3_3_3_3_1_
Semilla: 1788088619
Segundos: 232
NIteraciones: 100000

Costo_train: 0.250000
Precision_train: -nan(ind)
Recall_train: 0.000000
F1_train: -nan(ind)

Costo_test: 0.250001
Precision_test: -nan(ind)
Recall_test: 0.000000
F1_test: -nan(ind)
 

Arquitectura: _2_3_3_3_3_3_1_
Semilla: 1788088619
Segundos: 232
NIteraciones: 100000

Costo_train: 0.249998
Precision_train: -nan(ind)
Recall_train: 0.000000
F1_train: -nan(ind)

Costo_test: 0.250020
Precision_test: -nan(ind)
Recall_test: 0.000000
F1_test: -nan(ind)
 

Arquitectura: _2_3_3_3_3_3_1_
Semilla: 1788088619
Segundos: 232
NIteraciones: 100000

Costo_train: 0.250000
Precision_train: -nan(ind)
Recall_train: 0.000000
F1_train: -nan(ind)

Costo_test: 0.249996
Precision_test: -nan(ind)
Recall_test: 0.000000
F1_test: -nan(ind)
 

Arquitectura: _2_3_3_3_3_3_1_
Semilla: 1788088619
Segundos: 232
NIteraciones: 100000

Costo_train: 0.249999
Precision_train: -nan(ind)
Recall_train: 0.000000
F1_train: -nan(ind)

Costo_test: 0.250007
Precision_test: -nan(ind)
Recall_test: 0.000000
F1_test: -nan(ind)
 

Arquitectura: _2_3_3_3_3_3_1_
Semilla: 1788088619
Segundos: 232
NIteraciones: 100000

Costo_train: 0.250000
Precision_train: -nan(ind)
Recall_train: 0.000000
F1_train: -nan(ind)

Costo_test: 0.250010
Precision_test: -nan(ind)
Recall_test: 0.000000
F1_test: -nan(ind)
 

Arquitectura: _2_3_3_3_3_3_1_
Semilla: 1788088619
Segundos: 232
NIteraciones: 100000

Costo_train: 0.249999
Precision_train: -nan(ind)
Recall_train: 0.000000
F1_train: -nan(ind)

Costo_test: 0.250007
Precision_test: -nan(ind)
Recall_test: 0.000000
F1_test: -nan(ind)
 

Arquitectura: _2_3_3_3_3_3_1_
Semilla: 1788088619
Segundos: 232
NIteraciones: 100000

Costo_train: 0.250003
Precision_train: -nan(ind)
Recall_train: 0.000000
F1_train: -nan(ind)

Costo_test: 0.249973
Precision_test: -nan(ind)
Recall_test: 0.000000
F1_test: -nan(ind)
 

Arquitectura: _2_3_3_3_3_3_1_
Semilla: 1788088619
Segundos: 232
NIteraciones: 100000

Costo_train: 0.250000
Precision_train: -nan(ind)
Recall_train: 0.000000
F1_train: -nan(ind)

Costo_test: 0.249981
Precision_test: -nan(ind)
Recall_test: 0.000000
F1_test: -nan(ind)
 

Arquitectura: _2_3_3_3_3_3_1_
Semilla: 1788088619
Segundos: 232
NIteraciones: 100000

Costo_train: 0.250000
Precision_train: -nan(ind)
Recall_train: 0.000000
F1_train: -nan(ind)

Costo_test: 0.249993
Precision_test: -nan(ind)
Recall_test: 0.000000
F1_test: -nan(ind)
 

Arquitectura: _2_3_3_3_3_3_1_
Semilla: 1788088619
Segundos: 232
NIteraciones: 100000

Costo_train: 0.249995
Precision_train: -nan(ind)
Recall_train: 0.000000
F1_train: -nan(ind)

Costo_test: 0.250019
Precision_test: -nan(ind)
Recall_test: 0.000000
F1_test: -nan(ind)
 

Arquitectura: _2_3_3_3_3_3_1_
Semilla: 1788088619
Segundos: 232
NIteraciones: 100000

Costo_train: 0.249999
Precision_train: -nan(ind)
Recall_train: 0.000000
F1_train: -nan(ind)

Costo_test: 0.250006
Precision_test: -nan(ind)
Recall_test: 0.000000
F1_test: -nan(ind)
 

Arquitectura: _2_3_3_3_3_3_1_
Semilla: 1788088619
Segundos: 232
NIteraciones: 100000

Costo_train: 0.250000
Precision_train: -nan(ind)
Recall_train: 0.000000
F1_train: -nan(ind)

Costo_test: 0.249993
Precision_test: -nan(ind)
Recall_test: 0.000000
F1_test: -nan(ind)
 

Arquitectura: _2_3_3_3_3_3_1_
Semilla: 1788088619
Segundos: 232
NIteraciones: 100000

Costo_train: 0.249999
Precision_train: -nan(ind)
Recall_train: 0.000000
F1_train: -nan(ind)

Costo_test: 0.250007
Precision_test: -nan(ind)
Recall_test: 0.000000
F1_test: -nan(ind)
 

Arquitectura: _2_3_3_3_3_3_1_
Semilla: 1788088619
Segundos: 232
NIteraciones: 100000

Costo_train: 0.249997
Precision_train: -nan(ind)
Recall_train: 0.000000
F1_train: -nan(ind)

Costo_test: 0.249995
Precision_test: -nan(ind)
Recall_test: 0.000000
F1_test: -nan(ind)
 

Arquitectura: _2_3_3_3_3_3_1_
Semilla: 1788088619
Segundos: 232
NIteraciones: 100000

Costo_train: 0.250006
Precision_train: 0.409836
Recall_train: 0.031289
F1_train: 0.058140

Costo_test: 0.249985
Precision_test: 0.461538
Recall_test: 0.029851
F1_test: 0.056075
 

Arquitectura: _2_3_3_3_3_3_1_
Semilla: 1788088619
Segundos: 232
NIteraciones: 100000

Costo_train: 0.250001
Precision_train: -nan(ind)
Recall_train: 0.000000
F1_train: -nan(ind)

Costo_test: 0.249999
Precision_test: -nan(ind)
Recall_test: 0.000000
F1_test: -nan(ind)
 

Arquitectura: _2_3_3_3_3_3_1_
Semilla: 1788088619
Segundos: 232
NIteraciones: 100000

Costo_train: 0.250004
Precision_train: 0.382222
Recall_train: 0.107635
F1_train: 0.167969

Costo_test: 0.249962
Precision_test: 0.448980
Recall_test: 0.109453
F1_test: 0.176000
 

Arquitectura: _2_3_3_3_3_3_1_
Semilla: 1788088619
Segundos: 232
NIteraciones: 100000

Costo_train: 0.250002
Precision_train: -nan(ind)
Recall_train: 0.000000
F1_train: -nan(ind)

Costo_test: 0.249980
Precision_test: -nan(ind)
Recall_test: 0.000000
F1_test: -nan(ind)
 

Arquitectura: _2_3_3_3_3_3_1_
Semilla: 1788088619
Segundos: 232
NIteraciones: 100000

Costo_train: 0.249999
Precision_train: -nan(ind)
Recall_train: 0.000000
F1_train: -nan(ind)

Costo_test: 0.250006
Precision_test: -nan(ind)
Recall_test: 0.000000
F1_test: -nan(ind)
 

Arquitectura: _2_3_3_3_3_3_1_
Semilla: 1788088619
Segundos: 232
NIteraciones: 100000

Costo_train: 0.249998
Precision_train: -nan(ind)
Recall_train: 0.000000
F1_train: -nan(ind)

Costo_test: 0.250005
Precision_test: -nan(ind)
Recall_test: 0.000000
F1_test: -nan(ind)
 

Arquitectura: _2_3_3_3_3_3_1_
Semilla: 1788088619
Segundos: 232
NIteraciones: 100000

Costo_train: 0.250000
Precision_train: -nan(ind)
Recall_train: 0.000000
F1_train: -nan(ind)

Costo_test: 0.249990
Precision_test: -nan(ind)
Recall_test: 0.000000
F1_test: -nan(ind)
 

Arquitectura: _2_3_3_3_3_3_1_
Semilla: 1788088619
Segundos: 232
NIteraciones: 100000

Costo_train: 0.250003
Precision_train: -nan(ind)
Recall_train: 0.000000
F1_train: -nan(ind)

Costo_test: 0.249997
Precision_test: -nan(ind)
Recall_test: 0.000000
F1_test: -nan(ind)
 

Arquitectura: _2_3_3_3_3_3_1_
Semilla: 1788088619
Segundos: 232
NIteraciones: 100000

Costo_train: 0.250000
Precision_train: -nan(ind)
Recall_train: 0.000000
F1_train: -nan(ind)

Costo_test: 0.250007
Precision_test: -nan(ind)
Recall_test: 0.000000
F1_test: -nan(ind)
 

Arquitectura: _2_3_3_3_3_3_1_
Semilla: 1788088619
Segundos: 232
NIteraciones: 100000

Costo_train: 0.249995
Precision_train: -nan(ind)
Recall_train: 0.000000
F1_train: -nan(ind)

Costo_test: 0.250020
Precision_test: -nan(ind)
Recall_test: 0.000000
F1_test: -nan(ind)
 

Arquitectura: _2_3_3_3_3_3_1_
Semilla: 1788088619
Segundos: 232
NIteraciones: 100000

Costo_train: 0.249982
Precision_train: 0.321555
Recall_train: 0.113892
F1_train: 0.168207

Costo_test: 0.250012
Precision_test: 0.384615
Recall_test: 0.124378
F1_test: 0.187970
 

Arquitectura: _2_3_3_3_3_3_1_
Semilla: 1788088619
Segundos: 232
NIteraciones: 100000

Costo_train: 0.249990
Precision_train: 0.000000
Recall_train: 0.000000
F1_train: -nan(ind)

Costo_test: 0.250025
Precision_test: 0.000000
Recall_test: 0.000000
F1_test: -nan(ind)
 

Arquitectura: _2_3_3_3_3_3_1_
Semilla: 1788088619
Segundos: 232
NIteraciones: 100000

Costo_train: 0.250000
Precision_train: -nan(ind)
Recall_train: 0.000000
F1_train: -nan(ind)

Costo_test: 0.250004
Precision_test: -nan(ind)
Recall_test: 0.000000
F1_test: -nan(ind)
 

Arquitectura: _2_3_3_3_3_3_1_
Semilla: 1788088619
Segundos: 232
NIteraciones: 100000

Costo_train: 0.250000
Precision_train: -nan(ind)
Recall_train: 0.000000
F1_train: -nan(ind)

Costo_test: 0.250006
Precision_test: -nan(ind)
Recall_test: 0.000000
F1_test: -nan(ind)
 

Arquitectura: _2_3_3_3_3_3_1_
Semilla: 1788088619
Segundos: 232
NIteraciones: 100000

Costo_train: 0.250000
Precision_train: -nan(ind)
Recall_train: 0.000000
F1_train: -nan(ind)

Costo_test: 0.250001
Precision_test: -nan(ind)
Recall_test: 0.000000
F1_test: -nan(ind)
 

Arquitectura: _2_3_3_3_3_3_1_
Semilla: 1788088619
Segundos: 232
NIteraciones: 100000

Costo_train: 0.250000
Precision_train: -nan(ind)
Recall_train: 0.000000
F1_train: -nan(ind)

Costo_test: 0.249994
Precision_test: -nan(ind)
Recall_test: 0.000000
F1_test: -nan(ind)
 

Arquitectura: _2_3_3_3_3_3_1_
Semilla: 1788088619
Segundos: 232
NIteraciones: 100000

Costo_train: 0.249999
Precision_train: -nan(ind)
Recall_train: 0.000000
F1_train: -nan(ind)

Costo_test: 0.250007
Precision_test: -nan(ind)
Recall_test: 0.000000
F1_test: -nan(ind)
 

Arquitectura: _2_3_3_3_3_3_1_
Semilla: 1788088619
Segundos: 232
NIteraciones: 100000

Costo_train: 0.249997
Precision_train: -nan(ind)
Recall_train: 0.000000
F1_train: -nan(ind)

Costo_test: 0.250010
Precision_test: -nan(ind)
Recall_test: 0.000000
F1_test: -nan(ind)
 

Arquitectura: _2_3_3_3_3_3_1_
Semilla: 1788088619
Segundos: 232
NIteraciones: 100000

Costo_train: 0.249998
Precision_train: -nan(ind)
Recall_train: 0.000000
F1_train: -nan(ind)

Costo_test: 0.250014
Precision_test: -nan(ind)
Recall_test: 0.000000
F1_test: -nan(ind)
 

Arquitectura: _2_3_3_3_3_3_1_
Semilla: 1788088619
Segundos: 232
NIteraciones: 100000

Costo_train: 0.250000
Precision_train: -nan(ind)
Recall_train: 0.000000
F1_train: -nan(ind)

Costo_test: 0.250010
Precision_test: -nan(ind)
Recall_test: 0.000000
F1_test: -nan(ind)
 

Arquitectura: _2_3_3_3_3_3_1_
Semilla: 1788088619
Segundos: 232
NIteraciones: 100000

Costo_train: 0.249999
Precision_train: -nan(ind)
Recall_train: 0.000000
F1_train: -nan(ind)

Costo_test: 0.250005
Precision_test: -nan(ind)
Recall_test: 0.000000
F1_test: -nan(ind)
 

Arquitectura: _2_3_3_3_3_3_1_
Semilla: 1788088619
Segundos: 232
NIteraciones: 100000

Costo_train: 0.249998
Precision_train: -nan(ind)
Recall_train: 0.000000
F1_train: -nan(ind)

Costo_test: 0.250002
Precision_test: -nan(ind)
Recall_test: 0.000000
F1_test: -nan(ind)
 

Arquitectura: _2_3_3_3_3_3_1_
Semilla: 1788088619
Segundos: 232
NIteraciones: 100000

Costo_train: 0.249999
Precision_train: -nan(ind)
Recall_train: 0.000000
F1_train: -nan(ind)

Costo_test: 0.250013
Precision_test: -nan(ind)
Recall_test: 0.000000
F1_test: -nan(ind)
 

Arquitectura: _2_3_3_3_3_3_1_
Semilla: 1788088619
Segundos: 232
NIteraciones: 100000

Costo_train: 0.250003
Precision_train: -nan(ind)
Recall_train: 0.000000
F1_train: -nan(ind)

Costo_test: 0.249978
Precision_test: -nan(ind)
Recall_test: 0.000000
F1_test: -nan(ind)
 

Arquitectura: _2_3_3_3_3_3_1_
Semilla: 1788088619
Segundos: 232
NIteraciones: 100000

Costo_train: 0.250000
Precision_train: -nan(ind)
Recall_train: 0.000000
F1_train: -nan(ind)

Costo_test: 0.250004
Precision_test: -nan(ind)
Recall_test: 0.000000
F1_test: -nan(ind)
 

Arquitectura: _2_3_3_3_3_3_1_
Semilla: 1788088619
Segundos: 232
NIteraciones: 100000

Costo_train: 0.249998
Precision_train: -nan(ind)
Recall_train: 0.000000
F1_train: -nan(ind)

Costo_test: 0.250014
Precision_test: -nan(ind)
Recall_test: 0.000000
F1_test: -nan(ind)
 

Arquitectura: _2_3_3_3_3_3_1_
Semilla: 1788088619
Segundos: 232
NIteraciones: 100000

Costo_train: 0.250000
Precision_train: -nan(ind)
Recall_train: 0.000000
F1_train: -nan(ind)

Costo_test: 0.249998
Precision_test: -nan(ind)
Recall_test: 0.000000
F1_test: -nan(ind)
 

Arquitectura: _2_3_3_3_3_3_1_
Semilla: 1788088619
Segundos: 232
NIteraciones: 100000

Costo_train: 0.249999
Precision_train: -nan(ind)
Recall_train: 0.000000
F1_train: -nan(ind)

Costo_test: 0.250001
Precision_test: -nan(ind)
Recall_test: 0.000000
F1_test: -nan(ind)
 

Arquitectura: _2_3_3_3_3_3_1_
Semilla: 1788088619
Segundos: 232
NIteraciones: 100000

Costo_train: 0.249999
Precision_train: -nan(ind)
Recall_train: 0.000000
F1_train: -nan(ind)

Costo_test: 0.250005
Precision_test: -nan(ind)
Recall_test: 0.000000
F1_test: -nan(ind)
 

Arquitectura: _2_3_3_3_3_3_1_
Semilla: 1788088619
Segundos: 232
NIteraciones: 100000

Costo_train: 0.250000
Precision_train: -nan(ind)
Recall_train: 0.000000
F1_train: -nan(ind)

Costo_test: 0.249997
Precision_test: -nan(ind)
Recall_test: 0.000000
F1_test: -nan(ind)
 

Arquitectura: _2_3_3_3_3_3_1_
Semilla: 1788088619
Segundos: 232
NIteraciones: 100000

Costo_train: 0.249999
Precision_train: -nan(ind)
Recall_train: 0.000000
F1_train: -nan(ind)

Costo_test: 0.250012
Precision_test: -nan(ind)
Recall_test: 0.000000
F1_test: -nan(ind)
 

Arquitectura: _2_3_3_3_3_3_1_
Semilla: 1788088619
Segundos: 232
NIteraciones: 100000

Costo_train: 0.249996
Precision_train: -nan(ind)
Recall_train: 0.000000
F1_train: -nan(ind)

Costo_test: 0.250026
Precision_test: -nan(ind)
Recall_test: 0.000000
F1_test: -nan(ind)
 

Arquitectura: _2_3_3_3_3_3_1_
Semilla: 1788088619
Segundos: 232
NIteraciones: 100000

Costo_train: 0.249999
Precision_train: -nan(ind)
Recall_train: 0.000000
F1_train: -nan(ind)

Costo_test: 0.250005
Precision_test: -nan(ind)
Recall_test: 0.000000
F1_test: -nan(ind)
 

Arquitectura: _2_3_3_3_3_3_1_
Semilla: 1788088619
Segundos: 232
NIteraciones: 100000

Costo_train: 0.250001
Precision_train: -nan(ind)
Recall_train: 0.000000
F1_train: -nan(ind)

Costo_test: 0.250000
Precision_test: -nan(ind)
Recall_test: 0.000000
F1_test: -nan(ind)
 

Arquitectura: _2_3_3_3_3_3_1_
Semilla: 1788088619
Segundos: 232
NIteraciones: 100000

Costo_train: 0.249999
Precision_train: -nan(ind)
Recall_train: 0.000000
F1_train: -nan(ind)

Costo_test: 0.250025
Precision_test: -nan(ind)
Recall_test: 0.000000
F1_test: -nan(ind)
 

Arquitectura: _2_3_3_3_3_3_1_
Semilla: 1788088619
Segundos: 232
NIteraciones: 100000

Costo_train: 0.250000
Precision_train: -nan(ind)
Recall_train: 0.000000
F1_train: -nan(ind)

Costo_test: 0.250003
Precision_test: -nan(ind)
Recall_test: 0.000000
F1_test: -nan(ind)
 

Arquitectura: _2_3_3_3_3_3_1_
Semilla: 1788088619
Segundos: 232
NIteraciones: 100000

Costo_train: 0.249998
Precision_train: -nan(ind)
Recall_train: 0.000000
F1_train: -nan(ind)

Costo_test: 0.250009
Precision_test: -nan(ind)
Recall_test: 0.000000
F1_test: -nan(ind)
 

Arquitectura: _2_3_3_3_3_3_1_
Semilla: 1788088619
Segundos: 232
NIteraciones: 100000

Costo_train: 0.249999
Precision_train: 1.000000
Recall_train: 0.031289
F1_train: 0.060680

Costo_test: 0.249972
Precision_test: 1.000000
Recall_test: 0.044776
F1_test: 0.085714
 

Arquitectura: _2_3_3_3_3_3_1_
Semilla: 1788088619
Segundos: 232
NIteraciones: 100000

Costo_train: 0.249999
Precision_train: -nan(ind)
Recall_train: 0.000000
F1_train: -nan(ind)

Costo_test: 0.250001
Precision_test: -nan(ind)
Recall_test: 0.000000
F1_test: -nan(ind)
 

Arquitectura: _2_3_3_3_3_3_1_
Semilla: 1788088619
Segundos: 232
NIteraciones: 100000

Costo_train: 0.250000
Precision_train: -nan(ind)
Recall_train: 0.000000
F1_train: -nan(ind)

Costo_test: 0.250004
Precision_test: -nan(ind)
Recall_test: 0.000000
F1_test: -nan(ind)
 

Arquitectura: _2_3_3_3_3_3_1_
Semilla: 1788088619
Segundos: 232
NIteraciones: 100000

Costo_train: 0.249995
Precision_train: -nan(ind)
Recall_train: 0.000000
F1_train: -nan(ind)

Costo_test: 0.249979
Precision_test: -nan(ind)
Recall_test: 0.000000
F1_test: -nan(ind)
 

Arquitectura: _2_3_3_3_3_3_1_
Semilla: 1788088619
Segundos: 232
NIteraciones: 100000

Costo_train: 0.249998
Precision_train: 0.520576
Recall_train: 0.316646
F1_train: 0.393774

Costo_test: 0.250061
Precision_test: 0.441860
Recall_test: 0.283582
F1_test: 0.345455
 

Arquitectura: _2_3_3_3_3_3_1_
Semilla: 1788088619
Segundos: 232
NIteraciones: 100000

Costo_train: 0.250001
Precision_train: -nan(ind)
Recall_train: 0.000000
F1_train: -nan(ind)

Costo_test: 0.249991
Precision_test: -nan(ind)
Recall_test: 0.000000
F1_test: -nan(ind)
 

Arquitectura: _2_3_3_3_3_3_1_
Semilla: 1788088619
Segundos: 232
NIteraciones: 100000

Costo_train: 0.250002
Precision_train: -nan(ind)
Recall_train: 0.000000
F1_train: -nan(ind)

Costo_test: 0.250004
Precision_test: -nan(ind)
Recall_test: 0.000000
F1_test: -nan(ind)
 

Arquitectura: _2_3_3_3_3_3_1_
Semilla: 1788088619
Segundos: 232
NIteraciones: 100000

Costo_train: 0.249999
Precision_train: -nan(ind)
Recall_train: 0.000000
F1_train: -nan(ind)

Costo_test: 0.250009
Precision_test: -nan(ind)
Recall_test: 0.000000
F1_test: -nan(ind)
 

Arquitectura: _2_3_3_3_3_3_1_
Semilla: 1788088619
Segundos: 232
NIteraciones: 100000

Costo_train: 0.250000
Precision_train: -nan(ind)
Recall_train: 0.000000
F1_train: -nan(ind)

Costo_test: 0.250003
Precision_test: -nan(ind)
Recall_test: 0.000000
F1_test: -nan(ind)
 

Arquitectura: _2_3_3_3_3_3_1_
Semilla: 1788088619
Segundos: 232
NIteraciones: 100000

Costo_train: 0.250002
Precision_train: 0.480186
Recall_train: 0.257822
F1_train: 0.335505

Costo_test: 0.249957
Precision_test: 0.538462
Recall_test: 0.278607
F1_test: 0.367213
 

Arquitectura: _2_3_3_3_3_3_1_
Semilla: 1788088619
Segundos: 232
NIteraciones: 100000

Costo_train: 0.249998
Precision_train: -nan(ind)
Recall_train: 0.000000
F1_train: -nan(ind)

Costo_test: 0.250027
Precision_test: -nan(ind)
Recall_test: 0.000000
F1_test: -nan(ind)
 

Arquitectura: _2_3_3_3_3_3_1_
Semilla: 1788088619
Segundos: 232
NIteraciones: 100000

Costo_train: 0.249999
Precision_train: -nan(ind)
Recall_train: 0.000000
F1_train: -nan(ind)

Costo_test: 0.250009
Precision_test: -nan(ind)
Recall_test: 0.000000
F1_test: -nan(ind)
 

Arquitectura: _2_3_3_3_3_3_1_
Semilla: 1788088619
Segundos: 232
NIteraciones: 100000

Costo_train: 0.249997
Precision_train: -nan(ind)
Recall_train: 0.000000
F1_train: -nan(ind)

Costo_test: 0.250018
Precision_test: -nan(ind)
Recall_test: 0.000000
F1_test: -nan(ind)
 

Arquitectura: _2_3_3_3_3_3_1_
Semilla: 1788088619
Segundos: 232
NIteraciones: 100000

Costo_train: 0.250003
Precision_train: -nan(ind)
Recall_train: 0.000000
F1_train: -nan(ind)

Costo_test: 0.249979
Precision_test: -nan(ind)
Recall_test: 0.000000
F1_test: -nan(ind)
 

Arquitectura: _2_3_3_3_3_3_1_
Semilla: 1788088619
Segundos: 232
NIteraciones: 100000

Costo_train: 0.250002
Precision_train: -nan(ind)
Recall_train: 0.000000
F1_train: -nan(ind)

Costo_test: 0.249994
Precision_test: -nan(ind)
Recall_test: 0.000000
F1_test: -nan(ind)
 

Arquitectura: _2_3_3_3_3_3_1_
Semilla: 1788088619
Segundos: 232
NIteraciones: 100000

Costo_train: 0.249998
Precision_train: -nan(ind)
Recall_train: 0.000000
F1_train: -nan(ind)

Costo_test: 0.250019
Precision_test: -nan(ind)
Recall_test: 0.000000
F1_test: -nan(ind)
 

Arquitectura: _2_3_3_3_3_3_1_
Semilla: 1788088619
Segundos: 232
NIteraciones: 100000

Costo_train: 0.250000
Precision_train: -nan(ind)
Recall_train: 0.000000
F1_train: -nan(ind)

Costo_test: 0.249999
Precision_test: -nan(ind)
Recall_test: 0.000000
F1_test: -nan(ind)
 

Arquitectura: _2_3_3_3_3_3_1_
Semilla: 1788088619
Segundos: 232
NIteraciones: 100000

Costo_train: 0.249999
Precision_train: -nan(ind)
Recall_train: 0.000000
F1_train: -nan(ind)

Costo_test: 0.250001
Precision_test: -nan(ind)
Recall_test: 0.000000
F1_test: -nan(ind)
 

Arquitectura: _2_3_3_3_3_3_1_
Semilla: 1788088619
Segundos: 232
NIteraciones: 100000

Costo_train: 0.249999
Precision_train: -nan(ind)
Recall_train: 0.000000
F1_train: -nan(ind)

Costo_test: 0.250020
Precision_test: -nan(ind)
Recall_test: 0.000000
F1_test: -nan(ind)
 

Arquitectura: _2_3_3_3_3_3_1_
Semilla: 1788088619
Segundos: 232
NIteraciones: 100000

Costo_train: 0.249998
Precision_train: -nan(ind)
Recall_train: 0.000000
F1_train: -nan(ind)

Costo_test: 0.250017
Precision_test: -nan(ind)
Recall_test: 0.000000
F1_test: -nan(ind)
 

Arquitectura: _2_3_3_3_3_3_1_
Semilla: 1788088619
Segundos: 232
NIteraciones: 100000

Costo_train: 0.249997
Precision_train: -nan(ind)
Recall_train: 0.000000
F1_train: -nan(ind)

Costo_test: 0.250012
Precision_test: -nan(ind)
Recall_test: 0.000000
F1_test: -nan(ind)
 

Arquitectura: _2_3_3_3_3_3_1_
Semilla: 1788088619
Segundos: 232
NIteraciones: 100000

Costo_train: 0.249995
Precision_train: 0.000000
Recall_train: 0.000000
F1_train: -nan(ind)

Costo_test: 0.250006
Precision_test: -nan(ind)
Recall_test: 0.000000
F1_test: -nan(ind)
 

Arquitectura: _2_3_3_3_3_3_1_
Semilla: 1788088619
Segundos: 232
NIteraciones: 100000

Costo_train: 0.249993
Precision_train: -nan(ind)
Recall_train: 0.000000
F1_train: -nan(ind)

Costo_test: 0.250013
Precision_test: -nan(ind)
Recall_test: 0.000000
F1_test: -nan(ind)
 

Arquitectura: _2_3_3_3_3_3_1_
Semilla: 1788088619
Segundos: 232
NIteraciones: 100000

Costo_train: 0.250000
Precision_train: -nan(ind)
Recall_train: 0.000000
F1_train: -nan(ind)

Costo_test: 0.250003
Precision_test: -nan(ind)
Recall_test: 0.000000
F1_test: -nan(ind)
 

Arquitectura: _2_3_3_3_3_3_1_
Semilla: 1788088619
Segundos: 232
NIteraciones: 100000

Costo_train: 0.249990
Precision_train: 0.515195
Recall_train: 0.445557
F1_train: 0.477852

Costo_test: 0.250087
Precision_test: 0.491329
Recall_test: 0.422886
F1_test: 0.454545
 

Arquitectura: _2_3_3_3_3_3_1_
Semilla: 1788088619
Segundos: 232
NIteraciones: 100000

Costo_train: 0.249994
Precision_train: -nan(ind)
Recall_train: 0.000000
F1_train: -nan(ind)

Costo_test: 0.250009
Precision_test: -nan(ind)
Recall_test: 0.000000
F1_test: -nan(ind)
 

Arquitectura: _2_3_3_3_3_3_1_
Semilla: 1788088619
Segundos: 232
NIteraciones: 100000

Costo_train: 0.249999
Precision_train: -nan(ind)
Recall_train: 0.000000
F1_train: -nan(ind)

Costo_test: 0.250032
Precision_test: -nan(ind)
Recall_test: 0.000000
F1_test: -nan(ind)
 

Arquitectura: _2_3_3_3_3_3_1_
Semilla: 1788088619
Segundos: 232
NIteraciones: 100000

Costo_train: 0.249999
Precision_train: -nan(ind)
Recall_train: 0.000000
F1_train: -nan(ind)

Costo_test: 0.250004
Precision_test: -nan(ind)
Recall_test: 0.000000
F1_test: -nan(ind)
 

Arquitectura: _2_3_3_3_3_3_1_
Semilla: 1788088619
Segundos: 232
NIteraciones: 100000

Costo_train: 0.249999
Precision_train: -nan(ind)
Recall_train: 0.000000
F1_train: -nan(ind)

Costo_test: 0.250011
Precision_test: -nan(ind)
Recall_test: 0.000000
F1_test: -nan(ind)
 

Arquitectura: _2_3_3_3_3_3_1_
Semilla: 1788088619
Segundos: 232
NIteraciones: 100000

Costo_train: 0.249999
Precision_train: -nan(ind)
Recall_train: 0.000000
F1_train: -nan(ind)

Costo_test: 0.249997
Precision_test: -nan(ind)
Recall_test: 0.000000
F1_test: -nan(ind)
 

Arquitectura: _2_3_3_3_3_3_1_
Semilla: 1788088619
Segundos: 232
NIteraciones: 100000

Costo_train: 0.249999
Precision_train: -nan(ind)
Recall_train: 0.000000
F1_train: -nan(ind)

Costo_test: 0.249984
Precision_test: -nan(ind)
Recall_test: 0.000000
F1_test: -nan(ind)
 

Arquitectura: _2_3_3_3_3_3_1_
Semilla: 1788088619
Segundos: 232
NIteraciones: 100000

Costo_train: 0.250000
Precision_train: -nan(ind)
Recall_train: 0.000000
F1_train: -nan(ind)

Costo_test: 0.250000
Precision_test: -nan(ind)
Recall_test: 0.000000
F1_test: -nan(ind)
 

Arquitectura: _2_3_3_3_3_3_1_
Semilla: 1788088619
Segundos: 232
NIteraciones: 100000

Costo_train: 0.250000
Precision_train: -nan(ind)
Recall_train: 0.000000
F1_train: -nan(ind)

Costo_test: 0.250004
Precision_test: -nan(ind)
Recall_test: 0.000000
F1_test: -nan(ind)
 

Arquitectura: _2_3_3_3_3_3_1_
Semilla: 1788088619
Segundos: 232
NIteraciones: 100000

Costo_train: 0.250000
Precision_train: -nan(ind)
Recall_train: 0.000000
F1_train: -nan(ind)

Costo_test: 0.250004
Precision_test: -nan(ind)
Recall_test: 0.000000
F1_test: -nan(ind)
 

Arquitectura: _2_3_3_3_3_3_1_
Semilla: 1788088619
Segundos: 232
NIteraciones: 100000

Costo_train: 0.249996
Precision_train: -nan(ind)
Recall_train: 0.000000
F1_train: -nan(ind)

Costo_test: 0.250030
Precision_test: -nan(ind)
Recall_test: 0.000000
F1_test: -nan(ind)
 

Arquitectura: _2_3_3_3_3_3_1_
Semilla: 1788088619
Segundos: 232
NIteraciones: 100000

Costo_train: 0.249999
Precision_train: -nan(ind)
Recall_train: 0.000000
F1_train: -nan(ind)

Costo_test: 0.250014
Precision_test: -nan(ind)
Recall_test: 0.000000
F1_test: -nan(ind)
 
