--- Configuración Actual ---
Paso: 0.200000
Gamma: 0.000000
Parada: 0.100000
Iteraciones: 100000
CapasDesde: 2
CapasHasta: 5
Repeticiones: 1
Intervalo: 10000
Batch: 100
MultiplicadorProfunda: 0.700000
Tarjeta: NVIDIA GeForce RTX 3090 Ti
----------------------------
Dimensiones Datos
trainx: 2x1598 
trainy: 1x1598 
test_x: 2x400 


--- Test Angosta 2.0 ---
Iteración 10000
Costo: 0.216882
Iteración 20000
Costo: 0.200177
Iteración 30000
Costo: 0.187850
Iteración 40000
Costo: 0.169549
Iteración 50000
Costo: 0.120933
Iteración 60000
Costo: 0.071693
Iteración 70000
Costo: 0.056817
Iteración 80000
Costo: 0.049099
Iteración 90000
Costo: 0.044277

Arquitectura: _2_6_1_
Semilla: 1788087125
Segundos: 49
NIteraciones: 100000

Costo_train: 0.040907
Precision_train: 0.913413
Recall_train: 0.996296
F1_train: 0.953056

Costo_test: 0.039597
Precision_test: 0.912409
Recall_test: 0.992063
F1_test: 0.950570
 

Arquitectura: _2_6_1_
Semilla: 1788087125
Segundos: 49
NIteraciones: 100000

Costo_train: 0.044554
Precision_train: 0.903879
Recall_train: 0.992593
F1_train: 0.946161

Costo_test: 0.044587
Precision_test: 0.863014
Recall_test: 1.000000
F1_test: 0.926471
 

Arquitectura: _2_6_1_
Semilla: 1788087125
Segundos: 49
NIteraciones: 100000

Costo_train: 0.064807
Precision_train: 0.890728
Recall_train: 0.996296
F1_train: 0.940559

Costo_test: 0.066846
Precision_test: 0.879433
Recall_test: 0.984127
F1_test: 0.928839
 

Arquitectura: _2_6_1_
Semilla: 1788087125
Segundos: 49
NIteraciones: 100000

Costo_train: 0.044984
Precision_train: 0.910321
Recall_train: 0.996296
F1_train: 0.951370

Costo_test: 0.043361
Precision_test: 0.905797
Recall_test: 0.992063
F1_test: 0.946970
 

Arquitectura: _2_6_1_
Semilla: 1788087125
Segundos: 49
NIteraciones: 100000

Costo_train: 0.046878
Precision_train: 0.912014
Recall_train: 0.998148
F1_train: 0.953139

Costo_test: 0.049673
Precision_test: 0.892086
Recall_test: 0.984127
F1_test: 0.935849
 

Arquitectura: _2_6_1_
Semilla: 1788087125
Segundos: 49
NIteraciones: 100000

Costo_train: 0.151242
Precision_train: 0.938679
Recall_train: 0.368519
F1_train: 0.529255

Costo_test: 0.154388
Precision_test: 0.893617
Recall_test: 0.333333
F1_test: 0.485549
 

Arquitectura: _2_6_1_
Semilla: 1788087125
Segundos: 49
NIteraciones: 100000

Costo_train: 0.047827
Precision_train: 0.893688
Recall_train: 0.996296
F1_train: 0.942207

Costo_test: 0.048173
Precision_test: 0.838926
Recall_test: 0.992063
F1_test: 0.909091
 

Arquitectura: _2_6_1_
Semilla: 1788087125
Segundos: 49
NIteraciones: 100000

Costo_train: 0.043470
Precision_train: 0.904202
Recall_train: 0.996296
F1_train: 0.948018

Costo_test: 0.043288
Precision_test: 0.868966
Recall_test: 1.000000
F1_test: 0.929889
 

Arquitectura: _2_6_1_
Semilla: 1788087125
Segundos: 49
NIteraciones: 100000

Costo_train: 0.050023
Precision_train: 0.901007
Recall_train: 0.994444
F1_train: 0.945423

Costo_test: 0.048545
Precision_test: 0.912409
Recall_test: 0.992063
F1_test: 0.950570
 

Arquitectura: _2_6_1_
Semilla: 1788087125
Segundos: 49
NIteraciones: 100000

Costo_train: 0.151413
Precision_train: 0.729630
Recall_train: 0.364815
F1_train: 0.486420

Costo_test: 0.143427
Precision_test: 0.730159
Recall_test: 0.365079
F1_test: 0.486773
 

Arquitectura: _2_6_1_
Semilla: 1788087125
Segundos: 49
NIteraciones: 100000

Costo_train: 0.045296
Precision_train: 0.902357
Recall_train: 0.992593
F1_train: 0.945326

Costo_test: 0.045634
Precision_test: 0.863014
Recall_test: 1.000000
F1_test: 0.926471
 

Arquitectura: _2_6_1_
Semilla: 1788087125
Segundos: 49
NIteraciones: 100000

Costo_train: 0.078913
Precision_train: 0.878182
Recall_train: 0.894444
F1_train: 0.886239

Costo_test: 0.076868
Precision_test: 0.829787
Recall_test: 0.928571
F1_test: 0.876404
 

Arquitectura: _2_6_1_
Semilla: 1788087125
Segundos: 49
NIteraciones: 100000

Costo_train: 0.066531
Precision_train: 0.883914
Recall_train: 0.987037
F1_train: 0.932633

Costo_test: 0.068925
Precision_test: 0.823129
Recall_test: 0.960317
F1_test: 0.886447
 

Arquitectura: _2_6_1_
Semilla: 1788087125
Segundos: 49
NIteraciones: 100000

Costo_train: 0.050210
Precision_train: 0.895349
Recall_train: 0.998148
F1_train: 0.943958

Costo_test: 0.045264
Precision_test: 0.900000
Recall_test: 1.000000
F1_test: 0.947368
 

Arquitectura: _2_6_1_
Semilla: 1788087125
Segundos: 49
NIteraciones: 100000

Costo_train: 0.048157
Precision_train: 0.905724
Recall_train: 0.996296
F1_train: 0.948854

Costo_test: 0.046441
Precision_test: 0.905797
Recall_test: 0.992063
F1_test: 0.946970
 

Arquitectura: _2_6_1_
Semilla: 1788087125
Segundos: 49
NIteraciones: 100000

Costo_train: 0.045185
Precision_train: 0.907407
Recall_train: 0.998148
F1_train: 0.950617

Costo_test: 0.044754
Precision_test: 0.875000
Recall_test: 1.000000
F1_test: 0.933333
 

Arquitectura: _2_6_1_
Semilla: 1788087125
Segundos: 49
NIteraciones: 100000

Costo_train: 0.049039
Precision_train: 0.901007
Recall_train: 0.994444
F1_train: 0.945423

Costo_test: 0.047346
Precision_test: 0.912409
Recall_test: 0.992063
F1_test: 0.950570
 

Arquitectura: _2_6_1_
Semilla: 1788087125
Segundos: 49
NIteraciones: 100000

Costo_train: 0.045235
Precision_train: 0.908629
Recall_train: 0.994444
F1_train: 0.949602

Costo_test: 0.043877
Precision_test: 0.906475
Recall_test: 1.000000
F1_test: 0.950943
 

Arquitectura: _2_6_1_
Semilla: 1788087125
Segundos: 49
NIteraciones: 100000

Costo_train: 0.050120
Precision_train: 0.898164
Recall_train: 0.996296
F1_train: 0.944688

Costo_test: 0.048247
Precision_test: 0.893617
Recall_test: 1.000000
F1_test: 0.943820
 

Arquitectura: _2_6_1_
Semilla: 1788087125
Segundos: 49
NIteraciones: 100000

Costo_train: 0.052333
Precision_train: 0.902685
Recall_train: 0.996296
F1_train: 0.947183

Costo_test: 0.050913
Precision_test: 0.906475
Recall_test: 1.000000
F1_test: 0.950943
 

Arquitectura: _2_6_1_
Semilla: 1788087125
Segundos: 49
NIteraciones: 100000

Costo_train: 0.045721
Precision_train: 0.896321
Recall_train: 0.992593
F1_train: 0.942003

Costo_test: 0.044916
Precision_test: 0.868966
Recall_test: 1.000000
F1_test: 0.929889
 

Arquitectura: _2_6_1_
Semilla: 1788087125
Segundos: 49
NIteraciones: 100000

Costo_train: 0.045006
Precision_train: 0.908938
Recall_train: 0.998148
F1_train: 0.951456

Costo_test: 0.045319
Precision_test: 0.868966
Recall_test: 1.000000
F1_test: 0.929889
 

Arquitectura: _2_6_1_
Semilla: 1788087125
Segundos: 49
NIteraciones: 100000

Costo_train: 0.053516
Precision_train: 0.908629
Recall_train: 0.994444
F1_train: 0.949602

Costo_test: 0.051883
Precision_test: 0.906475
Recall_test: 1.000000
F1_test: 0.950943
 

Arquitectura: _2_6_1_
Semilla: 1788087125
Segundos: 49
NIteraciones: 100000

Costo_train: 0.045902
Precision_train: 0.898333
Recall_train: 0.998148
F1_train: 0.945614

Costo_test: 0.048491
Precision_test: 0.868966
Recall_test: 1.000000
F1_test: 0.929889
 

Arquitectura: _2_6_1_
Semilla: 1788087125
Segundos: 49
NIteraciones: 100000

Costo_train: 0.050266
Precision_train: 0.901338
Recall_train: 0.998148
F1_train: 0.947276

Costo_test: 0.051294
Precision_test: 0.857143
Recall_test: 1.000000
F1_test: 0.923077
 

Arquitectura: _2_6_1_
Semilla: 1788087125
Segundos: 49
NIteraciones: 100000

Costo_train: 0.044246
Precision_train: 0.903879
Recall_train: 0.992593
F1_train: 0.946161

Costo_test: 0.045435
Precision_test: 0.856164
Recall_test: 0.992063
F1_test: 0.919118
 

Arquitectura: _2_6_1_
Semilla: 1788087125
Segundos: 49
NIteraciones: 100000

Costo_train: 0.052725
Precision_train: 0.885762
Recall_train: 0.990741
F1_train: 0.935315

Costo_test: 0.052940
Precision_test: 0.886525
Recall_test: 0.992063
F1_test: 0.936330
 

Arquitectura: _2_6_1_
Semilla: 1788087125
Segundos: 49
NIteraciones: 100000

Costo_train: 0.053718
Precision_train: 0.902357
Recall_train: 0.992593
F1_train: 0.945326

Costo_test: 0.051930
Precision_test: 0.899281
Recall_test: 0.992063
F1_test: 0.943396
 

Arquitectura: _2_6_1_
Semilla: 1788087125
Segundos: 49
NIteraciones: 100000

Costo_train: 0.045033
Precision_train: 0.893511
Recall_train: 0.994444
F1_train: 0.941280

Costo_test: 0.046244
Precision_test: 0.850340
Recall_test: 0.992063
F1_test: 0.915751
 

Arquitectura: _2_6_1_
Semilla: 1788087125
Segundos: 49
NIteraciones: 100000

Costo_train: 0.113374
Precision_train: 0.735197
Recall_train: 0.827778
F1_train: 0.778746

Costo_test: 0.111967
Precision_test: 0.693878
Recall_test: 0.809524
F1_test: 0.747253
 

Arquitectura: _2_6_1_
Semilla: 1788087125
Segundos: 49
NIteraciones: 100000

Costo_train: 0.047000
Precision_train: 0.899329
Recall_train: 0.992593
F1_train: 0.943662

Costo_test: 0.046467
Precision_test: 0.863014
Recall_test: 1.000000
F1_test: 0.926471
 

Arquitectura: _2_6_1_
Semilla: 1788087125
Segundos: 49
NIteraciones: 100000

Costo_train: 0.047893
Precision_train: 0.897993
Recall_train: 0.994444
F1_train: 0.943761

Costo_test: 0.048948
Precision_test: 0.880282
Recall_test: 0.992063
F1_test: 0.932836
 

Arquitectura: _2_6_1_
Semilla: 1788087125
Segundos: 49
NIteraciones: 100000

Costo_train: 0.062089
Precision_train: 0.888704
Recall_train: 0.990741
F1_train: 0.936953

Costo_test: 0.058960
Precision_test: 0.912409
Recall_test: 0.992063
F1_test: 0.950570
 

Arquitectura: _2_6_1_
Semilla: 1788087125
Segundos: 49
NIteraciones: 100000

Costo_train: 0.056970
Precision_train: 0.883031
Recall_train: 0.992593
F1_train: 0.934612

Costo_test: 0.060739
Precision_test: 0.833333
Recall_test: 0.992063
F1_test: 0.905797
 

Arquitectura: _2_6_1_
Semilla: 1788087125
Segundos: 49
NIteraciones: 100000

Costo_train: 0.041856
Precision_train: 0.905405
Recall_train: 0.992593
F1_train: 0.946996

Costo_test: 0.042222
Precision_test: 0.868056
Recall_test: 0.992063
F1_test: 0.925926
 

Arquitectura: _2_6_1_
Semilla: 1788087125
Segundos: 49
NIteraciones: 100000

Costo_train: 0.051747
Precision_train: 0.899833
Recall_train: 0.998148
F1_train: 0.946444

Costo_test: 0.055618
Precision_test: 0.875000
Recall_test: 1.000000
F1_test: 0.933333
 

Arquitectura: _2_6_1_
Semilla: 1788087125
Segundos: 49
NIteraciones: 100000

Costo_train: 0.045665
Precision_train: 0.913265
Recall_train: 0.994444
F1_train: 0.952128

Costo_test: 0.045529
Precision_test: 0.899281
Recall_test: 0.992063
F1_test: 0.943396
 

Arquitectura: _2_6_1_
Semilla: 1788087125
Segundos: 49
NIteraciones: 100000

Costo_train: 0.102250
Precision_train: 0.879493
Recall_train: 0.770370
F1_train: 0.821323

Costo_test: 0.099453
Precision_test: 0.869565
Recall_test: 0.793651
F1_test: 0.829876
 

Arquitectura: _2_6_1_
Semilla: 1788087125
Segundos: 49
NIteraciones: 100000

Costo_train: 0.042088
Precision_train: 0.910473
Recall_train: 0.998148
F1_train: 0.952297

Costo_test: 0.042010
Precision_test: 0.875000
Recall_test: 1.000000
F1_test: 0.933333
 

Arquitectura: _2_6_1_
Semilla: 1788087125
Segundos: 49
NIteraciones: 100000

Costo_train: 0.099997
Precision_train: 0.881356
Recall_train: 0.770370
F1_train: 0.822134

Costo_test: 0.081868
Precision_test: 0.846154
Recall_test: 0.785714
F1_test: 0.814815
 

Arquitectura: _2_6_1_
Semilla: 1788087125
Segundos: 49
NIteraciones: 100000

Costo_train: 0.152657
Precision_train: 0.933014
Recall_train: 0.361111
F1_train: 0.520694

Costo_test: 0.145103
Precision_test: 0.936170
Recall_test: 0.349206
F1_test: 0.508671
 

Arquitectura: _2_6_1_
Semilla: 1788087125
Segundos: 49
NIteraciones: 100000

Costo_train: 0.042002
Precision_train: 0.901007
Recall_train: 0.994444
F1_train: 0.945423

Costo_test: 0.042958
Precision_test: 0.862069
Recall_test: 0.992063
F1_test: 0.922509
 

Arquitectura: _2_6_1_
Semilla: 1788087125
Segundos: 49
NIteraciones: 100000

Costo_train: 0.039436
Precision_train: 0.916667
Recall_train: 0.998148
F1_train: 0.955674

Costo_test: 0.039110
Precision_test: 0.893617
Recall_test: 1.000000
F1_test: 0.943820
 

Arquitectura: _2_6_1_
Semilla: 1788087125
Segundos: 49
NIteraciones: 100000

Costo_train: 0.042577
Precision_train: 0.916667
Recall_train: 0.998148
F1_train: 0.955674

Costo_test: 0.047051
Precision_test: 0.874126
Recall_test: 0.992063
F1_test: 0.929368
 

Arquitectura: _2_6_1_
Semilla: 1788087125
Segundos: 49
NIteraciones: 100000

Costo_train: 0.040560
Precision_train: 0.912014
Recall_train: 0.998148
F1_train: 0.953139

Costo_test: 0.043027
Precision_test: 0.892086
Recall_test: 0.984127
F1_test: 0.935849
 

Arquitectura: _2_6_1_
Semilla: 1788087125
Segundos: 49
NIteraciones: 100000

Costo_train: 0.043806
Precision_train: 0.896321
Recall_train: 0.992593
F1_train: 0.942003

Costo_test: 0.044196
Precision_test: 0.856164
Recall_test: 0.992063
F1_test: 0.919118
 

Arquitectura: _2_6_1_
Semilla: 1788087125
Segundos: 49
NIteraciones: 100000

Costo_train: 0.080002
Precision_train: 0.863233
Recall_train: 0.900000
F1_train: 0.881233

Costo_test: 0.073147
Precision_test: 0.826389
Recall_test: 0.944444
F1_test: 0.881481
 

Arquitectura: _2_6_1_
Semilla: 1788087125
Segundos: 49
NIteraciones: 100000

Costo_train: 0.049429
Precision_train: 0.904202
Recall_train: 0.996296
F1_train: 0.948018

Costo_test: 0.047318
Precision_test: 0.899281
Recall_test: 0.992063
F1_test: 0.943396
 

Arquitectura: _2_6_1_
Semilla: 1788087125
Segundos: 49
NIteraciones: 100000

Costo_train: 0.042095
Precision_train: 0.910321
Recall_train: 0.996296
F1_train: 0.951370

Costo_test: 0.040963
Precision_test: 0.905797
Recall_test: 0.992063
F1_test: 0.946970
 

Arquitectura: _2_6_1_
Semilla: 1788087125
Segundos: 49
NIteraciones: 100000

Costo_train: 0.043681
Precision_train: 0.910473
Recall_train: 0.998148
F1_train: 0.952297

Costo_test: 0.045711
Precision_test: 0.885714
Recall_test: 0.984127
F1_test: 0.932331
 

Arquitectura: _2_6_1_
Semilla: 1788087125
Segundos: 49
NIteraciones: 100000

Costo_train: 0.070224
Precision_train: 0.874126
Recall_train: 0.925926
F1_train: 0.899281

Costo_test: 0.061907
Precision_test: 0.858156
Recall_test: 0.960317
F1_test: 0.906367
 

Arquitectura: _2_6_1_
Semilla: 1788087125
Segundos: 49
NIteraciones: 100000

Costo_train: 0.044977
Precision_train: 0.893511
Recall_train: 0.994444
F1_train: 0.941280

Costo_test: 0.045880
Precision_test: 0.850340
Recall_test: 0.992063
F1_test: 0.915751
 

Arquitectura: _2_6_1_
Semilla: 1788087125
Segundos: 49
NIteraciones: 100000

Costo_train: 0.041635
Precision_train: 0.903879
Recall_train: 0.992593
F1_train: 0.946161

Costo_test: 0.042360
Precision_test: 0.867133
Recall_test: 0.984127
F1_test: 0.921933
 

Arquitectura: _2_6_1_
Semilla: 1788087125
Segundos: 49
NIteraciones: 100000

Costo_train: 0.043416
Precision_train: 0.910321
Recall_train: 0.996296
F1_train: 0.951370

Costo_test: 0.042174
Precision_test: 0.912409
Recall_test: 0.992063
F1_test: 0.950570
 

Arquitectura: _2_6_1_
Semilla: 1788087125
Segundos: 49
NIteraciones: 100000

Costo_train: 0.044620
Precision_train: 0.901007
Recall_train: 0.994444
F1_train: 0.945423

Costo_test: 0.043891
Precision_test: 0.886525
Recall_test: 0.992063
F1_test: 0.936330
 

Arquitectura: _2_6_1_
Semilla: 1788087125
Segundos: 49
NIteraciones: 100000

Costo_train: 0.104471
Precision_train: 0.845188
Recall_train: 0.748148
F1_train: 0.793713

Costo_test: 0.102417
Precision_test: 0.812500
Recall_test: 0.722222
F1_test: 0.764706
 

Arquitectura: _2_6_1_
Semilla: 1788087125
Segundos: 49
NIteraciones: 100000

Costo_train: 0.091927
Precision_train: 0.790490
Recall_train: 0.985185
F1_train: 0.877164

Costo_test: 0.098929
Precision_test: 0.773006
Recall_test: 1.000000
F1_test: 0.871972
 

Arquitectura: _2_6_1_
Semilla: 1788087125
Segundos: 49
NIteraciones: 100000

Costo_train: 0.044896
Precision_train: 0.911864
Recall_train: 0.996296
F1_train: 0.952212

Costo_test: 0.043526
Precision_test: 0.912409
Recall_test: 0.992063
F1_test: 0.950570
 

Arquitectura: _2_6_1_
Semilla: 1788087125
Segundos: 49
NIteraciones: 100000

Costo_train: 0.044668
Precision_train: 0.894825
Recall_train: 0.992593
F1_train: 0.941176

Costo_test: 0.045047
Precision_test: 0.856164
Recall_test: 0.992063
F1_test: 0.919118
 

Arquitectura: _2_6_1_
Semilla: 1788087125
Segundos: 49
NIteraciones: 100000

Costo_train: 0.043778
Precision_train: 0.904362
Recall_train: 0.998148
F1_train: 0.948944

Costo_test: 0.044034
Precision_test: 0.863014
Recall_test: 1.000000
F1_test: 0.926471
 

Arquitectura: _2_6_1_
Semilla: 1788087125
Segundos: 49
NIteraciones: 100000

Costo_train: 0.045033
Precision_train: 0.908629
Recall_train: 0.994444
F1_train: 0.949602

Costo_test: 0.043698
Precision_test: 0.905797
Recall_test: 0.992063
F1_test: 0.946970
 

Arquitectura: _2_6_1_
Semilla: 1788087125
Segundos: 49
NIteraciones: 100000

Costo_train: 0.110088
Precision_train: 0.925926
Recall_train: 0.648148
F1_train: 0.762527

Costo_test: 0.105664
Precision_test: 0.891304
Recall_test: 0.650794
F1_test: 0.752294
 

Arquitectura: _2_6_1_
Semilla: 1788087125
Segundos: 49
NIteraciones: 100000

Costo_train: 0.082396
Precision_train: 0.892216
Recall_train: 0.827778
F1_train: 0.858790

Costo_test: 0.072506
Precision_test: 0.843750
Recall_test: 0.857143
F1_test: 0.850394
 

Arquitectura: _2_6_1_
Semilla: 1788087125
Segundos: 49
NIteraciones: 100000

Costo_train: 0.042414
Precision_train: 0.899498
Recall_train: 0.994444
F1_train: 0.944591

Costo_test: 0.043887
Precision_test: 0.856164
Recall_test: 0.992063
F1_test: 0.919118
 

Arquitectura: _2_6_1_
Semilla: 1788087125
Segundos: 49
NIteraciones: 100000

Costo_train: 0.052880
Precision_train: 0.886326
Recall_train: 0.996296
F1_train: 0.938099

Costo_test: 0.052248
Precision_test: 0.887324
Recall_test: 1.000000
F1_test: 0.940298
 

Arquitectura: _2_6_1_
Semilla: 1788087125
Segundos: 49
NIteraciones: 100000

Costo_train: 0.055917
Precision_train: 0.878489
Recall_train: 0.990741
F1_train: 0.931245

Costo_test: 0.058870
Precision_test: 0.855172
Recall_test: 0.984127
F1_test: 0.915129
 

Arquitectura: _2_6_1_
Semilla: 1788087125
Segundos: 49
NIteraciones: 100000

Costo_train: 0.046724
Precision_train: 0.902521
Recall_train: 0.994444
F1_train: 0.946256

Costo_test: 0.045292
Precision_test: 0.905797
Recall_test: 0.992063
F1_test: 0.946970
 

Arquitectura: _2_6_1_
Semilla: 1788087125
Segundos: 49
NIteraciones: 100000

Costo_train: 0.102283
Precision_train: 0.795699
Recall_train: 0.822222
F1_train: 0.808743

Costo_test: 0.106362
Precision_test: 0.769231
Recall_test: 0.793651
F1_test: 0.781250
 

Arquitectura: _2_6_1_
Semilla: 1788087125
Segundos: 49
NIteraciones: 100000

Costo_train: 0.047513
Precision_train: 0.908629
Recall_train: 0.994444
F1_train: 0.949602

Costo_test: 0.048847
Precision_test: 0.892857
Recall_test: 0.992063
F1_test: 0.939850
 

Arquitectura: _2_6_1_
Semilla: 1788087125
Segundos: 49
NIteraciones: 100000

Costo_train: 0.066284
Precision_train: 0.866102
Recall_train: 0.946296
F1_train: 0.904425

Costo_test: 0.067686
Precision_test: 0.832117
Recall_test: 0.904762
F1_test: 0.866920
 

Arquitectura: _2_6_1_
Semilla: 1788087125
Segundos: 49
NIteraciones: 100000

Costo_train: 0.043919
Precision_train: 0.908784
Recall_train: 0.996296
F1_train: 0.950530

Costo_test: 0.042150
Precision_test: 0.905797
Recall_test: 0.992063
F1_test: 0.946970
 

Arquitectura: _2_6_1_
Semilla: 1788087125
Segundos: 49
NIteraciones: 100000

Costo_train: 0.048026
Precision_train: 0.896321
Recall_train: 0.992593
F1_train: 0.942003

Costo_test: 0.047699
Precision_test: 0.857143
Recall_test: 1.000000
F1_test: 0.923077
 

Arquitectura: _2_6_1_
Semilla: 1788087125
Segundos: 49
NIteraciones: 100000

Costo_train: 0.044363
Precision_train: 0.904202
Recall_train: 0.996296
F1_train: 0.948018

Costo_test: 0.045935
Precision_test: 0.875000
Recall_test: 1.000000
F1_test: 0.933333
 

Arquitectura: _2_6_1_
Semilla: 1788087125
Segundos: 49
NIteraciones: 100000

Costo_train: 0.142754
Precision_train: 0.938838
Recall_train: 0.568519
F1_train: 0.708189

Costo_test: 0.150794
Precision_test: 0.910448
Recall_test: 0.484127
F1_test: 0.632124
 

Arquitectura: _2_6_1_
Semilla: 1788087125
Segundos: 49
NIteraciones: 100000

Costo_train: 0.043184
Precision_train: 0.916667
Recall_train: 0.998148
F1_train: 0.955674

Costo_test: 0.047631
Precision_test: 0.874126
Recall_test: 0.992063
F1_test: 0.929368
 

Arquitectura: _2_6_1_
Semilla: 1788087125
Segundos: 49
NIteraciones: 100000

Costo_train: 0.155932
Precision_train: 0.928230
Recall_train: 0.359259
F1_train: 0.518024

Costo_test: 0.149718
Precision_test: 0.936170
Recall_test: 0.349206
F1_test: 0.508671
 

Arquitectura: _2_6_1_
Semilla: 1788087125
Segundos: 49
NIteraciones: 100000

Costo_train: 0.092452
Precision_train: 0.942257
Recall_train: 0.664815
F1_train: 0.779587

Costo_test: 0.092259
Precision_test: 0.964286
Recall_test: 0.642857
F1_test: 0.771429
 

Arquitectura: _2_6_1_
Semilla: 1788087125
Segundos: 49
NIteraciones: 100000

Costo_train: 0.043597
Precision_train: 0.895000
Recall_train: 0.994444
F1_train: 0.942105

Costo_test: 0.044913
Precision_test: 0.850340
Recall_test: 0.992063
F1_test: 0.915751
 

Arquitectura: _2_6_1_
Semilla: 1788087125
Segundos: 49
NIteraciones: 100000

Costo_train: 0.068105
Precision_train: 0.890435
Recall_train: 0.948148
F1_train: 0.918386

Costo_test: 0.062184
Precision_test: 0.859155
Recall_test: 0.968254
F1_test: 0.910448
 

Arquitectura: _2_6_1_
Semilla: 1788087125
Segundos: 49
NIteraciones: 100000

Costo_train: 0.049374
Precision_train: 0.888889
Recall_train: 0.992593
F1_train: 0.937883

Costo_test: 0.047771
Precision_test: 0.893617
Recall_test: 1.000000
F1_test: 0.943820
 

Arquitectura: _2_6_1_
Semilla: 1788087125
Segundos: 49
NIteraciones: 100000

Costo_train: 0.047577
Precision_train: 0.904362
Recall_train: 0.998148
F1_train: 0.948944

Costo_test: 0.050247
Precision_test: 0.879433
Recall_test: 0.984127
F1_test: 0.928839
 

Arquitectura: _2_6_1_
Semilla: 1788087125
Segundos: 49
NIteraciones: 100000

Costo_train: 0.050790
Precision_train: 0.901173
Recall_train: 0.996296
F1_train: 0.946350

Costo_test: 0.049082
Precision_test: 0.906475
Recall_test: 1.000000
F1_test: 0.950943
 

Arquitectura: _2_6_1_
Semilla: 1788087125
Segundos: 49
NIteraciones: 100000

Costo_train: 0.068165
Precision_train: 0.877698
Recall_train: 0.903704
F1_train: 0.890511

Costo_test: 0.063967
Precision_test: 0.888000
Recall_test: 0.880952
F1_test: 0.884462
 

Arquitectura: _2_6_1_
Semilla: 1788087125
Segundos: 49
NIteraciones: 100000

Costo_train: 0.050313
Precision_train: 0.902848
Recall_train: 0.998148
F1_train: 0.948109

Costo_test: 0.053332
Precision_test: 0.873239
Recall_test: 0.984127
F1_test: 0.925373
 

Arquitectura: _2_6_1_
Semilla: 1788087125
Segundos: 49
NIteraciones: 100000

Costo_train: 0.044131
Precision_train: 0.910169
Recall_train: 0.994444
F1_train: 0.950442

Costo_test: 0.042957
Precision_test: 0.912409
Recall_test: 0.992063
F1_test: 0.950570
 

Arquitectura: _2_6_1_
Semilla: 1788087125
Segundos: 49
NIteraciones: 100000

Costo_train: 0.049034
Precision_train: 0.902848
Recall_train: 0.998148
F1_train: 0.948109

Costo_test: 0.053268
Precision_test: 0.875000
Recall_test: 1.000000
F1_test: 0.933333
 

Arquitectura: _2_6_1_
Semilla: 1788087125
Segundos: 49
NIteraciones: 100000

Costo_train: 0.047109
Precision_train: 0.896667
Recall_train: 0.996296
F1_train: 0.943860

Costo_test: 0.048153
Precision_test: 0.886525
Recall_test: 0.992063
F1_test: 0.936330
 

Arquitectura: _2_6_1_
Semilla: 1788087125
Segundos: 49
NIteraciones: 100000

Costo_train: 0.047127
Precision_train: 0.896667
Recall_train: 0.996296
F1_train: 0.943860

Costo_test: 0.048351
Precision_test: 0.862069
Recall_test: 0.992063
F1_test: 0.922509
 

Arquitectura: _2_6_1_
Semilla: 1788087125
Segundos: 49
NIteraciones: 100000

Costo_train: 0.047586
Precision_train: 0.907095
Recall_train: 0.994444
F1_train: 0.948763

Costo_test: 0.046008
Precision_test: 0.912409
Recall_test: 0.992063
F1_test: 0.950570
 

Arquitectura: _2_6_1_
Semilla: 1788087125
Segundos: 49
NIteraciones: 100000

Costo_train: 0.049068
Precision_train: 0.896494
Recall_train: 0.994444
F1_train: 0.942932

Costo_test: 0.051810
Precision_test: 0.875000
Recall_test: 1.000000
F1_test: 0.933333
 

Arquitectura: _2_6_1_
Semilla: 1788087125
Segundos: 49
NIteraciones: 100000

Costo_train: 0.043257
Precision_train: 0.911864
Recall_train: 0.996296
F1_train: 0.952212

Costo_test: 0.041929
Precision_test: 0.912409
Recall_test: 0.992063
F1_test: 0.950570
 

Arquitectura: _2_6_1_
Semilla: 1788087125
Segundos: 49
NIteraciones: 100000

Costo_train: 0.050210
Precision_train: 0.905882
Recall_train: 0.998148
F1_train: 0.949780

Costo_test: 0.053946
Precision_test: 0.874126
Recall_test: 0.992063
F1_test: 0.929368
 

Arquitectura: _2_6_1_
Semilla: 1788087125
Segundos: 49
NIteraciones: 100000

Costo_train: 0.048692
Precision_train: 0.907095
Recall_train: 0.994444
F1_train: 0.948763

Costo_test: 0.047113
Precision_test: 0.912409
Recall_test: 0.992063
F1_test: 0.950570
 

Arquitectura: _2_6_1_
Semilla: 1788087125
Segundos: 49
NIteraciones: 100000

Costo_train: 0.051349
Precision_train: 0.902685
Recall_train: 0.996296
F1_train: 0.947183

Costo_test: 0.049279
Precision_test: 0.899281
Recall_test: 0.992063
F1_test: 0.943396
 

Arquitectura: _2_6_1_
Semilla: 1788087125
Segundos: 49
NIteraciones: 100000

Costo_train: 0.066179
Precision_train: 0.897133
Recall_train: 0.985185
F1_train: 0.939100

Costo_test: 0.066151
Precision_test: 0.866197
Recall_test: 0.976190
F1_test: 0.917910
 

Arquitectura: _2_6_1_
Semilla: 1788087125
Segundos: 49
NIteraciones: 100000

Costo_train: 0.048259
Precision_train: 0.910169
Recall_train: 0.994444
F1_train: 0.950442

Costo_test: 0.046407
Precision_test: 0.899281
Recall_test: 0.992063
F1_test: 0.943396
 

Arquitectura: _2_6_1_
Semilla: 1788087125
Segundos: 49
NIteraciones: 100000

Costo_train: 0.047060
Precision_train: 0.892027
Recall_train: 0.994444
F1_train: 0.940455

Costo_test: 0.048035
Precision_test: 0.850340
Recall_test: 0.992063
F1_test: 0.915751
 

Arquitectura: _2_6_1_
Semilla: 1788087125
Segundos: 49
NIteraciones: 100000

Costo_train: 0.044505
Precision_train: 0.908784
Recall_train: 0.996296
F1_train: 0.950530

Costo_test: 0.042732
Precision_test: 0.905797
Recall_test: 0.992063
F1_test: 0.946970
 

Arquitectura: _2_6_1_
Semilla: 1788087125
Segundos: 49
NIteraciones: 100000

Costo_train: 0.086212
Precision_train: 0.798808
Recall_train: 0.992593
F1_train: 0.885219

Costo_test: 0.094596
Precision_test: 0.766871
Recall_test: 0.992063
F1_test: 0.865052
 

Arquitectura: _2_6_1_
Semilla: 1788087125
Segundos: 49
NIteraciones: 100000

Costo_train: 0.036721
Precision_train: 0.926117
Recall_train: 0.998148
F1_train: 0.960784

Costo_test: 0.040391
Precision_test: 0.900000
Recall_test: 1.000000
F1_test: 0.947368
 


--- Test Profunda 2.0 ---
Iteración 10000
Costo: 0.223762
Iteración 20000
Costo: 0.223710
Iteración 30000
Costo: 0.223679
Iteración 40000
Costo: 0.223650
Iteración 50000
Costo: 0.223616
Iteración 60000
Costo: 0.223580
Iteración 70000
Costo: 0.223545
Iteración 80000
Costo: 0.223513
Iteración 90000
Costo: 0.223478

Arquitectura: _2_3_3_1_
Semilla: 1788087174
Segundos: 94
NIteraciones: 100000

Costo_train: 0.223422
Precision_train: -nan(ind)
Recall_train: 0.000000
F1_train: -nan(ind)

Costo_test: 0.215717
Precision_test: -nan(ind)
Recall_test: 0.000000
F1_test: -nan(ind)
 

Arquitectura: _2_3_3_1_
Semilla: 1788087174
Segundos: 94
NIteraciones: 100000

Costo_train: 0.183069
Precision_train: 0.787611
Recall_train: 0.329630
F1_train: 0.464752

Costo_test: 0.185361
Precision_test: 0.706897
Recall_test: 0.325397
F1_test: 0.445652
 

Arquitectura: _2_3_3_1_
Semilla: 1788087174
Segundos: 94
NIteraciones: 100000

Costo_train: 0.182245
Precision_train: 0.762500
Recall_train: 0.338889
F1_train: 0.469231

Costo_test: 0.180913
Precision_test: 0.661290
Recall_test: 0.325397
F1_test: 0.436170
 

Arquitectura: _2_3_3_1_
Semilla: 1788087174
Segundos: 94
NIteraciones: 100000

Costo_train: 0.187290
Precision_train: 0.433071
Recall_train: 0.203704
F1_train: 0.277078

Costo_test: 0.184824
Precision_test: 0.393939
Recall_test: 0.206349
F1_test: 0.270833
 

Arquitectura: _2_3_3_1_
Semilla: 1788087174
Segundos: 94
NIteraciones: 100000

Costo_train: 0.218002
Precision_train: -nan(ind)
Recall_train: 0.000000
F1_train: -nan(ind)

Costo_test: 0.208618
Precision_test: -nan(ind)
Recall_test: 0.000000
F1_test: -nan(ind)
 

Arquitectura: _2_3_3_1_
Semilla: 1788087174
Segundos: 94
NIteraciones: 100000

Costo_train: 0.223578
Precision_train: -nan(ind)
Recall_train: 0.000000
F1_train: -nan(ind)

Costo_test: 0.216157
Precision_test: -nan(ind)
Recall_test: 0.000000
F1_test: -nan(ind)
 

Arquitectura: _2_3_3_1_
Semilla: 1788087174
Segundos: 94
NIteraciones: 100000

Costo_train: 0.184024
Precision_train: 0.733333
Recall_train: 0.325926
F1_train: 0.451282

Costo_test: 0.191261
Precision_test: 0.660714
Recall_test: 0.293651
F1_test: 0.406593
 

Arquitectura: _2_3_3_1_
Semilla: 1788087174
Segundos: 94
NIteraciones: 100000

Costo_train: 0.221072
Precision_train: -nan(ind)
Recall_train: 0.000000
F1_train: -nan(ind)

Costo_test: 0.214279
Precision_test: -nan(ind)
Recall_test: 0.000000
F1_test: -nan(ind)
 

Arquitectura: _2_3_3_1_
Semilla: 1788087174
Segundos: 94
NIteraciones: 100000

Costo_train: 0.178985
Precision_train: 0.855769
Recall_train: 0.329630
F1_train: 0.475936

Costo_test: 0.178298
Precision_test: 0.800000
Recall_test: 0.317460
F1_test: 0.454545
 

Arquitectura: _2_3_3_1_
Semilla: 1788087174
Segundos: 94
NIteraciones: 100000

Costo_train: 0.190407
Precision_train: 0.732283
Recall_train: 0.344444
F1_train: 0.468514

Costo_test: 0.185683
Precision_test: 0.641791
Recall_test: 0.341270
F1_test: 0.445596
 

Arquitectura: _2_3_3_1_
Semilla: 1788087174
Segundos: 94
NIteraciones: 100000

Costo_train: 0.191602
Precision_train: 0.717131
Recall_train: 0.333333
F1_train: 0.455120

Costo_test: 0.197259
Precision_test: 0.653846
Recall_test: 0.269841
F1_test: 0.382022
 

Arquitectura: _2_3_3_1_
Semilla: 1788087174
Segundos: 94
NIteraciones: 100000

Costo_train: 0.170201
Precision_train: 0.534694
Recall_train: 0.485185
F1_train: 0.508738

Costo_test: 0.166046
Precision_test: 0.549550
Recall_test: 0.484127
F1_test: 0.514768
 

Arquitectura: _2_3_3_1_
Semilla: 1788087174
Segundos: 94
NIteraciones: 100000

Costo_train: 0.188134
Precision_train: 0.707510
Recall_train: 0.331481
F1_train: 0.451450

Costo_test: 0.193341
Precision_test: 0.618182
Recall_test: 0.269841
F1_test: 0.375691
 

Arquitectura: _2_3_3_1_
Semilla: 1788087174
Segundos: 94
NIteraciones: 100000

Costo_train: 0.187933
Precision_train: 0.703557
Recall_train: 0.329630
F1_train: 0.448928

Costo_test: 0.193307
Precision_test: 0.611111
Recall_test: 0.261905
F1_test: 0.366667
 

Arquitectura: _2_3_3_1_
Semilla: 1788087174
Segundos: 94
NIteraciones: 100000

Costo_train: 0.196057
Precision_train: 0.760870
Recall_train: 0.324074
F1_train: 0.454545

Costo_test: 0.191581
Precision_test: 0.677966
Recall_test: 0.317460
F1_test: 0.432432
 

Arquitectura: _2_3_3_1_
Semilla: 1788087174
Segundos: 94
NIteraciones: 100000

Costo_train: 0.214113
Precision_train: -nan(ind)
Recall_train: 0.000000
F1_train: -nan(ind)

Costo_test: 0.202429
Precision_test: -nan(ind)
Recall_test: 0.000000
F1_test: -nan(ind)
 

Arquitectura: _2_3_3_1_
Semilla: 1788087174
Segundos: 94
NIteraciones: 100000

Costo_train: 0.170470
Precision_train: 0.944751
Recall_train: 0.316667
F1_train: 0.474341

Costo_test: 0.167932
Precision_test: 0.973684
Recall_test: 0.293651
F1_test: 0.451220
 

Arquitectura: _2_3_3_1_
Semilla: 1788087174
Segundos: 94
NIteraciones: 100000

Costo_train: 0.167065
Precision_train: 0.923858
Recall_train: 0.337037
F1_train: 0.493894

Costo_test: 0.162346
Precision_test: 0.936170
Recall_test: 0.349206
F1_test: 0.508671
 

Arquitectura: _2_3_3_1_
Semilla: 1788087174
Segundos: 94
NIteraciones: 100000

Costo_train: 0.186014
Precision_train: 0.748988
Recall_train: 0.342593
F1_train: 0.470140

Costo_test: 0.185786
Precision_test: 0.661290
Recall_test: 0.325397
F1_test: 0.436170
 

Arquitectura: _2_3_3_1_
Semilla: 1788087174
Segundos: 94
NIteraciones: 100000

Costo_train: 0.184830
Precision_train: 0.752066
Recall_train: 0.337037
F1_train: 0.465473

Costo_test: 0.186306
Precision_test: 0.672131
Recall_test: 0.325397
F1_test: 0.438503
 

Arquitectura: _2_3_3_1_
Semilla: 1788087174
Segundos: 94
NIteraciones: 100000

Costo_train: 0.175240
Precision_train: 0.419890
Recall_train: 0.281481
F1_train: 0.337029

Costo_test: 0.169647
Precision_test: 0.459770
Recall_test: 0.317460
F1_test: 0.375587
 

Arquitectura: _2_3_3_1_
Semilla: 1788087174
Segundos: 94
NIteraciones: 100000

Costo_train: 0.223436
Precision_train: -nan(ind)
Recall_train: 0.000000
F1_train: -nan(ind)

Costo_test: 0.215888
Precision_test: -nan(ind)
Recall_test: 0.000000
F1_test: -nan(ind)
 

Arquitectura: _2_3_3_1_
Semilla: 1788087174
Segundos: 94
NIteraciones: 100000

Costo_train: 0.170091
Precision_train: 0.874372
Recall_train: 0.322222
F1_train: 0.470907

Costo_test: 0.167449
Precision_test: 0.812500
Recall_test: 0.309524
F1_test: 0.448276
 

Arquitectura: _2_3_3_1_
Semilla: 1788087174
Segundos: 94
NIteraciones: 100000

Costo_train: 0.219355
Precision_train: -nan(ind)
Recall_train: 0.000000
F1_train: -nan(ind)

Costo_test: 0.214102
Precision_test: -nan(ind)
Recall_test: 0.000000
F1_test: -nan(ind)
 

Arquitectura: _2_3_3_1_
Semilla: 1788087174
Segundos: 94
NIteraciones: 100000

Costo_train: 0.186431
Precision_train: 0.744939
Recall_train: 0.340741
F1_train: 0.467598

Costo_test: 0.186064
Precision_test: 0.640625
Recall_test: 0.325397
F1_test: 0.431579
 

Arquitectura: _2_3_3_1_
Semilla: 1788087174
Segundos: 94
NIteraciones: 100000

Costo_train: 0.183388
Precision_train: 0.761317
Recall_train: 0.342593
F1_train: 0.472541

Costo_test: 0.182046
Precision_test: 0.661290
Recall_test: 0.325397
F1_test: 0.436170
 

Arquitectura: _2_3_3_1_
Semilla: 1788087174
Segundos: 94
NIteraciones: 100000

Costo_train: 0.190089
Precision_train: 0.733333
Recall_train: 0.346296
F1_train: 0.470440

Costo_test: 0.188356
Precision_test: 0.636364
Recall_test: 0.333333
F1_test: 0.437500
 

Arquitectura: _2_3_3_1_
Semilla: 1788087174
Segundos: 94
NIteraciones: 100000

Costo_train: 0.217925
Precision_train: -nan(ind)
Recall_train: 0.000000
F1_train: -nan(ind)

Costo_test: 0.212386
Precision_test: -nan(ind)
Recall_test: 0.000000
F1_test: -nan(ind)
 

Arquitectura: _2_3_3_1_
Semilla: 1788087174
Segundos: 94
NIteraciones: 100000

Costo_train: 0.223438
Precision_train: -nan(ind)
Recall_train: 0.000000
F1_train: -nan(ind)

Costo_test: 0.216006
Precision_test: -nan(ind)
Recall_test: 0.000000
F1_test: -nan(ind)
 

Arquitectura: _2_3_3_1_
Semilla: 1788087174
Segundos: 94
NIteraciones: 100000

Costo_train: 0.193505
Precision_train: 0.377660
Recall_train: 0.131481
F1_train: 0.195055

Costo_test: 0.183196
Precision_test: 0.529412
Recall_test: 0.142857
F1_test: 0.225000
 

Arquitectura: _2_3_3_1_
Semilla: 1788087174
Segundos: 94
NIteraciones: 100000

Costo_train: 0.174347
Precision_train: 0.785388
Recall_train: 0.318519
F1_train: 0.453228

Costo_test: 0.174800
Precision_test: 0.732143
Recall_test: 0.325397
F1_test: 0.450549
 

Arquitectura: _2_3_3_1_
Semilla: 1788087174
Segundos: 94
NIteraciones: 100000

Costo_train: 0.218923
Precision_train: -nan(ind)
Recall_train: 0.000000
F1_train: -nan(ind)

Costo_test: 0.212516
Precision_test: -nan(ind)
Recall_test: 0.000000
F1_test: -nan(ind)
 

Arquitectura: _2_3_3_1_
Semilla: 1788087174
Segundos: 94
NIteraciones: 100000

Costo_train: 0.220407
Precision_train: -nan(ind)
Recall_train: 0.000000
F1_train: -nan(ind)

Costo_test: 0.212309
Precision_test: -nan(ind)
Recall_test: 0.000000
F1_test: -nan(ind)
 

Arquitectura: _2_3_3_1_
Semilla: 1788087174
Segundos: 94
NIteraciones: 100000

Costo_train: 0.166480
Precision_train: 0.875000
Recall_train: 0.350000
F1_train: 0.500000

Costo_test: 0.166737
Precision_test: 0.826923
Recall_test: 0.341270
F1_test: 0.483146
 

Arquitectura: _2_3_3_1_
Semilla: 1788087174
Segundos: 94
NIteraciones: 100000

Costo_train: 0.222958
Precision_train: -nan(ind)
Recall_train: 0.000000
F1_train: -nan(ind)

Costo_test: 0.215281
Precision_test: -nan(ind)
Recall_test: 0.000000
F1_test: -nan(ind)
 

Arquitectura: _2_3_3_1_
Semilla: 1788087174
Segundos: 94
NIteraciones: 100000

Costo_train: 0.183862
Precision_train: 0.762500
Recall_train: 0.338889
F1_train: 0.469231

Costo_test: 0.185489
Precision_test: 0.661290
Recall_test: 0.325397
F1_test: 0.436170
 

Arquitectura: _2_3_3_1_
Semilla: 1788087174
Segundos: 94
NIteraciones: 100000

Costo_train: 0.170349
Precision_train: 0.946237
Recall_train: 0.325926
F1_train: 0.484848

Costo_test: 0.168523
Precision_test: 0.952381
Recall_test: 0.317460
F1_test: 0.476190
 

Arquitectura: _2_3_3_1_
Semilla: 1788087174
Segundos: 94
NIteraciones: 100000

Costo_train: 0.161759
Precision_train: 0.845411
Recall_train: 0.324074
F1_train: 0.468541

Costo_test: 0.159433
Precision_test: 0.750000
Recall_test: 0.285714
F1_test: 0.413793
 

Arquitectura: _2_3_3_1_
Semilla: 1788087174
Segundos: 94
NIteraciones: 100000

Costo_train: 0.183735
Precision_train: 0.770833
Recall_train: 0.342593
F1_train: 0.474359

Costo_test: 0.183678
Precision_test: 0.661290
Recall_test: 0.325397
F1_test: 0.436170
 

Arquitectura: _2_3_3_1_
Semilla: 1788087174
Segundos: 94
NIteraciones: 100000

Costo_train: 0.186824
Precision_train: 0.704724
Recall_train: 0.331481
F1_train: 0.450882

Costo_test: 0.194043
Precision_test: 0.618182
Recall_test: 0.269841
F1_test: 0.375691
 

Arquitectura: _2_3_3_1_
Semilla: 1788087174
Segundos: 94
NIteraciones: 100000

Costo_train: 0.188314
Precision_train: 0.738956
Recall_train: 0.340741
F1_train: 0.466413

Costo_test: 0.186860
Precision_test: 0.630769
Recall_test: 0.325397
F1_test: 0.429319
 

Arquitectura: _2_3_3_1_
Semilla: 1788087174
Segundos: 94
NIteraciones: 100000

Costo_train: 0.223549
Precision_train: -nan(ind)
Recall_train: 0.000000
F1_train: -nan(ind)

Costo_test: 0.216028
Precision_test: -nan(ind)
Recall_test: 0.000000
F1_test: -nan(ind)
 

Arquitectura: _2_3_3_1_
Semilla: 1788087174
Segundos: 94
NIteraciones: 100000

Costo_train: 0.189426
Precision_train: 0.736000
Recall_train: 0.340741
F1_train: 0.465823

Costo_test: 0.187447
Precision_test: 0.646154
Recall_test: 0.333333
F1_test: 0.439791
 

Arquitectura: _2_3_3_1_
Semilla: 1788087174
Segundos: 94
NIteraciones: 100000

Costo_train: 0.182796
Precision_train: 0.745968
Recall_train: 0.342593
F1_train: 0.469543

Costo_test: 0.182205
Precision_test: 0.650794
Recall_test: 0.325397
F1_test: 0.433862
 

Arquitectura: _2_3_3_1_
Semilla: 1788087174
Segundos: 94
NIteraciones: 100000

Costo_train: 0.207757
Precision_train: 0.416667
Recall_train: 0.009259
F1_train: 0.018116

Costo_test: 0.200286
Precision_test: 1.000000
Recall_test: 0.031746
F1_test: 0.061538
 

Arquitectura: _2_3_3_1_
Semilla: 1788087174
Segundos: 94
NIteraciones: 100000

Costo_train: 0.187357
Precision_train: 0.756522
Recall_train: 0.322222
F1_train: 0.451948

Costo_test: 0.180117
Precision_test: 0.724138
Recall_test: 0.333333
F1_test: 0.456522
 

Arquitectura: _2_3_3_1_
Semilla: 1788087174
Segundos: 94
NIteraciones: 100000

Costo_train: 0.181321
Precision_train: 0.793722
Recall_train: 0.327778
F1_train: 0.463958

Costo_test: 0.178717
Precision_test: 0.694915
Recall_test: 0.325397
F1_test: 0.443243
 

Arquitectura: _2_3_3_1_
Semilla: 1788087174
Segundos: 94
NIteraciones: 100000

Costo_train: 0.181871
Precision_train: 0.775862
Recall_train: 0.333333
F1_train: 0.466321

Costo_test: 0.182447
Precision_test: 0.694915
Recall_test: 0.325397
F1_test: 0.443243
 

Arquitectura: _2_3_3_1_
Semilla: 1788087174
Segundos: 94
NIteraciones: 100000

Costo_train: 0.187881
Precision_train: 0.506098
Recall_train: 0.307407
F1_train: 0.382488

Costo_test: 0.185683
Precision_test: 0.500000
Recall_test: 0.269841
F1_test: 0.350515
 

Arquitectura: _2_3_3_1_
Semilla: 1788087174
Segundos: 94
NIteraciones: 100000

Costo_train: 0.185105
Precision_train: 0.716599
Recall_train: 0.327778
F1_train: 0.449809

Costo_test: 0.192608
Precision_test: 0.607143
Recall_test: 0.269841
F1_test: 0.373626
 

Arquitectura: _2_3_3_1_
Semilla: 1788087174
Segundos: 94
NIteraciones: 100000

Costo_train: 0.190362
Precision_train: 0.771186
Recall_train: 0.337037
F1_train: 0.469072

Costo_test: 0.187365
Precision_test: 0.719298
Recall_test: 0.325397
F1_test: 0.448087
 

Arquitectura: _2_3_3_1_
Semilla: 1788087174
Segundos: 94
NIteraciones: 100000

Costo_train: 0.223165
Precision_train: -nan(ind)
Recall_train: 0.000000
F1_train: -nan(ind)

Costo_test: 0.215685
Precision_test: -nan(ind)
Recall_test: 0.000000
F1_test: -nan(ind)
 

Arquitectura: _2_3_3_1_
Semilla: 1788087174
Segundos: 94
NIteraciones: 100000

Costo_train: 0.220357
Precision_train: -nan(ind)
Recall_train: 0.000000
F1_train: -nan(ind)

Costo_test: 0.212783
Precision_test: -nan(ind)
Recall_test: 0.000000
F1_test: -nan(ind)
 

Arquitectura: _2_3_3_1_
Semilla: 1788087174
Segundos: 94
NIteraciones: 100000

Costo_train: 0.194350
Precision_train: 0.830986
Recall_train: 0.327778
F1_train: 0.470120

Costo_test: 0.188943
Precision_test: 0.745455
Recall_test: 0.325397
F1_test: 0.453039
 

Arquitectura: _2_3_3_1_
Semilla: 1788087174
Segundos: 94
NIteraciones: 100000

Costo_train: 0.186515
Precision_train: 0.744939
Recall_train: 0.340741
F1_train: 0.467598

Costo_test: 0.186309
Precision_test: 0.661290
Recall_test: 0.325397
F1_test: 0.436170
 

Arquitectura: _2_3_3_1_
Semilla: 1788087174
Segundos: 94
NIteraciones: 100000

Costo_train: 0.164598
Precision_train: 0.956284
Recall_train: 0.324074
F1_train: 0.484094

Costo_test: 0.164172
Precision_test: 0.928571
Recall_test: 0.309524
F1_test: 0.464286
 

Arquitectura: _2_3_3_1_
Semilla: 1788087174
Segundos: 94
NIteraciones: 100000

Costo_train: 0.223488
Precision_train: -nan(ind)
Recall_train: 0.000000
F1_train: -nan(ind)

Costo_test: 0.216066
Precision_test: -nan(ind)
Recall_test: 0.000000
F1_test: -nan(ind)
 

Arquitectura: _2_3_3_1_
Semilla: 1788087174
Segundos: 94
NIteraciones: 100000

Costo_train: 0.186270
Precision_train: 0.752066
Recall_train: 0.337037
F1_train: 0.465473

Costo_test: 0.186551
Precision_test: 0.640625
Recall_test: 0.325397
F1_test: 0.431579
 

Arquitectura: _2_3_3_1_
Semilla: 1788087174
Segundos: 94
NIteraciones: 100000

Costo_train: 0.186538
Precision_train: 0.746988
Recall_train: 0.344444
F1_train: 0.471483

Costo_test: 0.185369
Precision_test: 0.650794
Recall_test: 0.325397
F1_test: 0.433862
 

Arquitectura: _2_3_3_1_
Semilla: 1788087174
Segundos: 94
NIteraciones: 100000

Costo_train: 0.215817
Precision_train: -nan(ind)
Recall_train: 0.000000
F1_train: -nan(ind)

Costo_test: 0.213360
Precision_test: -nan(ind)
Recall_test: 0.000000
F1_test: -nan(ind)
 

Arquitectura: _2_3_3_1_
Semilla: 1788087174
Segundos: 94
NIteraciones: 100000

Costo_train: 0.222482
Precision_train: -nan(ind)
Recall_train: 0.000000
F1_train: -nan(ind)

Costo_test: 0.214975
Precision_test: -nan(ind)
Recall_test: 0.000000
F1_test: -nan(ind)
 

Arquitectura: _2_3_3_1_
Semilla: 1788087174
Segundos: 94
NIteraciones: 100000

Costo_train: 0.214395
Precision_train: -nan(ind)
Recall_train: 0.000000
F1_train: -nan(ind)

Costo_test: 0.214388
Precision_test: -nan(ind)
Recall_test: 0.000000
F1_test: -nan(ind)
 

Arquitectura: _2_3_3_1_
Semilla: 1788087174
Segundos: 94
NIteraciones: 100000

Costo_train: 0.174314
Precision_train: 0.787330
Recall_train: 0.322222
F1_train: 0.457293

Costo_test: 0.174194
Precision_test: 0.732143
Recall_test: 0.325397
F1_test: 0.450549
 

Arquitectura: _2_3_3_1_
Semilla: 1788087174
Segundos: 94
NIteraciones: 100000

Costo_train: 0.177751
Precision_train: 0.767123
Recall_train: 0.414815
F1_train: 0.538462

Costo_test: 0.179513
Precision_test: 0.689189
Recall_test: 0.404762
F1_test: 0.510000
 

Arquitectura: _2_3_3_1_
Semilla: 1788087174
Segundos: 94
NIteraciones: 100000

Costo_train: 0.161148
Precision_train: 0.965909
Recall_train: 0.314815
F1_train: 0.474860

Costo_test: 0.160267
Precision_test: 0.947368
Recall_test: 0.285714
F1_test: 0.439024
 

Arquitectura: _2_3_3_1_
Semilla: 1788087174
Segundos: 94
NIteraciones: 100000

Costo_train: 0.173009
Precision_train: 0.773077
Recall_train: 0.372222
F1_train: 0.502500

Costo_test: 0.172782
Precision_test: 0.687500
Recall_test: 0.349206
F1_test: 0.463158
 

Arquitectura: _2_3_3_1_
Semilla: 1788087174
Segundos: 94
NIteraciones: 100000

Costo_train: 0.220689
Precision_train: -nan(ind)
Recall_train: 0.000000
F1_train: -nan(ind)

Costo_test: 0.214240
Precision_test: -nan(ind)
Recall_test: 0.000000
F1_test: -nan(ind)
 

Arquitectura: _2_3_3_1_
Semilla: 1788087174
Segundos: 94
NIteraciones: 100000

Costo_train: 0.176950
Precision_train: 0.873786
Recall_train: 0.333333
F1_train: 0.482574

Costo_test: 0.171919
Precision_test: 0.843137
Recall_test: 0.341270
F1_test: 0.485876
 

Arquitectura: _2_3_3_1_
Semilla: 1788087174
Segundos: 94
NIteraciones: 100000

Costo_train: 0.212856
Precision_train: -nan(ind)
Recall_train: 0.000000
F1_train: -nan(ind)

Costo_test: 0.213985
Precision_test: -nan(ind)
Recall_test: 0.000000
F1_test: -nan(ind)
 

Arquitectura: _2_3_3_1_
Semilla: 1788087174
Segundos: 94
NIteraciones: 100000

Costo_train: 0.193191
Precision_train: 0.734440
Recall_train: 0.327778
F1_train: 0.453265

Costo_test: 0.187422
Precision_test: 0.732143
Recall_test: 0.325397
F1_test: 0.450549
 

Arquitectura: _2_3_3_1_
Semilla: 1788087174
Segundos: 94
NIteraciones: 100000

Costo_train: 0.164706
Precision_train: 0.914438
Recall_train: 0.316667
F1_train: 0.470426

Costo_test: 0.164841
Precision_test: 0.836735
Recall_test: 0.325397
F1_test: 0.468571
 

Arquitectura: _2_3_3_1_
Semilla: 1788087174
Segundos: 94
NIteraciones: 100000

Costo_train: 0.202293
Precision_train: 0.746193
Recall_train: 0.272222
F1_train: 0.398915

Costo_test: 0.196384
Precision_test: 0.672727
Recall_test: 0.293651
F1_test: 0.408840
 

Arquitectura: _2_3_3_1_
Semilla: 1788087174
Segundos: 94
NIteraciones: 100000

Costo_train: 0.201789
Precision_train: 0.738916
Recall_train: 0.277778
F1_train: 0.403769

Costo_test: 0.196410
Precision_test: 0.684211
Recall_test: 0.309524
F1_test: 0.426230
 

Arquitectura: _2_3_3_1_
Semilla: 1788087174
Segundos: 94
NIteraciones: 100000

Costo_train: 0.180146
Precision_train: 0.811060
Recall_train: 0.325926
F1_train: 0.464993

Costo_test: 0.177822
Precision_test: 0.732143
Recall_test: 0.325397
F1_test: 0.450549
 

Arquitectura: _2_3_3_1_
Semilla: 1788087174
Segundos: 94
NIteraciones: 100000

Costo_train: 0.214266
Precision_train: -nan(ind)
Recall_train: 0.000000
F1_train: -nan(ind)

Costo_test: 0.215688
Precision_test: -nan(ind)
Recall_test: 0.000000
F1_test: -nan(ind)
 

Arquitectura: _2_3_3_1_
Semilla: 1788087174
Segundos: 94
NIteraciones: 100000

Costo_train: 0.187090
Precision_train: 0.748971
Recall_train: 0.337037
F1_train: 0.464879

Costo_test: 0.187202
Precision_test: 0.650794
Recall_test: 0.325397
F1_test: 0.433862
 

Arquitectura: _2_3_3_1_
Semilla: 1788087174
Segundos: 94
NIteraciones: 100000

Costo_train: 0.186524
Precision_train: 0.745020
Recall_train: 0.346296
F1_train: 0.472819

Costo_test: 0.186056
Precision_test: 0.650794
Recall_test: 0.325397
F1_test: 0.433862
 

Arquitectura: _2_3_3_1_
Semilla: 1788087174
Segundos: 94
NIteraciones: 100000

Costo_train: 0.183774
Precision_train: 0.761317
Recall_train: 0.342593
F1_train: 0.472541

Costo_test: 0.184524
Precision_test: 0.650794
Recall_test: 0.325397
F1_test: 0.433862
 

Arquitectura: _2_3_3_1_
Semilla: 1788087174
Segundos: 94
NIteraciones: 100000

Costo_train: 0.186956
Precision_train: 0.752066
Recall_train: 0.337037
F1_train: 0.465473

Costo_test: 0.186358
Precision_test: 0.630769
Recall_test: 0.325397
F1_test: 0.429319
 

Arquitectura: _2_3_3_1_
Semilla: 1788087174
Segundos: 94
NIteraciones: 100000

Costo_train: 0.216008
Precision_train: -nan(ind)
Recall_train: 0.000000
F1_train: -nan(ind)

Costo_test: 0.210168
Precision_test: -nan(ind)
Recall_test: 0.000000
F1_test: -nan(ind)
 

Arquitectura: _2_3_3_1_
Semilla: 1788087174
Segundos: 94
NIteraciones: 100000

Costo_train: 0.192329
Precision_train: 0.730924
Recall_train: 0.337037
F1_train: 0.461343

Costo_test: 0.188637
Precision_test: 0.661538
Recall_test: 0.341270
F1_test: 0.450262
 

Arquitectura: _2_3_3_1_
Semilla: 1788087174
Segundos: 94
NIteraciones: 100000

Costo_train: 0.206440
Precision_train: 0.733333
Recall_train: 0.061111
F1_train: 0.112821

Costo_test: 0.203231
Precision_test: 0.833333
Recall_test: 0.079365
F1_test: 0.144928
 

Arquitectura: _2_3_3_1_
Semilla: 1788087174
Segundos: 94
NIteraciones: 100000

Costo_train: 0.173264
Precision_train: 0.532594
Recall_train: 0.711111
F1_train: 0.609040

Costo_test: 0.173167
Precision_test: 0.468085
Recall_test: 0.698413
F1_test: 0.560510
 

Arquitectura: _2_3_3_1_
Semilla: 1788087174
Segundos: 94
NIteraciones: 100000

Costo_train: 0.182760
Precision_train: 0.759336
Recall_train: 0.338889
F1_train: 0.468630

Costo_test: 0.183220
Precision_test: 0.672131
Recall_test: 0.325397
F1_test: 0.438503
 

Arquitectura: _2_3_3_1_
Semilla: 1788087174
Segundos: 94
NIteraciones: 100000

Costo_train: 0.183046
Precision_train: 0.758197
Recall_train: 0.342593
F1_train: 0.471939

Costo_test: 0.182839
Precision_test: 0.661290
Recall_test: 0.325397
F1_test: 0.436170
 

Arquitectura: _2_3_3_1_
Semilla: 1788087174
Segundos: 94
NIteraciones: 100000

Costo_train: 0.183670
Precision_train: 0.752066
Recall_train: 0.337037
F1_train: 0.465473

Costo_test: 0.185372
Precision_test: 0.661290
Recall_test: 0.325397
F1_test: 0.436170
 

Arquitectura: _2_3_3_1_
Semilla: 1788087174
Segundos: 94
NIteraciones: 100000

Costo_train: 0.186312
Precision_train: 0.707510
Recall_train: 0.331481
F1_train: 0.451450

Costo_test: 0.193677
Precision_test: 0.618182
Recall_test: 0.269841
F1_test: 0.375691
 

Arquitectura: _2_3_3_1_
Semilla: 1788087174
Segundos: 94
NIteraciones: 100000

Costo_train: 0.213171
Precision_train: -nan(ind)
Recall_train: 0.000000
F1_train: -nan(ind)

Costo_test: 0.203178
Precision_test: -nan(ind)
Recall_test: 0.000000
F1_test: -nan(ind)
 

Arquitectura: _2_3_3_1_
Semilla: 1788087174
Segundos: 94
NIteraciones: 100000

Costo_train: 0.185259
Precision_train: 0.712000
Recall_train: 0.329630
F1_train: 0.450633

Costo_test: 0.192907
Precision_test: 0.611111
Recall_test: 0.261905
F1_test: 0.366667
 

Arquitectura: _2_3_3_1_
Semilla: 1788087174
Segundos: 94
NIteraciones: 100000

Costo_train: 0.204496
Precision_train: 0.692308
Recall_train: 0.183333
F1_train: 0.289898

Costo_test: 0.197837
Precision_test: 0.608696
Recall_test: 0.222222
F1_test: 0.325581
 

Arquitectura: _2_3_3_1_
Semilla: 1788087174
Segundos: 94
NIteraciones: 100000

Costo_train: 0.184618
Precision_train: 0.755102
Recall_train: 0.342593
F1_train: 0.471338

Costo_test: 0.185450
Precision_test: 0.650794
Recall_test: 0.325397
F1_test: 0.433862
 

Arquitectura: _2_3_3_1_
Semilla: 1788087174
Segundos: 94
NIteraciones: 100000

Costo_train: 0.181798
Precision_train: 0.766949
Recall_train: 0.335185
F1_train: 0.466495

Costo_test: 0.181230
Precision_test: 0.677966
Recall_test: 0.317460
F1_test: 0.432432
 

Arquitectura: _2_3_3_1_
Semilla: 1788087174
Segundos: 94
NIteraciones: 100000

Costo_train: 0.188432
Precision_train: 0.741935
Recall_train: 0.340741
F1_train: 0.467005

Costo_test: 0.186940
Precision_test: 0.636364
Recall_test: 0.333333
F1_test: 0.437500
 

Arquitectura: _2_3_3_1_
Semilla: 1788087174
Segundos: 94
NIteraciones: 100000

Costo_train: 0.184747
Precision_train: 0.719512
Recall_train: 0.327778
F1_train: 0.450382

Costo_test: 0.184004
Precision_test: 0.640625
Recall_test: 0.325397
F1_test: 0.431579
 

Arquitectura: _2_3_3_1_
Semilla: 1788087174
Segundos: 94
NIteraciones: 100000

Costo_train: 0.167231
Precision_train: 0.928205
Recall_train: 0.335185
F1_train: 0.492517

Costo_test: 0.162297
Precision_test: 0.877551
Recall_test: 0.341270
F1_test: 0.491429
 

Arquitectura: _2_3_3_1_
Semilla: 1788087174
Segundos: 94
NIteraciones: 100000

Costo_train: 0.183559
Precision_train: 0.767635
Recall_train: 0.342593
F1_train: 0.473752

Costo_test: 0.183832
Precision_test: 0.661290
Recall_test: 0.325397
F1_test: 0.436170
 

Arquitectura: _2_3_3_1_
Semilla: 1788087174
Segundos: 94
NIteraciones: 100000

Costo_train: 0.180827
Precision_train: 0.811060
Recall_train: 0.325926
F1_train: 0.464993

Costo_test: 0.182108
Precision_test: 0.719298
Recall_test: 0.325397
F1_test: 0.448087
 

Arquitectura: _2_3_3_1_
Semilla: 1788087174
Segundos: 94
NIteraciones: 100000

Costo_train: 0.218332
Precision_train: -nan(ind)
Recall_train: 0.000000
F1_train: -nan(ind)

Costo_test: 0.209492
Precision_test: -nan(ind)
Recall_test: 0.000000
F1_test: -nan(ind)
 

Arquitectura: _2_3_3_1_
Semilla: 1788087174
Segundos: 94
NIteraciones: 100000

Costo_train: 0.184569
Precision_train: 0.708000
Recall_train: 0.327778
F1_train: 0.448101

Costo_test: 0.192354
Precision_test: 0.618182
Recall_test: 0.269841
F1_test: 0.375691
 

Arquitectura: _2_3_3_1_
Semilla: 1788087174
Segundos: 94
NIteraciones: 100000

Costo_train: 0.223668
Precision_train: -nan(ind)
Recall_train: 0.000000
F1_train: -nan(ind)

Costo_test: 0.216129
Precision_test: -nan(ind)
Recall_test: 0.000000
F1_test: -nan(ind)
 


--- Test Angosta 3.0 ---
Iteración 10000
Costo: 0.222387
Iteración 20000
Costo: 0.210689
Iteración 30000
Costo: 0.184255
Iteración 40000
Costo: 0.157637
Iteración 50000
Costo: 0.128464
Iteración 60000
Costo: 0.061375
Iteración 70000
Costo: 0.034222
Iteración 80000
Costo: 0.023630
Iteración 90000
Costo: 0.017928

Arquitectura: _2_9_1_
Semilla: 1788087268
Segundos: 51
NIteraciones: 100000

Costo_train: 0.013721
Precision_train: 0.996310
Recall_train: 1.000000
F1_train: 0.998152

Costo_test: 0.013247
Precision_test: 0.984375
Recall_test: 1.000000
F1_test: 0.992126
 

Arquitectura: _2_9_1_
Semilla: 1788087268
Segundos: 51
NIteraciones: 100000

Costo_train: 0.016508
Precision_train: 0.988991
Recall_train: 0.998148
F1_train: 0.993548

Costo_test: 0.016772
Precision_test: 0.976744
Recall_test: 1.000000
F1_test: 0.988235
 

Arquitectura: _2_9_1_
Semilla: 1788087268
Segundos: 51
NIteraciones: 100000

Costo_train: 0.016080
Precision_train: 0.988991
Recall_train: 0.998148
F1_train: 0.993548

Costo_test: 0.016787
Precision_test: 0.976744
Recall_test: 1.000000
F1_test: 0.988235
 

Arquitectura: _2_9_1_
Semilla: 1788087268
Segundos: 51
NIteraciones: 100000

Costo_train: 0.014108
Precision_train: 0.992647
Recall_train: 1.000000
F1_train: 0.996310

Costo_test: 0.013384
Precision_test: 0.984375
Recall_test: 1.000000
F1_test: 0.992126
 

Arquitectura: _2_9_1_
Semilla: 1788087268
Segundos: 51
NIteraciones: 100000

Costo_train: 0.018316
Precision_train: 0.990826
Recall_train: 1.000000
F1_train: 0.995392

Costo_test: 0.017986
Precision_test: 0.976744
Recall_test: 1.000000
F1_test: 0.988235
 

Arquitectura: _2_9_1_
Semilla: 1788087268
Segundos: 51
NIteraciones: 100000

Costo_train: 0.023581
Precision_train: 0.987203
Recall_train: 1.000000
F1_train: 0.993560

Costo_test: 0.025651
Precision_test: 0.992126
Recall_test: 1.000000
F1_test: 0.996047
 

Arquitectura: _2_9_1_
Semilla: 1788087268
Segundos: 51
NIteraciones: 100000

Costo_train: 0.022183
Precision_train: 0.987156
Recall_train: 0.996296
F1_train: 0.991705

Costo_test: 0.020885
Precision_test: 0.969231
Recall_test: 1.000000
F1_test: 0.984375
 

Arquitectura: _2_9_1_
Semilla: 1788087268
Segundos: 51
NIteraciones: 100000

Costo_train: 0.017002
Precision_train: 0.988991
Recall_train: 0.998148
F1_train: 0.993548

Costo_test: 0.016262
Precision_test: 0.984375
Recall_test: 1.000000
F1_test: 0.992126
 

Arquitectura: _2_9_1_
Semilla: 1788087268
Segundos: 51
NIteraciones: 100000

Costo_train: 0.017677
Precision_train: 0.987179
Recall_train: 0.998148
F1_train: 0.992633

Costo_test: 0.017548
Precision_test: 0.976744
Recall_test: 1.000000
F1_test: 0.988235
 

Arquitectura: _2_9_1_
Semilla: 1788087268
Segundos: 51
NIteraciones: 100000

Costo_train: 0.014470
Precision_train: 0.988991
Recall_train: 0.998148
F1_train: 0.993548

Costo_test: 0.014839
Precision_test: 0.976744
Recall_test: 1.000000
F1_test: 0.988235
 

Arquitectura: _2_9_1_
Semilla: 1788087268
Segundos: 51
NIteraciones: 100000

Costo_train: 0.014329
Precision_train: 0.992647
Recall_train: 1.000000
F1_train: 0.996310

Costo_test: 0.013901
Precision_test: 0.984375
Recall_test: 1.000000
F1_test: 0.992126
 

Arquitectura: _2_9_1_
Semilla: 1788087268
Segundos: 51
NIteraciones: 100000

Costo_train: 0.017091
Precision_train: 0.992647
Recall_train: 1.000000
F1_train: 0.996310

Costo_test: 0.018552
Precision_test: 0.992126
Recall_test: 1.000000
F1_test: 0.996047
 

Arquitectura: _2_9_1_
Semilla: 1788087268
Segundos: 51
NIteraciones: 100000

Costo_train: 0.019432
Precision_train: 0.996310
Recall_train: 1.000000
F1_train: 0.998152

Costo_test: 0.020909
Precision_test: 0.976744
Recall_test: 1.000000
F1_test: 0.988235
 

Arquitectura: _2_9_1_
Semilla: 1788087268
Segundos: 51
NIteraciones: 100000

Costo_train: 0.027452
Precision_train: 0.976449
Recall_train: 0.998148
F1_train: 0.987179

Costo_test: 0.027389
Precision_test: 0.976562
Recall_test: 0.992063
F1_test: 0.984252
 

Arquitectura: _2_9_1_
Semilla: 1788087268
Segundos: 51
NIteraciones: 100000

Costo_train: 0.021169
Precision_train: 0.980000
Recall_train: 0.998148
F1_train: 0.988991

Costo_test: 0.023250
Precision_test: 0.992126
Recall_test: 1.000000
F1_test: 0.996047
 

Arquitectura: _2_9_1_
Semilla: 1788087268
Segundos: 51
NIteraciones: 100000

Costo_train: 0.054672
Precision_train: 0.973635
Recall_train: 0.957407
F1_train: 0.965453

Costo_test: 0.055439
Precision_test: 0.975410
Recall_test: 0.944444
F1_test: 0.959677
 

Arquitectura: _2_9_1_
Semilla: 1788087268
Segundos: 51
NIteraciones: 100000

Costo_train: 0.022535
Precision_train: 0.981752
Recall_train: 0.996296
F1_train: 0.988971

Costo_test: 0.022129
Precision_test: 0.961240
Recall_test: 0.984127
F1_test: 0.972549
 

Arquitectura: _2_9_1_
Semilla: 1788087268
Segundos: 51
NIteraciones: 100000

Costo_train: 0.024292
Precision_train: 0.978182
Recall_train: 0.996296
F1_train: 0.987156

Costo_test: 0.022217
Precision_test: 0.961832
Recall_test: 1.000000
F1_test: 0.980545
 

Arquitectura: _2_9_1_
Semilla: 1788087268
Segundos: 51
NIteraciones: 100000

Costo_train: 0.012739
Precision_train: 0.992647
Recall_train: 1.000000
F1_train: 0.996310

Costo_test: 0.013054
Precision_test: 0.992126
Recall_test: 1.000000
F1_test: 0.996047
 

Arquitectura: _2_9_1_
Semilla: 1788087268
Segundos: 51
NIteraciones: 100000

Costo_train: 0.018908
Precision_train: 0.988991
Recall_train: 0.998148
F1_train: 0.993548

Costo_test: 0.017927
Precision_test: 0.976744
Recall_test: 1.000000
F1_test: 0.988235
 

Arquitectura: _2_9_1_
Semilla: 1788087268
Segundos: 51
NIteraciones: 100000

Costo_train: 0.014153
Precision_train: 0.994475
Recall_train: 1.000000
F1_train: 0.997230

Costo_test: 0.013835
Precision_test: 0.984375
Recall_test: 1.000000
F1_test: 0.992126
 

Arquitectura: _2_9_1_
Semilla: 1788087268
Segundos: 51
NIteraciones: 100000

Costo_train: 0.020599
Precision_train: 0.987179
Recall_train: 0.998148
F1_train: 0.992633

Costo_test: 0.020409
Precision_test: 0.976744
Recall_test: 1.000000
F1_test: 0.988235
 

Arquitectura: _2_9_1_
Semilla: 1788087268
Segundos: 51
NIteraciones: 100000

Costo_train: 0.020353
Precision_train: 0.990809
Recall_train: 0.998148
F1_train: 0.994465

Costo_test: 0.018735
Precision_test: 1.000000
Recall_test: 1.000000
F1_test: 1.000000
 

Arquitectura: _2_9_1_
Semilla: 1788087268
Segundos: 51
NIteraciones: 100000

Costo_train: 0.018972
Precision_train: 0.988971
Recall_train: 0.996296
F1_train: 0.992620

Costo_test: 0.017412
Precision_test: 0.976744
Recall_test: 1.000000
F1_test: 0.988235
 

Arquitectura: _2_9_1_
Semilla: 1788087268
Segundos: 51
NIteraciones: 100000

Costo_train: 0.016874
Precision_train: 0.998152
Recall_train: 1.000000
F1_train: 0.999075

Costo_test: 0.016249
Precision_test: 0.992063
Recall_test: 0.992063
F1_test: 0.992063
 

Arquitectura: _2_9_1_
Semilla: 1788087268
Segundos: 51
NIteraciones: 100000

Costo_train: 0.021860
Precision_train: 0.990809
Recall_train: 0.998148
F1_train: 0.994465

Costo_test: 0.021760
Precision_test: 0.969231
Recall_test: 1.000000
F1_test: 0.984375
 

Arquitectura: _2_9_1_
Semilla: 1788087268
Segundos: 51
NIteraciones: 100000

Costo_train: 0.012660
Precision_train: 0.998152
Recall_train: 1.000000
F1_train: 0.999075

Costo_test: 0.012291
Precision_test: 0.976744
Recall_test: 1.000000
F1_test: 0.988235
 

Arquitectura: _2_9_1_
Semilla: 1788087268
Segundos: 51
NIteraciones: 100000

Costo_train: 0.020354
Precision_train: 0.976449
Recall_train: 0.998148
F1_train: 0.987179

Costo_test: 0.020875
Precision_test: 0.984375
Recall_test: 1.000000
F1_test: 0.992126
 

Arquitectura: _2_9_1_
Semilla: 1788087268
Segundos: 51
NIteraciones: 100000

Costo_train: 0.026042
Precision_train: 0.978261
Recall_train: 1.000000
F1_train: 0.989011

Costo_test: 0.025839
Precision_test: 0.984375
Recall_test: 1.000000
F1_test: 0.992126
 

Arquitectura: _2_9_1_
Semilla: 1788087268
Segundos: 51
NIteraciones: 100000

Costo_train: 0.023615
Precision_train: 0.983577
Recall_train: 0.998148
F1_train: 0.990809

Costo_test: 0.024381
Precision_test: 0.992126
Recall_test: 1.000000
F1_test: 0.996047
 

Arquitectura: _2_9_1_
Semilla: 1788087268
Segundos: 51
NIteraciones: 100000

Costo_train: 0.030022
Precision_train: 0.961818
Recall_train: 0.979630
F1_train: 0.970642

Costo_test: 0.030440
Precision_test: 0.945736
Recall_test: 0.968254
F1_test: 0.956863
 

Arquitectura: _2_9_1_
Semilla: 1788087268
Segundos: 51
NIteraciones: 100000

Costo_train: 0.023273
Precision_train: 0.990809
Recall_train: 0.998148
F1_train: 0.994465

Costo_test: 0.026185
Precision_test: 0.992063
Recall_test: 0.992063
F1_test: 0.992063
 

Arquitectura: _2_9_1_
Semilla: 1788087268
Segundos: 51
NIteraciones: 100000

Costo_train: 0.022726
Precision_train: 0.994475
Recall_train: 1.000000
F1_train: 0.997230

Costo_test: 0.024100
Precision_test: 0.976744
Recall_test: 1.000000
F1_test: 0.988235
 

Arquitectura: _2_9_1_
Semilla: 1788087268
Segundos: 51
NIteraciones: 100000

Costo_train: 0.015700
Precision_train: 0.992634
Recall_train: 0.998148
F1_train: 0.995383

Costo_test: 0.015590
Precision_test: 0.976744
Recall_test: 1.000000
F1_test: 0.988235
 

Arquitectura: _2_9_1_
Semilla: 1788087268
Segundos: 51
NIteraciones: 100000

Costo_train: 0.017317
Precision_train: 0.983577
Recall_train: 0.998148
F1_train: 0.990809

Costo_test: 0.016059
Precision_test: 0.984375
Recall_test: 1.000000
F1_test: 0.992126
 

Arquitectura: _2_9_1_
Semilla: 1788087268
Segundos: 51
NIteraciones: 100000

Costo_train: 0.027057
Precision_train: 0.987132
Recall_train: 0.994444
F1_train: 0.990775

Costo_test: 0.025447
Precision_test: 0.961832
Recall_test: 1.000000
F1_test: 0.980545
 

Arquitectura: _2_9_1_
Semilla: 1788087268
Segundos: 51
NIteraciones: 100000

Costo_train: 0.028943
Precision_train: 0.967742
Recall_train: 1.000000
F1_train: 0.983607

Costo_test: 0.030932
Precision_test: 0.954545
Recall_test: 1.000000
F1_test: 0.976744
 

Arquitectura: _2_9_1_
Semilla: 1788087268
Segundos: 51
NIteraciones: 100000

Costo_train: 0.031531
Precision_train: 0.972924
Recall_train: 0.998148
F1_train: 0.985375

Costo_test: 0.032290
Precision_test: 0.969231
Recall_test: 1.000000
F1_test: 0.984375
 

Arquitectura: _2_9_1_
Semilla: 1788087268
Segundos: 51
NIteraciones: 100000

Costo_train: 0.015335
Precision_train: 0.992647
Recall_train: 1.000000
F1_train: 0.996310

Costo_test: 0.015415
Precision_test: 0.984375
Recall_test: 1.000000
F1_test: 0.992126
 

Arquitectura: _2_9_1_
Semilla: 1788087268
Segundos: 51
NIteraciones: 100000

Costo_train: 0.015453
Precision_train: 0.994465
Recall_train: 0.998148
F1_train: 0.996303

Costo_test: 0.015026
Precision_test: 0.984375
Recall_test: 1.000000
F1_test: 0.992126
 

Arquitectura: _2_9_1_
Semilla: 1788087268
Segundos: 51
NIteraciones: 100000

Costo_train: 0.018919
Precision_train: 0.987179
Recall_train: 0.998148
F1_train: 0.992633

Costo_test: 0.019233
Precision_test: 0.969231
Recall_test: 1.000000
F1_test: 0.984375
 

Arquitectura: _2_9_1_
Semilla: 1788087268
Segundos: 51
NIteraciones: 100000

Costo_train: 0.011731
Precision_train: 0.996310
Recall_train: 1.000000
F1_train: 0.998152

Costo_test: 0.013441
Precision_test: 0.976744
Recall_test: 1.000000
F1_test: 0.988235
 

Arquitectura: _2_9_1_
Semilla: 1788087268
Segundos: 51
NIteraciones: 100000

Costo_train: 0.016148
Precision_train: 0.988991
Recall_train: 0.998148
F1_train: 0.993548

Costo_test: 0.017215
Precision_test: 0.969231
Recall_test: 1.000000
F1_test: 0.984375
 

Arquitectura: _2_9_1_
Semilla: 1788087268
Segundos: 51
NIteraciones: 100000

Costo_train: 0.033384
Precision_train: 0.977055
Recall_train: 0.946296
F1_train: 0.961430

Costo_test: 0.028431
Precision_test: 0.960630
Recall_test: 0.968254
F1_test: 0.964427
 

Arquitectura: _2_9_1_
Semilla: 1788087268
Segundos: 51
NIteraciones: 100000

Costo_train: 0.025019
Precision_train: 0.978221
Recall_train: 0.998148
F1_train: 0.988084

Costo_test: 0.025124
Precision_test: 0.984375
Recall_test: 1.000000
F1_test: 0.992126
 

Arquitectura: _2_9_1_
Semilla: 1788087268
Segundos: 51
NIteraciones: 100000

Costo_train: 0.020851
Precision_train: 0.990792
Recall_train: 0.996296
F1_train: 0.993536

Costo_test: 0.022062
Precision_test: 0.961832
Recall_test: 1.000000
F1_test: 0.980545
 

Arquitectura: _2_9_1_
Semilla: 1788087268
Segundos: 51
NIteraciones: 100000

Costo_train: 0.033213
Precision_train: 0.976407
Recall_train: 0.996296
F1_train: 0.986251

Costo_test: 0.033648
Precision_test: 0.984375
Recall_test: 1.000000
F1_test: 0.992126
 

Arquitectura: _2_9_1_
Semilla: 1788087268
Segundos: 51
NIteraciones: 100000

Costo_train: 0.017396
Precision_train: 0.985375
Recall_train: 0.998148
F1_train: 0.991720

Costo_test: 0.017425
Precision_test: 0.976378
Recall_test: 0.984127
F1_test: 0.980237
 

Arquitectura: _2_9_1_
Semilla: 1788087268
Segundos: 51
NIteraciones: 100000

Costo_train: 0.014435
Precision_train: 0.994475
Recall_train: 1.000000
F1_train: 0.997230

Costo_test: 0.015061
Precision_test: 0.984375
Recall_test: 1.000000
F1_test: 0.992126
 

Arquitectura: _2_9_1_
Semilla: 1788087268
Segundos: 51
NIteraciones: 100000

Costo_train: 0.017551
Precision_train: 0.992647
Recall_train: 1.000000
F1_train: 0.996310

Costo_test: 0.018092
Precision_test: 0.984252
Recall_test: 0.992063
F1_test: 0.988142
 

Arquitectura: _2_9_1_
Semilla: 1788087268
Segundos: 51
NIteraciones: 100000

Costo_train: 0.019522
Precision_train: 0.983547
Recall_train: 0.996296
F1_train: 0.989880

Costo_test: 0.018207
Precision_test: 0.968750
Recall_test: 0.984127
F1_test: 0.976378
 

Arquitectura: _2_9_1_
Semilla: 1788087268
Segundos: 51
NIteraciones: 100000

Costo_train: 0.053273
Precision_train: 0.950000
Recall_train: 0.985185
F1_train: 0.967273

Costo_test: 0.054850
Precision_test: 0.960938
Recall_test: 0.976190
F1_test: 0.968504
 

Arquitectura: _2_9_1_
Semilla: 1788087268
Segundos: 51
NIteraciones: 100000

Costo_train: 0.043183
Precision_train: 0.990792
Recall_train: 0.996296
F1_train: 0.993536

Costo_test: 0.039307
Precision_test: 0.976744
Recall_test: 1.000000
F1_test: 0.988235
 

Arquitectura: _2_9_1_
Semilla: 1788087268
Segundos: 51
NIteraciones: 100000

Costo_train: 0.016803
Precision_train: 0.992647
Recall_train: 1.000000
F1_train: 0.996310

Costo_test: 0.016136
Precision_test: 0.992126
Recall_test: 1.000000
F1_test: 0.996047
 

Arquitectura: _2_9_1_
Semilla: 1788087268
Segundos: 51
NIteraciones: 100000

Costo_train: 0.013948
Precision_train: 0.994475
Recall_train: 1.000000
F1_train: 0.997230

Costo_test: 0.014661
Precision_test: 0.968992
Recall_test: 0.992063
F1_test: 0.980392
 

Arquitectura: _2_9_1_
Semilla: 1788087268
Segundos: 51
NIteraciones: 100000

Costo_train: 0.017611
Precision_train: 0.990826
Recall_train: 1.000000
F1_train: 0.995392

Costo_test: 0.019116
Precision_test: 0.984375
Recall_test: 1.000000
F1_test: 0.992126
 

Arquitectura: _2_9_1_
Semilla: 1788087268
Segundos: 51
NIteraciones: 100000

Costo_train: 0.017387
Precision_train: 0.988971
Recall_train: 0.996296
F1_train: 0.992620

Costo_test: 0.017030
Precision_test: 0.969231
Recall_test: 1.000000
F1_test: 0.984375
 

Arquitectura: _2_9_1_
Semilla: 1788087268
Segundos: 51
NIteraciones: 100000

Costo_train: 0.016249
Precision_train: 0.987179
Recall_train: 0.998148
F1_train: 0.992633

Costo_test: 0.016670
Precision_test: 0.984375
Recall_test: 1.000000
F1_test: 0.992126
 

Arquitectura: _2_9_1_
Semilla: 1788087268
Segundos: 51
NIteraciones: 100000

Costo_train: 0.015426
Precision_train: 0.990809
Recall_train: 0.998148
F1_train: 0.994465

Costo_test: 0.016829
Precision_test: 0.976744
Recall_test: 1.000000
F1_test: 0.988235
 

Arquitectura: _2_9_1_
Semilla: 1788087268
Segundos: 51
NIteraciones: 100000

Costo_train: 0.016405
Precision_train: 0.988991
Recall_train: 0.998148
F1_train: 0.993548

Costo_test: 0.015792
Precision_test: 0.976744
Recall_test: 1.000000
F1_test: 0.988235
 

Arquitectura: _2_9_1_
Semilla: 1788087268
Segundos: 51
NIteraciones: 100000

Costo_train: 0.021963
Precision_train: 0.983607
Recall_train: 1.000000
F1_train: 0.991736

Costo_test: 0.023090
Precision_test: 0.984375
Recall_test: 1.000000
F1_test: 0.992126
 

Arquitectura: _2_9_1_
Semilla: 1788087268
Segundos: 51
NIteraciones: 100000

Costo_train: 0.020705
Precision_train: 0.985375
Recall_train: 0.998148
F1_train: 0.991720

Costo_test: 0.019401
Precision_test: 0.969231
Recall_test: 1.000000
F1_test: 0.984375
 

Arquitectura: _2_9_1_
Semilla: 1788087268
Segundos: 51
NIteraciones: 100000

Costo_train: 0.018496
Precision_train: 0.988991
Recall_train: 0.998148
F1_train: 0.993548

Costo_test: 0.017878
Precision_test: 0.969231
Recall_test: 1.000000
F1_test: 0.984375
 

Arquitectura: _2_9_1_
Semilla: 1788087268
Segundos: 51
NIteraciones: 100000

Costo_train: 0.025852
Precision_train: 0.972924
Recall_train: 0.998148
F1_train: 0.985375

Costo_test: 0.025542
Precision_test: 0.984375
Recall_test: 1.000000
F1_test: 0.992126
 

Arquitectura: _2_9_1_
Semilla: 1788087268
Segundos: 51
NIteraciones: 100000

Costo_train: 0.014103
Precision_train: 0.996310
Recall_train: 1.000000
F1_train: 0.998152

Costo_test: 0.013872
Precision_test: 0.984375
Recall_test: 1.000000
F1_test: 0.992126
 

Arquitectura: _2_9_1_
Semilla: 1788087268
Segundos: 51
NIteraciones: 100000

Costo_train: 0.019615
Precision_train: 0.979964
Recall_train: 0.996296
F1_train: 0.988062

Costo_test: 0.018757
Precision_test: 0.968750
Recall_test: 0.984127
F1_test: 0.976378
 

Arquitectura: _2_9_1_
Semilla: 1788087268
Segundos: 51
NIteraciones: 100000

Costo_train: 0.016359
Precision_train: 0.988991
Recall_train: 0.998148
F1_train: 0.993548

Costo_test: 0.015490
Precision_test: 0.976744
Recall_test: 1.000000
F1_test: 0.988235
 

Arquitectura: _2_9_1_
Semilla: 1788087268
Segundos: 51
NIteraciones: 100000

Costo_train: 0.017885
Precision_train: 0.988991
Recall_train: 0.998148
F1_train: 0.993548

Costo_test: 0.017918
Precision_test: 0.976744
Recall_test: 1.000000
F1_test: 0.988235
 

Arquitectura: _2_9_1_
Semilla: 1788087268
Segundos: 51
NIteraciones: 100000

Costo_train: 0.015132
Precision_train: 0.988991
Recall_train: 0.998148
F1_train: 0.993548

Costo_test: 0.014105
Precision_test: 0.984375
Recall_test: 1.000000
F1_test: 0.992126
 

Arquitectura: _2_9_1_
Semilla: 1788087268
Segundos: 51
NIteraciones: 100000

Costo_train: 0.022355
Precision_train: 0.981752
Recall_train: 0.996296
F1_train: 0.988971

Costo_test: 0.021617
Precision_test: 0.968504
Recall_test: 0.976190
F1_test: 0.972332
 

Arquitectura: _2_9_1_
Semilla: 1788087268
Segundos: 51
NIteraciones: 100000

Costo_train: 0.019554
Precision_train: 0.987203
Recall_train: 1.000000
F1_train: 0.993560

Costo_test: 0.019705
Precision_test: 0.992126
Recall_test: 1.000000
F1_test: 0.996047
 

Arquitectura: _2_9_1_
Semilla: 1788087268
Segundos: 51
NIteraciones: 100000

Costo_train: 0.021318
Precision_train: 0.985348
Recall_train: 0.996296
F1_train: 0.990792

Costo_test: 0.020465
Precision_test: 0.961832
Recall_test: 1.000000
F1_test: 0.980545
 

Arquitectura: _2_9_1_
Semilla: 1788087268
Segundos: 51
NIteraciones: 100000

Costo_train: 0.013021
Precision_train: 0.998152
Recall_train: 1.000000
F1_train: 0.999075

Costo_test: 0.012666
Precision_test: 0.984375
Recall_test: 1.000000
F1_test: 0.992126
 

Arquitectura: _2_9_1_
Semilla: 1788087268
Segundos: 51
NIteraciones: 100000

Costo_train: 0.013585
Precision_train: 0.996310
Recall_train: 1.000000
F1_train: 0.998152

Costo_test: 0.013161
Precision_test: 0.992126
Recall_test: 1.000000
F1_test: 0.996047
 

Arquitectura: _2_9_1_
Semilla: 1788087268
Segundos: 51
NIteraciones: 100000

Costo_train: 0.019474
Precision_train: 0.981818
Recall_train: 1.000000
F1_train: 0.990826

Costo_test: 0.021092
Precision_test: 0.976744
Recall_test: 1.000000
F1_test: 0.988235
 

Arquitectura: _2_9_1_
Semilla: 1788087268
Segundos: 51
NIteraciones: 100000

Costo_train: 0.025700
Precision_train: 0.981785
Recall_train: 0.998148
F1_train: 0.989899

Costo_test: 0.024386
Precision_test: 0.992126
Recall_test: 1.000000
F1_test: 0.996047
 

Arquitectura: _2_9_1_
Semilla: 1788087268
Segundos: 51
NIteraciones: 100000

Costo_train: 0.026967
Precision_train: 0.983547
Recall_train: 0.996296
F1_train: 0.989880

Costo_test: 0.025250
Precision_test: 0.960938
Recall_test: 0.976190
F1_test: 0.968504
 

Arquitectura: _2_9_1_
Semilla: 1788087268
Segundos: 51
NIteraciones: 100000

Costo_train: 0.013284
Precision_train: 0.996310
Recall_train: 1.000000
F1_train: 0.998152

Costo_test: 0.013184
Precision_test: 0.984375
Recall_test: 1.000000
F1_test: 0.992126
 

Arquitectura: _2_9_1_
Semilla: 1788087268
Segundos: 51
NIteraciones: 100000

Costo_train: 0.014140
Precision_train: 0.994475
Recall_train: 1.000000
F1_train: 0.997230

Costo_test: 0.015688
Precision_test: 0.984375
Recall_test: 1.000000
F1_test: 0.992126
 

Arquitectura: _2_9_1_
Semilla: 1788087268
Segundos: 51
NIteraciones: 100000

Costo_train: 0.018807
Precision_train: 0.989011
Recall_train: 1.000000
F1_train: 0.994475

Costo_test: 0.018717
Precision_test: 0.976744
Recall_test: 1.000000
F1_test: 0.988235
 

Arquitectura: _2_9_1_
Semilla: 1788087268
Segundos: 51
NIteraciones: 100000

Costo_train: 0.023047
Precision_train: 0.988991
Recall_train: 0.998148
F1_train: 0.993548

Costo_test: 0.022798
Precision_test: 0.976744
Recall_test: 1.000000
F1_test: 0.988235
 

Arquitectura: _2_9_1_
Semilla: 1788087268
Segundos: 51
NIteraciones: 100000

Costo_train: 0.020112
Precision_train: 0.987179
Recall_train: 0.998148
F1_train: 0.992633

Costo_test: 0.019607
Precision_test: 0.992126
Recall_test: 1.000000
F1_test: 0.996047
 

Arquitectura: _2_9_1_
Semilla: 1788087268
Segundos: 51
NIteraciones: 100000

Costo_train: 0.015298
Precision_train: 0.990809
Recall_train: 0.998148
F1_train: 0.994465

Costo_test: 0.016663
Precision_test: 0.984375
Recall_test: 1.000000
F1_test: 0.992126
 

Arquitectura: _2_9_1_
Semilla: 1788087268
Segundos: 51
NIteraciones: 100000

Costo_train: 0.022013
Precision_train: 0.980036
Recall_train: 1.000000
F1_train: 0.989918

Costo_test: 0.022348
Precision_test: 0.992126
Recall_test: 1.000000
F1_test: 0.996047
 

Arquitectura: _2_9_1_
Semilla: 1788087268
Segundos: 51
NIteraciones: 100000

Costo_train: 0.012515
Precision_train: 0.994475
Recall_train: 1.000000
F1_train: 0.997230

Costo_test: 0.011321
Precision_test: 0.984375
Recall_test: 1.000000
F1_test: 0.992126
 

Arquitectura: _2_9_1_
Semilla: 1788087268
Segundos: 51
NIteraciones: 100000

Costo_train: 0.026385
Precision_train: 0.988991
Recall_train: 0.998148
F1_train: 0.993548

Costo_test: 0.025288
Precision_test: 0.969231
Recall_test: 1.000000
F1_test: 0.984375
 

Arquitectura: _2_9_1_
Semilla: 1788087268
Segundos: 51
NIteraciones: 100000

Costo_train: 0.014249
Precision_train: 0.994475
Recall_train: 1.000000
F1_train: 0.997230

Costo_test: 0.014351
Precision_test: 0.984375
Recall_test: 1.000000
F1_test: 0.992126
 

Arquitectura: _2_9_1_
Semilla: 1788087268
Segundos: 51
NIteraciones: 100000

Costo_train: 0.021585
Precision_train: 0.985375
Recall_train: 0.998148
F1_train: 0.991720

Costo_test: 0.021814
Precision_test: 0.968992
Recall_test: 0.992063
F1_test: 0.980392
 

Arquitectura: _2_9_1_
Semilla: 1788087268
Segundos: 51
NIteraciones: 100000

Costo_train: 0.021345
Precision_train: 0.985401
Recall_train: 1.000000
F1_train: 0.992647

Costo_test: 0.020460
Precision_test: 0.992126
Recall_test: 1.000000
F1_test: 0.996047
 

Arquitectura: _2_9_1_
Semilla: 1788087268
Segundos: 51
NIteraciones: 100000

Costo_train: 0.019448
Precision_train: 0.981818
Recall_train: 1.000000
F1_train: 0.990826

Costo_test: 0.021518
Precision_test: 0.984375
Recall_test: 1.000000
F1_test: 0.992126
 

Arquitectura: _2_9_1_
Semilla: 1788087268
Segundos: 51
NIteraciones: 100000

Costo_train: 0.021700
Precision_train: 0.987179
Recall_train: 0.998148
F1_train: 0.992633

Costo_test: 0.021992
Precision_test: 0.984375
Recall_test: 1.000000
F1_test: 0.992126
 

Arquitectura: _2_9_1_
Semilla: 1788087268
Segundos: 51
NIteraciones: 100000

Costo_train: 0.016053
Precision_train: 0.992647
Recall_train: 1.000000
F1_train: 0.996310

Costo_test: 0.016152
Precision_test: 0.992126
Recall_test: 1.000000
F1_test: 0.996047
 

Arquitectura: _2_9_1_
Semilla: 1788087268
Segundos: 51
NIteraciones: 100000

Costo_train: 0.022146
Precision_train: 0.987156
Recall_train: 0.996296
F1_train: 0.991705

Costo_test: 0.021231
Precision_test: 0.969231
Recall_test: 1.000000
F1_test: 0.984375
 

Arquitectura: _2_9_1_
Semilla: 1788087268
Segundos: 51
NIteraciones: 100000

Costo_train: 0.028888
Precision_train: 0.972924
Recall_train: 0.998148
F1_train: 0.985375

Costo_test: 0.028681
Precision_test: 0.969231
Recall_test: 1.000000
F1_test: 0.984375
 

Arquitectura: _2_9_1_
Semilla: 1788087268
Segundos: 51
NIteraciones: 100000

Costo_train: 0.016094
Precision_train: 0.994455
Recall_train: 0.996296
F1_train: 0.995375

Costo_test: 0.014399
Precision_test: 0.976744
Recall_test: 1.000000
F1_test: 0.988235
 

Arquitectura: _2_9_1_
Semilla: 1788087268
Segundos: 51
NIteraciones: 100000

Costo_train: 0.020274
Precision_train: 0.985375
Recall_train: 0.998148
F1_train: 0.991720

Costo_test: 0.020111
Precision_test: 0.968750
Recall_test: 0.984127
F1_test: 0.976378
 

Arquitectura: _2_9_1_
Semilla: 1788087268
Segundos: 51
NIteraciones: 100000

Costo_train: 0.034945
Precision_train: 0.974729
Recall_train: 1.000000
F1_train: 0.987203

Costo_test: 0.034607
Precision_test: 0.961832
Recall_test: 1.000000
F1_test: 0.980545
 

Arquitectura: _2_9_1_
Semilla: 1788087268
Segundos: 51
NIteraciones: 100000

Costo_train: 0.018662
Precision_train: 0.988991
Recall_train: 0.998148
F1_train: 0.993548

Costo_test: 0.018671
Precision_test: 0.969231
Recall_test: 1.000000
F1_test: 0.984375
 

Arquitectura: _2_9_1_
Semilla: 1788087268
Segundos: 51
NIteraciones: 100000

Costo_train: 0.019379
Precision_train: 0.996310
Recall_train: 1.000000
F1_train: 0.998152

Costo_test: 0.018214
Precision_test: 0.984252
Recall_test: 0.992063
F1_test: 0.988142
 

Arquitectura: _2_9_1_
Semilla: 1788087268
Segundos: 51
NIteraciones: 100000

Costo_train: 0.031339
Precision_train: 0.955752
Recall_train: 1.000000
F1_train: 0.977376

Costo_test: 0.030337
Precision_test: 0.946970
Recall_test: 0.992063
F1_test: 0.968992
 


--- Test Profunda 3.0 ---
Iteración 10000
Costo: 0.223828
Iteración 20000
Costo: 0.223783
Iteración 30000
Costo: 0.223756
Iteración 40000
Costo: 0.223737
Iteración 50000
Costo: 0.223719
Iteración 60000
Costo: 0.223700
Iteración 70000
Costo: 0.223676
Iteración 80000
Costo: 0.223644
Iteración 90000
Costo: 0.223600

Arquitectura: _2_3_3_3_1_
Semilla: 1788087319
Segundos: 140
NIteraciones: 100000

Costo_train: 0.223542
Precision_train: -nan(ind)
Recall_train: 0.000000
F1_train: -nan(ind)

Costo_test: 0.216196
Precision_test: -nan(ind)
Recall_test: 0.000000
F1_test: -nan(ind)
 

Arquitectura: _2_3_3_3_1_
Semilla: 1788087319
Segundos: 140
NIteraciones: 100000

Costo_train: 0.223710
Precision_train: -nan(ind)
Recall_train: 0.000000
F1_train: -nan(ind)

Costo_test: 0.216219
Precision_test: -nan(ind)
Recall_test: 0.000000
F1_test: -nan(ind)
 

Arquitectura: _2_3_3_3_1_
Semilla: 1788087319
Segundos: 140
NIteraciones: 100000

Costo_train: 0.221447
Precision_train: -nan(ind)
Recall_train: 0.000000
F1_train: -nan(ind)

Costo_test: 0.214229
Precision_test: -nan(ind)
Recall_test: 0.000000
F1_test: -nan(ind)
 

Arquitectura: _2_3_3_3_1_
Semilla: 1788087319
Segundos: 140
NIteraciones: 100000

Costo_train: 0.222449
Precision_train: -nan(ind)
Recall_train: 0.000000
F1_train: -nan(ind)

Costo_test: 0.215446
Precision_test: -nan(ind)
Recall_test: 0.000000
F1_test: -nan(ind)
 

Arquitectura: _2_3_3_3_1_
Semilla: 1788087319
Segundos: 140
NIteraciones: 100000

Costo_train: 0.223337
Precision_train: -nan(ind)
Recall_train: 0.000000
F1_train: -nan(ind)

Costo_test: 0.215670
Precision_test: -nan(ind)
Recall_test: 0.000000
F1_test: -nan(ind)
 

Arquitectura: _2_3_3_3_1_
Semilla: 1788087319
Segundos: 140
NIteraciones: 100000

Costo_train: 0.223415
Precision_train: -nan(ind)
Recall_train: 0.000000
F1_train: -nan(ind)

Costo_test: 0.216047
Precision_test: -nan(ind)
Recall_test: 0.000000
F1_test: -nan(ind)
 

Arquitectura: _2_3_3_3_1_
Semilla: 1788087319
Segundos: 140
NIteraciones: 100000

Costo_train: 0.222739
Precision_train: -nan(ind)
Recall_train: 0.000000
F1_train: -nan(ind)

Costo_test: 0.215774
Precision_test: -nan(ind)
Recall_test: 0.000000
F1_test: -nan(ind)
 

Arquitectura: _2_3_3_3_1_
Semilla: 1788087319
Segundos: 140
NIteraciones: 100000

Costo_train: 0.223650
Precision_train: -nan(ind)
Recall_train: 0.000000
F1_train: -nan(ind)

Costo_test: 0.216165
Precision_test: -nan(ind)
Recall_test: 0.000000
F1_test: -nan(ind)
 

Arquitectura: _2_3_3_3_1_
Semilla: 1788087319
Segundos: 140
NIteraciones: 100000

Costo_train: 0.223333
Precision_train: -nan(ind)
Recall_train: 0.000000
F1_train: -nan(ind)

Costo_test: 0.216213
Precision_test: -nan(ind)
Recall_test: 0.000000
F1_test: -nan(ind)
 

Arquitectura: _2_3_3_3_1_
Semilla: 1788087319
Segundos: 140
NIteraciones: 100000

Costo_train: 0.223652
Precision_train: -nan(ind)
Recall_train: 0.000000
F1_train: -nan(ind)

Costo_test: 0.216305
Precision_test: -nan(ind)
Recall_test: 0.000000
F1_test: -nan(ind)
 

Arquitectura: _2_3_3_3_1_
Semilla: 1788087319
Segundos: 140
NIteraciones: 100000

Costo_train: 0.223670
Precision_train: -nan(ind)
Recall_train: 0.000000
F1_train: -nan(ind)

Costo_test: 0.216215
Precision_test: -nan(ind)
Recall_test: 0.000000
F1_test: -nan(ind)
 

Arquitectura: _2_3_3_3_1_
Semilla: 1788087319
Segundos: 140
NIteraciones: 100000

Costo_train: 0.222280
Precision_train: -nan(ind)
Recall_train: 0.000000
F1_train: -nan(ind)

Costo_test: 0.214910
Precision_test: -nan(ind)
Recall_test: 0.000000
F1_test: -nan(ind)
 

Arquitectura: _2_3_3_3_1_
Semilla: 1788087319
Segundos: 140
NIteraciones: 100000

Costo_train: 0.223637
Precision_train: -nan(ind)
Recall_train: 0.000000
F1_train: -nan(ind)

Costo_test: 0.216273
Precision_test: -nan(ind)
Recall_test: 0.000000
F1_test: -nan(ind)
 

Arquitectura: _2_3_3_3_1_
Semilla: 1788087319
Segundos: 140
NIteraciones: 100000

Costo_train: 0.223736
Precision_train: -nan(ind)
Recall_train: 0.000000
F1_train: -nan(ind)

Costo_test: 0.216278
Precision_test: -nan(ind)
Recall_test: 0.000000
F1_test: -nan(ind)
 

Arquitectura: _2_3_3_3_1_
Semilla: 1788087319
Segundos: 140
NIteraciones: 100000

Costo_train: 0.223740
Precision_train: -nan(ind)
Recall_train: 0.000000
F1_train: -nan(ind)

Costo_test: 0.216242
Precision_test: -nan(ind)
Recall_test: 0.000000
F1_test: -nan(ind)
 

Arquitectura: _2_3_3_3_1_
Semilla: 1788087319
Segundos: 140
NIteraciones: 100000

Costo_train: 0.223610
Precision_train: -nan(ind)
Recall_train: 0.000000
F1_train: -nan(ind)

Costo_test: 0.216246
Precision_test: -nan(ind)
Recall_test: 0.000000
F1_test: -nan(ind)
 

Arquitectura: _2_3_3_3_1_
Semilla: 1788087319
Segundos: 140
NIteraciones: 100000

Costo_train: 0.222511
Precision_train: -nan(ind)
Recall_train: 0.000000
F1_train: -nan(ind)

Costo_test: 0.215523
Precision_test: -nan(ind)
Recall_test: 0.000000
F1_test: -nan(ind)
 

Arquitectura: _2_3_3_3_1_
Semilla: 1788087319
Segundos: 140
NIteraciones: 100000

Costo_train: 0.220822
Precision_train: -nan(ind)
Recall_train: 0.000000
F1_train: -nan(ind)

Costo_test: 0.212546
Precision_test: -nan(ind)
Recall_test: 0.000000
F1_test: -nan(ind)
 

Arquitectura: _2_3_3_3_1_
Semilla: 1788087319
Segundos: 140
NIteraciones: 100000

Costo_train: 0.223474
Precision_train: -nan(ind)
Recall_train: 0.000000
F1_train: -nan(ind)

Costo_test: 0.216182
Precision_test: -nan(ind)
Recall_test: 0.000000
F1_test: -nan(ind)
 

Arquitectura: _2_3_3_3_1_
Semilla: 1788087319
Segundos: 140
NIteraciones: 100000

Costo_train: 0.223680
Precision_train: -nan(ind)
Recall_train: 0.000000
F1_train: -nan(ind)

Costo_test: 0.216177
Precision_test: -nan(ind)
Recall_test: 0.000000
F1_test: -nan(ind)
 

Arquitectura: _2_3_3_3_1_
Semilla: 1788087319
Segundos: 140
NIteraciones: 100000

Costo_train: 0.223362
Precision_train: -nan(ind)
Recall_train: 0.000000
F1_train: -nan(ind)

Costo_test: 0.215771
Precision_test: -nan(ind)
Recall_test: 0.000000
F1_test: -nan(ind)
 

Arquitectura: _2_3_3_3_1_
Semilla: 1788087319
Segundos: 140
NIteraciones: 100000

Costo_train: 0.223552
Precision_train: -nan(ind)
Recall_train: 0.000000
F1_train: -nan(ind)

Costo_test: 0.216033
Precision_test: -nan(ind)
Recall_test: 0.000000
F1_test: -nan(ind)
 

Arquitectura: _2_3_3_3_1_
Semilla: 1788087319
Segundos: 140
NIteraciones: 100000

Costo_train: 0.223636
Precision_train: -nan(ind)
Recall_train: 0.000000
F1_train: -nan(ind)

Costo_test: 0.216336
Precision_test: -nan(ind)
Recall_test: 0.000000
F1_test: -nan(ind)
 

Arquitectura: _2_3_3_3_1_
Semilla: 1788087319
Segundos: 140
NIteraciones: 100000

Costo_train: 0.220482
Precision_train: -nan(ind)
Recall_train: 0.000000
F1_train: -nan(ind)

Costo_test: 0.213289
Precision_test: -nan(ind)
Recall_test: 0.000000
F1_test: -nan(ind)
 

Arquitectura: _2_3_3_3_1_
Semilla: 1788087319
Segundos: 140
NIteraciones: 100000

Costo_train: 0.222959
Precision_train: -nan(ind)
Recall_train: 0.000000
F1_train: -nan(ind)

Costo_test: 0.215379
Precision_test: -nan(ind)
Recall_test: 0.000000
F1_test: -nan(ind)
 

Arquitectura: _2_3_3_3_1_
Semilla: 1788087319
Segundos: 140
NIteraciones: 100000

Costo_train: 0.223743
Precision_train: -nan(ind)
Recall_train: 0.000000
F1_train: -nan(ind)

Costo_test: 0.216316
Precision_test: -nan(ind)
Recall_test: 0.000000
F1_test: -nan(ind)
 

Arquitectura: _2_3_3_3_1_
Semilla: 1788087319
Segundos: 140
NIteraciones: 100000

Costo_train: 0.223612
Precision_train: -nan(ind)
Recall_train: 0.000000
F1_train: -nan(ind)

Costo_test: 0.216013
Precision_test: -nan(ind)
Recall_test: 0.000000
F1_test: -nan(ind)
 

Arquitectura: _2_3_3_3_1_
Semilla: 1788087319
Segundos: 140
NIteraciones: 100000

Costo_train: 0.222765
Precision_train: -nan(ind)
Recall_train: 0.000000
F1_train: -nan(ind)

Costo_test: 0.216076
Precision_test: -nan(ind)
Recall_test: 0.000000
F1_test: -nan(ind)
 

Arquitectura: _2_3_3_3_1_
Semilla: 1788087319
Segundos: 140
NIteraciones: 100000

Costo_train: 0.223713
Precision_train: -nan(ind)
Recall_train: 0.000000
F1_train: -nan(ind)

Costo_test: 0.216274
Precision_test: -nan(ind)
Recall_test: 0.000000
F1_test: -nan(ind)
 

Arquitectura: _2_3_3_3_1_
Semilla: 1788087319
Segundos: 140
NIteraciones: 100000

Costo_train: 0.223517
Precision_train: -nan(ind)
Recall_train: 0.000000
F1_train: -nan(ind)

Costo_test: 0.216013
Precision_test: -nan(ind)
Recall_test: 0.000000
F1_test: -nan(ind)
 

Arquitectura: _2_3_3_3_1_
Semilla: 1788087319
Segundos: 140
NIteraciones: 100000

Costo_train: 0.223655
Precision_train: -nan(ind)
Recall_train: 0.000000
F1_train: -nan(ind)

Costo_test: 0.216158
Precision_test: -nan(ind)
Recall_test: 0.000000
F1_test: -nan(ind)
 

Arquitectura: _2_3_3_3_1_
Semilla: 1788087319
Segundos: 140
NIteraciones: 100000

Costo_train: 0.223629
Precision_train: -nan(ind)
Recall_train: 0.000000
F1_train: -nan(ind)

Costo_test: 0.216184
Precision_test: -nan(ind)
Recall_test: 0.000000
F1_test: -nan(ind)
 

Arquitectura: _2_3_3_3_1_
Semilla: 1788087319
Segundos: 140
NIteraciones: 100000

Costo_train: 0.223454
Precision_train: -nan(ind)
Recall_train: 0.000000
F1_train: -nan(ind)

Costo_test: 0.215990
Precision_test: -nan(ind)
Recall_test: 0.000000
F1_test: -nan(ind)
 

Arquitectura: _2_3_3_3_1_
Semilla: 1788087319
Segundos: 140
NIteraciones: 100000

Costo_train: 0.207350
Precision_train: 0.470588
Recall_train: 0.014815
F1_train: 0.028725

Costo_test: 0.199383
Precision_test: 0.666667
Recall_test: 0.031746
F1_test: 0.060606
 

Arquitectura: _2_3_3_3_1_
Semilla: 1788087319
Segundos: 140
NIteraciones: 100000

Costo_train: 0.223697
Precision_train: -nan(ind)
Recall_train: 0.000000
F1_train: -nan(ind)

Costo_test: 0.216317
Precision_test: -nan(ind)
Recall_test: 0.000000
F1_test: -nan(ind)
 

Arquitectura: _2_3_3_3_1_
Semilla: 1788087319
Segundos: 140
NIteraciones: 100000

Costo_train: 0.220828
Precision_train: -nan(ind)
Recall_train: 0.000000
F1_train: -nan(ind)

Costo_test: 0.212951
Precision_test: -nan(ind)
Recall_test: 0.000000
F1_test: -nan(ind)
 

Arquitectura: _2_3_3_3_1_
Semilla: 1788087319
Segundos: 140
NIteraciones: 100000

Costo_train: 0.223514
Precision_train: -nan(ind)
Recall_train: 0.000000
F1_train: -nan(ind)

Costo_test: 0.216124
Precision_test: -nan(ind)
Recall_test: 0.000000
F1_test: -nan(ind)
 

Arquitectura: _2_3_3_3_1_
Semilla: 1788087319
Segundos: 140
NIteraciones: 100000

Costo_train: 0.223474
Precision_train: -nan(ind)
Recall_train: 0.000000
F1_train: -nan(ind)

Costo_test: 0.216052
Precision_test: -nan(ind)
Recall_test: 0.000000
F1_test: -nan(ind)
 

Arquitectura: _2_3_3_3_1_
Semilla: 1788087319
Segundos: 140
NIteraciones: 100000

Costo_train: 0.223109
Precision_train: -nan(ind)
Recall_train: 0.000000
F1_train: -nan(ind)

Costo_test: 0.215675
Precision_test: -nan(ind)
Recall_test: 0.000000
F1_test: -nan(ind)
 

Arquitectura: _2_3_3_3_1_
Semilla: 1788087319
Segundos: 140
NIteraciones: 100000

Costo_train: 0.223648
Precision_train: -nan(ind)
Recall_train: 0.000000
F1_train: -nan(ind)

Costo_test: 0.216225
Precision_test: -nan(ind)
Recall_test: 0.000000
F1_test: -nan(ind)
 

Arquitectura: _2_3_3_3_1_
Semilla: 1788087319
Segundos: 140
NIteraciones: 100000

Costo_train: 0.223532
Precision_train: -nan(ind)
Recall_train: 0.000000
F1_train: -nan(ind)

Costo_test: 0.216311
Precision_test: -nan(ind)
Recall_test: 0.000000
F1_test: -nan(ind)
 

Arquitectura: _2_3_3_3_1_
Semilla: 1788087319
Segundos: 140
NIteraciones: 100000

Costo_train: 0.223457
Precision_train: -nan(ind)
Recall_train: 0.000000
F1_train: -nan(ind)

Costo_test: 0.216045
Precision_test: -nan(ind)
Recall_test: 0.000000
F1_test: -nan(ind)
 

Arquitectura: _2_3_3_3_1_
Semilla: 1788087319
Segundos: 140
NIteraciones: 100000

Costo_train: 0.223733
Precision_train: -nan(ind)
Recall_train: 0.000000
F1_train: -nan(ind)

Costo_test: 0.216315
Precision_test: -nan(ind)
Recall_test: 0.000000
F1_test: -nan(ind)
 

Arquitectura: _2_3_3_3_1_
Semilla: 1788087319
Segundos: 140
NIteraciones: 100000

Costo_train: 0.223630
Precision_train: -nan(ind)
Recall_train: 0.000000
F1_train: -nan(ind)

Costo_test: 0.216322
Precision_test: -nan(ind)
Recall_test: 0.000000
F1_test: -nan(ind)
 

Arquitectura: _2_3_3_3_1_
Semilla: 1788087319
Segundos: 140
NIteraciones: 100000

Costo_train: 0.221455
Precision_train: -nan(ind)
Recall_train: 0.000000
F1_train: -nan(ind)

Costo_test: 0.213887
Precision_test: -nan(ind)
Recall_test: 0.000000
F1_test: -nan(ind)
 

Arquitectura: _2_3_3_3_1_
Semilla: 1788087319
Segundos: 140
NIteraciones: 100000

Costo_train: 0.223656
Precision_train: -nan(ind)
Recall_train: 0.000000
F1_train: -nan(ind)

Costo_test: 0.216255
Precision_test: -nan(ind)
Recall_test: 0.000000
F1_test: -nan(ind)
 

Arquitectura: _2_3_3_3_1_
Semilla: 1788087319
Segundos: 140
NIteraciones: 100000

Costo_train: 0.223690
Precision_train: -nan(ind)
Recall_train: 0.000000
F1_train: -nan(ind)

Costo_test: 0.216182
Precision_test: -nan(ind)
Recall_test: 0.000000
F1_test: -nan(ind)
 

Arquitectura: _2_3_3_3_1_
Semilla: 1788087319
Segundos: 140
NIteraciones: 100000

Costo_train: 0.223068
Precision_train: -nan(ind)
Recall_train: 0.000000
F1_train: -nan(ind)

Costo_test: 0.215688
Precision_test: -nan(ind)
Recall_test: 0.000000
F1_test: -nan(ind)
 

Arquitectura: _2_3_3_3_1_
Semilla: 1788087319
Segundos: 140
NIteraciones: 100000

Costo_train: 0.223097
Precision_train: -nan(ind)
Recall_train: 0.000000
F1_train: -nan(ind)

Costo_test: 0.215493
Precision_test: -nan(ind)
Recall_test: 0.000000
F1_test: -nan(ind)
 

Arquitectura: _2_3_3_3_1_
Semilla: 1788087319
Segundos: 140
NIteraciones: 100000

Costo_train: 0.222953
Precision_train: -nan(ind)
Recall_train: 0.000000
F1_train: -nan(ind)

Costo_test: 0.215356
Precision_test: -nan(ind)
Recall_test: 0.000000
F1_test: -nan(ind)
 

Arquitectura: _2_3_3_3_1_
Semilla: 1788087319
Segundos: 140
NIteraciones: 100000

Costo_train: 0.223653
Precision_train: -nan(ind)
Recall_train: 0.000000
F1_train: -nan(ind)

Costo_test: 0.216106
Precision_test: -nan(ind)
Recall_test: 0.000000
F1_test: -nan(ind)
 

Arquitectura: _2_3_3_3_1_
Semilla: 1788087319
Segundos: 140
NIteraciones: 100000

Costo_train: 0.223696
Precision_train: -nan(ind)
Recall_train: 0.000000
F1_train: -nan(ind)

Costo_test: 0.216230
Precision_test: -nan(ind)
Recall_test: 0.000000
F1_test: -nan(ind)
 

Arquitectura: _2_3_3_3_1_
Semilla: 1788087319
Segundos: 140
NIteraciones: 100000

Costo_train: 0.222840
Precision_train: -nan(ind)
Recall_train: 0.000000
F1_train: -nan(ind)

Costo_test: 0.215610
Precision_test: -nan(ind)
Recall_test: 0.000000
F1_test: -nan(ind)
 

Arquitectura: _2_3_3_3_1_
Semilla: 1788087319
Segundos: 140
NIteraciones: 100000

Costo_train: 0.223612
Precision_train: -nan(ind)
Recall_train: 0.000000
F1_train: -nan(ind)

Costo_test: 0.216136
Precision_test: -nan(ind)
Recall_test: 0.000000
F1_test: -nan(ind)
 

Arquitectura: _2_3_3_3_1_
Semilla: 1788087319
Segundos: 140
NIteraciones: 100000

Costo_train: 0.222567
Precision_train: -nan(ind)
Recall_train: 0.000000
F1_train: -nan(ind)

Costo_test: 0.215365
Precision_test: -nan(ind)
Recall_test: 0.000000
F1_test: -nan(ind)
 

Arquitectura: _2_3_3_3_1_
Semilla: 1788087319
Segundos: 140
NIteraciones: 100000

Costo_train: 0.223622
Precision_train: -nan(ind)
Recall_train: 0.000000
F1_train: -nan(ind)

Costo_test: 0.216260
Precision_test: -nan(ind)
Recall_test: 0.000000
F1_test: -nan(ind)
 

Arquitectura: _2_3_3_3_1_
Semilla: 1788087319
Segundos: 140
NIteraciones: 100000

Costo_train: 0.221696
Precision_train: -nan(ind)
Recall_train: 0.000000
F1_train: -nan(ind)

Costo_test: 0.213634
Precision_test: -nan(ind)
Recall_test: 0.000000
F1_test: -nan(ind)
 

Arquitectura: _2_3_3_3_1_
Semilla: 1788087319
Segundos: 140
NIteraciones: 100000

Costo_train: 0.222768
Precision_train: -nan(ind)
Recall_train: 0.000000
F1_train: -nan(ind)

Costo_test: 0.215577
Precision_test: -nan(ind)
Recall_test: 0.000000
F1_test: -nan(ind)
 

Arquitectura: _2_3_3_3_1_
Semilla: 1788087319
Segundos: 140
NIteraciones: 100000

Costo_train: 0.223353
Precision_train: -nan(ind)
Recall_train: 0.000000
F1_train: -nan(ind)

Costo_test: 0.215986
Precision_test: -nan(ind)
Recall_test: 0.000000
F1_test: -nan(ind)
 

Arquitectura: _2_3_3_3_1_
Semilla: 1788087319
Segundos: 140
NIteraciones: 100000

Costo_train: 0.223608
Precision_train: -nan(ind)
Recall_train: 0.000000
F1_train: -nan(ind)

Costo_test: 0.216223
Precision_test: -nan(ind)
Recall_test: 0.000000
F1_test: -nan(ind)
 

Arquitectura: _2_3_3_3_1_
Semilla: 1788087319
Segundos: 140
NIteraciones: 100000

Costo_train: 0.223482
Precision_train: -nan(ind)
Recall_train: 0.000000
F1_train: -nan(ind)

Costo_test: 0.216167
Precision_test: -nan(ind)
Recall_test: 0.000000
F1_test: -nan(ind)
 

Arquitectura: _2_3_3_3_1_
Semilla: 1788087319
Segundos: 140
NIteraciones: 100000

Costo_train: 0.223646
Precision_train: -nan(ind)
Recall_train: 0.000000
F1_train: -nan(ind)

Costo_test: 0.216303
Precision_test: -nan(ind)
Recall_test: 0.000000
F1_test: -nan(ind)
 

Arquitectura: _2_3_3_3_1_
Semilla: 1788087319
Segundos: 140
NIteraciones: 100000

Costo_train: 0.223200
Precision_train: -nan(ind)
Recall_train: 0.000000
F1_train: -nan(ind)

Costo_test: 0.215484
Precision_test: -nan(ind)
Recall_test: 0.000000
F1_test: -nan(ind)
 

Arquitectura: _2_3_3_3_1_
Semilla: 1788087319
Segundos: 140
NIteraciones: 100000

Costo_train: 0.223533
Precision_train: -nan(ind)
Recall_train: 0.000000
F1_train: -nan(ind)

Costo_test: 0.215782
Precision_test: -nan(ind)
Recall_test: 0.000000
F1_test: -nan(ind)
 

Arquitectura: _2_3_3_3_1_
Semilla: 1788087319
Segundos: 140
NIteraciones: 100000

Costo_train: 0.223628
Precision_train: -nan(ind)
Recall_train: 0.000000
F1_train: -nan(ind)

Costo_test: 0.216179
Precision_test: -nan(ind)
Recall_test: 0.000000
F1_test: -nan(ind)
 

Arquitectura: _2_3_3_3_1_
Semilla: 1788087319
Segundos: 140
NIteraciones: 100000

Costo_train: 0.223456
Precision_train: -nan(ind)
Recall_train: 0.000000
F1_train: -nan(ind)

Costo_test: 0.216113
Precision_test: -nan(ind)
Recall_test: 0.000000
F1_test: -nan(ind)
 

Arquitectura: _2_3_3_3_1_
Semilla: 1788087319
Segundos: 140
NIteraciones: 100000

Costo_train: 0.223677
Precision_train: -nan(ind)
Recall_train: 0.000000
F1_train: -nan(ind)

Costo_test: 0.216333
Precision_test: -nan(ind)
Recall_test: 0.000000
F1_test: -nan(ind)
 

Arquitectura: _2_3_3_3_1_
Semilla: 1788087319
Segundos: 140
NIteraciones: 100000

Costo_train: 0.223599
Precision_train: -nan(ind)
Recall_train: 0.000000
F1_train: -nan(ind)

Costo_test: 0.216120
Precision_test: -nan(ind)
Recall_test: 0.000000
F1_test: -nan(ind)
 

Arquitectura: _2_3_3_3_1_
Semilla: 1788087319
Segundos: 140
NIteraciones: 100000

Costo_train: 0.221418
Precision_train: -nan(ind)
Recall_train: 0.000000
F1_train: -nan(ind)

Costo_test: 0.214214
Precision_test: -nan(ind)
Recall_test: 0.000000
F1_test: -nan(ind)
 

Arquitectura: _2_3_3_3_1_
Semilla: 1788087319
Segundos: 140
NIteraciones: 100000

Costo_train: 0.223452
Precision_train: -nan(ind)
Recall_train: 0.000000
F1_train: -nan(ind)

Costo_test: 0.216004
Precision_test: -nan(ind)
Recall_test: 0.000000
F1_test: -nan(ind)
 

Arquitectura: _2_3_3_3_1_
Semilla: 1788087319
Segundos: 140
NIteraciones: 100000

Costo_train: 0.222457
Precision_train: -nan(ind)
Recall_train: 0.000000
F1_train: -nan(ind)

Costo_test: 0.215148
Precision_test: -nan(ind)
Recall_test: 0.000000
F1_test: -nan(ind)
 

Arquitectura: _2_3_3_3_1_
Semilla: 1788087319
Segundos: 140
NIteraciones: 100000

Costo_train: 0.219065
Precision_train: -nan(ind)
Recall_train: 0.000000
F1_train: -nan(ind)

Costo_test: 0.210833
Precision_test: -nan(ind)
Recall_test: 0.000000
F1_test: -nan(ind)
 

Arquitectura: _2_3_3_3_1_
Semilla: 1788087319
Segundos: 140
NIteraciones: 100000

Costo_train: 0.223550
Precision_train: -nan(ind)
Recall_train: 0.000000
F1_train: -nan(ind)

Costo_test: 0.216241
Precision_test: -nan(ind)
Recall_test: 0.000000
F1_test: -nan(ind)
 

Arquitectura: _2_3_3_3_1_
Semilla: 1788087319
Segundos: 140
NIteraciones: 100000

Costo_train: 0.223254
Precision_train: -nan(ind)
Recall_train: 0.000000
F1_train: -nan(ind)

Costo_test: 0.215963
Precision_test: -nan(ind)
Recall_test: 0.000000
F1_test: -nan(ind)
 

Arquitectura: _2_3_3_3_1_
Semilla: 1788087319
Segundos: 140
NIteraciones: 100000

Costo_train: 0.223417
Precision_train: -nan(ind)
Recall_train: 0.000000
F1_train: -nan(ind)

Costo_test: 0.216022
Precision_test: -nan(ind)
Recall_test: 0.000000
F1_test: -nan(ind)
 

Arquitectura: _2_3_3_3_1_
Semilla: 1788087319
Segundos: 140
NIteraciones: 100000

Costo_train: 0.222166
Precision_train: -nan(ind)
Recall_train: 0.000000
F1_train: -nan(ind)

Costo_test: 0.215557
Precision_test: -nan(ind)
Recall_test: 0.000000
F1_test: -nan(ind)
 

Arquitectura: _2_3_3_3_1_
Semilla: 1788087319
Segundos: 140
NIteraciones: 100000

Costo_train: 0.221645
Precision_train: -nan(ind)
Recall_train: 0.000000
F1_train: -nan(ind)

Costo_test: 0.213855
Precision_test: -nan(ind)
Recall_test: 0.000000
F1_test: -nan(ind)
 

Arquitectura: _2_3_3_3_1_
Semilla: 1788087319
Segundos: 140
NIteraciones: 100000

Costo_train: 0.223199
Precision_train: -nan(ind)
Recall_train: 0.000000
F1_train: -nan(ind)

Costo_test: 0.215860
Precision_test: -nan(ind)
Recall_test: 0.000000
F1_test: -nan(ind)
 

Arquitectura: _2_3_3_3_1_
Semilla: 1788087319
Segundos: 140
NIteraciones: 100000

Costo_train: 0.223644
Precision_train: -nan(ind)
Recall_train: 0.000000
F1_train: -nan(ind)

Costo_test: 0.216217
Precision_test: -nan(ind)
Recall_test: 0.000000
F1_test: -nan(ind)
 

Arquitectura: _2_3_3_3_1_
Semilla: 1788087319
Segundos: 140
NIteraciones: 100000

Costo_train: 0.221756
Precision_train: -nan(ind)
Recall_train: 0.000000
F1_train: -nan(ind)

Costo_test: 0.214579
Precision_test: -nan(ind)
Recall_test: 0.000000
F1_test: -nan(ind)
 

Arquitectura: _2_3_3_3_1_
Semilla: 1788087319
Segundos: 140
NIteraciones: 100000

Costo_train: 0.223738
Precision_train: -nan(ind)
Recall_train: 0.000000
F1_train: -nan(ind)

Costo_test: 0.216307
Precision_test: -nan(ind)
Recall_test: 0.000000
F1_test: -nan(ind)
 

Arquitectura: _2_3_3_3_1_
Semilla: 1788087319
Segundos: 140
NIteraciones: 100000

Costo_train: 0.223740
Precision_train: -nan(ind)
Recall_train: 0.000000
F1_train: -nan(ind)

Costo_test: 0.216286
Precision_test: -nan(ind)
Recall_test: 0.000000
F1_test: -nan(ind)
 

Arquitectura: _2_3_3_3_1_
Semilla: 1788087319
Segundos: 140
NIteraciones: 100000

Costo_train: 0.223449
Precision_train: -nan(ind)
Recall_train: 0.000000
F1_train: -nan(ind)

Costo_test: 0.216094
Precision_test: -nan(ind)
Recall_test: 0.000000
F1_test: -nan(ind)
 

Arquitectura: _2_3_3_3_1_
Semilla: 1788087319
Segundos: 140
NIteraciones: 100000

Costo_train: 0.221850
Precision_train: -nan(ind)
Recall_train: 0.000000
F1_train: -nan(ind)

Costo_test: 0.214303
Precision_test: -nan(ind)
Recall_test: 0.000000
F1_test: -nan(ind)
 

Arquitectura: _2_3_3_3_1_
Semilla: 1788087319
Segundos: 140
NIteraciones: 100000

Costo_train: 0.223587
Precision_train: -nan(ind)
Recall_train: 0.000000
F1_train: -nan(ind)

Costo_test: 0.216338
Precision_test: -nan(ind)
Recall_test: 0.000000
F1_test: -nan(ind)
 

Arquitectura: _2_3_3_3_1_
Semilla: 1788087319
Segundos: 140
NIteraciones: 100000

Costo_train: 0.223662
Precision_train: -nan(ind)
Recall_train: 0.000000
F1_train: -nan(ind)

Costo_test: 0.216135
Precision_test: -nan(ind)
Recall_test: 0.000000
F1_test: -nan(ind)
 

Arquitectura: _2_3_3_3_1_
Semilla: 1788087319
Segundos: 140
NIteraciones: 100000

Costo_train: 0.221854
Precision_train: -nan(ind)
Recall_train: 0.000000
F1_train: -nan(ind)

Costo_test: 0.214081
Precision_test: -nan(ind)
Recall_test: 0.000000
F1_test: -nan(ind)
 

Arquitectura: _2_3_3_3_1_
Semilla: 1788087319
Segundos: 140
NIteraciones: 100000

Costo_train: 0.223562
Precision_train: -nan(ind)
Recall_train: 0.000000
F1_train: -nan(ind)

Costo_test: 0.216182
Precision_test: -nan(ind)
Recall_test: 0.000000
F1_test: -nan(ind)
 

Arquitectura: _2_3_3_3_1_
Semilla: 1788087319
Segundos: 140
NIteraciones: 100000

Costo_train: 0.223658
Precision_train: -nan(ind)
Recall_train: 0.000000
F1_train: -nan(ind)

Costo_test: 0.216150
Precision_test: -nan(ind)
Recall_test: 0.000000
F1_test: -nan(ind)
 

Arquitectura: _2_3_3_3_1_
Semilla: 1788087319
Segundos: 140
NIteraciones: 100000

Costo_train: 0.222956
Precision_train: -nan(ind)
Recall_train: 0.000000
F1_train: -nan(ind)

Costo_test: 0.215891
Precision_test: -nan(ind)
Recall_test: 0.000000
F1_test: -nan(ind)
 

Arquitectura: _2_3_3_3_1_
Semilla: 1788087319
Segundos: 140
NIteraciones: 100000

Costo_train: 0.223712
Precision_train: -nan(ind)
Recall_train: 0.000000
F1_train: -nan(ind)

Costo_test: 0.216224
Precision_test: -nan(ind)
Recall_test: 0.000000
F1_test: -nan(ind)
 

Arquitectura: _2_3_3_3_1_
Semilla: 1788087319
Segundos: 140
NIteraciones: 100000

Costo_train: 0.223640
Precision_train: -nan(ind)
Recall_train: 0.000000
F1_train: -nan(ind)

Costo_test: 0.216235
Precision_test: -nan(ind)
Recall_test: 0.000000
F1_test: -nan(ind)
 

Arquitectura: _2_3_3_3_1_
Semilla: 1788087319
Segundos: 140
NIteraciones: 100000

Costo_train: 0.223676
Precision_train: -nan(ind)
Recall_train: 0.000000
F1_train: -nan(ind)

Costo_test: 0.216118
Precision_test: -nan(ind)
Recall_test: 0.000000
F1_test: -nan(ind)
 

Arquitectura: _2_3_3_3_1_
Semilla: 1788087319
Segundos: 140
NIteraciones: 100000

Costo_train: 0.223650
Precision_train: -nan(ind)
Recall_train: 0.000000
F1_train: -nan(ind)

Costo_test: 0.216122
Precision_test: -nan(ind)
Recall_test: 0.000000
F1_test: -nan(ind)
 

Arquitectura: _2_3_3_3_1_
Semilla: 1788087319
Segundos: 140
NIteraciones: 100000

Costo_train: 0.222155
Precision_train: -nan(ind)
Recall_train: 0.000000
F1_train: -nan(ind)

Costo_test: 0.214804
Precision_test: -nan(ind)
Recall_test: 0.000000
F1_test: -nan(ind)
 

Arquitectura: _2_3_3_3_1_
Semilla: 1788087319
Segundos: 140
NIteraciones: 100000

Costo_train: 0.223323
Precision_train: -nan(ind)
Recall_train: 0.000000
F1_train: -nan(ind)

Costo_test: 0.215567
Precision_test: -nan(ind)
Recall_test: 0.000000
F1_test: -nan(ind)
 

Arquitectura: _2_3_3_3_1_
Semilla: 1788087319
Segundos: 140
NIteraciones: 100000

Costo_train: 0.223063
Precision_train: -nan(ind)
Recall_train: 0.000000
F1_train: -nan(ind)

Costo_test: 0.215476
Precision_test: -nan(ind)
Recall_test: 0.000000
F1_test: -nan(ind)
 

Arquitectura: _2_3_3_3_1_
Semilla: 1788087319
Segundos: 140
NIteraciones: 100000

Costo_train: 0.221285
Precision_train: -nan(ind)
Recall_train: 0.000000
F1_train: -nan(ind)

Costo_test: 0.213627
Precision_test: -nan(ind)
Recall_test: 0.000000
F1_test: -nan(ind)
 

Arquitectura: _2_3_3_3_1_
Semilla: 1788087319
Segundos: 140
NIteraciones: 100000

Costo_train: 0.223571
Precision_train: -nan(ind)
Recall_train: 0.000000
F1_train: -nan(ind)

Costo_test: 0.216026
Precision_test: -nan(ind)
Recall_test: 0.000000
F1_test: -nan(ind)
 

Arquitectura: _2_3_3_3_1_
Semilla: 1788087319
Segundos: 140
NIteraciones: 100000

Costo_train: 0.221405
Precision_train: -nan(ind)
Recall_train: 0.000000
F1_train: -nan(ind)

Costo_test: 0.213545
Precision_test: -nan(ind)
Recall_test: 0.000000
F1_test: -nan(ind)
 


--- Test Angosta 4.0 ---
Iteración 10000
Costo: 0.223185
Iteración 20000
Costo: 0.222500
Iteración 30000
Costo: 0.221646
Iteración 40000
Costo: 0.215855
Iteración 50000
Costo: 0.193453
Iteración 60000
Costo: 0.178080
Iteración 70000
Costo: 0.140819
Iteración 80000
Costo: 0.073046
Iteración 90000
Costo: 0.046991

Arquitectura: _2_12_1_
Semilla: 1788087459
Segundos: 54
NIteraciones: 100000

Costo_train: 0.030214
Precision_train: 0.983607
Recall_train: 1.000000
F1_train: 0.991736

Costo_test: 0.029225
Precision_test: 0.992126
Recall_test: 1.000000
F1_test: 0.996047
 

Arquitectura: _2_12_1_
Semilla: 1788087459
Segundos: 54
NIteraciones: 100000

Costo_train: 0.016118
Precision_train: 0.992647
Recall_train: 1.000000
F1_train: 0.996310

Costo_test: 0.015867
Precision_test: 0.984375
Recall_test: 1.000000
F1_test: 0.992126
 

Arquitectura: _2_12_1_
Semilla: 1788087459
Segundos: 54
NIteraciones: 100000

Costo_train: 0.019886
Precision_train: 0.983607
Recall_train: 1.000000
F1_train: 0.991736

Costo_test: 0.022715
Precision_test: 0.969231
Recall_test: 1.000000
F1_test: 0.984375
 

Arquitectura: _2_12_1_
Semilla: 1788087459
Segundos: 54
NIteraciones: 100000

Costo_train: 0.017185
Precision_train: 0.996310
Recall_train: 1.000000
F1_train: 0.998152

Costo_test: 0.016600
Precision_test: 0.984375
Recall_test: 1.000000
F1_test: 0.992126
 

Arquitectura: _2_12_1_
Semilla: 1788087459
Segundos: 54
NIteraciones: 100000

Costo_train: 0.017174
Precision_train: 0.996310
Recall_train: 1.000000
F1_train: 0.998152

Costo_test: 0.015637
Precision_test: 0.984375
Recall_test: 1.000000
F1_test: 0.992126
 

Arquitectura: _2_12_1_
Semilla: 1788087459
Segundos: 54
NIteraciones: 100000

Costo_train: 0.023861
Precision_train: 0.987085
Recall_train: 0.990741
F1_train: 0.988909

Costo_test: 0.022053
Precision_test: 0.969231
Recall_test: 1.000000
F1_test: 0.984375
 

Arquitectura: _2_12_1_
Semilla: 1788087459
Segundos: 54
NIteraciones: 100000

Costo_train: 0.021919
Precision_train: 0.985375
Recall_train: 0.998148
F1_train: 0.991720

Costo_test: 0.021252
Precision_test: 0.969231
Recall_test: 1.000000
F1_test: 0.984375
 

Arquitectura: _2_12_1_
Semilla: 1788087459
Segundos: 54
NIteraciones: 100000

Costo_train: 0.019050
Precision_train: 0.990826
Recall_train: 1.000000
F1_train: 0.995392

Costo_test: 0.019457
Precision_test: 0.992126
Recall_test: 1.000000
F1_test: 0.996047
 

Arquitectura: _2_12_1_
Semilla: 1788087459
Segundos: 54
NIteraciones: 100000

Costo_train: 0.018001
Precision_train: 0.990826
Recall_train: 1.000000
F1_train: 0.995392

Costo_test: 0.017672
Precision_test: 0.992126
Recall_test: 1.000000
F1_test: 0.996047
 

Arquitectura: _2_12_1_
Semilla: 1788087459
Segundos: 54
NIteraciones: 100000

Costo_train: 0.016530
Precision_train: 0.992647
Recall_train: 1.000000
F1_train: 0.996310

Costo_test: 0.016255
Precision_test: 0.992126
Recall_test: 1.000000
F1_test: 0.996047
 

Arquitectura: _2_12_1_
Semilla: 1788087459
Segundos: 54
NIteraciones: 100000

Costo_train: 0.017441
Precision_train: 0.990809
Recall_train: 0.998148
F1_train: 0.994465

Costo_test: 0.017020
Precision_test: 0.976744
Recall_test: 1.000000
F1_test: 0.988235
 

Arquitectura: _2_12_1_
Semilla: 1788087459
Segundos: 54
NIteraciones: 100000

Costo_train: 0.020590
Precision_train: 0.987203
Recall_train: 1.000000
F1_train: 0.993560

Costo_test: 0.020931
Precision_test: 0.992126
Recall_test: 1.000000
F1_test: 0.996047
 

Arquitectura: _2_12_1_
Semilla: 1788087459
Segundos: 54
NIteraciones: 100000

Costo_train: 0.018178
Precision_train: 0.983547
Recall_train: 0.996296
F1_train: 0.989880

Costo_test: 0.016914
Precision_test: 0.968750
Recall_test: 0.984127
F1_test: 0.976378
 

Arquitectura: _2_12_1_
Semilla: 1788087459
Segundos: 54
NIteraciones: 100000

Costo_train: 0.018033
Precision_train: 0.988991
Recall_train: 0.998148
F1_train: 0.993548

Costo_test: 0.018349
Precision_test: 0.976744
Recall_test: 1.000000
F1_test: 0.988235
 

Arquitectura: _2_12_1_
Semilla: 1788087459
Segundos: 54
NIteraciones: 100000

Costo_train: 0.011329
Precision_train: 0.996303
Recall_train: 0.998148
F1_train: 0.997225

Costo_test: 0.011117
Precision_test: 0.992126
Recall_test: 1.000000
F1_test: 0.996047
 

Arquitectura: _2_12_1_
Semilla: 1788087459
Segundos: 54
NIteraciones: 100000

Costo_train: 0.022986
Precision_train: 0.987179
Recall_train: 0.998148
F1_train: 0.992633

Costo_test: 0.020835
Precision_test: 0.968992
Recall_test: 0.992063
F1_test: 0.980392
 

Arquitectura: _2_12_1_
Semilla: 1788087459
Segundos: 54
NIteraciones: 100000

Costo_train: 0.025996
Precision_train: 0.987061
Recall_train: 0.988889
F1_train: 0.987974

Costo_test: 0.023702
Precision_test: 0.968750
Recall_test: 0.984127
F1_test: 0.976378
 

Arquitectura: _2_12_1_
Semilla: 1788087459
Segundos: 54
NIteraciones: 100000

Costo_train: 0.009683
Precision_train: 0.998152
Recall_train: 1.000000
F1_train: 0.999075

Costo_test: 0.010435
Precision_test: 0.992126
Recall_test: 1.000000
F1_test: 0.996047
 

Arquitectura: _2_12_1_
Semilla: 1788087459
Segundos: 54
NIteraciones: 100000

Costo_train: 0.013903
Precision_train: 0.996310
Recall_train: 1.000000
F1_train: 0.998152

Costo_test: 0.012962
Precision_test: 0.984375
Recall_test: 1.000000
F1_test: 0.992126
 

Arquitectura: _2_12_1_
Semilla: 1788087459
Segundos: 54
NIteraciones: 100000

Costo_train: 0.019011
Precision_train: 0.988991
Recall_train: 0.998148
F1_train: 0.993548

Costo_test: 0.018937
Precision_test: 0.969231
Recall_test: 1.000000
F1_test: 0.984375
 

Arquitectura: _2_12_1_
Semilla: 1788087459
Segundos: 54
NIteraciones: 100000

Costo_train: 0.020488
Precision_train: 0.990809
Recall_train: 0.998148
F1_train: 0.994465

Costo_test: 0.020205
Precision_test: 0.976562
Recall_test: 0.992063
F1_test: 0.984252
 

Arquitectura: _2_12_1_
Semilla: 1788087459
Segundos: 54
NIteraciones: 100000

Costo_train: 0.020774
Precision_train: 0.983577
Recall_train: 0.998148
F1_train: 0.990809

Costo_test: 0.020208
Precision_test: 0.969231
Recall_test: 1.000000
F1_test: 0.984375
 

Arquitectura: _2_12_1_
Semilla: 1788087459
Segundos: 54
NIteraciones: 100000

Costo_train: 0.015709
Precision_train: 0.994475
Recall_train: 1.000000
F1_train: 0.997230

Costo_test: 0.014688
Precision_test: 0.984375
Recall_test: 1.000000
F1_test: 0.992126
 

Arquitectura: _2_12_1_
Semilla: 1788087459
Segundos: 54
NIteraciones: 100000

Costo_train: 0.011825
Precision_train: 0.996310
Recall_train: 1.000000
F1_train: 0.998152

Costo_test: 0.011416
Precision_test: 0.984375
Recall_test: 1.000000
F1_test: 0.992126
 

Arquitectura: _2_12_1_
Semilla: 1788087459
Segundos: 54
NIteraciones: 100000

Costo_train: 0.015460
Precision_train: 0.988991
Recall_train: 0.998148
F1_train: 0.993548

Costo_test: 0.014967
Precision_test: 0.984375
Recall_test: 1.000000
F1_test: 0.992126
 

Arquitectura: _2_12_1_
Semilla: 1788087459
Segundos: 54
NIteraciones: 100000

Costo_train: 0.022442
Precision_train: 0.978142
Recall_train: 0.994444
F1_train: 0.986226

Costo_test: 0.021806
Precision_test: 0.968750
Recall_test: 0.984127
F1_test: 0.976378
 

Arquitectura: _2_12_1_
Semilla: 1788087459
Segundos: 54
NIteraciones: 100000

Costo_train: 0.023207
Precision_train: 0.983577
Recall_train: 0.998148
F1_train: 0.990809

Costo_test: 0.023439
Precision_test: 0.992126
Recall_test: 1.000000
F1_test: 0.996047
 

Arquitectura: _2_12_1_
Semilla: 1788087459
Segundos: 54
NIteraciones: 100000

Costo_train: 0.025205
Precision_train: 0.983302
Recall_train: 0.981481
F1_train: 0.982391

Costo_test: 0.023041
Precision_test: 0.968750
Recall_test: 0.984127
F1_test: 0.976378
 

Arquitectura: _2_12_1_
Semilla: 1788087459
Segundos: 54
NIteraciones: 100000

Costo_train: 0.023376
Precision_train: 0.996303
Recall_train: 0.998148
F1_train: 0.997225

Costo_test: 0.021187
Precision_test: 0.984252
Recall_test: 0.992063
F1_test: 0.988142
 

Arquitectura: _2_12_1_
Semilla: 1788087459
Segundos: 54
NIteraciones: 100000

Costo_train: 0.015717
Precision_train: 0.990826
Recall_train: 1.000000
F1_train: 0.995392

Costo_test: 0.014758
Precision_test: 0.976744
Recall_test: 1.000000
F1_test: 0.988235
 

Arquitectura: _2_12_1_
Semilla: 1788087459
Segundos: 54
NIteraciones: 100000

Costo_train: 0.016536
Precision_train: 0.992647
Recall_train: 1.000000
F1_train: 0.996310

Costo_test: 0.017089
Precision_test: 0.992126
Recall_test: 1.000000
F1_test: 0.996047
 

Arquitectura: _2_12_1_
Semilla: 1788087459
Segundos: 54
NIteraciones: 100000

Costo_train: 0.020235
Precision_train: 0.987179
Recall_train: 0.998148
F1_train: 0.992633

Costo_test: 0.019398
Precision_test: 0.969231
Recall_test: 1.000000
F1_test: 0.984375
 

Arquitectura: _2_12_1_
Semilla: 1788087459
Segundos: 54
NIteraciones: 100000

Costo_train: 0.028909
Precision_train: 0.980989
Recall_train: 0.955556
F1_train: 0.968105

Costo_test: 0.024732
Precision_test: 0.968254
Recall_test: 0.968254
F1_test: 0.968254
 

Arquitectura: _2_12_1_
Semilla: 1788087459
Segundos: 54
NIteraciones: 100000

Costo_train: 0.018953
Precision_train: 0.985375
Recall_train: 0.998148
F1_train: 0.991720

Costo_test: 0.018999
Precision_test: 0.976744
Recall_test: 1.000000
F1_test: 0.988235
 

Arquitectura: _2_12_1_
Semilla: 1788087459
Segundos: 54
NIteraciones: 100000

Costo_train: 0.017322
Precision_train: 0.990826
Recall_train: 1.000000
F1_train: 0.995392

Costo_test: 0.016289
Precision_test: 0.976744
Recall_test: 1.000000
F1_test: 0.988235
 

Arquitectura: _2_12_1_
Semilla: 1788087459
Segundos: 54
NIteraciones: 100000

Costo_train: 0.020749
Precision_train: 0.980000
Recall_train: 0.998148
F1_train: 0.988991

Costo_test: 0.021529
Precision_test: 0.992126
Recall_test: 1.000000
F1_test: 0.996047
 

Arquitectura: _2_12_1_
Semilla: 1788087459
Segundos: 54
NIteraciones: 100000

Costo_train: 0.019020
Precision_train: 0.985375
Recall_train: 0.998148
F1_train: 0.991720

Costo_test: 0.018863
Precision_test: 0.976378
Recall_test: 0.984127
F1_test: 0.980237
 

Arquitectura: _2_12_1_
Semilla: 1788087459
Segundos: 54
NIteraciones: 100000

Costo_train: 0.017135
Precision_train: 0.987179
Recall_train: 0.998148
F1_train: 0.992633

Costo_test: 0.017365
Precision_test: 0.976744
Recall_test: 1.000000
F1_test: 0.988235
 

Arquitectura: _2_12_1_
Semilla: 1788087459
Segundos: 54
NIteraciones: 100000

Costo_train: 0.016546
Precision_train: 0.992634
Recall_train: 0.998148
F1_train: 0.995383

Costo_test: 0.015995
Precision_test: 0.984375
Recall_test: 1.000000
F1_test: 0.992126
 

Arquitectura: _2_12_1_
Semilla: 1788087459
Segundos: 54
NIteraciones: 100000

Costo_train: 0.013907
Precision_train: 0.992647
Recall_train: 1.000000
F1_train: 0.996310

Costo_test: 0.013520
Precision_test: 0.984375
Recall_test: 1.000000
F1_test: 0.992126
 

Arquitectura: _2_12_1_
Semilla: 1788087459
Segundos: 54
NIteraciones: 100000

Costo_train: 0.014268
Precision_train: 0.988991
Recall_train: 0.998148
F1_train: 0.993548

Costo_test: 0.014638
Precision_test: 0.976378
Recall_test: 0.984127
F1_test: 0.980237
 

Arquitectura: _2_12_1_
Semilla: 1788087459
Segundos: 54
NIteraciones: 100000

Costo_train: 0.015380
Precision_train: 0.992634
Recall_train: 0.998148
F1_train: 0.995383

Costo_test: 0.014784
Precision_test: 0.984375
Recall_test: 1.000000
F1_test: 0.992126
 

Arquitectura: _2_12_1_
Semilla: 1788087459
Segundos: 54
NIteraciones: 100000

Costo_train: 0.017412
Precision_train: 0.996310
Recall_train: 1.000000
F1_train: 0.998152

Costo_test: 0.016732
Precision_test: 0.984375
Recall_test: 1.000000
F1_test: 0.992126
 

Arquitectura: _2_12_1_
Semilla: 1788087459
Segundos: 54
NIteraciones: 100000

Costo_train: 0.021754
Precision_train: 0.980036
Recall_train: 1.000000
F1_train: 0.989918

Costo_test: 0.024067
Precision_test: 0.984375
Recall_test: 1.000000
F1_test: 0.992126
 

Arquitectura: _2_12_1_
Semilla: 1788087459
Segundos: 54
NIteraciones: 100000

Costo_train: 0.022989
Precision_train: 0.987037
Recall_train: 0.987037
F1_train: 0.987037

Costo_test: 0.021097
Precision_test: 0.968750
Recall_test: 0.984127
F1_test: 0.976378
 

Arquitectura: _2_12_1_
Semilla: 1788087459
Segundos: 54
NIteraciones: 100000

Costo_train: 0.013031
Precision_train: 0.996310
Recall_train: 1.000000
F1_train: 0.998152

Costo_test: 0.013196
Precision_test: 0.984375
Recall_test: 1.000000
F1_test: 0.992126
 

Arquitectura: _2_12_1_
Semilla: 1788087459
Segundos: 54
NIteraciones: 100000

Costo_train: 0.030052
Precision_train: 0.978967
Recall_train: 0.948148
F1_train: 0.963311

Costo_test: 0.026358
Precision_test: 0.968254
Recall_test: 0.968254
F1_test: 0.968254
 

Arquitectura: _2_12_1_
Semilla: 1788087459
Segundos: 54
NIteraciones: 100000

Costo_train: 0.014961
Precision_train: 0.996303
Recall_train: 0.998148
F1_train: 0.997225

Costo_test: 0.014405
Precision_test: 0.984375
Recall_test: 1.000000
F1_test: 0.992126
 

Arquitectura: _2_12_1_
Semilla: 1788087459
Segundos: 54
NIteraciones: 100000

Costo_train: 0.012569
Precision_train: 0.998152
Recall_train: 1.000000
F1_train: 0.999075

Costo_test: 0.012767
Precision_test: 0.984375
Recall_test: 1.000000
F1_test: 0.992126
 

Arquitectura: _2_12_1_
Semilla: 1788087459
Segundos: 54
NIteraciones: 100000

Costo_train: 0.013403
Precision_train: 0.994475
Recall_train: 1.000000
F1_train: 0.997230

Costo_test: 0.012661
Precision_test: 0.984375
Recall_test: 1.000000
F1_test: 0.992126
 

Arquitectura: _2_12_1_
Semilla: 1788087459
Segundos: 54
NIteraciones: 100000

Costo_train: 0.023322
Precision_train: 0.990809
Recall_train: 0.998148
F1_train: 0.994465

Costo_test: 0.025161
Precision_test: 0.992126
Recall_test: 1.000000
F1_test: 0.996047
 

Arquitectura: _2_12_1_
Semilla: 1788087459
Segundos: 54
NIteraciones: 100000

Costo_train: 0.018333
Precision_train: 0.983577
Recall_train: 0.998148
F1_train: 0.990809

Costo_test: 0.018488
Precision_test: 0.976190
Recall_test: 0.976190
F1_test: 0.976190
 

Arquitectura: _2_12_1_
Semilla: 1788087459
Segundos: 54
NIteraciones: 100000

Costo_train: 0.026019
Precision_train: 0.985375
Recall_train: 0.998148
F1_train: 0.991720

Costo_test: 0.026586
Precision_test: 0.984375
Recall_test: 1.000000
F1_test: 0.992126
 

Arquitectura: _2_12_1_
Semilla: 1788087459
Segundos: 54
NIteraciones: 100000

Costo_train: 0.028712
Precision_train: 0.981818
Recall_train: 1.000000
F1_train: 0.990826

Costo_test: 0.031090
Precision_test: 0.969231
Recall_test: 1.000000
F1_test: 0.984375
 

Arquitectura: _2_12_1_
Semilla: 1788087459
Segundos: 54
NIteraciones: 100000

Costo_train: 0.027071
Precision_train: 0.976449
Recall_train: 0.998148
F1_train: 0.987179

Costo_test: 0.026310
Precision_test: 0.992126
Recall_test: 1.000000
F1_test: 0.996047
 

Arquitectura: _2_12_1_
Semilla: 1788087459
Segundos: 54
NIteraciones: 100000

Costo_train: 0.020928
Precision_train: 0.987179
Recall_train: 0.998148
F1_train: 0.992633

Costo_test: 0.018986
Precision_test: 0.976744
Recall_test: 1.000000
F1_test: 0.988235
 

Arquitectura: _2_12_1_
Semilla: 1788087459
Segundos: 54
NIteraciones: 100000

Costo_train: 0.016684
Precision_train: 0.990809
Recall_train: 0.998148
F1_train: 0.994465

Costo_test: 0.015313
Precision_test: 1.000000
Recall_test: 1.000000
F1_test: 1.000000
 

Arquitectura: _2_12_1_
Semilla: 1788087459
Segundos: 54
NIteraciones: 100000

Costo_train: 0.015177
Precision_train: 0.990809
Recall_train: 0.998148
F1_train: 0.994465

Costo_test: 0.014978
Precision_test: 0.976744
Recall_test: 1.000000
F1_test: 0.988235
 

Arquitectura: _2_12_1_
Semilla: 1788087459
Segundos: 54
NIteraciones: 100000

Costo_train: 0.014632
Precision_train: 0.994475
Recall_train: 1.000000
F1_train: 0.997230

Costo_test: 0.014002
Precision_test: 0.984375
Recall_test: 1.000000
F1_test: 0.992126
 

Arquitectura: _2_12_1_
Semilla: 1788087459
Segundos: 54
NIteraciones: 100000

Costo_train: 0.014968
Precision_train: 0.989011
Recall_train: 1.000000
F1_train: 0.994475

Costo_test: 0.015398
Precision_test: 0.984375
Recall_test: 1.000000
F1_test: 0.992126
 

Arquitectura: _2_12_1_
Semilla: 1788087459
Segundos: 54
NIteraciones: 100000

Costo_train: 0.015690
Precision_train: 0.989011
Recall_train: 1.000000
F1_train: 0.994475

Costo_test: 0.016106
Precision_test: 0.992126
Recall_test: 1.000000
F1_test: 0.996047
 

Arquitectura: _2_12_1_
Semilla: 1788087459
Segundos: 54
NIteraciones: 100000

Costo_train: 0.020216
Precision_train: 0.987203
Recall_train: 1.000000
F1_train: 0.993560

Costo_test: 0.018406
Precision_test: 0.976744
Recall_test: 1.000000
F1_test: 0.988235
 

Arquitectura: _2_12_1_
Semilla: 1788087459
Segundos: 54
NIteraciones: 100000

Costo_train: 0.015013
Precision_train: 0.987179
Recall_train: 0.998148
F1_train: 0.992633

Costo_test: 0.015429
Precision_test: 0.984375
Recall_test: 1.000000
F1_test: 0.992126
 

Arquitectura: _2_12_1_
Semilla: 1788087459
Segundos: 54
NIteraciones: 100000

Costo_train: 0.012453
Precision_train: 0.994475
Recall_train: 1.000000
F1_train: 0.997230

Costo_test: 0.012677
Precision_test: 0.992126
Recall_test: 1.000000
F1_test: 0.996047
 

Arquitectura: _2_12_1_
Semilla: 1788087459
Segundos: 54
NIteraciones: 100000

Costo_train: 0.019882
Precision_train: 0.985375
Recall_train: 0.998148
F1_train: 0.991720

Costo_test: 0.019780
Precision_test: 0.969231
Recall_test: 1.000000
F1_test: 0.984375
 

Arquitectura: _2_12_1_
Semilla: 1788087459
Segundos: 54
NIteraciones: 100000

Costo_train: 0.017496
Precision_train: 0.987179
Recall_train: 0.998148
F1_train: 0.992633

Costo_test: 0.016840
Precision_test: 0.984375
Recall_test: 1.000000
F1_test: 0.992126
 

Arquitectura: _2_12_1_
Semilla: 1788087459
Segundos: 54
NIteraciones: 100000

Costo_train: 0.012427
Precision_train: 0.996310
Recall_train: 1.000000
F1_train: 0.998152

Costo_test: 0.011882
Precision_test: 0.992126
Recall_test: 1.000000
F1_test: 0.996047
 

Arquitectura: _2_12_1_
Semilla: 1788087459
Segundos: 54
NIteraciones: 100000

Costo_train: 0.033612
Precision_train: 0.960573
Recall_train: 0.992593
F1_train: 0.976321

Costo_test: 0.030679
Precision_test: 0.960938
Recall_test: 0.976190
F1_test: 0.968504
 

Arquitectura: _2_12_1_
Semilla: 1788087459
Segundos: 54
NIteraciones: 100000

Costo_train: 0.018733
Precision_train: 0.987179
Recall_train: 0.998148
F1_train: 0.992633

Costo_test: 0.018530
Precision_test: 0.984375
Recall_test: 1.000000
F1_test: 0.992126
 

Arquitectura: _2_12_1_
Semilla: 1788087459
Segundos: 54
NIteraciones: 100000

Costo_train: 0.020860
Precision_train: 0.988991
Recall_train: 0.998148
F1_train: 0.993548

Costo_test: 0.020219
Precision_test: 0.976744
Recall_test: 1.000000
F1_test: 0.988235
 

Arquitectura: _2_12_1_
Semilla: 1788087459
Segundos: 54
NIteraciones: 100000

Costo_train: 0.016877
Precision_train: 0.988991
Recall_train: 0.998148
F1_train: 0.993548

Costo_test: 0.016591
Precision_test: 0.984375
Recall_test: 1.000000
F1_test: 0.992126
 

Arquitectura: _2_12_1_
Semilla: 1788087459
Segundos: 54
NIteraciones: 100000

Costo_train: 0.014548
Precision_train: 0.996310
Recall_train: 1.000000
F1_train: 0.998152

Costo_test: 0.013984
Precision_test: 0.984375
Recall_test: 1.000000
F1_test: 0.992126
 

Arquitectura: _2_12_1_
Semilla: 1788087459
Segundos: 54
NIteraciones: 100000

Costo_train: 0.026696
Precision_train: 0.988528
Recall_train: 0.957407
F1_train: 0.972719

Costo_test: 0.022875
Precision_test: 0.968504
Recall_test: 0.976190
F1_test: 0.972332
 

Arquitectura: _2_12_1_
Semilla: 1788087459
Segundos: 54
NIteraciones: 100000

Costo_train: 0.017595
Precision_train: 0.989011
Recall_train: 1.000000
F1_train: 0.994475

Costo_test: 0.016746
Precision_test: 0.976744
Recall_test: 1.000000
F1_test: 0.988235
 

Arquitectura: _2_12_1_
Semilla: 1788087459
Segundos: 54
NIteraciones: 100000

Costo_train: 0.024042
Precision_train: 0.987203
Recall_train: 1.000000
F1_train: 0.993560

Costo_test: 0.021731
Precision_test: 0.968750
Recall_test: 0.984127
F1_test: 0.976378
 

Arquitectura: _2_12_1_
Semilla: 1788087459
Segundos: 54
NIteraciones: 100000

Costo_train: 0.028334
Precision_train: 0.981785
Recall_train: 0.998148
F1_train: 0.989899

Costo_test: 0.027747
Precision_test: 0.992126
Recall_test: 1.000000
F1_test: 0.996047
 

Arquitectura: _2_12_1_
Semilla: 1788087459
Segundos: 54
NIteraciones: 100000

Costo_train: 0.027792
Precision_train: 0.976492
Recall_train: 1.000000
F1_train: 0.988106

Costo_test: 0.028067
Precision_test: 0.976744
Recall_test: 1.000000
F1_test: 0.988235
 

Arquitectura: _2_12_1_
Semilla: 1788087459
Segundos: 54
NIteraciones: 100000

Costo_train: 0.015942
Precision_train: 0.987203
Recall_train: 1.000000
F1_train: 0.993560

Costo_test: 0.015324
Precision_test: 0.992126
Recall_test: 1.000000
F1_test: 0.996047
 

Arquitectura: _2_12_1_
Semilla: 1788087459
Segundos: 54
NIteraciones: 100000

Costo_train: 0.023383
Precision_train: 0.992647
Recall_train: 1.000000
F1_train: 0.996310

Costo_test: 0.021776
Precision_test: 0.984375
Recall_test: 1.000000
F1_test: 0.992126
 

Arquitectura: _2_12_1_
Semilla: 1788087459
Segundos: 54
NIteraciones: 100000

Costo_train: 0.018213
Precision_train: 0.990826
Recall_train: 1.000000
F1_train: 0.995392

Costo_test: 0.017448
Precision_test: 0.976562
Recall_test: 0.992063
F1_test: 0.984252
 

Arquitectura: _2_12_1_
Semilla: 1788087459
Segundos: 54
NIteraciones: 100000

Costo_train: 0.021367
Precision_train: 0.985294
Recall_train: 0.992593
F1_train: 0.988930

Costo_test: 0.020382
Precision_test: 0.968992
Recall_test: 0.992063
F1_test: 0.980392
 

Arquitectura: _2_12_1_
Semilla: 1788087459
Segundos: 54
NIteraciones: 100000

Costo_train: 0.016548
Precision_train: 0.988991
Recall_train: 0.998148
F1_train: 0.993548

Costo_test: 0.015654
Precision_test: 0.984375
Recall_test: 1.000000
F1_test: 0.992126
 

Arquitectura: _2_12_1_
Semilla: 1788087459
Segundos: 54
NIteraciones: 100000

Costo_train: 0.021153
Precision_train: 0.988991
Recall_train: 0.998148
F1_train: 0.993548

Costo_test: 0.019983
Precision_test: 0.976562
Recall_test: 0.992063
F1_test: 0.984252
 

Arquitectura: _2_12_1_
Semilla: 1788087459
Segundos: 54
NIteraciones: 100000

Costo_train: 0.137457
Precision_train: 0.918256
Recall_train: 0.624074
F1_train: 0.743109

Costo_test: 0.145067
Precision_test: 0.947368
Recall_test: 0.571429
F1_test: 0.712871
 

Arquitectura: _2_12_1_
Semilla: 1788087459
Segundos: 54
NIteraciones: 100000

Costo_train: 0.013857
Precision_train: 0.996310
Recall_train: 1.000000
F1_train: 0.998152

Costo_test: 0.013445
Precision_test: 0.984375
Recall_test: 1.000000
F1_test: 0.992126
 

Arquitectura: _2_12_1_
Semilla: 1788087459
Segundos: 54
NIteraciones: 100000

Costo_train: 0.016459
Precision_train: 0.992634
Recall_train: 0.998148
F1_train: 0.995383

Costo_test: 0.016050
Precision_test: 0.984375
Recall_test: 1.000000
F1_test: 0.992126
 

Arquitectura: _2_12_1_
Semilla: 1788087459
Segundos: 54
NIteraciones: 100000

Costo_train: 0.012251
Precision_train: 0.992647
Recall_train: 1.000000
F1_train: 0.996310

Costo_test: 0.012573
Precision_test: 0.976744
Recall_test: 1.000000
F1_test: 0.988235
 

Arquitectura: _2_12_1_
Semilla: 1788087459
Segundos: 54
NIteraciones: 100000

Costo_train: 0.016051
Precision_train: 0.988991
Recall_train: 0.998148
F1_train: 0.993548

Costo_test: 0.017046
Precision_test: 0.969231
Recall_test: 1.000000
F1_test: 0.984375
 

Arquitectura: _2_12_1_
Semilla: 1788087459
Segundos: 54
NIteraciones: 100000

Costo_train: 0.013590
Precision_train: 0.992634
Recall_train: 0.998148
F1_train: 0.995383

Costo_test: 0.013466
Precision_test: 0.984375
Recall_test: 1.000000
F1_test: 0.992126
 

Arquitectura: _2_12_1_
Semilla: 1788087459
Segundos: 54
NIteraciones: 100000

Costo_train: 0.023886
Precision_train: 0.978221
Recall_train: 0.998148
F1_train: 0.988084

Costo_test: 0.024390
Precision_test: 0.984375
Recall_test: 1.000000
F1_test: 0.992126
 

Arquitectura: _2_12_1_
Semilla: 1788087459
Segundos: 54
NIteraciones: 100000

Costo_train: 0.019690
Precision_train: 0.989011
Recall_train: 1.000000
F1_train: 0.994475

Costo_test: 0.019438
Precision_test: 0.984375
Recall_test: 1.000000
F1_test: 0.992126
 

Arquitectura: _2_12_1_
Semilla: 1788087459
Segundos: 54
NIteraciones: 100000

Costo_train: 0.024025
Precision_train: 0.985375
Recall_train: 0.998148
F1_train: 0.991720

Costo_test: 0.025664
Precision_test: 0.992126
Recall_test: 1.000000
F1_test: 0.996047
 

Arquitectura: _2_12_1_
Semilla: 1788087459
Segundos: 54
NIteraciones: 100000

Costo_train: 0.019463
Precision_train: 0.988991
Recall_train: 0.998148
F1_train: 0.993548

Costo_test: 0.018149
Precision_test: 0.976744
Recall_test: 1.000000
F1_test: 0.988235
 

Arquitectura: _2_12_1_
Semilla: 1788087459
Segundos: 54
NIteraciones: 100000

Costo_train: 0.013765
Precision_train: 0.994475
Recall_train: 1.000000
F1_train: 0.997230

Costo_test: 0.013725
Precision_test: 0.992126
Recall_test: 1.000000
F1_test: 0.996047
 

Arquitectura: _2_12_1_
Semilla: 1788087459
Segundos: 54
NIteraciones: 100000

Costo_train: 0.019709
Precision_train: 0.987179
Recall_train: 0.998148
F1_train: 0.992633

Costo_test: 0.019040
Precision_test: 0.976744
Recall_test: 1.000000
F1_test: 0.988235
 

Arquitectura: _2_12_1_
Semilla: 1788087459
Segundos: 54
NIteraciones: 100000

Costo_train: 0.025553
Precision_train: 0.987179
Recall_train: 0.998148
F1_train: 0.992633

Costo_test: 0.023505
Precision_test: 0.976562
Recall_test: 0.992063
F1_test: 0.984252
 

Arquitectura: _2_12_1_
Semilla: 1788087459
Segundos: 54
NIteraciones: 100000

Costo_train: 0.012418
Precision_train: 0.994465
Recall_train: 0.998148
F1_train: 0.996303

Costo_test: 0.012203
Precision_test: 0.984375
Recall_test: 1.000000
F1_test: 0.992126
 

Arquitectura: _2_12_1_
Semilla: 1788087459
Segundos: 54
NIteraciones: 100000

Costo_train: 0.017760
Precision_train: 0.987179
Recall_train: 0.998148
F1_train: 0.992633

Costo_test: 0.017597
Precision_test: 0.969231
Recall_test: 1.000000
F1_test: 0.984375
 

Arquitectura: _2_12_1_
Semilla: 1788087459
Segundos: 54
NIteraciones: 100000

Costo_train: 0.012453
Precision_train: 0.992647
Recall_train: 1.000000
F1_train: 0.996310

Costo_test: 0.011536
Precision_test: 1.000000
Recall_test: 1.000000
F1_test: 1.000000
 

Arquitectura: _2_12_1_
Semilla: 1788087459
Segundos: 54
NIteraciones: 100000

Costo_train: 0.016558
Precision_train: 0.994475
Recall_train: 1.000000
F1_train: 0.997230

Costo_test: 0.016002
Precision_test: 0.969231
Recall_test: 1.000000
F1_test: 0.984375
 


--- Test Profunda 4.0 ---
Iteración 10000
Costo: 0.223758
Iteración 20000
Costo: 0.223756
Iteración 30000
Costo: 0.223753
Iteración 40000
Costo: 0.223752
Iteración 50000
Costo: 0.223750
Iteración 60000
Costo: 0.223748
Iteración 70000
Costo: 0.223747
Iteración 80000
Costo: 0.223745
Iteración 90000
Costo: 0.223744

Arquitectura: _2_3_3_3_3_1_
Semilla: 1788087513
Segundos: 186
NIteraciones: 100000

Costo_train: 0.223743
Precision_train: -nan(ind)
Recall_train: 0.000000
F1_train: -nan(ind)

Costo_test: 0.216298
Precision_test: -nan(ind)
Recall_test: 0.000000
F1_test: -nan(ind)
 

Arquitectura: _2_3_3_3_3_1_
Semilla: 1788087513
Segundos: 186
NIteraciones: 100000

Costo_train: 0.223731
Precision_train: -nan(ind)
Recall_train: 0.000000
F1_train: -nan(ind)

Costo_test: 0.216299
Precision_test: -nan(ind)
Recall_test: 0.000000
F1_test: -nan(ind)
 

Arquitectura: _2_3_3_3_3_1_
Semilla: 1788087513
Segundos: 186
NIteraciones: 100000

Costo_train: 0.223739
Precision_train: -nan(ind)
Recall_train: 0.000000
F1_train: -nan(ind)

Costo_test: 0.216311
Precision_test: -nan(ind)
Recall_test: 0.000000
F1_test: -nan(ind)
 

Arquitectura: _2_3_3_3_3_1_
Semilla: 1788087513
Segundos: 186
NIteraciones: 100000

Costo_train: 0.223723
Precision_train: -nan(ind)
Recall_train: 0.000000
F1_train: -nan(ind)

Costo_test: 0.216300
Precision_test: -nan(ind)
Recall_test: 0.000000
F1_test: -nan(ind)
 

Arquitectura: _2_3_3_3_3_1_
Semilla: 1788087513
Segundos: 186
NIteraciones: 100000

Costo_train: 0.223738
Precision_train: -nan(ind)
Recall_train: 0.000000
F1_train: -nan(ind)

Costo_test: 0.216314
Precision_test: -nan(ind)
Recall_test: 0.000000
F1_test: -nan(ind)
 

Arquitectura: _2_3_3_3_3_1_
Semilla: 1788087513
Segundos: 186
NIteraciones: 100000

Costo_train: 0.223704
Precision_train: -nan(ind)
Recall_train: 0.000000
F1_train: -nan(ind)

Costo_test: 0.216238
Precision_test: -nan(ind)
Recall_test: 0.000000
F1_test: -nan(ind)
 

Arquitectura: _2_3_3_3_3_1_
Semilla: 1788087513
Segundos: 186
NIteraciones: 100000

Costo_train: 0.223728
Precision_train: -nan(ind)
Recall_train: 0.000000
F1_train: -nan(ind)

Costo_test: 0.216301
Precision_test: -nan(ind)
Recall_test: 0.000000
F1_test: -nan(ind)
 

Arquitectura: _2_3_3_3_3_1_
Semilla: 1788087513
Segundos: 186
NIteraciones: 100000

Costo_train: 0.223691
Precision_train: -nan(ind)
Recall_train: 0.000000
F1_train: -nan(ind)

Costo_test: 0.216334
Precision_test: -nan(ind)
Recall_test: 0.000000
F1_test: -nan(ind)
 

Arquitectura: _2_3_3_3_3_1_
Semilla: 1788087513
Segundos: 186
NIteraciones: 100000

Costo_train: 0.223725
Precision_train: -nan(ind)
Recall_train: 0.000000
F1_train: -nan(ind)

Costo_test: 0.216306
Precision_test: -nan(ind)
Recall_test: 0.000000
F1_test: -nan(ind)
 

Arquitectura: _2_3_3_3_3_1_
Semilla: 1788087513
Segundos: 186
NIteraciones: 100000

Costo_train: 0.223696
Precision_train: -nan(ind)
Recall_train: 0.000000
F1_train: -nan(ind)

Costo_test: 0.216269
Precision_test: -nan(ind)
Recall_test: 0.000000
F1_test: -nan(ind)
 

Arquitectura: _2_3_3_3_3_1_
Semilla: 1788087513
Segundos: 186
NIteraciones: 100000

Costo_train: 0.223722
Precision_train: -nan(ind)
Recall_train: 0.000000
F1_train: -nan(ind)

Costo_test: 0.216281
Precision_test: -nan(ind)
Recall_test: 0.000000
F1_test: -nan(ind)
 

Arquitectura: _2_3_3_3_3_1_
Semilla: 1788087513
Segundos: 186
NIteraciones: 100000

Costo_train: 0.223705
Precision_train: -nan(ind)
Recall_train: 0.000000
F1_train: -nan(ind)

Costo_test: 0.216295
Precision_test: -nan(ind)
Recall_test: 0.000000
F1_test: -nan(ind)
 

Arquitectura: _2_3_3_3_3_1_
Semilla: 1788087513
Segundos: 186
NIteraciones: 100000

Costo_train: 0.223743
Precision_train: -nan(ind)
Recall_train: 0.000000
F1_train: -nan(ind)

Costo_test: 0.216329
Precision_test: -nan(ind)
Recall_test: 0.000000
F1_test: -nan(ind)
 

Arquitectura: _2_3_3_3_3_1_
Semilla: 1788087513
Segundos: 186
NIteraciones: 100000

Costo_train: 0.223706
Precision_train: -nan(ind)
Recall_train: 0.000000
F1_train: -nan(ind)

Costo_test: 0.216274
Precision_test: -nan(ind)
Recall_test: 0.000000
F1_test: -nan(ind)
 

Arquitectura: _2_3_3_3_3_1_
Semilla: 1788087513
Segundos: 186
NIteraciones: 100000

Costo_train: 0.223715
Precision_train: -nan(ind)
Recall_train: 0.000000
F1_train: -nan(ind)

Costo_test: 0.216285
Precision_test: -nan(ind)
Recall_test: 0.000000
F1_test: -nan(ind)
 

Arquitectura: _2_3_3_3_3_1_
Semilla: 1788087513
Segundos: 186
NIteraciones: 100000

Costo_train: 0.223726
Precision_train: -nan(ind)
Recall_train: 0.000000
F1_train: -nan(ind)

Costo_test: 0.216311
Precision_test: -nan(ind)
Recall_test: 0.000000
F1_test: -nan(ind)
 

Arquitectura: _2_3_3_3_3_1_
Semilla: 1788087513
Segundos: 186
NIteraciones: 100000

Costo_train: 0.223714
Precision_train: -nan(ind)
Recall_train: 0.000000
F1_train: -nan(ind)

Costo_test: 0.216294
Precision_test: -nan(ind)
Recall_test: 0.000000
F1_test: -nan(ind)
 

Arquitectura: _2_3_3_3_3_1_
Semilla: 1788087513
Segundos: 186
NIteraciones: 100000

Costo_train: 0.223707
Precision_train: -nan(ind)
Recall_train: 0.000000
F1_train: -nan(ind)

Costo_test: 0.216305
Precision_test: -nan(ind)
Recall_test: 0.000000
F1_test: -nan(ind)
 

Arquitectura: _2_3_3_3_3_1_
Semilla: 1788087513
Segundos: 186
NIteraciones: 100000

Costo_train: 0.223709
Precision_train: -nan(ind)
Recall_train: 0.000000
F1_train: -nan(ind)

Costo_test: 0.216274
Precision_test: -nan(ind)
Recall_test: 0.000000
F1_test: -nan(ind)
 

Arquitectura: _2_3_3_3_3_1_
Semilla: 1788087513
Segundos: 186
NIteraciones: 100000

Costo_train: 0.223706
Precision_train: -nan(ind)
Recall_train: 0.000000
F1_train: -nan(ind)

Costo_test: 0.216271
Precision_test: -nan(ind)
Recall_test: 0.000000
F1_test: -nan(ind)
 

Arquitectura: _2_3_3_3_3_1_
Semilla: 1788087513
Segundos: 186
NIteraciones: 100000

Costo_train: 0.223717
Precision_train: -nan(ind)
Recall_train: 0.000000
F1_train: -nan(ind)

Costo_test: 0.216284
Precision_test: -nan(ind)
Recall_test: 0.000000
F1_test: -nan(ind)
 

Arquitectura: _2_3_3_3_3_1_
Semilla: 1788087513
Segundos: 186
NIteraciones: 100000

Costo_train: 0.223724
Precision_train: -nan(ind)
Recall_train: 0.000000
F1_train: -nan(ind)

Costo_test: 0.216293
Precision_test: -nan(ind)
Recall_test: 0.000000
F1_test: -nan(ind)
 

Arquitectura: _2_3_3_3_3_1_
Semilla: 1788087513
Segundos: 186
NIteraciones: 100000

Costo_train: 0.223721
Precision_train: -nan(ind)
Recall_train: 0.000000
F1_train: -nan(ind)

Costo_test: 0.216307
Precision_test: -nan(ind)
Recall_test: 0.000000
F1_test: -nan(ind)
 

Arquitectura: _2_3_3_3_3_1_
Semilla: 1788087513
Segundos: 186
NIteraciones: 100000

Costo_train: 0.223737
Precision_train: -nan(ind)
Recall_train: 0.000000
F1_train: -nan(ind)

Costo_test: 0.216309
Precision_test: -nan(ind)
Recall_test: 0.000000
F1_test: -nan(ind)
 

Arquitectura: _2_3_3_3_3_1_
Semilla: 1788087513
Segundos: 186
NIteraciones: 100000

Costo_train: 0.223728
Precision_train: -nan(ind)
Recall_train: 0.000000
F1_train: -nan(ind)

Costo_test: 0.216277
Precision_test: -nan(ind)
Recall_test: 0.000000
F1_test: -nan(ind)
 

Arquitectura: _2_3_3_3_3_1_
Semilla: 1788087513
Segundos: 186
NIteraciones: 100000

Costo_train: 0.223614
Precision_train: -nan(ind)
Recall_train: 0.000000
F1_train: -nan(ind)

Costo_test: 0.216184
Precision_test: -nan(ind)
Recall_test: 0.000000
F1_test: -nan(ind)
 

Arquitectura: _2_3_3_3_3_1_
Semilla: 1788087513
Segundos: 186
NIteraciones: 100000

Costo_train: 0.223726
Precision_train: -nan(ind)
Recall_train: 0.000000
F1_train: -nan(ind)

Costo_test: 0.216296
Precision_test: -nan(ind)
Recall_test: 0.000000
F1_test: -nan(ind)
 

Arquitectura: _2_3_3_3_3_1_
Semilla: 1788087513
Segundos: 186
NIteraciones: 100000

Costo_train: 0.223713
Precision_train: -nan(ind)
Recall_train: 0.000000
F1_train: -nan(ind)

Costo_test: 0.216302
Precision_test: -nan(ind)
Recall_test: 0.000000
F1_test: -nan(ind)
 

Arquitectura: _2_3_3_3_3_1_
Semilla: 1788087513
Segundos: 186
NIteraciones: 100000

Costo_train: 0.223735
Precision_train: -nan(ind)
Recall_train: 0.000000
F1_train: -nan(ind)

Costo_test: 0.216335
Precision_test: -nan(ind)
Recall_test: 0.000000
F1_test: -nan(ind)
 

Arquitectura: _2_3_3_3_3_1_
Semilla: 1788087513
Segundos: 186
NIteraciones: 100000

Costo_train: 0.223733
Precision_train: -nan(ind)
Recall_train: 0.000000
F1_train: -nan(ind)

Costo_test: 0.216316
Precision_test: -nan(ind)
Recall_test: 0.000000
F1_test: -nan(ind)
 

Arquitectura: _2_3_3_3_3_1_
Semilla: 1788087513
Segundos: 186
NIteraciones: 100000

Costo_train: 0.223722
Precision_train: -nan(ind)
Recall_train: 0.000000
F1_train: -nan(ind)

Costo_test: 0.216258
Precision_test: -nan(ind)
Recall_test: 0.000000
F1_test: -nan(ind)
 

Arquitectura: _2_3_3_3_3_1_
Semilla: 1788087513
Segundos: 186
NIteraciones: 100000

Costo_train: 0.223729
Precision_train: -nan(ind)
Recall_train: 0.000000
F1_train: -nan(ind)

Costo_test: 0.216293
Precision_test: -nan(ind)
Recall_test: 0.000000
F1_test: -nan(ind)
 

Arquitectura: _2_3_3_3_3_1_
Semilla: 1788087513
Segundos: 186
NIteraciones: 100000

Costo_train: 0.223624
Precision_train: -nan(ind)
Recall_train: 0.000000
F1_train: -nan(ind)

Costo_test: 0.216141
Precision_test: -nan(ind)
Recall_test: 0.000000
F1_test: -nan(ind)
 

Arquitectura: _2_3_3_3_3_1_
Semilla: 1788087513
Segundos: 186
NIteraciones: 100000

Costo_train: 0.223723
Precision_train: -nan(ind)
Recall_train: 0.000000
F1_train: -nan(ind)

Costo_test: 0.216286
Precision_test: -nan(ind)
Recall_test: 0.000000
F1_test: -nan(ind)
 

Arquitectura: _2_3_3_3_3_1_
Semilla: 1788087513
Segundos: 186
NIteraciones: 100000

Costo_train: 0.223694
Precision_train: -nan(ind)
Recall_train: 0.000000
F1_train: -nan(ind)

Costo_test: 0.216326
Precision_test: -nan(ind)
Recall_test: 0.000000
F1_test: -nan(ind)
 

Arquitectura: _2_3_3_3_3_1_
Semilla: 1788087513
Segundos: 186
NIteraciones: 100000

Costo_train: 0.223714
Precision_train: -nan(ind)
Recall_train: 0.000000
F1_train: -nan(ind)

Costo_test: 0.216279
Precision_test: -nan(ind)
Recall_test: 0.000000
F1_test: -nan(ind)
 

Arquitectura: _2_3_3_3_3_1_
Semilla: 1788087513
Segundos: 186
NIteraciones: 100000

Costo_train: 0.223726
Precision_train: -nan(ind)
Recall_train: 0.000000
F1_train: -nan(ind)

Costo_test: 0.216340
Precision_test: -nan(ind)
Recall_test: 0.000000
F1_test: -nan(ind)
 

Arquitectura: _2_3_3_3_3_1_
Semilla: 1788087513
Segundos: 186
NIteraciones: 100000

Costo_train: 0.223731
Precision_train: -nan(ind)
Recall_train: 0.000000
F1_train: -nan(ind)

Costo_test: 0.216273
Precision_test: -nan(ind)
Recall_test: 0.000000
F1_test: -nan(ind)
 

Arquitectura: _2_3_3_3_3_1_
Semilla: 1788087513
Segundos: 186
NIteraciones: 100000

Costo_train: 0.223723
Precision_train: -nan(ind)
Recall_train: 0.000000
F1_train: -nan(ind)

Costo_test: 0.216294
Precision_test: -nan(ind)
Recall_test: 0.000000
F1_test: -nan(ind)
 

Arquitectura: _2_3_3_3_3_1_
Semilla: 1788087513
Segundos: 186
NIteraciones: 100000

Costo_train: 0.223735
Precision_train: -nan(ind)
Recall_train: 0.000000
F1_train: -nan(ind)

Costo_test: 0.216318
Precision_test: -nan(ind)
Recall_test: 0.000000
F1_test: -nan(ind)
 

Arquitectura: _2_3_3_3_3_1_
Semilla: 1788087513
Segundos: 186
NIteraciones: 100000

Costo_train: 0.223731
Precision_train: -nan(ind)
Recall_train: 0.000000
F1_train: -nan(ind)

Costo_test: 0.216306
Precision_test: -nan(ind)
Recall_test: 0.000000
F1_test: -nan(ind)
 

Arquitectura: _2_3_3_3_3_1_
Semilla: 1788087513
Segundos: 186
NIteraciones: 100000

Costo_train: 0.223733
Precision_train: -nan(ind)
Recall_train: 0.000000
F1_train: -nan(ind)

Costo_test: 0.216307
Precision_test: -nan(ind)
Recall_test: 0.000000
F1_test: -nan(ind)
 

Arquitectura: _2_3_3_3_3_1_
Semilla: 1788087513
Segundos: 186
NIteraciones: 100000

Costo_train: 0.223739
Precision_train: -nan(ind)
Recall_train: 0.000000
F1_train: -nan(ind)

Costo_test: 0.216320
Precision_test: -nan(ind)
Recall_test: 0.000000
F1_test: -nan(ind)
 

Arquitectura: _2_3_3_3_3_1_
Semilla: 1788087513
Segundos: 186
NIteraciones: 100000

Costo_train: 0.223731
Precision_train: -nan(ind)
Recall_train: 0.000000
F1_train: -nan(ind)

Costo_test: 0.216307
Precision_test: -nan(ind)
Recall_test: 0.000000
F1_test: -nan(ind)
 

Arquitectura: _2_3_3_3_3_1_
Semilla: 1788087513
Segundos: 186
NIteraciones: 100000

Costo_train: 0.223705
Precision_train: -nan(ind)
Recall_train: 0.000000
F1_train: -nan(ind)

Costo_test: 0.216358
Precision_test: -nan(ind)
Recall_test: 0.000000
F1_test: -nan(ind)
 

Arquitectura: _2_3_3_3_3_1_
Semilla: 1788087513
Segundos: 186
NIteraciones: 100000

Costo_train: 0.223631
Precision_train: -nan(ind)
Recall_train: 0.000000
F1_train: -nan(ind)

Costo_test: 0.216222
Precision_test: -nan(ind)
Recall_test: 0.000000
F1_test: -nan(ind)
 

Arquitectura: _2_3_3_3_3_1_
Semilla: 1788087513
Segundos: 186
NIteraciones: 100000

Costo_train: 0.223706
Precision_train: -nan(ind)
Recall_train: 0.000000
F1_train: -nan(ind)

Costo_test: 0.216261
Precision_test: -nan(ind)
Recall_test: 0.000000
F1_test: -nan(ind)
 

Arquitectura: _2_3_3_3_3_1_
Semilla: 1788087513
Segundos: 186
NIteraciones: 100000

Costo_train: 0.223725
Precision_train: -nan(ind)
Recall_train: 0.000000
F1_train: -nan(ind)

Costo_test: 0.216288
Precision_test: -nan(ind)
Recall_test: 0.000000
F1_test: -nan(ind)
 

Arquitectura: _2_3_3_3_3_1_
Semilla: 1788087513
Segundos: 186
NIteraciones: 100000

Costo_train: 0.223718
Precision_train: -nan(ind)
Recall_train: 0.000000
F1_train: -nan(ind)

Costo_test: 0.216282
Precision_test: -nan(ind)
Recall_test: 0.000000
F1_test: -nan(ind)
 

Arquitectura: _2_3_3_3_3_1_
Semilla: 1788087513
Segundos: 186
NIteraciones: 100000

Costo_train: 0.223712
Precision_train: -nan(ind)
Recall_train: 0.000000
F1_train: -nan(ind)

Costo_test: 0.216279
Precision_test: -nan(ind)
Recall_test: 0.000000
F1_test: -nan(ind)
 

Arquitectura: _2_3_3_3_3_1_
Semilla: 1788087513
Segundos: 186
NIteraciones: 100000

Costo_train: 0.223730
Precision_train: -nan(ind)
Recall_train: 0.000000
F1_train: -nan(ind)

Costo_test: 0.216294
Precision_test: -nan(ind)
Recall_test: 0.000000
F1_test: -nan(ind)
 

Arquitectura: _2_3_3_3_3_1_
Semilla: 1788087513
Segundos: 186
NIteraciones: 100000

Costo_train: 0.223653
Precision_train: -nan(ind)
Recall_train: 0.000000
F1_train: -nan(ind)

Costo_test: 0.216173
Precision_test: -nan(ind)
Recall_test: 0.000000
F1_test: -nan(ind)
 

Arquitectura: _2_3_3_3_3_1_
Semilla: 1788087513
Segundos: 186
NIteraciones: 100000

Costo_train: 0.223731
Precision_train: -nan(ind)
Recall_train: 0.000000
F1_train: -nan(ind)

Costo_test: 0.216283
Precision_test: -nan(ind)
Recall_test: 0.000000
F1_test: -nan(ind)
 

Arquitectura: _2_3_3_3_3_1_
Semilla: 1788087513
Segundos: 186
NIteraciones: 100000

Costo_train: 0.223734
Precision_train: -nan(ind)
Recall_train: 0.000000
F1_train: -nan(ind)

Costo_test: 0.216299
Precision_test: -nan(ind)
Recall_test: 0.000000
F1_test: -nan(ind)
 

Arquitectura: _2_3_3_3_3_1_
Semilla: 1788087513
Segundos: 186
NIteraciones: 100000

Costo_train: 0.223711
Precision_train: -nan(ind)
Recall_train: 0.000000
F1_train: -nan(ind)

Costo_test: 0.216282
Precision_test: -nan(ind)
Recall_test: 0.000000
F1_test: -nan(ind)
 

Arquitectura: _2_3_3_3_3_1_
Semilla: 1788087513
Segundos: 186
NIteraciones: 100000

Costo_train: 0.223728
Precision_train: -nan(ind)
Recall_train: 0.000000
F1_train: -nan(ind)

Costo_test: 0.216274
Precision_test: -nan(ind)
Recall_test: 0.000000
F1_test: -nan(ind)
 

Arquitectura: _2_3_3_3_3_1_
Semilla: 1788087513
Segundos: 186
NIteraciones: 100000

Costo_train: 0.223734
Precision_train: -nan(ind)
Recall_train: 0.000000
F1_train: -nan(ind)

Costo_test: 0.216315
Precision_test: -nan(ind)
Recall_test: 0.000000
F1_test: -nan(ind)
 

Arquitectura: _2_3_3_3_3_1_
Semilla: 1788087513
Segundos: 186
NIteraciones: 100000

Costo_train: 0.223739
Precision_train: -nan(ind)
Recall_train: 0.000000
F1_train: -nan(ind)

Costo_test: 0.216309
Precision_test: -nan(ind)
Recall_test: 0.000000
F1_test: -nan(ind)
 

Arquitectura: _2_3_3_3_3_1_
Semilla: 1788087513
Segundos: 186
NIteraciones: 100000

Costo_train: 0.223732
Precision_train: -nan(ind)
Recall_train: 0.000000
F1_train: -nan(ind)

Costo_test: 0.216291
Precision_test: -nan(ind)
Recall_test: 0.000000
F1_test: -nan(ind)
 

Arquitectura: _2_3_3_3_3_1_
Semilla: 1788087513
Segundos: 186
NIteraciones: 100000

Costo_train: 0.223707
Precision_train: -nan(ind)
Recall_train: 0.000000
F1_train: -nan(ind)

Costo_test: 0.216324
Precision_test: -nan(ind)
Recall_test: 0.000000
F1_test: -nan(ind)
 

Arquitectura: _2_3_3_3_3_1_
Semilla: 1788087513
Segundos: 186
NIteraciones: 100000

Costo_train: 0.223692
Precision_train: -nan(ind)
Recall_train: 0.000000
F1_train: -nan(ind)

Costo_test: 0.216242
Precision_test: -nan(ind)
Recall_test: 0.000000
F1_test: -nan(ind)
 

Arquitectura: _2_3_3_3_3_1_
Semilla: 1788087513
Segundos: 186
NIteraciones: 100000

Costo_train: 0.223731
Precision_train: -nan(ind)
Recall_train: 0.000000
F1_train: -nan(ind)

Costo_test: 0.216290
Precision_test: -nan(ind)
Recall_test: 0.000000
F1_test: -nan(ind)
 

Arquitectura: _2_3_3_3_3_1_
Semilla: 1788087513
Segundos: 186
NIteraciones: 100000

Costo_train: 0.223694
Precision_train: -nan(ind)
Recall_train: 0.000000
F1_train: -nan(ind)

Costo_test: 0.216237
Precision_test: -nan(ind)
Recall_test: 0.000000
F1_test: -nan(ind)
 

Arquitectura: _2_3_3_3_3_1_
Semilla: 1788087513
Segundos: 186
NIteraciones: 100000

Costo_train: 0.223701
Precision_train: -nan(ind)
Recall_train: 0.000000
F1_train: -nan(ind)

Costo_test: 0.216272
Precision_test: -nan(ind)
Recall_test: 0.000000
F1_test: -nan(ind)
 

Arquitectura: _2_3_3_3_3_1_
Semilla: 1788087513
Segundos: 186
NIteraciones: 100000

Costo_train: 0.223736
Precision_train: -nan(ind)
Recall_train: 0.000000
F1_train: -nan(ind)

Costo_test: 0.216283
Precision_test: -nan(ind)
Recall_test: 0.000000
F1_test: -nan(ind)
 

Arquitectura: _2_3_3_3_3_1_
Semilla: 1788087513
Segundos: 186
NIteraciones: 100000

Costo_train: 0.223733
Precision_train: -nan(ind)
Recall_train: 0.000000
F1_train: -nan(ind)

Costo_test: 0.216323
Precision_test: -nan(ind)
Recall_test: 0.000000
F1_test: -nan(ind)
 

Arquitectura: _2_3_3_3_3_1_
Semilla: 1788087513
Segundos: 186
NIteraciones: 100000

Costo_train: 0.223740
Precision_train: -nan(ind)
Recall_train: 0.000000
F1_train: -nan(ind)

Costo_test: 0.216299
Precision_test: -nan(ind)
Recall_test: 0.000000
F1_test: -nan(ind)
 

Arquitectura: _2_3_3_3_3_1_
Semilla: 1788087513
Segundos: 186
NIteraciones: 100000

Costo_train: 0.223723
Precision_train: -nan(ind)
Recall_train: 0.000000
F1_train: -nan(ind)

Costo_test: 0.216299
Precision_test: -nan(ind)
Recall_test: 0.000000
F1_test: -nan(ind)
 

Arquitectura: _2_3_3_3_3_1_
Semilla: 1788087513
Segundos: 186
NIteraciones: 100000

Costo_train: 0.223724
Precision_train: -nan(ind)
Recall_train: 0.000000
F1_train: -nan(ind)

Costo_test: 0.216289
Precision_test: -nan(ind)
Recall_test: 0.000000
F1_test: -nan(ind)
 

Arquitectura: _2_3_3_3_3_1_
Semilla: 1788087513
Segundos: 186
NIteraciones: 100000

Costo_train: 0.223666
Precision_train: -nan(ind)
Recall_train: 0.000000
F1_train: -nan(ind)

Costo_test: 0.216251
Precision_test: -nan(ind)
Recall_test: 0.000000
F1_test: -nan(ind)
 

Arquitectura: _2_3_3_3_3_1_
Semilla: 1788087513
Segundos: 186
NIteraciones: 100000

Costo_train: 0.223738
Precision_train: -nan(ind)
Recall_train: 0.000000
F1_train: -nan(ind)

Costo_test: 0.216352
Precision_test: -nan(ind)
Recall_test: 0.000000
F1_test: -nan(ind)
 

Arquitectura: _2_3_3_3_3_1_
Semilla: 1788087513
Segundos: 186
NIteraciones: 100000

Costo_train: 0.223722
Precision_train: -nan(ind)
Recall_train: 0.000000
F1_train: -nan(ind)

Costo_test: 0.216301
Precision_test: -nan(ind)
Recall_test: 0.000000
F1_test: -nan(ind)
 

Arquitectura: _2_3_3_3_3_1_
Semilla: 1788087513
Segundos: 186
NIteraciones: 100000

Costo_train: 0.223733
Precision_train: -nan(ind)
Recall_train: 0.000000
F1_train: -nan(ind)

Costo_test: 0.216297
Precision_test: -nan(ind)
Recall_test: 0.000000
F1_test: -nan(ind)
 

Arquitectura: _2_3_3_3_3_1_
Semilla: 1788087513
Segundos: 186
NIteraciones: 100000

Costo_train: 0.223711
Precision_train: -nan(ind)
Recall_train: 0.000000
F1_train: -nan(ind)

Costo_test: 0.216266
Precision_test: -nan(ind)
Recall_test: 0.000000
F1_test: -nan(ind)
 

Arquitectura: _2_3_3_3_3_1_
Semilla: 1788087513
Segundos: 186
NIteraciones: 100000

Costo_train: 0.223644
Precision_train: -nan(ind)
Recall_train: 0.000000
F1_train: -nan(ind)

Costo_test: 0.216147
Precision_test: -nan(ind)
Recall_test: 0.000000
F1_test: -nan(ind)
 

Arquitectura: _2_3_3_3_3_1_
Semilla: 1788087513
Segundos: 186
NIteraciones: 100000

Costo_train: 0.223704
Precision_train: -nan(ind)
Recall_train: 0.000000
F1_train: -nan(ind)

Costo_test: 0.216295
Precision_test: -nan(ind)
Recall_test: 0.000000
F1_test: -nan(ind)
 

Arquitectura: _2_3_3_3_3_1_
Semilla: 1788087513
Segundos: 186
NIteraciones: 100000

Costo_train: 0.223573
Precision_train: -nan(ind)
Recall_train: 0.000000
F1_train: -nan(ind)

Costo_test: 0.216003
Precision_test: -nan(ind)
Recall_test: 0.000000
F1_test: -nan(ind)
 

Arquitectura: _2_3_3_3_3_1_
Semilla: 1788087513
Segundos: 186
NIteraciones: 100000

Costo_train: 0.223727
Precision_train: -nan(ind)
Recall_train: 0.000000
F1_train: -nan(ind)

Costo_test: 0.216298
Precision_test: -nan(ind)
Recall_test: 0.000000
F1_test: -nan(ind)
 

Arquitectura: _2_3_3_3_3_1_
Semilla: 1788087513
Segundos: 186
NIteraciones: 100000

Costo_train: 0.223684
Precision_train: -nan(ind)
Recall_train: 0.000000
F1_train: -nan(ind)

Costo_test: 0.216256
Precision_test: -nan(ind)
Recall_test: 0.000000
F1_test: -nan(ind)
 

Arquitectura: _2_3_3_3_3_1_
Semilla: 1788087513
Segundos: 186
NIteraciones: 100000

Costo_train: 0.223742
Precision_train: -nan(ind)
Recall_train: 0.000000
F1_train: -nan(ind)

Costo_test: 0.216318
Precision_test: -nan(ind)
Recall_test: 0.000000
F1_test: -nan(ind)
 

Arquitectura: _2_3_3_3_3_1_
Semilla: 1788087513
Segundos: 186
NIteraciones: 100000

Costo_train: 0.223744
Precision_train: -nan(ind)
Recall_train: 0.000000
F1_train: -nan(ind)

Costo_test: 0.216342
Precision_test: -nan(ind)
Recall_test: 0.000000
F1_test: -nan(ind)
 

Arquitectura: _2_3_3_3_3_1_
Semilla: 1788087513
Segundos: 186
NIteraciones: 100000

Costo_train: 0.223664
Precision_train: -nan(ind)
Recall_train: 0.000000
F1_train: -nan(ind)

Costo_test: 0.216200
Precision_test: -nan(ind)
Recall_test: 0.000000
F1_test: -nan(ind)
 

Arquitectura: _2_3_3_3_3_1_
Semilla: 1788087513
Segundos: 186
NIteraciones: 100000

Costo_train: 0.223735
Precision_train: -nan(ind)
Recall_train: 0.000000
F1_train: -nan(ind)

Costo_test: 0.216301
Precision_test: -nan(ind)
Recall_test: 0.000000
F1_test: -nan(ind)
 

Arquitectura: _2_3_3_3_3_1_
Semilla: 1788087513
Segundos: 186
NIteraciones: 100000

Costo_train: 0.223679
Precision_train: -nan(ind)
Recall_train: 0.000000
F1_train: -nan(ind)

Costo_test: 0.216211
Precision_test: -nan(ind)
Recall_test: 0.000000
F1_test: -nan(ind)
 

Arquitectura: _2_3_3_3_3_1_
Semilla: 1788087513
Segundos: 186
NIteraciones: 100000

Costo_train: 0.223730
Precision_train: -nan(ind)
Recall_train: 0.000000
F1_train: -nan(ind)

Costo_test: 0.216297
Precision_test: -nan(ind)
Recall_test: 0.000000
F1_test: -nan(ind)
 

Arquitectura: _2_3_3_3_3_1_
Semilla: 1788087513
Segundos: 186
NIteraciones: 100000

Costo_train: 0.223735
Precision_train: -nan(ind)
Recall_train: 0.000000
F1_train: -nan(ind)

Costo_test: 0.216304
Precision_test: -nan(ind)
Recall_test: 0.000000
F1_test: -nan(ind)
 

Arquitectura: _2_3_3_3_3_1_
Semilla: 1788087513
Segundos: 186
NIteraciones: 100000

Costo_train: 0.223727
Precision_train: -nan(ind)
Recall_train: 0.000000
F1_train: -nan(ind)

Costo_test: 0.216304
Precision_test: -nan(ind)
Recall_test: 0.000000
F1_test: -nan(ind)
 

Arquitectura: _2_3_3_3_3_1_
Semilla: 1788087513
Segundos: 186
NIteraciones: 100000

Costo_train: 0.223726
Precision_train: -nan(ind)
Recall_train: 0.000000
F1_train: -nan(ind)

Costo_test: 0.216298
Precision_test: -nan(ind)
Recall_test: 0.000000
F1_test: -nan(ind)
 

Arquitectura: _2_3_3_3_3_1_
Semilla: 1788087513
Segundos: 186
NIteraciones: 100000

Costo_train: 0.223677
Precision_train: -nan(ind)
Recall_train: 0.000000
F1_train: -nan(ind)

Costo_test: 0.216143
Precision_test: -nan(ind)
Recall_test: 0.000000
F1_test: -nan(ind)
 

Arquitectura: _2_3_3_3_3_1_
Semilla: 1788087513
Segundos: 186
NIteraciones: 100000

Costo_train: 0.223742
Precision_train: -nan(ind)
Recall_train: 0.000000
F1_train: -nan(ind)

Costo_test: 0.216328
Precision_test: -nan(ind)
Recall_test: 0.000000
F1_test: -nan(ind)
 

Arquitectura: _2_3_3_3_3_1_
Semilla: 1788087513
Segundos: 186
NIteraciones: 100000

Costo_train: 0.223689
Precision_train: -nan(ind)
Recall_train: 0.000000
F1_train: -nan(ind)

Costo_test: 0.216256
Precision_test: -nan(ind)
Recall_test: 0.000000
F1_test: -nan(ind)
 

Arquitectura: _2_3_3_3_3_1_
Semilla: 1788087513
Segundos: 186
NIteraciones: 100000

Costo_train: 0.223748
Precision_train: -nan(ind)
Recall_train: 0.000000
F1_train: -nan(ind)

Costo_test: 0.216273
Precision_test: -nan(ind)
Recall_test: 0.000000
F1_test: -nan(ind)
 

Arquitectura: _2_3_3_3_3_1_
Semilla: 1788087513
Segundos: 186
NIteraciones: 100000

Costo_train: 0.223731
Precision_train: -nan(ind)
Recall_train: 0.000000
F1_train: -nan(ind)

Costo_test: 0.216283
Precision_test: -nan(ind)
Recall_test: 0.000000
F1_test: -nan(ind)
 

Arquitectura: _2_3_3_3_3_1_
Semilla: 1788087513
Segundos: 186
NIteraciones: 100000

Costo_train: 0.223720
Precision_train: -nan(ind)
Recall_train: 0.000000
F1_train: -nan(ind)

Costo_test: 0.216324
Precision_test: -nan(ind)
Recall_test: 0.000000
F1_test: -nan(ind)
 

Arquitectura: _2_3_3_3_3_1_
Semilla: 1788087513
Segundos: 186
NIteraciones: 100000

Costo_train: 0.223733
Precision_train: -nan(ind)
Recall_train: 0.000000
F1_train: -nan(ind)

Costo_test: 0.216310
Precision_test: -nan(ind)
Recall_test: 0.000000
F1_test: -nan(ind)
 

Arquitectura: _2_3_3_3_3_1_
Semilla: 1788087513
Segundos: 186
NIteraciones: 100000

Costo_train: 0.223738
Precision_train: -nan(ind)
Recall_train: 0.000000
F1_train: -nan(ind)

Costo_test: 0.216311
Precision_test: -nan(ind)
Recall_test: 0.000000
F1_test: -nan(ind)
 

Arquitectura: _2_3_3_3_3_1_
Semilla: 1788087513
Segundos: 186
NIteraciones: 100000

Costo_train: 0.223714
Precision_train: -nan(ind)
Recall_train: 0.000000
F1_train: -nan(ind)

Costo_test: 0.216255
Precision_test: -nan(ind)
Recall_test: 0.000000
F1_test: -nan(ind)
 

Arquitectura: _2_3_3_3_3_1_
Semilla: 1788087513
Segundos: 186
NIteraciones: 100000

Costo_train: 0.223729
Precision_train: -nan(ind)
Recall_train: 0.000000
F1_train: -nan(ind)

Costo_test: 0.216305
Precision_test: -nan(ind)
Recall_test: 0.000000
F1_test: -nan(ind)
 

Arquitectura: _2_3_3_3_3_1_
Semilla: 1788087513
Segundos: 186
NIteraciones: 100000

Costo_train: 0.223729
Precision_train: -nan(ind)
Recall_train: 0.000000
F1_train: -nan(ind)

Costo_test: 0.216297
Precision_test: -nan(ind)
Recall_test: 0.000000
F1_test: -nan(ind)
 

Arquitectura: _2_3_3_3_3_1_
Semilla: 1788087513
Segundos: 186
NIteraciones: 100000

Costo_train: 0.223735
Precision_train: -nan(ind)
Recall_train: 0.000000
F1_train: -nan(ind)

Costo_test: 0.216310
Precision_test: -nan(ind)
Recall_test: 0.000000
F1_test: -nan(ind)
 


--- Test Angosta 5.0 ---
Iteración 10000
Costo: 0.223209
Iteración 20000
Costo: 0.222024
Iteración 30000
Costo: 0.208946
Iteración 40000
Costo: 0.188648
Iteración 50000
Costo: 0.168894
Iteración 60000
Costo: 0.124405
Iteración 70000
Costo: 0.069507
Iteración 80000
Costo: 0.039279
Iteración 90000
Costo: 0.025412

Arquitectura: _2_15_1_
Semilla: 1788087699
Segundos: 57
NIteraciones: 100000

Costo_train: 0.018436
Precision_train: 0.990826
Recall_train: 1.000000
F1_train: 0.995392

Costo_test: 0.017413
Precision_test: 0.976744
Recall_test: 1.000000
F1_test: 0.988235
 

Arquitectura: _2_15_1_
Semilla: 1788087699
Segundos: 57
NIteraciones: 100000

Costo_train: 0.014493
Precision_train: 0.996303
Recall_train: 0.998148
F1_train: 0.997225

Costo_test: 0.013593
Precision_test: 0.984375
Recall_test: 1.000000
F1_test: 0.992126
 

Arquitectura: _2_15_1_
Semilla: 1788087699
Segundos: 57
NIteraciones: 100000

Costo_train: 0.016622
Precision_train: 0.992647
Recall_train: 1.000000
F1_train: 0.996310

Costo_test: 0.015968
Precision_test: 0.984252
Recall_test: 0.992063
F1_test: 0.988142
 

Arquitectura: _2_15_1_
Semilla: 1788087699
Segundos: 57
NIteraciones: 100000

Costo_train: 0.018380
Precision_train: 0.985401
Recall_train: 1.000000
F1_train: 0.992647

Costo_test: 0.018252
Precision_test: 0.992126
Recall_test: 1.000000
F1_test: 0.996047
 

Arquitectura: _2_15_1_
Semilla: 1788087699
Segundos: 57
NIteraciones: 100000

Costo_train: 0.014449
Precision_train: 0.994465
Recall_train: 0.998148
F1_train: 0.996303

Costo_test: 0.013787
Precision_test: 0.992126
Recall_test: 1.000000
F1_test: 0.996047
 

Arquitectura: _2_15_1_
Semilla: 1788087699
Segundos: 57
NIteraciones: 100000

Costo_train: 0.022797
Precision_train: 0.988991
Recall_train: 0.998148
F1_train: 0.993548

Costo_test: 0.021975
Precision_test: 0.976744
Recall_test: 1.000000
F1_test: 0.988235
 

Arquitectura: _2_15_1_
Semilla: 1788087699
Segundos: 57
NIteraciones: 100000

Costo_train: 0.029876
Precision_train: 0.980916
Recall_train: 0.951852
F1_train: 0.966165

Costo_test: 0.025262
Precision_test: 0.968254
Recall_test: 0.968254
F1_test: 0.968254
 

Arquitectura: _2_15_1_
Semilla: 1788087699
Segundos: 57
NIteraciones: 100000

Costo_train: 0.014716
Precision_train: 0.992647
Recall_train: 1.000000
F1_train: 0.996310

Costo_test: 0.013750
Precision_test: 0.984375
Recall_test: 1.000000
F1_test: 0.992126
 

Arquitectura: _2_15_1_
Semilla: 1788087699
Segundos: 57
NIteraciones: 100000

Costo_train: 0.019134
Precision_train: 0.988971
Recall_train: 0.996296
F1_train: 0.992620

Costo_test: 0.017774
Precision_test: 0.984375
Recall_test: 1.000000
F1_test: 0.992126
 

Arquitectura: _2_15_1_
Semilla: 1788087699
Segundos: 57
NIteraciones: 100000

Costo_train: 0.017572
Precision_train: 0.992647
Recall_train: 1.000000
F1_train: 0.996310

Costo_test: 0.015891
Precision_test: 0.984375
Recall_test: 1.000000
F1_test: 0.992126
 

Arquitectura: _2_15_1_
Semilla: 1788087699
Segundos: 57
NIteraciones: 100000

Costo_train: 0.020324
Precision_train: 0.981818
Recall_train: 1.000000
F1_train: 0.990826

Costo_test: 0.021769
Precision_test: 0.984375
Recall_test: 1.000000
F1_test: 0.992126
 

Arquitectura: _2_15_1_
Semilla: 1788087699
Segundos: 57
NIteraciones: 100000

Costo_train: 0.031135
Precision_train: 0.965950
Recall_train: 0.998148
F1_train: 0.981785

Costo_test: 0.033162
Precision_test: 0.947368
Recall_test: 1.000000
F1_test: 0.972973
 

Arquitectura: _2_15_1_
Semilla: 1788087699
Segundos: 57
NIteraciones: 100000

Costo_train: 0.017941
Precision_train: 0.988991
Recall_train: 0.998148
F1_train: 0.993548

Costo_test: 0.017084
Precision_test: 0.976744
Recall_test: 1.000000
F1_test: 0.988235
 

Arquitectura: _2_15_1_
Semilla: 1788087699
Segundos: 57
NIteraciones: 100000

Costo_train: 0.015708
Precision_train: 0.985348
Recall_train: 0.996296
F1_train: 0.990792

Costo_test: 0.015407
Precision_test: 0.968504
Recall_test: 0.976190
F1_test: 0.972332
 

Arquitectura: _2_15_1_
Semilla: 1788087699
Segundos: 57
NIteraciones: 100000

Costo_train: 0.036632
Precision_train: 0.986301
Recall_train: 0.933333
F1_train: 0.959087

Costo_test: 0.033611
Precision_test: 0.966942
Recall_test: 0.928571
F1_test: 0.947368
 

Arquitectura: _2_15_1_
Semilla: 1788087699
Segundos: 57
NIteraciones: 100000

Costo_train: 0.041303
Precision_train: 0.969754
Recall_train: 0.950000
F1_train: 0.959776

Costo_test: 0.041227
Precision_test: 0.950820
Recall_test: 0.920635
F1_test: 0.935484
 

Arquitectura: _2_15_1_
Semilla: 1788087699
Segundos: 57
NIteraciones: 100000

Costo_train: 0.014897
Precision_train: 0.990826
Recall_train: 1.000000
F1_train: 0.995392

Costo_test: 0.014152
Precision_test: 0.984375
Recall_test: 1.000000
F1_test: 0.992126
 

Arquitectura: _2_15_1_
Semilla: 1788087699
Segundos: 57
NIteraciones: 100000

Costo_train: 0.020628
Precision_train: 0.988991
Recall_train: 0.998148
F1_train: 0.993548

Costo_test: 0.019570
Precision_test: 0.969231
Recall_test: 1.000000
F1_test: 0.984375
 

Arquitectura: _2_15_1_
Semilla: 1788087699
Segundos: 57
NIteraciones: 100000

Costo_train: 0.021815
Precision_train: 0.987203
Recall_train: 1.000000
F1_train: 0.993560

Costo_test: 0.021551
Precision_test: 0.976744
Recall_test: 1.000000
F1_test: 0.988235
 

Arquitectura: _2_15_1_
Semilla: 1788087699
Segundos: 57
NIteraciones: 100000

Costo_train: 0.016951
Precision_train: 0.990826
Recall_train: 1.000000
F1_train: 0.995392

Costo_test: 0.017395
Precision_test: 0.984375
Recall_test: 1.000000
F1_test: 0.992126
 

Arquitectura: _2_15_1_
Semilla: 1788087699
Segundos: 57
NIteraciones: 100000

Costo_train: 0.021253
Precision_train: 0.988950
Recall_train: 0.994444
F1_train: 0.991690

Costo_test: 0.020119
Precision_test: 0.969231
Recall_test: 1.000000
F1_test: 0.984375
 

Arquitectura: _2_15_1_
Semilla: 1788087699
Segundos: 57
NIteraciones: 100000

Costo_train: 0.015775
Precision_train: 0.992647
Recall_train: 1.000000
F1_train: 0.996310

Costo_test: 0.014953
Precision_test: 0.984375
Recall_test: 1.000000
F1_test: 0.992126
 

Arquitectura: _2_15_1_
Semilla: 1788087699
Segundos: 57
NIteraciones: 100000

Costo_train: 0.013599
Precision_train: 0.994475
Recall_train: 1.000000
F1_train: 0.997230

Costo_test: 0.013277
Precision_test: 0.984375
Recall_test: 1.000000
F1_test: 0.992126
 

Arquitectura: _2_15_1_
Semilla: 1788087699
Segundos: 57
NIteraciones: 100000

Costo_train: 0.022422
Precision_train: 0.983516
Recall_train: 0.994444
F1_train: 0.988950

Costo_test: 0.021654
Precision_test: 0.968504
Recall_test: 0.976190
F1_test: 0.972332
 

Arquitectura: _2_15_1_
Semilla: 1788087699
Segundos: 57
NIteraciones: 100000

Costo_train: 0.017807
Precision_train: 0.992647
Recall_train: 1.000000
F1_train: 0.996310

Costo_test: 0.018660
Precision_test: 0.984375
Recall_test: 1.000000
F1_test: 0.992126
 

Arquitectura: _2_15_1_
Semilla: 1788087699
Segundos: 57
NIteraciones: 100000

Costo_train: 0.020609
Precision_train: 0.985375
Recall_train: 0.998148
F1_train: 0.991720

Costo_test: 0.019529
Precision_test: 0.969231
Recall_test: 1.000000
F1_test: 0.984375
 

Arquitectura: _2_15_1_
Semilla: 1788087699
Segundos: 57
NIteraciones: 100000

Costo_train: 0.017396
Precision_train: 0.994475
Recall_train: 1.000000
F1_train: 0.997230

Costo_test: 0.016081
Precision_test: 0.984375
Recall_test: 1.000000
F1_test: 0.992126
 

Arquitectura: _2_15_1_
Semilla: 1788087699
Segundos: 57
NIteraciones: 100000

Costo_train: 0.024415
Precision_train: 0.990809
Recall_train: 0.998148
F1_train: 0.994465

Costo_test: 0.023510
Precision_test: 0.984375
Recall_test: 1.000000
F1_test: 0.992126
 

Arquitectura: _2_15_1_
Semilla: 1788087699
Segundos: 57
NIteraciones: 100000

Costo_train: 0.020886
Precision_train: 0.988991
Recall_train: 0.998148
F1_train: 0.993548

Costo_test: 0.020492
Precision_test: 0.984252
Recall_test: 0.992063
F1_test: 0.988142
 

Arquitectura: _2_15_1_
Semilla: 1788087699
Segundos: 57
NIteraciones: 100000

Costo_train: 0.080338
Precision_train: 0.970833
Recall_train: 0.862963
F1_train: 0.913726

Costo_test: 0.076651
Precision_test: 0.950000
Recall_test: 0.904762
F1_test: 0.926829
 

Arquitectura: _2_15_1_
Semilla: 1788087699
Segundos: 57
NIteraciones: 100000

Costo_train: 0.026071
Precision_train: 0.987203
Recall_train: 1.000000
F1_train: 0.993560

Costo_test: 0.024311
Precision_test: 0.984375
Recall_test: 1.000000
F1_test: 0.992126
 

Arquitectura: _2_15_1_
Semilla: 1788087699
Segundos: 57
NIteraciones: 100000

Costo_train: 0.018870
Precision_train: 0.987179
Recall_train: 0.998148
F1_train: 0.992633

Costo_test: 0.019120
Precision_test: 0.969231
Recall_test: 1.000000
F1_test: 0.984375
 

Arquitectura: _2_15_1_
Semilla: 1788087699
Segundos: 57
NIteraciones: 100000

Costo_train: 0.023673
Precision_train: 0.985075
Recall_train: 0.977778
F1_train: 0.981413

Costo_test: 0.021361
Precision_test: 0.968750
Recall_test: 0.984127
F1_test: 0.976378
 

Arquitectura: _2_15_1_
Semilla: 1788087699
Segundos: 57
NIteraciones: 100000

Costo_train: 0.014165
Precision_train: 0.996310
Recall_train: 1.000000
F1_train: 0.998152

Costo_test: 0.013855
Precision_test: 0.992126
Recall_test: 1.000000
F1_test: 0.996047
 

Arquitectura: _2_15_1_
Semilla: 1788087699
Segundos: 57
NIteraciones: 100000

Costo_train: 0.013470
Precision_train: 0.990809
Recall_train: 0.998148
F1_train: 0.994465

Costo_test: 0.012409
Precision_test: 0.984375
Recall_test: 1.000000
F1_test: 0.992126
 

Arquitectura: _2_15_1_
Semilla: 1788087699
Segundos: 57
NIteraciones: 100000

Costo_train: 0.023898
Precision_train: 0.987179
Recall_train: 0.998148
F1_train: 0.992633

Costo_test: 0.022596
Precision_test: 0.968750
Recall_test: 0.984127
F1_test: 0.976378
 

Arquitectura: _2_15_1_
Semilla: 1788087699
Segundos: 57
NIteraciones: 100000

Costo_train: 0.019341
Precision_train: 0.992647
Recall_train: 1.000000
F1_train: 0.996310

Costo_test: 0.017543
Precision_test: 0.992126
Recall_test: 1.000000
F1_test: 0.996047
 

Arquitectura: _2_15_1_
Semilla: 1788087699
Segundos: 57
NIteraciones: 100000

Costo_train: 0.015025
Precision_train: 0.996310
Recall_train: 1.000000
F1_train: 0.998152

Costo_test: 0.014720
Precision_test: 0.984375
Recall_test: 1.000000
F1_test: 0.992126
 

Arquitectura: _2_15_1_
Semilla: 1788087699
Segundos: 57
NIteraciones: 100000

Costo_train: 0.020195
Precision_train: 0.987132
Recall_train: 0.994444
F1_train: 0.990775

Costo_test: 0.019113
Precision_test: 0.969231
Recall_test: 1.000000
F1_test: 0.984375
 

Arquitectura: _2_15_1_
Semilla: 1788087699
Segundos: 57
NIteraciones: 100000

Costo_train: 0.016027
Precision_train: 0.996310
Recall_train: 1.000000
F1_train: 0.998152

Costo_test: 0.015594
Precision_test: 0.984375
Recall_test: 1.000000
F1_test: 0.992126
 

Arquitectura: _2_15_1_
Semilla: 1788087699
Segundos: 57
NIteraciones: 100000

Costo_train: 0.015023
Precision_train: 0.990826
Recall_train: 1.000000
F1_train: 0.995392

Costo_test: 0.014485
Precision_test: 0.984252
Recall_test: 0.992063
F1_test: 0.988142
 

Arquitectura: _2_15_1_
Semilla: 1788087699
Segundos: 57
NIteraciones: 100000

Costo_train: 0.025591
Precision_train: 0.994475
Recall_train: 1.000000
F1_train: 0.997230

Costo_test: 0.024693
Precision_test: 0.984375
Recall_test: 1.000000
F1_test: 0.992126
 

Arquitectura: _2_15_1_
Semilla: 1788087699
Segundos: 57
NIteraciones: 100000

Costo_train: 0.015898
Precision_train: 0.989011
Recall_train: 1.000000
F1_train: 0.994475

Costo_test: 0.014912
Precision_test: 0.984375
Recall_test: 1.000000
F1_test: 0.992126
 

Arquitectura: _2_15_1_
Semilla: 1788087699
Segundos: 57
NIteraciones: 100000

Costo_train: 0.022872
Precision_train: 0.990809
Recall_train: 0.998148
F1_train: 0.994465

Costo_test: 0.021021
Precision_test: 0.976562
Recall_test: 0.992063
F1_test: 0.984252
 

Arquitectura: _2_15_1_
Semilla: 1788087699
Segundos: 57
NIteraciones: 100000

Costo_train: 0.016656
Precision_train: 0.990809
Recall_train: 0.998148
F1_train: 0.994465

Costo_test: 0.016394
Precision_test: 0.976744
Recall_test: 1.000000
F1_test: 0.988235
 

Arquitectura: _2_15_1_
Semilla: 1788087699
Segundos: 57
NIteraciones: 100000

Costo_train: 0.014702
Precision_train: 0.994475
Recall_train: 1.000000
F1_train: 0.997230

Costo_test: 0.015387
Precision_test: 0.992126
Recall_test: 1.000000
F1_test: 0.996047
 

Arquitectura: _2_15_1_
Semilla: 1788087699
Segundos: 57
NIteraciones: 100000

Costo_train: 0.017660
Precision_train: 0.988991
Recall_train: 0.998148
F1_train: 0.993548

Costo_test: 0.016698
Precision_test: 0.969231
Recall_test: 1.000000
F1_test: 0.984375
 

Arquitectura: _2_15_1_
Semilla: 1788087699
Segundos: 57
NIteraciones: 100000

Costo_train: 0.021098
Precision_train: 0.985401
Recall_train: 1.000000
F1_train: 0.992647

Costo_test: 0.022414
Precision_test: 0.992126
Recall_test: 1.000000
F1_test: 0.996047
 

Arquitectura: _2_15_1_
Semilla: 1788087699
Segundos: 57
NIteraciones: 100000

Costo_train: 0.021953
Precision_train: 0.980036
Recall_train: 1.000000
F1_train: 0.989918

Costo_test: 0.023208
Precision_test: 0.976744
Recall_test: 1.000000
F1_test: 0.988235
 

Arquitectura: _2_15_1_
Semilla: 1788087699
Segundos: 57
NIteraciones: 100000

Costo_train: 0.015600
Precision_train: 0.994475
Recall_train: 1.000000
F1_train: 0.997230

Costo_test: 0.014841
Precision_test: 0.984375
Recall_test: 1.000000
F1_test: 0.992126
 

Arquitectura: _2_15_1_
Semilla: 1788087699
Segundos: 57
NIteraciones: 100000

Costo_train: 0.016899
Precision_train: 0.990826
Recall_train: 1.000000
F1_train: 0.995392

Costo_test: 0.017048
Precision_test: 0.992126
Recall_test: 1.000000
F1_test: 0.996047
 

Arquitectura: _2_15_1_
Semilla: 1788087699
Segundos: 57
NIteraciones: 100000

Costo_train: 0.015983
Precision_train: 0.994475
Recall_train: 1.000000
F1_train: 0.997230

Costo_test: 0.015496
Precision_test: 0.984375
Recall_test: 1.000000
F1_test: 0.992126
 

Arquitectura: _2_15_1_
Semilla: 1788087699
Segundos: 57
NIteraciones: 100000

Costo_train: 0.073462
Precision_train: 0.975000
Recall_train: 0.866667
F1_train: 0.917647

Costo_test: 0.069162
Precision_test: 0.974138
Recall_test: 0.896825
F1_test: 0.933884
 

Arquitectura: _2_15_1_
Semilla: 1788087699
Segundos: 57
NIteraciones: 100000

Costo_train: 0.022806
Precision_train: 0.981818
Recall_train: 1.000000
F1_train: 0.990826

Costo_test: 0.024041
Precision_test: 0.976744
Recall_test: 1.000000
F1_test: 0.988235
 

Arquitectura: _2_15_1_
Semilla: 1788087699
Segundos: 57
NIteraciones: 100000

Costo_train: 0.028894
Precision_train: 0.989011
Recall_train: 1.000000
F1_train: 0.994475

Costo_test: 0.030294
Precision_test: 0.992126
Recall_test: 1.000000
F1_test: 0.996047
 

Arquitectura: _2_15_1_
Semilla: 1788087699
Segundos: 57
NIteraciones: 100000

Costo_train: 0.016625
Precision_train: 0.992647
Recall_train: 1.000000
F1_train: 0.996310

Costo_test: 0.015560
Precision_test: 0.984375
Recall_test: 1.000000
F1_test: 0.992126
 

Arquitectura: _2_15_1_
Semilla: 1788087699
Segundos: 57
NIteraciones: 100000

Costo_train: 0.016133
Precision_train: 0.996310
Recall_train: 1.000000
F1_train: 0.998152

Costo_test: 0.016078
Precision_test: 0.984375
Recall_test: 1.000000
F1_test: 0.992126
 

Arquitectura: _2_15_1_
Semilla: 1788087699
Segundos: 57
NIteraciones: 100000

Costo_train: 0.010742
Precision_train: 0.996310
Recall_train: 1.000000
F1_train: 0.998152

Costo_test: 0.010668
Precision_test: 0.976744
Recall_test: 1.000000
F1_test: 0.988235
 

Arquitectura: _2_15_1_
Semilla: 1788087699
Segundos: 57
NIteraciones: 100000

Costo_train: 0.023260
Precision_train: 0.985401
Recall_train: 1.000000
F1_train: 0.992647

Costo_test: 0.022910
Precision_test: 0.984375
Recall_test: 1.000000
F1_test: 0.992126
 

Arquitectura: _2_15_1_
Semilla: 1788087699
Segundos: 57
NIteraciones: 100000

Costo_train: 0.026137
Precision_train: 0.987203
Recall_train: 1.000000
F1_train: 0.993560

Costo_test: 0.027077
Precision_test: 0.984375
Recall_test: 1.000000
F1_test: 0.992126
 

Arquitectura: _2_15_1_
Semilla: 1788087699
Segundos: 57
NIteraciones: 100000

Costo_train: 0.017217
Precision_train: 0.989011
Recall_train: 1.000000
F1_train: 0.994475

Costo_test: 0.017115
Precision_test: 0.992126
Recall_test: 1.000000
F1_test: 0.996047
 

Arquitectura: _2_15_1_
Semilla: 1788087699
Segundos: 57
NIteraciones: 100000

Costo_train: 0.015511
Precision_train: 0.996310
Recall_train: 1.000000
F1_train: 0.998152

Costo_test: 0.014600
Precision_test: 0.984375
Recall_test: 1.000000
F1_test: 0.992126
 

Arquitectura: _2_15_1_
Semilla: 1788087699
Segundos: 57
NIteraciones: 100000

Costo_train: 0.022974
Precision_train: 0.980036
Recall_train: 1.000000
F1_train: 0.989918

Costo_test: 0.024874
Precision_test: 0.984375
Recall_test: 1.000000
F1_test: 0.992126
 

Arquitectura: _2_15_1_
Semilla: 1788087699
Segundos: 57
NIteraciones: 100000

Costo_train: 0.018111
Precision_train: 0.989011
Recall_train: 1.000000
F1_train: 0.994475

Costo_test: 0.018599
Precision_test: 0.984375
Recall_test: 1.000000
F1_test: 0.992126
 

Arquitectura: _2_15_1_
Semilla: 1788087699
Segundos: 57
NIteraciones: 100000

Costo_train: 0.017723
Precision_train: 0.988991
Recall_train: 0.998148
F1_train: 0.993548

Costo_test: 0.017018
Precision_test: 0.976744
Recall_test: 1.000000
F1_test: 0.988235
 

Arquitectura: _2_15_1_
Semilla: 1788087699
Segundos: 57
NIteraciones: 100000

Costo_train: 0.049800
Precision_train: 0.981273
Recall_train: 0.970370
F1_train: 0.975791

Costo_test: 0.048032
Precision_test: 0.984252
Recall_test: 0.992063
F1_test: 0.988142
 

Arquitectura: _2_15_1_
Semilla: 1788087699
Segundos: 57
NIteraciones: 100000

Costo_train: 0.016026
Precision_train: 0.994465
Recall_train: 0.998148
F1_train: 0.996303

Costo_test: 0.014646
Precision_test: 0.984375
Recall_test: 1.000000
F1_test: 0.992126
 

Arquitectura: _2_15_1_
Semilla: 1788087699
Segundos: 57
NIteraciones: 100000

Costo_train: 0.049109
Precision_train: 0.986193
Recall_train: 0.925926
F1_train: 0.955110

Costo_test: 0.045588
Precision_test: 0.975000
Recall_test: 0.928571
F1_test: 0.951219
 

Arquitectura: _2_15_1_
Semilla: 1788087699
Segundos: 57
NIteraciones: 100000

Costo_train: 0.016868
Precision_train: 0.992647
Recall_train: 1.000000
F1_train: 0.996310

Costo_test: 0.015904
Precision_test: 0.976744
Recall_test: 1.000000
F1_test: 0.988235
 

Arquitectura: _2_15_1_
Semilla: 1788087699
Segundos: 57
NIteraciones: 100000

Costo_train: 0.018992
Precision_train: 0.987203
Recall_train: 1.000000
F1_train: 0.993560

Costo_test: 0.018533
Precision_test: 0.992126
Recall_test: 1.000000
F1_test: 0.996047
 

Arquitectura: _2_15_1_
Semilla: 1788087699
Segundos: 57
NIteraciones: 100000

Costo_train: 0.023966
Precision_train: 0.987203
Recall_train: 1.000000
F1_train: 0.993560

Costo_test: 0.025124
Precision_test: 0.984375
Recall_test: 1.000000
F1_test: 0.992126
 

Arquitectura: _2_15_1_
Semilla: 1788087699
Segundos: 57
NIteraciones: 100000

Costo_train: 0.042414
Precision_train: 0.985401
Recall_train: 1.000000
F1_train: 0.992647

Costo_test: 0.043871
Precision_test: 0.969231
Recall_test: 1.000000
F1_test: 0.984375
 

Arquitectura: _2_15_1_
Semilla: 1788087699
Segundos: 57
NIteraciones: 100000

Costo_train: 0.024817
Precision_train: 0.980000
Recall_train: 0.998148
F1_train: 0.988991

Costo_test: 0.025183
Precision_test: 0.992126
Recall_test: 1.000000
F1_test: 0.996047
 

Arquitectura: _2_15_1_
Semilla: 1788087699
Segundos: 57
NIteraciones: 100000

Costo_train: 0.030531
Precision_train: 0.987203
Recall_train: 1.000000
F1_train: 0.993560

Costo_test: 0.031750
Precision_test: 0.976744
Recall_test: 1.000000
F1_test: 0.988235
 

Arquitectura: _2_15_1_
Semilla: 1788087699
Segundos: 57
NIteraciones: 100000

Costo_train: 0.016338
Precision_train: 0.988991
Recall_train: 0.998148
F1_train: 0.993548

Costo_test: 0.015547
Precision_test: 0.984375
Recall_test: 1.000000
F1_test: 0.992126
 

Arquitectura: _2_15_1_
Semilla: 1788087699
Segundos: 57
NIteraciones: 100000

Costo_train: 0.027113
Precision_train: 0.976492
Recall_train: 1.000000
F1_train: 0.988106

Costo_test: 0.029881
Precision_test: 0.976744
Recall_test: 1.000000
F1_test: 0.988235
 

Arquitectura: _2_15_1_
Semilla: 1788087699
Segundos: 57
NIteraciones: 100000

Costo_train: 0.020976
Precision_train: 0.987132
Recall_train: 0.994444
F1_train: 0.990775

Costo_test: 0.019455
Precision_test: 0.969231
Recall_test: 1.000000
F1_test: 0.984375
 

Arquitectura: _2_15_1_
Semilla: 1788087699
Segundos: 57
NIteraciones: 100000

Costo_train: 0.022962
Precision_train: 0.987179
Recall_train: 0.998148
F1_train: 0.992633

Costo_test: 0.022548
Precision_test: 0.976744
Recall_test: 1.000000
F1_test: 0.988235
 

Arquitectura: _2_15_1_
Semilla: 1788087699
Segundos: 57
NIteraciones: 100000

Costo_train: 0.018921
Precision_train: 0.992634
Recall_train: 0.998148
F1_train: 0.995383

Costo_test: 0.018362
Precision_test: 0.984252
Recall_test: 0.992063
F1_test: 0.988142
 

Arquitectura: _2_15_1_
Semilla: 1788087699
Segundos: 57
NIteraciones: 100000

Costo_train: 0.140999
Precision_train: 0.903743
Recall_train: 0.625926
F1_train: 0.739606

Costo_test: 0.129201
Precision_test: 0.901099
Recall_test: 0.650794
F1_test: 0.755760
 

Arquitectura: _2_15_1_
Semilla: 1788087699
Segundos: 57
NIteraciones: 100000

Costo_train: 0.012752
Precision_train: 0.992647
Recall_train: 1.000000
F1_train: 0.996310

Costo_test: 0.012364
Precision_test: 0.992126
Recall_test: 1.000000
F1_test: 0.996047
 

Arquitectura: _2_15_1_
Semilla: 1788087699
Segundos: 57
NIteraciones: 100000

Costo_train: 0.023458
Precision_train: 0.989011
Recall_train: 1.000000
F1_train: 0.994475

Costo_test: 0.023609
Precision_test: 0.984375
Recall_test: 1.000000
F1_test: 0.992126
 

Arquitectura: _2_15_1_
Semilla: 1788087699
Segundos: 57
NIteraciones: 100000

Costo_train: 0.013618
Precision_train: 0.994475
Recall_train: 1.000000
F1_train: 0.997230

Costo_test: 0.013455
Precision_test: 0.984375
Recall_test: 1.000000
F1_test: 0.992126
 

Arquitectura: _2_15_1_
Semilla: 1788087699
Segundos: 57
NIteraciones: 100000

Costo_train: 0.018371
Precision_train: 0.996310
Recall_train: 1.000000
F1_train: 0.998152

Costo_test: 0.017564
Precision_test: 0.992063
Recall_test: 0.992063
F1_test: 0.992063
 

Arquitectura: _2_15_1_
Semilla: 1788087699
Segundos: 57
NIteraciones: 100000

Costo_train: 0.017440
Precision_train: 0.992647
Recall_train: 1.000000
F1_train: 0.996310

Costo_test: 0.015574
Precision_test: 0.984375
Recall_test: 1.000000
F1_test: 0.992126
 

Arquitectura: _2_15_1_
Semilla: 1788087699
Segundos: 57
NIteraciones: 100000

Costo_train: 0.030941
Precision_train: 0.980036
Recall_train: 1.000000
F1_train: 0.989918

Costo_test: 0.031122
Precision_test: 0.984375
Recall_test: 1.000000
F1_test: 0.992126
 

Arquitectura: _2_15_1_
Semilla: 1788087699
Segundos: 57
NIteraciones: 100000

Costo_train: 0.015855
Precision_train: 0.994475
Recall_train: 1.000000
F1_train: 0.997230

Costo_test: 0.015882
Precision_test: 0.984375
Recall_test: 1.000000
F1_test: 0.992126
 

Arquitectura: _2_15_1_
Semilla: 1788087699
Segundos: 57
NIteraciones: 100000

Costo_train: 0.015832
Precision_train: 0.992647
Recall_train: 1.000000
F1_train: 0.996310

Costo_test: 0.014909
Precision_test: 0.984375
Recall_test: 1.000000
F1_test: 0.992126
 

Arquitectura: _2_15_1_
Semilla: 1788087699
Segundos: 57
NIteraciones: 100000

Costo_train: 0.023577
Precision_train: 0.980000
Recall_train: 0.998148
F1_train: 0.988991

Costo_test: 0.025627
Precision_test: 0.984375
Recall_test: 1.000000
F1_test: 0.992126
 

Arquitectura: _2_15_1_
Semilla: 1788087699
Segundos: 57
NIteraciones: 100000

Costo_train: 0.014344
Precision_train: 0.994475
Recall_train: 1.000000
F1_train: 0.997230

Costo_test: 0.013766
Precision_test: 0.984375
Recall_test: 1.000000
F1_test: 0.992126
 

Arquitectura: _2_15_1_
Semilla: 1788087699
Segundos: 57
NIteraciones: 100000

Costo_train: 0.021368
Precision_train: 0.988991
Recall_train: 0.998148
F1_train: 0.993548

Costo_test: 0.019692
Precision_test: 0.984375
Recall_test: 1.000000
F1_test: 0.992126
 

Arquitectura: _2_15_1_
Semilla: 1788087699
Segundos: 57
NIteraciones: 100000

Costo_train: 0.021473
Precision_train: 0.987179
Recall_train: 0.998148
F1_train: 0.992633

Costo_test: 0.020731
Precision_test: 0.969231
Recall_test: 1.000000
F1_test: 0.984375
 

Arquitectura: _2_15_1_
Semilla: 1788087699
Segundos: 57
NIteraciones: 100000

Costo_train: 0.029036
Precision_train: 0.990775
Recall_train: 0.994444
F1_train: 0.992606

Costo_test: 0.026827
Precision_test: 0.976190
Recall_test: 0.976190
F1_test: 0.976190
 

Arquitectura: _2_15_1_
Semilla: 1788087699
Segundos: 57
NIteraciones: 100000

Costo_train: 0.021186
Precision_train: 0.985401
Recall_train: 1.000000
F1_train: 0.992647

Costo_test: 0.020450
Precision_test: 0.984375
Recall_test: 1.000000
F1_test: 0.992126
 

Arquitectura: _2_15_1_
Semilla: 1788087699
Segundos: 57
NIteraciones: 100000

Costo_train: 0.026685
Precision_train: 0.981752
Recall_train: 0.996296
F1_train: 0.988971

Costo_test: 0.024832
Precision_test: 0.969231
Recall_test: 1.000000
F1_test: 0.984375
 

Arquitectura: _2_15_1_
Semilla: 1788087699
Segundos: 57
NIteraciones: 100000

Costo_train: 0.021087
Precision_train: 0.985401
Recall_train: 1.000000
F1_train: 0.992647

Costo_test: 0.021963
Precision_test: 0.992126
Recall_test: 1.000000
F1_test: 0.996047
 

Arquitectura: _2_15_1_
Semilla: 1788087699
Segundos: 57
NIteraciones: 100000

Costo_train: 0.014902
Precision_train: 0.992647
Recall_train: 1.000000
F1_train: 0.996310

Costo_test: 0.014543
Precision_test: 0.976744
Recall_test: 1.000000
F1_test: 0.988235
 

Arquitectura: _2_15_1_
Semilla: 1788087699
Segundos: 57
NIteraciones: 100000

Costo_train: 0.021616
Precision_train: 0.990826
Recall_train: 1.000000
F1_train: 0.995392

Costo_test: 0.019395
Precision_test: 0.976744
Recall_test: 1.000000
F1_test: 0.988235
 

Arquitectura: _2_15_1_
Semilla: 1788087699
Segundos: 57
NIteraciones: 100000

Costo_train: 0.019874
Precision_train: 0.990826
Recall_train: 1.000000
F1_train: 0.995392

Costo_test: 0.019412
Precision_test: 0.976744
Recall_test: 1.000000
F1_test: 0.988235
 

Arquitectura: _2_15_1_
Semilla: 1788087699
Segundos: 57
NIteraciones: 100000

Costo_train: 0.013999
Precision_train: 0.992647
Recall_train: 1.000000
F1_train: 0.996310

Costo_test: 0.015810
Precision_test: 0.984375
Recall_test: 1.000000
F1_test: 0.992126
 


--- Test Profunda 5.0 ---
Iteración 10000
Costo: 0.223710
Iteración 20000
Costo: 0.223709
Iteración 30000
Costo: 0.223709
Iteración 40000
Costo: 0.223707
Iteración 50000
Costo: 0.223707
Iteración 60000
Costo: 0.223706
Iteración 70000
Costo: 0.223705
Iteración 80000
Costo: 0.223704
Iteración 90000
Costo: 0.223703

Arquitectura: _2_3_3_3_3_3_1_
Semilla: 1788087756
Segundos: 231
NIteraciones: 100000

Costo_train: 0.223702
Precision_train: -nan(ind)
Recall_train: 0.000000
F1_train: -nan(ind)

Costo_test: 0.216261
Precision_test: -nan(ind)
Recall_test: 0.000000
F1_test: -nan(ind)
 

Arquitectura: _2_3_3_3_3_3_1_
Semilla: 1788087756
Segundos: 231
NIteraciones: 100000

Costo_train: 0.223732
Precision_train: -nan(ind)
Recall_train: 0.000000
F1_train: -nan(ind)

Costo_test: 0.216300
Precision_test: -nan(ind)
Recall_test: 0.000000
F1_test: -nan(ind)
 

Arquitectura: _2_3_3_3_3_3_1_
Semilla: 1788087756
Segundos: 231
NIteraciones: 100000

Costo_train: 0.223736
Precision_train: -nan(ind)
Recall_train: 0.000000
F1_train: -nan(ind)

Costo_test: 0.216299
Precision_test: -nan(ind)
Recall_test: 0.000000
F1_test: -nan(ind)
 

Arquitectura: _2_3_3_3_3_3_1_
Semilla: 1788087756
Segundos: 231
NIteraciones: 100000

Costo_train: 0.223732
Precision_train: -nan(ind)
Recall_train: 0.000000
F1_train: -nan(ind)

Costo_test: 0.216310
Precision_test: -nan(ind)
Recall_test: 0.000000
F1_test: -nan(ind)
 

Arquitectura: _2_3_3_3_3_3_1_
Semilla: 1788087756
Segundos: 231
NIteraciones: 100000

Costo_train: 0.223730
Precision_train: -nan(ind)
Recall_train: 0.000000
F1_train: -nan(ind)

Costo_test: 0.216299
Precision_test: -nan(ind)
Recall_test: 0.000000
F1_test: -nan(ind)
 

Arquitectura: _2_3_3_3_3_3_1_
Semilla: 1788087756
Segundos: 231
NIteraciones: 100000

Costo_train: 0.223736
Precision_train: -nan(ind)
Recall_train: 0.000000
F1_train: -nan(ind)

Costo_test: 0.216292
Precision_test: -nan(ind)
Recall_test: 0.000000
F1_test: -nan(ind)
 

Arquitectura: _2_3_3_3_3_3_1_
Semilla: 1788087756
Segundos: 231
NIteraciones: 100000

Costo_train: 0.223728
Precision_train: -nan(ind)
Recall_train: 0.000000
F1_train: -nan(ind)

Costo_test: 0.216300
Precision_test: -nan(ind)
Recall_test: 0.000000
F1_test: -nan(ind)
 

Arquitectura: _2_3_3_3_3_3_1_
Semilla: 1788087756
Segundos: 231
NIteraciones: 100000

Costo_train: 0.223723
Precision_train: -nan(ind)
Recall_train: 0.000000
F1_train: -nan(ind)

Costo_test: 0.216295
Precision_test: -nan(ind)
Recall_test: 0.000000
F1_test: -nan(ind)
 

Arquitectura: _2_3_3_3_3_3_1_
Semilla: 1788087756
Segundos: 231
NIteraciones: 100000

Costo_train: 0.223729
Precision_train: -nan(ind)
Recall_train: 0.000000
F1_train: -nan(ind)

Costo_test: 0.216300
Precision_test: -nan(ind)
Recall_test: 0.000000
F1_test: -nan(ind)
 

Arquitectura: _2_3_3_3_3_3_1_
Semilla: 1788087756
Segundos: 231
NIteraciones: 100000

Costo_train: 0.223731
Precision_train: -nan(ind)
Recall_train: 0.000000
F1_train: -nan(ind)

Costo_test: 0.216298
Precision_test: -nan(ind)
Recall_test: 0.000000
F1_test: -nan(ind)
 

Arquitectura: _2_3_3_3_3_3_1_
Semilla: 1788087756
Segundos: 231
NIteraciones: 100000

Costo_train: 0.223731
Precision_train: -nan(ind)
Recall_train: 0.000000
F1_train: -nan(ind)

Costo_test: 0.216300
Precision_test: -nan(ind)
Recall_test: 0.000000
F1_test: -nan(ind)
 

Arquitectura: _2_3_3_3_3_3_1_
Semilla: 1788087756
Segundos: 231
NIteraciones: 100000

Costo_train: 0.223732
Precision_train: -nan(ind)
Recall_train: 0.000000
F1_train: -nan(ind)

Costo_test: 0.216301
Precision_test: -nan(ind)
Recall_test: 0.000000
F1_test: -nan(ind)
 

Arquitectura: _2_3_3_3_3_3_1_
Semilla: 1788087756
Segundos: 231
NIteraciones: 100000

Costo_train: 0.223739
Precision_train: -nan(ind)
Recall_train: 0.000000
F1_train: -nan(ind)

Costo_test: 0.216314
Precision_test: -nan(ind)
Recall_test: 0.000000
F1_test: -nan(ind)
 

Arquitectura: _2_3_3_3_3_3_1_
Semilla: 1788087756
Segundos: 231
NIteraciones: 100000

Costo_train: 0.223719
Precision_train: -nan(ind)
Recall_train: 0.000000
F1_train: -nan(ind)

Costo_test: 0.216276
Precision_test: -nan(ind)
Recall_test: 0.000000
F1_test: -nan(ind)
 

Arquitectura: _2_3_3_3_3_3_1_
Semilla: 1788087756
Segundos: 231
NIteraciones: 100000

Costo_train: 0.223729
Precision_train: -nan(ind)
Recall_train: 0.000000
F1_train: -nan(ind)

Costo_test: 0.216301
Precision_test: -nan(ind)
Recall_test: 0.000000
F1_test: -nan(ind)
 

Arquitectura: _2_3_3_3_3_3_1_
Semilla: 1788087756
Segundos: 231
NIteraciones: 100000

Costo_train: 0.223731
Precision_train: -nan(ind)
Recall_train: 0.000000
F1_train: -nan(ind)

Costo_test: 0.216300
Precision_test: -nan(ind)
Recall_test: 0.000000
F1_test: -nan(ind)
 

Arquitectura: _2_3_3_3_3_3_1_
Semilla: 1788087756
Segundos: 231
NIteraciones: 100000

Costo_train: 0.223732
Precision_train: -nan(ind)
Recall_train: 0.000000
F1_train: -nan(ind)

Costo_test: 0.216302
Precision_test: -nan(ind)
Recall_test: 0.000000
F1_test: -nan(ind)
 

Arquitectura: _2_3_3_3_3_3_1_
Semilla: 1788087756
Segundos: 231
NIteraciones: 100000

Costo_train: 0.223732
Precision_train: -nan(ind)
Recall_train: 0.000000
F1_train: -nan(ind)

Costo_test: 0.216302
Precision_test: -nan(ind)
Recall_test: 0.000000
F1_test: -nan(ind)
 

Arquitectura: _2_3_3_3_3_3_1_
Semilla: 1788087756
Segundos: 231
NIteraciones: 100000

Costo_train: 0.223732
Precision_train: -nan(ind)
Recall_train: 0.000000
F1_train: -nan(ind)

Costo_test: 0.216306
Precision_test: -nan(ind)
Recall_test: 0.000000
F1_test: -nan(ind)
 

Arquitectura: _2_3_3_3_3_3_1_
Semilla: 1788087756
Segundos: 231
NIteraciones: 100000

Costo_train: 0.223735
Precision_train: -nan(ind)
Recall_train: 0.000000
F1_train: -nan(ind)

Costo_test: 0.216311
Precision_test: -nan(ind)
Recall_test: 0.000000
F1_test: -nan(ind)
 

Arquitectura: _2_3_3_3_3_3_1_
Semilla: 1788087756
Segundos: 231
NIteraciones: 100000

Costo_train: 0.223726
Precision_train: -nan(ind)
Recall_train: 0.000000
F1_train: -nan(ind)

Costo_test: 0.216290
Precision_test: -nan(ind)
Recall_test: 0.000000
F1_test: -nan(ind)
 

Arquitectura: _2_3_3_3_3_3_1_
Semilla: 1788087756
Segundos: 231
NIteraciones: 100000

Costo_train: 0.223724
Precision_train: -nan(ind)
Recall_train: 0.000000
F1_train: -nan(ind)

Costo_test: 0.216291
Precision_test: -nan(ind)
Recall_test: 0.000000
F1_test: -nan(ind)
 

Arquitectura: _2_3_3_3_3_3_1_
Semilla: 1788087756
Segundos: 231
NIteraciones: 100000

Costo_train: 0.223734
Precision_train: -nan(ind)
Recall_train: 0.000000
F1_train: -nan(ind)

Costo_test: 0.216304
Precision_test: -nan(ind)
Recall_test: 0.000000
F1_test: -nan(ind)
 

Arquitectura: _2_3_3_3_3_3_1_
Semilla: 1788087756
Segundos: 231
NIteraciones: 100000

Costo_train: 0.223729
Precision_train: -nan(ind)
Recall_train: 0.000000
F1_train: -nan(ind)

Costo_test: 0.216300
Precision_test: -nan(ind)
Recall_test: 0.000000
F1_test: -nan(ind)
 

Arquitectura: _2_3_3_3_3_3_1_
Semilla: 1788087756
Segundos: 231
NIteraciones: 100000

Costo_train: 0.223732
Precision_train: -nan(ind)
Recall_train: 0.000000
F1_train: -nan(ind)

Costo_test: 0.216304
Precision_test: -nan(ind)
Recall_test: 0.000000
F1_test: -nan(ind)
 

Arquitectura: _2_3_3_3_3_3_1_
Semilla: 1788087756
Segundos: 231
NIteraciones: 100000

Costo_train: 0.223731
Precision_train: -nan(ind)
Recall_train: 0.000000
F1_train: -nan(ind)

Costo_test: 0.216301
Precision_test: -nan(ind)
Recall_test: 0.000000
F1_test: -nan(ind)
 

Arquitectura: _2_3_3_3_3_3_1_
Semilla: 1788087756
Segundos: 231
NIteraciones: 100000

Costo_train: 0.223731
Precision_train: -nan(ind)
Recall_train: 0.000000
F1_train: -nan(ind)

Costo_test: 0.216310
Precision_test: -nan(ind)
Recall_test: 0.000000
F1_test: -nan(ind)
 

Arquitectura: _2_3_3_3_3_3_1_
Semilla: 1788087756
Segundos: 231
NIteraciones: 100000

Costo_train: 0.223726
Precision_train: -nan(ind)
Recall_train: 0.000000
F1_train: -nan(ind)

Costo_test: 0.216294
Precision_test: -nan(ind)
Recall_test: 0.000000
F1_test: -nan(ind)
 

Arquitectura: _2_3_3_3_3_3_1_
Semilla: 1788087756
Segundos: 231
NIteraciones: 100000

Costo_train: 0.223729
Precision_train: -nan(ind)
Recall_train: 0.000000
F1_train: -nan(ind)

Costo_test: 0.216298
Precision_test: -nan(ind)
Recall_test: 0.000000
F1_test: -nan(ind)
 

Arquitectura: _2_3_3_3_3_3_1_
Semilla: 1788087756
Segundos: 231
NIteraciones: 100000

Costo_train: 0.223730
Precision_train: -nan(ind)
Recall_train: 0.000000
F1_train: -nan(ind)

Costo_test: 0.216296
Precision_test: -nan(ind)
Recall_test: 0.000000
F1_test: -nan(ind)
 

Arquitectura: _2_3_3_3_3_3_1_
Semilla: 1788087756
Segundos: 231
NIteraciones: 100000

Costo_train: 0.223730
Precision_train: -nan(ind)
Recall_train: 0.000000
F1_train: -nan(ind)

Costo_test: 0.216299
Precision_test: -nan(ind)
Recall_test: 0.000000
F1_test: -nan(ind)
 

Arquitectura: _2_3_3_3_3_3_1_
Semilla: 1788087756
Segundos: 231
NIteraciones: 100000

Costo_train: 0.223726
Precision_train: -nan(ind)
Recall_train: 0.000000
F1_train: -nan(ind)

Costo_test: 0.216286
Precision_test: -nan(ind)
Recall_test: 0.000000
F1_test: -nan(ind)
 

Arquitectura: _2_3_3_3_3_3_1_
Semilla: 1788087756
Segundos: 231
NIteraciones: 100000

Costo_train: 0.223732
Precision_train: -nan(ind)
Recall_train: 0.000000
F1_train: -nan(ind)

Costo_test: 0.216296
Precision_test: -nan(ind)
Recall_test: 0.000000
F1_test: -nan(ind)
 

Arquitectura: _2_3_3_3_3_3_1_
Semilla: 1788087756
Segundos: 231
NIteraciones: 100000

Costo_train: 0.223732
Precision_train: -nan(ind)
Recall_train: 0.000000
F1_train: -nan(ind)

Costo_test: 0.216301
Precision_test: -nan(ind)
Recall_test: 0.000000
F1_test: -nan(ind)
 

Arquitectura: _2_3_3_3_3_3_1_
Semilla: 1788087756
Segundos: 231
NIteraciones: 100000

Costo_train: 0.223728
Precision_train: -nan(ind)
Recall_train: 0.000000
F1_train: -nan(ind)

Costo_test: 0.216298
Precision_test: -nan(ind)
Recall_test: 0.000000
F1_test: -nan(ind)
 

Arquitectura: _2_3_3_3_3_3_1_
Semilla: 1788087756
Segundos: 231
NIteraciones: 100000

Costo_train: 0.223730
Precision_train: -nan(ind)
Recall_train: 0.000000
F1_train: -nan(ind)

Costo_test: 0.216296
Precision_test: -nan(ind)
Recall_test: 0.000000
F1_test: -nan(ind)
 

Arquitectura: _2_3_3_3_3_3_1_
Semilla: 1788087756
Segundos: 231
NIteraciones: 100000

Costo_train: 0.223730
Precision_train: -nan(ind)
Recall_train: 0.000000
F1_train: -nan(ind)

Costo_test: 0.216301
Precision_test: -nan(ind)
Recall_test: 0.000000
F1_test: -nan(ind)
 

Arquitectura: _2_3_3_3_3_3_1_
Semilla: 1788087756
Segundos: 231
NIteraciones: 100000

Costo_train: 0.223741
Precision_train: -nan(ind)
Recall_train: 0.000000
F1_train: -nan(ind)

Costo_test: 0.216306
Precision_test: -nan(ind)
Recall_test: 0.000000
F1_test: -nan(ind)
 

Arquitectura: _2_3_3_3_3_3_1_
Semilla: 1788087756
Segundos: 231
NIteraciones: 100000

Costo_train: 0.223733
Precision_train: -nan(ind)
Recall_train: 0.000000
F1_train: -nan(ind)

Costo_test: 0.216301
Precision_test: -nan(ind)
Recall_test: 0.000000
F1_test: -nan(ind)
 

Arquitectura: _2_3_3_3_3_3_1_
Semilla: 1788087756
Segundos: 231
NIteraciones: 100000

Costo_train: 0.223716
Precision_train: -nan(ind)
Recall_train: 0.000000
F1_train: -nan(ind)

Costo_test: 0.216296
Precision_test: -nan(ind)
Recall_test: 0.000000
F1_test: -nan(ind)
 

Arquitectura: _2_3_3_3_3_3_1_
Semilla: 1788087756
Segundos: 231
NIteraciones: 100000

Costo_train: 0.223732
Precision_train: -nan(ind)
Recall_train: 0.000000
F1_train: -nan(ind)

Costo_test: 0.216301
Precision_test: -nan(ind)
Recall_test: 0.000000
F1_test: -nan(ind)
 

Arquitectura: _2_3_3_3_3_3_1_
Semilla: 1788087756
Segundos: 231
NIteraciones: 100000

Costo_train: 0.223731
Precision_train: -nan(ind)
Recall_train: 0.000000
F1_train: -nan(ind)

Costo_test: 0.216300
Precision_test: -nan(ind)
Recall_test: 0.000000
F1_test: -nan(ind)
 

Arquitectura: _2_3_3_3_3_3_1_
Semilla: 1788087756
Segundos: 231
NIteraciones: 100000

Costo_train: 0.223732
Precision_train: -nan(ind)
Recall_train: 0.000000
F1_train: -nan(ind)

Costo_test: 0.216304
Precision_test: -nan(ind)
Recall_test: 0.000000
F1_test: -nan(ind)
 

Arquitectura: _2_3_3_3_3_3_1_
Semilla: 1788087756
Segundos: 231
NIteraciones: 100000

Costo_train: 0.223731
Precision_train: -nan(ind)
Recall_train: 0.000000
F1_train: -nan(ind)

Costo_test: 0.216300
Precision_test: -nan(ind)
Recall_test: 0.000000
F1_test: -nan(ind)
 

Arquitectura: _2_3_3_3_3_3_1_
Semilla: 1788087756
Segundos: 231
NIteraciones: 100000

Costo_train: 0.223735
Precision_train: -nan(ind)
Recall_train: 0.000000
F1_train: -nan(ind)

Costo_test: 0.216300
Precision_test: -nan(ind)
Recall_test: 0.000000
F1_test: -nan(ind)
 

Arquitectura: _2_3_3_3_3_3_1_
Semilla: 1788087756
Segundos: 231
NIteraciones: 100000

Costo_train: 0.223729
Precision_train: -nan(ind)
Recall_train: 0.000000
F1_train: -nan(ind)

Costo_test: 0.216310
Precision_test: -nan(ind)
Recall_test: 0.000000
F1_test: -nan(ind)
 

Arquitectura: _2_3_3_3_3_3_1_
Semilla: 1788087756
Segundos: 231
NIteraciones: 100000

Costo_train: 0.223730
Precision_train: -nan(ind)
Recall_train: 0.000000
F1_train: -nan(ind)

Costo_test: 0.216298
Precision_test: -nan(ind)
Recall_test: 0.000000
F1_test: -nan(ind)
 

Arquitectura: _2_3_3_3_3_3_1_
Semilla: 1788087756
Segundos: 231
NIteraciones: 100000

Costo_train: 0.223730
Precision_train: -nan(ind)
Recall_train: 0.000000
F1_train: -nan(ind)

Costo_test: 0.216301
Precision_test: -nan(ind)
Recall_test: 0.000000
F1_test: -nan(ind)
 

Arquitectura: _2_3_3_3_3_3_1_
Semilla: 1788087756
Segundos: 231
NIteraciones: 100000

Costo_train: 0.223731
Precision_train: -nan(ind)
Recall_train: 0.000000
F1_train: -nan(ind)

Costo_test: 0.216301
Precision_test: -nan(ind)
Recall_test: 0.000000
F1_test: -nan(ind)
 

Arquitectura: _2_3_3_3_3_3_1_
Semilla: 1788087756
Segundos: 231
NIteraciones: 100000

Costo_train: 0.223731
Precision_train: -nan(ind)
Recall_train: 0.000000
F1_train: -nan(ind)

Costo_test: 0.216302
Precision_test: -nan(ind)
Recall_test: 0.000000
F1_test: -nan(ind)
 

Arquitectura: _2_3_3_3_3_3_1_
Semilla: 1788087756
Segundos: 231
NIteraciones: 100000

Costo_train: 0.223733
Precision_train: -nan(ind)
Recall_train: 0.000000
F1_train: -nan(ind)

Costo_test: 0.216289
Precision_test: -nan(ind)
Recall_test: 0.000000
F1_test: -nan(ind)
 

Arquitectura: _2_3_3_3_3_3_1_
Semilla: 1788087756
Segundos: 231
NIteraciones: 100000

Costo_train: 0.223731
Precision_train: -nan(ind)
Recall_train: 0.000000
F1_train: -nan(ind)

Costo_test: 0.216300
Precision_test: -nan(ind)
Recall_test: 0.000000
F1_test: -nan(ind)
 

Arquitectura: _2_3_3_3_3_3_1_
Semilla: 1788087756
Segundos: 231
NIteraciones: 100000

Costo_train: 0.223729
Precision_train: -nan(ind)
Recall_train: 0.000000
F1_train: -nan(ind)

Costo_test: 0.216296
Precision_test: -nan(ind)
Recall_test: 0.000000
F1_test: -nan(ind)
 

Arquitectura: _2_3_3_3_3_3_1_
Semilla: 1788087756
Segundos: 231
NIteraciones: 100000

Costo_train: 0.223729
Precision_train: -nan(ind)
Recall_train: 0.000000
F1_train: -nan(ind)

Costo_test: 0.216297
Precision_test: -nan(ind)
Recall_test: 0.000000
F1_test: -nan(ind)
 

Arquitectura: _2_3_3_3_3_3_1_
Semilla: 1788087756
Segundos: 231
NIteraciones: 100000

Costo_train: 0.223735
Precision_train: -nan(ind)
Recall_train: 0.000000
F1_train: -nan(ind)

Costo_test: 0.216313
Precision_test: -nan(ind)
Recall_test: 0.000000
F1_test: -nan(ind)
 

Arquitectura: _2_3_3_3_3_3_1_
Semilla: 1788087756
Segundos: 231
NIteraciones: 100000

Costo_train: 0.223729
Precision_train: -nan(ind)
Recall_train: 0.000000
F1_train: -nan(ind)

Costo_test: 0.216299
Precision_test: -nan(ind)
Recall_test: 0.000000
F1_test: -nan(ind)
 

Arquitectura: _2_3_3_3_3_3_1_
Semilla: 1788087756
Segundos: 231
NIteraciones: 100000

Costo_train: 0.223732
Precision_train: -nan(ind)
Recall_train: 0.000000
F1_train: -nan(ind)

Costo_test: 0.216304
Precision_test: -nan(ind)
Recall_test: 0.000000
F1_test: -nan(ind)
 

Arquitectura: _2_3_3_3_3_3_1_
Semilla: 1788087756
Segundos: 231
NIteraciones: 100000

Costo_train: 0.223732
Precision_train: -nan(ind)
Recall_train: 0.000000
F1_train: -nan(ind)

Costo_test: 0.216301
Precision_test: -nan(ind)
Recall_test: 0.000000
F1_test: -nan(ind)
 

Arquitectura: _2_3_3_3_3_3_1_
Semilla: 1788087756
Segundos: 231
NIteraciones: 100000

Costo_train: 0.223731
Precision_train: -nan(ind)
Recall_train: 0.000000
F1_train: -nan(ind)

Costo_test: 0.216300
Precision_test: -nan(ind)
Recall_test: 0.000000
F1_test: -nan(ind)
 

Arquitectura: _2_3_3_3_3_3_1_
Semilla: 1788087756
Segundos: 231
NIteraciones: 100000

Costo_train: 0.223730
Precision_train: -nan(ind)
Recall_train: 0.000000
F1_train: -nan(ind)

Costo_test: 0.216298
Precision_test: -nan(ind)
Recall_test: 0.000000
F1_test: -nan(ind)
 

Arquitectura: _2_3_3_3_3_3_1_
Semilla: 1788087756
Segundos: 231
NIteraciones: 100000

Costo_train: 0.223730
Precision_train: -nan(ind)
Recall_train: 0.000000
F1_train: -nan(ind)

Costo_test: 0.216302
Precision_test: -nan(ind)
Recall_test: 0.000000
F1_test: -nan(ind)
 

Arquitectura: _2_3_3_3_3_3_1_
Semilla: 1788087756
Segundos: 231
NIteraciones: 100000

Costo_train: 0.223732
Precision_train: -nan(ind)
Recall_train: 0.000000
F1_train: -nan(ind)

Costo_test: 0.216303
Precision_test: -nan(ind)
Recall_test: 0.000000
F1_test: -nan(ind)
 

Arquitectura: _2_3_3_3_3_3_1_
Semilla: 1788087756
Segundos: 231
NIteraciones: 100000

Costo_train: 0.223727
Precision_train: -nan(ind)
Recall_train: 0.000000
F1_train: -nan(ind)

Costo_test: 0.216293
Precision_test: -nan(ind)
Recall_test: 0.000000
F1_test: -nan(ind)
 

Arquitectura: _2_3_3_3_3_3_1_
Semilla: 1788087756
Segundos: 231
NIteraciones: 100000

Costo_train: 0.223730
Precision_train: -nan(ind)
Recall_train: 0.000000
F1_train: -nan(ind)

Costo_test: 0.216300
Precision_test: -nan(ind)
Recall_test: 0.000000
F1_test: -nan(ind)
 

Arquitectura: _2_3_3_3_3_3_1_
Semilla: 1788087756
Segundos: 231
NIteraciones: 100000

Costo_train: 0.223730
Precision_train: -nan(ind)
Recall_train: 0.000000
F1_train: -nan(ind)

Costo_test: 0.216299
Precision_test: -nan(ind)
Recall_test: 0.000000
F1_test: -nan(ind)
 

Arquitectura: _2_3_3_3_3_3_1_
Semilla: 1788087756
Segundos: 231
NIteraciones: 100000

Costo_train: 0.223726
Precision_train: -nan(ind)
Recall_train: 0.000000
F1_train: -nan(ind)

Costo_test: 0.216289
Precision_test: -nan(ind)
Recall_test: 0.000000
F1_test: -nan(ind)
 

Arquitectura: _2_3_3_3_3_3_1_
Semilla: 1788087756
Segundos: 231
NIteraciones: 100000

Costo_train: 0.223730
Precision_train: -nan(ind)
Recall_train: 0.000000
F1_train: -nan(ind)

Costo_test: 0.216303
Precision_test: -nan(ind)
Recall_test: 0.000000
F1_test: -nan(ind)
 

Arquitectura: _2_3_3_3_3_3_1_
Semilla: 1788087756
Segundos: 231
NIteraciones: 100000

Costo_train: 0.223730
Precision_train: -nan(ind)
Recall_train: 0.000000
F1_train: -nan(ind)

Costo_test: 0.216299
Precision_test: -nan(ind)
Recall_test: 0.000000
F1_test: -nan(ind)
 

Arquitectura: _2_3_3_3_3_3_1_
Semilla: 1788087756
Segundos: 231
NIteraciones: 100000

Costo_train: 0.223725
Precision_train: -nan(ind)
Recall_train: 0.000000
F1_train: -nan(ind)

Costo_test: 0.216301
Precision_test: -nan(ind)
Recall_test: 0.000000
F1_test: -nan(ind)
 

Arquitectura: _2_3_3_3_3_3_1_
Semilla: 1788087756
Segundos: 231
NIteraciones: 100000

Costo_train: 0.223732
Precision_train: -nan(ind)
Recall_train: 0.000000
F1_train: -nan(ind)

Costo_test: 0.216304
Precision_test: -nan(ind)
Recall_test: 0.000000
F1_test: -nan(ind)
 

Arquitectura: _2_3_3_3_3_3_1_
Semilla: 1788087756
Segundos: 231
NIteraciones: 100000

Costo_train: 0.223729
Precision_train: -nan(ind)
Recall_train: 0.000000
F1_train: -nan(ind)

Costo_test: 0.216298
Precision_test: -nan(ind)
Recall_test: 0.000000
F1_test: -nan(ind)
 

Arquitectura: _2_3_3_3_3_3_1_
Semilla: 1788087756
Segundos: 231
NIteraciones: 100000

Costo_train: 0.223730
Precision_train: -nan(ind)
Recall_train: 0.000000
F1_train: -nan(ind)

Costo_test: 0.216300
Precision_test: -nan(ind)
Recall_test: 0.000000
F1_test: -nan(ind)
 

Arquitectura: _2_3_3_3_3_3_1_
Semilla: 1788087756
Segundos: 231
NIteraciones: 100000

Costo_train: 0.223733
Precision_train: -nan(ind)
Recall_train: 0.000000
F1_train: -nan(ind)

Costo_test: 0.216300
Precision_test: -nan(ind)
Recall_test: 0.000000
F1_test: -nan(ind)
 

Arquitectura: _2_3_3_3_3_3_1_
Semilla: 1788087756
Segundos: 231
NIteraciones: 100000

Costo_train: 0.223728
Precision_train: -nan(ind)
Recall_train: 0.000000
F1_train: -nan(ind)

Costo_test: 0.216299
Precision_test: -nan(ind)
Recall_test: 0.000000
F1_test: -nan(ind)
 

Arquitectura: _2_3_3_3_3_3_1_
Semilla: 1788087756
Segundos: 231
NIteraciones: 100000

Costo_train: 0.223725
Precision_train: -nan(ind)
Recall_train: 0.000000
F1_train: -nan(ind)

Costo_test: 0.216300
Precision_test: -nan(ind)
Recall_test: 0.000000
F1_test: -nan(ind)
 

Arquitectura: _2_3_3_3_3_3_1_
Semilla: 1788087756
Segundos: 231
NIteraciones: 100000

Costo_train: 0.223729
Precision_train: -nan(ind)
Recall_train: 0.000000
F1_train: -nan(ind)

Costo_test: 0.216301
Precision_test: -nan(ind)
Recall_test: 0.000000
F1_test: -nan(ind)
 

Arquitectura: _2_3_3_3_3_3_1_
Semilla: 1788087756
Segundos: 231
NIteraciones: 100000

Costo_train: 0.223738
Precision_train: -nan(ind)
Recall_train: 0.000000
F1_train: -nan(ind)

Costo_test: 0.216310
Precision_test: -nan(ind)
Recall_test: 0.000000
F1_test: -nan(ind)
 

Arquitectura: _2_3_3_3_3_3_1_
Semilla: 1788087756
Segundos: 231
NIteraciones: 100000

Costo_train: 0.223729
Precision_train: -nan(ind)
Recall_train: 0.000000
F1_train: -nan(ind)

Costo_test: 0.216297
Precision_test: -nan(ind)
Recall_test: 0.000000
F1_test: -nan(ind)
 

Arquitectura: _2_3_3_3_3_3_1_
Semilla: 1788087756
Segundos: 231
NIteraciones: 100000

Costo_train: 0.223732
Precision_train: -nan(ind)
Recall_train: 0.000000
F1_train: -nan(ind)

Costo_test: 0.216313
Precision_test: -nan(ind)
Recall_test: 0.000000
F1_test: -nan(ind)
 

Arquitectura: _2_3_3_3_3_3_1_
Semilla: 1788087756
Segundos: 231
NIteraciones: 100000

Costo_train: 0.223732
Precision_train: -nan(ind)
Recall_train: 0.000000
F1_train: -nan(ind)

Costo_test: 0.216300
Precision_test: -nan(ind)
Recall_test: 0.000000
F1_test: -nan(ind)
 

Arquitectura: _2_3_3_3_3_3_1_
Semilla: 1788087756
Segundos: 231
NIteraciones: 100000

Costo_train: 0.223729
Precision_train: -nan(ind)
Recall_train: 0.000000
F1_train: -nan(ind)

Costo_test: 0.216299
Precision_test: -nan(ind)
Recall_test: 0.000000
F1_test: -nan(ind)
 

Arquitectura: _2_3_3_3_3_3_1_
Semilla: 1788087756
Segundos: 231
NIteraciones: 100000

Costo_train: 0.223732
Precision_train: -nan(ind)
Recall_train: 0.000000
F1_train: -nan(ind)

Costo_test: 0.216304
Precision_test: -nan(ind)
Recall_test: 0.000000
F1_test: -nan(ind)
 

Arquitectura: _2_3_3_3_3_3_1_
Semilla: 1788087756
Segundos: 231
NIteraciones: 100000

Costo_train: 0.223728
Precision_train: -nan(ind)
Recall_train: 0.000000
F1_train: -nan(ind)

Costo_test: 0.216292
Precision_test: -nan(ind)
Recall_test: 0.000000
F1_test: -nan(ind)
 

Arquitectura: _2_3_3_3_3_3_1_
Semilla: 1788087756
Segundos: 231
NIteraciones: 100000

Costo_train: 0.223730
Precision_train: -nan(ind)
Recall_train: 0.000000
F1_train: -nan(ind)

Costo_test: 0.216300
Precision_test: -nan(ind)
Recall_test: 0.000000
F1_test: -nan(ind)
 

Arquitectura: _2_3_3_3_3_3_1_
Semilla: 1788087756
Segundos: 231
NIteraciones: 100000

Costo_train: 0.223731
Precision_train: -nan(ind)
Recall_train: 0.000000
F1_train: -nan(ind)

Costo_test: 0.216305
Precision_test: -nan(ind)
Recall_test: 0.000000
F1_test: -nan(ind)
 

Arquitectura: _2_3_3_3_3_3_1_
Semilla: 1788087756
Segundos: 231
NIteraciones: 100000

Costo_train: 0.223730
Precision_train: -nan(ind)
Recall_train: 0.000000
F1_train: -nan(ind)

Costo_test: 0.216301
Precision_test: -nan(ind)
Recall_test: 0.000000
F1_test: -nan(ind)
 

Arquitectura: _2_3_3_3_3_3_1_
Semilla: 1788087756
Segundos: 231
NIteraciones: 100000

Costo_train: 0.223732
Precision_train: -nan(ind)
Recall_train: 0.000000
F1_train: -nan(ind)

Costo_test: 0.216298
Precision_test: -nan(ind)
Recall_test: 0.000000
F1_test: -nan(ind)
 

Arquitectura: _2_3_3_3_3_3_1_
Semilla: 1788087756
Segundos: 231
NIteraciones: 100000

Costo_train: 0.223730
Precision_train: -nan(ind)
Recall_train: 0.000000
F1_train: -nan(ind)

Costo_test: 0.216300
Precision_test: -nan(ind)
Recall_test: 0.000000
F1_test: -nan(ind)
 

Arquitectura: _2_3_3_3_3_3_1_
Semilla: 1788087756
Segundos: 231
NIteraciones: 100000

Costo_train: 0.223734
Precision_train: -nan(ind)
Recall_train: 0.000000
F1_train: -nan(ind)

Costo_test: 0.216303
Precision_test: -nan(ind)
Recall_test: 0.000000
F1_test: -nan(ind)
 

Arquitectura: _2_3_3_3_3_3_1_
Semilla: 1788087756
Segundos: 231
NIteraciones: 100000

Costo_train: 0.223729
Precision_train: -nan(ind)
Recall_train: 0.000000
F1_train: -nan(ind)

Costo_test: 0.216299
Precision_test: -nan(ind)
Recall_test: 0.000000
F1_test: -nan(ind)
 

Arquitectura: _2_3_3_3_3_3_1_
Semilla: 1788087756
Segundos: 231
NIteraciones: 100000

Costo_train: 0.223733
Precision_train: -nan(ind)
Recall_train: 0.000000
F1_train: -nan(ind)

Costo_test: 0.216302
Precision_test: -nan(ind)
Recall_test: 0.000000
F1_test: -nan(ind)
 

Arquitectura: _2_3_3_3_3_3_1_
Semilla: 1788087756
Segundos: 231
NIteraciones: 100000

Costo_train: 0.223728
Precision_train: -nan(ind)
Recall_train: 0.000000
F1_train: -nan(ind)

Costo_test: 0.216307
Precision_test: -nan(ind)
Recall_test: 0.000000
F1_test: -nan(ind)
 

Arquitectura: _2_3_3_3_3_3_1_
Semilla: 1788087756
Segundos: 231
NIteraciones: 100000

Costo_train: 0.223731
Precision_train: -nan(ind)
Recall_train: 0.000000
F1_train: -nan(ind)

Costo_test: 0.216300
Precision_test: -nan(ind)
Recall_test: 0.000000
F1_test: -nan(ind)
 

Arquitectura: _2_3_3_3_3_3_1_
Semilla: 1788087756
Segundos: 231
NIteraciones: 100000

Costo_train: 0.223731
Precision_train: -nan(ind)
Recall_train: 0.000000
F1_train: -nan(ind)

Costo_test: 0.216295
Precision_test: -nan(ind)
Recall_test: 0.000000
F1_test: -nan(ind)
 

Arquitectura: _2_3_3_3_3_3_1_
Semilla: 1788087756
Segundos: 231
NIteraciones: 100000

Costo_train: 0.223732
Precision_train: -nan(ind)
Recall_train: 0.000000
F1_train: -nan(ind)

Costo_test: 0.216303
Precision_test: -nan(ind)
Recall_test: 0.000000
F1_test: -nan(ind)
 

Arquitectura: _2_3_3_3_3_3_1_
Semilla: 1788087756
Segundos: 231
NIteraciones: 100000

Costo_train: 0.223731
Precision_train: -nan(ind)
Recall_train: 0.000000
F1_train: -nan(ind)

Costo_test: 0.216298
Precision_test: -nan(ind)
Recall_test: 0.000000
F1_test: -nan(ind)
 

Arquitectura: _2_3_3_3_3_3_1_
Semilla: 1788087756
Segundos: 231
NIteraciones: 100000

Costo_train: 0.223733
Precision_train: -nan(ind)
Recall_train: 0.000000
F1_train: -nan(ind)

Costo_test: 0.216303
Precision_test: -nan(ind)
Recall_test: 0.000000
F1_test: -nan(ind)
 

Arquitectura: _2_3_3_3_3_3_1_
Semilla: 1788087756
Segundos: 231
NIteraciones: 100000

Costo_train: 0.223729
Precision_train: -nan(ind)
Recall_train: 0.000000
F1_train: -nan(ind)

Costo_test: 0.216299
Precision_test: -nan(ind)
Recall_test: 0.000000
F1_test: -nan(ind)
 

Arquitectura: _2_3_3_3_3_3_1_
Semilla: 1788087756
Segundos: 231
NIteraciones: 100000

Costo_train: 0.223731
Precision_train: -nan(ind)
Recall_train: 0.000000
F1_train: -nan(ind)

Costo_test: 0.216300
Precision_test: -nan(ind)
Recall_test: 0.000000
F1_test: -nan(ind)
 

Arquitectura: _2_3_3_3_3_3_1_
Semilla: 1788087756
Segundos: 231
NIteraciones: 100000

Costo_train: 0.223736
Precision_train: -nan(ind)
Recall_train: 0.000000
F1_train: -nan(ind)

Costo_test: 0.216305
Precision_test: -nan(ind)
Recall_test: 0.000000
F1_test: -nan(ind)
 
